timestep,month,day,hour_epw,tariff_type,calibration_status,price_factor,price_eur_per_kWh_at_base_price,RL_GW,demand_proxy_GW,pv_proxy_GW,wind_proxy_GW
1,1,1,1,weather_driven,historically_calibrated,0.991105,0.168488,9.7177,9.7177,0.0,0.0
2,1,1,2,weather_driven,historically_calibrated,1.035319,0.176004,9.9685,9.9685,0.0,0.0
3,1,1,3,weather_driven,historically_calibrated,1.084551,0.184374,10.2391,10.2391,0.0,0.0
4,1,1,4,weather_driven,historically_calibrated,1.121965,0.190734,10.4388,10.4388,0.0,0.0
5,1,1,5,weather_driven,historically_calibrated,1.196481,0.203402,10.8226,10.8226,0.0,0.0
6,1,1,6,weather_driven,historically_calibrated,1.259913,0.214185,11.1356,11.1356,0.0,0.0
7,1,1,7,weather_driven,historically_calibrated,1.91224,0.325081,13.8045,13.8045,0.0,0.0
8,1,1,8,weather_driven,historically_calibrated,2.037201,0.346324,14.2292,14.2292,0.0,0.0
9,1,1,9,weather_driven,historically_calibrated,2.016638,0.342828,14.1608,14.1621,0.0013,0.0
10,1,1,10,weather_driven,historically_calibrated,1.806201,0.307054,13.4259,13.4752,0.0492,0.0
11,1,1,11,weather_driven,historically_calibrated,1.524874,0.259229,12.3269,12.4578,0.1309,0.0
12,1,1,12,weather_driven,historically_calibrated,1.333327,0.226666,11.4835,11.687,0.2035,0.0
13,1,1,13,weather_driven,historically_calibrated,1.234256,0.209823,11.0105,11.245,0.2346,0.0
14,1,1,14,weather_driven,historically_calibrated,1.225772,0.208381,10.9686,11.1812,0.2125,0.0
15,1,1,15,weather_driven,historically_calibrated,1.357384,0.230755,11.5944,11.7512,0.1568,0.0
16,1,1,16,weather_driven,historically_calibrated,1.529984,0.260097,12.3482,12.435,0.0868,0.0
17,1,1,17,weather_driven,historically_calibrated,1.688868,0.287108,12.9854,13.001,0.0156,0.0
18,1,1,18,weather_driven,historically_calibrated,1.798758,0.305789,13.3987,13.3987,0.0,0.0
19,1,1,19,weather_driven,historically_calibrated,1.823523,0.309999,13.489,13.489,0.0,0.0
20,1,1,20,weather_driven,historically_calibrated,1.815021,0.308554,13.4581,13.4581,0.0,0.0
21,1,1,21,weather_driven,historically_calibrated,1.738056,0.29547,13.173,13.173,0.0,0.0
22,1,1,22,weather_driven,historically_calibrated,1.631347,0.277329,12.7604,12.7604,0.0,0.0
23,1,1,23,weather_driven,historically_calibrated,1.532972,0.260605,12.3607,12.3607,0.0,0.0
24,1,1,24,weather_driven,historically_calibrated,1.054282,0.179228,10.0738,10.0738,0.0,0.0
25,1,2,1,weather_driven,historically_calibrated,0.984077,0.167293,9.6771,9.6771,0.0,0.0
26,1,2,2,weather_driven,historically_calibrated,1.020848,0.173544,9.8873,9.8873,0.0,0.0
27,1,2,3,weather_driven,historically_calibrated,1.040002,0.1768,9.9947,9.9947,0.0,0.0
28,1,2,4,weather_driven,historically_calibrated,1.068442,0.181635,10.1515,10.1515,0.0,0.0
29,1,2,5,weather_driven,historically_calibrated,1.084431,0.184353,10.2384,10.2384,0.0,0.0
30,1,2,6,weather_driven,historically_calibrated,1.099578,0.186928,10.3199,10.3199,0.0,0.0
31,1,2,7,weather_driven,historically_calibrated,1.572134,0.267263,12.5222,12.5222,0.0,0.0
32,1,2,8,weather_driven,historically_calibrated,1.600746,0.272127,12.6382,12.6382,0.0,0.0
33,1,2,9,weather_driven,historically_calibrated,1.579892,0.268582,12.5538,12.5538,0.0,0.0
34,1,2,10,weather_driven,historically_calibrated,1.495167,0.254178,12.2017,12.212,0.0104,0.0
35,1,2,11,weather_driven,historically_calibrated,1.354361,0.230241,11.5805,11.6,0.0194,0.0
36,1,2,12,weather_driven,historically_calibrated,1.235453,0.210027,11.0163,11.0591,0.0428,0.0
37,1,2,13,weather_driven,historically_calibrated,1.122044,0.190747,10.4392,10.469,0.0298,0.0
38,1,2,14,weather_driven,historically_calibrated,1.097857,0.186636,10.3107,10.3988,0.0881,0.0
39,1,2,15,weather_driven,historically_calibrated,1.202798,0.204476,10.8543,10.9476,0.0933,0.0
40,1,2,16,weather_driven,historically_calibrated,1.409713,0.239651,11.8304,11.8783,0.048,0.0
41,1,2,17,weather_driven,historically_calibrated,1.631264,0.277315,12.7601,12.7692,0.0091,0.0
42,1,2,18,weather_driven,historically_calibrated,1.815105,0.308568,13.4584,13.4584,0.0,0.0
43,1,2,19,weather_driven,historically_calibrated,1.908351,0.32442,13.7909,13.7909,0.0,0.0
44,1,2,20,weather_driven,historically_calibrated,1.967649,0.3345,13.9955,13.9955,0.0,0.0
45,1,2,21,weather_driven,historically_calibrated,1.897344,0.322549,13.7524,13.7524,0.0,0.0
46,1,2,22,weather_driven,historically_calibrated,1.806786,0.307154,13.4281,13.4281,0.0,0.0
47,1,2,23,weather_driven,historically_calibrated,1.693111,0.287829,13.0018,13.0018,0.0,0.0
48,1,2,24,weather_driven,historically_calibrated,1.150402,0.195568,10.5874,10.5874,0.0,0.0
49,1,3,1,weather_driven,historically_calibrated,1.063349,0.180769,10.1237,10.1237,0.0,0.0
50,1,3,2,weather_driven,historically_calibrated,1.072134,0.182263,10.1717,10.1717,0.0,0.0
51,1,3,3,weather_driven,historically_calibrated,1.077033,0.183096,10.1983,10.1983,0.0,0.0
52,1,3,4,weather_driven,historically_calibrated,1.038695,0.176578,9.9874,9.9874,0.0,0.0
53,1,3,5,weather_driven,historically_calibrated,1.001859,0.170316,9.7794,9.7794,0.0,0.0
54,1,3,6,weather_driven,historically_calibrated,1.013834,0.172352,9.8476,9.8476,0.0,0.0
55,1,3,7,weather_driven,historically_calibrated,1.409084,0.239544,11.8276,11.8276,0.0,0.0
56,1,3,8,weather_driven,historically_calibrated,1.406314,0.239073,11.8152,11.8152,0.0,0.0
57,1,3,9,weather_driven,historically_calibrated,1.410266,0.239745,11.8328,11.8328,0.0,0.0
58,1,3,10,weather_driven,historically_calibrated,1.287756,0.218918,11.2693,11.2784,0.0091,0.0
59,1,3,11,weather_driven,historically_calibrated,1.192018,0.202643,10.8001,10.8494,0.0492,0.0
60,1,3,12,weather_driven,historically_calibrated,1.108247,0.188402,10.3661,10.4312,0.0648,0.0003
61,1,3,13,weather_driven,historically_calibrated,1.045216,0.177687,10.0237,10.1069,0.0829,0.0003
62,1,3,14,weather_driven,historically_calibrated,1.100048,0.187008,10.3224,10.3988,0.0726,0.0038
63,1,3,15,weather_driven,historically_calibrated,1.178936,0.200419,10.7339,10.7869,0.0492,0.0038
64,1,3,16,weather_driven,historically_calibrated,1.437313,0.244343,11.9521,11.9897,0.0337,0.0038
65,1,3,17,weather_driven,historically_calibrated,1.6272,0.276624,12.744,12.7692,0.0104,0.0148
66,1,3,18,weather_driven,historically_calibrated,1.842796,0.313275,13.5586,13.5778,0.0,0.0193
67,1,3,19,weather_driven,historically_calibrated,1.995016,0.339153,14.0883,14.1533,0.0,0.065
68,1,3,20,weather_driven,historically_calibrated,2.10701,0.358192,14.4571,14.5927,0.0,0.1356
69,1,3,21,weather_driven,historically_calibrated,2.176885,0.37007,14.679,14.8532,0.0,0.1741
70,1,3,22,weather_driven,historically_calibrated,2.176758,0.370049,14.6786,14.8745,0.0,0.1959
71,1,3,23,weather_driven,historically_calibrated,2.20257,0.374437,14.7591,14.9785,0.0,0.2194
72,1,3,24,weather_driven,historically_calibrated,1.456854,0.247665,12.0373,12.2567,0.0,0.2194
73,1,4,1,weather_driven,historically_calibrated,1.415853,0.240695,11.8576,12.0318,0.0,0.1741
74,1,4,2,weather_driven,historically_calibrated,1.450192,0.246533,12.0084,12.1624,0.0,0.1541
75,1,4,3,weather_driven,historically_calibrated,1.529462,0.260009,12.346,12.5202,0.0,0.1741
76,1,4,4,weather_driven,historically_calibrated,1.562019,0.265543,12.4808,12.6549,0.0,0.1741
77,1,4,5,weather_driven,historically_calibrated,1.635415,0.278021,12.7766,12.9507,0.0,0.1741
78,1,4,6,weather_driven,historically_calibrated,1.737883,0.29544,13.1723,13.3682,0.0,0.1959
79,1,4,7,weather_driven,historically_calibrated,2.65961,0.452134,16.0664,16.2623,0.0,0.1959
80,1,4,8,weather_driven,historically_calibrated,2.807127,0.477212,16.4472,16.6431,0.0,0.1959
81,1,4,9,weather_driven,historically_calibrated,2.87918,0.489461,16.6269,16.8241,0.0013,0.1959
82,1,4,10,weather_driven,historically_calibrated,2.807473,0.47727,16.4481,16.7154,0.048,0.2194
83,1,4,11,weather_driven,historically_calibrated,2.482099,0.421957,15.5833,15.9426,0.14,0.2194
84,1,4,12,weather_driven,historically_calibrated,2.026325,0.344475,14.1931,14.6171,0.2281,0.1959
85,1,4,13,weather_driven,historically_calibrated,1.867072,0.317402,13.6454,14.0904,0.2709,0.1741
86,1,4,14,weather_driven,historically_calibrated,1.890623,0.321406,13.7287,14.1543,0.2514,0.1741
87,1,4,15,weather_driven,historically_calibrated,2.085115,0.35447,14.3863,14.8046,0.1737,0.2447
88,1,4,16,weather_driven,historically_calibrated,2.656741,0.451646,16.0588,16.3877,0.0842,0.2447
89,1,4,17,weather_driven,historically_calibrated,2.939689,0.499747,16.7748,17.231,0.0181,0.4381
90,1,4,18,weather_driven,historically_calibrated,3.148687,0.535277,17.266,17.8776,0.0,0.6116
91,1,4,19,weather_driven,historically_calibrated,3.314145,0.563405,17.6349,18.1994,0.0,0.5645
92,1,4,20,weather_driven,historically_calibrated,3.323752,0.565038,17.6558,18.0563,0.0,0.4005
93,1,4,21,weather_driven,historically_calibrated,3.002093,0.510356,16.9246,17.4025,0.0,0.4779
94,1,4,22,weather_driven,historically_calibrated,2.744706,0.4666,16.2882,16.7661,0.0,0.4779
95,1,4,23,weather_driven,historically_calibrated,2.448623,0.416266,15.4889,16.1004,0.0,0.6116
96,1,4,24,weather_driven,historically_calibrated,1.501419,0.255241,12.2282,12.9415,0.0,0.7133
97,1,5,1,weather_driven,historically_calibrated,1.462288,0.248589,12.0608,12.7219,0.0,0.6611
98,1,5,2,weather_driven,historically_calibrated,1.464438,0.248954,12.0701,12.7312,0.0,0.6611
99,1,5,3,weather_driven,historically_calibrated,1.481683,0.251886,12.1442,12.8053,0.0,0.6611
100,1,5,4,weather_driven,historically_calibrated,1.504218,0.255717,12.24,12.9011,0.0,0.6611
101,1,5,5,weather_driven,historically_calibrated,1.578414,0.26833,12.5478,13.1593,0.0,0.6116
102,1,5,6,weather_driven,historically_calibrated,1.697843,0.288633,13.02,13.54,0.0,0.52
103,1,5,7,weather_driven,historically_calibrated,2.613908,0.444364,15.9447,16.4226,0.0,0.4779
104,1,5,8,weather_driven,historically_calibrated,2.849028,0.484335,16.5522,16.9174,0.0,0.3652
105,1,5,9,weather_driven,historically_calibrated,2.926869,0.497568,16.7437,17.0459,0.0013,0.3009
106,1,5,10,weather_driven,historically_calibrated,2.790827,0.474441,16.406,16.7154,0.0376,0.2718
107,1,5,11,weather_driven,historically_calibrated,2.561402,0.435438,15.8027,16.2643,0.1296,0.332
108,1,5,12,weather_driven,historically_calibrated,2.25101,0.382672,14.9081,15.5065,0.2333,0.3652
109,1,5,13,weather_driven,historically_calibrated,1.956862,0.332667,13.9587,14.6077,0.2838,0.3652
110,1,5,14,weather_driven,historically_calibrated,2.195144,0.373174,14.7361,15.354,0.2527,0.3652
111,1,5,15,weather_driven,historically_calibrated,2.441717,0.415092,15.4692,15.9296,0.1594,0.3009
112,1,5,16,weather_driven,historically_calibrated,2.748921,0.467317,16.2991,16.6661,0.0661,0.3009
113,1,5,17,weather_driven,historically_calibrated,3.045287,0.517699,17.0267,17.4049,0.013,0.3652
114,1,5,18,weather_driven,historically_calibrated,3.351512,0.569757,17.7159,18.1164,0.0,0.4005
115,1,5,19,weather_driven,historically_calibrated,3.36199,0.571538,17.7385,18.139,0.0,0.4005
116,1,5,20,weather_driven,historically_calibrated,3.342145,0.568165,17.6957,17.9966,0.0,0.3009
117,1,5,21,weather_driven,historically_calibrated,3.152058,0.53585,17.2737,17.5183,0.0,0.2447
118,1,5,22,weather_driven,historically_calibrated,2.891805,0.491607,16.658,16.8774,0.0,0.2194
119,1,5,23,weather_driven,historically_calibrated,2.659006,0.452031,16.0648,16.2607,0.0,0.1959
120,1,5,24,weather_driven,historically_calibrated,1.671152,0.284096,12.9168,13.1127,0.0,0.1959
121,1,6,1,weather_driven,historically_calibrated,1.376072,0.233932,11.6794,11.8536,0.0,0.1741
122,1,6,2,weather_driven,historically_calibrated,1.38974,0.236256,11.7411,11.937,0.0,0.1959
123,1,6,3,weather_driven,historically_calibrated,1.399842,0.237973,11.7864,12.0057,0.0,0.2194
124,1,6,4,weather_driven,historically_calibrated,1.425374,0.242314,11.8997,12.0956,0.0,0.1959
125,1,6,5,weather_driven,historically_calibrated,1.475468,0.25083,12.1176,12.3369,0.0,0.2194
126,1,6,6,weather_driven,historically_calibrated,1.550874,0.263649,12.4349,12.6543,0.0,0.2194
127,1,6,7,weather_driven,historically_calibrated,2.334556,0.396875,15.1587,15.3546,0.0,0.1959
128,1,6,8,weather_driven,historically_calibrated,2.498914,0.424815,15.6303,15.7659,0.0,0.1356
129,1,6,9,weather_driven,historically_calibrated,2.511147,0.426895,15.6643,15.7843,0.0013,0.1187
130,1,6,10,weather_driven,historically_calibrated,2.37853,0.40435,15.2876,15.4792,0.0376,0.1541
131,1,6,11,weather_driven,historically_calibrated,2.165771,0.368181,14.6441,14.9632,0.1231,0.1959
132,1,6,12,weather_driven,historically_calibrated,1.979898,0.336583,14.0372,14.4586,0.2255,0.1959
133,1,6,13,weather_driven,historically_calibrated,1.896057,0.32233,13.7478,14.2006,0.2786,0.1741
134,1,6,14,weather_driven,historically_calibrated,1.918097,0.326076,13.8249,14.2696,0.2488,0.1959
135,1,6,15,weather_driven,historically_calibrated,2.074273,0.352626,14.351,14.7538,0.1581,0.2447
136,1,6,16,weather_driven,historically_calibrated,2.313864,0.393357,15.0973,15.4352,0.0661,0.2718
137,1,6,17,weather_driven,historically_calibrated,2.562332,0.435596,15.8052,16.1191,0.013,0.3009
138,1,6,18,weather_driven,historically_calibrated,2.808333,0.477417,16.4502,16.7221,0.0,0.2718
139,1,6,19,weather_driven,historically_calibrated,2.77311,0.471429,16.361,16.799,0.0,0.4381
140,1,6,20,weather_driven,historically_calibrated,2.762829,0.469681,16.3347,16.6667,0.0,0.332
141,1,6,21,weather_driven,historically_calibrated,2.57464,0.437689,15.8387,16.2768,0.0,0.4381
142,1,6,22,weather_driven,historically_calibrated,2.393641,0.406919,15.3314,15.7319,0.0,0.4005
143,1,6,23,weather_driven,historically_calibrated,2.233401,0.379678,14.8542,15.2548,0.0,0.4005
144,1,6,24,weather_driven,historically_calibrated,1.448042,0.246167,11.999,12.2999,0.0,0.3009
145,1,7,1,weather_driven,historically_calibrated,1.404207,0.238715,11.8059,12.0777,0.0,0.2718
146,1,7,2,weather_driven,historically_calibrated,1.408044,0.239367,11.8229,12.1239,0.0,0.3009
147,1,7,3,weather_driven,historically_calibrated,1.432188,0.243472,11.9297,12.2306,0.0,0.3009
148,1,7,4,weather_driven,historically_calibrated,1.480822,0.25174,12.1405,12.3599,0.0,0.2194
149,1,7,5,weather_driven,historically_calibrated,1.545624,0.262756,12.4132,12.5673,0.0,0.1541
150,1,7,6,weather_driven,historically_calibrated,1.644412,0.27955,12.8121,12.9308,0.0,0.1187
151,1,7,7,weather_driven,historically_calibrated,2.468334,0.419617,15.5446,15.6987,0.0,0.1541
152,1,7,8,weather_driven,historically_calibrated,2.659628,0.452137,16.0665,16.1697,0.0,0.1032
153,1,7,9,weather_driven,historically_calibrated,2.689692,0.457248,16.1455,16.1925,0.0013,0.0457
154,1,7,10,weather_driven,historically_calibrated,2.505491,0.425933,15.6486,15.7318,0.0376,0.0457
155,1,7,11,weather_driven,historically_calibrated,2.2489,0.382313,14.9016,15.0618,0.1296,0.0306
156,1,7,12,weather_driven,historically_calibrated,2.090663,0.355413,14.4043,14.6511,0.232,0.0148
157,1,7,13,weather_driven,historically_calibrated,1.984834,0.337422,14.0539,14.3434,0.2838,0.0057
158,1,7,14,weather_driven,historically_calibrated,2.015858,0.342696,14.1582,14.4136,0.254,0.0014
159,1,7,15,weather_driven,historically_calibrated,2.180268,0.370646,14.6896,14.8524,0.162,0.0007
160,1,7,16,weather_driven,historically_calibrated,2.405443,0.408925,15.3654,15.4352,0.0674,0.0024
161,1,7,17,weather_driven,historically_calibrated,2.673269,0.454456,16.1024,16.1191,0.0143,0.0024
162,1,7,18,weather_driven,historically_calibrated,2.90546,0.493928,16.6915,16.7221,0.0,0.0306
163,1,7,19,weather_driven,historically_calibrated,2.922886,0.496891,16.734,16.799,0.0,0.065
164,1,7,20,weather_driven,historically_calibrated,2.886618,0.490725,16.6452,16.7217,0.0,0.0764
165,1,7,21,weather_driven,historically_calibrated,2.726359,0.463481,16.2409,16.3301,0.0,0.0892
166,1,7,22,weather_driven,historically_calibrated,2.503385,0.425575,15.6427,15.7319,0.0,0.0892
167,1,7,23,weather_driven,historically_calibrated,2.315337,0.393607,15.1017,15.1565,0.0,0.0548
168,1,7,24,weather_driven,historically_calibrated,1.49091,0.253455,12.1836,12.2212,0.0,0.0376
169,1,8,1,weather_driven,historically_calibrated,1.686308,0.286672,12.9755,13.0061,0.0,0.0306
170,1,8,2,weather_driven,historically_calibrated,1.702277,0.289387,13.037,13.0562,0.0,0.0193
171,1,8,3,weather_driven,historically_calibrated,1.724057,0.29309,13.12,13.1312,0.0,0.0111
172,1,8,4,weather_driven,historically_calibrated,1.750917,0.297656,13.2213,13.2295,0.0,0.0081
173,1,8,5,weather_driven,historically_calibrated,1.822438,0.309814,13.485,13.4932,0.0,0.0081
174,1,8,6,weather_driven,historically_calibrated,1.933328,0.328666,13.8777,13.8834,0.0,0.0057
175,1,8,7,weather_driven,historically_calibrated,2.969292,0.50478,16.8462,16.85,0.0,0.0038
176,1,8,8,weather_driven,historically_calibrated,3.188186,0.541992,17.3556,17.3563,0.0,0.0007
177,1,8,9,weather_driven,historically_calibrated,3.222601,0.547842,17.4328,17.4341,0.0013,0.0
178,1,8,10,weather_driven,historically_calibrated,2.99071,0.508421,16.8975,16.9351,0.0376,0.0
179,1,8,11,weather_driven,historically_calibrated,2.68556,0.456545,16.1347,16.2643,0.1296,0.0
180,1,8,12,weather_driven,historically_calibrated,2.502693,0.425458,15.6408,15.8728,0.232,0.0
181,1,8,13,weather_driven,historically_calibrated,2.34929,0.399379,15.2021,15.4872,0.2851,0.0
182,1,8,14,weather_driven,historically_calibrated,2.402923,0.408497,15.3582,15.6148,0.2566,0.0
183,1,8,15,weather_driven,historically_calibrated,2.586959,0.439783,15.8721,16.0367,0.1646,0.0
184,1,8,16,weather_driven,historically_calibrated,2.889278,0.491177,16.6518,16.7218,0.07,0.0
185,1,8,17,weather_driven,historically_calibrated,3.229639,0.549039,17.4486,17.4628,0.0143,0.0
186,1,8,18,weather_driven,historically_calibrated,3.60031,0.612053,18.2359,18.2359,0.0,0.0
187,1,8,19,weather_driven,historically_calibrated,3.672423,0.624312,18.3806,18.3806,0.0,0.0
188,1,8,20,weather_driven,historically_calibrated,3.629708,0.61705,18.2952,18.2952,0.0,0.0
189,1,8,21,weather_driven,historically_calibrated,3.394443,0.577055,17.808,17.808,0.0,0.0
190,1,8,22,weather_driven,historically_calibrated,3.149044,0.535338,17.2668,17.2668,0.0,0.0
191,1,8,23,weather_driven,historically_calibrated,2.948015,0.501162,16.795,16.795,0.0,0.0
192,1,8,24,weather_driven,historically_calibrated,1.873745,0.318537,13.6691,13.6691,0.0,0.0
193,1,9,1,weather_driven,historically_calibrated,1.824715,0.310202,13.4933,13.4933,0.0,0.0
194,1,9,2,weather_driven,historically_calibrated,1.849992,0.314499,13.5844,13.5844,0.0,0.0
195,1,9,3,weather_driven,historically_calibrated,1.87139,0.318136,13.6607,13.6607,0.0,0.0
196,1,9,4,weather_driven,historically_calibrated,1.912096,0.325056,13.804,13.804,0.0,0.0
197,1,9,5,weather_driven,historically_calibrated,1.991777,0.338602,14.0773,14.0773,0.0,0.0
198,1,9,6,weather_driven,historically_calibrated,2.102196,0.357373,14.4416,14.4416,0.0,0.0
199,1,9,7,weather_driven,historically_calibrated,3.27298,0.556407,17.5446,17.5446,0.0,0.0
200,1,9,8,weather_driven,historically_calibrated,3.492507,0.593726,18.0146,18.0146,0.0,0.0
201,1,9,9,weather_driven,historically_calibrated,3.47945,0.591506,17.9874,17.9887,0.0013,0.0
202,1,9,10,weather_driven,historically_calibrated,3.15511,0.536369,17.2806,17.3195,0.0389,0.0
203,1,9,11,weather_driven,historically_calibrated,2.788535,0.474051,16.4002,16.5324,0.1322,0.0
204,1,9,12,weather_driven,historically_calibrated,2.501297,0.42522,15.6369,15.8728,0.2359,0.0
205,1,9,13,weather_driven,historically_calibrated,2.437367,0.414352,15.4569,15.7459,0.289,0.0
206,1,9,14,weather_driven,historically_calibrated,2.437979,0.414456,15.4586,15.7191,0.2605,0.0
207,1,9,15,weather_driven,historically_calibrated,2.645465,0.449729,16.0289,16.1974,0.1685,0.0
208,1,9,16,weather_driven,historically_calibrated,2.957353,0.50275,16.8175,16.8888,0.0713,0.0
209,1,9,17,weather_driven,historically_calibrated,3.307834,0.562332,17.6211,17.6366,0.0156,0.0
210,1,9,18,weather_driven,historically_calibrated,3.659738,0.622155,18.3553,18.3553,0.0,0.0
211,1,9,19,weather_driven,historically_calibrated,3.764532,0.639971,18.5617,18.5617,0.0,0.0
212,1,9,20,weather_driven,historically_calibrated,3.750314,0.637553,18.534,18.534,0.0,0.0
213,1,9,21,weather_driven,historically_calibrated,3.504612,0.595784,18.0398,18.0398,0.0,0.0
214,1,9,22,weather_driven,historically_calibrated,3.198172,0.543689,17.3781,17.3781,0.0,0.0
215,1,9,23,weather_driven,historically_calibrated,2.948015,0.501162,16.795,16.795,0.0,0.0
216,1,9,24,weather_driven,historically_calibrated,1.849738,0.314456,13.5835,13.5835,0.0,0.0
217,1,10,1,weather_driven,historically_calibrated,1.780354,0.30266,13.3309,13.3309,0.0,0.0
218,1,10,2,weather_driven,historically_calibrated,1.794015,0.304983,13.3813,13.3813,0.0,0.0
219,1,10,3,weather_driven,historically_calibrated,1.81474,0.308506,13.4571,13.4571,0.0,0.0
220,1,10,4,weather_driven,historically_calibrated,1.865514,0.317137,13.6398,13.6398,0.0,0.0
221,1,10,5,weather_driven,historically_calibrated,1.930719,0.328222,13.8687,13.8687,0.0,0.0
222,1,10,6,weather_driven,historically_calibrated,2.023594,0.344011,14.184,14.184,0.0,0.0
223,1,10,7,weather_driven,historically_calibrated,3.107077,0.528203,17.1705,17.1706,0.0,0.0001
224,1,10,8,weather_driven,historically_calibrated,3.311864,0.563017,17.6299,17.6306,0.0,0.0007
225,1,10,9,weather_driven,historically_calibrated,3.322919,0.564896,17.654,17.656,0.0013,0.0007
226,1,10,10,weather_driven,historically_calibrated,3.058759,0.519989,17.0583,17.0998,0.0415,0.0001
227,1,10,11,weather_driven,historically_calibrated,2.702569,0.459437,16.1792,16.3179,0.1387,0.0001
228,1,10,12,weather_driven,historically_calibrated,2.479233,0.42147,15.5752,15.8205,0.2449,0.0003
229,1,10,13,weather_driven,historically_calibrated,2.326893,0.395572,15.136,15.4355,0.2994,0.0001
230,1,10,14,weather_driven,historically_calibrated,2.380419,0.404671,15.293,15.5626,0.2696,0.0
231,1,10,15,weather_driven,historically_calibrated,2.582174,0.43897,15.8592,16.0367,0.1776,0.0
232,1,10,16,weather_driven,historically_calibrated,2.863056,0.48672,16.587,16.6661,0.0791,0.0
233,1,10,17,weather_driven,historically_calibrated,3.227315,0.548644,17.4434,17.4628,0.0194,0.0
234,1,10,18,weather_driven,historically_calibrated,3.541748,0.602097,18.1164,18.1164,0.0,0.0
235,1,10,19,weather_driven,historically_calibrated,3.582335,0.608997,18.1994,18.1994,0.0,0.0
236,1,10,20,weather_driven,historically_calibrated,3.512584,0.597139,18.0563,18.0563,0.0,0.0
237,1,10,21,weather_driven,historically_calibrated,3.261062,0.55438,17.5183,17.5183,0.0,0.0
238,1,10,22,weather_driven,historically_calibrated,2.981706,0.50689,16.876,16.8774,0.0,0.0014
239,1,10,23,weather_driven,historically_calibrated,2.711911,0.461025,16.2035,16.2073,0.0,0.0038
240,1,10,24,weather_driven,historically_calibrated,1.698209,0.288695,13.0214,13.0271,0.0,0.0057
241,1,11,1,weather_driven,historically_calibrated,1.638382,0.278525,12.7883,12.8031,0.0,0.0148
242,1,11,2,weather_driven,historically_calibrated,1.658966,0.282024,12.8692,12.8937,0.0,0.0245
243,1,11,3,weather_driven,historically_calibrated,1.66762,0.283495,12.903,12.9275,0.0,0.0245
244,1,11,4,weather_driven,historically_calibrated,1.692593,0.287741,12.9998,13.0243,0.0,0.0245
245,1,11,5,weather_driven,historically_calibrated,1.737392,0.295357,13.1705,13.2011,0.0,0.0306
246,1,11,6,weather_driven,historically_calibrated,1.815387,0.308616,13.4594,13.497,0.0,0.0376
247,1,11,7,weather_driven,historically_calibrated,2.725729,0.463374,16.2393,16.3157,0.0,0.0764
248,1,11,8,weather_driven,historically_calibrated,2.871843,0.488213,16.6088,16.698,0.0,0.0892
249,1,11,9,weather_driven,historically_calibrated,2.905221,0.493888,16.6909,16.7686,0.0013,0.0764
250,1,11,10,weather_driven,historically_calibrated,2.724883,0.46323,16.2371,16.3859,0.0596,0.0892
251,1,11,11,weather_driven,historically_calibrated,2.469356,0.419791,15.5475,15.7818,0.1452,0.0892
252,1,11,12,weather_driven,historically_calibrated,2.104894,0.357832,14.4503,14.774,0.2346,0.0892
253,1,11,13,weather_driven,historically_calibrated,1.979813,0.336568,14.0369,14.4008,0.2748,0.0892
254,1,11,14,weather_driven,historically_calibrated,2.026974,0.344586,14.1952,14.5194,0.2592,0.065
255,1,11,15,weather_driven,historically_calibrated,2.187101,0.371807,14.711,14.9653,0.1996,0.0548
256,1,11,16,weather_driven,historically_calibrated,2.41049,0.409783,15.38,15.5527,0.1179,0.0548
257,1,11,17,weather_driven,historically_calibrated,2.739437,0.465704,16.2747,16.3618,0.0324,0.0548
258,1,11,18,weather_driven,historically_calibrated,3.308231,0.562399,17.622,17.6984,0.0,0.0764
259,1,11,19,weather_driven,historically_calibrated,3.451594,0.586771,17.9291,18.0182,0.0,0.0892
260,1,11,20,weather_driven,historically_calibrated,3.406471,0.5791,17.8337,17.9369,0.0,0.1032
261,1,11,21,weather_driven,historically_calibrated,3.182049,0.540948,17.3417,17.4604,0.0,0.1187
262,1,11,22,weather_driven,historically_calibrated,2.86504,0.487057,16.592,16.7661,0.0,0.1741
263,1,11,23,weather_driven,historically_calibrated,2.607037,0.443196,15.9263,16.1004,0.0,0.1741
264,1,11,24,weather_driven,historically_calibrated,1.616858,0.274866,12.7028,12.8987,0.0,0.1959
265,1,12,1,weather_driven,historically_calibrated,1.529166,0.259958,12.3448,12.5189,0.0,0.1741
266,1,12,2,weather_driven,historically_calibrated,1.563431,0.265783,12.4866,12.7312,0.0,0.2447
267,1,12,3,weather_driven,historically_calibrated,1.562038,0.265546,12.4808,12.8461,0.0,0.3652
268,1,12,4,weather_driven,historically_calibrated,1.675864,0.284897,12.9351,13.0243,0.0,0.0892
269,1,12,5,weather_driven,historically_calibrated,1.704868,0.289828,13.0469,13.2428,0.0,0.1959
270,1,12,6,weather_driven,historically_calibrated,1.805706,0.30697,13.4241,13.6688,0.0,0.2447
271,1,12,7,weather_driven,historically_calibrated,2.80629,0.477069,16.4451,16.6898,0.0,0.2447
272,1,12,8,weather_driven,historically_calibrated,3.032167,0.515468,16.9958,17.1917,0.0,0.1959
273,1,12,9,weather_driven,historically_calibrated,3.053984,0.519177,17.0471,17.2678,0.0013,0.2194
274,1,12,10,weather_driven,historically_calibrated,2.849516,0.484418,16.5534,16.7703,0.0428,0.1741
275,1,12,11,weather_driven,historically_calibrated,2.487196,0.422823,15.5976,15.889,0.1374,0.1541
276,1,12,12,weather_driven,historically_calibrated,2.099333,0.356887,14.4323,14.774,0.2385,0.1032
277,1,12,13,weather_driven,historically_calibrated,1.902527,0.32343,13.7705,14.1939,0.2877,0.1356
278,1,12,14,weather_driven,historically_calibrated,1.880793,0.319735,13.6941,14.05,0.2527,0.1032
279,1,12,15,weather_driven,historically_calibrated,2.050074,0.348513,14.2717,14.5903,0.1646,0.1541
280,1,12,16,weather_driven,historically_calibrated,2.374949,0.403741,15.2771,15.497,0.0842,0.1356
281,1,12,17,weather_driven,historically_calibrated,2.676114,0.454939,16.1099,16.188,0.0233,0.0548
282,1,12,18,weather_driven,historically_calibrated,2.883493,0.490194,16.6375,16.6832,0.0,0.0457
283,1,12,19,weather_driven,historically_calibrated,3.136784,0.533253,17.2388,17.2936,0.0,0.0548
284,1,12,20,weather_driven,historically_calibrated,3.069818,0.521869,17.0841,17.1605,0.0,0.0764
285,1,12,21,weather_driven,historically_calibrated,2.866074,0.487233,16.5945,16.6493,0.0,0.0548
286,1,12,22,weather_driven,historically_calibrated,2.615722,0.444673,15.9496,15.9872,0.0,0.0376
287,1,12,23,weather_driven,historically_calibrated,2.385166,0.405478,15.3068,15.3525,0.0,0.0457
288,1,12,24,weather_driven,historically_calibrated,1.49737,0.254553,12.211,12.2567,0.0,0.0457
289,1,13,1,weather_driven,historically_calibrated,1.210369,0.205763,10.8922,10.9572,0.0,0.065
290,1,13,2,weather_driven,historically_calibrated,1.227043,0.208597,10.9749,11.0399,0.0,0.065
291,1,13,3,weather_driven,historically_calibrated,1.250319,0.212554,11.0891,11.1438,0.0,0.0548
292,1,13,4,weather_driven,historically_calibrated,1.270871,0.216048,11.1885,11.265,0.0,0.0764
293,1,13,5,weather_driven,historically_calibrated,1.317192,0.223923,11.4083,11.454,0.0,0.0457
294,1,13,6,weather_driven,historically_calibrated,1.396281,0.237368,11.7704,11.7853,0.0,0.0148
295,1,13,7,weather_driven,historically_calibrated,2.169299,0.368781,14.6552,14.6664,0.0,0.0111
296,1,13,8,weather_driven,historically_calibrated,2.292937,0.389799,15.0348,15.0593,0.0,0.0245
297,1,13,9,weather_driven,historically_calibrated,2.311115,0.39289,15.0891,15.121,0.0013,0.0306
298,1,13,10,weather_driven,historically_calibrated,2.045045,0.347658,14.2551,14.3171,0.0428,0.0193
299,1,13,11,weather_driven,historically_calibrated,1.726881,0.29357,13.1308,13.2861,0.1309,0.0245
300,1,13,12,weather_driven,historically_calibrated,1.564762,0.26601,12.492,12.7256,0.2255,0.0081
301,1,13,13,weather_driven,historically_calibrated,1.43098,0.243267,11.9244,12.2016,0.2735,0.0038
302,1,13,14,weather_driven,historically_calibrated,1.459938,0.248189,12.0506,12.3022,0.2501,0.0014
303,1,13,15,weather_driven,historically_calibrated,1.746018,0.296823,13.2029,13.3738,0.1685,0.0024
304,1,13,16,weather_driven,historically_calibrated,2.051207,0.348705,14.2754,14.3597,0.0842,0.0
305,1,13,17,weather_driven,historically_calibrated,2.512933,0.427199,15.6693,15.6926,0.0233,0.0
306,1,13,18,weather_driven,historically_calibrated,2.742488,0.466223,16.2825,16.2825,0.0,0.0
307,1,13,19,weather_driven,historically_calibrated,2.858921,0.486017,16.5768,16.5768,0.0,0.0
308,1,13,20,weather_driven,historically_calibrated,2.785331,0.473506,16.392,16.392,0.0,0.0
309,1,13,21,weather_driven,historically_calibrated,2.598632,0.441767,15.9037,15.9037,0.0,0.0
310,1,13,22,weather_driven,historically_calibrated,2.372931,0.403398,15.2713,15.2713,0.0,0.0
311,1,13,23,weather_driven,historically_calibrated,2.188096,0.371976,14.7141,14.7141,0.0,0.0
312,1,13,24,weather_driven,historically_calibrated,1.400212,0.238036,11.788,11.788,0.0,0.0
313,1,14,1,weather_driven,historically_calibrated,1.269367,0.215792,11.1813,11.1813,0.0,0.0
314,1,14,2,weather_driven,historically_calibrated,1.263309,0.214763,11.1521,11.1521,0.0,0.0
315,1,14,3,weather_driven,historically_calibrated,1.253872,0.213158,11.1063,11.1063,0.0,0.0
316,1,14,4,weather_driven,historically_calibrated,1.271065,0.216081,11.1894,11.1894,0.0,0.0
317,1,14,5,weather_driven,historically_calibrated,1.310554,0.222794,11.3772,11.3772,0.0,0.0
318,1,14,6,weather_driven,historically_calibrated,1.355927,0.230508,11.5877,11.5878,0.0,0.0001
319,1,14,7,weather_driven,historically_calibrated,1.93395,0.328772,13.8799,13.8799,0.0,0.0
320,1,14,8,weather_driven,historically_calibrated,2.028691,0.344877,14.2009,14.2012,0.0,0.0003
321,1,14,9,weather_driven,historically_calibrated,2.10658,0.358119,14.4557,14.4577,0.0013,0.0007
322,1,14,10,weather_driven,historically_calibrated,2.057248,0.349732,14.2953,14.3171,0.0194,0.0024
323,1,14,11,weather_driven,historically_calibrated,1.99314,0.338834,14.0819,14.1246,0.0389,0.0038
324,1,14,12,weather_driven,historically_calibrated,1.862621,0.316646,13.6295,13.6884,0.0531,0.0057
325,1,14,13,weather_driven,historically_calibrated,1.722923,0.292897,13.1157,13.2011,0.0609,0.0245
326,1,14,14,weather_driven,historically_calibrated,1.720032,0.292405,13.1048,13.2139,0.0635,0.0457
327,1,14,15,weather_driven,historically_calibrated,1.787385,0.303855,13.3569,13.4724,0.0505,0.065
328,1,14,16,weather_driven,historically_calibrated,1.890559,0.321395,13.7285,13.8475,0.0298,0.0892
329,1,14,17,weather_driven,historically_calibrated,2.059347,0.350089,14.3022,14.4132,0.0078,0.1032
330,1,14,18,weather_driven,historically_calibrated,2.189495,0.372214,14.7185,14.8541,0.0,0.1356
331,1,14,19,weather_driven,historically_calibrated,2.255793,0.383485,14.9226,15.0767,0.0,0.1541
332,1,14,20,weather_driven,historically_calibrated,2.218866,0.377207,14.8095,14.9636,0.0,0.1541
333,1,14,21,weather_driven,historically_calibrated,2.072015,0.352243,14.3436,14.5178,0.0,0.1741
334,1,14,22,weather_driven,historically_calibrated,2.022929,0.343898,14.1818,14.4011,0.0,0.2194
335,1,14,23,weather_driven,historically_calibrated,1.936986,0.329288,13.8904,14.026,0.0,0.1356
336,1,14,24,weather_driven,historically_calibrated,1.334703,0.226899,11.4899,11.7093,0.0,0.2194
337,1,15,1,weather_driven,historically_calibrated,1.414809,0.240517,11.853,12.0724,0.0,0.2194
338,1,15,2,weather_driven,historically_calibrated,1.473167,0.250438,12.1077,12.1624,0.0,0.0548
339,1,15,3,weather_driven,historically_calibrated,1.553017,0.264013,12.4437,12.5202,0.0,0.0764
340,1,15,4,weather_driven,historically_calibrated,1.585674,0.269565,12.5773,12.6959,0.0,0.1187
341,1,15,5,weather_driven,historically_calibrated,1.660249,0.282242,12.8743,12.9507,0.0,0.0764
342,1,15,6,weather_driven,historically_calibrated,1.761339,0.299428,13.2603,13.3253,0.0,0.065
343,1,15,7,weather_driven,historically_calibrated,2.709542,0.460622,16.1973,16.2623,0.0,0.065
344,1,15,8,weather_driven,historically_calibrated,2.871843,0.488213,16.6088,16.698,0.0,0.0892
345,1,15,9,weather_driven,historically_calibrated,2.946877,0.500969,16.7922,16.8241,0.0013,0.0306
346,1,15,10,weather_driven,historically_calibrated,2.826734,0.480545,16.4965,16.6056,0.0441,0.065
347,1,15,11,weather_driven,historically_calibrated,2.539272,0.431676,15.742,15.889,0.1413,0.0057
348,1,15,12,weather_driven,historically_calibrated,2.125297,0.361301,14.5158,14.774,0.2501,0.0081
349,1,15,13,weather_driven,historically_calibrated,1.978849,0.336404,14.0336,14.3491,0.3097,0.0057
350,1,15,14,weather_driven,historically_calibrated,1.975763,0.33588,14.0231,14.3108,0.2838,0.0038
351,1,15,15,weather_driven,historically_calibrated,2.238814,0.380598,14.8708,15.0725,0.1905,0.0111
352,1,15,16,weather_driven,historically_calibrated,2.822539,0.479832,16.486,16.6104,0.0868,0.0376
353,1,15,17,weather_driven,historically_calibrated,3.176012,0.539922,17.3281,17.4049,0.022,0.0548
354,1,15,18,weather_driven,historically_calibrated,3.462203,0.588574,17.9513,17.997,0.0,0.0457
355,1,15,19,weather_driven,historically_calibrated,3.614937,0.614539,18.2654,18.3202,0.0,0.0548
356,1,15,20,weather_driven,historically_calibrated,3.429321,0.582985,17.8821,17.9369,0.0,0.0548
357,1,15,21,weather_driven,historically_calibrated,3.200787,0.544134,17.384,17.4604,0.0,0.0764
358,1,15,22,weather_driven,historically_calibrated,2.943529,0.5004,16.7841,16.8217,0.0,0.0376
359,1,15,23,weather_driven,historically_calibrated,2.719475,0.462311,16.2231,16.2607,0.0,0.0376
360,1,15,24,weather_driven,historically_calibrated,1.717051,0.291899,13.0934,13.1127,0.0,0.0193
361,1,16,1,weather_driven,historically_calibrated,1.657899,0.281843,12.8651,12.8843,0.0,0.0193
362,1,16,2,weather_driven,historically_calibrated,1.683282,0.286158,12.9638,12.975,0.0,0.0111
363,1,16,3,weather_driven,historically_calibrated,1.704113,0.289699,13.044,13.0497,0.0,0.0057
364,1,16,4,weather_driven,historically_calibrated,1.741136,0.295993,13.1846,13.1884,0.0,0.0038
365,1,16,5,weather_driven,historically_calibrated,1.801113,0.306189,13.4073,13.4097,0.0,0.0024
366,1,16,6,weather_driven,historically_calibrated,1.884707,0.3204,13.7079,13.7117,0.0,0.0038
367,1,16,7,weather_driven,historically_calibrated,2.860414,0.48627,16.5805,16.5829,0.0,0.0024
368,1,16,8,weather_driven,historically_calibrated,3.0216,0.513672,16.9709,16.9723,0.0,0.0014
369,1,16,9,weather_driven,historically_calibrated,3.027781,0.514723,16.9855,16.9905,0.0026,0.0024
370,1,16,10,weather_driven,historically_calibrated,2.87359,0.48851,16.6131,16.6605,0.0467,0.0007
371,1,16,11,weather_driven,historically_calibrated,2.599713,0.441951,15.9066,16.0498,0.1426,0.0007
372,1,16,12,weather_driven,historically_calibrated,2.368929,0.402718,15.2596,15.5065,0.2462,0.0007
373,1,16,13,weather_driven,historically_calibrated,2.029276,0.344977,14.2029,14.5043,0.3007,0.0007
374,1,16,14,weather_driven,historically_calibrated,2.105402,0.357918,14.4519,14.7281,0.2748,0.0014
375,1,16,15,weather_driven,historically_calibrated,2.260105,0.384218,14.9357,15.126,0.1879,0.0024
376,1,16,16,weather_driven,historically_calibrated,2.437203,0.414325,15.4564,15.5527,0.0881,0.0081
377,1,16,17,weather_driven,historically_calibrated,2.689648,0.45724,16.1454,16.188,0.0233,0.0193
378,1,16,18,weather_driven,historically_calibrated,2.949001,0.50133,16.7973,16.8623,0.0,0.065
379,1,16,19,weather_driven,historically_calibrated,3.387986,0.575958,17.7942,17.8975,0.0,0.1032
380,1,16,20,weather_driven,historically_calibrated,3.357249,0.570732,17.7283,17.8174,0.0,0.0892
381,1,16,21,weather_driven,historically_calibrated,3.214513,0.546467,17.4147,17.4604,0.0,0.0457
382,1,16,22,weather_driven,historically_calibrated,2.900725,0.493123,16.6799,16.7105,0.0,0.0306
383,1,16,23,weather_driven,historically_calibrated,2.703969,0.459675,16.1828,16.2073,0.0,0.0245
384,1,16,24,weather_driven,historically_calibrated,1.705838,0.289992,13.0506,13.0699,0.0,0.0193
385,1,17,1,weather_driven,historically_calibrated,1.638382,0.278525,12.7883,12.8031,0.0,0.0148
386,1,17,2,weather_driven,historically_calibrated,1.608999,0.27353,12.6713,12.6906,0.0,0.0193
387,1,17,3,weather_driven,historically_calibrated,1.609158,0.273557,12.672,12.6831,0.0,0.0111
388,1,17,4,weather_driven,historically_calibrated,1.63482,0.277919,12.7742,12.778,0.0,0.0038
389,1,17,5,weather_driven,historically_calibrated,1.700545,0.289093,13.0303,13.0342,0.0,0.0038
390,1,17,6,weather_driven,historically_calibrated,1.777804,0.302227,13.3215,13.3253,0.0,0.0038
391,1,17,7,weather_driven,historically_calibrated,2.711797,0.461006,16.2032,16.2089,0.0,0.0057
392,1,17,8,weather_driven,historically_calibrated,2.881222,0.489808,16.6319,16.6431,0.0,0.0111
393,1,17,9,weather_driven,historically_calibrated,2.863656,0.486822,16.5885,16.6023,0.0026,0.0111
394,1,17,10,weather_driven,historically_calibrated,2.714476,0.461461,16.2101,16.276,0.0467,0.0193
395,1,17,11,weather_driven,historically_calibrated,2.353593,0.400111,15.2147,15.3529,0.127,0.0111
396,1,17,12,weather_driven,historically_calibrated,2.126124,0.361441,14.5184,14.7217,0.2009,0.0024
397,1,17,13,weather_driven,historically_calibrated,1.93604,0.329127,13.8871,14.0904,0.2009,0.0024
398,1,17,14,weather_driven,historically_calibrated,1.937909,0.329445,13.8936,14.1021,0.2048,0.0038
399,1,17,15,weather_driven,historically_calibrated,2.065314,0.351103,14.3217,14.4832,0.1503,0.0111
400,1,17,16,weather_driven,historically_calibrated,2.375317,0.403804,15.2782,15.3856,0.0829,0.0245
401,1,17,17,weather_driven,historically_calibrated,2.549001,0.43333,15.7687,15.8403,0.0259,0.0457
402,1,17,18,weather_driven,historically_calibrated,2.823071,0.479922,16.4873,16.5638,0.0,0.0764
403,1,17,19,weather_driven,historically_calibrated,3.115669,0.529664,17.1903,17.2936,0.0,0.1032
404,1,17,20,weather_driven,historically_calibrated,3.268641,0.555669,17.5351,17.6383,0.0,0.1032
405,1,17,21,weather_driven,historically_calibrated,3.090638,0.525408,17.1325,17.2866,0.0,0.1541
406,1,17,22,weather_driven,historically_calibrated,2.835815,0.482089,16.5192,16.6548,0.0,0.1356
407,1,17,23,weather_driven,historically_calibrated,2.65896,0.452023,16.0647,16.1539,0.0,0.0892
408,1,17,24,weather_driven,historically_calibrated,1.639035,0.278636,12.7909,12.8559,0.0,0.065
409,1,18,1,weather_driven,historically_calibrated,1.607963,0.273354,12.6672,12.7219,0.0,0.0548
410,1,18,2,weather_driven,historically_calibrated,1.617876,0.275039,12.7068,12.7718,0.0,0.065
411,1,18,3,weather_driven,historically_calibrated,1.643968,0.279475,12.8103,12.8868,0.0,0.0764
412,1,18,4,weather_driven,historically_calibrated,1.692729,0.287764,13.0003,13.0653,0.0,0.065
413,1,18,5,weather_driven,historically_calibrated,1.764345,0.299939,13.2715,13.3263,0.0,0.0548
414,1,18,6,weather_driven,historically_calibrated,1.870324,0.317955,13.6569,13.7117,0.0,0.0548
415,1,18,7,weather_driven,historically_calibrated,2.882459,0.490018,16.635,16.6898,0.0,0.0548
416,1,18,8,weather_driven,historically_calibrated,3.083204,0.524145,17.1153,17.1917,0.0,0.0764
417,1,18,9,weather_driven,historically_calibrated,3.085481,0.524532,17.1205,17.2123,0.0026,0.0892
418,1,18,10,weather_driven,historically_calibrated,2.865178,0.48708,16.5923,16.7154,0.0467,0.0764
419,1,18,11,weather_driven,historically_calibrated,2.609974,0.443696,15.9342,16.1571,0.1464,0.0764
420,1,18,12,weather_driven,historically_calibrated,2.346059,0.39883,15.1926,15.5065,0.2592,0.0548
421,1,18,13,weather_driven,historically_calibrated,2.264218,0.384917,14.9482,15.332,0.3188,0.065
422,1,18,14,weather_driven,historically_calibrated,2.27627,0.386966,14.9846,15.354,0.2929,0.0764
423,1,18,15,weather_driven,historically_calibrated,2.468982,0.419727,15.5464,15.8224,0.1996,0.0764
424,1,18,16,weather_driven,historically_calibrated,2.723265,0.462955,16.2329,16.4991,0.092,0.1741
425,1,18,17,weather_driven,historically_calibrated,3.003975,0.510676,16.9291,17.1731,0.0246,0.2194
426,1,18,18,weather_driven,historically_calibrated,3.285953,0.558612,17.5732,17.8178,0.0,0.2447
427,1,18,19,weather_driven,historically_calibrated,3.435114,0.583969,17.8944,18.139,0.0,0.2447
428,1,18,20,weather_driven,historically_calibrated,3.424238,0.582121,17.8714,18.116,0.0,0.2447
429,1,18,21,weather_driven,historically_calibrated,3.077302,0.523141,17.1015,17.4025,0.0,0.3009
430,1,18,22,weather_driven,historically_calibrated,2.824025,0.480084,16.4897,16.8217,0.0,0.332
431,1,18,23,weather_driven,historically_calibrated,2.667244,0.453432,16.0866,16.2607,0.0,0.1741
432,1,18,24,weather_driven,historically_calibrated,1.686706,0.28674,12.9771,13.1127,0.0,0.1356
433,1,19,1,weather_driven,historically_calibrated,1.633973,0.277775,12.7708,12.9249,0.0,0.1541
434,1,19,2,weather_driven,historically_calibrated,1.667092,0.283406,12.901,13.0969,0.0,0.1959
435,1,19,3,weather_driven,historically_calibrated,1.722856,0.292886,13.1155,13.3349,0.0,0.2194
436,1,19,4,weather_driven,historically_calibrated,1.794657,0.305092,13.3836,13.5578,0.0,0.1741
437,1,19,5,weather_driven,historically_calibrated,1.863082,0.316724,13.6312,13.7853,0.0,0.1541
438,1,19,6,weather_driven,historically_calibrated,1.962929,0.333698,13.9794,14.0981,0.0,0.1187
439,1,19,7,weather_driven,historically_calibrated,3.056058,0.51953,17.0519,17.1706,0.0,0.1187
440,1,19,8,weather_driven,historically_calibrated,3.258167,0.553888,17.5119,17.6306,0.0,0.1187
441,1,19,9,weather_driven,historically_calibrated,3.275487,0.556833,17.5502,17.656,0.0026,0.1032
442,1,19,10,weather_driven,historically_calibrated,3.008954,0.511522,16.9409,17.0449,0.0492,0.0548
443,1,19,11,weather_driven,historically_calibrated,2.666037,0.453226,16.0834,16.2643,0.1503,0.0306
444,1,19,12,weather_driven,historically_calibrated,2.462031,0.418545,15.5268,15.8205,0.2631,0.0306
445,1,19,13,weather_driven,historically_calibrated,2.234497,0.379865,14.8576,15.2285,0.3253,0.0457
446,1,19,14,weather_driven,historically_calibrated,2.301296,0.39122,15.0598,15.4061,0.3007,0.0457
447,1,19,15,weather_driven,historically_calibrated,2.54845,0.433237,15.7672,15.9832,0.2048,0.0111
448,1,19,16,weather_driven,historically_calibrated,2.855706,0.48547,16.5688,16.6661,0.0959,0.0014
449,1,19,17,weather_driven,historically_calibrated,3.169302,0.538781,17.3129,17.3469,0.0259,0.0081
450,1,19,18,weather_driven,historically_calibrated,3.472311,0.590293,17.9725,17.997,0.0,0.0245
451,1,19,19,weather_driven,historically_calibrated,3.666823,0.62336,18.3694,18.3806,0.0,0.0111
452,1,19,20,weather_driven,historically_calibrated,3.474616,0.590685,17.9773,17.9966,0.0,0.0193
453,1,19,21,weather_driven,historically_calibrated,3.280613,0.557704,17.5614,17.5763,0.0,0.0148
454,1,19,22,weather_driven,historically_calibrated,3.024402,0.514148,16.9775,16.9886,0.0,0.0111
455,1,19,23,weather_driven,historically_calibrated,2.79524,0.475191,16.4172,16.421,0.0,0.0038
456,1,19,24,weather_driven,historically_calibrated,1.756114,0.298539,13.2408,13.2411,0.0,0.0003
457,1,20,1,weather_driven,historically_calibrated,1.440394,0.244867,11.9656,11.9656,0.0,0.0
458,1,20,2,weather_driven,historically_calibrated,1.459265,0.248075,12.0477,12.0491,0.0,0.0014
459,1,20,3,weather_driven,historically_calibrated,1.475287,0.250799,12.1168,12.1182,0.0,0.0014
460,1,20,4,weather_driven,historically_calibrated,1.514737,0.257505,12.2844,12.2844,0.0,0.0
461,1,20,5,weather_driven,historically_calibrated,1.573777,0.267542,12.5289,12.5289,0.0,0.0
462,1,20,6,weather_driven,historically_calibrated,1.664602,0.282982,12.8913,12.8913,0.0,0.0
463,1,20,7,weather_driven,historically_calibrated,2.505814,0.425988,15.6495,15.6495,0.0,0.0
464,1,20,8,weather_driven,historically_calibrated,2.641442,0.449045,16.0183,16.0183,0.0,0.0
465,1,20,9,weather_driven,historically_calibrated,2.629252,0.446973,15.9858,15.9884,0.0026,0.0
466,1,20,10,weather_driven,historically_calibrated,2.427905,0.412744,15.4299,15.4792,0.0492,0.0001
467,1,20,11,weather_driven,historically_calibrated,2.218573,0.377157,14.8086,14.9632,0.1542,0.0003
468,1,20,12,weather_driven,historically_calibrated,2.010466,0.341779,14.1402,14.4104,0.2696,0.0007
469,1,20,13,weather_driven,historically_calibrated,1.903789,0.323644,13.775,14.1054,0.3305,0.0
470,1,20,14,weather_driven,historically_calibrated,1.94436,0.330541,13.9158,14.2216,0.3059,0.0
471,1,20,15,weather_driven,historically_calibrated,2.088098,0.354977,14.396,14.6059,0.21,0.0
472,1,20,16,weather_driven,historically_calibrated,2.308271,0.392406,15.0807,15.1792,0.0985,0.0
473,1,20,17,weather_driven,historically_calibrated,2.629047,0.446938,15.9852,16.0125,0.0272,0.0
474,1,20,18,weather_driven,historically_calibrated,2.917943,0.49605,16.722,16.7221,0.0,0.0001
475,1,20,19,weather_driven,historically_calibrated,2.972736,0.505365,16.8545,16.8546,0.0,0.0001
476,1,20,20,weather_driven,historically_calibrated,2.962897,0.503693,16.8308,16.8316,0.0,0.0007
477,1,20,21,weather_driven,historically_calibrated,2.823857,0.480056,16.4893,16.49,0.0,0.0007
478,1,20,22,weather_driven,historically_calibrated,2.629112,0.446949,15.9854,15.9878,0.0,0.0024
479,1,20,23,weather_driven,historically_calibrated,2.449868,0.416477,15.4924,15.5005,0.0,0.0081
480,1,20,24,weather_driven,historically_calibrated,1.581599,0.268872,12.5607,12.5756,0.0,0.0148
481,1,21,1,weather_driven,historically_calibrated,1.530892,0.260252,12.352,12.3765,0.0,0.0245
482,1,21,2,weather_driven,historically_calibrated,1.549613,0.263434,12.4297,12.4603,0.0,0.0306
483,1,21,3,weather_driven,historically_calibrated,1.56495,0.266042,12.4928,12.5304,0.0,0.0376
484,1,21,4,weather_driven,historically_calibrated,1.608441,0.273435,12.6691,12.6997,0.0,0.0306
485,1,21,5,weather_driven,historically_calibrated,1.663838,0.282853,12.8883,12.9128,0.0,0.0245
486,1,21,6,weather_driven,historically_calibrated,1.752565,0.297936,13.2275,13.2468,0.0,0.0193
487,1,21,7,weather_driven,historically_calibrated,2.659992,0.452199,16.0674,16.0919,0.0,0.0245
488,1,21,8,weather_driven,historically_calibrated,2.842472,0.48322,16.5358,16.5735,0.0,0.0376
489,1,21,9,weather_driven,historically_calibrated,2.804771,0.476811,16.4413,16.4986,0.0026,0.0548
490,1,21,10,weather_driven,historically_calibrated,2.525692,0.429368,15.7046,15.8329,0.0518,0.0764
491,1,21,11,weather_driven,historically_calibrated,2.192748,0.372767,14.7286,14.9632,0.1581,0.0764
492,1,21,12,weather_driven,historically_calibrated,1.967126,0.334411,13.9938,14.3142,0.2748,0.0457
493,1,21,13,weather_driven,historically_calibrated,1.864345,0.316939,13.6357,14.0103,0.337,0.0376
494,1,21,14,weather_driven,historically_calibrated,1.743061,0.29632,13.1918,13.5498,0.3123,0.0457
495,1,21,15,weather_driven,historically_calibrated,2.03971,0.346751,14.2375,14.5074,0.2151,0.0548
496,1,21,16,weather_driven,historically_calibrated,2.291711,0.389591,15.0311,15.1792,0.1024,0.0457
497,1,21,17,weather_driven,historically_calibrated,2.584566,0.439376,15.8657,15.9592,0.0285,0.065
498,1,21,18,weather_driven,historically_calibrated,2.891427,0.491543,16.6571,16.7221,0.0,0.065
499,1,21,19,weather_driven,historically_calibrated,2.964077,0.503893,16.8337,16.9101,0.0,0.0764
500,1,21,20,weather_driven,historically_calibrated,2.943184,0.500341,16.7833,16.8865,0.0,0.1032
501,1,21,21,weather_driven,historically_calibrated,2.767797,0.470526,16.3474,16.5433,0.0,0.1959
502,1,21,22,weather_driven,historically_calibrated,2.500861,0.425146,15.6357,15.9366,0.0,0.3009
503,1,21,23,weather_driven,historically_calibrated,2.181001,0.37077,14.6919,15.3531,0.0,0.6611
504,1,21,24,weather_driven,historically_calibrated,1.499638,0.254939,12.2206,12.3393,0.0,0.1187
505,1,22,1,weather_driven,historically_calibrated,1.652182,0.280871,12.8427,13.0873,0.0,0.2447
506,1,22,2,weather_driven,historically_calibrated,1.633998,0.27778,12.7709,13.0156,0.0,0.2447
507,1,22,3,weather_driven,historically_calibrated,1.597892,0.271642,12.6267,12.8461,0.0,0.2194
508,1,22,4,weather_driven,historically_calibrated,1.627977,0.276756,12.7471,12.9011,0.0,0.1541
509,1,22,5,weather_driven,historically_calibrated,1.684658,0.286392,12.9692,13.0342,0.0,0.065
510,1,22,6,weather_driven,historically_calibrated,1.782178,0.30297,13.3376,13.3682,0.0,0.0306
511,1,22,7,weather_driven,historically_calibrated,2.689062,0.457141,16.1439,16.2089,0.0,0.065
512,1,22,8,weather_driven,historically_calibrated,2.741355,0.46603,16.2796,16.3688,0.0,0.0892
513,1,22,9,weather_driven,historically_calibrated,2.525679,0.429365,15.7046,15.8258,0.0026,0.1187
514,1,22,10,weather_driven,historically_calibrated,2.348266,0.399205,15.1991,15.2875,0.0428,0.0457
515,1,22,11,weather_driven,historically_calibrated,1.826928,0.310578,13.5013,13.6373,0.1115,0.0245
516,1,22,12,weather_driven,historically_calibrated,1.613674,0.274325,12.6901,12.8904,0.1698,0.0306
517,1,22,13,weather_driven,historically_calibrated,1.559188,0.265062,12.4691,12.6419,0.1646,0.0081
518,1,22,14,weather_driven,historically_calibrated,1.570659,0.267012,12.5161,12.6417,0.1231,0.0024
519,1,22,15,weather_driven,historically_calibrated,1.637955,0.278452,12.7866,12.8761,0.0881,0.0014
520,1,22,16,weather_driven,historically_calibrated,1.809232,0.30757,13.437,13.4928,0.0557,0.0001
521,1,22,17,weather_driven,historically_calibrated,1.994074,0.338993,14.0851,14.1019,0.0168,0.0
522,1,22,18,weather_driven,historically_calibrated,2.149582,0.365429,14.593,14.593,0.0,0.0
523,1,22,19,weather_driven,historically_calibrated,2.280478,0.387681,14.9973,14.9987,0.0,0.0014
524,1,22,20,weather_driven,historically_calibrated,2.386019,0.405623,15.3093,15.3093,0.0,0.0
525,1,22,21,weather_driven,historically_calibrated,2.233062,0.379621,14.8532,14.8532,0.0,0.0
526,1,22,22,weather_driven,historically_calibrated,2.030495,0.345184,14.2069,14.2069,0.0,0.0
527,1,22,23,weather_driven,historically_calibrated,1.911852,0.325015,13.8031,13.8031,0.0,0.0
528,1,22,24,weather_driven,historically_calibrated,1.333911,0.226765,11.4862,11.4862,0.0,0.0
529,1,23,1,weather_driven,historically_calibrated,1.252098,0.212857,11.0977,11.098,0.0,0.0003
530,1,23,2,weather_driven,historically_calibrated,1.321773,0.224701,11.4297,11.4311,0.0,0.0014
531,1,23,3,weather_driven,historically_calibrated,1.346036,0.228826,11.5423,11.5426,0.0,0.0003
532,1,23,4,weather_driven,historically_calibrated,1.347035,0.228996,11.5469,11.5469,0.0,0.0
533,1,23,5,weather_driven,historically_calibrated,1.325795,0.225385,11.4485,11.4485,0.0,0.0
534,1,23,6,weather_driven,historically_calibrated,1.369706,0.23285,11.6505,11.6509,0.0,0.0003
535,1,23,7,weather_driven,historically_calibrated,1.911841,0.325013,13.8031,13.8045,0.0,0.0014
536,1,23,8,weather_driven,historically_calibrated,1.955334,0.332407,13.9535,13.9549,0.0,0.0014
537,1,23,9,weather_driven,historically_calibrated,1.871086,0.318085,13.6597,13.663,0.0026,0.0007
538,1,23,10,weather_driven,historically_calibrated,1.753382,0.298075,13.2306,13.2555,0.0246,0.0003
539,1,23,11,weather_driven,historically_calibrated,1.585143,0.269474,12.5751,12.6186,0.0428,0.0007
540,1,23,12,weather_driven,historically_calibrated,1.444565,0.245576,11.9838,12.0532,0.0687,0.0007
541,1,23,13,weather_driven,historically_calibrated,1.358374,0.230924,11.5989,11.7106,0.1115,0.0003
542,1,23,14,weather_driven,historically_calibrated,1.360408,0.231269,11.6082,11.7028,0.0946,0.0
543,1,23,15,weather_driven,historically_calibrated,1.460319,0.248254,12.0523,12.1262,0.0739,0.0
544,1,23,16,weather_driven,historically_calibrated,1.641045,0.278978,12.7988,12.8247,0.0259,0.0
545,1,23,17,weather_driven,historically_calibrated,1.848162,0.314187,13.5778,13.5804,0.0026,0.0
546,1,23,18,weather_driven,historically_calibrated,2.003051,0.340519,14.1153,14.1153,0.0,0.0
547,1,23,19,weather_driven,historically_calibrated,2.106424,0.358092,14.4552,14.4552,0.0,0.0
548,1,23,20,weather_driven,historically_calibrated,2.092778,0.355772,14.4112,14.4136,0.0,0.0024
549,1,23,21,weather_driven,historically_calibrated,1.862972,0.316705,13.6308,13.6365,0.0,0.0057
550,1,23,22,weather_driven,historically_calibrated,1.713375,0.291274,13.0794,13.0942,0.0,0.0148
551,1,23,23,weather_driven,historically_calibrated,1.579292,0.26848,12.5513,12.6278,0.0,0.0764
552,1,23,24,weather_driven,historically_calibrated,1.095408,0.186219,10.2975,10.4162,0.0,0.1187
553,1,24,1,weather_driven,historically_calibrated,1.060831,0.180341,10.1098,10.2455,0.0,0.1356
554,1,24,2,weather_driven,historically_calibrated,1.149195,0.195363,10.5812,10.6998,0.0,0.1187
555,1,24,3,weather_driven,historically_calibrated,1.154202,0.196214,10.6071,10.9723,0.0,0.3652
556,1,24,4,weather_driven,historically_calibrated,1.078435,0.183334,10.2059,10.644,0.0,0.4381
557,1,24,5,weather_driven,historically_calibrated,1.158318,0.196914,10.6283,11.2399,0.0,0.6116
558,1,24,6,weather_driven,historically_calibrated,1.265254,0.215093,11.1615,11.8226,0.0,0.6611
559,1,24,7,weather_driven,historically_calibrated,2.218444,0.377135,14.8082,15.1403,0.0,0.332
560,1,24,8,weather_driven,historically_calibrated,2.472516,0.420328,15.5564,15.7104,0.0,0.1541
561,1,24,9,weather_driven,historically_calibrated,2.387246,0.405832,15.3129,15.8813,0.0039,0.5645
562,1,24,10,weather_driven,historically_calibrated,2.091023,0.355474,14.4055,14.7932,0.0557,0.332
563,1,24,11,weather_driven,historically_calibrated,1.867293,0.31744,13.6462,14.1734,0.162,0.3652
564,1,24,12,weather_driven,historically_calibrated,1.461112,0.248389,12.0557,12.6288,0.2722,0.3009
565,1,24,13,weather_driven,historically_calibrated,1.320466,0.224479,11.4236,12.1245,0.3357,0.3652
566,1,24,14,weather_driven,historically_calibrated,1.235569,0.210047,11.0169,11.8071,0.3123,0.4779
567,1,24,15,weather_driven,historically_calibrated,1.295757,0.220279,11.3073,12.1797,0.2112,0.6611
568,1,24,16,weather_driven,historically_calibrated,1.570869,0.267048,12.517,13.1031,0.0661,0.52
569,1,24,17,weather_driven,historically_calibrated,1.883152,0.320136,13.7024,14.2178,0.0376,0.4779
570,1,24,18,weather_driven,historically_calibrated,2.080215,0.353637,14.3704,14.7722,0.0013,0.4005
571,1,24,19,weather_driven,historically_calibrated,2.304743,0.391806,15.0701,16.0858,0.0,1.0156
572,1,24,20,weather_driven,historically_calibrated,2.288127,0.388982,15.0204,15.9065,0.0,0.8861
573,1,24,21,weather_driven,historically_calibrated,2.315072,0.393562,15.1009,16.1858,0.0,1.0848
574,1,24,22,weather_driven,historically_calibrated,2.27995,0.387591,14.9957,15.7091,0.0,0.7133
575,1,24,23,weather_driven,historically_calibrated,2.280139,0.387624,14.9963,15.1922,0.0,0.1959
576,1,24,24,weather_driven,historically_calibrated,1.497202,0.254524,12.2103,12.2995,0.0,0.0892
577,1,25,1,weather_driven,historically_calibrated,1.393037,0.236816,11.7559,11.91,0.0,0.1541
578,1,25,2,weather_driven,historically_calibrated,1.404064,0.238691,11.8052,11.9593,0.0,0.1541
579,1,25,3,weather_driven,historically_calibrated,1.435044,0.243958,11.9422,12.0314,0.0,0.0892
580,1,25,4,weather_driven,historically_calibrated,1.467852,0.249535,12.0848,12.2035,0.0,0.1187
581,1,25,5,weather_driven,historically_calibrated,1.529636,0.260038,12.3468,12.45,0.0,0.1032
582,1,25,6,weather_driven,historically_calibrated,1.624598,0.276182,12.7336,12.8101,0.0,0.0764
583,1,25,7,weather_driven,historically_calibrated,2.568967,0.436724,15.8233,15.8883,0.0,0.065
584,1,25,8,weather_driven,historically_calibrated,2.718836,0.462202,16.2214,16.2591,0.0,0.0376
585,1,25,9,weather_driven,historically_calibrated,2.74508,0.466664,16.2892,16.325,0.0052,0.0306
586,1,25,10,weather_driven,historically_calibrated,2.67739,0.455156,16.1133,16.2211,0.0622,0.0457
587,1,25,11,weather_driven,historically_calibrated,2.222151,0.377766,14.8197,15.0312,0.1659,0.0457
588,1,25,12,weather_driven,historically_calibrated,1.891106,0.321488,13.7304,14.0415,0.2735,0.0376
589,1,25,13,weather_driven,historically_calibrated,1.716826,0.29186,13.0926,13.4179,0.3253,0.0
590,1,25,14,weather_driven,historically_calibrated,1.749079,0.297343,13.2144,13.4762,0.2618,0.0
591,1,25,15,weather_driven,historically_calibrated,1.858752,0.315988,13.6157,13.7868,0.1711,0.0
592,1,25,16,weather_driven,historically_calibrated,2.008867,0.341507,14.1348,14.2165,0.0816,0.0001
593,1,25,17,weather_driven,historically_calibrated,2.281313,0.387823,14.9999,15.0291,0.0285,0.0007
594,1,25,18,weather_driven,historically_calibrated,2.687813,0.456928,16.1406,16.1457,0.0013,0.0038
595,1,25,19,weather_driven,historically_calibrated,2.698644,0.458769,16.1689,16.2065,0.0,0.0376
596,1,25,20,weather_driven,historically_calibrated,2.695008,0.458151,16.1594,16.2051,0.0,0.0457
597,1,25,21,weather_driven,historically_calibrated,2.838659,0.482572,16.5263,16.5913,0.0,0.065
598,1,25,22,weather_driven,historically_calibrated,2.845918,0.483806,16.5444,16.5992,0.0,0.0548
599,1,25,23,weather_driven,historically_calibrated,2.646681,0.449936,16.0322,16.047,0.0,0.0148
600,1,25,24,weather_driven,historically_calibrated,1.654577,0.281278,12.852,12.8559,0.0,0.0038
601,1,26,1,weather_driven,historically_calibrated,1.464946,0.249041,12.0723,12.0724,0.0,0.0001
602,1,26,2,weather_driven,historically_calibrated,1.46701,0.249392,12.0812,12.0812,0.0,0.0
603,1,26,3,weather_driven,historically_calibrated,1.464906,0.249034,12.0721,12.0721,0.0,0.0
604,1,26,4,weather_driven,historically_calibrated,1.485956,0.252613,12.1624,12.1624,0.0,0.0
605,1,26,5,weather_driven,historically_calibrated,1.534378,0.260844,12.3665,12.3665,0.0,0.0
606,1,26,6,weather_driven,historically_calibrated,1.611481,0.273952,12.6813,12.6813,0.0,0.0
607,1,26,7,weather_driven,historically_calibrated,2.553632,0.434117,15.7814,15.7814,0.0,0.0
608,1,26,8,weather_driven,historically_calibrated,2.527803,0.429726,15.7104,15.7104,0.0,0.0
609,1,26,9,weather_driven,historically_calibrated,2.507997,0.42636,15.6556,15.6595,0.0039,0.0
610,1,26,10,weather_driven,historically_calibrated,2.38537,0.405513,15.3074,15.3424,0.035,0.0
611,1,26,11,weather_driven,historically_calibrated,2.075381,0.352815,14.3546,14.4415,0.0868,0.0
612,1,26,12,weather_driven,historically_calibrated,1.801338,0.306227,13.4081,13.5183,0.1102,0.0
613,1,26,13,weather_driven,historically_calibrated,1.73057,0.294197,13.1447,13.2627,0.1179,0.0
614,1,26,14,weather_driven,historically_calibrated,1.778913,0.302415,13.3256,13.4241,0.0985,0.0
615,1,26,15,weather_driven,historically_calibrated,1.896817,0.322459,13.7505,13.7868,0.0363,0.0
616,1,26,16,weather_driven,historically_calibrated,2.044731,0.347604,14.2541,14.2722,0.0181,0.0
617,1,26,17,weather_driven,historically_calibrated,2.287149,0.388815,15.0174,15.0291,0.0117,0.0
618,1,26,18,weather_driven,historically_calibrated,2.689273,0.457176,16.1444,16.1457,0.0013,0.0
619,1,26,19,weather_driven,historically_calibrated,3.030381,0.515165,16.9916,16.9916,0.0,0.0
620,1,26,20,weather_driven,historically_calibrated,2.951029,0.501675,16.8022,16.8022,0.0,0.0
621,1,26,21,weather_driven,historically_calibrated,2.818352,0.47912,16.4755,16.4755,0.0,0.0
622,1,26,22,weather_driven,historically_calibrated,2.629787,0.447064,15.9872,15.9872,0.0,0.0
623,1,26,23,weather_driven,historically_calibrated,2.364148,0.401905,15.2456,15.2456,0.0,0.0
624,1,26,24,weather_driven,historically_calibrated,1.623049,0.275918,12.7275,12.7275,0.0,0.0
625,1,27,1,weather_driven,historically_calibrated,1.231017,0.209273,10.9945,10.9945,0.0,0.0
626,1,27,2,weather_driven,historically_calibrated,1.165681,0.198166,10.6662,10.6662,0.0,0.0
627,1,27,3,weather_driven,historically_calibrated,1.253872,0.213158,11.1063,11.1063,0.0,0.0
628,1,27,4,weather_driven,historically_calibrated,1.286839,0.218763,11.265,11.265,0.0,0.0
629,1,27,5,weather_driven,historically_calibrated,1.318744,0.224187,11.4156,11.4156,0.0,0.0
630,1,27,6,weather_driven,historically_calibrated,1.390472,0.23638,11.7444,11.7458,0.0,0.0014
631,1,27,7,weather_driven,historically_calibrated,2.172621,0.369346,14.6657,14.6664,0.0,0.0007
632,1,27,8,weather_driven,historically_calibrated,2.300874,0.391149,15.0586,15.0593,0.0,0.0007
633,1,27,9,weather_driven,historically_calibrated,2.135859,0.363096,14.5495,14.5598,0.0065,0.0038
634,1,27,10,weather_driven,historically_calibrated,1.978186,0.336292,14.0314,14.115,0.0829,0.0007
635,1,27,11,weather_driven,historically_calibrated,1.694037,0.287986,13.0053,13.1875,0.1814,0.0007
636,1,27,12,weather_driven,historically_calibrated,1.438506,0.244546,11.9574,12.1961,0.2385,0.0003
637,1,27,13,weather_driven,historically_calibrated,1.295218,0.220187,11.3048,11.5829,0.267,0.0111
638,1,27,14,weather_driven,historically_calibrated,1.274631,0.216687,11.2066,11.4864,0.2553,0.0245
639,1,27,15,weather_driven,historically_calibrated,1.342226,0.228178,11.5247,11.7475,0.1983,0.0245
640,1,27,16,weather_driven,historically_calibrated,1.519011,0.258232,12.3023,12.4646,0.1166,0.0457
641,1,27,17,weather_driven,historically_calibrated,1.671139,0.284094,12.9167,13.0271,0.0454,0.065
642,1,27,18,weather_driven,historically_calibrated,1.769754,0.300858,13.2916,13.3707,0.0026,0.0764
643,1,27,19,weather_driven,historically_calibrated,1.792669,0.304754,13.3763,13.4655,0.0,0.0892
644,1,27,20,weather_driven,historically_calibrated,1.744365,0.296542,13.1967,13.3154,0.0,0.1187
645,1,27,21,weather_driven,historically_calibrated,1.641351,0.27903,12.8,12.9187,0.0,0.1187
646,1,27,22,weather_driven,historically_calibrated,1.522237,0.25878,12.3158,12.405,0.0,0.0892
647,1,27,23,weather_driven,historically_calibrated,1.375284,0.233798,11.6759,11.765,0.0,0.0892
648,1,27,24,weather_driven,historically_calibrated,0.91096,0.154863,9.2423,9.3073,0.0,0.065
649,1,28,1,weather_driven,historically_calibrated,0.826281,0.140468,8.7079,8.7535,0.0,0.0457
650,1,28,2,weather_driven,historically_calibrated,0.817065,0.138901,8.6475,8.6852,0.0,0.0376
651,1,28,3,weather_driven,historically_calibrated,0.808944,0.13752,8.594,8.6704,0.0,0.0764
652,1,28,4,weather_driven,historically_calibrated,0.818956,0.139223,8.6599,8.6976,0.0,0.0376
653,1,28,5,weather_driven,historically_calibrated,0.838295,0.14251,8.7859,8.8051,0.0,0.0193
654,1,28,6,weather_driven,historically_calibrated,0.865783,0.147183,8.9615,8.9808,0.0,0.0193
655,1,28,7,weather_driven,historically_calibrated,1.277378,0.217154,11.2198,11.2255,0.0,0.0057
656,1,28,8,weather_driven,historically_calibrated,1.342245,0.228182,11.5248,11.5262,0.0,0.0014
657,1,28,9,weather_driven,historically_calibrated,1.358096,0.230876,11.5976,11.6005,0.0026,0.0003
658,1,28,10,weather_driven,historically_calibrated,1.297453,0.220567,11.3154,11.3361,0.0207,0.0
659,1,28,11,weather_driven,historically_calibrated,1.206814,0.205158,10.8744,10.9186,0.0441,0.0001
660,1,28,12,weather_driven,historically_calibrated,1.146122,0.194841,10.5652,10.6558,0.0881,0.0024
661,1,28,13,weather_driven,historically_calibrated,1.143083,0.194324,10.5494,10.631,0.0778,0.0038
662,1,28,14,weather_driven,historically_calibrated,1.155944,0.196511,10.6161,10.6706,0.0531,0.0014
663,1,28,15,weather_driven,historically_calibrated,1.189165,0.202158,10.7857,10.8604,0.0441,0.0306
664,1,28,16,weather_driven,historically_calibrated,1.280075,0.217613,11.2327,11.389,0.0531,0.1032
665,1,28,17,weather_driven,historically_calibrated,1.421177,0.2416,11.8812,12.0142,0.0298,0.1032
666,1,28,18,weather_driven,historically_calibrated,1.537765,0.26142,12.3806,12.4367,0.0013,0.0548
667,1,28,19,weather_driven,historically_calibrated,1.606963,0.273184,12.6632,12.6877,0.0,0.0245
668,1,28,20,weather_driven,historically_calibrated,1.524714,0.259201,12.3262,12.3265,0.0,0.0003
669,1,28,21,weather_driven,historically_calibrated,1.426792,0.242555,11.9059,11.9059,0.0,0.0
670,1,28,22,weather_driven,historically_calibrated,1.333345,0.226669,11.4836,11.4837,0.0,0.0001
671,1,28,23,weather_driven,historically_calibrated,1.237776,0.210422,11.0278,11.0278,0.0,0.0
672,1,28,24,weather_driven,historically_calibrated,0.852033,0.144846,8.8741,8.8741,0.0,0.0
673,1,29,1,weather_driven,historically_calibrated,0.922374,0.156804,9.3117,9.3117,0.0,0.0
674,1,29,2,weather_driven,historically_calibrated,0.943775,0.160442,9.4403,9.4404,0.0,0.0001
675,1,29,3,weather_driven,historically_calibrated,0.961707,0.16349,9.5465,9.5466,0.0,0.0001
676,1,29,4,weather_driven,historically_calibrated,0.980967,0.166764,9.6591,9.6591,0.0,0.0
677,1,29,5,weather_driven,historically_calibrated,1.016513,0.172807,9.8628,9.8629,0.0,0.0001
678,1,29,6,weather_driven,historically_calibrated,1.052064,0.178851,10.0616,10.0623,0.0,0.0007
679,1,29,7,weather_driven,historically_calibrated,1.558753,0.264988,12.4673,12.4687,0.0,0.0014
680,1,29,8,weather_driven,historically_calibrated,1.62811,0.276779,12.7476,12.7479,0.0,0.0003
681,1,29,9,weather_driven,historically_calibrated,1.620386,0.275466,12.7169,12.7202,0.0026,0.0007
682,1,29,10,weather_driven,historically_calibrated,1.506889,0.256171,12.2513,12.2669,0.0143,0.0014
683,1,29,11,weather_driven,historically_calibrated,1.409144,0.239555,11.8278,11.868,0.0402,0.0
684,1,29,12,weather_driven,historically_calibrated,1.377863,0.234237,11.6875,11.7393,0.048,0.0038
685,1,29,13,weather_driven,historically_calibrated,1.253536,0.213101,11.1047,11.1416,0.022,0.0148
686,1,29,14,weather_driven,historically_calibrated,1.311106,0.222888,11.3798,11.4942,0.0596,0.0548
687,1,29,15,weather_driven,historically_calibrated,1.42415,0.242105,11.8943,12.0726,0.0596,0.1187
688,1,29,16,weather_driven,historically_calibrated,1.574891,0.267732,12.5334,12.8247,0.0467,0.2447
689,1,29,17,weather_driven,historically_calibrated,1.920727,0.326524,13.8341,13.8702,0.0337,0.0024
690,1,29,18,weather_driven,historically_calibrated,2.184145,0.371305,14.7018,14.7125,0.0026,0.0081
691,1,29,19,weather_driven,historically_calibrated,2.458825,0.418,15.5178,15.5422,0.0,0.0245
692,1,29,20,weather_driven,historically_calibrated,2.646193,0.449853,16.0309,16.0856,0.0,0.0548
693,1,29,21,weather_driven,historically_calibrated,2.698008,0.458661,16.1673,16.2437,0.0,0.0764
694,1,29,22,weather_driven,historically_calibrated,2.544818,0.432619,15.7573,15.876,0.0,0.1187
695,1,29,23,weather_driven,historically_calibrated,2.515595,0.427651,15.6767,15.7799,0.0,0.1032
696,1,29,24,weather_driven,historically_calibrated,1.610529,0.27379,12.6775,12.8131,0.0,0.1356
697,1,30,1,weather_driven,historically_calibrated,1.427463,0.242669,11.9089,12.1536,0.0,0.2447
698,1,30,2,weather_driven,historically_calibrated,1.341328,0.228026,11.5205,12.0405,0.0,0.52
699,1,30,3,weather_driven,historically_calibrated,1.257545,0.213783,11.1242,11.9499,0.0,0.8257
700,1,30,4,weather_driven,historically_calibrated,1.180696,0.200718,10.7428,11.6289,0.0,0.8861
701,1,30,5,weather_driven,historically_calibrated,1.231788,0.209404,10.9983,11.8241,0.0,0.8257
702,1,30,6,weather_driven,historically_calibrated,1.210638,0.205808,10.8935,11.7797,0.0,0.8861
703,1,30,7,weather_driven,historically_calibrated,1.828251,0.310803,13.5061,14.3922,0.0,0.8861
704,1,30,8,weather_driven,historically_calibrated,1.890147,0.321325,13.7271,14.6132,0.0,0.8861
705,1,30,9,weather_driven,historically_calibrated,1.76021,0.299236,13.2561,14.273,0.0013,1.0156
706,1,30,10,weather_driven,historically_calibrated,1.495856,0.254296,12.2046,13.5301,0.0143,1.3112
707,1,30,11,weather_driven,historically_calibrated,1.229079,0.208943,10.985,12.5114,0.048,1.4784
708,1,30,12,weather_driven,historically_calibrated,1.049162,0.178358,10.0455,12.0009,0.1011,1.8543
709,1,30,13,weather_driven,historically_calibrated,0.935199,0.158984,9.389,11.5554,0.1024,2.0641
710,1,30,14,weather_driven,historically_calibrated,0.918017,0.156063,9.2853,11.5463,0.197,2.0641
711,1,30,15,weather_driven,historically_calibrated,0.943599,0.160412,9.4392,12.019,0.1724,2.4074
712,1,30,16,weather_driven,historically_calibrated,1.182852,0.201085,10.7537,12.6021,0.0933,1.755
713,1,30,17,weather_driven,historically_calibrated,1.525001,0.25925,12.3274,13.7543,0.0337,1.3932
714,1,30,18,weather_driven,historically_calibrated,2.125475,0.361331,14.5163,15.1305,0.0026,0.6116
715,1,30,19,weather_driven,historically_calibrated,2.531464,0.430349,15.7205,16.0858,0.0,0.3652
716,1,30,20,weather_driven,historically_calibrated,2.853831,0.485151,16.5641,16.6828,0.0,0.1187
717,1,30,21,weather_driven,historically_calibrated,2.803419,0.476581,16.4378,16.4755,0.0,0.0376
718,1,30,22,weather_driven,historically_calibrated,2.538603,0.431562,15.7402,15.7647,0.0,0.0245
719,1,30,23,weather_driven,historically_calibrated,2.285572,0.388547,15.0127,15.0319,0.0,0.0193
720,1,30,24,weather_driven,historically_calibrated,1.333279,0.226657,11.4833,11.6574,0.0,0.1741
721,1,31,1,weather_driven,historically_calibrated,1.133146,0.192635,10.4976,10.9356,0.0,0.4381
722,1,31,2,weather_driven,historically_calibrated,1.022993,0.173909,9.8994,10.9842,0.0,1.0848
723,1,31,3,weather_driven,historically_calibrated,1.163161,0.197737,10.6532,11.0538,0.0,0.4005
724,1,31,4,weather_driven,historically_calibrated,1.155316,0.196404,10.6128,11.0134,0.0,0.4005
725,1,31,5,weather_driven,historically_calibrated,0.733277,0.124657,8.0775,10.8643,0.0,2.7869
726,1,31,6,weather_driven,historically_calibrated,1.068676,0.181675,10.1528,10.921,0.0,0.7682
727,1,31,7,weather_driven,historically_calibrated,1.850469,0.31458,13.5861,13.8579,0.0,0.2718
728,1,31,8,weather_driven,historically_calibrated,2.141954,0.364132,14.5689,14.7229,0.0,0.1541
729,1,31,9,weather_driven,historically_calibrated,2.148477,0.365241,14.5895,14.994,0.0039,0.4005
730,1,31,10,weather_driven,historically_calibrated,1.936493,0.329204,13.8887,14.244,0.0233,0.332
731,1,31,11,weather_driven,historically_calibrated,2.02289,0.343891,14.1816,14.227,0.0454,0.0
732,1,31,12,weather_driven,historically_calibrated,1.789762,0.30426,13.3656,13.5183,0.0635,0.0892
733,1,31,13,weather_driven,historically_calibrated,1.213049,0.206218,10.9055,13.1592,0.0791,2.1746
734,1,31,14,weather_driven,historically_calibrated,1.446214,0.245856,11.991,13.4762,0.092,1.3932
735,1,31,15,weather_driven,historically_calibrated,1.735846,0.295094,13.1647,13.6261,0.0609,0.4005
736,1,31,16,weather_driven,historically_calibrated,1.688471,0.28704,12.9839,14.2722,0.0557,1.2326
737,1,31,17,weather_driven,historically_calibrated,1.921742,0.326696,13.8376,15.087,0.0168,1.2326
738,1,31,18,weather_driven,historically_calibrated,2.653432,0.451083,16.0501,16.2054,0.0013,0.1541
739,1,31,19,weather_driven,historically_calibrated,2.759933,0.469189,16.3273,16.3273,0.0,0.0
740,1,31,20,weather_driven,historically_calibrated,2.597564,0.441586,15.9008,15.9065,0.0,0.0057
741,1,31,21,weather_driven,historically_calibrated,2.271113,0.386089,14.9691,14.9691,0.0,0.0
742,1,31,22,weather_driven,historically_calibrated,2.081252,0.353813,14.3737,14.3738,0.0,0.0001
743,1,31,23,weather_driven,historically_calibrated,1.844983,0.313647,13.5664,13.6429,0.0,0.0764
744,1,31,24,weather_driven,historically_calibrated,1.157322,0.196745,10.6232,11.101,0.0,0.4779
745,2,1,1,weather_driven,historically_calibrated,0.030974,0.005266,0.4559,8.5809,0.0,8.125
746,2,1,2,weather_driven,historically_calibrated,0.849817,0.144469,8.86,9.0341,0.0,0.1741
747,2,1,3,weather_driven,historically_calibrated,0.918595,0.156161,9.2888,9.4244,0.0,0.1356
748,2,1,4,weather_driven,historically_calibrated,0.978819,0.166399,9.6466,9.7822,0.0,0.1356
749,2,1,5,weather_driven,historically_calibrated,1.06013,0.180222,10.106,10.2801,0.0,0.1741
750,2,1,6,weather_driven,historically_calibrated,1.16381,0.197848,10.6566,10.7922,0.0,0.1356
751,2,1,7,weather_driven,historically_calibrated,1.843761,0.313439,13.562,13.6976,0.0,0.1356
752,2,1,8,weather_driven,historically_calibrated,2.01765,0.343,14.1642,14.2292,0.0,0.065
753,2,1,9,weather_driven,historically_calibrated,2.274806,0.386717,14.9802,14.994,0.0026,0.0111
754,2,1,10,weather_driven,historically_calibrated,2.487267,0.422835,15.5978,15.617,0.0168,0.0024
755,2,1,11,weather_driven,historically_calibrated,2.388875,0.406109,15.3176,15.3529,0.035,0.0003
756,2,1,12,weather_driven,historically_calibrated,2.257879,0.383839,14.929,14.9833,0.0505,0.0038
757,2,1,13,weather_driven,historically_calibrated,2.09862,0.356765,14.43,14.5043,0.0661,0.0081
758,2,1,14,weather_driven,historically_calibrated,2.056542,0.349612,14.293,14.4151,0.0674,0.0548
759,2,1,15,weather_driven,historically_calibrated,1.945084,0.330664,13.9183,14.0011,0.0583,0.0245
760,2,1,16,weather_driven,historically_calibrated,1.986562,0.337716,14.0597,14.1052,0.0441,0.0014
761,2,1,17,weather_driven,historically_calibrated,2.188681,0.372076,14.7159,14.7393,0.022,0.0014
762,2,1,18,weather_driven,historically_calibrated,2.666049,0.453228,16.0834,16.086,0.0026,0.0
763,2,1,19,weather_driven,historically_calibrated,2.759933,0.469189,16.3273,16.3273,0.0,0.0
764,2,1,20,weather_driven,historically_calibrated,2.735601,0.465052,16.2648,16.2648,0.0,0.0
765,2,1,21,weather_driven,historically_calibrated,2.795379,0.475215,16.4175,16.4175,0.0,0.0
766,2,1,22,weather_driven,historically_calibrated,2.801223,0.476208,16.4323,16.4323,0.0,0.0
767,2,1,23,weather_driven,historically_calibrated,2.572538,0.437331,15.833,15.8333,0.0,0.0003
768,2,1,24,weather_driven,historically_calibrated,1.601486,0.272253,12.6412,12.6419,0.0,0.0007
769,2,2,1,weather_driven,historically_calibrated,1.43679,0.244254,11.9499,11.9506,0.0,0.0007
770,2,2,2,weather_driven,historically_calibrated,1.429521,0.243019,11.918,11.9187,0.0,0.0007
771,2,2,3,weather_driven,historically_calibrated,1.372834,0.233382,11.6648,11.6648,0.0,0.0
772,2,2,4,weather_driven,historically_calibrated,1.495594,0.254251,12.2035,12.2035,0.0,0.0
773,2,2,5,weather_driven,historically_calibrated,1.637244,0.278332,12.7838,12.7838,0.0,0.0
774,2,2,6,weather_driven,historically_calibrated,1.633038,0.277616,12.7671,12.7671,0.0,0.0
775,2,2,7,weather_driven,historically_calibrated,2.553632,0.434117,15.7814,15.7814,0.0,0.0
776,2,2,8,weather_driven,historically_calibrated,2.468783,0.419693,15.5459,15.5459,0.0,0.0
777,2,2,9,weather_driven,historically_calibrated,2.258033,0.383866,14.9294,14.9385,0.0091,0.0
778,2,2,10,weather_driven,historically_calibrated,2.126654,0.361531,14.5201,14.5735,0.0531,0.0003
779,2,2,11,weather_driven,historically_calibrated,1.840088,0.312815,13.5488,13.6373,0.0881,0.0003
780,2,2,12,weather_driven,historically_calibrated,1.630784,0.277233,12.7582,12.8904,0.1322,0.0
781,2,2,13,weather_driven,historically_calibrated,1.450071,0.246512,12.0078,12.1762,0.1646,0.0038
782,2,2,14,weather_driven,historically_calibrated,1.38405,0.235288,11.7155,11.9636,0.2333,0.0148
783,2,2,15,weather_driven,historically_calibrated,1.460062,0.248211,12.0512,12.2869,0.2164,0.0193
784,2,2,16,weather_driven,historically_calibrated,1.649742,0.280456,12.8331,12.9918,0.1439,0.0148
785,2,2,17,weather_driven,historically_calibrated,1.958459,0.332938,13.9642,14.044,0.0687,0.0111
786,2,2,18,weather_driven,historically_calibrated,2.223246,0.377952,14.823,14.8319,0.0065,0.0024
787,2,2,19,weather_driven,historically_calibrated,2.467394,0.419457,15.5419,15.5422,0.0,0.0003
788,2,2,20,weather_driven,historically_calibrated,2.469579,0.419828,15.5481,15.5482,0.0,0.0001
789,2,2,21,weather_driven,historically_calibrated,2.469451,0.419807,15.5477,15.5484,0.0,0.0007
790,2,2,22,weather_driven,historically_calibrated,2.332506,0.396526,15.1526,15.1527,0.0,0.0001
791,2,2,23,weather_driven,historically_calibrated,2.291883,0.38962,15.0316,15.0319,0.0,0.0003
792,2,2,24,weather_driven,historically_calibrated,1.497873,0.254638,12.2131,12.2139,0.0,0.0007
793,2,3,1,weather_driven,historically_calibrated,1.230872,0.209248,10.9938,10.9945,0.0,0.0007
794,2,3,2,weather_driven,historically_calibrated,1.263307,0.214762,11.152,11.1521,0.0,0.0
795,2,3,3,weather_driven,historically_calibrated,1.277171,0.217119,11.2188,11.2188,0.0,0.0
796,2,3,4,weather_driven,historically_calibrated,1.271065,0.216081,11.1894,11.1894,0.0,0.0
797,2,3,5,weather_driven,historically_calibrated,1.302408,0.221409,11.3388,11.3388,0.0,0.0
798,2,3,6,weather_driven,historically_calibrated,1.296587,0.22042,11.3113,11.3113,0.0,0.0
799,2,3,7,weather_driven,historically_calibrated,1.962566,0.333636,13.9782,13.9782,0.0,0.0
800,2,3,8,weather_driven,historically_calibrated,2.074779,0.352712,14.3527,14.3527,0.0,0.0
801,2,3,9,weather_driven,historically_calibrated,2.10479,0.357814,14.45,14.4577,0.0078,0.0
802,2,3,10,weather_driven,historically_calibrated,2.000651,0.340111,14.1072,14.1655,0.0583,0.0
803,2,3,11,weather_driven,historically_calibrated,1.694203,0.288014,13.006,13.1382,0.1322,0.0
804,2,3,12,weather_driven,historically_calibrated,1.371453,0.233147,11.6585,11.9073,0.2488,0.0
805,2,3,13,weather_driven,historically_calibrated,1.154338,0.196237,10.6078,10.9642,0.3564,0.0
806,2,3,14,weather_driven,historically_calibrated,1.094159,0.186007,10.2908,10.6226,0.3318,0.0
807,2,3,15,weather_driven,historically_calibrated,1.16565,0.198161,10.666,10.9096,0.2436,0.0
808,2,3,16,weather_driven,historically_calibrated,1.309498,0.222615,11.3722,11.4915,0.1192,0.0
809,2,3,17,weather_driven,historically_calibrated,1.55232,0.263894,12.4409,12.494,0.0531,0.0
810,2,3,18,weather_driven,historically_calibrated,1.716015,0.291723,13.0895,13.096,0.0065,0.0
811,2,3,19,weather_driven,historically_calibrated,1.910615,0.324805,13.7988,13.7988,0.0,0.0
812,2,3,20,weather_driven,historically_calibrated,2.010274,0.341747,14.1395,14.1395,0.0,0.0
813,2,3,21,weather_driven,historically_calibrated,1.902811,0.323478,13.7715,13.7715,0.0,0.0
814,2,3,22,weather_driven,historically_calibrated,1.765315,0.300104,13.2751,13.2751,0.0,0.0
815,2,3,23,weather_driven,historically_calibrated,1.628224,0.276798,12.748,12.748,0.0,0.0
816,2,3,24,weather_driven,historically_calibrated,1.131432,0.192344,10.4886,10.4886,0.0,0.0
817,2,4,1,weather_driven,historically_calibrated,1.05192,0.178826,10.0608,10.0608,0.0,0.0
818,2,4,2,weather_driven,historically_calibrated,1.073707,0.18253,10.1802,10.1802,0.0,0.0
819,2,4,3,weather_driven,historically_calibrated,1.092493,0.185724,10.2819,10.2819,0.0,0.0
820,2,4,4,weather_driven,historically_calibrated,1.16465,0.197991,10.6609,10.6609,0.0,0.0
821,2,4,5,weather_driven,historically_calibrated,1.215198,0.206584,10.9162,10.9165,0.0,0.0003
822,2,4,6,weather_driven,historically_calibrated,1.279845,0.217574,11.2316,11.2323,0.0,0.0007
823,2,4,7,weather_driven,historically_calibrated,1.9323,0.328491,13.8742,13.8799,0.0,0.0057
824,2,4,8,weather_driven,historically_calibrated,2.021423,0.343642,14.1768,14.2012,0.0,0.0245
825,2,4,9,weather_driven,historically_calibrated,1.883176,0.32014,13.7025,13.7434,0.0104,0.0306
826,2,4,10,weather_driven,historically_calibrated,1.679487,0.285513,12.9491,13.054,0.0804,0.0245
827,2,4,11,weather_driven,historically_calibrated,1.537544,0.261382,12.3797,12.5956,0.2048,0.0111
828,2,4,12,weather_driven,historically_calibrated,1.36393,0.231868,11.6243,11.9555,0.3305,0.0007
829,2,4,13,weather_driven,historically_calibrated,1.183156,0.201137,10.7553,11.1546,0.3979,0.0014
830,2,4,14,weather_driven,historically_calibrated,1.110775,0.188832,10.3796,10.7666,0.3758,0.0111
831,2,4,15,weather_driven,historically_calibrated,1.153668,0.196124,10.6043,10.9096,0.2748,0.0306
832,2,4,16,weather_driven,historically_calibrated,1.35065,0.22961,11.5635,11.7475,0.1464,0.0376
833,2,4,17,weather_driven,historically_calibrated,1.582519,0.269028,12.5645,12.6539,0.0518,0.0376
834,2,4,18,weather_driven,historically_calibrated,1.75285,0.297985,13.2286,13.3707,0.0065,0.1356
835,2,4,19,weather_driven,historically_calibrated,1.888382,0.321025,13.7208,13.9655,0.0,0.2447
836,2,4,20,weather_driven,historically_calibrated,1.930422,0.328172,13.8677,14.1395,0.0,0.2718
837,2,4,21,weather_driven,historically_calibrated,1.856117,0.31554,13.6063,13.8781,0.0,0.2718
838,2,4,22,weather_driven,historically_calibrated,1.808643,0.307469,13.4348,13.7358,0.0,0.3009
839,2,4,23,weather_driven,historically_calibrated,1.702266,0.289385,13.0369,13.3379,0.0,0.3009
840,2,4,24,weather_driven,historically_calibrated,1.177916,0.200246,10.7287,11.0005,0.0,0.2718
841,2,5,1,weather_driven,historically_calibrated,1.254703,0.2133,11.1104,11.3822,0.0,0.2718
842,2,5,2,weather_driven,historically_calibrated,1.273247,0.216452,11.1999,11.4718,0.0,0.2718
843,2,5,3,weather_driven,historically_calibrated,1.296628,0.220427,11.3115,11.5833,0.0,0.2718
844,2,5,4,weather_driven,historically_calibrated,1.326358,0.225481,11.4511,11.7521,0.0,0.3009
845,2,5,5,weather_driven,historically_calibrated,1.434635,0.243888,11.9404,12.2413,0.0,0.3009
846,2,5,6,weather_driven,historically_calibrated,1.443708,0.24543,11.9801,12.2519,0.0,0.2718
847,2,5,7,weather_driven,historically_calibrated,2.264495,0.384964,14.949,15.1937,0.0,0.2447
848,2,5,8,weather_driven,historically_calibrated,2.388619,0.406065,15.3168,15.491,0.0,0.1741
849,2,5,9,weather_driven,historically_calibrated,2.177291,0.37014,14.6803,14.8276,0.0117,0.1356
850,2,5,10,weather_driven,historically_calibrated,1.806118,0.30704,13.4256,13.585,0.0829,0.0764
851,2,5,11,weather_driven,historically_calibrated,1.511525,0.256959,12.2708,12.5114,0.21,0.0306
852,2,5,12,weather_driven,historically_calibrated,1.240574,0.210898,11.0415,11.4254,0.3383,0.0457
853,2,5,13,weather_driven,historically_calibrated,1.120354,0.19046,10.4303,10.8829,0.4069,0.0457
854,2,5,14,weather_driven,historically_calibrated,1.079124,0.183451,10.2097,10.6596,0.3849,0.065
855,2,5,15,weather_driven,historically_calibrated,1.16702,0.198393,10.673,11.0012,0.2825,0.0457
856,2,5,16,weather_driven,historically_calibrated,1.443516,0.245398,11.9793,12.1567,0.1529,0.0245
857,2,5,17,weather_driven,historically_calibrated,1.736514,0.295207,13.1672,13.2328,0.0544,0.0111
858,2,5,18,weather_driven,historically_calibrated,1.981349,0.336829,14.0421,14.0556,0.0078,0.0057
859,2,5,19,weather_driven,historically_calibrated,2.201489,0.374253,14.7558,14.7572,0.0,0.0014
860,2,5,20,weather_driven,historically_calibrated,2.385919,0.405606,15.309,15.3093,0.0,0.0003
861,2,5,21,weather_driven,historically_calibrated,2.428742,0.412886,15.4323,15.4326,0.0,0.0003
862,2,5,22,weather_driven,historically_calibrated,2.295125,0.390171,15.0414,15.0414,0.0,0.0001
863,2,5,23,weather_driven,historically_calibrated,2.291983,0.389637,15.0319,15.0319,0.0,0.0
864,2,5,24,weather_driven,historically_calibrated,1.498042,0.254667,12.2139,12.2139,0.0,0.0
865,2,6,1,weather_driven,historically_calibrated,1.355379,0.230414,11.5852,11.5852,0.0,0.0
866,2,6,2,weather_driven,historically_calibrated,1.366128,0.232242,11.6343,11.6343,0.0,0.0
867,2,6,3,weather_driven,historically_calibrated,1.36388,0.23186,11.624,11.624,0.0,0.0
868,2,6,4,weather_driven,historically_calibrated,1.38306,0.23512,11.711,11.711,0.0,0.0
869,2,6,5,weather_driven,historically_calibrated,1.43665,0.244231,11.9492,11.9492,0.0,0.0
870,2,6,6,weather_driven,historically_calibrated,1.507041,0.256197,12.2519,12.2519,0.0,0.0
871,2,6,7,weather_driven,historically_calibrated,2.346435,0.398894,15.1937,15.1937,0.0,0.0
872,2,6,8,weather_driven,historically_calibrated,2.488324,0.423015,15.6007,15.6007,0.0,0.0
873,2,6,9,weather_driven,historically_calibrated,2.524735,0.429205,15.702,15.7149,0.013,0.0
874,2,6,10,weather_driven,historically_calibrated,2.132992,0.362609,14.5403,14.6285,0.0881,0.0
875,2,6,11,weather_driven,historically_calibrated,1.804453,0.306757,13.4195,13.6373,0.2177,0.0
876,2,6,12,weather_driven,historically_calibrated,1.501344,0.255229,12.2279,12.5765,0.3486,0.0
877,2,6,13,weather_driven,historically_calibrated,1.292531,0.21973,11.292,11.7106,0.4186,0.0
878,2,6,14,weather_driven,historically_calibrated,1.252337,0.212897,11.0989,11.4942,0.3953,0.0
879,2,6,15,weather_driven,historically_calibrated,1.328173,0.225789,11.4596,11.7512,0.2916,0.0
880,2,6,16,weather_driven,historically_calibrated,1.621427,0.275643,12.721,12.8804,0.1594,0.0
881,2,6,17,weather_driven,historically_calibrated,2.016644,0.342829,14.1608,14.2178,0.057,0.0
882,2,6,18,weather_driven,historically_calibrated,2.342615,0.398245,15.1825,15.1902,0.0078,0.0
883,2,6,19,weather_driven,historically_calibrated,2.489009,0.423131,15.6026,15.6026,0.0,0.0
884,2,6,20,weather_driven,historically_calibrated,2.599681,0.441946,15.9065,15.9065,0.0,0.0
885,2,6,21,weather_driven,historically_calibrated,2.511146,0.426895,15.6643,15.6643,0.0,0.0
886,2,6,22,weather_driven,historically_calibrated,2.50722,0.426227,15.6534,15.6534,0.0,0.0
887,2,6,23,weather_driven,historically_calibrated,2.364148,0.401905,15.2456,15.2456,0.0,0.0
888,2,6,24,weather_driven,historically_calibrated,1.518333,0.258117,12.2995,12.2995,0.0,0.0
889,2,7,1,weather_driven,historically_calibrated,1.436953,0.244282,11.9506,11.9506,0.0,0.0
890,2,7,2,weather_driven,historically_calibrated,1.448253,0.246203,11.9999,11.9999,0.0,0.0
891,2,7,3,weather_driven,historically_calibrated,1.455491,0.247433,12.0314,12.0314,0.0,0.0
892,2,7,4,weather_driven,historically_calibrated,1.485956,0.252613,12.1624,12.1624,0.0,0.0
893,2,7,5,weather_driven,historically_calibrated,1.534378,0.260844,12.3665,12.3665,0.0,0.0
894,2,7,6,weather_driven,historically_calibrated,1.611481,0.273952,12.6813,12.6813,0.0,0.0
895,2,7,7,weather_driven,historically_calibrated,2.553632,0.434117,15.7814,15.7814,0.0,0.0
896,2,7,8,weather_driven,historically_calibrated,2.712192,0.461073,16.2042,16.2042,0.0,0.0
897,2,7,9,weather_driven,historically_calibrated,2.56467,0.435994,15.8116,15.8258,0.0143,0.0
898,2,7,10,weather_driven,historically_calibrated,2.097959,0.356653,14.4279,14.5186,0.0907,0.0
899,2,7,11,weather_driven,historically_calibrated,1.803745,0.306637,13.4169,13.6373,0.2203,0.0
900,2,7,12,weather_driven,historically_calibrated,1.513127,0.257232,12.2776,12.6288,0.3512,0.0
901,2,7,13,weather_driven,historically_calibrated,1.404415,0.23875,11.8068,12.228,0.4212,0.0
902,2,7,14,weather_driven,historically_calibrated,1.362248,0.231582,11.6166,12.0158,0.3992,0.0
903,2,7,15,weather_driven,historically_calibrated,1.373982,0.233577,11.67,11.9654,0.2955,0.0
904,2,7,16,weather_driven,historically_calibrated,1.63479,0.277914,12.7741,12.9361,0.162,0.0
905,2,7,17,weather_driven,historically_calibrated,1.9136,0.325312,13.8092,13.8702,0.0609,0.0
906,2,7,18,weather_driven,historically_calibrated,2.165626,0.368156,14.6437,14.6528,0.0091,0.0
907,2,7,19,weather_driven,historically_calibrated,2.341749,0.398097,15.1799,15.1799,0.0,0.0
908,2,7,20,weather_driven,historically_calibrated,2.42751,0.412677,15.4288,15.4288,0.0,0.0
909,2,7,21,weather_driven,historically_calibrated,2.408636,0.409468,15.3746,15.3746,0.0,0.0
910,2,7,22,weather_driven,historically_calibrated,2.25828,0.383908,14.9302,14.9302,0.0,0.0
911,2,7,23,weather_driven,historically_calibrated,2.119642,0.360339,14.4977,14.4977,0.0,0.0
912,2,7,24,weather_driven,historically_calibrated,1.438433,0.244534,11.9571,11.9571,0.0,0.0
913,2,8,1,weather_driven,historically_calibrated,1.320286,0.224449,11.4228,11.4228,0.0,0.0
914,2,8,2,weather_driven,historically_calibrated,1.348373,0.229223,11.553,11.553,0.0,0.0
915,2,8,3,weather_driven,historically_calibrated,1.372836,0.233382,11.6648,11.6648,0.0,0.0
916,2,8,4,weather_driven,historically_calibrated,1.476365,0.250982,12.1214,12.1214,0.0,0.0
917,2,8,5,weather_driven,historically_calibrated,1.544429,0.262553,12.4082,12.4082,0.0,0.0
918,2,8,6,weather_driven,historically_calibrated,1.643902,0.279463,12.8101,12.8101,0.0,0.0
919,2,8,7,weather_driven,historically_calibrated,2.632761,0.447569,15.9952,15.9952,0.0,0.0
920,2,8,8,weather_driven,historically_calibrated,2.7978,0.475626,16.4236,16.4236,0.0,0.0
921,2,8,9,weather_driven,historically_calibrated,2.483946,0.422271,15.5885,15.604,0.0156,0.0
922,2,8,10,weather_driven,historically_calibrated,1.996484,0.339402,14.0932,14.1891,0.0959,0.0
923,2,8,11,weather_driven,historically_calibrated,1.80162,0.306275,13.4092,13.6373,0.2281,0.0
924,2,8,12,weather_driven,historically_calibrated,1.498591,0.25476,12.2162,12.5765,0.3603,0.0
925,2,8,13,weather_driven,historically_calibrated,1.390538,0.236391,11.7447,12.1762,0.4316,0.0
926,2,8,14,weather_driven,historically_calibrated,1.359978,0.231196,11.6062,12.0158,0.4095,0.0
927,2,8,15,weather_driven,historically_calibrated,1.443915,0.245466,11.981,12.2869,0.3059,0.0
928,2,8,16,weather_driven,historically_calibrated,1.661117,0.28239,12.8777,13.0474,0.1698,0.0
929,2,8,17,weather_driven,historically_calibrated,1.979889,0.336581,14.0371,14.1019,0.0648,0.0
930,2,8,18,weather_driven,historically_calibrated,2.321542,0.394662,15.1201,15.1305,0.0104,0.0
931,2,8,19,weather_driven,historically_calibrated,2.554498,0.434265,15.7838,15.7838,0.0,0.0
932,2,8,20,weather_driven,historically_calibrated,2.689628,0.457237,16.1454,16.1454,0.0,0.0
933,2,8,21,weather_driven,historically_calibrated,2.705107,0.459868,16.1858,16.1858,0.0,0.0
934,2,8,22,weather_driven,historically_calibrated,2.5273,0.429641,15.7091,15.7091,0.0,0.0
935,2,8,23,weather_driven,historically_calibrated,2.345929,0.398808,15.1922,15.1922,0.0,0.0
936,2,8,24,weather_driven,historically_calibrated,1.518333,0.258117,12.2995,12.2995,0.0,0.0
937,2,9,1,weather_driven,historically_calibrated,1.446244,0.245862,11.9912,11.9912,0.0,0.0
938,2,9,2,weather_driven,historically_calibrated,1.476458,0.250998,12.1218,12.1218,0.0,0.0
939,2,9,3,weather_driven,historically_calibrated,1.571646,0.26718,12.5202,12.5202,0.0,0.0
940,2,9,4,weather_driven,historically_calibrated,1.615148,0.274575,12.6959,12.6959,0.0,0.0
941,2,9,5,weather_driven,historically_calibrated,1.669146,0.283755,12.909,12.909,0.0,0.0
942,2,9,6,weather_driven,historically_calibrated,1.744299,0.296531,13.1965,13.1965,0.0,0.0
943,2,9,7,weather_driven,historically_calibrated,2.65287,0.450988,16.0486,16.0486,0.0,0.0
944,2,9,8,weather_driven,historically_calibrated,2.733378,0.464674,16.2591,16.2591,0.0,0.0
945,2,9,9,weather_driven,historically_calibrated,2.483483,0.422192,15.5872,15.604,0.0168,0.0
946,2,9,10,weather_driven,historically_calibrated,2.349688,0.399447,15.2033,15.2875,0.0842,0.0
947,2,9,11,weather_driven,historically_calibrated,2.000564,0.340096,14.1069,14.2806,0.1737,0.0
948,2,9,12,weather_driven,historically_calibrated,1.61748,0.274972,12.7053,12.9427,0.2372,0.0003
949,2,9,13,weather_driven,historically_calibrated,1.504451,0.255757,12.241,12.4866,0.2449,0.0007
950,2,9,14,weather_driven,historically_calibrated,1.466275,0.249267,12.078,12.2244,0.1426,0.0038
951,2,9,15,weather_driven,historically_calibrated,1.396384,0.237385,11.7709,11.8583,0.0726,0.0148
952,2,9,16,weather_driven,historically_calibrated,1.498394,0.254727,12.2154,12.3237,0.0972,0.0111
953,2,9,17,weather_driven,historically_calibrated,1.709918,0.290686,13.0662,13.1169,0.0492,0.0014
954,2,9,18,weather_driven,historically_calibrated,1.896047,0.322328,13.7478,13.757,0.0078,0.0014
955,2,9,19,weather_driven,historically_calibrated,1.907033,0.324196,13.7863,13.8513,0.0,0.065
956,2,9,20,weather_driven,historically_calibrated,1.843569,0.313407,13.5613,13.697,0.0,0.1356
957,2,9,21,weather_driven,historically_calibrated,1.689522,0.287219,12.9879,13.2889,0.0,0.3009
958,2,9,22,weather_driven,historically_calibrated,1.581605,0.268873,12.5608,13.0386,0.0,0.4779
959,2,9,23,weather_driven,historically_calibrated,1.502746,0.255467,12.2338,12.8949,0.0,0.6611
960,2,9,24,weather_driven,historically_calibrated,0.961906,0.163524,9.5477,10.3734,0.0,0.8257
961,2,10,1,weather_driven,historically_calibrated,0.760097,0.129217,8.2643,8.9776,0.0,0.7133
962,2,10,2,weather_driven,historically_calibrated,0.744824,0.12662,8.1584,8.9842,0.0,0.8257
963,2,10,3,weather_driven,historically_calibrated,0.70555,0.119943,7.8797,8.8953,0.0,1.0156
964,2,10,4,weather_driven,historically_calibrated,0.656978,0.111686,7.5212,8.9996,0.0,1.4784
965,2,10,5,weather_driven,historically_calibrated,0.614393,0.104447,7.1933,9.1506,0.0,1.9573
966,2,10,6,weather_driven,historically_calibrated,0.65702,0.111693,7.5215,9.3758,0.0,1.8543
967,2,10,7,weather_driven,historically_calibrated,1.050257,0.178544,10.0516,11.6187,0.0,1.5671
968,2,10,8,weather_driven,historically_calibrated,0.999334,0.169887,9.765,11.829,0.0,2.0641
969,2,10,9,weather_driven,historically_calibrated,0.898576,0.152758,9.1663,11.7026,0.0065,2.5298
970,2,10,10,weather_driven,historically_calibrated,0.857339,0.145748,8.908,11.3361,0.0207,2.4074
971,2,10,11,weather_driven,historically_calibrated,0.780805,0.132737,8.4057,10.9679,0.0324,2.5298
972,2,10,12,weather_driven,historically_calibrated,0.796888,0.135471,8.5139,10.5113,0.0402,1.9573
973,2,10,13,weather_driven,historically_calibrated,0.841854,0.143115,8.8088,10.1551,0.035,1.3112
974,2,10,14,weather_driven,historically_calibrated,0.847973,0.144155,8.8481,10.0468,0.0415,1.1571
975,2,10,15,weather_driven,historically_calibrated,0.877041,0.149097,9.0324,10.1704,0.0531,1.0848
976,2,10,16,weather_driven,historically_calibrated,0.960735,0.163325,9.5408,10.4671,0.0402,0.8861
977,2,10,17,weather_driven,historically_calibrated,1.078029,0.183265,10.2037,10.8947,0.0298,0.6611
978,2,10,18,weather_driven,historically_calibrated,1.196924,0.203477,10.8248,11.228,0.0026,0.4005
979,2,10,19,weather_driven,historically_calibrated,1.225366,0.208312,10.9666,11.2987,0.0,0.332
980,2,10,20,weather_driven,historically_calibrated,1.154268,0.196225,10.6074,11.0079,0.0,0.4005
981,2,10,21,weather_driven,historically_calibrated,1.104939,0.18784,10.3485,10.7866,0.0,0.4381
982,2,10,22,weather_driven,historically_calibrated,1.036375,0.176184,9.9744,10.3065,0.0,0.332
983,2,10,23,weather_driven,historically_calibrated,0.954699,0.162299,9.5052,9.7498,0.0,0.2447
984,2,10,24,weather_driven,historically_calibrated,0.685447,0.116526,7.7332,7.9291,0.0,0.1959
985,2,11,1,weather_driven,historically_calibrated,0.637057,0.1083,7.3694,7.6704,0.0,0.3009
986,2,11,2,weather_driven,historically_calibrated,0.619166,0.105258,7.2307,7.7507,0.0,0.52
987,2,11,3,weather_driven,historically_calibrated,0.646144,0.109845,7.439,7.771,0.0,0.332
988,2,11,4,weather_driven,historically_calibrated,0.658801,0.111996,7.5349,7.8669,0.0,0.332
989,2,11,5,weather_driven,historically_calibrated,0.672,0.11424,7.6337,7.9989,0.0,0.3652
990,2,11,6,weather_driven,historically_calibrated,0.676993,0.115089,7.6708,8.1908,0.0,0.52
991,2,11,7,weather_driven,historically_calibrated,0.942744,0.160266,9.4341,10.0457,0.0,0.6116
992,2,11,8,weather_driven,historically_calibrated,0.961736,0.163495,9.5467,10.3148,0.0,0.7682
993,2,11,9,weather_driven,historically_calibrated,0.963239,0.163751,9.5555,10.325,0.0013,0.7682
994,2,11,10,weather_driven,historically_calibrated,0.971719,0.165192,9.6052,10.2245,0.0078,0.6116
995,2,11,11,weather_driven,historically_calibrated,0.952239,0.161881,9.4906,9.9814,0.013,0.4779
996,2,11,12,weather_driven,historically_calibrated,0.911856,0.155015,9.2477,9.7412,0.0156,0.4779
997,2,11,13,weather_driven,historically_calibrated,0.886135,0.150643,9.0892,9.5839,0.0168,0.4779
998,2,11,14,weather_driven,historically_calibrated,0.903439,0.153585,9.1962,9.6149,0.0181,0.4005
999,2,11,15,weather_driven,historically_calibrated,0.958947,0.163021,9.5302,9.8254,0.0233,0.2718
1000,2,11,16,weather_driven,historically_calibrated,1.054195,0.179213,10.0733,10.3134,0.0207,0.2194
1001,2,11,17,weather_driven,historically_calibrated,1.149569,0.195427,10.5831,10.7881,0.0091,0.1959
1002,2,11,18,weather_driven,historically_calibrated,1.238391,0.210526,11.0308,11.228,0.0013,0.1959
1003,2,11,19,weather_driven,historically_calibrated,1.30049,0.221083,11.3297,11.4654,0.0,0.1356
1004,2,11,20,weather_driven,historically_calibrated,1.28043,0.217673,11.2344,11.3376,0.0,0.1032
1005,2,11,21,weather_driven,historically_calibrated,1.23179,0.209404,10.9983,11.0531,0.0,0.0548
1006,2,11,22,weather_driven,historically_calibrated,1.159457,0.197108,10.6342,10.6648,0.0,0.0306
1007,2,11,23,weather_driven,historically_calibrated,1.07487,0.182728,10.1866,10.2413,0.0,0.0548
1008,2,11,24,weather_driven,historically_calibrated,0.756258,0.128564,8.2378,8.2835,0.0,0.0457
1009,2,12,1,weather_driven,historically_calibrated,0.795223,0.135188,8.5027,8.5403,0.0,0.0376
1010,2,12,2,weather_driven,historically_calibrated,0.799568,0.135927,8.5317,8.5466,0.0,0.0148
1011,2,12,3,weather_driven,historically_calibrated,0.811214,0.137906,8.609,8.6097,0.0,0.0007
1012,2,12,4,weather_driven,historically_calibrated,0.833125,0.141631,8.7524,8.7562,0.0,0.0038
1013,2,12,5,weather_driven,historically_calibrated,0.928266,0.157805,9.3473,9.3621,0.0,0.0148
1014,2,12,6,weather_driven,historically_calibrated,0.98989,0.168281,9.7107,9.7188,0.0,0.0081
1015,2,12,7,weather_driven,historically_calibrated,1.468268,0.249606,12.0866,12.0947,0.0,0.0081
1016,2,12,8,weather_driven,historically_calibrated,1.493265,0.253855,12.1936,12.1993,0.0,0.0057
1017,2,12,9,weather_driven,historically_calibrated,1.46723,0.249429,12.0821,12.1101,0.0168,0.0111
1018,2,12,10,weather_driven,historically_calibrated,1.313153,0.223236,11.3894,11.4981,0.0894,0.0193
1019,2,12,11,weather_driven,historically_calibrated,1.156203,0.196554,10.6174,10.8494,0.1555,0.0764
1020,2,12,12,weather_driven,historically_calibrated,1.029738,0.175055,9.9373,10.222,0.1814,0.1032
1021,2,12,13,weather_driven,historically_calibrated,0.936432,0.159193,9.3964,9.7448,0.2592,0.0892
1022,2,12,14,weather_driven,historically_calibrated,0.901609,0.153273,9.185,9.6686,0.2877,0.1959
1023,2,12,15,weather_driven,historically_calibrated,0.935101,0.158967,9.3884,9.9298,0.2696,0.2718
1024,2,12,16,weather_driven,historically_calibrated,1.042874,0.177289,10.0106,10.4865,0.175,0.3009
1025,2,12,17,weather_driven,historically_calibrated,1.224665,0.208193,10.9632,11.3205,0.0855,0.2718
1026,2,12,18,weather_driven,historically_calibrated,1.443717,0.245432,11.9801,12.0849,0.0156,0.0892
1027,2,12,19,weather_driven,historically_calibrated,1.56308,0.265724,12.4851,12.5227,0.0,0.0376
1028,2,12,20,weather_driven,historically_calibrated,1.474575,0.250678,12.1137,12.1443,0.0,0.0306
1029,2,12,21,weather_driven,historically_calibrated,1.393504,0.236896,11.758,11.7825,0.0,0.0245
1030,2,12,22,weather_driven,historically_calibrated,1.294801,0.220116,11.3028,11.314,0.0,0.0111
1031,2,12,23,weather_driven,historically_calibrated,1.224727,0.208204,10.9635,10.9716,0.0,0.0081
1032,2,12,24,weather_driven,historically_calibrated,0.844952,0.143642,8.8288,8.8326,0.0,0.0038
1033,2,13,1,weather_driven,historically_calibrated,0.788619,0.134065,8.4584,8.4591,0.0,0.0007
1034,2,13,2,weather_driven,historically_calibrated,0.795691,0.135268,8.5059,8.5059,0.0,0.0001
1035,2,13,3,weather_driven,historically_calibrated,0.805154,0.136876,8.5689,8.569,0.0,0.0001
1036,2,13,4,weather_driven,historically_calibrated,0.821118,0.13959,8.6741,8.6741,0.0,0.0
1037,2,13,5,weather_driven,historically_calibrated,0.843542,0.143402,8.8197,8.8197,0.0,0.0
1038,2,13,6,weather_driven,historically_calibrated,0.870121,0.147921,8.9889,8.9889,0.0,0.0
1039,2,13,7,weather_driven,historically_calibrated,1.29279,0.219774,11.2933,11.2933,0.0,0.0
1040,2,13,8,weather_driven,historically_calibrated,1.310377,0.222764,11.3764,11.3764,0.0,0.0
1041,2,13,9,weather_driven,historically_calibrated,1.309517,0.222618,11.3723,11.3892,0.0168,0.0
1042,2,13,10,weather_driven,historically_calibrated,1.221614,0.207674,10.9481,11.0038,0.0557,0.0
1043,2,13,11,weather_driven,historically_calibrated,1.142326,0.194195,10.5455,10.6349,0.0894,0.0
1044,2,13,12,weather_driven,historically_calibrated,1.058575,0.179958,10.0974,10.222,0.1244,0.0001
1045,2,13,13,weather_driven,historically_calibrated,0.977635,0.166198,9.6397,9.7448,0.105,0.0001
1046,2,13,14,weather_driven,historically_calibrated,0.958169,0.162889,9.5257,9.825,0.2994,0.0
1047,2,13,15,weather_driven,historically_calibrated,1.062346,0.180599,10.1182,10.3048,0.1866,0.0
1048,2,13,16,weather_driven,historically_calibrated,1.183864,0.201257,10.7589,10.8762,0.1166,0.0007
1049,2,13,17,weather_driven,historically_calibrated,1.364834,0.232022,11.6284,11.7262,0.0829,0.0148
1050,2,13,18,weather_driven,historically_calibrated,1.604049,0.272688,12.6515,12.682,0.0194,0.0111
1051,2,13,19,weather_driven,historically_calibrated,1.709738,0.290655,13.0655,13.0662,0.0,0.0007
1052,2,13,20,weather_driven,historically_calibrated,1.747381,0.297055,13.2081,13.2192,0.0,0.0111
1053,2,13,21,weather_driven,historically_calibrated,1.652955,0.281002,12.8457,12.8833,0.0,0.0376
1054,2,13,22,weather_driven,historically_calibrated,1.592156,0.270667,12.6035,12.6492,0.0,0.0457
1055,2,13,23,weather_driven,historically_calibrated,1.651548,0.280763,12.8402,12.8949,0.0,0.0548
1056,2,13,24,weather_driven,historically_calibrated,1.152171,0.195869,10.5966,10.673,0.0,0.0764
1057,2,14,1,weather_driven,historically_calibrated,1.111951,0.189032,10.3858,10.489,0.0,0.1032
1058,2,14,2,weather_driven,historically_calibrated,1.15218,0.195871,10.5966,10.6998,0.0,0.1032
1059,2,14,3,weather_driven,historically_calibrated,1.229845,0.209074,10.9888,11.0538,0.0,0.065
1060,2,14,4,weather_driven,historically_calibrated,1.326345,0.225479,11.4511,11.5058,0.0,0.0548
1061,2,14,5,weather_driven,historically_calibrated,1.393743,0.236936,11.7591,11.8241,0.0,0.065
1062,2,14,6,weather_driven,historically_calibrated,1.486168,0.252649,12.1633,12.209,0.0,0.0457
1063,2,14,7,weather_driven,historically_calibrated,2.312955,0.393202,15.0946,15.1403,0.0,0.0457
1064,2,14,8,weather_driven,historically_calibrated,2.350806,0.399637,15.2065,15.2715,0.0,0.065
1065,2,14,9,weather_driven,historically_calibrated,2.04371,0.347431,14.2507,14.3839,0.0441,0.0892
1066,2,14,10,weather_driven,historically_calibrated,1.855726,0.315473,13.6049,13.9145,0.1555,0.1541
1067,2,14,11,weather_driven,historically_calibrated,1.572716,0.267362,12.5245,12.9939,0.2735,0.1959
1068,2,14,12,weather_driven,historically_calibrated,1.384674,0.235395,11.7183,12.2102,0.3732,0.1187
1069,2,14,13,weather_driven,historically_calibrated,1.200139,0.204024,10.841,11.6072,0.4342,0.332
1070,2,14,14,weather_driven,historically_calibrated,1.132592,0.192541,10.4947,11.3898,0.4173,0.4779
1071,2,14,15,weather_driven,historically_calibrated,1.076551,0.183014,10.1957,11.6976,0.3447,1.1571
1072,2,14,16,weather_driven,historically_calibrated,1.202204,0.204375,10.8513,12.3237,0.2398,1.2326
1073,2,14,17,weather_driven,historically_calibrated,1.425402,0.242318,11.8998,13.1169,0.1322,1.0848
1074,2,14,18,weather_driven,historically_calibrated,1.583888,0.269261,12.57,13.757,0.0298,1.1571
1075,2,14,19,weather_driven,historically_calibrated,1.61094,0.27386,12.6791,13.9117,0.0,1.2326
1076,2,14,20,weather_driven,historically_calibrated,1.702968,0.289505,13.0396,14.0553,0.0,1.0156
1077,2,14,21,weather_driven,historically_calibrated,1.734184,0.294811,13.1584,13.9841,0.0,0.8257
1078,2,14,22,weather_driven,historically_calibrated,1.772705,0.30136,13.3026,14.3182,0.0,1.0156
1079,2,14,23,weather_driven,historically_calibrated,1.800433,0.306074,13.4048,14.2306,0.0,0.8257
1080,2,14,24,weather_driven,historically_calibrated,1.177885,0.20024,10.7285,11.6146,0.0,0.8861
1081,2,15,1,weather_driven,historically_calibrated,1.102958,0.187503,10.3379,11.4228,0.0,1.0848
1082,2,15,2,weather_driven,historically_calibrated,1.09259,0.18574,10.2824,11.5936,0.0,1.3112
1083,2,15,3,weather_driven,historically_calibrated,1.126794,0.191555,10.4642,12.0314,0.0,1.5671
1084,2,15,4,weather_driven,historically_calibrated,1.226919,0.208576,10.9743,12.2856,0.0,1.3112
1085,2,15,5,weather_driven,historically_calibrated,1.366213,0.232256,11.6347,12.8673,0.0,1.2326
1086,2,15,6,weather_driven,historically_calibrated,1.422991,0.241909,11.8892,13.2824,0.0,1.3932
1087,2,15,7,weather_driven,historically_calibrated,2.193335,0.372867,14.7304,16.2089,0.0,1.4784
1088,2,15,8,weather_driven,historically_calibrated,2.244465,0.381559,14.8881,16.6431,0.0,1.755
1089,2,15,9,weather_driven,historically_calibrated,2.237986,0.380458,14.8683,16.3804,0.0337,1.4784
1090,2,15,10,weather_driven,historically_calibrated,1.980531,0.33669,14.0393,15.5621,0.1296,1.3932
1091,2,15,11,weather_driven,historically_calibrated,1.64247,0.27922,12.8044,14.3878,0.2722,1.3112
1092,2,15,12,weather_driven,historically_calibrated,1.330574,0.226198,11.4707,13.3613,0.4121,1.4784
1093,2,15,13,weather_driven,historically_calibrated,1.167117,0.19841,10.6735,12.6419,0.4899,1.4784
1094,2,15,14,weather_driven,historically_calibrated,1.209226,0.205568,10.8865,12.5895,0.4704,1.2326
1095,2,15,15,weather_driven,historically_calibrated,1.344577,0.228578,11.5355,12.9833,0.3629,1.0848
1096,2,15,16,weather_driven,historically_calibrated,1.627946,0.276751,12.7469,14.0495,0.2177,1.0848
1097,2,15,17,weather_driven,historically_calibrated,2.134853,0.362925,14.5463,15.7244,0.0933,1.0848
1098,2,15,18,weather_driven,historically_calibrated,2.55129,0.433719,15.775,16.6832,0.022,0.8861
1099,2,15,19,weather_driven,historically_calibrated,2.862724,0.486663,16.5862,17.8975,0.0,1.3112
1100,2,15,20,weather_driven,historically_calibrated,2.740563,0.465896,16.2776,17.9369,0.0,1.6593
1101,2,15,21,weather_driven,historically_calibrated,2.474175,0.42061,15.561,17.5183,0.0,1.9573
1102,2,15,22,weather_driven,historically_calibrated,2.254952,0.383342,14.9201,16.8774,0.0,1.9573
1103,2,15,23,weather_driven,historically_calibrated,2.192825,0.37278,14.7288,16.2073,0.0,1.4784
1104,2,15,24,weather_driven,historically_calibrated,1.373127,0.233432,11.6661,12.8987,0.0,1.2326
1105,2,16,1,weather_driven,historically_calibrated,1.366745,0.232347,11.6371,12.7219,0.0,1.0848
1106,2,16,2,weather_driven,historically_calibrated,1.461766,0.2485,12.0585,12.7718,0.0,0.7133
1107,2,16,3,weather_driven,historically_calibrated,1.500825,0.25514,12.2257,12.8868,0.0,0.6611
1108,2,16,4,weather_driven,historically_calibrated,1.517781,0.258023,12.2971,13.0653,0.0,0.7682
1109,2,16,5,weather_driven,historically_calibrated,1.55214,0.263864,12.4401,13.3263,0.0,0.8861
1110,2,16,6,weather_driven,historically_calibrated,1.631814,0.277408,12.7623,13.7117,0.0,0.9494
1111,2,16,7,weather_driven,historically_calibrated,2.561748,0.435497,15.8036,16.6898,0.0,0.8861
1112,2,16,8,weather_driven,historically_calibrated,2.711109,0.460889,16.2014,17.0271,0.0,0.8257
1113,2,16,9,weather_driven,historically_calibrated,2.683759,0.456239,16.13,17.0459,0.0298,0.8861
1114,2,16,10,weather_driven,historically_calibrated,2.496119,0.42434,15.6225,16.7703,0.1322,1.0156
1115,2,16,11,weather_driven,historically_calibrated,2.237352,0.38035,14.8663,16.1035,0.2877,0.9494
1116,2,16,12,weather_driven,historically_calibrated,1.842383,0.313205,13.5571,14.8787,0.4355,0.8861
1117,2,16,13,weather_driven,historically_calibrated,1.683383,0.286175,12.9642,14.2456,0.5132,0.7682
1118,2,16,14,weather_driven,historically_calibrated,1.652884,0.28099,12.8454,14.1021,0.4886,0.7682
1119,2,16,15,weather_driven,historically_calibrated,1.75306,0.29802,13.2294,14.4296,0.3745,0.8257
1120,2,16,16,weather_driven,historically_calibrated,1.983741,0.337236,14.0502,15.2186,0.219,0.9494
1121,2,16,17,weather_driven,historically_calibrated,2.729924,0.464087,16.2501,17.289,0.0894,0.9494
1122,2,16,18,weather_driven,historically_calibrated,3.150428,0.535573,17.27,18.1164,0.0207,0.8257
1123,2,16,19,weather_driven,historically_calibrated,3.194969,0.543145,17.3709,18.139,0.0,0.7682
1124,2,16,20,weather_driven,historically_calibrated,3.079606,0.523533,17.1069,18.0563,0.0,0.9494
1125,2,16,21,weather_driven,historically_calibrated,2.952591,0.50194,16.806,17.6922,0.0,0.8861
1126,2,16,22,weather_driven,historically_calibrated,2.845728,0.483774,16.544,17.1555,0.0,0.6116
1127,2,16,23,weather_driven,historically_calibrated,2.584955,0.439442,15.8667,16.5278,0.0,0.6611
1128,2,16,24,weather_driven,historically_calibrated,1.584024,0.269284,12.5706,13.2839,0.0,0.7133
1129,2,17,1,weather_driven,historically_calibrated,1.342849,0.228284,11.5276,11.9656,0.0,0.4381
1130,2,17,2,weather_driven,historically_calibrated,1.389478,0.236211,11.7399,12.0117,0.0,0.2718
1131,2,17,3,weather_driven,historically_calibrated,1.351059,0.22968,11.5654,12.0432,0.0,0.4779
1132,2,17,4,weather_driven,historically_calibrated,1.41167,0.239984,11.8391,12.1711,0.0,0.332
1133,2,17,5,weather_driven,historically_calibrated,1.467126,0.249411,12.0817,12.4137,0.0,0.332
1134,2,17,6,weather_driven,historically_calibrated,1.474088,0.250595,12.1116,12.7728,0.0,0.6611
1135,2,17,7,weather_driven,historically_calibrated,2.212128,0.376062,14.7887,15.502,0.0,0.7133
1136,2,17,8,weather_driven,historically_calibrated,2.498914,0.424815,15.6303,15.7659,0.0,0.1356
1137,2,17,9,weather_driven,historically_calibrated,2.252727,0.382964,14.9133,15.7333,0.0518,0.7682
1138,2,17,10,weather_driven,historically_calibrated,2.086785,0.354753,14.3917,15.3782,0.1607,0.8257
1139,2,17,11,weather_driven,historically_calibrated,1.902452,0.323417,13.7703,14.7165,0.2851,0.6611
1140,2,17,12,weather_driven,historically_calibrated,1.409093,0.239546,11.8276,13.6884,0.3823,1.4784
1141,2,17,13,weather_driven,historically_calibrated,1.324911,0.225235,11.4444,13.106,0.429,1.2326
1142,2,17,14,weather_driven,historically_calibrated,1.419866,0.241377,11.8754,13.022,0.3784,0.7682
1143,2,17,15,weather_driven,historically_calibrated,1.589008,0.270131,12.5908,13.4231,0.3123,0.52
1144,2,17,16,weather_driven,historically_calibrated,1.74163,0.296077,13.1865,14.0524,0.2048,0.6611
1145,2,17,17,weather_driven,historically_calibrated,1.990914,0.338455,14.0744,14.9463,0.1037,0.7682
1146,2,17,18,weather_driven,historically_calibrated,2.547128,0.433012,15.7636,16.2276,0.0259,0.4381
1147,2,17,19,weather_driven,historically_calibrated,2.520641,0.428509,15.6906,16.5768,0.0,0.8861
1148,2,17,20,weather_driven,historically_calibrated,2.555246,0.434392,15.7858,16.447,0.0,0.6611
1149,2,17,21,weather_driven,historically_calibrated,2.399643,0.407939,15.3487,16.1169,0.0,0.7682
1150,2,17,22,weather_driven,historically_calibrated,2.13247,0.36252,14.5387,15.4248,0.0,0.8861
1151,2,17,23,weather_driven,historically_calibrated,1.981986,0.336938,14.0442,14.8124,0.0,0.7682
1152,2,17,24,weather_driven,historically_calibrated,1.2362,0.210154,11.02,11.9062,0.0,0.8861
1153,2,18,1,weather_driven,historically_calibrated,1.071028,0.182075,10.1657,11.1813,0.0,1.0156
1154,2,18,2,weather_driven,historically_calibrated,1.004809,0.170817,9.7963,11.1894,0.0,1.3932
1155,2,18,3,weather_driven,historically_calibrated,1.101961,0.187333,10.3326,11.2188,0.0,0.8861
1156,2,18,4,weather_driven,historically_calibrated,1.202674,0.204455,10.8537,11.567,0.0,0.7133
1157,2,18,5,weather_driven,historically_calibrated,1.154039,0.196187,10.6062,11.4924,0.0,0.8861
1158,2,18,6,weather_driven,historically_calibrated,1.199119,0.20385,10.8359,11.7853,0.0,0.9494
1159,2,18,7,weather_driven,historically_calibrated,1.901267,0.323215,13.7661,14.7155,0.0,0.9494
1160,2,18,8,weather_driven,historically_calibrated,2.005248,0.340892,14.1227,15.0088,0.0,0.8861
1161,2,18,9,weather_driven,historically_calibrated,1.842184,0.313171,13.5564,14.3047,0.035,0.7133
1162,2,18,10,weather_driven,historically_calibrated,1.554472,0.26426,12.4497,13.1045,0.1348,0.52
1163,2,18,11,weather_driven,historically_calibrated,1.224546,0.208173,10.9626,12.201,0.289,0.9494
1164,2,18,12,weather_driven,historically_calibrated,1.062605,0.180643,10.1196,11.3297,0.4419,0.7682
1165,2,18,13,weather_driven,historically_calibrated,0.894852,0.152125,9.1433,10.6786,0.5197,1.0156
1166,2,18,14,weather_driven,historically_calibrated,0.811112,0.137889,8.6083,10.3347,0.4938,1.2326
1167,2,18,15,weather_driven,historically_calibrated,0.907088,0.154205,9.2186,10.6139,0.3797,1.0156
1168,2,18,16,weather_driven,historically_calibrated,1.122231,0.190779,10.4402,11.4915,0.2255,0.8257
1169,2,18,17,weather_driven,historically_calibrated,1.486493,0.252704,12.1647,12.9205,0.0946,0.6611
1170,2,18,18,weather_driven,historically_calibrated,1.814275,0.308427,13.4554,14.1398,0.0233,0.6611
1171,2,18,19,weather_driven,historically_calibrated,2.169027,0.368735,14.6544,15.1322,0.0,0.4779
1172,2,18,20,weather_driven,historically_calibrated,2.28783,0.388931,15.0195,15.7328,0.0,0.7133
1173,2,18,21,weather_driven,historically_calibrated,2.204627,0.374787,14.7655,15.8504,0.0,1.0848
1174,2,18,22,weather_driven,historically_calibrated,2.187063,0.371801,14.7109,15.3224,0.0,0.6116
1175,2,18,23,weather_driven,historically_calibrated,2.013911,0.342365,14.1517,14.7632,0.0,0.6116
1176,2,18,24,weather_driven,historically_calibrated,1.260402,0.214268,11.138,11.9062,0.0,0.7682
1177,2,19,1,weather_driven,historically_calibrated,1.503016,0.255513,12.2349,12.6001,0.0,0.3652
1178,2,19,2,weather_driven,historically_calibrated,1.408331,0.239416,11.8242,12.65,0.0,0.8257
1179,2,19,3,weather_driven,historically_calibrated,1.474239,0.250621,12.1123,12.7238,0.0,0.6116
1180,2,19,4,weather_driven,historically_calibrated,1.537862,0.261436,12.381,12.8191,0.0,0.4381
1181,2,19,5,weather_driven,historically_calibrated,1.556112,0.264539,12.4565,13.1176,0.0,0.6611
1182,2,19,6,weather_driven,historically_calibrated,1.65215,0.280866,12.8425,13.4541,0.0,0.6116
1183,2,19,7,weather_driven,historically_calibrated,2.523213,0.428946,15.6978,16.2623,0.0,0.5645
1184,2,19,8,weather_driven,historically_calibrated,2.473183,0.420441,15.5582,16.6431,0.0,1.0848
1185,2,19,9,weather_driven,historically_calibrated,2.524625,0.429186,15.7017,16.8241,0.0376,1.0848
1186,2,19,10,weather_driven,historically_calibrated,2.073257,0.352454,14.3477,15.5072,0.1439,1.0156
1187,2,19,11,weather_driven,historically_calibrated,1.660466,0.282279,12.8751,14.3342,0.302,1.1571
1188,2,19,12,weather_driven,historically_calibrated,1.285131,0.218472,11.2568,13.0997,0.4497,1.3932
1189,2,19,13,weather_driven,historically_calibrated,1.10552,0.187938,10.3516,12.5384,0.5275,1.6593
1190,2,19,14,weather_driven,historically_calibrated,1.052188,0.178872,10.0622,12.2244,0.5028,1.6593
1191,2,19,15,weather_driven,historically_calibrated,1.13898,0.193627,10.5281,12.394,0.3875,1.4784
1192,2,19,16,weather_driven,historically_calibrated,1.32576,0.225379,11.4483,13.1588,0.232,1.4784
1193,2,19,17,weather_driven,historically_calibrated,1.806157,0.307047,13.4258,14.6814,0.0985,1.1571
1194,2,19,18,weather_driven,historically_calibrated,2.38098,0.404767,15.2947,16.2054,0.0246,0.8861
1195,2,19,19,weather_driven,historically_calibrated,2.719579,0.462328,16.2234,17.1728,0.0,0.9494
1196,2,19,20,weather_driven,historically_calibrated,2.897866,0.492637,16.6729,17.7577,0.0,1.0848
1197,2,19,21,weather_driven,historically_calibrated,2.783281,0.473158,16.3868,17.4025,0.0,1.0156
1198,2,19,22,weather_driven,historically_calibrated,2.589854,0.440275,15.88,16.7661,0.0,0.8861
1199,2,19,23,weather_driven,historically_calibrated,2.345744,0.398776,15.1917,16.2073,0.0,1.0156
1200,2,19,24,weather_driven,historically_calibrated,1.396412,0.23739,11.771,12.8559,0.0,1.0848
1201,2,20,1,weather_driven,historically_calibrated,1.392748,0.236767,11.7546,12.6407,0.0,0.8861
1202,2,20,2,weather_driven,historically_calibrated,1.430541,0.243192,11.9224,12.6906,0.0,0.7682
1203,2,20,3,weather_driven,historically_calibrated,1.460086,0.248215,12.0513,12.7646,0.0,0.7133
1204,2,20,4,weather_driven,historically_calibrated,1.491916,0.253626,12.1878,12.9011,0.0,0.7133
1205,2,20,5,weather_driven,historically_calibrated,1.563726,0.265833,12.4878,13.2011,0.0,0.7133
1206,2,20,6,weather_driven,historically_calibrated,1.659056,0.28204,12.8696,13.5829,0.0,0.7133
1207,2,20,7,weather_driven,historically_calibrated,2.584125,0.439301,15.8645,16.476,0.0,0.6116
1208,2,20,8,weather_driven,historically_calibrated,2.670206,0.453935,16.0944,16.8077,0.0,0.7133
1209,2,20,9,weather_driven,historically_calibrated,2.618922,0.445217,15.9582,16.8241,0.0402,0.8257
1210,2,20,10,weather_driven,historically_calibrated,2.361434,0.401444,15.2377,16.331,0.1439,0.9494
1211,2,20,11,weather_driven,historically_calibrated,1.834901,0.311933,13.5301,14.9776,0.2903,1.1571
1212,2,20,12,weather_driven,historically_calibrated,1.501417,0.255241,12.2282,13.8845,0.4238,1.2326
1213,2,20,13,weather_driven,historically_calibrated,1.233636,0.209718,11.0074,13.1592,0.4925,1.6593
1214,2,20,14,weather_driven,historically_calibrated,1.060816,0.180339,10.1098,12.6417,0.4679,2.0641
1215,2,20,15,weather_driven,historically_calibrated,1.061045,0.180378,10.111,12.8761,0.3577,2.4074
1216,2,20,16,weather_driven,historically_calibrated,1.124679,0.191195,10.4531,13.5485,0.1737,2.9217
1217,2,20,17,weather_driven,historically_calibrated,1.380505,0.234686,11.6995,14.9711,0.0674,3.2043
1218,2,20,18,weather_driven,historically_calibrated,1.744878,0.296629,13.1987,16.5638,0.013,3.3521
1219,2,20,19,weather_driven,historically_calibrated,2.830049,0.481108,16.5048,18.2598,0.0,1.755
1220,2,20,20,weather_driven,historically_calibrated,3.041841,0.517113,17.0186,18.1757,0.0,1.1571
1221,2,20,21,weather_driven,historically_calibrated,1.756045,0.298528,13.2405,17.5763,0.0,4.3358
1222,2,20,22,weather_driven,historically_calibrated,1.674823,0.28472,12.9311,17.2668,0.0,4.3358
1223,2,20,23,weather_driven,historically_calibrated,1.405938,0.239009,11.8136,16.9018,0.0,5.0882
1224,2,20,24,weather_driven,historically_calibrated,0.926705,0.15754,9.3379,13.4979,0.0,4.16
1225,2,21,1,weather_driven,historically_calibrated,0.913971,0.155375,9.2606,13.2497,0.0,3.9891
1226,2,21,2,weather_driven,historically_calibrated,0.881251,0.149813,9.0587,13.2187,0.0,4.16
1227,2,21,3,weather_driven,historically_calibrated,1.037862,0.176437,9.9827,13.3349,0.0,3.3521
1228,2,21,4,weather_driven,historically_calibrated,1.245521,0.211739,11.0657,13.7219,0.0,2.6563
1229,2,21,5,weather_driven,historically_calibrated,1.269819,0.215869,11.1835,14.2443,0.0,3.0608
1230,2,21,6,weather_driven,historically_calibrated,0.719998,0.1224,7.9833,14.828,0.0,6.8447
1231,2,21,7,weather_driven,historically_calibrated,1.613832,0.274351,12.6907,18.1858,0.0,5.4951
1232,2,21,8,weather_driven,historically_calibrated,1.83447,0.31186,13.5286,18.6181,0.0013,5.0882
1233,2,21,9,weather_driven,historically_calibrated,1.904979,0.323846,13.7791,18.5433,0.0622,4.702
1234,2,21,10,weather_driven,historically_calibrated,1.632186,0.277472,12.7638,18.0335,0.1814,5.0882
1235,2,21,11,weather_driven,historically_calibrated,1.541337,0.262027,12.3954,17.2293,0.3175,4.5164
1236,2,21,12,weather_driven,historically_calibrated,1.441956,0.245133,11.9725,16.71,0.4018,4.3358
1237,2,21,13,weather_driven,historically_calibrated,1.548833,0.263302,12.4265,16.4701,0.3823,3.6614
1238,2,21,14,weather_driven,historically_calibrated,1.359765,0.23116,11.6052,16.3972,0.4562,4.3358
1239,2,21,15,weather_driven,historically_calibrated,1.535755,0.261078,12.3722,16.8938,0.3616,4.16
1240,2,21,16,weather_driven,historically_calibrated,1.887905,0.320944,13.7192,17.6125,0.232,3.6614
1241,2,21,17,weather_driven,historically_calibrated,2.753495,0.468094,16.3108,18.3899,0.1218,1.9573
1242,2,21,18,weather_driven,historically_calibrated,2.954774,0.502312,16.8113,19.2511,0.0324,2.4074
1243,2,21,19,weather_driven,historically_calibrated,3.215674,0.546664,17.4173,18.9845,0.0,1.5671
1244,2,21,20,weather_driven,historically_calibrated,2.772516,0.471328,16.3594,18.534,0.0,2.1746
1245,2,21,21,weather_driven,historically_calibrated,2.735845,0.465094,16.2654,18.3295,0.0,2.0641
1246,2,21,22,weather_driven,historically_calibrated,2.312046,0.393048,15.0919,17.8788,0.0,2.7869
1247,2,21,23,weather_driven,historically_calibrated,2.124329,0.361136,14.5127,17.1689,0.0,2.6563
1248,2,21,24,weather_driven,historically_calibrated,1.314525,0.223469,11.3958,14.1827,0.0,2.7869
1249,2,22,1,weather_driven,historically_calibrated,1.377098,0.234107,11.6841,13.8587,0.0,2.1746
1250,2,22,2,weather_driven,historically_calibrated,1.364551,0.231974,11.6271,13.5844,0.0,1.9573
1251,2,22,3,weather_driven,historically_calibrated,1.547781,0.263123,12.4221,13.5793,0.0,1.1571
1252,2,22,4,weather_driven,historically_calibrated,1.488224,0.252998,12.1721,13.9271,0.0,1.755
1253,2,22,5,weather_driven,historically_calibrated,1.605221,0.272888,12.6562,14.4112,0.0,1.755
1254,2,22,6,weather_driven,historically_calibrated,1.518034,0.258066,12.2982,14.828,0.0,2.5298
1255,2,22,7,weather_driven,historically_calibrated,2.29814,0.390684,15.0504,17.9721,0.0,2.9217
1256,2,22,8,weather_driven,historically_calibrated,2.519054,0.428239,15.6862,18.3438,0.0013,2.6563
1257,2,22,9,weather_driven,historically_calibrated,2.73465,0.46489,16.2623,18.3769,0.0505,2.0641
1258,2,22,10,weather_driven,historically_calibrated,2.511017,0.426873,15.664,17.9785,0.14,2.1746
1259,2,22,11,weather_driven,historically_calibrated,2.329383,0.395995,15.1434,17.3366,0.2359,1.9573
1260,2,22,12,weather_driven,historically_calibrated,2.263359,0.384771,14.9456,16.7623,0.3383,1.4784
1261,2,22,13,weather_driven,historically_calibrated,2.234933,0.379939,14.8589,16.6254,0.3732,1.3932
1262,2,22,14,weather_driven,historically_calibrated,2.264336,0.384937,14.9485,16.6058,0.346,1.3112
1263,2,22,15,weather_driven,historically_calibrated,2.533854,0.430755,15.7271,16.9474,0.2709,0.9494
1264,2,22,16,weather_driven,historically_calibrated,2.945703,0.50077,16.7894,17.6125,0.162,0.6611
1265,2,22,17,weather_driven,historically_calibrated,3.238698,0.550579,17.4687,18.2741,0.092,0.7133
1266,2,22,18,weather_driven,historically_calibrated,3.559854,0.605175,18.1536,18.8928,0.0259,0.7133
1267,2,22,19,weather_driven,historically_calibrated,3.4035,0.578595,17.8273,18.9845,0.0,1.1571
1268,2,22,20,weather_driven,historically_calibrated,3.746775,0.636952,18.5271,18.8923,0.0,0.3652
1269,2,22,21,weather_driven,historically_calibrated,3.497697,0.594608,18.0254,18.5033,0.0,0.4779
1270,2,22,22,weather_driven,historically_calibrated,3.262823,0.55468,17.5222,17.8231,0.0,0.3009
1271,2,22,23,weather_driven,historically_calibrated,3.031733,0.515395,16.9948,17.1689,0.0,0.1741
1272,2,22,24,weather_driven,historically_calibrated,1.86652,0.317308,13.6434,13.7975,0.0,0.1541
1273,2,23,1,weather_driven,historically_calibrated,1.781197,0.302803,13.334,13.4527,0.0,0.1187
1274,2,23,2,weather_driven,historically_calibrated,1.784289,0.303329,13.3454,13.4219,0.0,0.0764
1275,2,23,3,weather_driven,historically_calibrated,1.806356,0.30708,13.4265,13.4571,0.0,0.0306
1276,2,23,4,weather_driven,historically_calibrated,1.816088,0.308735,13.462,13.5167,0.0,0.0548
1277,2,23,5,weather_driven,historically_calibrated,1.867538,0.317481,13.647,13.7018,0.0,0.0548
1278,2,23,6,weather_driven,historically_calibrated,1.984412,0.33735,14.0525,14.0981,0.0,0.0457
1279,2,23,7,weather_driven,historically_calibrated,3.070894,0.522052,17.0866,17.1172,0.0,0.0306
1280,2,23,8,weather_driven,historically_calibrated,3.236943,0.55028,17.4648,17.5209,0.0013,0.0548
1281,2,23,9,weather_driven,historically_calibrated,3.236193,0.550153,17.4632,17.6005,0.0609,0.0764
1282,2,23,10,weather_driven,historically_calibrated,3.005535,0.510941,16.9328,17.2097,0.1737,0.1032
1283,2,23,11,weather_driven,historically_calibrated,2.723341,0.462968,16.2331,16.6396,0.3033,0.1032
1284,2,23,12,weather_driven,historically_calibrated,2.45113,0.416692,15.496,16.0298,0.3797,0.1541
1285,2,23,13,weather_driven,historically_calibrated,2.349151,0.399356,15.2017,15.8493,0.3758,0.2718
1286,2,23,14,weather_driven,historically_calibrated,2.25333,0.383066,14.9151,15.7713,0.2916,0.5645
1287,2,23,15,weather_driven,historically_calibrated,2.450629,0.416607,15.4946,16.1439,0.2112,0.4381
1288,2,23,16,weather_driven,historically_calibrated,2.653607,0.451113,16.0505,16.6104,0.1218,0.4381
1289,2,23,17,weather_driven,historically_calibrated,2.851061,0.48468,16.5572,17.231,0.0622,0.6116
1290,2,23,18,weather_driven,historically_calibrated,3.153565,0.536106,17.2771,17.8178,0.0207,0.52
1291,2,23,19,weather_driven,historically_calibrated,3.231944,0.54943,17.4537,18.0182,0.0,0.5645
1292,2,23,20,weather_driven,historically_calibrated,3.096525,0.526409,17.1462,17.7577,0.0,0.6116
1293,2,23,21,weather_driven,historically_calibrated,2.882182,0.489971,16.6343,17.4025,0.0,0.7682
1294,2,23,22,weather_driven,historically_calibrated,2.693135,0.457833,16.1545,16.7661,0.0,0.6116
1295,2,23,23,weather_driven,historically_calibrated,2.481085,0.421785,15.5804,16.1004,0.0,0.52
1296,2,23,24,weather_driven,historically_calibrated,1.485041,0.252457,12.1585,12.9843,0.0,0.8257
1297,2,24,1,weather_driven,historically_calibrated,1.077147,0.183115,10.199,11.5921,0.0,1.3932
1298,2,24,2,weather_driven,historically_calibrated,1.092547,0.185733,10.2822,11.6753,0.0,1.3932
1299,2,24,3,weather_driven,historically_calibrated,1.062972,0.180705,10.1216,11.7809,0.0,1.6593
1300,2,24,4,weather_driven,historically_calibrated,1.006341,0.171078,9.805,11.8691,0.0,2.0641
1301,2,24,5,weather_driven,historically_calibrated,0.923699,0.157029,9.3197,12.1066,0.0,2.7869
1302,2,24,6,weather_driven,historically_calibrated,0.814991,0.138549,8.6339,12.4568,0.0,3.8229
1303,2,24,7,weather_driven,historically_calibrated,1.346791,0.228954,11.5457,15.2071,0.0,3.6614
1304,2,24,8,weather_driven,historically_calibrated,1.337674,0.227405,11.5037,15.665,0.0013,4.16
1305,2,24,9,weather_driven,historically_calibrated,1.490132,0.253322,12.1802,16.0394,0.0363,3.8229
1306,2,24,10,weather_driven,historically_calibrated,1.268504,0.215646,11.1771,15.5803,0.0674,4.3358
1307,2,24,11,weather_driven,historically_calibrated,1.186495,0.201704,10.7722,15.0618,0.1296,4.16
1308,2,24,12,weather_driven,historically_calibrated,0.968246,0.164602,9.5849,14.6511,0.1737,4.8926
1309,2,24,13,weather_driven,historically_calibrated,0.820406,0.139469,8.6695,14.3434,0.1788,5.4951
1310,2,24,14,weather_driven,historically_calibrated,1.029963,0.175094,9.9386,14.2696,0.1711,4.16
1311,2,24,15,weather_driven,historically_calibrated,0.932678,0.158555,9.3739,14.6552,0.1931,5.0882
1312,2,24,16,weather_driven,historically_calibrated,0.960192,0.163233,9.5376,15.1792,0.1464,5.4951
1313,2,24,17,weather_driven,historically_calibrated,1.170927,0.199058,10.693,15.8525,0.0713,5.0882
1314,2,24,18,weather_driven,historically_calibrated,1.508372,0.256423,12.2575,16.4474,0.0298,4.16
1315,2,24,19,weather_driven,historically_calibrated,1.726119,0.29344,13.1279,16.6323,0.0,3.5045
1316,2,24,20,weather_driven,historically_calibrated,1.528477,0.259841,12.3419,16.5019,0.0,4.16
1317,2,24,21,weather_driven,historically_calibrated,1.438392,0.244527,11.9569,16.1169,0.0,4.16
1318,2,24,22,weather_driven,historically_calibrated,1.381573,0.234867,11.7043,15.5272,0.0,3.8229
1319,2,24,23,weather_driven,historically_calibrated,1.186886,0.201771,10.7742,14.7632,0.0,3.9891
1320,2,24,24,weather_driven,historically_calibrated,0.797008,0.135491,8.5147,11.8668,0.0,3.3521
1321,2,25,1,weather_driven,historically_calibrated,0.745387,0.126716,8.1624,11.6668,0.0,3.5045
1322,2,25,2,weather_driven,historically_calibrated,0.724305,0.123132,8.014,11.6753,0.0,3.6614
1323,2,25,3,weather_driven,historically_calibrated,0.688329,0.117016,7.7544,11.7434,0.0,3.9891
1324,2,25,4,weather_driven,historically_calibrated,0.658588,0.11196,7.5333,11.8691,0.0,4.3358
1325,2,25,5,weather_driven,historically_calibrated,0.631662,0.107382,7.3278,12.0298,0.0,4.702
1326,2,25,6,weather_driven,historically_calibrated,0.657448,0.111766,7.5247,12.4173,0.0,4.8926
1327,2,25,7,weather_driven,historically_calibrated,1.035829,0.176091,9.9714,15.0596,0.0,5.0882
1328,2,25,8,weather_driven,historically_calibrated,1.193774,0.202942,10.809,15.5135,0.0026,4.702
1329,2,25,9,weather_driven,historically_calibrated,1.243387,0.211376,11.0552,15.6312,0.0596,4.5164
1330,2,25,10,weather_driven,historically_calibrated,1.091097,0.185486,10.2744,15.3276,0.1607,4.8926
1331,2,25,11,weather_driven,historically_calibrated,0.784647,0.13339,8.4317,14.6179,0.2631,5.9231
1332,2,25,12,weather_driven,historically_calibrated,0.590162,0.100327,7.0007,13.4958,0.3499,6.1452
1333,2,25,13,weather_driven,historically_calibrated,0.54517,0.092679,6.6305,12.9632,0.4095,5.9231
1334,2,25,14,weather_driven,historically_calibrated,0.496712,0.084441,6.212,12.5421,0.4069,5.9231
1335,2,25,15,weather_driven,historically_calibrated,0.537437,0.091364,6.5651,12.8317,0.3434,5.9231
1336,2,25,16,weather_driven,historically_calibrated,0.638435,0.108534,7.38,13.3353,0.2488,5.7064
1337,2,25,17,weather_driven,historically_calibrated,0.801322,0.136225,8.5434,14.4132,0.1633,5.7064
1338,2,25,18,weather_driven,historically_calibrated,0.983783,0.167243,9.6754,15.0189,0.0544,5.2891
1339,2,25,19,weather_driven,historically_calibrated,1.155653,0.196461,10.6146,15.1322,0.0013,4.5164
1340,2,25,20,weather_driven,historically_calibrated,1.226966,0.208584,10.9745,14.9636,0.0,3.9891
1341,2,25,21,weather_driven,historically_calibrated,1.312523,0.223129,11.3864,14.8909,0.0,3.5045
1342,2,25,22,weather_driven,historically_calibrated,1.324551,0.225174,11.4427,14.5035,0.0,3.0608
1343,2,25,23,weather_driven,historically_calibrated,1.319446,0.224306,11.4189,14.0751,0.0,2.6563
1344,2,25,24,weather_driven,historically_calibrated,1.042866,0.177287,10.0106,11.6699,0.0,1.6593
1345,2,26,1,weather_driven,historically_calibrated,1.061779,0.180502,10.1151,12.0724,0.0,1.9573
1346,2,26,2,weather_driven,historically_calibrated,1.089818,0.185269,10.2675,12.1218,0.0,1.8543
1347,2,26,3,weather_driven,historically_calibrated,1.106687,0.188137,10.3578,12.1128,0.0,1.755
1348,2,26,4,weather_driven,historically_calibrated,1.058746,0.179987,10.0984,12.1624,0.0,2.0641
1349,2,26,5,weather_driven,historically_calibrated,1.116362,0.189782,10.4092,12.3665,0.0,1.9573
1350,2,26,6,weather_driven,historically_calibrated,1.164513,0.197967,10.6602,12.7242,0.0,2.0641
1351,2,26,7,weather_driven,historically_calibrated,2.108927,0.358518,14.4633,15.9417,0.0,1.4784
1352,2,26,8,weather_driven,historically_calibrated,2.226868,0.378568,14.8342,16.3139,0.0013,1.4784
1353,2,26,9,weather_driven,historically_calibrated,2.009833,0.341672,14.138,15.8258,0.0285,1.6593
1354,2,26,10,weather_driven,historically_calibrated,1.602426,0.272412,12.6449,14.7932,0.0842,2.0641
1355,2,26,11,weather_driven,historically_calibrated,1.324846,0.225224,11.4441,13.6909,0.1827,2.0641
1356,2,26,12,weather_driven,historically_calibrated,1.208728,0.205484,10.884,12.8904,0.2514,1.755
1357,2,26,13,weather_driven,historically_calibrated,1.035542,0.176042,9.9698,12.3314,0.4044,1.9573
1358,2,26,14,weather_driven,historically_calibrated,1.217365,0.206952,10.927,12.3287,0.4523,0.9494
1359,2,26,15,weather_driven,historically_calibrated,1.285851,0.218595,11.2602,12.4476,0.3616,0.8257
1360,2,26,16,weather_driven,historically_calibrated,1.505568,0.255947,12.2457,13.0474,0.2372,0.5645
1361,2,26,17,weather_driven,historically_calibrated,1.860659,0.316312,13.6225,14.044,0.1205,0.3009
1362,2,26,18,weather_driven,historically_calibrated,2.368057,0.40257,15.257,15.3097,0.0415,0.0111
1363,2,26,19,weather_driven,historically_calibrated,2.666445,0.453296,16.0845,16.0858,0.0013,0.0
1364,2,26,20,weather_driven,historically_calibrated,2.666889,0.453371,16.0856,16.0856,0.0,0.0
1365,2,26,21,weather_driven,historically_calibrated,2.511038,0.426876,15.664,15.6643,0.0,0.0003
1366,2,26,22,weather_driven,historically_calibrated,2.313752,0.393338,15.097,15.0971,0.0,0.0001
1367,2,26,23,weather_driven,historically_calibrated,2.053592,0.349111,14.2833,14.284,0.0,0.0007
1368,2,26,24,weather_driven,historically_calibrated,1.250489,0.212583,11.0899,11.101,0.0,0.0111
1369,2,27,1,weather_driven,historically_calibrated,1.069727,0.181854,10.1586,10.1643,0.0,0.0057
1370,2,27,2,weather_driven,historically_calibrated,0.997018,0.169493,9.7517,9.8873,0.0,0.1356
1371,2,27,3,weather_driven,historically_calibrated,0.94334,0.160368,9.4377,9.7095,0.0,0.2718
1372,2,27,4,weather_driven,historically_calibrated,0.94543,0.160723,9.4502,9.7822,0.0,0.332
1373,2,27,5,weather_driven,historically_calibrated,0.819357,0.139291,8.6626,10.3219,0.0,1.6593
1374,2,27,6,weather_driven,historically_calibrated,1.145188,0.194682,10.5604,11.2215,0.0,0.6611
1375,2,27,7,weather_driven,historically_calibrated,1.340229,0.227839,11.5155,13.8045,0.0,2.289
1376,2,27,8,weather_driven,historically_calibrated,1.328113,0.225779,11.4593,14.1194,0.0039,2.6563
1377,2,27,9,weather_driven,historically_calibrated,1.793968,0.304975,13.3811,15.4931,0.048,2.0641
1378,2,27,10,weather_driven,historically_calibrated,1.873419,0.318481,13.6679,15.5072,0.0842,1.755
1379,2,27,11,weather_driven,historically_calibrated,1.497312,0.254543,12.2108,15.192,0.1944,2.7869
1380,2,27,12,weather_driven,historically_calibrated,1.138074,0.193473,10.5233,14.6171,0.2709,3.8229
1381,2,27,13,weather_driven,historically_calibrated,0.822877,0.139889,8.6856,13.3661,0.3447,4.3358
1382,2,27,14,weather_driven,historically_calibrated,0.97967,0.166544,9.6515,13.3198,0.464,3.2043
1383,2,27,15,weather_driven,historically_calibrated,1.345971,0.228815,11.542,13.7332,0.337,1.8543
1384,2,27,16,weather_driven,historically_calibrated,0.892803,0.151776,9.1306,14.4949,0.276,5.0882
1385,2,27,17,weather_driven,historically_calibrated,1.552618,0.263945,12.4421,15.9562,0.162,3.3521
1386,2,27,18,weather_driven,historically_calibrated,1.390908,0.236454,11.7463,16.504,0.0557,4.702
1387,2,27,19,weather_driven,historically_calibrated,2.302565,0.391436,15.0636,17.3539,0.0013,2.289
1388,2,27,20,weather_driven,historically_calibrated,2.97171,0.505191,16.852,17.9369,0.0,1.0848
1389,2,27,21,weather_driven,historically_calibrated,2.296837,0.390462,15.0465,17.5763,0.0,2.5298
1390,2,27,22,weather_driven,historically_calibrated,1.677959,0.285253,12.9432,16.7661,0.0,3.8229
1391,2,27,23,weather_driven,historically_calibrated,2.027371,0.344653,14.1965,16.1539,0.0,1.9573
1392,2,27,24,weather_driven,historically_calibrated,1.392098,0.236657,11.7517,12.9843,0.0,1.2326
1393,2,28,1,weather_driven,historically_calibrated,1.471706,0.25019,12.1014,12.7625,0.0,0.6611
1394,2,28,2,weather_driven,historically_calibrated,1.563756,0.265839,12.4879,12.8531,0.0,0.3652
1395,2,28,3,weather_driven,historically_calibrated,1.609142,0.273554,12.6719,12.8461,0.0,0.1741
1396,2,28,4,weather_driven,historically_calibrated,1.660862,0.282347,12.8767,12.9011,0.0,0.0245
1397,2,28,5,weather_driven,historically_calibrated,1.546001,0.26282,12.4148,13.0759,0.0,0.6611
1398,2,28,6,weather_driven,historically_calibrated,1.664162,0.282908,12.8895,13.4541,0.0,0.5645
1399,2,28,7,weather_driven,historically_calibrated,2.589009,0.440132,15.8777,16.3157,0.0,0.4381
1400,2,28,8,weather_driven,historically_calibrated,2.861337,0.486427,16.5828,16.9174,0.0026,0.332
1401,2,28,9,weather_driven,historically_calibrated,2.901183,0.493201,16.681,16.9905,0.0648,0.2447
1402,2,28,10,weather_driven,historically_calibrated,2.58448,0.439362,15.8654,16.5506,0.2074,0.4779
1403,2,28,11,weather_driven,historically_calibrated,2.271778,0.386202,14.9711,15.3529,0.3512,0.0306
1404,2,28,12,weather_driven,historically_calibrated,1.964825,0.33402,13.9859,14.931,0.4251,0.52
1405,2,28,13,weather_driven,historically_calibrated,1.155762,0.19648,10.6151,15.3837,0.4329,4.3358
1406,2,28,14,weather_driven,historically_calibrated,1.245897,0.211803,11.0675,14.7281,0.3084,3.3521
1407,2,28,15,weather_driven,historically_calibrated,1.597615,0.271595,12.6256,15.9296,0.3823,2.9217
1408,2,28,16,weather_driven,historically_calibrated,2.288746,0.389087,15.0222,17.0001,0.2229,1.755
1409,2,28,17,weather_driven,historically_calibrated,2.415531,0.41064,15.3944,17.8105,0.127,2.289
1410,2,28,18,weather_driven,historically_calibrated,2.280469,0.38768,14.9973,18.1164,0.0583,3.0608
1411,2,28,19,weather_driven,historically_calibrated,2.399931,0.407988,15.3496,18.139,0.0026,2.7869
1412,2,28,20,weather_driven,historically_calibrated,2.935224,0.498988,16.764,17.9966,0.0,1.2326
1413,2,28,21,weather_driven,historically_calibrated,3.191206,0.542505,17.3624,17.6342,0.0,0.2718
1414,2,28,22,weather_driven,historically_calibrated,2.915826,0.495691,16.7168,16.9886,0.0,0.2718
1415,2,28,23,weather_driven,historically_calibrated,2.125746,0.361377,14.5172,16.5813,0.0,2.0641
1416,2,28,24,weather_driven,historically_calibrated,1.674918,0.284736,12.9314,13.3695,0.0,0.4381
1417,3,1,1,weather_driven,historically_calibrated,1.124828,0.191221,10.4539,10.8544,0.0,0.4005
1418,3,1,2,weather_driven,historically_calibrated,1.156517,0.196608,10.619,10.9842,0.0,0.3652
1419,3,1,3,weather_driven,historically_calibrated,1.195608,0.203253,10.8182,10.9723,0.0,0.1541
1420,3,1,4,weather_driven,historically_calibrated,1.228632,0.208867,10.9828,11.0134,0.0,0.0306
1421,3,1,5,weather_driven,historically_calibrated,1.246956,0.211983,11.0727,11.073,0.0,0.0003
1422,3,1,6,weather_driven,historically_calibrated,1.300765,0.22113,11.331,11.3503,0.0,0.0193
1423,3,1,7,weather_driven,historically_calibrated,1.976606,0.336023,14.026,14.0717,0.0,0.0457
1424,3,1,8,weather_driven,historically_calibrated,2.053833,0.349152,14.2841,14.3938,0.0065,0.1032
1425,3,1,9,weather_driven,historically_calibrated,2.21723,0.376929,14.8045,15.1049,0.0557,0.2447
1426,3,1,10,weather_driven,historically_calibrated,2.061085,0.350384,14.3079,14.6285,0.1464,0.1741
1427,3,1,11,weather_driven,historically_calibrated,1.708932,0.290518,13.0625,13.53,0.2229,0.2447
1428,3,1,12,weather_driven,historically_calibrated,1.501993,0.255339,12.2306,12.8381,0.3357,0.2718
1429,3,1,13,weather_driven,historically_calibrated,1.617062,0.274901,12.7036,13.6765,0.4951,0.4779
1430,3,1,14,weather_driven,historically_calibrated,1.57781,0.268228,12.5453,13.4241,0.4782,0.4005
1431,3,1,15,weather_driven,historically_calibrated,1.684161,0.286307,12.9672,13.8404,0.3953,0.4779
1432,3,1,16,weather_driven,historically_calibrated,1.95648,0.332602,13.9574,14.4392,0.2372,0.2447
1433,3,1,17,weather_driven,historically_calibrated,2.081955,0.353932,14.376,15.087,0.1464,0.5645
1434,3,1,18,weather_driven,historically_calibrated,2.356847,0.400664,15.2243,15.8471,0.0583,0.5645
1435,3,1,19,weather_driven,historically_calibrated,2.335427,0.397023,15.1613,15.2403,0.0026,0.0764
1436,3,1,20,weather_driven,historically_calibrated,2.220771,0.377531,14.8154,14.951,0.0,0.1356
1437,3,1,21,weather_driven,historically_calibrated,2.123099,0.360927,14.5087,14.5635,0.0,0.0548
1438,3,1,22,weather_driven,historically_calibrated,1.859717,0.316152,13.6192,13.9844,0.0,0.3652
1439,3,1,23,weather_driven,historically_calibrated,1.811939,0.30803,13.4469,13.536,0.0,0.0892
1440,3,1,24,weather_driven,historically_calibrated,1.206943,0.20518,10.8751,10.9298,0.0,0.0548
1441,3,2,1,weather_driven,historically_calibrated,1.139857,0.193776,10.5326,10.5702,0.0,0.0376
1442,3,2,2,weather_driven,historically_calibrated,1.145717,0.194772,10.5631,10.578,0.0,0.0148
1443,3,2,3,weather_driven,historically_calibrated,1.152361,0.195901,10.5976,10.6057,0.0,0.0081
1444,3,2,4,weather_driven,historically_calibrated,1.201014,0.204172,10.8454,10.8492,0.0,0.0038
1445,3,2,5,weather_driven,historically_calibrated,1.263714,0.214831,11.154,11.1564,0.0,0.0024
1446,3,2,6,weather_driven,historically_calibrated,1.360045,0.231208,11.6065,11.6079,0.0,0.0014
1447,3,2,7,weather_driven,historically_calibrated,2.034676,0.345895,14.2208,14.2319,0.0,0.0111
1448,3,2,8,weather_driven,historically_calibrated,2.118641,0.360169,14.4945,14.5035,0.0052,0.0038
1449,3,2,9,weather_driven,historically_calibrated,2.092787,0.355774,14.4112,14.4948,0.0829,0.0007
1450,3,2,10,weather_driven,historically_calibrated,1.980917,0.336756,14.0406,14.244,0.1996,0.0038
1451,3,2,11,weather_driven,historically_calibrated,1.766728,0.300344,13.2804,13.5836,0.3033,0.0
1452,3,2,12,weather_driven,historically_calibrated,1.67258,0.284339,12.9223,13.2043,0.2514,0.0306
1453,3,2,13,weather_driven,historically_calibrated,1.803886,0.306661,13.4175,13.6248,0.1309,0.0764
1454,3,2,14,weather_driven,historically_calibrated,1.631421,0.277342,12.7607,13.1633,0.372,0.0306
1455,3,2,15,weather_driven,historically_calibrated,1.655284,0.281398,12.8548,13.1975,0.3279,0.0148
1456,3,2,16,weather_driven,historically_calibrated,1.755753,0.298478,13.2394,13.6598,0.2462,0.1741
1457,3,2,17,weather_driven,historically_calibrated,1.824621,0.310186,13.493,14.1599,0.1024,0.5645
1458,3,2,18,weather_driven,historically_calibrated,2.381927,0.404928,15.2974,16.0263,0.0156,0.7133
1459,3,2,19,weather_driven,historically_calibrated,2.041678,0.347085,14.244,14.3344,0.0013,0.0892
1460,3,2,20,weather_driven,historically_calibrated,2.056164,0.349548,14.2917,14.2941,0.0,0.0024
1461,3,2,21,weather_driven,historically_calibrated,1.978943,0.33642,14.0339,14.0421,0.0,0.0081
1462,3,2,22,weather_driven,historically_calibrated,1.86693,0.317378,13.6449,13.6506,0.0,0.0057
1463,3,2,23,weather_driven,historically_calibrated,1.704122,0.289701,13.044,13.0552,0.0,0.0111
1464,3,2,24,weather_driven,historically_calibrated,1.129286,0.191979,10.4773,10.5018,0.0,0.0245
1465,3,3,1,weather_driven,historically_calibrated,0.922672,0.156854,9.3135,9.3511,0.0,0.0376
1466,3,3,2,weather_driven,historically_calibrated,0.933851,0.158755,9.3809,9.4701,0.0,0.0892
1467,3,3,3,weather_driven,historically_calibrated,0.965269,0.164096,9.5674,9.5698,0.0,0.0024
1468,3,3,4,weather_driven,historically_calibrated,0.971462,0.165149,9.6037,9.6037,0.0,0.0
1469,3,3,5,weather_driven,historically_calibrated,0.999314,0.169883,9.7648,9.7648,0.0,0.0
1470,3,3,6,weather_driven,historically_calibrated,1.042361,0.177201,10.0078,10.0078,0.0,0.0
1471,3,3,7,weather_driven,historically_calibrated,1.555597,0.264451,12.4544,12.4544,0.0,0.0
1472,3,3,8,weather_driven,historically_calibrated,1.549569,0.263427,12.4295,12.4347,0.0052,0.0
1473,3,3,9,weather_driven,historically_calibrated,1.576969,0.268085,12.5419,12.6209,0.0791,0.0
1474,3,3,10,weather_driven,historically_calibrated,1.418899,0.241213,11.8711,12.0435,0.1724,0.0
1475,3,3,11,weather_driven,historically_calibrated,1.236516,0.210208,11.0216,11.3132,0.2916,0.0
1476,3,3,12,weather_driven,historically_calibrated,1.126633,0.191528,10.4634,10.8483,0.3849,0.0
1477,3,3,13,weather_driven,historically_calibrated,1.313413,0.22328,11.3906,11.8209,0.4303,0.0
1478,3,3,14,weather_driven,historically_calibrated,1.288195,0.218993,11.2714,11.7263,0.4549,0.0
1479,3,3,15,weather_driven,historically_calibrated,1.334375,0.226844,11.4884,11.8953,0.4069,0.0
1480,3,3,16,weather_driven,historically_calibrated,1.484786,0.252414,12.1574,12.4646,0.3072,0.0
1481,3,3,17,weather_driven,historically_calibrated,1.706308,0.290072,13.0524,13.2403,0.1879,0.0
1482,3,3,18,weather_driven,historically_calibrated,1.939326,0.329685,13.8984,13.975,0.0752,0.0014
1483,3,3,19,weather_driven,historically_calibrated,1.638605,0.278563,12.7892,12.7988,0.0039,0.0057
1484,3,3,20,weather_driven,historically_calibrated,1.701762,0.2893,13.035,13.0407,0.0,0.0057
1485,3,3,21,weather_driven,historically_calibrated,1.653069,0.281022,12.8461,12.8654,0.0,0.0193
1486,3,3,22,weather_driven,historically_calibrated,1.559336,0.265087,12.4697,12.5074,0.0,0.0376
1487,3,3,23,weather_driven,historically_calibrated,1.466389,0.249286,12.0785,12.1091,0.0,0.0306
1488,3,3,24,weather_driven,historically_calibrated,1.004534,0.170771,9.7947,9.8192,0.0,0.0245
1489,3,4,1,weather_driven,historically_calibrated,0.934006,0.158781,9.3818,9.5005,0.0,0.1187
1490,3,4,2,weather_driven,historically_calibrated,0.953688,0.162127,9.4992,9.5448,0.0,0.0457
1491,3,4,3,weather_driven,historically_calibrated,0.970174,0.16493,9.5962,9.6073,0.0,0.0111
1492,3,4,4,weather_driven,historically_calibrated,0.990318,0.168354,9.7131,9.717,0.0,0.0038
1493,3,4,5,weather_driven,historically_calibrated,1.018884,0.17321,9.8762,9.88,0.0,0.0038
1494,3,4,6,weather_driven,historically_calibrated,1.076817,0.183059,10.1972,10.2053,0.0,0.0081
1495,3,4,7,weather_driven,historically_calibrated,1.615241,0.274591,12.6963,12.7001,0.0,0.0038
1496,3,4,8,weather_driven,historically_calibrated,1.68635,0.286679,12.9757,12.9899,0.0104,0.0038
1497,3,4,9,weather_driven,historically_calibrated,1.623378,0.275974,12.7288,12.825,0.0881,0.0081
1498,3,4,10,weather_driven,historically_calibrated,1.464298,0.248931,12.0695,12.2961,0.2074,0.0193
1499,3,4,11,weather_driven,historically_calibrated,1.274192,0.216613,11.2045,11.6091,0.359,0.0457
1500,3,4,12,weather_driven,historically_calibrated,1.113574,0.189308,10.3944,10.9927,0.4627,0.1356
1501,3,4,13,weather_driven,historically_calibrated,1.22743,0.208663,10.9768,11.6305,0.4795,0.1741
1502,3,4,14,weather_driven,historically_calibrated,1.137787,0.193424,10.5218,11.3904,0.5676,0.3009
1503,3,4,15,weather_driven,historically_calibrated,1.158176,0.19689,10.6276,11.5503,0.4847,0.4381
1504,3,4,16,weather_driven,historically_calibrated,1.305656,0.221962,11.3541,12.1573,0.3253,0.4779
1505,3,4,17,weather_driven,historically_calibrated,1.539867,0.261777,12.3893,13.0804,0.1711,0.52
1506,3,4,18,weather_driven,historically_calibrated,1.903921,0.323667,13.7754,14.0849,0.0648,0.2447
1507,3,4,19,weather_driven,historically_calibrated,1.651431,0.280743,12.8397,12.9099,0.0052,0.065
1508,3,4,20,weather_driven,historically_calibrated,1.535545,0.261043,12.3714,12.4364,0.0,0.065
1509,3,4,21,weather_driven,historically_calibrated,1.608542,0.273452,12.6695,12.8654,0.0,0.1959
1510,3,4,22,weather_driven,historically_calibrated,1.515203,0.257585,12.2863,12.405,0.0,0.1187
1511,3,4,23,weather_driven,historically_calibrated,1.406319,0.239074,11.8153,12.0599,0.0,0.2447
1512,3,4,24,weather_driven,historically_calibrated,0.926816,0.157559,9.3386,9.8586,0.0,0.52
1513,3,5,1,weather_driven,historically_calibrated,1.032723,0.175563,9.954,10.2861,0.0,0.332
1514,3,5,2,weather_driven,historically_calibrated,1.087677,0.184905,10.2559,10.2936,0.0,0.0376
1515,3,5,3,weather_driven,historically_calibrated,1.119899,0.190383,10.4279,10.4427,0.0,0.0148
1516,3,5,4,weather_driven,historically_calibrated,1.149685,0.195447,10.5837,10.603,0.0,0.0193
1517,3,5,5,weather_driven,historically_calibrated,1.199911,0.203985,10.8398,10.8643,0.0,0.0245
1518,3,5,6,weather_driven,historically_calibrated,1.263728,0.214834,11.1541,11.1786,0.0,0.0245
1519,3,5,7,weather_driven,historically_calibrated,1.96712,0.33441,13.9937,14.0182,0.0,0.0245
1520,3,5,8,weather_driven,historically_calibrated,2.076391,0.352986,14.3579,14.4486,0.0143,0.0764
1521,3,5,9,weather_driven,historically_calibrated,2.261973,0.384535,14.9414,15.1049,0.0985,0.065
1522,3,5,10,weather_driven,historically_calibrated,2.135496,0.363034,14.5483,14.7383,0.1594,0.0306
1523,3,5,11,weather_driven,historically_calibrated,1.814208,0.308415,13.4551,13.9053,0.276,0.1741
1524,3,5,12,weather_driven,historically_calibrated,1.590659,0.270412,12.5975,13.0474,0.3849,0.065
1525,3,5,13,weather_driven,historically_calibrated,1.759405,0.299099,13.2531,13.78,0.4082,0.1187
1526,3,5,14,weather_driven,historically_calibrated,1.666037,0.283226,12.8969,13.6327,0.4912,0.2447
1527,3,5,15,weather_driven,historically_calibrated,1.738689,0.295577,13.1754,13.7868,0.3668,0.2447
1528,3,5,16,weather_driven,historically_calibrated,1.873044,0.318418,13.6666,14.1609,0.3201,0.1741
1529,3,5,17,weather_driven,historically_calibrated,2.181523,0.370859,14.6936,15.0291,0.1814,0.1541
1530,3,5,18,weather_driven,historically_calibrated,2.581622,0.438876,15.8577,15.9666,0.0713,0.0376
1531,3,5,19,weather_driven,historically_calibrated,2.131701,0.362389,14.5362,14.6968,0.0065,0.1541
1532,3,5,20,weather_driven,historically_calibrated,2.168645,0.36867,14.6532,14.7719,0.0,0.1187
1533,3,5,21,weather_driven,historically_calibrated,2.078628,0.353367,14.3652,14.3897,0.0,0.0245
1534,3,5,22,weather_driven,historically_calibrated,1.915966,0.325714,13.8175,13.8175,0.0,0.0
1535,3,5,23,weather_driven,historically_calibrated,1.763647,0.29982,13.2689,13.2689,0.0,0.0
1536,3,5,24,weather_driven,historically_calibrated,1.183814,0.201248,10.7586,10.7586,0.0,0.0
1537,3,6,1,weather_driven,historically_calibrated,1.123793,0.191045,10.4484,10.4484,0.0,0.0
1538,3,6,2,weather_driven,historically_calibrated,1.148576,0.195258,10.578,10.578,0.0,0.0
1539,3,6,3,weather_driven,historically_calibrated,1.146068,0.194832,10.5649,10.5649,0.0,0.0
1540,3,6,4,weather_driven,historically_calibrated,1.161367,0.197432,10.644,10.644,0.0,0.0
1541,3,6,5,weather_driven,historically_calibrated,1.212387,0.206106,10.9022,10.9061,0.0,0.0038
1542,3,6,6,weather_driven,historically_calibrated,1.263728,0.214834,11.1541,11.1786,0.0,0.0245
1543,3,6,7,weather_driven,historically_calibrated,2.014614,0.342484,14.154,14.1785,0.0,0.0245
1544,3,6,8,weather_driven,historically_calibrated,2.044428,0.347553,14.2531,14.284,0.0065,0.0245
1545,3,6,9,weather_driven,historically_calibrated,1.976515,0.336008,14.0257,14.1066,0.0661,0.0148
1546,3,6,10,weather_driven,historically_calibrated,1.678826,0.2854,12.9466,13.1456,0.1879,0.0111
1547,3,6,11,weather_driven,historically_calibrated,1.378523,0.234349,11.6905,12.1361,0.3564,0.0892
1548,3,6,12,weather_driven,historically_calibrated,1.357933,0.230849,11.5969,12.2625,0.5301,0.1356
1549,3,6,13,weather_driven,historically_calibrated,1.300856,0.221146,11.3315,11.9693,0.5728,0.065
1550,3,6,14,weather_driven,historically_calibrated,1.314869,0.223528,11.3974,11.9114,0.4834,0.0306
1551,3,6,15,weather_driven,historically_calibrated,1.418178,0.24109,11.8679,12.1797,0.2812,0.0306
1552,3,6,16,weather_driven,historically_calibrated,1.508737,0.256485,12.2591,12.6021,0.2074,0.1356
1553,3,6,17,weather_driven,historically_calibrated,1.729199,0.293964,13.1395,13.5804,0.14,0.3009
1554,3,6,18,weather_driven,historically_calibrated,2.042245,0.347182,14.2459,14.7125,0.0661,0.4005
1555,3,6,19,weather_driven,historically_calibrated,1.625387,0.276316,12.7368,13.3078,0.0065,0.5645
1556,3,6,20,weather_driven,historically_calibrated,1.463239,0.248751,12.0649,13.4581,0.0,1.3932
1557,3,6,21,weather_driven,historically_calibrated,1.159153,0.197056,10.6326,13.2889,0.0,2.6563
1558,3,6,22,weather_driven,historically_calibrated,0.665156,0.113077,7.5826,12.8717,0.0,5.2891
1559,3,6,23,weather_driven,historically_calibrated,0.401872,0.068318,5.325,12.4141,0.0,7.0891
1560,3,6,24,weather_driven,historically_calibrated,0.113652,0.019321,1.8204,9.9454,0.0,8.125
1561,3,7,1,weather_driven,historically_calibrated,0.088583,0.015059,1.4303,9.5553,0.0,8.125
1562,3,7,2,weather_driven,historically_calibrated,0.086476,0.014701,1.3966,9.5216,0.0,8.125
1563,3,7,3,weather_driven,historically_calibrated,0.088038,0.014966,1.4216,9.5466,0.0,8.125
1564,3,7,4,weather_driven,historically_calibrated,0.105671,0.017964,1.6982,9.8232,0.0,8.125
1565,3,7,5,weather_driven,historically_calibrated,0.159507,0.027116,2.489,10.614,0.0,8.125
1566,3,7,6,weather_driven,historically_calibrated,0.490546,0.083393,6.1572,11.0498,0.0,4.8926
1567,3,7,7,weather_driven,historically_calibrated,1.389597,0.236232,11.7405,13.8045,0.0,2.0641
1568,3,7,8,weather_driven,historically_calibrated,1.697392,0.288557,13.0182,13.7903,0.0039,0.7682
1569,3,7,9,weather_driven,historically_calibrated,1.822581,0.309839,13.4856,13.663,0.0233,0.1541
1570,3,7,10,weather_driven,historically_calibrated,1.672717,0.284362,12.9229,13.2006,0.0583,0.2194
1571,3,7,11,weather_driven,historically_calibrated,1.254604,0.213283,11.1099,11.9752,0.0972,0.7682
1572,3,7,12,weather_driven,historically_calibrated,1.076994,0.183089,10.1981,11.5823,0.1516,1.2326
1573,3,7,13,weather_driven,historically_calibrated,0.945248,0.160692,9.4491,11.245,0.3175,1.4784
1574,3,7,14,weather_driven,historically_calibrated,0.879416,0.149501,9.0473,10.6596,0.3797,1.2326
1575,3,7,15,weather_driven,historically_calibrated,0.817952,0.139052,8.6534,10.9476,0.337,1.9573
1576,3,7,16,weather_driven,historically_calibrated,0.685559,0.116545,7.734,11.4886,0.2501,3.5045
1577,3,7,17,weather_driven,historically_calibrated,0.79573,0.135274,8.5061,12.6533,0.1581,3.9891
1578,3,7,18,weather_driven,historically_calibrated,0.880039,0.149607,9.0512,13.6375,0.07,4.5164
1579,3,7,19,weather_driven,historically_calibrated,0.964914,0.164035,9.5654,13.7305,0.0052,4.16
1580,3,7,20,weather_driven,historically_calibrated,0.471144,0.080094,5.9822,13.5775,0.0,7.5953
1581,3,7,21,weather_driven,historically_calibrated,0.828352,0.14082,8.7214,13.0571,0.0,4.3358
1582,3,7,22,weather_driven,historically_calibrated,1.169084,0.198744,10.6836,12.5379,0.0,1.8543
1583,3,7,23,weather_driven,historically_calibrated,1.461161,0.248397,12.0559,12.0935,0.0,0.0376
1584,3,7,24,weather_driven,historically_calibrated,0.898952,0.152822,9.1686,9.6886,0.0,0.52
1585,3,8,1,weather_driven,historically_calibrated,0.742995,0.126309,8.1457,9.2305,0.0,1.0848
1586,3,8,2,weather_driven,historically_calibrated,0.843572,0.143407,8.8199,9.481,0.0,0.6611
1587,3,8,3,weather_driven,historically_calibrated,0.871281,0.148118,8.9962,9.7095,0.0,0.7133
1588,3,8,4,weather_driven,historically_calibrated,0.95525,0.162392,9.5084,10.0284,0.0,0.52
1589,3,8,5,weather_driven,historically_calibrated,1.05192,0.178826,10.0608,10.2801,0.0,0.2194
1590,3,8,6,weather_driven,historically_calibrated,1.115087,0.189565,10.4025,10.4916,0.0,0.0892
1591,3,8,7,weather_driven,historically_calibrated,1.345797,0.228786,11.5412,11.5604,0.0,0.0193
1592,3,8,8,weather_driven,historically_calibrated,1.610534,0.273791,12.6775,12.693,0.0156,0.0
1593,3,8,9,weather_driven,historically_calibrated,1.58838,0.270025,12.5882,12.6647,0.0765,0.0
1594,3,8,10,weather_driven,historically_calibrated,1.475851,0.250895,12.1192,12.2669,0.1477,0.0
1595,3,8,11,weather_driven,historically_calibrated,1.37937,0.234493,11.6944,11.868,0.1737,0.0
1596,3,8,12,weather_driven,historically_calibrated,1.226907,0.208574,10.9743,11.2161,0.2112,0.0306
1597,3,8,13,weather_driven,historically_calibrated,1.069027,0.181735,10.1547,10.4173,0.2514,0.0111
1598,3,8,14,weather_driven,historically_calibrated,0.949159,0.161357,9.4723,9.9294,0.3538,0.1032
1599,3,8,15,weather_driven,historically_calibrated,1.007893,0.171342,9.8138,10.1977,0.3188,0.065
1600,3,8,16,weather_driven,historically_calibrated,1.109095,0.188546,10.3707,10.8206,0.254,0.1959
1601,3,8,17,weather_driven,historically_calibrated,1.270684,0.216016,11.1876,11.4364,0.1724,0.0764
1602,3,8,18,weather_driven,historically_calibrated,1.446655,0.245931,11.993,12.264,0.0752,0.1959
1603,3,8,19,weather_driven,historically_calibrated,1.669462,0.283809,12.9102,13.0059,0.0065,0.0892
1604,3,8,20,weather_driven,historically_calibrated,1.720027,0.292405,13.1047,13.1595,0.0,0.0548
1605,3,8,21,weather_driven,historically_calibrated,1.737042,0.295297,13.1692,13.173,0.0,0.0038
1606,3,8,22,weather_driven,historically_calibrated,1.717082,0.291904,13.0935,13.0942,0.0,0.0007
1607,3,8,23,weather_driven,historically_calibrated,1.507487,0.256273,12.2538,12.2538,0.0,0.0
1608,3,8,24,weather_driven,historically_calibrated,0.993487,0.168893,9.7314,9.7314,0.0,0.0
1609,3,9,1,weather_driven,historically_calibrated,0.935848,0.159094,9.3929,9.3929,0.0,0.0
1610,3,9,2,weather_driven,historically_calibrated,0.999411,0.1699,9.7654,9.7654,0.0,0.0
1611,3,9,3,weather_driven,historically_calibrated,0.968662,0.164672,9.5873,9.5873,0.0,0.0
1612,3,9,4,weather_driven,historically_calibrated,0.980954,0.166762,9.659,9.6591,0.0,0.0001
1613,3,9,5,weather_driven,historically_calibrated,1.028703,0.174879,9.9315,9.9463,0.0,0.0148
1614,3,9,6,weather_driven,historically_calibrated,1.071645,0.18218,10.169,10.234,0.0,0.065
1615,3,9,7,weather_driven,historically_calibrated,1.435279,0.243997,11.9432,12.3084,0.0,0.3652
1616,3,9,8,weather_driven,historically_calibrated,1.367117,0.23241,11.6388,12.4736,0.0091,0.8257
1617,3,9,9,weather_driven,historically_calibrated,1.167951,0.198552,10.6778,12.221,0.0648,1.4784
1618,3,9,10,weather_driven,historically_calibrated,1.010402,0.171768,9.8281,11.8276,0.1452,1.8543
1619,3,9,11,weather_driven,historically_calibrated,0.698856,0.118806,7.8312,11.2247,0.1892,3.2043
1620,3,9,12,weather_driven,historically_calibrated,0.586523,0.099709,6.9714,11.0068,0.2125,3.8229
1621,3,9,13,weather_driven,historically_calibrated,0.786178,0.13365,8.442,11.1416,0.1698,2.5298
1622,3,9,14,weather_driven,historically_calibrated,1.081334,0.183827,10.2217,11.4942,0.1153,1.1571
1623,3,9,15,weather_driven,historically_calibrated,1.263617,0.214815,11.1535,11.9119,0.0972,0.6611
1624,3,9,16,weather_driven,historically_calibrated,1.165374,0.198114,10.6646,11.7113,0.0311,1.0156
1625,3,9,17,weather_driven,historically_calibrated,0.56818,0.096591,6.8219,11.7262,0.0117,4.8926
1626,3,9,18,weather_driven,historically_calibrated,0.764676,0.129995,8.2958,12.1446,0.0259,3.8229
1627,3,9,19,weather_driven,historically_calibrated,0.623596,0.106011,7.2653,12.7643,0.0039,5.4951
1628,3,9,20,weather_driven,historically_calibrated,0.727905,0.123744,8.0395,12.7415,0.0,4.702
1629,3,9,21,weather_driven,historically_calibrated,0.793124,0.134831,8.4887,12.4777,0.0,3.9891
1630,3,9,22,weather_driven,historically_calibrated,0.666164,0.113248,7.5902,11.9259,0.0,4.3358
1631,3,9,23,weather_driven,historically_calibrated,0.485264,0.082495,6.1099,11.399,0.0,5.2891
1632,3,9,24,weather_driven,historically_calibrated,0.233872,0.039758,3.4685,9.175,0.0,5.7064
1633,3,10,1,weather_driven,historically_calibrated,0.19382,0.032949,2.9556,8.0439,0.0,5.0882
1634,3,10,2,weather_driven,historically_calibrated,0.248285,0.042208,3.6455,8.1619,0.0,4.5164
1635,3,10,3,weather_driven,historically_calibrated,0.115467,0.019629,1.8479,8.2207,0.0,6.3728
1636,3,10,4,weather_driven,historically_calibrated,0.132323,0.022495,2.0993,8.2445,0.0,6.1452
1637,3,10,5,weather_driven,historically_calibrated,0.165677,0.028165,2.5749,8.498,0.0,5.9231
1638,3,10,6,weather_driven,historically_calibrated,0.255508,0.043436,3.7327,8.6253,0.0,4.8926
1639,3,10,7,weather_driven,historically_calibrated,0.299477,0.050911,4.2446,10.3898,0.0,6.1452
1640,3,10,8,weather_driven,historically_calibrated,0.590148,0.100325,7.0006,10.5167,0.0117,3.5045
1641,3,10,9,weather_driven,historically_calibrated,0.385563,0.065546,5.1622,10.529,0.0778,5.2891
1642,3,10,10,weather_driven,historically_calibrated,0.256751,0.043648,3.7476,9.9719,0.0791,6.1452
1643,3,10,11,weather_driven,historically_calibrated,0.41877,0.071191,5.4903,9.6361,0.1568,3.9891
1644,3,10,12,weather_driven,historically_calibrated,0.421315,0.071624,5.5149,8.971,0.3953,3.0608
1645,3,10,13,weather_driven,historically_calibrated,0.305945,0.052011,4.3172,8.4892,0.5106,3.6614
1646,3,10,14,weather_driven,historically_calibrated,0.368362,0.062622,4.9869,8.7031,0.5119,3.2043
1647,3,10,15,weather_driven,historically_calibrated,0.439371,0.074693,5.6873,8.7904,0.3162,2.7869
1648,3,10,16,weather_driven,historically_calibrated,0.53724,0.091331,6.5635,9.2379,0.267,2.4074
1649,3,10,17,weather_driven,historically_calibrated,0.747211,0.127026,8.1751,9.8285,0.175,1.4784
1650,3,10,18,weather_driven,historically_calibrated,1.100932,0.187158,10.3271,10.5687,0.0674,0.1741
1651,3,10,19,weather_driven,historically_calibrated,1.194638,0.203088,10.8133,11.0209,0.0117,0.1959
1652,3,10,20,weather_driven,historically_calibrated,1.131309,0.192323,10.4879,11.0079,0.0,0.52
1653,3,10,21,weather_driven,historically_calibrated,0.999725,0.169953,9.7672,10.9998,0.0,1.2326
1654,3,10,22,weather_driven,historically_calibrated,1.041434,0.177044,10.0026,10.7159,0.0,0.7133
1655,3,10,23,weather_driven,historically_calibrated,0.957606,0.162793,9.5223,10.2905,0.0,0.7682
1656,3,10,24,weather_driven,historically_calibrated,0.745737,0.126775,8.1648,8.2835,0.0,0.1187
1657,3,11,1,weather_driven,historically_calibrated,0.737967,0.125454,8.1104,8.1186,0.0,0.0081
1658,3,11,2,weather_driven,historically_calibrated,0.74372,0.126432,8.1507,8.1619,0.0,0.0111
1659,3,11,3,weather_driven,historically_calibrated,0.759009,0.129032,8.2568,8.2582,0.0,0.0014
1660,3,11,4,weather_driven,historically_calibrated,0.779095,0.132446,8.3941,8.3955,0.0,0.0014
1661,3,11,5,weather_driven,historically_calibrated,0.806043,0.137027,8.5748,8.5748,0.0,0.0
1662,3,11,6,weather_driven,historically_calibrated,0.844026,0.143484,8.8228,8.8228,0.0,0.0
1663,3,11,7,weather_driven,historically_calibrated,1.150212,0.195536,10.5864,10.5864,0.0,0.0
1664,3,11,8,weather_driven,historically_calibrated,1.164046,0.197888,10.6578,10.6681,0.0104,0.0
1665,3,11,9,weather_driven,historically_calibrated,1.168889,0.198711,10.6826,10.7331,0.0505,0.0
1666,3,11,10,weather_driven,historically_calibrated,1.118186,0.190092,10.4189,10.4772,0.0583,0.0
1667,3,11,11,weather_driven,historically_calibrated,1.046054,0.177829,10.0283,10.1294,0.1011,0.0
1668,3,11,12,weather_driven,historically_calibrated,0.987151,0.167816,9.6949,9.8374,0.1426,0.0
1669,3,11,13,weather_driven,historically_calibrated,0.911111,0.154889,9.2432,9.3935,0.1503,0.0
1670,3,11,14,weather_driven,historically_calibrated,0.91874,0.156186,9.2897,9.4709,0.162,0.0193
1671,3,11,15,weather_driven,historically_calibrated,0.941494,0.160054,9.4267,9.6776,0.1322,0.1187
1672,3,11,16,weather_driven,historically_calibrated,1.008298,0.171411,9.8162,9.9037,0.0868,0.0007
1673,3,11,17,weather_driven,historically_calibrated,1.097168,0.186519,10.307,10.4149,0.0998,0.0081
1674,3,11,18,weather_driven,historically_calibrated,1.229188,0.208962,10.9855,11.0631,0.0531,0.0245
1675,3,11,19,weather_driven,historically_calibrated,1.41334,0.240268,11.8465,11.8543,0.0078,0.0
1676,3,11,20,weather_driven,historically_calibrated,1.385223,0.235488,11.7208,11.7222,0.0,0.0014
1677,3,11,21,weather_driven,historically_calibrated,1.287121,0.218811,11.2663,11.2663,0.0,0.0
1678,3,11,22,weather_driven,historically_calibrated,1.246106,0.211838,11.0685,11.0742,0.0,0.0057
1679,3,11,23,weather_driven,historically_calibrated,1.20793,0.205348,10.88,10.8803,0.0,0.0003
1680,3,11,24,weather_driven,historically_calibrated,0.821549,0.139663,8.6769,8.6772,0.0,0.0003
1681,3,12,1,weather_driven,historically_calibrated,0.835409,0.142019,8.7672,9.0681,0.0,0.3009
1682,3,12,2,weather_driven,historically_calibrated,0.896683,0.152436,9.1546,9.156,0.0,0.0014
1683,3,12,3,weather_driven,historically_calibrated,0.907436,0.154264,9.2207,9.2207,0.0,0.0
1684,3,12,4,weather_driven,historically_calibrated,0.92458,0.157179,9.3251,9.3308,0.0,0.0057
1685,3,12,5,weather_driven,historically_calibrated,0.95128,0.161718,9.4849,9.4873,0.0,0.0024
1686,3,12,6,weather_driven,historically_calibrated,1.067691,0.181507,10.1474,10.1481,0.0,0.0007
1687,3,12,7,weather_driven,historically_calibrated,1.349984,0.229497,11.5604,11.5604,0.0,0.0
1688,3,12,8,weather_driven,historically_calibrated,1.598815,0.271799,12.6304,12.6382,0.0078,0.0
1689,3,12,9,weather_driven,historically_calibrated,1.531305,0.260322,12.3537,12.3874,0.0337,0.0
1690,3,12,10,weather_driven,historically_calibrated,1.427031,0.242595,11.907,11.9923,0.0661,0.0193
1691,3,12,11,weather_driven,historically_calibrated,1.274816,0.216719,11.2075,11.3319,0.1244,0.0
1692,3,12,12,weather_driven,historically_calibrated,1.112326,0.189095,10.3878,10.6405,0.2527,0.0
1693,3,12,13,weather_driven,historically_calibrated,0.962088,0.163555,9.5487,9.9,0.3512,0.0
1694,3,12,14,weather_driven,historically_calibrated,0.856435,0.145594,8.9022,9.825,0.5223,0.4005
1695,3,12,15,weather_driven,historically_calibrated,1.011658,0.171982,9.8353,10.3584,0.3875,0.1356
1696,3,12,16,weather_driven,historically_calibrated,1.070378,0.181964,10.1621,10.6535,0.1594,0.332
1697,3,12,17,weather_driven,historically_calibrated,1.18463,0.201387,10.7628,10.9149,0.1464,0.0057
1698,3,12,18,weather_driven,historically_calibrated,1.518707,0.25818,12.301,12.3835,0.0518,0.0306
1699,3,12,19,weather_driven,historically_calibrated,1.622054,0.275749,12.7235,13.1266,0.0026,0.4005
1700,3,12,20,weather_driven,historically_calibrated,1.694498,0.288065,13.0071,13.2789,0.0,0.2718
1701,3,12,21,weather_driven,historically_calibrated,1.608988,0.273528,12.6713,12.8254,0.0,0.1541
1702,3,12,22,weather_driven,historically_calibrated,1.30592,0.222006,11.3554,12.371,0.0,1.0156
1703,3,12,23,weather_driven,historically_calibrated,1.223066,0.207921,10.9553,12.0401,0.0,1.0848
1704,3,12,24,weather_driven,historically_calibrated,0.674647,0.11469,7.6534,9.0466,0.0,1.3932
1705,3,13,1,weather_driven,historically_calibrated,0.823528,0.14,8.6899,10.0831,0.0,1.3932
1706,3,13,2,weather_driven,historically_calibrated,0.653351,0.11107,7.4937,10.4154,0.0,2.9217
1707,3,13,3,weather_driven,historically_calibrated,0.879174,0.14946,9.0458,10.5242,0.0,1.4784
1708,3,13,4,weather_driven,historically_calibrated,0.776837,0.132062,8.3788,9.536,0.0,1.1571
1709,3,13,5,weather_driven,historically_calibrated,0.875762,0.148879,9.0244,9.7377,0.0,0.7133
1710,3,13,6,weather_driven,historically_calibrated,1.14741,0.19506,10.5719,11.0498,0.0,0.4779
1711,3,13,7,weather_driven,historically_calibrated,1.391194,0.236503,11.7476,12.1482,0.0,0.4005
1712,3,13,8,weather_driven,historically_calibrated,1.387191,0.235822,11.7296,12.1444,0.0143,0.4005
1713,3,13,9,weather_driven,historically_calibrated,1.33246,0.226518,11.4795,11.9992,0.0816,0.4381
1714,3,13,10,weather_driven,historically_calibrated,1.392986,0.236808,11.7557,12.6514,0.2346,0.6611
1715,3,13,11,weather_driven,historically_calibrated,1.225009,0.208251,10.9649,12.1361,0.4031,0.7682
1716,3,13,12,weather_driven,historically_calibrated,1.04397,0.177475,10.0167,11.53,0.4977,1.0156
1717,3,13,13,weather_driven,historically_calibrated,1.046196,0.177853,10.0291,11.6072,0.5625,1.0156
1718,3,13,14,weather_driven,historically_calibrated,1.023858,0.174056,9.9043,11.7028,0.4873,1.3112
1719,3,13,15,weather_driven,historically_calibrated,1.150233,0.19554,10.5865,12.4476,0.4679,1.3932
1720,3,13,16,weather_driven,historically_calibrated,1.343683,0.228426,11.5314,13.0474,0.2048,1.3112
1721,3,13,17,weather_driven,historically_calibrated,1.61536,0.274611,12.6968,13.8122,0.0998,1.0156
1722,3,13,18,weather_driven,historically_calibrated,1.844463,0.313559,13.5646,14.6528,0.0726,1.0156
1723,3,13,19,weather_driven,historically_calibrated,1.364124,0.231901,11.6251,12.9455,0.0091,1.3112
1724,3,13,20,weather_driven,historically_calibrated,1.415339,0.240608,11.8553,12.7415,0.0,0.8861
1725,3,13,21,weather_driven,historically_calibrated,1.357242,0.230731,11.5937,12.3619,0.0,0.7682
1726,3,13,22,weather_driven,historically_calibrated,1.275891,0.216901,11.2126,11.9259,0.0,0.7133
1727,3,13,23,weather_driven,historically_calibrated,1.267821,0.21553,11.1738,11.5059,0.0,0.332
1728,3,13,24,weather_driven,historically_calibrated,0.902773,0.153471,9.1921,9.3462,0.0,0.1541
1729,3,14,1,weather_driven,historically_calibrated,1.049174,0.17836,10.0456,10.1643,0.0,0.1187
1730,3,14,2,weather_driven,historically_calibrated,1.068604,0.181663,10.1524,10.1717,0.0,0.0193
1731,3,14,3,weather_driven,historically_calibrated,1.050309,0.178553,10.0519,10.1169,0.0,0.065
1732,3,14,4,weather_driven,historically_calibrated,1.116176,0.18975,10.4082,10.4388,0.0,0.0306
1733,3,14,5,weather_driven,historically_calibrated,1.119878,0.190379,10.4278,10.4471,0.0,0.0193
1734,3,14,6,weather_driven,historically_calibrated,1.162833,0.197682,10.6515,10.7063,0.0,0.0548
1735,3,14,7,weather_driven,historically_calibrated,1.40222,0.238377,11.797,11.8276,0.0,0.0306
1736,3,14,8,weather_driven,historically_calibrated,1.514558,0.257475,12.2836,12.309,0.0143,0.0111
1737,3,14,9,weather_driven,historically_calibrated,1.511914,0.257025,12.2725,12.332,0.035,0.0245
1738,3,14,10,weather_driven,historically_calibrated,1.429122,0.242951,11.9162,12.1571,0.0868,0.1541
1739,3,14,11,weather_driven,historically_calibrated,1.283607,0.218213,11.2495,11.6536,0.1322,0.2718
1740,3,14,12,weather_driven,historically_calibrated,1.448252,0.246203,11.9999,12.2625,0.1594,0.1032
1741,3,14,13,weather_driven,historically_calibrated,1.423386,0.241976,11.8909,12.1762,0.2203,0.065
1742,3,14,14,weather_driven,historically_calibrated,1.417059,0.2409,11.863,12.0158,0.1283,0.0245
1743,3,14,15,weather_driven,historically_calibrated,1.445243,0.245691,11.9868,12.1797,0.1737,0.0193
1744,3,14,16,weather_driven,historically_calibrated,1.559352,0.26509,12.4698,12.6577,0.1879,0.0
1745,3,14,17,weather_driven,historically_calibrated,1.731816,0.294409,13.1494,13.2907,0.1413,0.0
1746,3,14,18,weather_driven,historically_calibrated,1.951066,0.331681,13.9388,13.9959,0.057,0.0
1747,3,14,19,weather_driven,historically_calibrated,1.99446,0.339058,14.0864,14.0929,0.0065,0.0
1748,3,14,20,weather_driven,historically_calibrated,1.581992,0.268939,12.5623,12.5623,0.0,0.0
1749,3,14,21,weather_driven,historically_calibrated,1.54722,0.263027,12.4198,12.4198,0.0,0.0
1750,3,14,22,weather_driven,historically_calibrated,1.456835,0.247662,12.0372,12.0372,0.0,0.0
1751,3,14,23,weather_driven,historically_calibrated,1.373139,0.233434,11.6661,11.6661,0.0,0.0
1752,3,14,24,weather_driven,historically_calibrated,0.986014,0.167622,9.6883,9.6886,0.0,0.0003
1753,3,15,1,weather_driven,historically_calibrated,0.942232,0.160179,9.4311,9.4335,0.0,0.0024
1754,3,15,2,weather_driven,historically_calibrated,0.962492,0.163624,9.5511,9.5623,0.0,0.0111
1755,3,15,3,weather_driven,historically_calibrated,0.980089,0.166615,9.654,9.6688,0.0,0.0148
1756,3,15,4,weather_driven,historically_calibrated,0.998979,0.169826,9.7629,9.7822,0.0,0.0193
1757,3,15,5,weather_driven,historically_calibrated,1.046305,0.177872,10.0297,10.0298,0.0,0.0001
1758,3,15,6,weather_driven,historically_calibrated,1.091576,0.185568,10.2769,10.2769,0.0,0.0
1759,3,15,7,weather_driven,historically_calibrated,1.625166,0.276278,12.7359,12.7359,0.0,0.0
1760,3,15,8,weather_driven,historically_calibrated,1.622972,0.275905,12.7272,12.7479,0.0207,0.0
1761,3,15,9,weather_driven,historically_calibrated,1.519527,0.25832,12.3045,12.3874,0.0829,0.0
1762,3,15,10,weather_driven,historically_calibrated,1.424453,0.242157,11.8956,12.0473,0.1516,0.0
1763,3,15,11,weather_driven,historically_calibrated,1.350155,0.229526,11.5612,11.7608,0.1996,0.0
1764,3,15,12,weather_driven,historically_calibrated,1.291237,0.21951,11.2859,11.4777,0.1918,0.0
1765,3,15,13,weather_driven,historically_calibrated,1.538309,0.261513,12.3829,12.5384,0.1555,0.0
1766,3,15,14,weather_driven,historically_calibrated,1.437482,0.244372,11.9529,12.1201,0.1672,0.0
1767,3,15,15,weather_driven,historically_calibrated,1.407352,0.23925,11.8199,12.0726,0.2527,0.0
1768,3,15,16,weather_driven,historically_calibrated,1.494263,0.254025,12.1978,12.4907,0.2929,0.0
1769,3,15,17,weather_driven,historically_calibrated,1.706944,0.29018,13.0549,13.2328,0.1698,0.0081
1770,3,15,18,weather_driven,historically_calibrated,1.930664,0.328213,13.8685,13.9959,0.0726,0.0548
1771,3,15,19,weather_driven,historically_calibrated,1.97712,0.33611,14.0277,14.0929,0.0104,0.0548
1772,3,15,20,weather_driven,historically_calibrated,1.622366,0.275802,12.7247,12.8012,0.0,0.0764
1773,3,15,21,weather_driven,historically_calibrated,1.541888,0.262121,12.3977,12.5936,0.0,0.1959
1774,3,15,22,weather_driven,historically_calibrated,1.450158,0.246527,12.0082,12.2041,0.0,0.1959
1775,3,15,23,weather_driven,historically_calibrated,1.410572,0.239797,11.8342,11.8798,0.0,0.0457
1776,3,15,24,weather_driven,historically_calibrated,1.00045,0.170076,9.7713,9.817,0.0,0.0457
1777,3,16,1,weather_driven,historically_calibrated,0.929612,0.158034,9.3554,9.4741,0.0,0.1187
1778,3,16,2,weather_driven,historically_calibrated,0.93076,0.158229,9.3623,9.481,0.0,0.1187
1779,3,16,3,weather_driven,historically_calibrated,0.945589,0.16075,9.4511,9.5059,0.0,0.0548
1780,3,16,4,weather_driven,historically_calibrated,0.944865,0.160627,9.4468,9.536,0.0,0.0892
1781,3,16,5,weather_driven,historically_calibrated,1.165008,0.198051,10.6627,10.7391,0.0,0.0764
1782,3,16,6,weather_driven,historically_calibrated,1.195516,0.203238,10.8177,10.921,0.0,0.1032
1783,3,16,7,weather_driven,historically_calibrated,1.434103,0.243797,11.9381,12.0413,0.0,0.1032
1784,3,16,8,weather_driven,historically_calibrated,1.434471,0.24386,11.9397,12.0896,0.0143,0.1356
1785,3,16,9,weather_driven,historically_calibrated,1.406875,0.239169,11.8177,11.9437,0.0804,0.0457
1786,3,16,10,weather_driven,historically_calibrated,1.555679,0.264466,12.4547,12.8161,0.2074,0.1541
1787,3,16,11,weather_driven,historically_calibrated,1.419249,0.241272,11.8727,12.1897,0.1814,0.1356
1788,3,16,12,weather_driven,historically_calibrated,1.224559,0.208175,10.9627,11.53,0.3227,0.2447
1789,3,16,13,weather_driven,historically_calibrated,1.130148,0.192125,10.4818,11.2968,0.4497,0.3652
1790,3,16,14,weather_driven,historically_calibrated,0.999036,0.169836,9.7633,10.8682,0.5404,0.5645
1791,3,16,15,weather_driven,historically_calibrated,1.075907,0.182904,10.1922,11.269,0.4653,0.6116
1792,3,16,16,weather_driven,historically_calibrated,1.14212,0.19416,10.5444,12.101,0.324,1.2326
1793,3,16,17,weather_driven,historically_calibrated,1.213645,0.20632,10.9085,13.0589,0.1931,1.9573
1794,3,16,18,weather_driven,historically_calibrated,1.336393,0.227187,11.4977,13.9959,0.0907,2.4074
1795,3,16,19,weather_driven,historically_calibrated,1.178638,0.200368,10.7323,12.7039,0.0143,1.9573
1796,3,16,20,weather_driven,historically_calibrated,1.292898,0.219793,11.2938,12.8609,0.0,1.5671
1797,3,16,21,weather_driven,historically_calibrated,1.395708,0.23727,11.7679,12.5936,0.0,0.8257
1798,3,16,22,weather_driven,historically_calibrated,1.364854,0.232025,11.6285,12.1485,0.0,0.52
1799,3,16,23,weather_driven,historically_calibrated,1.348715,0.229282,11.5546,11.8264,0.0,0.2718
1800,3,16,24,weather_driven,historically_calibrated,0.931087,0.158285,9.3643,9.5602,0.0,0.1959
1801,3,17,1,weather_driven,historically_calibrated,0.921207,0.156605,9.3046,9.5005,0.0,0.1959
1802,3,17,2,weather_driven,historically_calibrated,0.942218,0.160177,9.431,9.5075,0.0,0.0764
1803,3,17,3,weather_driven,historically_calibrated,0.951084,0.161684,9.4837,9.4949,0.0,0.0111
1804,3,17,4,weather_driven,historically_calibrated,0.961738,0.163496,9.5467,9.5659,0.0,0.0193
1805,3,17,5,weather_driven,historically_calibrated,1.005361,0.170911,9.7994,9.8032,0.0,0.0038
1806,3,17,6,weather_driven,historically_calibrated,1.039695,0.176748,9.993,10.0078,0.0,0.0148
1807,3,17,7,weather_driven,historically_calibrated,1.266022,0.215224,11.1652,11.1763,0.0,0.0111
1808,3,17,8,weather_driven,historically_calibrated,1.258917,0.214016,11.1308,11.1729,0.0272,0.0148
1809,3,17,9,weather_driven,historically_calibrated,1.409894,0.239682,11.8312,11.9577,0.0959,0.0306
1810,3,17,10,weather_driven,historically_calibrated,1.283001,0.21811,11.2467,11.4877,0.1646,0.0764
1811,3,17,11,weather_driven,historically_calibrated,1.145375,0.194714,10.5613,10.9186,0.254,0.1032
1812,3,17,12,weather_driven,historically_calibrated,1.044468,0.17756,10.0195,10.4151,0.3499,0.0457
1813,3,17,13,weather_driven,historically_calibrated,1.027129,0.174612,9.9226,10.3454,0.3771,0.0457
1814,3,17,14,weather_driven,historically_calibrated,0.989082,0.168144,9.706,9.9988,0.2683,0.0245
1815,3,17,15,weather_driven,historically_calibrated,1.21412,0.2064,10.9109,11.2053,0.2488,0.0457
1816,3,17,16,weather_driven,historically_calibrated,1.260553,0.214294,11.1387,11.4402,0.1983,0.1032
1817,3,17,17,weather_driven,historically_calibrated,1.346705,0.22894,11.5453,11.8543,0.1348,0.1741
1818,3,17,18,weather_driven,historically_calibrated,1.489092,0.253146,12.1758,12.4367,0.0415,0.2194
1819,3,17,19,weather_driven,historically_calibrated,1.53023,0.260139,12.3492,12.4654,0.013,0.1032
1820,3,17,20,weather_driven,historically_calibrated,1.498736,0.254785,12.2168,12.2716,0.0,0.0548
1821,3,17,21,weather_driven,historically_calibrated,1.485691,0.252567,12.1613,12.1725,0.0,0.0111
1822,3,17,22,weather_driven,historically_calibrated,1.447244,0.246031,11.9955,11.9955,0.0,0.0
1823,3,17,23,weather_driven,historically_calibrated,1.319894,0.224382,11.421,11.421,0.0,0.0
1824,3,17,24,weather_driven,historically_calibrated,0.895902,0.152303,9.1498,9.1498,0.0,0.0
1825,3,18,1,weather_driven,historically_calibrated,0.833299,0.141661,8.7535,8.7535,0.0,0.0
1826,3,18,2,weather_driven,historically_calibrated,0.863454,0.146787,8.9468,8.9468,0.0,0.0
1827,3,18,3,weather_driven,historically_calibrated,0.93411,0.158799,9.3825,9.3825,0.0,0.0
1828,3,18,4,weather_driven,historically_calibrated,0.977938,0.16625,9.6415,9.6415,0.0,0.0
1829,3,18,5,weather_driven,historically_calibrated,0.889839,0.151273,9.1122,9.1122,0.0,0.0
1830,3,18,6,weather_driven,historically_calibrated,0.973018,0.165413,9.6128,9.6128,0.0,0.0
1831,3,18,7,weather_driven,historically_calibrated,1.439197,0.244663,11.9604,11.9628,0.0,0.0024
1832,3,18,8,weather_driven,historically_calibrated,1.488466,0.253039,12.1731,12.2328,0.022,0.0376
1833,3,18,9,weather_driven,historically_calibrated,1.464106,0.248898,12.0687,12.2638,0.0765,0.1187
1834,3,18,10,weather_driven,historically_calibrated,1.302292,0.22139,11.3383,11.8414,0.1711,0.332
1835,3,18,11,weather_driven,historically_calibrated,1.062262,0.180585,10.1177,11.0665,0.2877,0.6611
1836,3,18,12,weather_driven,historically_calibrated,0.916353,0.15578,9.2752,10.4632,0.4199,0.7682
1837,3,18,13,weather_driven,historically_calibrated,1.024877,0.174229,9.91,11.4401,0.5145,1.0156
1838,3,18,14,weather_driven,historically_calibrated,1.023783,0.174043,9.9038,11.4384,0.4497,1.0848
1839,3,18,15,weather_driven,historically_calibrated,1.12049,0.190483,10.431,11.6982,0.381,0.8861
1840,3,18,16,weather_driven,historically_calibrated,1.33782,0.227429,11.5043,12.0549,0.3059,0.2447
1841,3,18,17,weather_driven,historically_calibrated,1.417482,0.240972,11.8648,12.7605,0.2346,0.6611
1842,3,18,18,weather_driven,historically_calibrated,1.533724,0.260733,12.3638,13.6454,0.1244,1.1571
1843,3,18,19,weather_driven,historically_calibrated,1.24183,0.211111,11.0476,12.4654,0.0246,1.3932
1844,3,18,20,weather_driven,historically_calibrated,1.257745,0.213817,11.1251,12.4364,0.0,1.3112
1845,3,18,21,weather_driven,historically_calibrated,1.252521,0.212929,11.0998,12.3324,0.0,1.2326
1846,3,18,22,weather_driven,historically_calibrated,1.094322,0.186035,10.2917,12.0467,0.0,1.755
1847,3,18,23,weather_driven,historically_calibrated,0.973533,0.165501,9.6158,11.4701,0.0,1.8543
1848,3,18,24,weather_driven,historically_calibrated,0.626798,0.106556,7.2902,9.4648,0.0,2.1746
1849,3,19,1,weather_driven,historically_calibrated,0.725014,0.123252,8.019,10.0831,0.0,2.0641
1850,3,19,2,weather_driven,historically_calibrated,0.74499,0.126648,8.1596,10.3342,0.0,2.1746
1851,3,19,3,weather_driven,historically_calibrated,0.782833,0.133082,8.4194,10.4835,0.0,2.0641
1852,3,19,4,weather_driven,historically_calibrated,0.800645,0.13611,8.5389,10.603,0.0,2.0641
1853,3,19,5,weather_driven,historically_calibrated,0.799843,0.135973,8.5336,10.8226,0.0,2.289
1854,3,19,6,weather_driven,historically_calibrated,0.823806,0.140047,8.6917,11.2215,0.0,2.5298
1855,3,19,7,weather_driven,historically_calibrated,1.345949,0.228811,11.5419,14.0717,0.0,2.5298
1856,3,19,8,weather_driven,historically_calibrated,1.423766,0.24204,11.8926,14.3389,0.0389,2.4074
1857,3,19,9,weather_driven,historically_calibrated,1.273962,0.216573,11.2034,13.8848,0.1516,2.5298
1858,3,19,10,weather_driven,historically_calibrated,0.968609,0.164663,9.587,12.9809,0.3331,3.0608
1859,3,19,11,weather_driven,historically_calibrated,0.735779,0.125082,8.0951,12.1361,0.5365,3.5045
1860,3,19,12,weather_driven,historically_calibrated,0.624637,0.106188,7.2734,11.4777,0.6998,3.5045
1861,3,19,13,weather_driven,historically_calibrated,0.788398,0.134028,8.4569,12.4349,0.7737,3.2043
1862,3,19,14,weather_driven,historically_calibrated,0.778431,0.132333,8.3896,12.3287,0.7348,3.2043
1863,3,19,15,weather_driven,historically_calibrated,0.891205,0.151505,9.1207,12.5011,0.5936,2.7869
1864,3,19,16,weather_driven,historically_calibrated,1.026134,0.174443,9.9171,13.1031,0.3992,2.7869
1865,3,19,17,weather_driven,historically_calibrated,1.241209,0.211006,11.0446,14.044,0.2125,2.7869
1866,3,19,18,weather_driven,historically_calibrated,1.527685,0.259706,12.3386,14.9514,0.0829,2.5298
1867,3,19,19,weather_driven,historically_calibrated,1.429637,0.243038,11.9185,13.7909,0.0181,1.8543
1868,3,19,20,weather_driven,historically_calibrated,1.504343,0.255738,12.2405,13.9955,0.0,1.755
1869,3,19,21,weather_driven,historically_calibrated,1.510587,0.2568,12.2669,13.9262,0.0,1.6593
1870,3,19,22,weather_driven,historically_calibrated,1.48823,0.252999,12.1721,13.6506,0.0,1.4784
1871,3,19,23,weather_driven,historically_calibrated,1.412753,0.240168,11.8439,13.3223,0.0,1.4784
1872,3,19,24,weather_driven,historically_calibrated,1.002976,0.170506,9.7858,10.8014,0.0,1.0156
1873,3,20,1,weather_driven,historically_calibrated,0.984631,0.167387,9.6803,10.4484,0.0,0.7682
1874,3,20,2,weather_driven,historically_calibrated,0.965695,0.164168,9.5699,10.4561,0.0,0.8861
1875,3,20,3,weather_driven,historically_calibrated,0.966524,0.164309,9.5748,10.5242,0.0,0.9494
1876,3,20,4,weather_driven,historically_calibrated,1.005272,0.170896,9.7989,10.685,0.0,0.8861
1877,3,20,5,weather_driven,historically_calibrated,1.073594,0.182511,10.1796,10.9478,0.0,0.7682
1878,3,20,6,weather_driven,historically_calibrated,1.149387,0.195396,10.5822,11.3503,0.0,0.7682
1879,3,20,7,weather_driven,historically_calibrated,1.772955,0.301402,13.3035,14.0717,0.0,0.7682
1880,3,20,8,weather_driven,historically_calibrated,1.787266,0.303835,13.3564,14.284,0.0415,0.8861
1881,3,20,9,weather_driven,historically_calibrated,1.594944,0.27114,12.6148,13.7184,0.1542,0.9494
1882,3,20,10,weather_driven,historically_calibrated,1.341439,0.228045,11.5211,12.8711,0.3344,1.0156
1883,3,20,11,weather_driven,historically_calibrated,1.076053,0.182929,10.193,11.8144,0.5365,1.0848
1884,3,20,12,weather_driven,historically_calibrated,1.105531,0.18794,10.3517,12.0009,0.6998,0.9494
1885,3,20,13,weather_driven,historically_calibrated,1.050115,0.17852,10.0508,11.7106,0.7737,0.8861
1886,3,20,14,weather_driven,historically_calibrated,0.983626,0.167216,9.6745,11.4942,0.7348,1.0848
1887,3,20,15,weather_driven,historically_calibrated,1.044412,0.17755,10.0192,11.6976,0.5936,1.0848
1888,3,20,16,weather_driven,historically_calibrated,1.177343,0.200148,10.7257,12.2124,0.4018,1.0848
1889,3,20,17,weather_driven,historically_calibrated,1.403169,0.238539,11.8012,13.1748,0.2164,1.1571
1890,3,20,18,weather_driven,historically_calibrated,1.635182,0.277981,12.7756,14.175,0.0881,1.3112
1891,3,20,19,weather_driven,historically_calibrated,1.48554,0.252542,12.1607,13.0662,0.0194,0.8861
1892,3,20,20,weather_driven,historically_calibrated,1.554796,0.264315,12.4511,13.2192,0.0,0.7682
1893,3,20,21,weather_driven,historically_calibrated,1.54286,0.262286,12.4017,13.1151,0.0,0.7133
1894,3,20,22,weather_driven,historically_calibrated,1.533484,0.260692,12.3628,12.9273,0.0,0.5645
1895,3,20,23,weather_driven,historically_calibrated,1.501205,0.255205,12.2273,12.6278,0.0,0.4005
1896,3,20,24,weather_driven,historically_calibrated,1.053308,0.179062,10.0684,10.2878,0.0,0.2194
1897,3,21,1,weather_driven,historically_calibrated,1.010332,0.171756,9.8277,10.0019,0.0,0.1741
1898,3,21,2,weather_driven,historically_calibrated,1.065283,0.181098,10.1343,10.2529,0.0,0.1187
1899,3,21,3,weather_driven,historically_calibrated,1.093041,0.185817,10.2848,10.3613,0.0,0.0764
1900,3,21,4,weather_driven,historically_calibrated,1.064063,0.180891,10.1276,10.1926,0.0,0.065
1901,3,21,5,weather_driven,historically_calibrated,1.049653,0.178441,10.0482,10.1132,0.0,0.065
1902,3,21,6,weather_driven,historically_calibrated,1.082359,0.184001,10.2272,10.3628,0.0,0.1356
1903,3,21,7,weather_driven,historically_calibrated,1.388389,0.236026,11.735,12.255,0.0,0.52
1904,3,21,8,weather_driven,historically_calibrated,1.337247,0.227332,11.5017,12.0896,0.0233,0.5645
1905,3,21,9,weather_driven,historically_calibrated,1.317071,0.223902,11.4078,12.6092,0.1166,1.0848
1906,3,21,10,weather_driven,historically_calibrated,1.00617,0.171049,9.804,12.1022,0.3408,1.9573
1907,3,21,11,weather_driven,historically_calibrated,0.796534,0.135411,8.5115,11.3319,0.5314,2.289
1908,3,21,12,weather_driven,historically_calibrated,0.511945,0.087031,6.3459,10.6929,0.6856,3.6614
1909,3,21,13,weather_driven,historically_calibrated,0.406862,0.069167,5.3741,10.3138,0.6039,4.3358
1910,3,21,14,weather_driven,historically_calibrated,0.442001,0.07514,5.7122,10.3466,0.6454,3.9891
1911,3,21,15,weather_driven,historically_calibrated,0.425766,0.07238,5.5577,10.6262,0.5521,4.5164
1912,3,21,16,weather_driven,historically_calibrated,0.470547,0.079993,5.9768,11.2659,0.3966,4.8926
1913,3,21,17,weather_driven,historically_calibrated,0.649008,0.110331,7.4608,12.1897,0.2125,4.5164
1914,3,21,18,weather_driven,historically_calibrated,1.006301,0.171071,9.8048,13.3987,0.0894,3.5045
1915,3,21,19,weather_driven,historically_calibrated,0.983889,0.167261,9.676,14.0325,0.0207,4.3358
1916,3,21,20,weather_driven,historically_calibrated,1.032827,0.175581,9.9546,12.7415,0.0,2.7869
1917,3,21,21,weather_driven,historically_calibrated,1.096255,0.186363,10.3021,12.7095,0.0,2.4074
1918,3,21,22,weather_driven,historically_calibrated,1.128625,0.191866,10.4739,12.5379,0.0,2.0641
1919,3,21,23,weather_driven,historically_calibrated,1.172563,0.199336,10.7014,12.3607,0.0,1.6593
1920,3,21,24,weather_driven,historically_calibrated,0.828669,0.140874,8.7234,10.1166,0.0,1.3932
1921,3,22,1,weather_driven,historically_calibrated,0.81128,0.137918,8.6094,9.9207,0.0,1.3112
1922,3,22,2,weather_driven,historically_calibrated,0.849485,0.144412,8.8578,10.0904,0.0,1.2326
1923,3,22,3,weather_driven,historically_calibrated,0.884965,0.150444,9.0819,10.2391,0.0,1.1571
1924,3,22,4,weather_driven,historically_calibrated,0.898398,0.152728,9.1652,10.3978,0.0,1.2326
1925,3,22,5,weather_driven,historically_calibrated,0.946549,0.160913,9.4568,10.614,0.0,1.1571
1926,3,22,6,weather_driven,historically_calibrated,1.016446,0.172796,9.8624,10.878,0.0,1.0156
1927,3,22,7,weather_driven,historically_calibrated,1.593168,0.270838,12.6076,13.3771,0.0013,0.7682
1928,3,22,8,weather_driven,historically_calibrated,1.518457,0.258138,12.3,12.9125,0.048,0.5645
1929,3,22,9,weather_driven,historically_calibrated,1.390313,0.236353,11.7437,12.3874,0.1659,0.4779
1930,3,22,10,weather_driven,historically_calibrated,1.319241,0.224271,11.4179,12.6514,0.3473,0.8861
1931,3,22,11,weather_driven,historically_calibrated,1.009098,0.171547,9.8207,11.7608,0.5469,1.3932
1932,3,22,12,weather_driven,historically_calibrated,0.824477,0.140161,8.6961,11.0591,0.7037,1.6593
1933,3,22,13,weather_driven,historically_calibrated,0.722317,0.122794,7.9998,10.4173,0.7582,1.6593
1934,3,22,14,weather_driven,historically_calibrated,0.711662,0.120982,7.9237,10.2945,0.7115,1.6593
1935,3,22,15,weather_driven,historically_calibrated,0.789889,0.134281,8.467,10.1441,0.5923,1.0848
1936,3,22,16,weather_driven,historically_calibrated,0.951911,0.161825,9.4887,10.7649,0.3901,0.8861
1937,3,22,17,weather_driven,historically_calibrated,1.18614,0.201644,10.7704,11.0888,0.1827,0.1356
1938,3,22,18,weather_driven,historically_calibrated,1.302994,0.221509,11.3416,12.5029,0.0765,1.0848
1939,3,22,19,weather_driven,historically_calibrated,1.348767,0.22929,11.5548,13.4286,0.0194,1.8543
1940,3,22,20,weather_driven,historically_calibrated,1.591166,0.270498,12.5995,13.7567,0.0,1.1571
1941,3,22,21,weather_driven,historically_calibrated,1.328393,0.225827,11.4606,12.0722,0.0,0.6116
1942,3,22,22,weather_driven,historically_calibrated,1.302275,0.221387,11.3382,11.7034,0.0,0.3652
1943,3,22,23,weather_driven,historically_calibrated,1.300906,0.221154,11.3317,11.5059,0.0,0.1741
1944,3,22,24,weather_driven,historically_calibrated,0.931501,0.158355,9.3668,9.4318,0.0,0.065
1945,3,23,1,weather_driven,historically_calibrated,1.120141,0.190424,10.4292,10.4484,0.0,0.0193
1946,3,23,2,weather_driven,historically_calibrated,0.964151,0.163906,9.5609,9.5623,0.0,0.0014
1947,3,23,3,weather_driven,historically_calibrated,0.961722,0.163493,9.5466,9.5466,0.0,0.0
1948,3,23,4,weather_driven,historically_calibrated,1.009539,0.171622,9.8232,9.8232,0.0,0.0
1949,3,23,5,weather_driven,historically_calibrated,1.091911,0.185625,10.2788,10.2801,0.0,0.0014
1950,3,23,6,weather_driven,historically_calibrated,1.164024,0.197884,10.6577,10.6634,0.0,0.0057
1951,3,23,7,weather_driven,historically_calibrated,1.673975,0.284576,12.9278,12.9496,0.0026,0.0193
1952,3,23,8,weather_driven,historically_calibrated,1.564715,0.266001,12.4918,12.5833,0.0609,0.0306
1953,3,23,9,weather_driven,historically_calibrated,1.656028,0.281525,12.8577,13.0529,0.184,0.0111
1954,3,23,10,weather_driven,historically_calibrated,1.36426,0.231924,11.6258,11.9923,0.3473,0.0193
1955,3,23,11,weather_driven,historically_calibrated,1.114013,0.189382,10.3968,10.903,0.4756,0.0306
1956,3,23,12,weather_driven,historically_calibrated,0.932167,0.158468,9.3708,9.9603,0.5651,0.0245
1957,3,23,13,weather_driven,historically_calibrated,0.811663,0.137983,8.612,9.2274,0.591,0.0245
1958,3,23,14,weather_driven,historically_calibrated,0.756756,0.128649,8.2413,8.8862,0.6143,0.0306
1959,3,23,15,weather_driven,historically_calibrated,0.726597,0.123522,8.0302,8.537,0.4692,0.0376
1960,3,23,16,weather_driven,historically_calibrated,0.868836,0.147702,8.9808,9.4288,0.3447,0.1032
1961,3,23,17,weather_driven,historically_calibrated,0.986274,0.167667,9.6898,10.0457,0.2203,0.1356
1962,3,23,18,weather_driven,historically_calibrated,1.221063,0.207581,10.9453,11.2488,0.1076,0.1959
1963,3,23,19,weather_driven,historically_calibrated,1.470513,0.249987,12.0963,12.3416,0.0259,0.2194
1964,3,23,20,weather_driven,historically_calibrated,1.64031,0.278853,12.7959,12.8609,0.0,0.065
1965,3,23,21,weather_driven,historically_calibrated,1.671143,0.284094,12.9168,12.9412,0.0,0.0245
1966,3,23,22,weather_driven,historically_calibrated,1.644453,0.279557,12.8123,12.8161,0.0,0.0038
1967,3,23,23,weather_driven,historically_calibrated,1.292538,0.219731,11.2921,11.2922,0.0,0.0001
1968,3,23,24,weather_driven,historically_calibrated,0.928081,0.157774,9.3462,9.3462,0.0,0.0
1969,3,24,1,weather_driven,historically_calibrated,0.953915,0.162165,9.5005,9.5005,0.0,0.0
1970,3,24,2,weather_driven,historically_calibrated,0.817102,0.138907,8.6478,8.6478,0.0,0.0
1971,3,24,3,weather_driven,historically_calibrated,0.837832,0.142431,8.7829,8.7829,0.0,0.0
1972,3,24,4,weather_driven,historically_calibrated,0.871819,0.148209,8.9996,8.9996,0.0,0.0
1973,3,24,5,weather_driven,historically_calibrated,0.908526,0.15445,9.2274,9.2274,0.0,0.0
1974,3,24,6,weather_driven,historically_calibrated,0.952863,0.161987,9.4943,9.4943,0.0,0.0
1975,3,24,7,weather_driven,historically_calibrated,1.319579,0.224328,11.4195,11.4221,0.0026,0.0
1976,3,24,8,weather_driven,historically_calibrated,1.215261,0.206594,10.9165,10.971,0.0544,0.0
1977,3,24,9,weather_driven,historically_calibrated,1.267384,0.215455,11.1717,11.3454,0.1737,0.0
1978,3,24,10,weather_driven,historically_calibrated,1.054325,0.179235,10.074,10.4267,0.3512,0.0014
1979,3,24,11,weather_driven,historically_calibrated,0.853107,0.145028,8.881,9.4389,0.543,0.0148
1980,3,24,12,weather_driven,historically_calibrated,0.723048,0.122918,8.005,8.7303,0.6947,0.0306
1981,3,24,13,weather_driven,historically_calibrated,0.628497,0.106845,7.3034,8.1085,0.7595,0.0457
1982,3,24,14,weather_driven,historically_calibrated,0.636805,0.108257,7.3675,8.0793,0.6661,0.0457
1983,3,24,15,weather_driven,historically_calibrated,0.717163,0.121918,7.9631,8.544,0.5262,0.0548
1984,3,24,16,weather_driven,historically_calibrated,0.800761,0.136129,8.5397,9.1866,0.346,0.3009
1985,3,24,17,weather_driven,historically_calibrated,0.86252,0.146628,8.9409,9.7219,0.2164,0.5645
1986,3,24,18,weather_driven,historically_calibrated,0.970369,0.164963,9.5973,10.4588,0.0933,0.7682
1987,3,24,19,weather_driven,historically_calibrated,1.106842,0.188163,10.3587,11.132,0.0052,0.7682
1988,3,24,20,weather_driven,historically_calibrated,1.179103,0.200448,10.7347,11.1728,0.0,0.4381
1989,3,24,21,weather_driven,historically_calibrated,1.204277,0.204727,10.8617,11.1064,0.0,0.2447
1990,3,24,22,weather_driven,historically_calibrated,1.268217,0.215597,11.1757,11.279,0.0,0.1032
1991,3,24,23,weather_driven,historically_calibrated,1.242238,0.21118,11.0496,11.1261,0.0,0.0764
1992,3,24,24,weather_driven,historically_calibrated,0.908086,0.154375,9.2247,9.2285,0.0,0.0038
1993,3,25,1,weather_driven,historically_calibrated,0.879999,0.1496,9.0509,9.0523,0.0,0.0014
1994,3,25,2,weather_driven,historically_calibrated,0.915842,0.155693,9.272,9.2832,0.0,0.0111
1995,3,25,3,weather_driven,historically_calibrated,0.952319,0.161894,9.4911,9.4949,0.0,0.0038
1996,3,25,4,weather_driven,historically_calibrated,0.835728,0.142074,8.7693,8.7731,0.0,0.0038
1997,3,25,5,weather_driven,historically_calibrated,0.876231,0.148959,9.0273,9.0355,0.0,0.0081
1998,3,25,6,weather_driven,historically_calibrated,0.904539,0.153772,9.203,9.2178,0.0,0.0148
1999,3,25,7,weather_driven,historically_calibrated,1.298144,0.220685,11.3187,11.3238,0.0013,0.0038
2000,3,25,8,weather_driven,historically_calibrated,1.224322,0.208135,10.9615,11.0214,0.0518,0.0081
2001,3,25,9,weather_driven,historically_calibrated,1.28722,0.218827,11.2668,11.4474,0.175,0.0057
2002,3,25,10,weather_driven,historically_calibrated,1.129838,0.192072,10.4802,10.8309,0.3499,0.0007
2003,3,25,11,weather_driven,historically_calibrated,0.961859,0.163516,9.5474,10.0801,0.5327,0.0
2004,3,25,12,weather_driven,historically_calibrated,0.850673,0.144614,8.8654,9.5005,0.635,0.0
2005,3,25,13,weather_driven,historically_calibrated,0.776002,0.13192,8.3731,9.108,0.7348,0.0
2006,3,25,14,weather_driven,historically_calibrated,0.776907,0.132074,8.3793,9.039,0.6597,0.0001
2007,3,25,15,weather_driven,historically_calibrated,0.852132,0.144862,8.8748,9.3818,0.499,0.0081
2008,3,25,16,weather_driven,historically_calibrated,0.959443,0.163105,9.5332,9.8013,0.2488,0.0193
2009,3,25,17,weather_driven,historically_calibrated,1.065799,0.181186,10.1371,10.3616,0.1788,0.0457
2010,3,25,18,weather_driven,historically_calibrated,1.243728,0.211434,11.0569,11.228,0.0946,0.0764
2011,3,25,19,weather_driven,historically_calibrated,1.443727,0.245434,11.9802,12.0209,0.0259,0.0148
2012,3,25,20,weather_driven,historically_calibrated,1.498524,0.254749,12.2159,12.2166,0.0,0.0007
2013,3,25,21,weather_driven,historically_calibrated,1.451155,0.246696,12.0125,12.0125,0.0,0.0
2014,3,25,22,weather_driven,historically_calibrated,1.333364,0.226672,11.4837,11.4837,0.0,0.0
2015,3,25,23,weather_driven,historically_calibrated,1.247826,0.21213,11.0769,11.0769,0.0,0.0
2016,3,25,24,weather_driven,historically_calibrated,0.85821,0.145896,8.9135,8.9135,0.0,0.0
2017,3,26,1,weather_driven,historically_calibrated,0.922373,0.156803,9.3117,9.3117,0.0,0.0
2018,3,26,2,weather_driven,historically_calibrated,0.916571,0.155817,9.2765,9.2779,0.0,0.0014
2019,3,26,3,weather_driven,historically_calibrated,0.918967,0.156224,9.291,9.3022,0.0,0.0111
2020,3,26,4,weather_driven,historically_calibrated,0.934074,0.158793,9.3823,9.4128,0.0,0.0306
2021,3,26,5,weather_driven,historically_calibrated,0.985412,0.16752,9.6848,9.696,0.0,0.0111
2022,3,26,6,weather_driven,historically_calibrated,0.994926,0.169137,9.7397,9.8047,0.0,0.065
2023,3,26,7,weather_driven,historically_calibrated,1.351055,0.229679,11.5653,11.7207,0.0013,0.1541
2024,3,26,8,weather_driven,historically_calibrated,1.30804,0.222367,11.3654,11.7604,0.0298,0.3652
2025,3,26,9,weather_driven,historically_calibrated,1.237968,0.210455,11.0287,11.7219,0.0816,0.6116
2026,3,26,10,weather_driven,historically_calibrated,1.21763,0.206997,10.9283,11.7178,0.1283,0.6611
2027,3,26,11,weather_driven,historically_calibrated,1.103786,0.187644,10.3424,11.2783,0.1102,0.8257
2028,3,26,12,weather_driven,historically_calibrated,1.107745,0.188317,10.3635,11.6347,0.114,1.1571
2029,3,26,13,weather_driven,historically_calibrated,0.760184,0.129231,8.2649,11.2968,0.1102,2.9217
2030,3,26,14,weather_driven,historically_calibrated,0.793289,0.134859,8.4898,10.8682,0.0894,2.289
2031,3,26,15,weather_driven,historically_calibrated,0.974836,0.165722,9.6234,11.5905,0.1128,1.8543
2032,3,26,16,weather_driven,historically_calibrated,1.333673,0.226724,11.4851,12.2124,0.0661,0.6611
2033,3,26,17,weather_driven,historically_calibrated,1.258878,0.214009,11.1306,13.001,0.1153,1.755
2034,3,26,18,weather_driven,historically_calibrated,1.334693,0.226898,11.4898,13.9361,0.0389,2.4074
2035,3,26,19,weather_driven,historically_calibrated,1.099772,0.186961,10.3209,13.8513,0.0259,3.5045
2036,3,26,20,weather_driven,historically_calibrated,1.518684,0.258176,12.3009,13.4581,0.0,1.1571
2037,3,26,21,weather_driven,historically_calibrated,1.629336,0.276987,12.7525,13.5206,0.0,0.7682
2038,3,26,22,weather_driven,historically_calibrated,1.455998,0.24752,12.0336,12.983,0.0,0.9494
2039,3,26,23,weather_driven,historically_calibrated,1.071768,0.182201,10.1697,11.1853,0.0,1.0156
2040,3,26,24,weather_driven,historically_calibrated,0.809101,0.137547,8.595,9.9882,0.0,1.3932
2041,3,27,1,weather_driven,historically_calibrated,0.762946,0.129701,8.2839,9.6771,0.0,1.3932
2042,3,27,2,weather_driven,historically_calibrated,0.55121,0.093706,6.6812,9.6029,0.0,2.9217
2043,3,27,3,weather_driven,historically_calibrated,0.388637,0.066068,5.1931,9.7095,0.0,4.5164
2044,3,27,4,weather_driven,historically_calibrated,0.504981,0.085847,6.285,9.9463,0.0,3.6614
2045,3,27,5,weather_driven,historically_calibrated,0.515152,0.087576,6.3738,10.1967,0.0,3.8229
2046,3,27,6,weather_driven,historically_calibrated,0.525175,0.08928,6.4604,10.6204,0.0,4.16
2047,3,27,7,weather_driven,historically_calibrated,0.654969,0.111345,7.506,11.6673,0.0013,4.16
2048,3,27,8,weather_driven,historically_calibrated,0.761575,0.129468,8.2745,11.8152,0.0363,3.5045
2049,3,27,9,weather_driven,historically_calibrated,0.88438,0.150345,9.0783,12.6092,0.1788,3.3521
2050,3,27,10,weather_driven,historically_calibrated,0.662943,0.1127,7.566,11.9374,0.3823,3.9891
2051,3,27,11,weather_driven,historically_calibrated,0.500217,0.085037,6.243,11.171,0.5923,4.3358
2052,3,27,12,weather_driven,historically_calibrated,0.395587,0.06725,5.2626,10.5359,0.7569,4.5164
2053,3,27,13,weather_driven,historically_calibrated,0.320036,0.054406,4.4733,10.0034,0.8281,4.702
2054,3,27,14,weather_driven,historically_calibrated,0.346384,0.058885,4.7574,9.8772,0.7841,4.3358
2055,3,27,15,weather_driven,historically_calibrated,0.506797,0.086155,6.3009,10.1441,0.6389,3.2043
2056,3,27,16,weather_driven,historically_calibrated,0.680325,0.115655,7.6954,10.5422,0.4393,2.4074
2057,3,27,17,weather_driven,historically_calibrated,0.975889,0.165901,9.6295,11.4364,0.2398,1.5671
2058,3,27,18,weather_driven,historically_calibrated,1.089626,0.185236,10.2665,11.846,0.1011,1.4784
2059,3,27,19,weather_driven,historically_calibrated,1.207704,0.20531,10.8789,12.7643,0.0311,1.8543
2060,3,27,20,weather_driven,historically_calibrated,1.555313,0.264403,12.4532,13.2789,0.0,0.8257
2061,3,27,21,weather_driven,historically_calibrated,1.649063,0.280341,12.8304,13.2309,0.0,0.4005
2062,3,27,22,weather_driven,historically_calibrated,1.653948,0.281171,12.8496,13.0942,0.0,0.2447
2063,3,27,23,weather_driven,historically_calibrated,1.209376,0.205594,10.8872,11.1319,0.0,0.2447
2064,3,27,24,weather_driven,historically_calibrated,0.851388,0.144736,8.87,9.0894,0.0,0.2194
2065,3,28,1,weather_driven,historically_calibrated,1.002398,0.170408,9.7825,10.0019,0.0,0.2194
2066,3,28,2,weather_driven,historically_calibrated,1.029569,0.175027,9.9363,10.0904,0.0,0.1541
2067,3,28,3,weather_driven,historically_calibrated,1.058151,0.179886,10.0951,10.1983,0.0,0.1032
2068,3,28,4,weather_driven,historically_calibrated,1.096235,0.18636,10.302,10.3567,0.0,0.0548
2069,3,28,5,weather_driven,historically_calibrated,1.138699,0.193579,10.5266,10.5722,0.0,0.0457
2070,3,28,6,weather_driven,historically_calibrated,1.184397,0.201347,10.7616,10.7922,0.0,0.0306
2071,3,28,7,weather_driven,historically_calibrated,1.358736,0.230985,11.6005,11.6139,0.0052,0.0081
2072,3,28,8,weather_driven,historically_calibrated,1.597882,0.27164,12.6266,12.693,0.0661,0.0003
2073,3,28,9,weather_driven,historically_calibrated,1.514504,0.257466,12.2834,12.4429,0.1594,0.0001
2074,3,28,10,weather_driven,historically_calibrated,1.41604,0.240727,11.8584,12.1022,0.2436,0.0001
2075,3,28,11,weather_driven,historically_calibrated,1.285118,0.21847,11.2568,11.4927,0.2346,0.0014
2076,3,28,12,weather_driven,historically_calibrated,1.221803,0.207707,10.949,11.2161,0.2657,0.0014
2077,3,28,13,weather_driven,historically_calibrated,1.23571,0.210071,11.0176,11.2968,0.2735,0.0057
2078,3,28,14,weather_driven,historically_calibrated,1.109645,0.18864,10.3736,10.6074,0.219,0.0148
2079,3,28,15,weather_driven,historically_calibrated,1.048022,0.178164,10.0392,10.4119,0.3616,0.0111
2080,3,28,16,weather_driven,historically_calibrated,1.097019,0.186493,10.3062,10.7092,0.3266,0.0764
2081,3,28,17,weather_driven,historically_calibrated,1.282514,0.218027,11.2443,11.4364,0.1464,0.0457
2082,3,28,18,weather_driven,historically_calibrated,1.333711,0.226731,11.4853,11.7266,0.0454,0.1959
2083,3,28,19,weather_driven,historically_calibrated,1.448674,0.246275,12.0018,12.3416,0.0078,0.332
2084,3,28,20,weather_driven,historically_calibrated,1.531307,0.260322,12.3537,12.4429,0.0,0.0892
2085,3,28,21,weather_driven,historically_calibrated,1.442908,0.245294,11.9766,12.0142,0.0,0.0376
2086,3,28,22,weather_driven,historically_calibrated,1.327992,0.225759,11.4587,11.7034,0.0,0.2447
2087,3,28,23,weather_driven,historically_calibrated,1.249943,0.21249,11.0872,11.4524,0.0,0.3652
2088,3,28,24,weather_driven,historically_calibrated,0.930924,0.158257,9.3633,9.5174,0.0,0.1541
2089,3,29,1,weather_driven,historically_calibrated,0.817527,0.13898,8.6506,9.3117,0.0,0.6611
2090,3,29,2,weather_driven,historically_calibrated,0.767465,0.130469,8.3149,9.3998,0.0,1.0848
2091,3,29,3,weather_driven,historically_calibrated,0.919789,0.156364,9.296,9.6281,0.0,0.332
2092,3,29,4,weather_driven,historically_calibrated,0.939869,0.159778,9.417,9.7822,0.0,0.3652
2093,3,29,5,weather_driven,historically_calibrated,0.989548,0.168223,9.7087,9.9046,0.0,0.1959
2094,3,29,6,weather_driven,historically_calibrated,1.028627,0.174867,9.9311,10.1052,0.0,0.1741
2095,3,29,7,weather_driven,historically_calibrated,1.453689,0.247127,12.0236,12.2016,0.0039,0.1741
2096,3,29,8,weather_driven,historically_calibrated,1.446096,0.245836,11.9905,12.309,0.0467,0.2718
2097,3,29,9,weather_driven,historically_calibrated,1.398673,0.237774,11.7811,12.332,0.1128,0.4381
2098,3,29,10,weather_driven,historically_calibrated,1.316062,0.223731,11.403,11.9923,0.1115,0.4779
2099,3,29,11,weather_driven,historically_calibrated,1.199455,0.203907,10.8375,11.3855,0.1827,0.3652
2100,3,29,12,weather_driven,historically_calibrated,1.162293,0.19759,10.6488,11.0591,0.2748,0.1356
2101,3,29,13,weather_driven,historically_calibrated,1.057338,0.179747,10.0906,10.5208,0.276,0.1541
2102,3,29,14,weather_driven,historically_calibrated,1.040407,0.176869,9.9969,10.2945,0.267,0.0306
2103,3,29,15,weather_driven,historically_calibrated,1.064583,0.180979,10.1304,10.5191,0.2346,0.1541
2104,3,29,16,weather_driven,historically_calibrated,1.098882,0.18681,10.3162,10.8206,0.1724,0.332
2105,3,29,17,weather_driven,historically_calibrated,1.25749,0.213773,11.1239,11.4364,0.1166,0.1959
2106,3,29,18,weather_driven,historically_calibrated,1.355154,0.230376,11.5841,11.9654,0.0492,0.332
2107,3,29,19,weather_driven,historically_calibrated,1.498274,0.254707,12.2148,12.4019,0.013,0.1741
2108,3,29,20,weather_driven,historically_calibrated,1.502598,0.255442,12.2332,12.2637,0.0,0.0306
2109,3,29,21,weather_driven,historically_calibrated,1.5297,0.260049,12.347,12.3619,0.0,0.0148
2110,3,29,22,weather_driven,historically_calibrated,1.418915,0.241216,11.8712,11.9259,0.0,0.0548
2111,3,29,23,weather_driven,historically_calibrated,1.344735,0.228605,11.5363,11.6127,0.0,0.0764
2112,3,29,24,weather_driven,historically_calibrated,0.916969,0.155885,9.2789,9.3034,0.0,0.0245
2113,3,30,1,weather_driven,historically_calibrated,0.85609,0.145535,8.9,8.9057,0.0,0.0057
2114,3,30,2,weather_driven,historically_calibrated,0.86419,0.146912,8.9515,8.9528,0.0,0.0014
2115,3,30,3,weather_driven,historically_calibrated,0.854901,0.145333,8.8924,8.8948,0.0,0.0024
2116,3,30,4,weather_driven,historically_calibrated,0.852735,0.144965,8.8786,8.8793,0.0,0.0007
2117,3,30,5,weather_driven,historically_calibrated,0.881275,0.149817,9.0589,9.07,0.0,0.0111
2118,3,30,6,weather_driven,historically_calibrated,0.863265,0.146755,8.9456,9.2465,0.0,0.3009
2119,3,30,7,weather_driven,historically_calibrated,1.21441,0.20645,10.9123,11.133,0.0013,0.2194
2120,3,30,8,weather_driven,historically_calibrated,1.173752,0.199538,10.7074,11.3764,0.0078,0.6611
2121,3,30,9,weather_driven,historically_calibrated,1.216995,0.206889,10.9252,11.5001,0.0104,0.5645
2122,3,30,10,weather_driven,historically_calibrated,1.178293,0.20031,10.7306,11.0587,0.0272,0.3009
2123,3,30,11,weather_driven,historically_calibrated,1.049212,0.178366,10.0458,10.5813,0.2035,0.332
2124,3,30,12,weather_driven,historically_calibrated,0.948591,0.16126,9.469,9.908,0.1944,0.2447
2125,3,30,13,weather_driven,historically_calibrated,0.846433,0.143894,8.8383,9.5378,0.4549,0.2447
2126,3,30,14,weather_driven,historically_calibrated,0.807799,0.137326,8.5864,9.0948,0.289,0.2194
2127,3,30,15,weather_driven,historically_calibrated,0.751574,0.127768,8.2054,8.8584,0.499,0.1541
2128,3,30,16,weather_driven,historically_calibrated,0.856855,0.145665,8.9049,9.6515,0.346,0.4005
2129,3,30,17,weather_driven,historically_calibrated,0.973334,0.165467,9.6146,10.1616,0.1464,0.4005
2130,3,30,18,weather_driven,historically_calibrated,1.065564,0.181146,10.1358,10.6516,0.0778,0.4381
2131,3,30,19,weather_driven,historically_calibrated,1.048494,0.178244,10.0418,10.9526,0.0246,0.8861
2132,3,30,20,weather_driven,historically_calibrated,0.979328,0.166486,9.6495,11.6069,0.0,1.9573
2133,3,30,21,weather_driven,historically_calibrated,1.138168,0.193489,10.5238,11.6087,0.0,1.0848
2134,3,30,22,weather_driven,historically_calibrated,1.099845,0.186974,10.3213,11.1471,0.0,0.8257
2135,3,30,23,weather_driven,historically_calibrated,1.038374,0.176524,9.9856,10.8113,0.0,0.8257
2136,3,30,24,weather_driven,historically_calibrated,0.788517,0.134048,8.4577,8.7898,0.0,0.332
2137,3,31,1,weather_driven,historically_calibrated,0.650646,0.11061,7.4732,7.7451,0.0,0.2718
2138,3,31,2,weather_driven,historically_calibrated,0.629384,0.106995,7.3102,7.7881,0.0,0.4779
2139,3,31,3,weather_driven,historically_calibrated,0.63628,0.108168,7.3635,7.8835,0.0,0.52
2140,3,31,4,weather_driven,historically_calibrated,0.668981,0.113727,7.6112,8.1312,0.0,0.52
2141,3,31,5,weather_driven,historically_calibrated,0.717179,0.12192,7.9632,8.5748,0.0,0.6116
2142,3,31,6,weather_driven,historically_calibrated,0.707904,0.120344,7.8966,8.6648,0.0,0.7682
2143,3,31,7,weather_driven,historically_calibrated,0.915259,0.155594,9.2685,10.0457,0.0091,0.7682
2144,3,31,8,weather_driven,historically_calibrated,0.912362,0.155102,9.2508,10.1634,0.0868,0.8257
2145,3,31,9,weather_driven,historically_calibrated,0.849741,0.144456,8.8595,10.0188,0.21,0.9494
2146,3,31,10,weather_driven,historically_calibrated,0.7448,0.126616,8.1583,9.4667,0.359,0.9494
2147,3,31,11,weather_driven,historically_calibrated,0.652325,0.110895,7.486,8.847,0.5352,0.8257
2148,3,31,12,weather_driven,historically_calibrated,0.592258,0.100684,7.0175,8.2489,0.5702,0.6611
2149,3,31,13,weather_driven,historically_calibrated,0.551243,0.093711,6.6815,7.7753,0.6558,0.4381
2150,3,31,14,weather_driven,historically_calibrated,0.539156,0.091657,6.5797,7.5994,0.6545,0.3652
2151,3,31,15,weather_driven,historically_calibrated,0.578655,0.098371,6.9076,7.7062,0.4977,0.3009
2152,3,31,16,weather_driven,historically_calibrated,0.628228,0.106799,7.3013,8.0086,0.3421,0.3652
2153,3,31,17,weather_driven,historically_calibrated,0.693827,0.117951,7.7946,8.4957,0.2631,0.4381
2154,3,31,18,weather_driven,historically_calibrated,0.833011,0.141612,8.7517,9.1951,0.1426,0.3009
2155,3,31,19,weather_driven,historically_calibrated,0.988131,0.167982,9.7005,9.9653,0.0454,0.2194
2156,3,31,20,weather_driven,historically_calibrated,1.062604,0.180643,10.1196,10.2937,0.0,0.1741
2157,3,31,21,weather_driven,historically_calibrated,1.019964,0.173394,9.8823,10.3602,0.0,0.4779
2158,3,31,22,weather_driven,historically_calibrated,1.008488,0.171443,9.8172,10.2553,0.0,0.4381
2159,3,31,23,weather_driven,historically_calibrated,1.016048,0.172728,9.8602,10.1922,0.0,0.332
2160,3,31,24,weather_driven,historically_calibrated,0.730988,0.124268,8.0613,8.3622,0.0,0.3009
2161,4,1,1,weather_driven,historically_calibrated,0.721796,0.122705,7.9961,8.268,0.0,0.2718
2162,4,1,2,weather_driven,historically_calibrated,0.755808,0.128487,8.2347,8.5356,0.0,0.3009
2163,4,1,3,weather_driven,historically_calibrated,0.787489,0.133873,8.4508,8.7829,0.0,0.332
2164,4,1,4,weather_driven,historically_calibrated,0.820119,0.13942,8.6676,8.9996,0.0,0.332
2165,4,1,5,weather_driven,historically_calibrated,0.879679,0.149545,9.0489,9.381,0.0,0.332
2166,4,1,6,weather_driven,historically_calibrated,0.933776,0.158742,9.3805,9.6523,0.0,0.2718
2167,4,1,7,weather_driven,historically_calibrated,1.236298,0.210171,11.0205,11.2255,0.0091,0.1959
2168,4,1,8,weather_driven,historically_calibrated,1.195451,0.203227,10.8174,11.0719,0.0804,0.1741
2169,4,1,9,weather_driven,historically_calibrated,1.050865,0.178647,10.0549,10.5801,0.2242,0.3009
2170,4,1,10,weather_driven,historically_calibrated,0.890084,0.151314,9.1137,9.8709,0.4251,0.332
2171,4,1,11,weather_driven,historically_calibrated,0.717929,0.122048,7.9686,9.0443,0.6376,0.4381
2172,4,1,12,weather_driven,historically_calibrated,0.575809,0.097888,6.8844,8.3452,0.7996,0.6611
2173,4,1,13,weather_driven,historically_calibrated,0.500312,0.085053,6.2439,7.8229,0.8657,0.7133
2174,4,1,14,weather_driven,historically_calibrated,0.474436,0.080654,6.0122,7.5994,0.8191,0.7682
2175,4,1,15,weather_driven,historically_calibrated,0.496385,0.084385,6.2091,7.7062,0.6713,0.8257
2176,4,1,16,weather_driven,historically_calibrated,0.561431,0.095443,6.7663,8.0598,0.4679,0.8257
2177,4,1,17,weather_driven,historically_calibrated,0.654856,0.111326,7.5051,8.6557,0.2644,0.8861
2178,4,1,18,weather_driven,historically_calibrated,0.799518,0.135918,8.5314,9.4149,0.1153,0.7682
2179,4,1,19,weather_driven,historically_calibrated,1.000215,0.170037,9.77,10.2431,0.035,0.4381
2180,4,1,20,weather_driven,historically_calibrated,1.08503,0.184455,10.2417,10.5135,0.0,0.2718
2181,4,1,21,weather_driven,historically_calibrated,1.080868,0.183748,10.2191,10.5201,0.0,0.3009
2182,4,1,22,weather_driven,historically_calibrated,1.061403,0.180439,10.113,10.3577,0.0,0.2447
2183,4,1,23,weather_driven,historically_calibrated,1.001581,0.170269,9.7778,10.143,0.0,0.3652
2184,4,1,24,weather_driven,historically_calibrated,0.716968,0.121885,7.9617,8.3622,0.0,0.4005
2185,4,2,1,weather_driven,historically_calibrated,0.796051,0.135329,8.5083,8.9463,0.0,0.4381
2186,4,2,2,weather_driven,historically_calibrated,0.834204,0.141815,8.7594,9.2372,0.0,0.4779
2187,4,2,3,weather_driven,historically_calibrated,0.856776,0.145652,8.9044,9.4244,0.0,0.52
2188,4,2,4,weather_driven,historically_calibrated,0.901,0.15317,9.1812,9.6591,0.0,0.4779
2189,4,2,5,weather_driven,historically_calibrated,0.968695,0.164678,9.5875,9.9881,0.0,0.4005
2190,4,2,6,weather_driven,historically_calibrated,1.008291,0.17141,9.8161,10.1481,0.0,0.332
2191,4,2,7,weather_driven,historically_calibrated,1.305225,0.221888,11.3521,11.6673,0.0143,0.3009
2192,4,2,8,weather_driven,historically_calibrated,1.22149,0.207653,10.9475,11.2666,0.0998,0.2194
2193,4,2,9,weather_driven,historically_calibrated,1.131528,0.19236,10.4891,10.89,0.2268,0.1741
2194,4,2,10,weather_driven,historically_calibrated,0.955049,0.162358,9.5072,10.0702,0.3888,0.1741
2195,4,2,11,weather_driven,historically_calibrated,0.779622,0.132536,8.3977,9.0801,0.5638,0.1187
2196,4,2,12,weather_driven,historically_calibrated,0.648173,0.110189,7.4544,8.286,0.7284,0.1032
2197,4,2,13,weather_driven,historically_calibrated,0.579553,0.098524,6.9149,7.7789,0.7608,0.1032
2198,4,2,14,weather_driven,historically_calibrated,0.558436,0.094934,6.7414,7.4778,0.6908,0.0457
2199,4,2,15,weather_driven,historically_calibrated,0.564166,0.095908,6.7889,7.4121,0.6039,0.0193
2200,4,2,16,weather_driven,historically_calibrated,0.612582,0.104139,7.1791,7.6473,0.4601,0.0081
2201,4,2,17,weather_driven,historically_calibrated,0.735402,0.125018,8.0924,8.3653,0.2722,0.0007
2202,4,2,18,weather_driven,historically_calibrated,0.92501,0.157252,9.3276,9.4572,0.1296,0.0
2203,4,2,19,weather_driven,historically_calibrated,1.154105,0.196198,10.6066,10.6506,0.0441,0.0
2204,4,2,20,weather_driven,historically_calibrated,1.221733,0.207695,10.9487,10.95,0.0013,0.0
2205,4,2,21,weather_driven,historically_calibrated,1.261882,0.21452,11.1452,11.1452,0.0,0.0
2206,4,2,22,weather_driven,historically_calibrated,1.262273,0.214586,11.1471,11.1471,0.0,0.0
2207,4,2,23,weather_driven,historically_calibrated,1.224727,0.208204,10.9635,10.9716,0.0,0.0081
2208,4,2,24,weather_driven,historically_calibrated,0.868595,0.147661,8.9793,9.0038,0.0,0.0245
2209,4,3,1,weather_driven,historically_calibrated,0.832189,0.141472,8.7463,8.7839,0.0,0.0376
2210,4,3,2,weather_driven,historically_calibrated,0.855788,0.145484,8.8981,8.9528,0.0,0.0548
2211,4,3,3,weather_driven,historically_calibrated,0.824264,0.140125,8.6947,8.8134,0.0,0.1187
2212,4,3,4,weather_driven,historically_calibrated,0.840749,0.142927,8.8017,8.9204,0.0,0.1187
2213,4,3,5,weather_driven,historically_calibrated,0.859766,0.14616,8.9234,9.1952,0.0,0.2718
2214,4,3,6,weather_driven,historically_calibrated,0.874701,0.148699,9.0177,9.4183,0.0,0.4005
2215,4,3,7,weather_driven,historically_calibrated,1.262817,0.214679,11.1497,11.7207,0.0065,0.5645
2216,4,3,8,weather_driven,historically_calibrated,1.303204,0.221545,11.3426,12.1444,0.0337,0.7682
2217,4,3,9,weather_driven,historically_calibrated,1.167246,0.198432,10.6742,12.1101,0.0428,1.3932
2218,4,3,10,weather_driven,historically_calibrated,0.930378,0.158164,9.36,11.7178,0.0687,2.289
2219,4,3,11,weather_driven,historically_calibrated,0.894797,0.152115,9.1429,11.2783,0.0713,2.0641
2220,4,3,12,weather_driven,historically_calibrated,0.968761,0.164689,9.5879,10.9021,0.0816,1.2326
2221,4,3,13,weather_driven,historically_calibrated,1.028095,0.174776,9.9281,10.8829,0.0687,0.8861
2222,4,3,14,weather_driven,historically_calibrated,1.051663,0.178783,10.0594,10.8161,0.1452,0.6116
2223,4,3,15,weather_driven,historically_calibrated,1.092327,0.185696,10.281,10.8941,0.2125,0.4005
2224,4,3,16,weather_driven,historically_calibrated,1.129257,0.191974,10.4772,11.2659,0.2242,0.5645
2225,4,3,17,weather_driven,historically_calibrated,1.330378,0.226164,11.4698,12.0738,0.2035,0.4005
2226,4,3,18,weather_driven,historically_calibrated,1.401761,0.238299,11.7949,12.1446,0.105,0.2447
2227,4,3,19,weather_driven,historically_calibrated,1.659669,0.282144,12.872,13.0662,0.0402,0.1541
2228,4,3,20,weather_driven,historically_calibrated,1.537362,0.261352,12.3789,13.0401,0.0,0.6611
2229,4,3,21,weather_driven,historically_calibrated,1.632402,0.277508,12.7646,12.8833,0.0,0.1187
2230,4,3,22,weather_driven,historically_calibrated,1.503502,0.255595,12.237,12.5379,0.0,0.3009
2231,4,3,23,weather_driven,historically_calibrated,1.47957,0.251527,12.1351,12.2538,0.0,0.1187
2232,4,3,24,weather_driven,historically_calibrated,0.976051,0.165929,9.6305,10.031,0.0,0.4005
2233,4,4,1,weather_driven,historically_calibrated,0.88979,0.151264,9.1119,9.8801,0.0,0.7682
2234,4,4,2,weather_driven,historically_calibrated,0.954739,0.162306,9.5054,9.7248,0.0,0.2194
2235,4,4,3,weather_driven,historically_calibrated,0.933281,0.158658,9.3775,9.7095,0.0,0.332
2236,4,4,4,weather_driven,historically_calibrated,0.802787,0.136474,8.5532,9.9463,0.0,1.3932
2237,4,4,5,weather_driven,historically_calibrated,0.796204,0.135355,8.5093,10.3636,0.0,1.8543
2238,4,4,6,weather_driven,historically_calibrated,0.647144,0.110014,7.4466,9.9764,0.0,2.5298
2239,4,4,7,weather_driven,historically_calibrated,1.185706,0.20157,10.7682,11.9344,0.0091,1.1571
2240,4,4,8,weather_driven,historically_calibrated,1.074041,0.182587,10.1821,11.9798,0.0428,1.755
2241,4,4,9,weather_driven,historically_calibrated,0.852356,0.1449,8.8762,12.4429,0.0622,3.5045
2242,4,4,10,weather_driven,historically_calibrated,0.857147,0.145715,8.9067,12.7612,0.1931,3.6614
2243,4,4,11,weather_driven,historically_calibrated,0.816889,0.138871,8.6464,12.4041,0.4056,3.3521
2244,4,4,12,weather_driven,historically_calibrated,0.825228,0.140289,8.701,12.2102,0.4484,3.0608
2245,4,4,13,weather_driven,historically_calibrated,0.825564,0.140346,8.7032,11.7106,0.6,2.4074
2246,4,4,14,weather_driven,historically_calibrated,0.902765,0.15347,9.1921,12.6417,0.3888,3.0608
2247,4,4,15,weather_driven,historically_calibrated,0.886121,0.150641,9.0891,12.4476,0.4368,2.9217
2248,4,4,16,weather_driven,historically_calibrated,1.120742,0.190526,10.4324,13.6041,0.3849,2.7869
2249,4,4,17,weather_driven,historically_calibrated,0.792105,0.134658,8.4818,13.986,0.2151,5.2891
2250,4,4,18,weather_driven,historically_calibrated,1.720194,0.292433,13.1054,14.8319,0.1594,1.5671
2251,4,4,19,weather_driven,historically_calibrated,1.679879,0.285579,12.9507,13.187,0.0622,0.1741
2252,4,4,20,weather_driven,historically_calibrated,1.727663,0.293703,13.1337,13.1595,0.0013,0.0245
2253,4,4,21,weather_driven,historically_calibrated,1.987345,0.337849,14.0624,14.1,0.0,0.0376
2254,4,4,22,weather_driven,historically_calibrated,1.732771,0.294571,13.153,13.3724,0.0,0.2194
2255,4,4,23,weather_driven,historically_calibrated,1.52359,0.25901,12.3215,12.8415,0.0,0.52
2256,4,4,24,weather_driven,historically_calibrated,0.926006,0.157421,9.3337,10.1594,0.0,0.8257
2257,4,5,1,weather_driven,historically_calibrated,0.813013,0.138212,8.6209,9.6365,0.0,1.0156
2258,4,5,2,weather_driven,historically_calibrated,0.818552,0.139154,8.6573,9.9685,0.0,1.3112
2259,4,5,3,weather_driven,historically_calibrated,0.273778,0.046542,3.9493,9.8725,0.0,5.9231
2260,4,5,4,weather_driven,historically_calibrated,0.770882,0.13105,8.3383,10.1926,0.0,1.8543
2261,4,5,5,weather_driven,historically_calibrated,0.418928,0.071218,5.4918,10.7809,0.0,5.2891
2262,4,5,6,weather_driven,historically_calibrated,0.249492,0.042414,3.6601,10.7492,0.0,7.0891
2263,4,5,7,weather_driven,historically_calibrated,0.426571,0.072517,5.5655,13.1633,0.0026,7.5953
2264,4,5,8,weather_driven,historically_calibrated,0.390529,0.06639,5.2121,13.3514,0.0143,8.125
2265,4,5,9,weather_driven,historically_calibrated,0.376689,0.064037,5.0723,13.2193,0.022,8.125
2266,4,5,10,weather_driven,historically_calibrated,0.291842,0.049613,4.158,12.3219,0.0389,8.125
2267,4,5,11,weather_driven,historically_calibrated,0.307124,0.052211,4.3304,12.2433,0.0557,7.8572
2268,4,5,12,weather_driven,historically_calibrated,0.22269,0.037857,3.3286,11.53,0.0765,8.125
2269,4,5,13,weather_driven,historically_calibrated,0.37163,0.063177,5.0205,11.6072,0.2138,6.3728
2270,4,5,14,weather_driven,historically_calibrated,0.571105,0.097088,6.8459,11.8071,0.2592,4.702
2271,4,5,15,weather_driven,historically_calibrated,0.779642,0.132539,8.3978,12.1797,0.1205,3.6614
2272,4,5,16,weather_driven,historically_calibrated,1.053644,0.179119,10.0703,12.5464,0.0687,2.4074
2273,4,5,17,weather_driven,historically_calibrated,1.314031,0.223385,11.3935,13.2328,0.0842,1.755
2274,4,5,18,weather_driven,historically_calibrated,1.151286,0.195719,10.592,14.0556,0.1115,3.3521
2275,4,5,19,weather_driven,historically_calibrated,0.331472,0.05635,4.5978,12.7643,0.0415,8.125
2276,4,5,20,weather_driven,historically_calibrated,1.399373,0.237893,11.7843,12.8012,0.0013,1.0156
2277,4,5,21,weather_driven,historically_calibrated,1.355616,0.230455,11.5863,12.5357,0.0,0.9494
2278,4,5,22,weather_driven,historically_calibrated,1.41132,0.239924,11.8375,12.3154,0.0,0.4779
2279,4,5,23,weather_driven,historically_calibrated,1.283179,0.21814,11.2475,11.6127,0.0,0.3652
2280,4,5,24,weather_driven,historically_calibrated,0.767836,0.130532,8.3174,9.4746,0.0,1.1571
2281,4,6,1,weather_driven,historically_calibrated,0.962759,0.163669,9.5527,10.1643,0.0,0.6116
2282,4,6,2,weather_driven,historically_calibrated,1.076562,0.183015,10.1958,10.4967,0.0,0.3009
2283,4,6,3,weather_driven,historically_calibrated,1.017135,0.172913,9.8663,10.1983,0.0,0.332
2284,4,6,4,weather_driven,historically_calibrated,1.019163,0.173258,9.8778,10.3978,0.0,0.52
2285,4,6,5,weather_driven,historically_calibrated,1.019064,0.173241,9.8772,10.4888,0.0,0.6116
2286,4,6,6,weather_driven,historically_calibrated,1.11161,0.188974,10.384,10.7492,0.0,0.3652
2287,4,6,7,weather_driven,historically_calibrated,1.408442,0.239435,11.8247,11.9879,0.0091,0.1541
2288,4,6,8,weather_driven,historically_calibrated,1.580525,0.268689,12.5564,12.9125,0.1115,0.2447
2289,4,6,9,weather_driven,historically_calibrated,1.407618,0.239295,11.8211,12.4429,0.2566,0.3652
2290,4,6,10,weather_driven,historically_calibrated,1.279511,0.217517,11.23,12.1022,0.4342,0.4381
2291,4,6,11,weather_driven,historically_calibrated,1.165219,0.198087,10.6638,11.6536,0.5119,0.4779
2292,4,6,12,weather_driven,historically_calibrated,0.982979,0.167107,9.6707,11.1114,0.4251,1.0156
2293,4,6,13,weather_driven,historically_calibrated,0.733563,0.124706,8.0795,10.469,0.5352,1.8543
2294,4,6,14,weather_driven,historically_calibrated,0.737189,0.125322,8.105,10.451,0.591,1.755
2295,4,6,15,weather_driven,historically_calibrated,0.841215,0.143007,8.8047,11.0548,0.4951,1.755
2296,4,6,16,weather_driven,historically_calibrated,1.083984,0.184277,10.236,11.4329,0.2475,0.9494
2297,4,6,17,weather_driven,historically_calibrated,1.064772,0.181011,10.1315,12.1897,0.3033,1.755
2298,4,6,18,weather_driven,historically_calibrated,1.210502,0.205785,10.8928,12.8612,0.114,1.8543
2299,4,6,19,weather_driven,historically_calibrated,1.420717,0.241522,11.8791,13.2474,0.057,1.3112
2300,4,6,20,weather_driven,historically_calibrated,1.689,0.28713,12.9859,13.7567,0.0026,0.7682
2301,4,6,21,weather_driven,historically_calibrated,1.513567,0.257306,12.2794,12.3039,0.0,0.0245
2302,4,6,22,weather_driven,historically_calibrated,1.506964,0.256184,12.2516,12.2597,0.0,0.0081
2303,4,6,23,weather_driven,historically_calibrated,1.46988,0.24988,12.0935,12.0935,0.0,0.0
2304,4,6,24,weather_driven,historically_calibrated,1.015933,0.172709,9.8595,9.8598,0.0,0.0003
2305,4,7,1,weather_driven,historically_calibrated,0.844274,0.143527,8.8244,8.8282,0.0,0.0038
2306,4,7,2,weather_driven,historically_calibrated,0.849387,0.144396,8.8572,8.872,0.0,0.0148
2307,4,7,3,weather_driven,historically_calibrated,0.859953,0.146192,8.9246,8.9702,0.0,0.0457
2308,4,7,4,weather_driven,historically_calibrated,0.883724,0.150233,9.0742,9.1506,0.0,0.0764
2309,4,7,5,weather_driven,historically_calibrated,0.929433,0.158004,9.3543,9.4193,0.0,0.065
2310,4,7,6,weather_driven,historically_calibrated,0.920226,0.156438,9.2987,9.3363,0.0,0.0376
2311,4,7,7,weather_driven,historically_calibrated,1.2365,0.210205,11.0215,11.078,0.0259,0.0306
2312,4,7,8,weather_driven,historically_calibrated,1.332753,0.226568,11.4809,11.6271,0.127,0.0193
2313,4,7,9,weather_driven,historically_calibrated,1.165224,0.198088,10.6638,10.8862,0.2112,0.0111
2314,4,7,10,weather_driven,historically_calibrated,0.970108,0.164918,9.5958,9.9719,0.3305,0.0457
2315,4,7,11,weather_driven,historically_calibrated,0.805141,0.136874,8.5688,9.1429,0.4977,0.0764
2316,4,7,12,weather_driven,historically_calibrated,0.683849,0.116254,7.7214,8.4415,0.6013,0.1187
2317,4,7,13,weather_driven,historically_calibrated,0.60236,0.102401,7.0982,7.8705,0.6182,0.1541
2318,4,7,14,weather_driven,historically_calibrated,0.607638,0.103298,7.1401,7.8394,0.5806,0.1187
2319,4,7,15,weather_driven,historically_calibrated,0.651872,0.110818,7.4825,8.1005,0.5288,0.0892
2320,4,7,16,weather_driven,historically_calibrated,0.734075,0.124793,8.0831,8.6232,0.451,0.0892
2321,4,7,17,weather_driven,historically_calibrated,0.869053,0.147739,8.9822,9.3487,0.2773,0.0892
2322,4,7,18,weather_driven,historically_calibrated,0.962861,0.163686,9.5533,10.1841,0.1529,0.4779
2323,4,7,19,weather_driven,historically_calibrated,1.165023,0.198054,10.6628,11.132,0.0687,0.4005
2324,4,7,20,weather_driven,historically_calibrated,1.310849,0.222844,11.3786,11.4475,0.0039,0.065
2325,4,7,21,weather_driven,historically_calibrated,1.32832,0.225814,11.4603,11.4795,0.0,0.0193
2326,4,7,22,weather_driven,historically_calibrated,1.321143,0.224594,11.4268,11.4325,0.0,0.0057
2327,4,7,23,weather_driven,historically_calibrated,1.278277,0.217307,11.2241,11.2244,0.0,0.0003
2328,4,7,24,weather_driven,historically_calibrated,0.751477,0.127751,8.2047,8.2047,0.0,0.0
2329,4,8,1,weather_driven,historically_calibrated,0.898267,0.152705,9.1644,9.1644,0.0,0.0
2330,4,8,2,weather_driven,historically_calibrated,0.930031,0.158105,9.3579,9.3579,0.0,0.0
2331,4,8,3,weather_driven,historically_calibrated,0.952964,0.162004,9.4949,9.4949,0.0,0.0
2332,4,8,4,weather_driven,historically_calibrated,0.984445,0.167356,9.6792,9.6792,0.0,0.0
2333,4,8,5,weather_driven,historically_calibrated,1.019561,0.173325,9.88,9.88,0.0,0.0
2334,4,8,6,weather_driven,historically_calibrated,1.049482,0.178412,10.0473,10.0473,0.0,0.0
2335,4,8,7,weather_driven,historically_calibrated,1.325668,0.225364,11.4479,11.4712,0.0233,0.0
2336,4,8,8,weather_driven,historically_calibrated,1.164019,0.197883,10.6576,10.7691,0.1115,0.0
2337,4,8,9,weather_driven,historically_calibrated,1.062803,0.180677,10.1207,10.376,0.2553,0.0
2338,4,8,10,weather_driven,historically_calibrated,0.909493,0.154614,9.2333,9.6688,0.4355,0.0
2339,4,8,11,weather_driven,historically_calibrated,0.761158,0.129397,8.2716,8.8963,0.6247,0.0
2340,4,8,12,weather_driven,historically_calibrated,0.656016,0.111523,7.5139,8.2008,0.6869,0.0
2341,4,8,13,weather_driven,historically_calibrated,0.589519,0.100218,6.9955,7.6801,0.6843,0.0003
2342,4,8,14,weather_driven,historically_calibrated,0.57601,0.097922,6.8861,7.5514,0.6597,0.0057
2343,4,8,15,weather_driven,historically_calibrated,0.59735,0.101549,7.0583,7.6076,0.5469,0.0024
2344,4,8,16,weather_driven,historically_calibrated,0.656492,0.111604,7.5175,7.9574,0.4251,0.0148
2345,4,8,17,weather_driven,historically_calibrated,0.739653,0.125741,8.1223,8.4424,0.2825,0.0376
2346,4,8,18,weather_driven,historically_calibrated,0.871947,0.148231,9.0004,9.2501,0.1464,0.1032
2347,4,8,19,weather_driven,historically_calibrated,1.038148,0.176485,9.9843,10.0764,0.0544,0.0376
2348,4,8,20,weather_driven,historically_calibrated,1.123062,0.190921,10.4446,10.5135,0.0039,0.065
2349,4,8,21,weather_driven,historically_calibrated,1.153516,0.196098,10.6035,10.68,0.0,0.0764
2350,4,8,22,weather_driven,historically_calibrated,1.145413,0.19472,10.5615,10.6648,0.0,0.1032
2351,4,8,23,weather_driven,historically_calibrated,1.142306,0.194192,10.5454,10.6345,0.0,0.0892
2352,4,8,24,weather_driven,historically_calibrated,0.812942,0.1382,8.6204,8.756,0.0,0.1356
2353,4,9,1,weather_driven,historically_calibrated,0.913758,0.155339,9.2593,9.4335,0.0,0.1741
2354,4,9,2,weather_driven,historically_calibrated,0.955517,0.162438,9.51,9.6841,0.0,0.1741
2355,4,9,3,weather_driven,historically_calibrated,1.011658,0.171982,9.8353,9.9539,0.0,0.1187
2356,4,9,4,weather_driven,historically_calibrated,1.056591,0.179621,10.0865,10.1515,0.0,0.065
2357,4,9,5,weather_driven,historically_calibrated,1.11317,0.189239,10.3923,10.4471,0.0,0.0548
2358,4,9,6,weather_driven,historically_calibrated,1.156262,0.196565,10.6177,10.6634,0.0,0.0457
2359,4,9,7,weather_driven,historically_calibrated,1.555627,0.264457,12.4545,12.5222,0.022,0.0457
2360,4,9,8,weather_driven,historically_calibrated,1.387708,0.23591,11.732,11.8701,0.1076,0.0306
2361,4,9,9,weather_driven,historically_calibrated,1.186341,0.201678,10.7714,11.0564,0.2605,0.0245
2362,4,9,10,weather_driven,historically_calibrated,0.95346,0.162088,9.4978,10.0153,0.4627,0.0548
2363,4,9,11,weather_driven,historically_calibrated,0.730344,0.124158,8.0568,8.8121,0.6661,0.0892
2364,4,9,12,weather_driven,historically_calibrated,0.579607,0.098533,6.9153,7.8674,0.8165,0.1356
2365,4,9,13,weather_driven,historically_calibrated,0.488997,0.08313,6.1434,7.2615,0.8735,0.2447
2366,4,9,14,weather_driven,historically_calibrated,0.464837,0.079022,5.9245,7.1127,0.823,0.3652
2367,4,9,15,weather_driven,historically_calibrated,0.484804,0.082417,6.1058,7.3049,0.6791,0.52
2368,4,9,16,weather_driven,historically_calibrated,0.535058,0.09096,6.5449,7.5916,0.4821,0.5645
2369,4,9,17,weather_driven,historically_calibrated,0.577754,0.098218,6.9003,8.1335,0.2838,0.9494
2370,4,9,18,weather_driven,historically_calibrated,0.741328,0.126026,8.134,8.9795,0.1322,0.7133
2371,4,9,19,weather_driven,historically_calibrated,0.982186,0.166972,9.6661,9.8656,0.0454,0.1541
2372,4,9,20,weather_driven,historically_calibrated,1.083701,0.184229,10.2345,10.4125,0.0039,0.1741
2373,4,9,21,weather_driven,historically_calibrated,1.127823,0.19173,10.4696,10.6237,0.0,0.1541
2374,4,9,22,weather_driven,historically_calibrated,1.098538,0.186751,10.3143,10.6463,0.0,0.332
2375,4,9,23,weather_driven,historically_calibrated,1.069914,0.181885,10.1596,10.5976,0.0,0.4381
2376,4,9,24,weather_driven,historically_calibrated,0.773296,0.13146,8.3547,8.8326,0.0,0.4779
2377,4,10,1,weather_driven,historically_calibrated,0.76015,0.129225,8.2647,8.7027,0.0,0.4381
2378,4,10,2,weather_driven,historically_calibrated,0.797028,0.135495,8.5148,8.9528,0.0,0.4381
2379,4,10,3,weather_driven,historically_calibrated,0.819033,0.139236,8.6605,9.0985,0.0,0.4381
2380,4,10,4,weather_driven,historically_calibrated,0.854942,0.14534,8.8927,9.3308,0.0,0.4381
2381,4,10,5,weather_driven,historically_calibrated,0.900215,0.153036,9.1764,9.6542,0.0,0.4779
2382,4,10,6,weather_driven,historically_calibrated,0.917788,0.156024,9.2839,9.7617,0.0,0.4779
2383,4,10,7,weather_driven,historically_calibrated,1.158994,0.197029,10.6318,11.133,0.0233,0.4779
2384,4,10,8,weather_driven,historically_calibrated,1.054522,0.179269,10.0751,10.6631,0.1102,0.4779
2385,4,10,9,weather_driven,historically_calibrated,0.84961,0.144434,8.8586,9.8363,0.2644,0.7133
2386,4,10,10,weather_driven,historically_calibrated,0.615335,0.104607,7.2007,8.7521,0.4666,1.0848
2387,4,10,11,weather_driven,historically_calibrated,0.407271,0.069236,5.3782,7.5253,0.6687,1.4784
2388,4,10,12,weather_driven,historically_calibrated,0.345568,0.058747,4.7487,7.1349,0.8191,1.5671
2389,4,10,13,weather_driven,historically_calibrated,0.332728,0.056564,4.6114,7.0546,0.8761,1.5671
2390,4,10,14,weather_driven,historically_calibrated,0.342869,0.058288,4.72,7.1127,0.8256,1.5671
2391,4,10,15,weather_driven,historically_calibrated,0.37523,0.063789,5.0574,7.3049,0.6804,1.5671
2392,4,10,16,weather_driven,historically_calibrated,0.424166,0.072108,5.5424,7.5916,0.4821,1.5671
2393,4,10,17,weather_driven,historically_calibrated,0.47855,0.081354,6.0495,7.9017,0.2851,1.5671
2394,4,10,18,weather_driven,historically_calibrated,0.52373,0.089034,6.448,8.1434,0.1283,1.5671
2395,4,10,19,weather_driven,historically_calibrated,0.656075,0.111533,7.5143,8.7181,0.0467,1.1571
2396,4,10,20,weather_driven,historically_calibrated,0.805169,0.136879,8.569,9.3973,0.0026,0.8257
2397,4,10,21,weather_driven,historically_calibrated,0.878468,0.14934,9.0413,9.7546,0.0,0.7133
2398,4,10,22,weather_driven,historically_calibrated,0.860127,0.146222,8.9257,9.8118,0.0,0.8861
2399,4,10,23,weather_driven,historically_calibrated,0.84777,0.144121,8.8468,9.7963,0.0,0.9494
2400,4,10,24,weather_driven,historically_calibrated,0.617646,0.105,7.2188,8.105,0.0,0.8861
2401,4,11,1,weather_driven,historically_calibrated,0.626132,0.106442,7.285,8.0532,0.0,0.7682
2402,4,11,2,weather_driven,historically_calibrated,0.673068,0.114422,7.6417,8.3028,0.0,0.6611
2403,4,11,3,weather_driven,historically_calibrated,0.696621,0.118426,7.8149,8.5282,0.0,0.7133
2404,4,11,4,weather_driven,historically_calibrated,0.73578,0.125083,8.0951,8.7562,0.0,0.6611
2405,4,11,5,weather_driven,historically_calibrated,0.773593,0.131511,8.3567,9.07,0.0,0.7133
2406,4,11,6,weather_driven,historically_calibrated,0.822564,0.139836,8.6836,9.2036,0.0,0.52
2407,4,11,7,weather_driven,historically_calibrated,1.10194,0.18733,10.3325,10.759,0.0259,0.4005
2408,4,11,8,weather_driven,historically_calibrated,1.021612,0.173674,9.8916,10.4437,0.114,0.4381
2409,4,11,9,weather_driven,historically_calibrated,0.856044,0.145528,8.8997,9.7809,0.2696,0.6116
2410,4,11,10,weather_driven,historically_calibrated,0.6449,0.109633,7.4295,8.9169,0.4717,1.0156
2411,4,11,11,weather_driven,historically_calibrated,0.4926,0.083742,6.1755,8.0079,0.6752,1.1571
2412,4,11,12,weather_driven,historically_calibrated,0.383842,0.065253,5.1448,7.4489,0.8256,1.4784
2413,4,11,13,weather_driven,historically_calibrated,0.28747,0.04887,4.108,7.0546,0.8826,2.0641
2414,4,11,14,weather_driven,historically_calibrated,0.266869,0.045368,3.8681,7.1127,0.8372,2.4074
2415,4,11,15,weather_driven,historically_calibrated,0.263095,0.044726,3.8234,7.3049,0.6947,2.7869
2416,4,11,16,weather_driven,historically_calibrated,0.313041,0.053217,4.3962,7.8143,0.4964,2.9217
2417,4,11,17,weather_driven,historically_calibrated,0.433525,0.073699,5.6319,8.713,0.2942,2.7869
2418,4,11,18,weather_driven,historically_calibrated,0.601366,0.102232,7.0903,9.6364,0.1387,2.4074
2419,4,11,19,weather_driven,historically_calibrated,0.757573,0.128787,8.2469,10.4695,0.048,2.1746
2420,4,11,20,weather_driven,historically_calibrated,0.879608,0.149533,9.0485,11.0097,0.0039,1.9573
2421,4,11,21,weather_driven,historically_calibrated,0.941702,0.160089,9.4279,11.0872,0.0,1.6593
2422,4,11,22,weather_driven,historically_calibrated,0.940387,0.159866,9.4201,10.8132,0.0,1.3932
2423,4,11,23,weather_driven,historically_calibrated,0.861961,0.146533,8.9373,10.3305,0.0,1.3932
2424,4,11,24,weather_driven,historically_calibrated,0.624012,0.106082,7.2685,8.747,0.0,1.4784
2425,4,12,1,weather_driven,historically_calibrated,0.66022,0.112237,7.5456,8.7027,0.0,1.1571
2426,4,12,2,weather_driven,historically_calibrated,0.707897,0.120343,7.8966,8.9122,0.0,1.0156
2427,4,12,3,weather_driven,historically_calibrated,0.758472,0.12894,8.2531,9.1392,0.0,0.8861
2428,4,12,4,weather_driven,historically_calibrated,0.831304,0.141322,8.7406,9.4539,0.0,0.7133
2429,4,12,5,weather_driven,historically_calibrated,0.89883,0.152801,9.1678,9.7794,0.0,0.6116
2430,4,12,6,weather_driven,historically_calibrated,0.903015,0.153513,9.1936,10.0193,0.0,0.8257
2431,4,12,7,weather_driven,historically_calibrated,1.175079,0.199763,10.7142,11.8276,0.0285,1.0848
2432,4,12,8,weather_driven,historically_calibrated,1.000884,0.17015,9.7738,11.6507,0.1218,1.755
2433,4,12,9,weather_driven,historically_calibrated,0.843563,0.143406,8.8198,11.2782,0.2838,2.1746
2434,4,12,10,weather_driven,historically_calibrated,0.668768,0.113691,7.6096,10.5095,0.4925,2.4074
2435,4,12,11,weather_driven,historically_calibrated,0.558485,0.094942,6.7418,9.6163,0.6998,2.1746
2436,4,12,12,weather_driven,historically_calibrated,0.455825,0.07749,5.8414,8.7569,0.8515,2.0641
2437,4,12,13,weather_driven,historically_calibrated,0.391724,0.066593,5.2241,8.1927,0.9046,2.0641
2438,4,12,14,weather_driven,historically_calibrated,0.36428,0.061928,4.9448,8.0516,0.8178,2.289
2439,4,12,15,weather_driven,historically_calibrated,0.395055,0.067159,5.2573,8.1085,0.6765,2.1746
2440,4,12,16,weather_driven,historically_calibrated,0.44755,0.076084,5.7643,8.538,0.4847,2.289
2441,4,12,17,weather_driven,historically_calibrated,0.429483,0.073012,5.5933,9.2345,0.289,3.3521
2442,4,12,18,weather_driven,historically_calibrated,0.572046,0.097248,6.8537,10.0544,0.14,3.0608
2443,4,12,19,weather_driven,historically_calibrated,0.749512,0.127417,8.1911,10.7714,0.0505,2.5298
2444,4,12,20,weather_driven,historically_calibrated,0.881432,0.149843,9.0599,11.1291,0.0052,2.0641
2445,4,12,21,weather_driven,historically_calibrated,0.903566,0.153606,9.197,11.261,0.0,2.0641
2446,4,12,22,weather_driven,historically_calibrated,1.049165,0.178358,10.0455,11.2027,0.0,1.1571
2447,4,12,23,weather_driven,historically_calibrated,1.128033,0.191766,10.4708,11.1319,0.0,0.6611
2448,4,12,24,weather_driven,historically_calibrated,0.867617,0.147495,8.9731,9.2178,0.0,0.2447
2449,4,13,1,weather_driven,historically_calibrated,0.863871,0.146858,8.9494,9.0681,0.0,0.1187
2450,4,13,2,weather_driven,historically_calibrated,0.892966,0.151804,9.1316,9.1966,0.0,0.065
2451,4,13,3,weather_driven,historically_calibrated,0.919536,0.156321,9.2945,9.3837,0.0,0.0892
2452,4,13,4,weather_driven,historically_calibrated,0.944377,0.160544,9.4439,9.618,0.0,0.1741
2453,4,13,5,weather_driven,historically_calibrated,0.973946,0.165571,9.6182,9.8629,0.0,0.2447
2454,4,13,6,weather_driven,historically_calibrated,1.013005,0.172211,9.8429,10.0623,0.0,0.2194
2455,4,13,7,weather_driven,historically_calibrated,1.362179,0.23157,11.6163,11.881,0.0454,0.2194
2456,4,13,8,weather_driven,historically_calibrated,1.312559,0.223135,11.3866,11.8152,0.1568,0.2718
2457,4,13,9,weather_driven,historically_calibrated,1.18017,0.200629,10.7401,11.3892,0.2838,0.3652
2458,4,13,10,weather_driven,historically_calibrated,1.01366,0.172322,9.8466,10.7292,0.4445,0.4381
2459,4,13,11,weather_driven,historically_calibrated,0.848712,0.144281,8.8529,9.9916,0.5741,0.5645
2460,4,13,12,weather_driven,historically_calibrated,0.734522,0.124869,8.0862,9.2801,0.6739,0.52
2461,4,13,13,weather_driven,historically_calibrated,0.712836,0.121182,7.9321,9.0722,0.6623,0.4779
2462,4,13,14,weather_driven,historically_calibrated,0.727974,0.123756,8.04,9.147,0.4458,0.6611
2463,4,13,15,weather_driven,historically_calibrated,0.741351,0.12603,8.1342,9.662,0.3707,1.1571
2464,4,13,16,weather_driven,historically_calibrated,0.746935,0.126979,8.1731,10.0968,0.2644,1.6593
2465,4,13,17,weather_driven,historically_calibrated,0.824508,0.140166,8.6963,10.4513,0.1879,1.5671
2466,4,13,18,weather_driven,historically_calibrated,1.029696,0.175048,9.9371,10.9502,0.127,0.8861
2467,4,13,19,weather_driven,historically_calibrated,1.11912,0.19025,10.4238,11.8584,0.0415,1.3932
2468,4,13,20,weather_driven,historically_calibrated,1.201817,0.204309,10.8494,12.0846,0.0026,1.2326
2469,4,13,21,weather_driven,historically_calibrated,1.203349,0.204569,10.8571,12.0142,0.0,1.1571
2470,4,13,22,weather_driven,historically_calibrated,1.066938,0.18138,10.1433,11.5365,0.0,1.3932
2471,4,13,23,weather_driven,historically_calibrated,1.127299,0.191641,10.4669,11.0785,0.0,0.6116
2472,4,13,24,weather_driven,historically_calibrated,0.816885,0.138871,8.6464,8.9182,0.0,0.2718
2473,4,14,1,weather_driven,historically_calibrated,0.699183,0.118861,7.8336,7.9692,0.0,0.1356
2474,4,14,2,weather_driven,historically_calibrated,0.726895,0.123572,8.0324,8.0871,0.0,0.0548
2475,4,14,3,weather_driven,historically_calibrated,0.758026,0.128864,8.25,8.2957,0.0,0.0457
2476,4,14,4,weather_driven,historically_calibrated,0.793588,0.13491,8.4918,8.5465,0.0,0.0548
2477,4,14,5,weather_driven,historically_calibrated,0.846703,0.14394,8.84,8.9587,0.0,0.1187
2478,4,14,6,weather_driven,historically_calibrated,0.883824,0.15025,9.0748,9.0993,0.0,0.0245
2479,4,14,7,weather_driven,historically_calibrated,1.155039,0.196357,10.6114,10.6847,0.0428,0.0306
2480,4,14,8,weather_driven,historically_calibrated,1.117732,0.190014,10.4165,10.6177,0.1464,0.0548
2481,4,14,9,weather_driven,historically_calibrated,1.03101,0.175272,9.9444,10.2739,0.2748,0.0548
2482,4,14,10,weather_driven,historically_calibrated,0.924857,0.157226,9.3267,9.7698,0.4186,0.0245
2483,4,14,11,weather_driven,historically_calibrated,0.800097,0.136016,8.5353,9.1429,0.5884,0.0193
2484,4,14,12,weather_driven,historically_calibrated,0.697431,0.118563,7.8208,8.7303,0.6376,0.2718
2485,4,14,13,weather_driven,historically_calibrated,0.657652,0.111801,7.5262,8.7748,0.5352,0.7133
2486,4,14,14,weather_driven,historically_calibrated,0.519363,0.088292,6.4103,8.4152,0.6117,1.3932
2487,4,14,15,weather_driven,historically_calibrated,0.682445,0.116016,7.7111,8.7412,0.6648,0.3652
2488,4,14,16,weather_driven,historically_calibrated,0.788737,0.134085,8.4592,9.2379,0.4134,0.3652
2489,4,14,17,weather_driven,historically_calibrated,0.738922,0.125617,8.1171,9.6685,0.3188,1.2326
2490,4,14,18,weather_driven,historically_calibrated,0.773326,0.131465,8.3549,10.294,0.184,1.755
2491,4,14,19,weather_driven,historically_calibrated,1.006167,0.171048,9.804,10.9653,0.0765,1.0848
2492,4,14,20,weather_driven,historically_calibrated,1.145666,0.194763,10.5629,11.2826,0.0065,0.7133
2493,4,14,21,weather_driven,historically_calibrated,1.125062,0.19126,10.4551,10.8932,0.0,0.4381
2494,4,14,22,weather_driven,historically_calibrated,1.09243,0.185713,10.2815,10.6136,0.0,0.332
2495,4,14,23,weather_driven,historically_calibrated,1.053793,0.179145,10.0711,10.2905,0.0,0.2194
2496,4,14,24,weather_driven,historically_calibrated,0.733381,0.124675,8.0782,8.3229,0.0,0.2447
2497,4,15,1,weather_driven,historically_calibrated,0.681698,0.115889,7.7056,8.0065,0.0,0.3009
2498,4,15,2,weather_driven,historically_calibrated,0.695267,0.118195,7.8051,8.0497,0.0,0.2447
2499,4,15,3,weather_driven,historically_calibrated,0.723054,0.122919,8.0051,8.1083,0.0,0.1032
2500,4,15,4,weather_driven,historically_calibrated,0.770152,0.130926,8.3333,8.3578,0.0,0.0245
2501,4,15,5,weather_driven,historically_calibrated,0.827711,0.140711,8.7172,8.7283,0.0,0.0111
2502,4,15,6,weather_driven,historically_calibrated,0.840224,0.142838,8.7983,8.8228,0.0,0.0245
2503,4,15,7,weather_driven,historically_calibrated,1.050803,0.178637,10.0546,10.0949,0.0389,0.0014
2504,4,15,8,weather_driven,historically_calibrated,1.01405,0.172388,9.8488,10.012,0.1387,0.0245
2505,4,15,9,weather_driven,historically_calibrated,0.938632,0.159567,9.4096,9.7127,0.2786,0.0245
2506,4,15,10,weather_driven,historically_calibrated,0.804559,0.136775,8.5649,9.0625,0.473,0.0245
2507,4,15,11,weather_driven,historically_calibrated,0.677286,0.115139,7.673,8.3537,0.6726,0.0081
2508,4,15,12,weather_driven,historically_calibrated,0.576296,0.09797,6.8884,7.6713,0.7815,0.0014
2509,4,15,13,weather_driven,historically_calibrated,0.503418,0.085581,6.2712,7.109,0.832,0.0057
2510,4,15,14,weather_driven,historically_calibrated,0.479973,0.081595,6.0623,6.8316,0.7582,0.0111
2511,4,15,15,weather_driven,historically_calibrated,0.49212,0.08366,6.1712,6.8191,0.6234,0.0245
2512,4,15,16,weather_driven,historically_calibrated,0.556413,0.09459,6.7246,7.1891,0.4497,0.0148
2513,4,15,17,weather_driven,historically_calibrated,0.62635,0.106479,7.2867,7.5894,0.2916,0.0111
2514,4,15,18,weather_driven,historically_calibrated,0.78367,0.133224,8.4251,8.6457,0.1659,0.0548
2515,4,15,19,weather_driven,historically_calibrated,0.93312,0.15863,9.3765,9.4652,0.0739,0.0148
2516,4,15,20,weather_driven,historically_calibrated,0.946993,0.160989,9.4595,9.7993,0.0078,0.332
2517,4,15,21,weather_driven,historically_calibrated,0.996843,0.169463,9.7507,9.8271,0.0,0.0764
2518,4,15,22,weather_driven,historically_calibrated,0.963887,0.163861,9.5593,9.5899,0.0,0.0306
2519,4,15,23,weather_driven,historically_calibrated,0.92941,0.158,9.3542,9.3566,0.0,0.0024
2520,4,15,24,weather_driven,historically_calibrated,0.66936,0.113791,7.6141,7.6141,0.0,0.0
2521,4,16,1,weather_driven,historically_calibrated,0.729835,0.124072,8.0532,8.0532,0.0,0.0
2522,4,16,2,weather_driven,historically_calibrated,0.736433,0.125194,8.0997,8.0997,0.0,0.0
2523,4,16,3,weather_driven,historically_calibrated,0.744938,0.126639,8.1592,8.1616,0.0,0.0024
2524,4,16,4,weather_driven,historically_calibrated,0.763825,0.12985,8.2899,8.3048,0.0,0.0148
2525,4,16,5,weather_driven,historically_calibrated,0.787105,0.133808,8.4482,8.4859,0.0,0.0376
2526,4,16,6,weather_driven,historically_calibrated,0.831438,0.141344,8.7414,8.8601,0.0,0.1187
2527,4,16,7,weather_driven,historically_calibrated,1.154272,0.196226,10.6074,10.8124,0.0091,0.1959
2528,4,16,8,weather_driven,historically_calibrated,1.191598,0.202572,10.798,11.0472,0.0298,0.2194
2529,4,16,9,weather_driven,historically_calibrated,1.161388,0.197436,10.6441,11.1673,0.0454,0.4779
2530,4,16,10,weather_driven,historically_calibrated,1.02957,0.175027,9.9364,10.7841,0.022,0.8257
2531,4,16,11,weather_driven,historically_calibrated,0.907017,0.154193,9.2182,10.4741,0.0233,1.2326
2532,4,16,12,weather_driven,historically_calibrated,0.921435,0.156644,9.306,10.222,0.0298,0.8861
2533,4,16,13,weather_driven,historically_calibrated,0.965714,0.164171,9.57,10.1069,0.0168,0.52
2534,4,16,14,weather_driven,historically_calibrated,1.037534,0.176381,9.9809,10.3466,0.0337,0.332
2535,4,16,15,weather_driven,historically_calibrated,1.065484,0.181132,10.1354,10.4655,0.0583,0.2718
2536,4,16,16,weather_driven,historically_calibrated,1.105149,0.187875,10.3496,10.9876,0.1179,0.52
2537,4,16,17,weather_driven,historically_calibrated,1.09601,0.186322,10.3008,11.3785,0.1283,0.9494
2538,4,16,18,weather_driven,historically_calibrated,1.19556,0.203245,10.818,11.7863,0.1426,0.8257
2539,4,16,19,weather_driven,historically_calibrated,1.565683,0.266166,12.4958,12.6435,0.0713,0.0764
2540,4,16,20,weather_driven,historically_calibrated,1.638711,0.278581,12.7896,12.8012,0.0078,0.0038
2541,4,16,21,weather_driven,historically_calibrated,1.576224,0.267958,12.5389,12.5936,0.0,0.0548
2542,4,16,22,weather_driven,historically_calibrated,1.514139,0.257404,12.2818,12.371,0.0,0.0892
2543,4,16,23,weather_driven,historically_calibrated,1.44605,0.245828,11.9903,12.0935,0.0,0.1032
2544,4,16,24,weather_driven,historically_calibrated,0.898845,0.152804,9.1679,9.6458,0.0,0.4779
2545,4,17,1,weather_driven,historically_calibrated,0.870669,0.148014,8.9924,9.3929,0.0,0.4005
2546,4,17,2,weather_driven,historically_calibrated,0.928296,0.15781,9.3475,9.5216,0.0,0.1741
2547,4,17,3,weather_driven,historically_calibrated,0.918217,0.156097,9.2865,9.5059,0.0,0.2194
2548,4,17,4,weather_driven,historically_calibrated,0.933882,0.15876,9.3811,9.577,0.0,0.1959
2549,4,17,5,weather_driven,historically_calibrated,0.995801,0.169286,9.7447,9.8211,0.0,0.0764
2550,4,17,6,weather_driven,historically_calibrated,0.990119,0.16832,9.712,9.8476,0.0,0.1356
2551,4,17,7,weather_driven,historically_calibrated,1.364951,0.232042,11.6289,11.9344,0.0337,0.2718
2552,4,17,8,weather_driven,historically_calibrated,1.354862,0.230327,11.5828,12.0896,0.0687,0.4381
2553,4,17,9,weather_driven,historically_calibrated,1.28791,0.218945,11.2701,12.2765,0.057,0.9494
2554,4,17,10,weather_driven,historically_calibrated,1.181419,0.200841,10.7465,12.1022,0.1231,1.2326
2555,4,17,11,weather_driven,historically_calibrated,1.150163,0.195528,10.5862,11.868,0.197,1.0848
2556,4,17,12,weather_driven,historically_calibrated,0.812149,0.138065,8.6152,11.3731,0.2281,2.5298
2557,4,17,13,weather_driven,historically_calibrated,0.689169,0.117159,7.7605,11.3485,0.2359,3.3521
2558,4,17,14,weather_driven,historically_calibrated,0.692097,0.117657,7.7819,10.8682,0.1646,2.9217
2559,4,17,15,weather_driven,historically_calibrated,0.84797,0.144155,8.8481,11.5905,0.2125,2.5298
2560,4,17,16,weather_driven,historically_calibrated,0.859689,0.146147,8.9229,11.6556,0.0765,2.6563
2561,4,17,17,weather_driven,historically_calibrated,1.274426,0.216652,11.2056,13.001,0.1361,1.6593
2562,4,17,18,weather_driven,historically_calibrated,1.406564,0.239116,11.8164,13.9361,0.0557,2.0641
2563,4,17,19,weather_driven,historically_calibrated,1.53609,0.261135,12.3736,14.1533,0.0246,1.755
2564,4,17,20,weather_driven,historically_calibrated,1.153553,0.196104,10.6037,12.5623,0.0013,1.9573
2565,4,17,21,weather_driven,historically_calibrated,1.174174,0.19961,10.7096,12.188,0.0,1.4784
2566,4,17,22,weather_driven,historically_calibrated,0.9587,0.162979,9.5288,11.7034,0.0,2.1746
2567,4,17,23,weather_driven,historically_calibrated,0.967316,0.164444,9.5794,11.2387,0.0,1.6593
2568,4,17,24,weather_driven,historically_calibrated,0.608827,0.103501,7.1495,9.0038,0.0,1.8543
2569,4,18,1,weather_driven,historically_calibrated,0.644788,0.109614,7.4286,9.7177,0.0,2.289
2570,4,18,2,weather_driven,historically_calibrated,0.704276,0.119727,7.8705,9.7248,0.0,1.8543
2571,4,18,3,weather_driven,historically_calibrated,0.742528,0.12623,8.1424,9.7095,0.0,1.5671
2572,4,18,4,weather_driven,historically_calibrated,0.82899,0.140928,8.7255,9.7411,0.0,1.0156
2573,4,18,5,weather_driven,historically_calibrated,0.90434,0.153738,9.2017,9.8629,0.0,0.6611
2574,4,18,6,weather_driven,historically_calibrated,0.968301,0.164611,9.5852,10.1052,0.0,0.52
2575,4,18,7,weather_driven,historically_calibrated,1.346694,0.228938,11.5453,12.0413,0.0181,0.4779
2576,4,18,8,weather_driven,historically_calibrated,1.408412,0.23943,11.8246,12.1444,0.0752,0.2447
2577,4,18,9,weather_driven,historically_calibrated,1.38542,0.235521,11.7217,12.1101,0.1166,0.2718
2578,4,18,10,weather_driven,historically_calibrated,1.278527,0.21735,11.2253,11.553,0.1737,0.1541
2579,4,18,11,weather_driven,historically_calibrated,1.125291,0.1913,10.4563,10.903,0.311,0.1356
2580,4,18,12,weather_driven,historically_calibrated,0.897353,0.15255,9.1587,10.3266,0.5067,0.6611
2581,4,18,13,weather_driven,historically_calibrated,0.866413,0.14729,8.9655,9.7448,0.5599,0.2194
2582,4,18,14,weather_driven,historically_calibrated,0.864378,0.146944,8.9526,9.6164,0.5988,0.065
2583,4,18,15,weather_driven,historically_calibrated,1.032061,0.17545,9.9503,10.5191,0.5664,0.0024
2584,4,18,16,weather_driven,historically_calibrated,1.094636,0.186088,10.2934,10.4309,0.1374,0.0001
2585,4,18,17,weather_driven,historically_calibrated,1.332429,0.226513,11.4794,11.9,0.302,0.1187
2586,4,18,18,weather_driven,historically_calibrated,1.385707,0.23557,11.7229,11.7863,0.0441,0.0193
2587,4,18,19,weather_driven,historically_calibrated,1.570438,0.266974,12.5152,12.7039,0.07,0.1187
2588,4,18,20,weather_driven,historically_calibrated,1.605814,0.272988,12.6586,12.7415,0.0065,0.0764
2589,4,18,21,weather_driven,historically_calibrated,1.533259,0.260654,12.3619,12.3619,0.0,0.0
2590,4,18,22,weather_driven,historically_calibrated,1.469716,0.249852,12.0928,12.0928,0.0,0.0
2591,4,18,23,weather_driven,historically_calibrated,1.384956,0.235443,11.7196,11.7196,0.0,0.0
2592,4,18,24,weather_driven,historically_calibrated,0.956769,0.162651,9.5174,9.5174,0.0,0.0
2593,4,19,1,weather_driven,historically_calibrated,0.869804,0.147867,8.9869,8.9869,0.0,0.0
2594,4,19,2,weather_driven,historically_calibrated,0.883812,0.150248,9.0747,9.0747,0.0,0.0
2595,4,19,3,weather_driven,historically_calibrated,0.887632,0.150897,9.0985,9.0985,0.0,0.0
2596,4,19,4,weather_driven,historically_calibrated,0.905302,0.153901,9.2076,9.2076,0.0,0.0
2597,4,19,5,weather_driven,historically_calibrated,0.950724,0.161623,9.4816,9.4873,0.0,0.0057
2598,4,19,6,weather_driven,historically_calibrated,0.969806,0.164867,9.594,9.6329,0.0013,0.0376
2599,4,19,7,weather_driven,historically_calibrated,1.292506,0.219726,11.2919,11.3467,0.0467,0.0081
2600,4,19,8,weather_driven,historically_calibrated,1.230596,0.209201,10.9924,11.1569,0.14,0.0245
2601,4,19,9,weather_driven,historically_calibrated,1.138273,0.193506,10.5244,10.89,0.3007,0.065
2602,4,19,10,weather_driven,historically_calibrated,1.021848,0.173714,9.8929,10.3997,0.4692,0.0376
2603,4,19,11,weather_driven,historically_calibrated,0.87723,0.149129,9.0336,9.5626,0.4834,0.0457
2604,4,19,12,weather_driven,historically_calibrated,0.718673,0.122174,7.9739,8.8092,0.7167,0.1187
2605,4,19,13,weather_driven,historically_calibrated,0.683753,0.116238,7.7207,8.4514,0.6415,0.0892
2606,4,19,14,weather_driven,historically_calibrated,0.709932,0.120688,7.9112,8.4167,0.4679,0.0376
2607,4,19,15,weather_driven,historically_calibrated,0.714315,0.121434,7.9427,8.2692,0.302,0.0245
2608,4,19,16,weather_driven,historically_calibrated,0.713304,0.121262,7.9355,8.4267,0.4536,0.0376
2609,4,19,17,weather_driven,historically_calibrated,0.754749,0.128307,8.2274,8.5971,0.3149,0.0548
2610,4,19,18,weather_driven,historically_calibrated,0.922272,0.156786,9.3111,9.517,0.1866,0.0193
2611,4,19,19,weather_driven,historically_calibrated,1.04835,0.17822,10.041,10.1071,0.0661,0.0
2612,4,19,20,weather_driven,historically_calibrated,1.054336,0.179237,10.0741,10.1736,0.0104,0.0892
2613,4,19,21,weather_driven,historically_calibrated,1.180063,0.200611,10.7396,10.7396,0.0,0.0
2614,4,19,22,weather_driven,historically_calibrated,1.204083,0.204694,10.8608,10.8689,0.0,0.0081
2615,4,19,23,weather_driven,historically_calibrated,1.142778,0.194272,10.5478,10.6511,0.0,0.1032
2616,4,19,24,weather_driven,historically_calibrated,0.769576,0.130828,8.3293,8.6614,0.0,0.332
2617,4,20,1,weather_driven,historically_calibrated,0.731041,0.124277,8.0617,8.4997,0.0,0.4381
2618,4,20,2,weather_driven,historically_calibrated,0.748878,0.127309,8.1867,8.5872,0.0,0.4005
2619,4,20,3,weather_driven,historically_calibrated,0.782822,0.13308,8.4193,8.6912,0.0,0.2718
2620,4,20,4,weather_driven,historically_calibrated,0.798621,0.135766,8.5254,8.7973,0.0,0.2718
2621,4,20,5,weather_driven,historically_calibrated,0.837954,0.142452,8.7837,9.0283,0.0,0.2447
2622,4,20,6,weather_driven,historically_calibrated,0.856302,0.145571,8.9014,9.2036,0.0013,0.3009
2623,4,20,7,weather_driven,historically_calibrated,1.141687,0.194087,10.5422,10.8658,0.0518,0.2718
2624,4,20,8,weather_driven,historically_calibrated,1.150474,0.195581,10.5878,11.102,0.149,0.3652
2625,4,20,9,weather_driven,historically_calibrated,1.083366,0.184172,10.2327,11.0564,0.2592,0.5645
2626,4,20,10,weather_driven,historically_calibrated,0.922531,0.15683,9.3127,10.3448,0.3188,0.7133
2627,4,20,11,weather_driven,historically_calibrated,0.70238,0.119405,7.8567,9.241,0.2994,1.0848
2628,4,20,12,weather_driven,historically_calibrated,0.690892,0.117452,7.7731,9.1755,0.1698,1.2326
2629,4,20,13,weather_driven,historically_calibrated,0.616918,0.104876,7.2131,8.7618,0.1555,1.3932
2630,4,20,14,weather_driven,historically_calibrated,0.472037,0.080246,5.9904,8.3646,0.1996,2.1746
2631,4,20,15,weather_driven,historically_calibrated,0.434056,0.073789,5.637,8.6441,0.2203,2.7869
2632,4,20,16,weather_driven,historically_calibrated,0.39749,0.067573,5.2816,8.7607,0.127,3.3521
2633,4,20,17,weather_driven,historically_calibrated,0.371167,0.063098,5.0158,9.2924,0.1166,4.16
2634,4,20,18,weather_driven,historically_calibrated,0.241947,0.041131,3.5681,10.2933,0.1192,6.6059
2635,4,20,19,weather_driven,historically_calibrated,0.307043,0.052197,4.3295,11.2545,0.0804,6.8447
2636,4,20,20,weather_driven,historically_calibrated,0.316439,0.053795,4.4338,11.786,0.013,7.3393
2637,4,20,21,weather_driven,historically_calibrated,0.268659,0.045672,3.8892,12.0142,0.0,8.125
2638,4,20,22,weather_driven,historically_calibrated,0.256555,0.043614,3.7453,11.8703,0.0,8.125
2639,4,20,23,weather_driven,historically_calibrated,0.239748,0.040757,3.5411,11.6661,0.0,8.125
2640,4,20,24,weather_driven,historically_calibrated,0.405158,0.068877,5.3574,9.5174,0.0,4.16
2641,4,21,1,weather_driven,historically_calibrated,0.376,0.06392,5.0652,8.4174,0.0,3.3521
2642,4,21,2,weather_driven,historically_calibrated,0.595468,0.10123,7.0433,8.6104,0.0,1.5671
2643,4,21,3,weather_driven,historically_calibrated,0.65538,0.111415,7.5091,8.8203,0.0,1.3112
2644,4,21,4,weather_driven,historically_calibrated,0.520351,0.08846,6.4189,9.0751,0.0,2.6563
2645,4,21,5,weather_driven,historically_calibrated,0.660155,0.112226,7.5451,9.1122,0.0,1.5671
2646,4,21,6,weather_driven,historically_calibrated,0.736132,0.125142,8.0976,9.2573,0.0026,1.1571
2647,4,21,7,weather_driven,historically_calibrated,0.974806,0.165717,9.6232,10.8322,0.0518,1.1571
2648,4,21,8,weather_driven,historically_calibrated,0.607771,0.103321,7.1411,10.6177,0.1244,3.3521
2649,4,21,9,weather_driven,historically_calibrated,0.412641,0.070149,5.4307,10.2739,0.1413,4.702
2650,4,21,10,weather_driven,historically_calibrated,0.426579,0.072518,5.5655,9.4667,0.2398,3.6614
2651,4,21,11,weather_driven,historically_calibrated,0.426877,0.072569,5.5684,8.699,0.4743,2.6563
2652,4,21,12,weather_driven,historically_calibrated,0.372942,0.0634,5.034,8.1045,0.7815,2.289
2653,4,21,13,weather_driven,historically_calibrated,0.317068,0.053901,4.4407,7.4421,0.8268,2.1746
2654,4,21,14,weather_driven,historically_calibrated,0.345811,0.058788,4.7513,7.5994,0.7841,2.0641
2655,4,21,15,weather_driven,historically_calibrated,0.401504,0.068256,5.3213,7.9033,0.6247,1.9573
2656,4,21,16,weather_driven,historically_calibrated,0.476552,0.081014,6.0314,8.7257,0.5197,2.1746
2657,4,21,17,weather_driven,historically_calibrated,0.525743,0.089376,6.4653,9.5619,0.3097,2.7869
2658,4,21,18,weather_driven,historically_calibrated,0.7051,0.119867,7.8764,10.4588,0.175,2.4074
2659,4,21,19,weather_driven,historically_calibrated,0.906505,0.154106,9.215,11.3542,0.0752,2.0641
2660,4,21,20,weather_driven,historically_calibrated,1.088389,0.185026,10.2598,11.6672,0.0143,1.3932
2661,4,21,21,weather_driven,historically_calibrated,1.144073,0.194492,10.5546,11.6394,0.0,1.0848
2662,4,21,22,weather_driven,historically_calibrated,1.220643,0.207509,10.9433,11.3813,0.0,0.4381
2663,4,21,23,weather_driven,historically_calibrated,1.240193,0.210833,11.0396,11.1752,0.0,0.1356
2664,4,21,24,weather_driven,historically_calibrated,0.889827,0.151271,9.1122,9.1498,0.0,0.0376
2665,4,22,1,weather_driven,historically_calibrated,0.860086,0.146215,8.9254,8.9403,0.0,0.0148
2666,4,22,2,weather_driven,historically_calibrated,0.892682,0.151756,9.1299,9.1337,0.0,0.0038
2667,4,22,3,weather_driven,historically_calibrated,0.921287,0.156619,9.3051,9.3075,0.0,0.0024
2668,4,22,4,weather_driven,historically_calibrated,0.957951,0.162852,9.5244,9.5282,0.0,0.0038
2669,4,22,5,weather_driven,historically_calibrated,0.991638,0.168578,9.7208,9.7265,0.0,0.0057
2670,4,22,6,weather_driven,historically_calibrated,0.992027,0.168645,9.723,9.7313,0.0026,0.0057
2671,4,22,7,weather_driven,historically_calibrated,1.309242,0.222571,11.371,11.4221,0.0454,0.0057
2672,4,22,8,weather_driven,historically_calibrated,1.279217,0.217467,11.2286,11.3243,0.0765,0.0193
2673,4,22,9,weather_driven,historically_calibrated,1.228653,0.208871,10.9829,11.1413,0.1037,0.0548
2674,4,22,10,weather_driven,historically_calibrated,1.102994,0.187509,10.3381,10.7803,0.1413,0.3009
2675,4,22,11,weather_driven,historically_calibrated,0.857088,0.145705,8.9064,10.0307,0.175,0.9494
2676,4,22,12,weather_driven,historically_calibrated,0.850391,0.144566,8.8636,9.8374,0.2605,0.7133
2677,4,22,13,weather_driven,historically_calibrated,0.671796,0.114205,7.6322,8.87,0.1529,1.0848
2678,4,22,14,weather_driven,historically_calibrated,0.630292,0.10715,7.3173,8.7991,0.7685,0.7133
2679,4,22,15,weather_driven,historically_calibrated,0.614028,0.104385,7.1904,9.1354,0.6337,1.3112
2680,4,22,16,weather_driven,historically_calibrated,0.787922,0.133947,8.4537,9.6988,0.4769,0.7682
2681,4,22,17,weather_driven,historically_calibrated,0.861149,0.146395,8.9322,10.255,0.3072,1.0156
2682,4,22,18,weather_driven,historically_calibrated,0.9887,0.168079,9.7038,10.9533,0.1646,1.0848
2683,4,22,19,weather_driven,historically_calibrated,1.11817,0.190089,10.4188,11.7987,0.0687,1.3112
2684,4,22,20,weather_driven,historically_calibrated,1.297877,0.220639,11.3174,11.9419,0.013,0.6116
2685,4,22,21,weather_driven,historically_calibrated,1.359714,0.231151,11.605,11.9059,0.0,0.3009
2686,4,22,22,weather_driven,historically_calibrated,1.25444,0.213255,11.1091,11.2278,0.0,0.1187
2687,4,22,23,weather_driven,historically_calibrated,1.221603,0.207672,10.948,10.9786,0.0,0.0306
2688,4,22,24,weather_driven,historically_calibrated,0.87385,0.148555,9.0124,9.0316,0.0,0.0193
2689,4,23,1,weather_driven,historically_calibrated,0.952173,0.161869,9.4902,9.5147,0.0,0.0245
2690,4,23,2,weather_driven,historically_calibrated,0.996053,0.169329,9.7461,9.7654,0.0,0.0193
2691,4,23,3,weather_driven,historically_calibrated,1.031828,0.175411,9.949,9.9947,0.0,0.0457
2692,4,23,4,weather_driven,historically_calibrated,1.001537,0.170261,9.7776,9.8232,0.0,0.0457
2693,4,23,5,weather_driven,historically_calibrated,1.001173,0.170199,9.7755,9.8211,0.0,0.0457
2694,4,23,6,weather_driven,historically_calibrated,0.985328,0.167506,9.6843,9.7188,0.0039,0.0306
2695,4,23,7,weather_driven,historically_calibrated,1.332343,0.226498,11.479,11.5604,0.0622,0.0193
2696,4,23,8,weather_driven,historically_calibrated,1.271501,0.216155,11.1915,11.3764,0.1737,0.0111
2697,4,23,9,weather_driven,historically_calibrated,1.292499,0.219725,11.2919,11.611,0.2735,0.0457
2698,4,23,10,weather_driven,historically_calibrated,1.148876,0.195309,10.5795,10.894,0.1788,0.1356
2699,4,23,11,weather_driven,historically_calibrated,0.933161,0.158637,9.3768,9.9916,0.4406,0.1741
2700,4,23,12,weather_driven,historically_calibrated,0.798681,0.135776,8.5258,9.3848,0.6143,0.2447
2701,4,23,13,weather_driven,historically_calibrated,0.720541,0.122492,7.9872,8.9688,0.8074,0.1741
2702,4,23,14,weather_driven,historically_calibrated,0.723209,0.122946,8.0062,8.8862,0.8035,0.0764
2703,4,23,15,weather_driven,historically_calibrated,0.787172,0.133819,8.4487,9.0191,0.5054,0.065
2704,4,23,16,weather_driven,historically_calibrated,0.874754,0.148708,9.0181,9.4844,0.4471,0.0193
2705,4,23,17,weather_driven,historically_calibrated,0.986584,0.167719,9.6916,10.0457,0.2994,0.0548
2706,4,23,18,weather_driven,historically_calibrated,0.910433,0.154774,9.2391,10.5919,0.1957,1.1571
2707,4,23,19,weather_driven,historically_calibrated,1.012493,0.172124,9.84,11.013,0.0881,1.0848
2708,4,23,20,weather_driven,historically_calibrated,1.100858,0.187146,10.3267,10.95,0.0117,0.6116
2709,4,23,21,weather_driven,historically_calibrated,1.041182,0.177001,10.0012,10.5658,0.0,0.5645
2710,4,23,22,weather_driven,historically_calibrated,0.960626,0.163306,9.5401,10.2013,0.0,0.6611
2711,4,23,23,weather_driven,historically_calibrated,0.900356,0.15306,9.1772,10.0634,0.0,0.8861
2712,4,23,24,weather_driven,historically_calibrated,0.630907,0.107254,7.322,8.1478,0.0,0.8257
2713,4,24,1,weather_driven,historically_calibrated,0.619028,0.105235,7.2296,7.8908,0.0,0.6611
2714,4,24,2,weather_driven,historically_calibrated,0.637981,0.108457,7.3765,7.8965,0.0,0.52
2715,4,24,3,weather_driven,historically_calibrated,0.627654,0.106701,7.2968,7.958,0.0,0.6611
2716,4,24,4,weather_driven,historically_calibrated,0.660866,0.112347,7.5504,8.2637,0.0,0.7133
2717,4,24,5,weather_driven,historically_calibrated,0.668233,0.1136,7.6056,8.319,0.0,0.7133
2718,4,24,6,weather_driven,historically_calibrated,0.667022,0.113394,7.5966,8.259,0.0013,0.6611
2719,4,24,7,weather_driven,historically_calibrated,0.911588,0.15497,9.2461,9.7972,0.0311,0.52
2720,4,24,8,weather_driven,historically_calibrated,0.858177,0.14589,8.9133,9.6208,0.0959,0.6116
2721,4,24,9,weather_driven,historically_calibrated,0.79034,0.134358,8.47,9.3372,0.2061,0.6611
2722,4,24,10,weather_driven,historically_calibrated,0.662711,0.112661,7.5643,8.6972,0.3072,0.8257
2723,4,24,11,weather_driven,historically_calibrated,0.530464,0.090179,6.5058,7.9543,0.4329,1.0156
2724,4,24,12,weather_driven,historically_calibrated,0.470934,0.080059,5.9803,7.3965,0.5301,0.8861
2725,4,24,13,weather_driven,historically_calibrated,0.411304,0.069922,5.4177,7.0546,0.5521,1.0848
2726,4,24,14,weather_driven,historically_calibrated,0.418611,0.071164,5.4887,7.1127,0.5391,1.0848
2727,4,24,15,weather_driven,historically_calibrated,0.460942,0.07836,5.8887,7.3049,0.5301,0.8861
2728,4,24,16,weather_driven,historically_calibrated,0.503514,0.085597,6.2721,7.5916,0.4938,0.8257
2729,4,24,17,weather_driven,historically_calibrated,0.534638,0.090888,6.5414,7.9017,0.3447,1.0156
2730,4,24,18,weather_driven,historically_calibrated,0.598737,0.101785,7.0694,8.1434,0.1879,0.8861
2731,4,24,19,weather_driven,historically_calibrated,0.775032,0.131755,8.3665,9.0805,0.1024,0.6116
2732,4,24,20,weather_driven,historically_calibrated,0.91075,0.154828,9.241,9.6959,0.0168,0.4381
2733,4,24,21,weather_driven,historically_calibrated,0.98055,0.166694,9.6566,9.9285,0.0,0.2718
2734,4,24,22,weather_driven,historically_calibrated,0.974356,0.16564,9.6206,9.7562,0.0,0.1356
2735,4,24,23,weather_driven,historically_calibrated,0.96176,0.163499,9.5468,9.636,0.0,0.0892
2736,4,24,24,weather_driven,historically_calibrated,0.646294,0.10987,7.4401,7.8054,0.0,0.3652
2737,4,25,1,weather_driven,historically_calibrated,0.610854,0.103845,7.1655,7.566,0.0,0.4005
2738,4,25,2,weather_driven,historically_calibrated,0.657219,0.111727,7.523,7.6121,0.0,0.0892
2739,4,25,3,weather_driven,historically_calibrated,0.684157,0.116307,7.7237,7.7543,0.0,0.0306
2740,4,25,4,weather_driven,historically_calibrated,0.71561,0.121654,7.952,7.9765,0.0,0.0245
2741,4,25,5,weather_driven,historically_calibrated,0.754309,0.128233,8.2244,8.2355,0.0,0.0111
2742,4,25,6,weather_driven,historically_calibrated,0.787416,0.133861,8.4503,8.5166,0.0013,0.065
2743,4,25,7,weather_driven,historically_calibrated,1.006087,0.171035,9.8036,10.3849,0.0168,0.5645
2744,4,25,8,weather_driven,historically_calibrated,0.903746,0.153637,9.1981,10.718,0.0415,1.4784
2745,4,25,9,weather_driven,historically_calibrated,0.815663,0.138663,8.6383,10.6682,0.0726,1.9573
2746,4,25,10,weather_driven,historically_calibrated,0.699435,0.118904,7.8354,10.4546,0.0894,2.5298
2747,4,25,11,weather_driven,historically_calibrated,0.762248,0.129582,8.2791,10.206,0.0726,1.8543
2748,4,25,12,weather_driven,historically_calibrated,0.687933,0.116949,7.7515,9.8034,0.0946,1.9573
2749,4,25,13,weather_driven,historically_calibrated,0.622526,0.105829,7.257,9.5378,0.1063,2.1746
2750,4,25,14,weather_driven,historically_calibrated,0.648979,0.110326,7.4606,9.7207,0.0855,2.1746
2751,4,25,15,weather_driven,historically_calibrated,0.703775,0.119642,7.8668,9.7691,0.048,1.8543
2752,4,25,16,weather_driven,historically_calibrated,0.67647,0.115,7.6669,9.6515,0.0272,1.9573
2753,4,25,17,weather_driven,historically_calibrated,0.499101,0.084847,6.2332,9.698,0.1128,3.3521
2754,4,25,18,weather_driven,historically_calibrated,0.457037,0.077696,5.8526,9.935,0.0933,3.9891
2755,4,25,19,weather_driven,historically_calibrated,0.894748,0.152107,9.1426,10.5902,0.0544,1.3932
2756,4,25,20,weather_driven,historically_calibrated,0.611754,0.103998,7.1725,11.0097,0.0143,3.8229
2757,4,25,21,weather_driven,historically_calibrated,0.822149,0.139765,8.6809,10.8555,0.0,2.1746
2758,4,25,22,weather_driven,historically_calibrated,0.893489,0.151893,9.1348,10.702,0.0,1.5671
2759,4,25,23,weather_driven,historically_calibrated,0.783327,0.133166,8.4228,10.2771,0.0,1.8543
2760,4,25,24,weather_driven,historically_calibrated,0.484331,0.082336,6.1016,8.2762,0.0,2.1746
2761,4,26,1,weather_driven,historically_calibrated,0.467452,0.079467,5.9485,8.0126,0.0,2.0641
2762,4,26,2,weather_driven,historically_calibrated,0.361599,0.061472,4.917,7.9778,0.0,3.0608
2763,4,26,3,weather_driven,historically_calibrated,0.441736,0.075095,5.7097,7.9987,0.0,2.289
2764,4,26,4,weather_driven,historically_calibrated,0.371427,0.063143,5.0184,8.2227,0.0,3.2043
2765,4,26,5,weather_driven,historically_calibrated,0.280269,0.047646,4.0249,8.3607,0.0,4.3358
2766,4,26,6,weather_driven,historically_calibrated,0.343948,0.058471,4.7315,8.5596,0.0052,3.8229
2767,4,26,7,weather_driven,historically_calibrated,0.683817,0.116249,7.7212,10.4384,0.0609,2.6563
2768,4,26,8,weather_driven,historically_calibrated,0.679799,0.115566,7.6916,10.2791,0.1801,2.4074
2769,4,26,9,weather_driven,historically_calibrated,0.575287,0.097799,6.8802,10.0027,0.3357,2.7869
2770,4,26,10,weather_driven,historically_calibrated,0.446519,0.075908,5.7546,9.5759,0.4692,3.3521
2771,4,26,11,weather_driven,historically_calibrated,0.23163,0.039377,3.4407,9.0265,0.2968,5.2891
2772,4,26,12,weather_driven,historically_calibrated,0.141722,0.024093,2.2361,8.286,0.3434,5.7064
2773,4,26,13,weather_driven,historically_calibrated,0.118257,0.020104,1.8901,7.6237,0.4445,5.2891
2774,4,26,14,weather_driven,historically_calibrated,0.121081,0.020584,1.9325,7.3214,0.6869,4.702
2775,4,26,15,weather_driven,historically_calibrated,0.169763,0.02886,2.6313,7.4121,0.6208,4.16
2776,4,26,16,weather_driven,historically_calibrated,0.2769,0.047073,3.9858,8.2597,0.451,3.8229
2777,4,26,17,weather_driven,historically_calibrated,0.381402,0.064838,5.1202,8.655,0.1827,3.3521
2778,4,26,18,weather_driven,historically_calibrated,0.480066,0.081611,6.0632,9.3378,0.2138,3.0608
2779,4,26,19,weather_driven,historically_calibrated,0.701526,0.119259,7.8506,10.3487,0.0907,2.4074
2780,4,26,20,weather_driven,historically_calibrated,0.75471,0.128301,8.2271,10.6514,0.0168,2.4074
2781,4,26,21,weather_driven,historically_calibrated,0.709692,0.120648,7.9095,10.5658,0.0,2.6563
2782,4,26,22,weather_driven,historically_calibrated,0.70138,0.119235,7.8495,10.2569,0.0,2.4074
2783,4,26,23,weather_driven,historically_calibrated,0.722229,0.122779,7.9992,9.9565,0.0,1.9573
2784,4,26,24,weather_driven,historically_calibrated,0.482346,0.081999,6.0837,8.1478,0.0,2.0641
2785,4,27,1,weather_driven,historically_calibrated,0.509394,0.086597,6.3236,7.8908,0.0,1.5671
2786,4,27,2,weather_driven,historically_calibrated,0.596438,0.101394,7.051,7.9372,0.0,0.8861
2787,4,27,3,weather_driven,historically_calibrated,0.691739,0.117596,7.7793,7.9987,0.0,0.2194
2788,4,27,4,weather_driven,historically_calibrated,0.722872,0.122888,8.0038,8.0586,0.0,0.0548
2789,4,27,5,weather_driven,historically_calibrated,0.742314,0.126193,8.1409,8.152,0.0,0.0111
2790,4,27,6,weather_driven,historically_calibrated,0.764965,0.130044,8.2978,8.302,0.0039,0.0003
2791,4,27,7,weather_driven,historically_calibrated,1.055679,0.179465,10.0815,10.1178,0.0363,0.0
2792,4,27,8,weather_driven,historically_calibrated,1.085566,0.184546,10.2446,10.334,0.0894,0.0
2793,4,27,9,weather_driven,historically_calibrated,1.066336,0.181277,10.14,10.28,0.14,0.0
2794,4,27,10,weather_driven,historically_calibrated,1.010949,0.171861,9.8312,10.0153,0.184,0.0
2795,4,27,11,weather_driven,historically_calibrated,0.987889,0.167941,9.6991,9.9379,0.2307,0.0081
2796,4,27,12,weather_driven,historically_calibrated,0.906536,0.154111,9.2152,9.4894,0.2436,0.0306
2797,4,27,13,weather_driven,historically_calibrated,0.814885,0.13853,8.6332,8.917,0.2838,0.0
2798,4,27,14,weather_driven,historically_calibrated,0.78675,0.133748,8.4459,8.7297,0.2838,0.0
2799,4,27,15,weather_driven,historically_calibrated,0.797316,0.135544,8.5167,8.7513,0.2346,0.0
2800,4,27,16,weather_driven,historically_calibrated,0.868099,0.147577,8.9762,9.2061,0.2242,0.0057
2801,4,27,17,weather_driven,historically_calibrated,0.917427,0.155963,9.2817,9.698,0.197,0.2194
2802,4,27,18,weather_driven,historically_calibrated,0.976795,0.166055,9.6348,10.0544,0.175,0.2447
2803,4,27,19,weather_driven,historically_calibrated,1.127294,0.19164,10.4669,10.6506,0.0946,0.0892
2804,4,27,20,weather_driven,historically_calibrated,1.147116,0.19501,10.5704,10.7111,0.022,0.1187
2805,4,27,21,weather_driven,historically_calibrated,1.12273,0.190864,10.4428,10.5078,0.0,0.065
2806,4,27,22,weather_driven,historically_calibrated,1.070663,0.182013,10.1637,10.2013,0.0,0.0376
2807,4,27,23,weather_driven,historically_calibrated,0.990479,0.168381,9.7141,9.8497,0.0,0.1356
2808,4,27,24,weather_driven,historically_calibrated,0.718636,0.122168,7.9736,8.1478,0.0,0.1741
2809,4,28,1,weather_driven,historically_calibrated,0.619684,0.105346,7.2348,7.4089,0.0,0.1741
2810,4,28,2,weather_driven,historically_calibrated,0.637182,0.108321,7.3704,7.4891,0.0,0.1187
2811,4,28,3,weather_driven,historically_calibrated,0.651289,0.110719,7.4781,7.5087,0.0,0.0306
2812,4,28,4,weather_driven,historically_calibrated,0.652022,0.110844,7.4837,7.4894,0.0,0.0057
2813,4,28,5,weather_driven,historically_calibrated,0.645883,0.1098,7.437,7.4615,0.0,0.0245
2814,4,28,6,weather_driven,historically_calibrated,0.643693,0.109428,7.4203,7.4403,0.0052,0.0148
2815,4,28,7,weather_driven,historically_calibrated,0.811281,0.137918,8.6094,8.7185,0.0441,0.065
2816,4,28,8,weather_driven,historically_calibrated,0.809358,0.137591,8.5967,8.6997,0.0881,0.0148
2817,4,28,9,weather_driven,historically_calibrated,0.79589,0.135301,8.5072,8.5902,0.0829,0.0001
2818,4,28,10,weather_driven,historically_calibrated,0.716431,0.121793,7.9579,8.0519,0.0635,0.0306
2819,4,28,11,weather_driven,historically_calibrated,0.611794,0.104005,7.1729,7.5152,0.1464,0.1959
2820,4,28,12,weather_driven,historically_calibrated,0.539368,0.091693,6.5815,7.2862,0.2268,0.4779
2821,4,28,13,weather_driven,historically_calibrated,0.562402,0.095608,6.7743,7.0138,0.1503,0.0892
2822,4,28,14,weather_driven,historically_calibrated,0.569586,0.09683,6.8335,7.2155,0.1374,0.2447
2823,4,28,15,weather_driven,historically_calibrated,0.530097,0.090117,6.5026,7.5091,0.057,0.9494
2824,4,28,16,weather_driven,historically_calibrated,0.640542,0.108892,7.3962,7.855,0.0207,0.4381
2825,4,28,17,weather_driven,historically_calibrated,0.750075,0.127513,8.195,8.3358,0.0376,0.1032
2826,4,28,18,weather_driven,historically_calibrated,0.820074,0.139413,8.6673,8.7556,0.0233,0.065
2827,4,28,19,weather_driven,historically_calibrated,0.868676,0.147675,8.9798,9.0208,0.0104,0.0306
2828,4,28,20,weather_driven,historically_calibrated,0.81738,0.138955,8.6496,8.7554,0.0026,0.1032
2829,4,28,21,weather_driven,historically_calibrated,0.719589,0.12233,7.9804,8.2813,0.0,0.3009
2830,4,28,22,weather_driven,historically_calibrated,0.625293,0.1063,7.2785,7.7985,0.0,0.52
2831,4,28,23,weather_driven,historically_calibrated,0.580711,0.098721,6.9243,7.4889,0.0,0.5645
2832,4,28,24,weather_driven,historically_calibrated,0.400379,0.068064,5.3102,6.0784,0.0,0.7682
2833,4,29,1,weather_driven,historically_calibrated,0.353434,0.060084,4.8317,6.0643,0.0,1.2326
2834,4,29,2,weather_driven,historically_calibrated,0.344728,0.058604,4.7398,6.2182,0.0,1.4784
2835,4,29,3,weather_driven,historically_calibrated,0.3958,0.067286,5.2648,6.4219,0.0,1.1571
2836,4,29,4,weather_driven,historically_calibrated,0.430741,0.073226,5.6054,6.621,0.0,1.0156
2837,4,29,5,weather_driven,historically_calibrated,0.43919,0.074662,5.6856,6.7705,0.0,1.0848
2838,4,29,6,weather_driven,historically_calibrated,0.479174,0.08146,6.0551,7.0058,0.0013,0.9494
2839,4,29,7,weather_driven,historically_calibrated,0.687889,0.116941,7.7511,8.5219,0.0026,0.7682
2840,4,29,8,weather_driven,historically_calibrated,0.712283,0.121088,7.9281,8.6492,0.0078,0.7133
2841,4,29,9,weather_driven,historically_calibrated,0.736395,0.125187,8.0994,8.5902,0.013,0.4779
2842,4,29,10,weather_driven,historically_calibrated,0.490816,0.083439,6.1596,7.9509,0.0363,1.755
2843,4,29,11,weather_driven,historically_calibrated,0.354426,0.060252,4.8421,7.5152,0.2657,2.4074
2844,4,29,12,weather_driven,historically_calibrated,0.395302,0.067201,5.2598,7.5269,0.3097,1.9573
2845,4,29,13,weather_driven,historically_calibrated,0.326334,0.055477,4.5421,6.7282,0.3318,1.8543
2846,4,29,14,weather_driven,historically_calibrated,0.37896,0.064423,5.0954,6.9756,0.4018,1.4784
2847,4,29,15,weather_driven,historically_calibrated,0.259423,0.044102,3.7796,7.0655,0.3642,2.9217
2848,4,29,16,weather_driven,historically_calibrated,0.263811,0.044848,3.8319,6.9843,0.2307,2.9217
2849,4,29,17,weather_driven,historically_calibrated,0.481891,0.081921,6.0796,7.5361,0.2994,1.1571
2850,4,29,18,weather_driven,historically_calibrated,0.517466,0.087969,6.3939,8.3161,0.1672,1.755
2851,4,29,19,weather_driven,historically_calibrated,0.697117,0.11851,7.8185,9.2986,0.0868,1.3932
2852,4,29,20,weather_driven,historically_calibrated,0.882288,0.149989,9.0652,9.7993,0.0207,0.7133
2853,4,29,21,weather_driven,historically_calibrated,0.985636,0.167558,9.6861,9.987,0.0,0.3009
2854,4,29,22,weather_driven,historically_calibrated,0.650164,0.110528,7.4696,9.9994,0.0,2.5298
2855,4,29,23,weather_driven,historically_calibrated,0.699137,0.118853,7.8332,9.8973,0.0,2.0641
2856,4,29,24,weather_driven,historically_calibrated,0.455345,0.077409,5.8369,8.126,0.0,2.289
2857,4,30,1,weather_driven,historically_calibrated,0.539547,0.091723,6.583,8.5403,0.0,1.9573
2858,4,30,2,weather_driven,historically_calibrated,0.588444,0.100036,6.9869,8.4653,0.0,1.4784
2859,4,30,3,weather_driven,historically_calibrated,0.531075,0.090283,6.511,8.3653,0.0,1.8543
2860,4,30,4,weather_driven,historically_calibrated,0.538432,0.091533,6.5736,8.4279,0.0,1.8543
2861,4,30,5,weather_driven,historically_calibrated,0.66019,0.112232,7.5454,8.778,0.0,1.2326
2862,4,30,6,weather_driven,historically_calibrated,0.65281,0.110978,7.4896,8.7313,0.0091,1.2326
2863,4,30,7,weather_driven,historically_calibrated,0.868406,0.147629,8.9781,10.2781,0.0674,1.2326
2864,4,30,8,weather_driven,historically_calibrated,0.785535,0.133541,8.4377,10.1694,0.1646,1.5671
2865,4,30,9,weather_driven,historically_calibrated,0.635125,0.107971,7.3546,9.8363,0.3072,2.1746
2866,4,30,10,weather_driven,historically_calibrated,0.528323,0.089815,6.4874,9.3562,0.4614,2.4074
2867,4,30,11,weather_driven,historically_calibrated,0.461061,0.07838,5.8898,8.9193,0.6221,2.4074
2868,4,30,12,weather_driven,historically_calibrated,0.448846,0.076304,5.7764,8.3383,0.7076,1.8543
2869,4,30,13,weather_driven,historically_calibrated,0.434162,0.073807,5.638,7.8823,0.7659,1.4784
2870,4,30,14,weather_driven,historically_calibrated,0.252115,0.042859,3.6919,7.7386,0.6947,3.3521
2871,4,30,15,weather_driven,historically_calibrated,0.486611,0.082724,6.122,8.0013,0.6467,1.2326
2872,4,30,16,weather_driven,historically_calibrated,0.565712,0.096171,6.8016,8.4823,0.5236,1.1571
2873,4,30,17,weather_driven,historically_calibrated,0.69775,0.118617,7.8231,9.1186,0.346,0.9494
2874,4,30,18,weather_driven,historically_calibrated,0.876225,0.148958,9.0273,9.935,0.1944,0.7133
2875,4,30,19,weather_driven,historically_calibrated,1.111542,0.188962,10.3837,10.7714,0.0868,0.3009
2876,4,30,20,weather_driven,historically_calibrated,1.250708,0.21262,11.091,11.1291,0.0233,0.0148
2877,4,30,21,weather_driven,historically_calibrated,1.286016,0.218623,11.261,11.261,0.0,0.0
2878,4,30,22,weather_driven,historically_calibrated,1.262273,0.214586,11.1471,11.1471,0.0,0.0
2879,4,30,23,weather_driven,historically_calibrated,1.237222,0.210328,11.025,11.025,0.0,0.0
2880,4,30,24,weather_driven,historically_calibrated,0.879305,0.149482,9.0466,9.0466,0.0,0.0
2881,5,1,1,weather_driven,historically_calibrated,0.61651,0.104807,7.2099,7.6878,0.0,0.4779
2882,5,1,2,weather_driven,historically_calibrated,0.368443,0.062635,4.9878,7.7746,0.0,2.7869
2883,5,1,3,weather_driven,historically_calibrated,0.458356,0.07792,5.8648,8.0394,0.0,2.1746
2884,5,1,4,weather_driven,historically_calibrated,0.510738,0.086825,6.3354,8.51,0.0,2.1746
2885,5,1,5,weather_driven,historically_calibrated,0.459059,0.07804,5.8713,8.5276,0.0,2.6563
2886,5,1,6,weather_driven,historically_calibrated,0.466779,0.079352,5.9424,8.6025,0.0039,2.6563
2887,5,1,7,weather_driven,historically_calibrated,0.699618,0.118935,7.8367,10.6521,0.0285,2.7869
2888,5,1,8,weather_driven,historically_calibrated,0.679979,0.115596,7.6929,11.102,0.057,3.3521
2889,5,1,9,weather_driven,historically_calibrated,0.595343,0.101208,7.0423,10.9455,0.0804,3.8229
2890,5,1,10,weather_driven,historically_calibrated,0.549332,0.093386,6.6655,10.7841,0.1296,3.9891
2891,5,1,11,weather_driven,historically_calibrated,0.485087,0.082465,6.1084,10.3668,0.0985,4.16
2892,5,1,12,weather_driven,historically_calibrated,0.490541,0.083392,6.1572,9.751,0.0894,3.5045
2893,5,1,13,weather_driven,historically_calibrated,0.523539,0.089002,6.4463,9.5378,0.1698,2.9217
2894,5,1,14,weather_driven,historically_calibrated,0.571716,0.097192,6.8509,9.5642,0.057,2.6563
2895,5,1,15,weather_driven,historically_calibrated,0.637889,0.108441,7.3758,9.9834,0.0778,2.5298
2896,5,1,16,weather_driven,historically_calibrated,0.763598,0.129812,8.2884,10.2638,0.0181,1.9573
2897,5,1,17,weather_driven,historically_calibrated,0.897088,0.152505,9.1571,10.7411,0.0168,1.5671
2898,5,1,18,weather_driven,historically_calibrated,1.102319,0.187394,10.3345,11.0099,0.0143,0.6611
2899,5,1,19,weather_driven,historically_calibrated,1.232291,0.20949,11.0008,11.2545,0.0091,0.2447
2900,5,1,20,weather_driven,historically_calibrated,1.241815,0.211109,11.0475,11.0694,0.0026,0.0193
2901,5,1,21,weather_driven,historically_calibrated,1.166531,0.19831,10.6705,10.6817,0.0,0.0111
2902,5,1,22,weather_driven,historically_calibrated,1.075523,0.182839,10.1901,10.2013,0.0,0.0111
2903,5,1,23,weather_driven,historically_calibrated,0.978332,0.166317,9.6438,9.6894,0.0,0.0457
2904,5,1,24,weather_driven,historically_calibrated,0.698541,0.118752,7.8289,7.8482,0.0,0.0193
2905,5,2,1,weather_driven,historically_calibrated,0.655663,0.111463,7.5112,7.566,0.0,0.0548
2906,5,2,2,weather_driven,historically_calibrated,0.655039,0.111357,7.5065,7.5715,0.0,0.065
2907,5,2,3,weather_driven,historically_calibrated,0.647248,0.110032,7.4474,7.5506,0.0,0.1032
2908,5,2,4,weather_driven,historically_calibrated,0.658082,0.111874,7.5295,7.6482,0.0,0.1187
2909,5,2,5,weather_driven,historically_calibrated,0.678588,0.11536,7.6826,7.8182,0.0,0.1356
2910,5,2,6,weather_driven,historically_calibrated,0.698062,0.11867,7.8254,8.1302,0.0039,0.3009
2911,5,2,7,weather_driven,historically_calibrated,0.874674,0.148695,9.0176,9.6904,0.0117,0.6611
2912,5,2,8,weather_driven,historically_calibrated,0.85512,0.14537,8.8938,9.8951,0.0518,0.9494
2913,5,2,9,weather_driven,historically_calibrated,0.879093,0.149446,9.0453,9.8363,0.0778,0.7133
2914,5,2,10,weather_driven,historically_calibrated,0.853331,0.145066,8.8824,9.521,0.1607,0.4779
2915,5,2,11,weather_driven,historically_calibrated,0.729896,0.124082,8.0536,8.8657,0.2475,0.5645
2916,5,2,12,weather_driven,historically_calibrated,0.66883,0.113701,7.6101,8.6523,0.2164,0.8257
2917,5,2,13,weather_driven,historically_calibrated,0.467251,0.079433,5.9467,7.6237,0.2838,1.3932
2918,5,2,14,weather_driven,historically_calibrated,0.418773,0.071191,5.4903,7.1127,0.4653,1.1571
2919,5,2,15,weather_driven,historically_calibrated,0.631583,0.107369,7.3272,7.9477,0.3758,0.2447
2920,5,2,16,weather_driven,historically_calibrated,0.701541,0.119262,7.8507,8.705,0.3344,0.52
2921,5,2,17,weather_driven,historically_calibrated,0.833667,0.141723,8.7559,9.2345,0.2592,0.2194
2922,5,2,18,weather_driven,historically_calibrated,0.893656,0.151922,9.1359,9.3975,0.1076,0.1541
2923,5,2,19,weather_driven,historically_calibrated,0.989855,0.168275,9.7105,9.8052,0.0946,0.0001
2924,5,2,20,weather_driven,historically_calibrated,1.021487,0.173653,9.8909,9.9348,0.0246,0.0193
2925,5,2,21,weather_driven,historically_calibrated,0.98747,0.16787,9.6967,9.6967,0.0,0.0
2926,5,2,22,weather_driven,historically_calibrated,0.988138,0.167983,9.7006,9.7006,0.0,0.0
2927,5,2,23,weather_driven,historically_calibrated,1.004563,0.170776,9.7949,9.7963,0.0,0.0014
2928,5,2,24,weather_driven,historically_calibrated,0.67436,0.114641,7.6513,7.8054,0.0,0.1541
2929,5,3,1,weather_driven,historically_calibrated,0.653492,0.111094,7.4948,7.5254,0.0,0.0306
2930,5,3,2,weather_driven,historically_calibrated,0.647961,0.110153,7.4528,7.5715,0.0,0.1187
2931,5,3,3,weather_driven,historically_calibrated,0.665293,0.1131,7.5837,7.6728,0.0,0.0892
2932,5,3,4,weather_driven,historically_calibrated,0.672261,0.114284,7.6357,7.7713,0.0,0.1356
2933,5,3,5,weather_driven,historically_calibrated,0.70781,0.120328,7.896,7.9851,0.0,0.0892
2934,5,3,6,weather_driven,historically_calibrated,0.66569,0.113167,7.5866,8.0014,0.0143,0.4005
2935,5,3,7,weather_driven,historically_calibrated,0.815493,0.138634,8.6372,9.4766,0.0713,0.7682
2936,5,3,8,weather_driven,historically_calibrated,0.729859,0.124076,8.0533,9.6756,0.1439,1.4784
2937,5,3,9,weather_driven,historically_calibrated,0.668264,0.113605,7.6059,10.2245,0.2112,2.4074
2938,5,3,10,weather_driven,historically_calibrated,0.609441,0.103605,7.1543,9.3013,0.0829,2.0641
2939,5,3,11,weather_driven,historically_calibrated,0.640207,0.108835,7.3936,8.7048,0.4251,0.8861
2940,5,3,12,weather_driven,historically_calibrated,0.48358,0.082209,6.0948,7.8674,0.4614,1.3112
2941,5,3,13,weather_driven,historically_calibrated,0.369018,0.062733,4.9937,7.0546,0.4938,1.5671
2942,5,3,14,weather_driven,historically_calibrated,0.296626,0.050426,4.2124,7.1127,0.7258,2.1746
2943,5,3,15,weather_driven,historically_calibrated,0.236252,0.040163,3.498,7.3049,0.6026,3.2043
2944,5,3,16,weather_driven,historically_calibrated,0.329437,0.056004,4.5758,7.5916,0.486,2.5298
2945,5,3,17,weather_driven,historically_calibrated,0.372936,0.063399,5.0339,8.1915,0.3707,2.7869
2946,5,3,18,weather_driven,historically_calibrated,0.585105,0.099468,6.9599,9.2184,0.1944,2.0641
2947,5,3,19,weather_driven,historically_calibrated,0.730277,0.124147,8.0563,10.2279,0.1076,2.0641
2948,5,3,20,weather_driven,historically_calibrated,1.003824,0.17065,9.7906,10.6514,0.035,0.8257
2949,5,3,21,weather_driven,historically_calibrated,1.125026,0.191254,10.4549,10.8555,0.0,0.4005
2950,5,3,22,weather_driven,historically_calibrated,1.14677,0.194951,10.5686,10.8132,0.0,0.2447
2951,5,3,23,weather_driven,historically_calibrated,1.129207,0.191965,10.4769,10.6511,0.0,0.1741
2952,5,3,24,weather_driven,historically_calibrated,0.808927,0.137518,8.5939,8.7898,0.0,0.1959
2953,5,4,1,weather_driven,historically_calibrated,0.780965,0.132764,8.4068,8.5809,0.0,0.1741
2954,5,4,2,weather_driven,historically_calibrated,0.800048,0.136008,8.5349,8.7091,0.0,0.1741
2955,5,4,3,weather_driven,historically_calibrated,0.854072,0.145192,8.8871,8.9763,0.0,0.0892
2956,5,4,4,weather_driven,historically_calibrated,0.884246,0.150322,9.0774,9.1666,0.0,0.0892
2957,5,4,5,weather_driven,historically_calibrated,0.913688,0.155327,9.2589,9.3621,0.0,0.1032
2958,5,4,6,weather_driven,historically_calibrated,0.901153,0.153196,9.1821,9.2895,0.0181,0.0892
2959,5,4,7,weather_driven,historically_calibrated,1.138865,0.193607,10.5275,10.759,0.0959,0.1356
2960,5,4,8,weather_driven,historically_calibrated,1.012788,0.172174,9.8417,10.3888,0.2151,0.332
2961,5,4,9,weather_driven,historically_calibrated,0.797059,0.1355,8.515,9.7809,0.3797,0.8861
2962,5,4,10,weather_driven,historically_calibrated,0.65419,0.111212,7.5001,8.9718,0.5223,0.9494
2963,5,4,11,weather_driven,historically_calibrated,0.529738,0.090056,6.4996,8.4368,0.626,1.3112
2964,5,4,12,weather_driven,historically_calibrated,0.504659,0.085792,6.2821,8.129,0.6143,1.2326
2965,5,4,13,weather_driven,historically_calibrated,0.424685,0.072196,5.5473,7.2098,0.3512,1.3112
2966,5,4,14,weather_driven,historically_calibrated,0.374739,0.063706,5.0524,7.1127,0.5819,1.4784
2967,5,4,15,weather_driven,historically_calibrated,0.410849,0.069844,5.4132,7.5192,0.7128,1.3932
2968,5,4,16,weather_driven,historically_calibrated,0.51865,0.088171,6.4042,8.204,0.4886,1.3112
2969,5,4,17,weather_driven,historically_calibrated,0.62667,0.106534,7.2892,8.4812,0.3059,0.8861
2970,5,4,18,weather_driven,historically_calibrated,0.767668,0.130504,8.3163,9.0989,0.1711,0.6116
2971,5,4,19,weather_driven,historically_calibrated,0.926515,0.157508,9.3367,9.9863,0.1296,0.52
2972,5,4,20,weather_driven,historically_calibrated,1.100124,0.187021,10.3228,10.5319,0.035,0.1741
2973,5,4,21,weather_driven,historically_calibrated,1.185457,0.201528,10.7669,10.7975,0.0,0.0306
2974,5,4,22,weather_driven,historically_calibrated,1.194481,0.203062,10.8125,10.8132,0.0,0.0007
2975,5,4,23,weather_driven,historically_calibrated,1.172055,0.199249,10.6988,10.7045,0.0,0.0057
2976,5,4,24,weather_driven,historically_calibrated,0.831702,0.141389,8.7432,8.747,0.0,0.0038
2977,5,5,1,weather_driven,historically_calibrated,0.692121,0.117661,7.7821,7.7824,0.0,0.0003
2978,5,5,2,weather_driven,historically_calibrated,0.713602,0.121312,7.9376,7.9376,0.0,0.0
2979,5,5,3,weather_driven,historically_calibrated,0.727037,0.123596,8.0334,8.0334,0.0,0.0
2980,5,5,4,weather_driven,historically_calibrated,0.751768,0.127801,8.2067,8.2067,0.0,0.0
2981,5,5,5,weather_driven,historically_calibrated,0.766173,0.130249,8.3061,8.3061,0.0,0.0
2982,5,5,6,weather_driven,historically_calibrated,0.757322,0.128745,8.2452,8.2698,0.0246,0.0
2983,5,5,7,weather_driven,historically_calibrated,0.978685,0.166376,9.6458,9.7508,0.105,0.0
2984,5,5,8,weather_driven,historically_calibrated,0.931788,0.158404,9.3685,9.5577,0.1892,0.0
2985,5,5,9,weather_driven,historically_calibrated,0.849877,0.144479,8.8603,9.2025,0.3421,0.0
2986,5,5,10,weather_driven,historically_calibrated,0.741798,0.126106,8.1373,8.5572,0.4199,0.0
2987,5,5,11,weather_driven,historically_calibrated,0.650461,0.110578,7.4718,7.9591,0.4873,0.0
2988,5,5,12,weather_driven,historically_calibrated,0.580197,0.098634,6.9201,7.4787,0.5586,0.0
2989,5,5,13,weather_driven,historically_calibrated,0.516914,0.087875,6.3891,7.0138,0.6247,0.0
2990,5,5,14,weather_driven,historically_calibrated,0.490744,0.083427,6.159,6.8316,0.635,0.0376
2991,5,5,15,weather_driven,historically_calibrated,0.48861,0.083064,6.1399,6.7205,0.5806,0.0
2992,5,5,16,weather_driven,historically_calibrated,0.527326,0.089645,6.4789,6.9843,0.5016,0.0038
2993,5,5,17,weather_driven,historically_calibrated,0.600626,0.102106,7.0844,7.3229,0.2385,0.0
2994,5,5,18,weather_driven,historically_calibrated,0.696966,0.118484,7.8174,7.9315,0.114,0.0
2995,5,5,19,weather_driven,historically_calibrated,0.745605,0.126753,8.1639,8.2429,0.0791,0.0
2996,5,5,20,weather_driven,historically_calibrated,0.81243,0.138113,8.617,8.6455,0.0285,0.0
2997,5,5,21,weather_driven,historically_calibrated,0.801988,0.136338,8.5479,8.5479,0.0,0.0
2998,5,5,22,weather_driven,historically_calibrated,0.759346,0.129089,8.2591,8.2591,0.0,0.0
2999,5,5,23,weather_driven,historically_calibrated,0.726496,0.123504,8.0295,8.0295,0.0,0.0
3000,5,5,24,weather_driven,historically_calibrated,0.531137,0.090293,6.5115,6.5115,0.0,0.0
3001,5,6,1,weather_driven,historically_calibrated,0.525944,0.08941,6.467,6.4752,0.0,0.0081
3002,5,6,2,weather_driven,historically_calibrated,0.547416,0.093061,6.6494,6.7041,0.0,0.0548
3003,5,6,3,weather_driven,historically_calibrated,0.565095,0.096066,6.7965,6.8341,0.0,0.0376
3004,5,6,4,weather_driven,historically_calibrated,0.582189,0.098972,6.9363,6.9608,0.0,0.0245
3005,5,6,5,weather_driven,historically_calibrated,0.614233,0.10442,7.192,7.1928,0.0,0.0007
3006,5,6,6,weather_driven,historically_calibrated,0.624475,0.106161,7.2721,7.2823,0.0078,0.0024
3007,5,6,7,weather_driven,historically_calibrated,0.812386,0.138106,8.6167,8.6693,0.0415,0.0111
3008,5,6,8,weather_driven,historically_calibrated,0.781314,0.132823,8.4092,8.4978,0.0829,0.0057
3009,5,6,9,weather_driven,historically_calibrated,0.730378,0.124164,8.057,8.2841,0.1814,0.0457
3010,5,6,10,weather_driven,historically_calibrated,0.649925,0.110487,7.4678,7.6983,0.2112,0.0193
3011,5,6,11,weather_driven,historically_calibrated,0.579606,0.098533,6.9153,7.1699,0.2398,0.0148
3012,5,6,12,weather_driven,historically_calibrated,0.544462,0.092559,6.6245,6.8529,0.2281,0.0003
3013,5,6,13,weather_driven,historically_calibrated,0.564366,0.095942,6.7905,6.9662,0.175,0.0007
3014,5,6,14,weather_driven,historically_calibrated,0.534119,0.0908,6.5369,6.6397,0.0946,0.0081
3015,5,6,15,weather_driven,historically_calibrated,0.523882,0.08906,6.4493,6.7205,0.2631,0.0081
3016,5,6,16,weather_driven,historically_calibrated,0.563041,0.095717,6.7796,6.9843,0.2009,0.0038
3017,5,6,17,weather_driven,historically_calibrated,0.616703,0.10484,7.2114,7.3229,0.1115,0.0
3018,5,6,18,weather_driven,historically_calibrated,0.648703,0.11028,7.4585,7.5469,0.0881,0.0003
3019,5,6,19,weather_driven,historically_calibrated,0.707517,0.120278,7.8939,7.9651,0.0713,0.0
3020,5,6,20,weather_driven,historically_calibrated,0.734088,0.124795,8.0832,8.0961,0.013,0.0
3021,5,6,21,weather_driven,historically_calibrated,0.739534,0.125721,8.1214,8.1214,0.0,0.0
3022,5,6,22,weather_driven,historically_calibrated,0.708389,0.120426,7.9001,7.9009,0.0,0.0007
3023,5,6,23,weather_driven,historically_calibrated,0.685641,0.116559,7.7346,7.7346,0.0,0.0
3024,5,6,24,weather_driven,historically_calibrated,0.499408,0.084899,6.2359,6.2359,0.0,0.0
3025,5,7,1,weather_driven,historically_calibrated,0.545376,0.092714,6.6322,6.6322,0.0,0.0
3026,5,7,2,weather_driven,historically_calibrated,0.565466,0.096129,6.7996,6.7996,0.0,0.0
3027,5,7,3,weather_driven,historically_calibrated,0.557776,0.094822,6.7359,6.7359,0.0,0.0
3028,5,7,4,weather_driven,historically_calibrated,0.57385,0.097555,6.8684,6.8684,0.0,0.0
3029,5,7,5,weather_driven,historically_calibrated,0.598454,0.101737,7.0671,7.0671,0.0,0.0
3030,5,7,6,weather_driven,historically_calibrated,0.606664,0.103133,7.1324,7.1427,0.0104,0.0
3031,5,7,7,weather_driven,historically_calibrated,0.750018,0.127503,8.1946,8.2477,0.0531,0.0
3032,5,7,8,weather_driven,historically_calibrated,0.711106,0.120888,7.9197,8.0298,0.1063,0.0038
3033,5,7,9,weather_driven,historically_calibrated,0.773438,0.131484,8.3557,8.5608,0.1503,0.0548
3034,5,7,10,weather_driven,historically_calibrated,0.776515,0.132008,8.3766,8.4775,0.0816,0.0193
3035,5,7,11,weather_driven,historically_calibrated,0.721435,0.122644,7.9936,8.0615,0.0622,0.0057
3036,5,7,12,weather_driven,historically_calibrated,0.626474,0.106501,7.2877,7.3965,0.1089,0.0
3037,5,7,13,weather_driven,historically_calibrated,0.563483,0.095792,6.7832,7.0546,0.2657,0.0057
3038,5,7,14,weather_driven,historically_calibrated,0.565108,0.096068,6.7966,7.1127,0.2916,0.0245
3039,5,7,15,weather_driven,historically_calibrated,0.606978,0.103186,7.1348,7.3049,0.1244,0.0457
3040,5,7,16,weather_driven,historically_calibrated,0.635449,0.108026,7.3571,7.7029,0.1918,0.1541
3041,5,7,17,weather_driven,historically_calibrated,0.679628,0.115537,7.6903,8.0756,0.1659,0.2194
3042,5,7,18,weather_driven,historically_calibrated,0.71921,0.122266,7.9777,8.3823,0.1037,0.3009
3043,5,7,19,weather_driven,historically_calibrated,0.861924,0.146527,8.9371,9.0805,0.0402,0.1032
3044,5,7,20,weather_driven,historically_calibrated,0.893858,0.151956,9.1371,9.1584,0.0065,0.0148
3045,5,7,21,weather_driven,historically_calibrated,0.93819,0.159492,9.4069,9.407,0.0,0.0001
3046,5,7,22,weather_driven,historically_calibrated,0.886036,0.150626,9.0886,9.0886,0.0,0.0
3047,5,7,23,weather_driven,historically_calibrated,0.86261,0.146644,8.9414,8.9414,0.0,0.0
3048,5,7,24,weather_driven,historically_calibrated,0.638086,0.108475,7.3773,7.3773,0.0,0.0
3049,5,8,1,weather_driven,historically_calibrated,0.615322,0.104605,7.2006,7.2006,0.0,0.0
3050,5,8,2,weather_driven,historically_calibrated,0.65289,0.110991,7.4903,7.4903,0.0,0.0
3051,5,8,3,weather_driven,historically_calibrated,0.628866,0.106907,7.3062,7.3062,0.0,0.0
3052,5,8,4,weather_driven,historically_calibrated,0.662948,0.112701,7.5661,7.5661,0.0,0.0
3053,5,8,5,weather_driven,historically_calibrated,0.668438,0.113634,7.6072,7.6096,0.0,0.0024
3054,5,8,6,weather_driven,historically_calibrated,0.669928,0.113888,7.6183,7.6579,0.0091,0.0306
3055,5,8,7,weather_driven,historically_calibrated,0.857484,0.145772,8.9089,8.9958,0.0492,0.0376
3056,5,8,8,weather_driven,historically_calibrated,0.778867,0.132407,8.3926,8.743,0.1763,0.1741
3057,5,8,9,weather_driven,historically_calibrated,0.661401,0.112438,7.5545,8.4499,0.2838,0.6116
3058,5,8,10,weather_driven,historically_calibrated,0.530622,0.090206,6.5071,7.489,0.4173,0.5645
3059,5,8,11,weather_driven,historically_calibrated,0.508232,0.086399,6.3135,7.4717,0.6804,0.4779
3060,5,8,12,weather_driven,historically_calibrated,0.471183,0.080101,5.9826,7.1349,0.4912,0.6611
3061,5,8,13,weather_driven,historically_calibrated,0.472401,0.080308,5.9937,7.0546,0.4964,0.5645
3062,5,8,14,weather_driven,historically_calibrated,0.455661,0.077462,5.8399,7.1127,0.6117,0.6611
3063,5,8,15,weather_driven,historically_calibrated,0.54059,0.0919,6.5919,7.3049,0.381,0.332
3064,5,8,16,weather_driven,historically_calibrated,0.55088,0.09365,6.6784,7.5916,0.3486,0.5645
3065,5,8,17,weather_driven,historically_calibrated,0.623811,0.106048,7.267,7.9017,0.3901,0.2447
3066,5,8,18,weather_driven,historically_calibrated,0.715913,0.121705,7.9541,8.3823,0.254,0.1741
3067,5,8,19,weather_driven,historically_calibrated,0.825382,0.140315,8.702,8.8993,0.1426,0.0548
3068,5,8,20,weather_driven,historically_calibrated,0.933664,0.158723,9.3798,9.457,0.0467,0.0306
3069,5,8,21,weather_driven,historically_calibrated,0.964399,0.163948,9.5623,9.6388,0.0,0.0764
3070,5,8,22,weather_driven,historically_calibrated,0.917502,0.155975,9.2821,9.478,0.0,0.1959
3071,5,8,23,weather_driven,historically_calibrated,0.894859,0.152126,9.1433,9.262,0.0,0.1187
3072,5,8,24,weather_driven,historically_calibrated,0.662239,0.112581,7.5608,7.5913,0.0,0.0306
3073,5,9,1,weather_driven,historically_calibrated,0.6883,0.117011,7.7541,7.769,0.0,0.0148
3074,5,9,2,weather_driven,historically_calibrated,0.68504,0.116457,7.7302,7.734,0.0,0.0038
3075,5,9,3,weather_driven,historically_calibrated,0.693107,0.117828,7.7893,7.795,0.0,0.0057
3076,5,9,4,weather_driven,historically_calibrated,0.705536,0.119941,7.8796,7.8944,0.0,0.0148
3077,5,9,5,weather_driven,historically_calibrated,0.744498,0.126565,8.1562,8.1938,0.0,0.0376
3078,5,9,6,weather_driven,historically_calibrated,0.746243,0.126861,8.1683,8.2161,0.0285,0.0193
3079,5,9,7,weather_driven,historically_calibrated,0.95446,0.162258,9.5037,9.6904,0.1102,0.0764
3080,5,9,8,weather_driven,historically_calibrated,0.954026,0.162184,9.5012,9.9499,0.2294,0.2194
3081,5,9,9,weather_driven,historically_calibrated,0.919056,0.15624,9.2916,9.7254,0.162,0.2718
3082,5,9,10,weather_driven,historically_calibrated,0.892007,0.151641,9.1257,9.6857,0.3642,0.1959
3083,5,9,11,weather_driven,historically_calibrated,0.787916,0.133946,8.4537,8.8657,0.2579,0.1541
3084,5,9,12,weather_driven,historically_calibrated,0.642748,0.109267,7.4131,8.2337,0.5197,0.3009
3085,5,9,13,weather_driven,historically_calibrated,0.628332,0.106816,7.3021,7.9858,0.5651,0.1187
3086,5,9,14,weather_driven,historically_calibrated,0.621199,0.105604,7.2466,7.9473,0.5975,0.1032
3087,5,9,15,weather_driven,historically_calibrated,0.578818,0.098399,6.9089,8.0013,0.4808,0.6116
3088,5,9,16,weather_driven,historically_calibrated,0.579167,0.098458,6.9118,8.4823,0.4134,1.1571
3089,5,9,17,weather_driven,historically_calibrated,0.736269,0.125166,8.0985,9.5242,0.3408,1.0848
3090,5,9,18,weather_driven,historically_calibrated,0.924824,0.15722,9.3265,10.8905,0.2527,1.3112
3091,5,9,19,weather_driven,historically_calibrated,1.124292,0.19113,10.4511,11.4357,0.0985,0.8861
3092,5,9,20,weather_driven,historically_calibrated,1.18826,0.202004,10.7811,11.4277,0.035,0.6116
3093,5,9,21,weather_driven,historically_calibrated,1.228563,0.208856,10.9824,11.2031,0.0013,0.2194
3094,5,9,22,weather_driven,historically_calibrated,1.185203,0.201485,10.7657,10.8689,0.0,0.1032
3095,5,9,23,weather_driven,historically_calibrated,1.14512,0.19467,10.56,10.5976,0.0,0.0376
3096,5,9,24,weather_driven,historically_calibrated,0.797529,0.13558,8.5181,8.533,0.0,0.0148
3097,5,10,1,weather_driven,historically_calibrated,0.751868,0.127817,8.2074,8.2156,0.0,0.0081
3098,5,10,2,weather_driven,historically_calibrated,0.820252,0.139443,8.6684,8.6685,0.0,0.0
3099,5,10,3,weather_driven,historically_calibrated,0.836141,0.142144,8.7719,8.7726,0.0,0.0007
3100,5,10,4,weather_driven,historically_calibrated,0.819419,0.139301,8.663,8.6741,0.0,0.0111
3101,5,10,5,weather_driven,historically_calibrated,0.830266,0.141145,8.7338,8.7362,0.0,0.0024
3102,5,10,6,weather_driven,historically_calibrated,0.873123,0.148431,9.0078,9.0318,0.0233,0.0007
3103,5,10,7,weather_driven,historically_calibrated,1.114772,0.189511,10.4008,10.4918,0.0907,0.0003
3104,5,10,8,weather_driven,historically_calibrated,1.159153,0.197056,10.6326,10.8826,0.2255,0.0245
3105,5,10,9,weather_driven,historically_calibrated,1.041141,0.176994,10.001,10.4464,0.3421,0.1032
3106,5,10,10,weather_driven,historically_calibrated,0.859351,0.14609,8.9208,9.6308,0.556,0.1541
3107,5,10,11,weather_driven,historically_calibrated,0.789974,0.134296,8.4675,9.2946,0.6312,0.1959
3108,5,10,12,weather_driven,historically_calibrated,0.626458,0.106498,7.2875,8.3383,0.6856,0.3652
3109,5,10,13,weather_driven,historically_calibrated,0.53095,0.090262,6.5099,7.9341,0.8126,0.6116
3110,5,10,14,weather_driven,historically_calibrated,0.610301,0.103751,7.1611,8.7818,0.6713,0.9494
3111,5,10,15,weather_driven,historically_calibrated,0.522713,0.088861,6.4392,8.4834,0.3849,1.6593
3112,5,10,16,weather_driven,historically_calibrated,0.545245,0.092692,6.6311,8.5937,0.3033,1.6593
3113,5,10,17,weather_driven,historically_calibrated,0.661455,0.112447,7.5549,9.0606,0.3486,1.1571
3114,5,10,18,weather_driven,historically_calibrated,0.812315,0.138094,8.6163,9.6364,0.1944,0.8257
3115,5,10,19,weather_driven,historically_calibrated,0.944282,0.160528,9.4433,10.2279,0.0713,0.7133
3116,5,10,20,weather_driven,historically_calibrated,0.99214,0.168664,9.7236,10.8305,0.022,1.0848
3117,5,10,21,weather_driven,historically_calibrated,0.952408,0.161909,9.4916,10.9713,0.0013,1.4784
3118,5,10,22,weather_driven,historically_calibrated,0.97705,0.166098,9.6363,10.8689,0.0,1.2326
3119,5,10,23,weather_driven,historically_calibrated,1.009909,0.171685,9.8253,10.6511,0.0,0.8257
3120,5,10,24,weather_driven,historically_calibrated,0.685343,0.116508,7.7324,8.6186,0.0,0.8861
3121,5,11,1,weather_driven,historically_calibrated,0.781055,0.132779,8.4074,8.4185,0.0,0.0111
3122,5,11,2,weather_driven,historically_calibrated,0.667098,0.113407,7.5972,8.5466,0.0,0.9494
3123,5,11,3,weather_driven,historically_calibrated,0.689111,0.117149,7.7601,8.5282,0.0,0.7682
3124,5,11,4,weather_driven,historically_calibrated,0.753535,0.128101,8.219,8.551,0.0,0.332
3125,5,11,5,weather_driven,historically_calibrated,0.681191,0.115803,7.7018,8.5276,0.0,0.8257
3126,5,11,6,weather_driven,historically_calibrated,0.705278,0.119897,7.8777,8.5596,0.0207,0.6611
3127,5,11,7,weather_driven,historically_calibrated,0.929417,0.158001,9.3542,10.1712,0.1037,0.7133
3128,5,11,8,weather_driven,historically_calibrated,0.926304,0.157472,9.3355,9.8951,0.1944,0.3652
3129,5,11,9,weather_driven,historically_calibrated,0.852288,0.144889,8.8758,9.6145,0.3007,0.4381
3130,5,11,10,weather_driven,historically_calibrated,0.741802,0.126106,8.1373,9.1915,0.3408,0.7133
3131,5,11,11,weather_driven,historically_calibrated,0.609498,0.103615,7.1548,8.4904,0.3862,0.9494
3132,5,11,12,weather_driven,historically_calibrated,0.602205,0.102375,7.097,8.443,0.3966,0.9494
3133,5,11,13,weather_driven,historically_calibrated,0.596475,0.101401,7.0513,8.2962,0.2955,0.9494
3134,5,11,14,weather_driven,historically_calibrated,0.6126,0.104142,7.1792,7.9994,0.2087,0.6116
3135,5,11,15,weather_driven,historically_calibrated,0.596796,0.101455,7.0539,8.1085,0.2864,0.7682
3136,5,11,16,weather_driven,historically_calibrated,0.712157,0.121067,7.9272,8.6494,0.3901,0.332
3137,5,11,17,weather_driven,historically_calibrated,0.781909,0.132925,8.4132,9.1765,0.3253,0.4381
3138,5,11,18,weather_driven,historically_calibrated,0.847033,0.143996,8.8421,9.517,0.197,0.4779
3139,5,11,19,weather_driven,historically_calibrated,0.634801,0.107916,7.3521,9.7448,0.1037,2.289
3140,5,11,20,weather_driven,historically_calibrated,0.83376,0.141739,8.7565,9.8751,0.0337,1.0848
3141,5,11,21,weather_driven,historically_calibrated,0.913431,0.155283,9.2574,9.6967,0.0013,0.4381
3142,5,11,22,weather_driven,historically_calibrated,0.887056,0.1508,9.0949,9.3668,0.0,0.2718
3143,5,11,23,weather_driven,historically_calibrated,0.896012,0.152322,9.1505,9.4223,0.0,0.2718
3144,5,11,24,weather_driven,historically_calibrated,0.615859,0.104696,7.2048,7.5057,0.0,0.3009
3145,5,12,1,weather_driven,historically_calibrated,0.517978,0.088056,6.3983,6.6993,0.0,0.3009
3146,5,12,2,weather_driven,historically_calibrated,0.548273,0.093206,6.6566,6.9284,0.0,0.2718
3147,5,12,3,weather_driven,historically_calibrated,0.535182,0.090981,6.546,6.984,0.0,0.4381
3148,5,12,4,weather_driven,historically_calibrated,0.529819,0.090069,6.5002,7.1118,0.0,0.6116
3149,5,12,5,weather_driven,historically_calibrated,0.525474,0.089331,6.463,7.2312,0.0,0.7682
3150,5,12,6,weather_driven,historically_calibrated,0.525835,0.089392,6.4661,7.3613,0.0091,0.8861
3151,5,12,7,weather_driven,historically_calibrated,0.674954,0.114742,7.6557,8.866,0.0531,1.1571
3152,5,12,8,weather_driven,historically_calibrated,0.58544,0.099525,6.9626,8.8511,0.1335,1.755
3153,5,12,9,weather_driven,historically_calibrated,0.394998,0.06715,5.2568,8.5392,0.2216,3.0608
3154,5,12,10,weather_driven,historically_calibrated,0.196895,0.033472,2.9962,8.0519,0.3538,4.702
3155,5,12,11,weather_driven,historically_calibrated,0.133645,0.02272,2.1187,7.6139,0.4069,5.0882
3156,5,12,12,weather_driven,historically_calibrated,0.075259,0.012794,1.2151,7.1418,0.4316,5.4951
3157,5,12,13,weather_driven,historically_calibrated,0.011912,0.002025,0.1061,6.7282,0.4769,6.1452
3158,5,12,14,weather_driven,historically_calibrated,-0.005201,-0.000884,-0.2214,6.8796,0.4951,6.6059
3159,5,12,15,weather_driven,historically_calibrated,-0.035681,-0.006066,-0.8394,7.4105,0.3927,7.8572
3160,5,12,16,weather_driven,historically_calibrated,-0.004462,-0.000759,-0.207,8.2135,0.2955,8.125
3161,5,12,17,weather_driven,historically_calibrated,0.230332,0.039156,3.4245,8.9222,0.2087,5.2891
3162,5,12,18,weather_driven,historically_calibrated,0.068132,0.011582,1.0976,9.36,0.1374,8.125
3163,5,12,19,weather_driven,historically_calibrated,0.085847,0.014594,1.3865,9.5763,0.0648,8.125
3164,5,12,20,weather_driven,historically_calibrated,0.605075,0.102863,7.1198,10.3487,0.0246,3.2043
3165,5,12,21,weather_driven,historically_calibrated,0.438865,0.074607,5.6826,10.2002,0.0013,4.5164
3166,5,12,22,weather_driven,historically_calibrated,0.426133,0.072443,5.5613,9.897,0.0,4.3358
3167,5,12,23,weather_driven,historically_calibrated,0.431573,0.073367,5.6133,9.6024,0.0,3.9891
3168,5,12,24,weather_driven,historically_calibrated,0.311585,0.052969,4.3801,7.7322,0.0,3.3521
3169,5,13,1,weather_driven,historically_calibrated,0.305365,0.051912,4.3108,7.3716,0.0,3.0608
3170,5,13,2,weather_driven,historically_calibrated,0.238737,0.040585,3.5287,7.1901,0.0,3.6614
3171,5,13,3,weather_driven,historically_calibrated,0.19966,0.033942,3.0325,7.0215,0.0,3.9891
3172,5,13,4,weather_driven,historically_calibrated,0.174822,0.02972,2.7006,7.0363,0.0,4.3358
3173,5,13,5,weather_driven,historically_calibrated,0.031382,0.005335,0.4633,7.3079,0.0,6.8447
3174,5,13,6,weather_driven,historically_calibrated,-0.004985,-0.000847,-0.2172,7.9143,0.0065,8.125
3175,5,13,7,weather_driven,historically_calibrated,0.092745,0.015767,1.4964,9.6525,0.0311,8.125
3176,5,13,8,weather_driven,historically_calibrated,0.101059,0.01718,1.6268,9.8101,0.0583,8.125
3177,5,13,9,weather_driven,historically_calibrated,0.094591,0.01608,1.5255,9.7127,0.0622,8.125
3178,5,13,10,weather_driven,historically_calibrated,0.142713,0.024261,2.2504,9.6688,0.0791,7.3393
3179,5,13,11,weather_driven,historically_calibrated,0.206674,0.035135,3.1238,9.3895,0.1205,6.1452
3180,5,13,12,weather_driven,historically_calibrated,0.314587,0.05348,4.4133,9.4523,0.1464,4.8926
3181,5,13,13,weather_driven,historically_calibrated,0.445318,0.075704,5.7434,9.0604,0.1128,3.2043
3182,5,13,14,weather_driven,historically_calibrated,0.616194,0.104753,7.2074,8.9431,0.1685,1.5671
3183,5,13,15,weather_driven,historically_calibrated,0.772591,0.13134,8.3499,9.1847,0.1737,0.6611
3184,5,13,16,weather_driven,historically_calibrated,0.589157,0.100157,6.9926,9.5452,0.1452,2.4074
3185,5,13,17,weather_driven,historically_calibrated,0.396927,0.067478,5.276,9.8818,0.0894,4.5164
3186,5,13,18,weather_driven,historically_calibrated,0.372654,0.063351,5.031,10.1841,0.0648,5.0882
3187,5,13,19,weather_driven,historically_calibrated,0.594678,0.101095,7.0369,10.5764,0.035,3.5045
3188,5,13,20,weather_driven,historically_calibrated,0.720894,0.122552,7.9897,10.4036,0.0065,2.4074
3189,5,13,21,weather_driven,historically_calibrated,0.884338,0.150338,9.078,10.0936,0.0,1.0156
3190,5,13,22,weather_driven,historically_calibrated,0.893112,0.151829,9.1325,9.8458,0.0,0.7133
3191,5,13,23,weather_driven,historically_calibrated,0.812568,0.138137,8.6179,9.5041,0.0,0.8861
3192,5,13,24,weather_driven,historically_calibrated,0.549236,0.09337,6.6647,7.6141,0.0,0.9494
3193,5,14,1,weather_driven,historically_calibrated,0.587835,0.099932,6.982,7.9314,0.0,0.9494
3194,5,14,2,weather_driven,historically_calibrated,0.624976,0.106246,7.276,7.9372,0.0,0.6611
3195,5,14,3,weather_driven,historically_calibrated,0.646193,0.109853,7.4394,7.9172,0.0,0.4779
3196,5,14,4,weather_driven,historically_calibrated,0.648585,0.110259,7.4576,7.9354,0.0,0.4779
3197,5,14,5,weather_driven,historically_calibrated,0.637594,0.108391,7.3736,7.9851,0.0,0.6116
3198,5,14,6,weather_driven,historically_calibrated,0.654037,0.111186,7.4989,8.0014,0.0246,0.4779
3199,5,14,7,weather_driven,historically_calibrated,0.852572,0.144937,8.8776,9.4232,0.1076,0.4381
3200,5,14,8,weather_driven,historically_calibrated,0.780378,0.132664,8.4028,8.9624,0.1944,0.3652
3201,5,14,9,weather_driven,historically_calibrated,0.671465,0.114149,7.6298,8.3944,0.3266,0.4381
3202,5,14,10,weather_driven,historically_calibrated,0.600866,0.102147,7.0863,7.9832,0.4964,0.4005
3203,5,14,11,weather_driven,historically_calibrated,0.536555,0.091214,6.5577,7.3109,0.4523,0.3009
3204,5,14,12,weather_driven,historically_calibrated,0.523601,0.089012,6.4469,7.1349,0.534,0.1541
3205,5,14,13,weather_driven,historically_calibrated,0.502284,0.085388,6.2613,7.0546,0.5975,0.1959
3206,5,14,14,weather_driven,historically_calibrated,0.509223,0.086568,6.3221,7.1127,0.3525,0.4381
3207,5,14,15,weather_driven,historically_calibrated,0.538294,0.09151,6.5724,7.3049,0.4316,0.3009
3208,5,14,16,weather_driven,historically_calibrated,0.572237,0.09728,6.8552,7.5916,0.4355,0.3009
3209,5,14,17,weather_driven,historically_calibrated,0.664362,0.112942,7.5767,7.9017,0.2359,0.0892
3210,5,14,18,weather_driven,historically_calibrated,0.712857,0.121186,7.9323,8.1434,0.2074,0.0038
3211,5,14,19,weather_driven,historically_calibrated,0.740579,0.125898,8.1288,8.235,0.1063,0.0
3212,5,14,20,weather_driven,historically_calibrated,0.737472,0.12537,8.107,8.1433,0.0363,0.0
3213,5,14,21,weather_driven,historically_calibrated,0.724479,0.123161,8.0152,8.0165,0.0013,0.0
3214,5,14,22,weather_driven,historically_calibrated,0.680635,0.115708,7.6977,7.6977,0.0,0.0
3215,5,14,23,weather_driven,historically_calibrated,0.661125,0.112391,7.5524,7.5524,0.0,0.0
3216,5,14,24,weather_driven,historically_calibrated,0.502654,0.085451,6.2645,6.2645,0.0,0.0
3217,5,15,1,weather_driven,historically_calibrated,0.507544,0.086282,6.3075,6.3075,0.0,0.0
3218,5,15,2,weather_driven,historically_calibrated,0.526821,0.08956,6.4746,6.4746,0.0,0.0
3219,5,15,3,weather_driven,historically_calibrated,0.54318,0.092341,6.6137,6.6137,0.0,0.0
3220,5,15,4,weather_driven,historically_calibrated,0.558904,0.095014,6.7453,6.7453,0.0,0.0
3221,5,15,5,weather_driven,historically_calibrated,0.562493,0.095624,6.775,6.775,0.0,0.0
3222,5,15,6,weather_driven,historically_calibrated,0.551651,0.093781,6.6849,6.7134,0.0285,0.0
3223,5,15,7,weather_driven,historically_calibrated,0.635421,0.108022,7.3568,7.4463,0.0894,0.0
3224,5,15,8,weather_driven,historically_calibrated,0.630705,0.10722,7.3205,7.4812,0.1607,0.0
3225,5,15,9,weather_driven,historically_calibrated,0.62532,0.106304,7.2787,7.5625,0.2838,0.0
3226,5,15,10,weather_driven,historically_calibrated,0.602442,0.102415,7.0989,7.489,0.3901,0.0
3227,5,15,11,weather_driven,historically_calibrated,0.567122,0.096411,6.8132,7.3109,0.4977,0.0
3228,5,15,12,weather_driven,historically_calibrated,0.561973,0.095535,6.7707,7.1349,0.3642,0.0
3229,5,15,13,weather_driven,historically_calibrated,0.560257,0.095244,6.7565,7.0546,0.2981,0.0
3230,5,15,14,weather_driven,historically_calibrated,0.539492,0.091714,6.5826,7.1127,0.5301,0.0001
3231,5,15,15,weather_driven,historically_calibrated,0.59045,0.100376,7.003,7.3049,0.2981,0.0038
3232,5,15,16,weather_driven,historically_calibrated,0.580573,0.098697,6.9232,7.5916,0.3966,0.2718
3233,5,15,17,weather_driven,historically_calibrated,0.635821,0.10809,7.3599,7.9017,0.1413,0.4005
3234,5,15,18,weather_driven,historically_calibrated,0.68904,0.117137,7.7596,8.1434,0.0829,0.3009
3235,5,15,19,weather_driven,historically_calibrated,0.658816,0.111999,7.535,8.235,0.0389,0.6611
3236,5,15,20,weather_driven,historically_calibrated,0.672392,0.114307,7.6366,8.3224,0.0246,0.6611
3237,5,15,21,weather_driven,historically_calibrated,0.666658,0.113332,7.5939,8.48,0.0,0.8861
3238,5,15,22,weather_driven,historically_calibrated,0.600337,0.102057,7.0821,8.0315,0.0,0.9494
3239,5,15,23,weather_driven,historically_calibrated,0.56179,0.095504,6.7692,7.9264,0.0,1.1571
3240,5,15,24,weather_driven,historically_calibrated,0.456549,0.077613,5.8481,6.8637,0.0,1.0156
3241,5,16,1,weather_driven,historically_calibrated,0.365599,0.062152,4.9584,6.7134,0.0,1.755
3242,5,16,2,weather_driven,historically_calibrated,0.508554,0.086454,6.3163,6.8808,0.0,0.5645
3243,5,16,3,weather_driven,historically_calibrated,0.401474,0.068251,5.321,6.9803,0.0,1.6593
3244,5,16,4,weather_driven,historically_calibrated,0.459547,0.078123,5.8758,7.443,0.0,1.5671
3245,5,16,5,weather_driven,historically_calibrated,0.384999,0.06545,5.1565,7.9434,0.0,2.7869
3246,5,16,6,weather_driven,historically_calibrated,0.593944,0.10097,7.0311,8.3449,0.0026,1.3112
3247,5,16,7,weather_driven,historically_calibrated,0.693386,0.117876,7.7914,10.3315,0.0104,2.5298
3248,5,16,8,weather_driven,historically_calibrated,0.795105,0.135168,8.5019,10.718,0.0415,2.1746
3249,5,16,9,weather_driven,historically_calibrated,0.652167,0.110868,7.4848,10.89,0.0531,3.3521
3250,5,16,10,weather_driven,historically_calibrated,0.694829,0.118121,7.8019,10.6743,0.0855,2.7869
3251,5,16,11,weather_driven,historically_calibrated,0.65539,0.111416,7.5092,10.4205,0.1244,2.7869
3252,5,16,12,weather_driven,historically_calibrated,0.616838,0.104863,7.2125,10.1173,0.1179,2.7869
3253,5,16,13,weather_driven,historically_calibrated,0.603175,0.10254,7.1047,9.7965,0.162,2.5298
3254,5,16,14,weather_driven,historically_calibrated,0.616219,0.104757,7.2076,10.0337,0.1698,2.6563
3255,5,16,15,weather_driven,historically_calibrated,0.71041,0.12077,7.9147,10.3048,0.1011,2.289
3256,5,16,16,weather_driven,historically_calibrated,0.703744,0.119636,7.8666,10.7092,0.0557,2.7869
3257,5,16,17,weather_driven,historically_calibrated,0.702812,0.119478,7.8599,11.0888,0.0246,3.2043
3258,5,16,18,weather_driven,historically_calibrated,0.76802,0.130563,8.3187,11.7266,0.0557,3.3521
3259,5,16,19,weather_driven,historically_calibrated,1.097175,0.18652,10.307,12.2812,0.0168,1.9573
3260,5,16,20,weather_driven,historically_calibrated,1.2162,0.206754,10.9212,12.3235,0.0091,1.3932
3261,5,16,21,weather_driven,historically_calibrated,1.106143,0.188044,10.3549,12.0142,0.0,1.6593
3262,5,16,22,weather_driven,historically_calibrated,0.968167,0.164588,9.5844,11.759,0.0,2.1746
3263,5,16,23,weather_driven,historically_calibrated,0.842937,0.143299,8.8158,11.3456,0.0,2.5298
3264,5,16,24,weather_driven,historically_calibrated,0.6506,0.110602,7.4729,9.1322,0.0,1.6593
3265,5,17,1,weather_driven,historically_calibrated,0.593678,0.100925,7.0289,8.7839,0.0,1.755
3266,5,17,2,weather_driven,historically_calibrated,0.529943,0.09009,6.5013,8.7903,0.0,2.289
3267,5,17,3,weather_driven,historically_calibrated,0.533089,0.090625,6.5282,8.9356,0.0,2.4074
3268,5,17,4,weather_driven,historically_calibrated,0.560007,0.095201,6.7545,9.0435,0.0,2.289
3269,5,17,5,weather_driven,historically_calibrated,0.606514,0.103107,7.1312,9.1952,0.0,2.0641
3270,5,17,6,weather_driven,historically_calibrated,0.61154,0.103962,7.1709,9.4612,0.0013,2.289
3271,5,17,7,weather_driven,historically_calibrated,0.827364,0.140652,8.7149,11.507,0.0052,2.7869
3272,5,17,8,weather_driven,historically_calibrated,0.822433,0.139814,8.6827,11.7604,0.0168,3.0608
3273,5,17,9,weather_driven,historically_calibrated,0.718644,0.122169,7.9737,11.8328,0.0363,3.8229
3274,5,17,10,weather_driven,historically_calibrated,0.877925,0.149247,9.0379,11.6079,0.0402,2.5298
3275,5,17,11,weather_driven,historically_calibrated,0.833795,0.141745,8.7567,11.3319,0.0454,2.5298
3276,5,17,12,weather_driven,historically_calibrated,0.773423,0.131482,8.3556,10.8498,0.0868,2.4074
3277,5,17,13,weather_driven,historically_calibrated,0.725617,0.123355,8.0233,10.4173,0.105,2.289
3278,5,17,14,weather_driven,historically_calibrated,0.721328,0.122626,7.9928,10.3466,0.0648,2.289
3279,5,17,15,weather_driven,historically_calibrated,0.755125,0.128371,8.23,10.4655,0.0609,2.1746
3280,5,17,16,weather_driven,historically_calibrated,0.956559,0.162615,9.5162,10.5979,0.0661,1.0156
3281,5,17,17,weather_driven,historically_calibrated,1.055526,0.179439,10.0807,10.9149,0.0661,0.7682
3282,5,17,18,weather_driven,historically_calibrated,1.220868,0.207548,10.9444,11.3682,0.0233,0.4005
3283,5,17,19,weather_driven,historically_calibrated,1.291012,0.219472,11.2848,11.8584,0.0091,0.5645
3284,5,17,20,weather_driven,historically_calibrated,1.323686,0.225027,11.4387,11.9652,0.0065,0.52
3285,5,17,21,weather_driven,historically_calibrated,1.231477,0.209351,10.9968,11.4349,0.0,0.4381
3286,5,17,22,weather_driven,historically_calibrated,1.179134,0.200453,10.7349,11.0358,0.0,0.3009
3287,5,17,23,weather_driven,historically_calibrated,1.143272,0.194356,10.5504,10.7045,0.0,0.1541
3288,5,17,24,weather_driven,historically_calibrated,0.786538,0.133711,8.4444,8.6186,0.0,0.1741
3289,5,18,1,weather_driven,historically_calibrated,0.742394,0.126207,8.1415,8.3374,0.0,0.1959
3290,5,18,2,weather_driven,historically_calibrated,0.735436,0.125024,8.0927,8.4247,0.0,0.332
3291,5,18,3,weather_driven,historically_calibrated,0.733859,0.124756,8.0816,8.4468,0.0,0.3652
3292,5,18,4,weather_driven,historically_calibrated,0.726707,0.12354,8.031,8.551,0.0,0.52
3293,5,18,5,weather_driven,historically_calibrated,0.780581,0.132699,8.4042,8.7362,0.0,0.332
3294,5,18,6,weather_driven,historically_calibrated,0.831472,0.14135,8.7417,8.9889,0.0026,0.2447
3295,5,18,7,weather_driven,historically_calibrated,1.204787,0.204814,10.8643,10.9727,0.0052,0.1032
3296,5,18,8,weather_driven,historically_calibrated,1.273573,0.216507,11.2015,11.2666,0.0104,0.0548
3297,5,18,9,weather_driven,historically_calibrated,1.285289,0.218499,11.2576,11.2782,0.0168,0.0038
3298,5,18,10,weather_driven,historically_calibrated,1.257734,0.213815,11.1251,11.1686,0.0428,0.0007
3299,5,18,11,weather_driven,historically_calibrated,1.146328,0.194876,10.5663,10.6349,0.0648,0.0038
3300,5,18,12,weather_driven,historically_calibrated,0.995045,0.169158,9.7404,9.8557,0.1153,0.0
3301,5,18,13,weather_driven,historically_calibrated,0.848729,0.144284,8.853,9.1757,0.3227,0.0
3302,5,18,14,weather_driven,historically_calibrated,0.823265,0.139955,8.6882,9.147,0.4588,0.0
3303,5,18,15,weather_driven,historically_calibrated,0.819314,0.139283,8.6623,8.9656,0.3033,0.0
3304,5,18,16,weather_driven,historically_calibrated,0.816692,0.138838,8.6451,9.0391,0.394,0.0
3305,5,18,17,weather_driven,historically_calibrated,0.897625,0.152596,9.1604,9.4663,0.3059,0.0
3306,5,18,18,weather_driven,historically_calibrated,1.004837,0.170822,9.7964,9.9947,0.1983,0.0
3307,5,18,19,weather_driven,historically_calibrated,1.142608,0.194243,10.547,10.6506,0.1037,0.0
3308,5,18,20,weather_driven,historically_calibrated,1.213643,0.206319,10.9085,10.95,0.0415,0.0
3309,5,18,21,weather_driven,historically_calibrated,1.273096,0.216426,11.1992,11.2031,0.0039,0.0
3310,5,18,22,weather_driven,historically_calibrated,1.250805,0.212637,11.0914,11.0914,0.0,0.0
3311,5,18,23,weather_driven,historically_calibrated,1.183673,0.201224,10.7579,10.7579,0.0,0.0
3312,5,18,24,weather_driven,historically_calibrated,0.832244,0.141482,8.7467,8.747,0.0,0.0003
3313,5,19,1,weather_driven,historically_calibrated,0.691381,0.117535,7.7767,7.7824,0.0,0.0057
3314,5,19,2,weather_driven,historically_calibrated,0.702101,0.119357,7.8547,7.8628,0.0,0.0081
3315,5,19,3,weather_driven,historically_calibrated,0.717472,0.12197,7.9653,7.9959,0.0,0.0306
3316,5,19,4,weather_driven,historically_calibrated,0.722944,0.122901,8.0043,8.0935,0.0,0.0892
3317,5,19,5,weather_driven,historically_calibrated,0.720451,0.122477,7.9866,8.0757,0.0,0.0892
3318,5,19,6,weather_driven,historically_calibrated,0.713474,0.121291,7.9367,8.0723,0.0324,0.1032
3319,5,19,7,weather_driven,historically_calibrated,0.878492,0.149344,9.0415,9.4067,0.1205,0.2447
3320,5,19,8,weather_driven,historically_calibrated,0.785035,0.133456,8.4343,9.2044,0.2501,0.52
3321,5,19,9,weather_driven,historically_calibrated,0.642119,0.10916,7.4083,8.6923,0.3979,0.8861
3322,5,19,10,weather_driven,historically_calibrated,0.520269,0.088446,6.4181,8.0014,0.5676,1.0156
3323,5,19,11,weather_driven,historically_calibrated,0.416509,0.070806,5.4683,7.2686,0.7154,1.0848
3324,5,19,12,weather_driven,historically_calibrated,0.354937,0.060339,4.8475,6.5641,0.7672,0.9494
3325,5,19,13,weather_driven,historically_calibrated,0.350474,0.059581,4.8006,6.4902,0.8035,0.8861
3326,5,19,14,weather_driven,historically_calibrated,0.300629,0.051107,4.2576,6.5437,0.8929,1.3932
3327,5,19,15,weather_driven,historically_calibrated,0.37026,0.062944,5.0065,6.7205,0.7646,0.9494
3328,5,19,16,weather_driven,historically_calibrated,0.417927,0.071048,5.4821,6.9843,0.4173,1.0848
3329,5,19,17,weather_driven,historically_calibrated,0.477373,0.081153,6.0388,7.2696,0.2151,1.0156
3330,5,19,18,weather_driven,historically_calibrated,0.49288,0.08379,6.178,7.492,0.1568,1.1571
3331,5,19,19,weather_driven,historically_calibrated,0.509489,0.086613,6.3245,7.5762,0.0946,1.1571
3332,5,19,20,weather_driven,historically_calibrated,0.466884,0.07937,5.9433,7.5467,0.0363,1.5671
3333,5,19,21,weather_driven,historically_calibrated,0.427572,0.072687,5.5751,7.6417,0.0026,2.0641
3334,5,19,22,weather_driven,historically_calibrated,0.339264,0.057675,4.6816,7.3378,0.0,2.6563
3335,5,19,23,weather_driven,historically_calibrated,0.377522,0.064179,5.0808,7.1448,0.0,2.0641
3336,5,19,24,weather_driven,historically_calibrated,0.343584,0.058409,4.7276,5.9602,0.0,1.2326
3337,5,20,1,weather_driven,historically_calibrated,0.382029,0.064945,5.1265,5.9523,0.0,0.8257
3338,5,20,2,weather_driven,historically_calibrated,0.38988,0.06628,5.2056,6.0314,0.0,0.8257
3339,5,20,3,weather_driven,historically_calibrated,0.4388,0.074596,5.6819,6.0472,0.0,0.3652
3340,5,20,4,weather_driven,historically_calibrated,0.477244,0.081132,6.0377,6.0924,0.0,0.0548
3341,5,20,5,weather_driven,historically_calibrated,0.467824,0.07953,5.9519,6.0411,0.0,0.0892
3342,5,20,6,weather_driven,historically_calibrated,0.442272,0.075186,5.7147,5.9788,0.0194,0.2447
3343,5,20,7,weather_driven,historically_calibrated,0.512156,0.087066,6.3477,6.7031,0.0544,0.3009
3344,5,20,8,weather_driven,historically_calibrated,0.533964,0.090774,6.5356,6.8827,0.1024,0.2447
3345,5,20,9,weather_driven,historically_calibrated,0.527412,0.08966,6.4796,6.9575,0.2061,0.2718
3346,5,20,10,weather_driven,historically_calibrated,0.488409,0.083029,6.1381,6.8899,0.3512,0.4005
3347,5,20,11,weather_driven,historically_calibrated,0.481299,0.081821,6.0743,6.726,0.4977,0.1541
3348,5,20,12,weather_driven,historically_calibrated,0.461545,0.078463,5.8943,6.5641,0.6506,0.0193
3349,5,20,13,weather_driven,historically_calibrated,0.410588,0.0698,5.4107,6.4902,0.6415,0.4381
3350,5,20,14,weather_driven,historically_calibrated,0.385925,0.065607,5.1659,6.5437,0.5521,0.8257
3351,5,20,15,weather_driven,historically_calibrated,0.430207,0.073135,5.6003,6.7205,0.4069,0.7133
3352,5,20,16,weather_driven,historically_calibrated,0.461638,0.078478,5.8951,6.9843,0.3758,0.7133
3353,5,20,17,weather_driven,historically_calibrated,0.536596,0.091221,6.558,7.2696,0.311,0.4005
3354,5,20,18,weather_driven,historically_calibrated,0.508182,0.086391,6.313,7.492,0.1633,1.0156
3355,5,20,19,weather_driven,historically_calibrated,0.596639,0.101429,7.0526,7.5762,0.0855,0.4381
3356,5,20,20,weather_driven,historically_calibrated,0.648507,0.110246,7.457,7.4918,0.0156,0.0193
3357,5,20,21,weather_driven,historically_calibrated,0.624019,0.106083,7.2686,7.2686,0.0,0.0
3358,5,20,22,weather_driven,historically_calibrated,0.587537,0.099881,6.9796,6.9796,0.0,0.0
3359,5,20,23,weather_driven,historically_calibrated,0.553754,0.094138,6.7024,6.7024,0.0,0.0
3360,5,20,24,weather_driven,historically_calibrated,0.406398,0.069088,5.3696,5.3696,0.0,0.0
3361,5,21,1,weather_driven,historically_calibrated,0.423515,0.071998,5.5361,5.5361,0.0,0.0
3362,5,21,2,weather_driven,historically_calibrated,0.423935,0.072069,5.5401,5.5401,0.0,0.0
3363,5,21,3,weather_driven,historically_calibrated,0.425445,0.072326,5.5546,5.5546,0.0,0.0
3364,5,21,4,weather_driven,historically_calibrated,0.442762,0.07527,5.7193,5.7193,0.0,0.0
3365,5,21,5,weather_driven,historically_calibrated,0.439664,0.074743,5.6901,5.6901,0.0,0.0
3366,5,21,6,weather_driven,historically_calibrated,0.454745,0.077307,5.8314,5.8547,0.0233,0.0
3367,5,21,7,weather_driven,historically_calibrated,0.619105,0.105248,7.2302,7.286,0.0557,0.0
3368,5,21,8,weather_driven,historically_calibrated,0.637,0.10829,7.369,7.4812,0.1115,0.0007
3369,5,21,9,weather_driven,historically_calibrated,0.627724,0.106713,7.2974,7.5625,0.2346,0.0306
3370,5,21,10,weather_driven,historically_calibrated,0.649881,0.11048,7.4674,7.9084,0.3953,0.0457
3371,5,21,11,weather_driven,historically_calibrated,0.625825,0.10639,7.2826,8.0274,0.6415,0.1032
3372,5,21,12,weather_driven,historically_calibrated,0.627862,0.106737,7.2984,8.1338,0.7167,0.1187
3373,5,21,13,weather_driven,historically_calibrated,0.60654,0.103112,7.1314,7.9764,0.8074,0.0376
3374,5,21,14,weather_driven,historically_calibrated,0.638372,0.108523,7.3795,8.0753,0.6765,0.0193
3375,5,21,15,weather_driven,historically_calibrated,0.771905,0.131224,8.3452,8.873,0.473,0.0548
3376,5,21,16,weather_driven,historically_calibrated,0.715967,0.121714,7.9545,8.6899,0.5612,0.1741
3377,5,21,17,weather_driven,historically_calibrated,0.753764,0.12814,8.2206,8.8605,0.3681,0.2718
3378,5,21,18,weather_driven,historically_calibrated,0.854508,0.145266,8.8899,9.1315,0.2359,0.0057
3379,5,21,19,weather_driven,historically_calibrated,0.737437,0.125364,8.1067,8.235,0.1283,0.0
3380,5,21,20,weather_driven,historically_calibrated,0.736131,0.125142,8.0975,8.1433,0.0376,0.0081
3381,5,21,21,weather_driven,historically_calibrated,0.701779,0.119302,7.8524,7.9006,0.0026,0.0457
3382,5,21,22,weather_driven,historically_calibrated,0.658378,0.111924,7.5317,7.5865,0.0,0.0548
3383,5,21,23,weather_driven,historically_calibrated,0.624257,0.106124,7.2704,7.2853,0.0,0.0148
3384,5,21,24,weather_driven,historically_calibrated,0.455298,0.077401,5.8365,5.8365,0.0,0.0
3385,5,22,1,weather_driven,historically_calibrated,0.423515,0.071998,5.5361,5.5361,0.0,0.0
3386,5,22,2,weather_driven,historically_calibrated,0.423935,0.072069,5.5401,5.5401,0.0,0.0
3387,5,22,3,weather_driven,historically_calibrated,0.425445,0.072326,5.5546,5.5546,0.0,0.0
3388,5,22,4,weather_driven,historically_calibrated,0.429783,0.073063,5.5962,5.5962,0.0,0.0
3389,5,22,5,weather_driven,historically_calibrated,0.439527,0.07472,5.6888,5.6901,0.0013,0.0
3390,5,22,6,weather_driven,historically_calibrated,0.453072,0.077022,5.8158,5.8547,0.0389,0.0
3391,5,22,7,weather_driven,historically_calibrated,0.611346,0.103929,7.1693,7.286,0.1166,0.0
3392,5,22,8,weather_driven,historically_calibrated,0.626357,0.106481,7.2868,7.4812,0.1944,0.0
3393,5,22,9,weather_driven,historically_calibrated,0.624154,0.106106,7.2696,7.5625,0.2929,0.0
3394,5,22,10,weather_driven,historically_calibrated,0.664867,0.113027,7.5805,7.9084,0.3279,0.0
3395,5,22,11,weather_driven,historically_calibrated,0.56099,0.095368,6.7626,7.3109,0.5482,0.0001
3396,5,22,12,weather_driven,historically_calibrated,0.692472,0.11772,7.7847,8.0672,0.2825,0.0
3397,5,22,13,weather_driven,historically_calibrated,0.611628,0.103977,7.1716,8.0752,0.9033,0.0003
3398,5,22,14,weather_driven,historically_calibrated,0.689301,0.117181,7.7615,8.6396,0.8774,0.0007
3399,5,22,15,weather_driven,historically_calibrated,0.74434,0.126538,8.1551,8.873,0.718,0.0
3400,5,22,16,weather_driven,historically_calibrated,0.733864,0.124757,8.0816,8.6544,0.5728,0.0
3401,5,22,17,weather_driven,historically_calibrated,0.660254,0.112243,7.5458,7.9017,0.3447,0.0111
3402,5,22,18,weather_driven,historically_calibrated,0.748687,0.127277,8.1853,8.3823,0.1205,0.0764
3403,5,22,19,weather_driven,historically_calibrated,0.742283,0.126188,8.1407,8.235,0.0052,0.0892
3404,5,22,20,weather_driven,historically_calibrated,0.737759,0.125419,8.109,8.1433,0.0194,0.0148
3405,5,22,21,weather_driven,historically_calibrated,0.708098,0.120377,7.898,7.9006,0.0026,0.0
3406,5,22,22,weather_driven,historically_calibrated,0.665668,0.113164,7.5865,7.5865,0.0,0.0
3407,5,22,23,weather_driven,historically_calibrated,0.626165,0.106448,7.2853,7.2853,0.0,0.0
3408,5,22,24,weather_driven,historically_calibrated,0.455298,0.077401,5.8365,5.8365,0.0,0.0
3409,5,23,1,weather_driven,historically_calibrated,0.427742,0.072716,5.5767,5.5767,0.0,0.0
3410,5,23,2,weather_driven,historically_calibrated,0.467222,0.079428,5.9464,5.9464,0.0,0.0
3411,5,23,3,weather_driven,historically_calibrated,0.464479,0.078961,5.9213,5.9213,0.0,0.0
3412,5,23,4,weather_driven,historically_calibrated,0.469317,0.079784,5.9656,5.9656,0.0,0.0
3413,5,23,5,weather_driven,historically_calibrated,0.484836,0.082422,6.1061,6.1074,0.0013,0.0
3414,5,23,6,weather_driven,historically_calibrated,0.466602,0.079322,5.9407,5.9835,0.0428,0.0
3415,5,23,7,weather_driven,historically_calibrated,0.610195,0.103733,7.1603,7.286,0.1257,0.0
3416,5,23,8,weather_driven,historically_calibrated,0.61904,0.105237,7.2297,7.4812,0.2514,0.0
3417,5,23,9,weather_driven,historically_calibrated,0.608124,0.103381,7.1439,7.5625,0.4186,0.0
3418,5,23,10,weather_driven,historically_calibrated,0.578908,0.098414,6.9097,7.489,0.5793,0.0
3419,5,23,11,weather_driven,historically_calibrated,0.542708,0.09226,6.6098,7.3109,0.7011,0.0
3420,5,23,12,weather_driven,historically_calibrated,0.513999,0.08738,6.3638,7.1349,0.7711,0.0
3421,5,23,13,weather_driven,historically_calibrated,0.512992,0.087209,6.355,7.1534,0.7983,0.0
3422,5,23,14,weather_driven,historically_calibrated,0.533281,0.090658,6.5298,7.1791,0.6493,0.0
3423,5,23,15,weather_driven,historically_calibrated,0.567813,0.096528,6.8189,7.3049,0.486,0.0
3424,5,23,16,weather_driven,historically_calibrated,0.63378,0.107743,7.3442,7.5916,0.2229,0.0245
3425,5,23,17,weather_driven,historically_calibrated,0.674189,0.114612,7.65,7.9017,0.2061,0.0457
3426,5,23,18,weather_driven,historically_calibrated,0.712667,0.121153,7.9309,8.1434,0.2125,0.0
3427,5,23,19,weather_driven,historically_calibrated,0.732355,0.1245,8.071,8.235,0.1335,0.0306
3428,5,23,20,weather_driven,historically_calibrated,0.735443,0.125025,8.0927,8.1433,0.0505,0.0
3429,5,23,21,weather_driven,historically_calibrated,0.707738,0.120316,7.8954,7.9006,0.0052,0.0
3430,5,23,22,weather_driven,historically_calibrated,0.774653,0.131691,8.364,8.3653,0.0,0.0014
3431,5,23,23,weather_driven,historically_calibrated,0.801257,0.136214,8.543,8.5675,0.0,0.0245
3432,5,23,24,weather_driven,historically_calibrated,0.61585,0.104694,7.2047,7.2061,0.0,0.0014
3433,5,24,1,weather_driven,historically_calibrated,0.605405,0.102919,7.1224,7.16,0.0,0.0376
3434,5,24,2,weather_driven,historically_calibrated,0.61451,0.104467,7.1942,7.3684,0.0,0.1741
3435,5,24,3,weather_driven,historically_calibrated,0.635146,0.107975,7.3547,7.5506,0.0,0.1959
3436,5,24,4,weather_driven,historically_calibrated,0.684082,0.116294,7.7232,7.8123,0.0,0.0892
3437,5,24,5,weather_driven,historically_calibrated,0.710988,0.120868,7.9188,7.9851,0.0013,0.065
3438,5,24,6,weather_driven,historically_calibrated,0.69103,0.117475,7.7741,8.0014,0.0531,0.1741
3439,5,24,7,weather_driven,historically_calibrated,0.885479,0.150531,9.0851,9.3698,0.149,0.1356
3440,5,24,8,weather_driven,historically_calibrated,0.839004,0.142631,8.7904,9.2367,0.2722,0.1741
3441,5,24,9,weather_driven,historically_calibrated,0.778187,0.132292,8.388,8.949,0.4069,0.1541
3442,5,24,10,weather_driven,historically_calibrated,0.694394,0.118047,7.7987,8.5324,0.5378,0.1959
3443,5,24,11,weather_driven,historically_calibrated,0.578962,0.098424,6.9101,7.7398,0.5288,0.3009
3444,5,24,12,weather_driven,historically_calibrated,0.499967,0.084994,6.2408,7.2919,0.613,0.4381
3445,5,24,13,weather_driven,historically_calibrated,0.452927,0.076998,5.8145,7.0546,0.6286,0.6116
3446,5,24,14,weather_driven,historically_calibrated,0.449813,0.076468,5.7854,7.1127,0.6661,0.6611
3447,5,24,15,weather_driven,historically_calibrated,0.462636,0.078648,5.9043,7.3049,0.6324,0.7682
3448,5,24,16,weather_driven,historically_calibrated,0.528746,0.089887,6.4911,7.6473,0.4951,0.6611
3449,5,24,17,weather_driven,historically_calibrated,0.608599,0.103462,7.1477,8.1915,0.3305,0.7133
3450,5,24,18,weather_driven,historically_calibrated,0.747365,0.127052,8.1761,8.8601,0.2061,0.4779
3451,5,24,19,weather_driven,historically_calibrated,0.899048,0.152838,9.1692,9.5032,0.0622,0.2718
3452,5,24,20,weather_driven,historically_calibrated,0.904101,0.153697,9.2003,9.5167,0.0156,0.3009
3453,5,24,21,weather_driven,historically_calibrated,0.883645,0.15022,9.0737,9.407,0.0013,0.332
3454,5,24,22,weather_driven,historically_calibrated,0.844096,0.143496,8.8232,8.9773,0.0,0.1541
3455,5,24,23,weather_driven,historically_calibrated,0.801257,0.136214,8.543,8.5675,0.0,0.0245
3456,5,24,24,weather_driven,historically_calibrated,0.554962,0.094344,6.7125,7.0777,0.0,0.3652
3457,5,25,1,weather_driven,historically_calibrated,0.553662,0.094123,6.7017,6.8758,0.0,0.1741
3458,5,25,2,weather_driven,historically_calibrated,0.552724,0.093963,6.6938,6.7183,0.0,0.0245
3459,5,25,3,weather_driven,historically_calibrated,0.572592,0.097341,6.8581,6.8581,0.0,0.0
3460,5,25,4,weather_driven,historically_calibrated,0.583643,0.099219,6.9481,6.9505,0.0,0.0024
3461,5,25,5,weather_driven,historically_calibrated,0.568244,0.096602,6.8225,7.0671,0.0,0.2447
3462,5,25,6,weather_driven,historically_calibrated,0.525357,0.089311,6.462,7.1857,0.0104,0.7133
3463,5,25,7,weather_driven,historically_calibrated,0.779399,0.132498,8.3962,8.6752,0.0596,0.2194
3464,5,25,8,weather_driven,historically_calibrated,0.764791,0.130015,8.2966,8.6333,0.092,0.2447
3465,5,25,9,weather_driven,historically_calibrated,0.693433,0.117884,7.7917,8.1726,0.2268,0.1541
3466,5,25,10,weather_driven,historically_calibrated,0.550628,0.093607,6.6763,7.489,0.4121,0.4005
3467,5,25,11,weather_driven,historically_calibrated,0.530989,0.090268,6.5102,7.3109,0.556,0.2447
3468,5,25,12,weather_driven,historically_calibrated,0.680019,0.115603,7.6932,8.3383,0.556,0.0892
3469,5,25,13,weather_driven,historically_calibrated,0.646708,0.10994,7.4433,7.7271,0.2462,0.0376
3470,5,25,14,weather_driven,historically_calibrated,0.596788,0.101454,7.0538,7.1127,0.0441,0.0148
3471,5,25,15,weather_driven,historically_calibrated,0.485431,0.082523,6.1114,7.3049,0.5819,0.6116
3472,5,25,16,weather_driven,historically_calibrated,0.625613,0.106354,7.281,7.6473,0.2307,0.1356
3473,5,25,17,weather_driven,historically_calibrated,0.674355,0.11464,7.6512,7.9597,0.232,0.0764
3474,5,25,18,weather_driven,historically_calibrated,0.68525,0.116493,7.7317,8.2032,0.1996,0.2718
3475,5,25,19,weather_driven,historically_calibrated,0.846374,0.143884,8.8379,8.9597,0.1218,0.0
3476,5,25,20,weather_driven,historically_calibrated,0.824266,0.140125,8.6947,8.7404,0.0376,0.0081
3477,5,25,21,weather_driven,historically_calibrated,0.826481,0.140502,8.7092,8.7118,0.0026,0.0
3478,5,25,22,weather_driven,historically_calibrated,0.803409,0.13658,8.5573,8.5879,0.0,0.0306
3479,5,25,23,weather_driven,historically_calibrated,0.776515,0.132007,8.3766,8.4072,0.0,0.0306
3480,5,25,24,weather_driven,historically_calibrated,0.504997,0.08585,6.2851,6.3501,0.0,0.065
3481,5,26,1,weather_driven,historically_calibrated,0.452721,0.076963,5.8126,5.8776,0.0,0.065
3482,5,26,2,weather_driven,historically_calibrated,0.445953,0.075812,5.7493,5.994,0.0,0.2447
3483,5,26,3,weather_driven,historically_calibrated,0.456891,0.077671,5.8513,6.0472,0.0,0.1959
3484,5,26,4,weather_driven,historically_calibrated,0.460595,0.078301,5.8855,6.1302,0.0,0.2447
3485,5,26,5,weather_driven,historically_calibrated,0.483709,0.082231,6.096,6.2714,0.0013,0.1741
3486,5,26,6,weather_driven,historically_calibrated,0.475196,0.080783,6.0191,6.2553,0.0168,0.2194
3487,5,26,7,weather_driven,historically_calibrated,0.583062,0.099121,6.9434,7.293,0.0778,0.2718
3488,5,26,8,weather_driven,historically_calibrated,0.579083,0.098444,6.9111,7.135,0.1348,0.0892
3489,5,26,9,weather_driven,historically_calibrated,0.543738,0.092435,6.6184,7.0596,0.267,0.1741
3490,5,26,10,weather_driven,historically_calibrated,0.512678,0.087155,6.3523,6.8899,0.2929,0.2447
3491,5,26,11,weather_driven,historically_calibrated,0.463176,0.07874,5.9093,6.726,0.4847,0.332
3492,5,26,12,weather_driven,historically_calibrated,0.430738,0.073225,5.6053,6.5641,0.5936,0.3652
3493,5,26,13,weather_driven,historically_calibrated,0.366632,0.062328,4.9691,6.4902,0.753,0.7682
3494,5,26,14,weather_driven,historically_calibrated,0.374528,0.06367,5.0502,6.5437,0.7802,0.7133
3495,5,26,15,weather_driven,historically_calibrated,0.363165,0.061738,4.9332,6.7205,0.7024,1.0848
3496,5,26,16,weather_driven,historically_calibrated,0.478622,0.081366,6.0501,6.9843,0.5689,0.3652
3497,5,26,17,weather_driven,historically_calibrated,0.556404,0.094589,6.7245,7.2696,0.4264,0.1187
3498,5,26,18,weather_driven,historically_calibrated,0.624113,0.106099,7.2693,7.492,0.1335,0.0892
3499,5,26,19,weather_driven,historically_calibrated,0.623022,0.105914,7.2608,7.5762,0.1413,0.1741
3500,5,26,20,weather_driven,historically_calibrated,0.609549,0.103623,7.1552,7.4918,0.0648,0.2718
3501,5,26,21,weather_driven,historically_calibrated,0.61002,0.103703,7.1589,7.2686,0.0065,0.1032
3502,5,26,22,weather_driven,historically_calibrated,0.570861,0.097046,6.8439,6.9796,0.0,0.1356
3503,5,26,23,weather_driven,historically_calibrated,0.530556,0.090195,6.5066,6.7024,0.0,0.1959
3504,5,26,24,weather_driven,historically_calibrated,0.406499,0.069105,5.3706,5.5665,0.0,0.1959
3505,5,27,1,weather_driven,historically_calibrated,0.420684,0.071516,5.5088,5.7282,0.0,0.2194
3506,5,27,2,weather_driven,historically_calibrated,0.444665,0.075593,5.7372,5.9566,0.0,0.2194
3507,5,27,3,weather_driven,historically_calibrated,0.473223,0.080448,6.0012,6.1971,0.0,0.1959
3508,5,27,4,weather_driven,historically_calibrated,0.491407,0.083539,6.1649,6.3189,0.0,0.1541
3509,5,27,5,weather_driven,historically_calibrated,0.507117,0.08621,6.3037,6.425,0.0026,0.1187
3510,5,27,6,weather_driven,historically_calibrated,0.513579,0.087308,6.3601,6.4923,0.0557,0.0764
3511,5,27,7,weather_driven,historically_calibrated,0.587332,0.099847,6.9779,7.1947,0.162,0.0548
3512,5,27,8,weather_driven,historically_calibrated,0.536735,0.091245,6.5592,6.8827,0.2929,0.0306
3513,5,27,9,weather_driven,historically_calibrated,0.532457,0.090518,6.5228,6.9575,0.4199,0.0148
3514,5,27,10,weather_driven,historically_calibrated,0.505843,0.085993,6.2925,6.8899,0.5728,0.0245
3515,5,27,11,weather_driven,historically_calibrated,0.46982,0.079869,5.9702,6.726,0.7102,0.0457
3516,5,27,12,weather_driven,historically_calibrated,0.440369,0.074863,5.6968,6.5641,0.8126,0.0548
3517,5,27,13,weather_driven,historically_calibrated,0.428271,0.072806,5.5818,6.4902,0.832,0.0764
3518,5,27,14,weather_driven,historically_calibrated,0.443707,0.07543,5.7282,6.5437,0.7698,0.0457
3519,5,27,15,weather_driven,historically_calibrated,0.446595,0.075921,5.7553,6.7205,0.6934,0.2718
3520,5,27,16,weather_driven,historically_calibrated,0.507313,0.086243,6.3054,6.9843,0.5897,0.0892
3521,5,27,17,weather_driven,historically_calibrated,0.564962,0.096044,6.7954,7.2696,0.4549,0.0193
3522,5,27,18,weather_driven,historically_calibrated,0.610934,0.103859,7.1661,7.492,0.311,0.0148
3523,5,27,19,weather_driven,historically_calibrated,0.638996,0.108629,7.3843,7.5762,0.1918,0.0001
3524,5,27,20,weather_driven,historically_calibrated,0.641687,0.109087,7.4049,7.4918,0.0868,0.0
3525,5,27,21,weather_driven,historically_calibrated,0.62265,0.10585,7.2579,7.2686,0.0104,0.0003
3526,5,27,22,weather_driven,historically_calibrated,0.587364,0.099852,6.9782,6.9796,0.0,0.0014
3527,5,27,23,weather_driven,historically_calibrated,0.588362,0.100022,6.9862,6.9974,0.0,0.0111
3528,5,27,24,weather_driven,historically_calibrated,0.458494,0.077944,5.8661,5.9209,0.0,0.0548
3529,5,28,1,weather_driven,historically_calibrated,0.526824,0.08956,6.4746,6.551,0.0,0.0764
3530,5,28,2,weather_driven,historically_calibrated,0.545011,0.092652,6.6292,6.7183,0.0,0.0892
3531,5,28,3,weather_driven,historically_calibrated,0.57522,0.097787,6.8796,6.8989,0.0,0.0193
3532,5,28,4,weather_driven,historically_calibrated,0.602004,0.102341,7.0954,7.1147,0.0,0.0193
3533,5,28,5,weather_driven,historically_calibrated,0.60855,0.103453,7.1473,7.1506,0.0026,0.0007
3534,5,28,6,weather_driven,historically_calibrated,0.579437,0.098504,6.914,6.971,0.057,0.0
3535,5,28,7,weather_driven,historically_calibrated,0.649089,0.110345,7.4614,7.6066,0.1452,0.0
3536,5,28,8,weather_driven,historically_calibrated,0.615731,0.104674,7.2038,7.4812,0.2773,0.0
3537,5,28,9,weather_driven,historically_calibrated,0.605504,0.102936,7.1232,7.5625,0.4393,0.0
3538,5,28,10,weather_driven,historically_calibrated,0.574298,0.097631,6.8721,7.489,0.6169,0.0
3539,5,28,11,weather_driven,historically_calibrated,0.535975,0.091116,6.5527,7.3109,0.7582,0.0
3540,5,28,12,weather_driven,historically_calibrated,0.571585,0.097169,6.8499,7.6677,0.8178,0.0
3541,5,28,13,weather_driven,historically_calibrated,0.560565,0.095296,6.7591,7.5484,0.7893,0.0001
3542,5,28,14,weather_driven,historically_calibrated,0.584548,0.099373,6.9554,7.7434,0.788,0.0
3543,5,28,15,weather_driven,historically_calibrated,0.615338,0.104608,7.2007,7.8844,0.683,0.0007
3544,5,28,16,weather_driven,historically_calibrated,0.681512,0.115857,7.7042,8.2293,0.4601,0.065
3545,5,28,17,weather_driven,historically_calibrated,0.697182,0.118521,7.819,8.2336,0.3901,0.0245
3546,5,28,18,weather_driven,historically_calibrated,0.742361,0.126201,8.1412,8.2954,0.1542,0.0
3547,5,28,19,weather_driven,historically_calibrated,0.676755,0.115048,7.669,8.235,0.0881,0.4779
3548,5,28,20,weather_driven,historically_calibrated,0.736365,0.125182,8.0992,8.1433,0.0441,0.0
3549,5,28,21,weather_driven,historically_calibrated,0.707558,0.120285,7.8942,7.9006,0.0065,0.0
3550,5,28,22,weather_driven,historically_calibrated,0.665668,0.113164,7.5865,7.5865,0.0,0.0
3551,5,28,23,weather_driven,historically_calibrated,0.626153,0.106446,7.2852,7.2853,0.0,0.0001
3552,5,28,24,weather_driven,historically_calibrated,0.455298,0.077401,5.8365,5.8365,0.0,0.0
3553,5,29,1,weather_driven,historically_calibrated,0.422923,0.071897,5.5304,5.5361,0.0,0.0057
3554,5,29,2,weather_driven,historically_calibrated,0.423935,0.072069,5.5401,5.5401,0.0,0.0
3555,5,29,3,weather_driven,historically_calibrated,0.425371,0.072313,5.5539,5.5546,0.0,0.0007
3556,5,29,4,weather_driven,historically_calibrated,0.428933,0.072919,5.5881,5.5962,0.0,0.0081
3557,5,29,5,weather_driven,historically_calibrated,0.386219,0.065657,5.1688,5.6901,0.0013,0.52
3558,5,29,6,weather_driven,historically_calibrated,0.34634,0.058878,4.7569,5.8547,0.013,1.0848
3559,5,29,7,weather_driven,historically_calibrated,0.465787,0.079184,5.9333,7.286,0.0415,1.3112
3560,5,29,8,weather_driven,historically_calibrated,0.485015,0.082453,6.1077,7.4812,0.0622,1.3112
3561,5,29,9,weather_driven,historically_calibrated,0.528419,0.089831,6.4883,7.7844,0.0635,1.2326
3562,5,29,10,weather_driven,historically_calibrated,0.530193,0.090133,6.5034,7.8734,0.1374,1.2326
3563,5,29,11,weather_driven,historically_calibrated,0.24257,0.041237,3.5758,7.7398,0.175,3.9891
3564,5,29,12,weather_driven,historically_calibrated,0.518538,0.088152,6.4032,7.1349,0.1672,0.5645
3565,5,29,13,weather_driven,historically_calibrated,0.613231,0.104249,7.1842,7.4167,0.2177,0.0148
3566,5,29,14,weather_driven,historically_calibrated,0.69553,0.11824,7.807,7.8951,0.0881,0.0
3567,5,29,15,weather_driven,historically_calibrated,0.720098,0.122417,7.984,8.1085,0.1244,0.0
3568,5,29,16,weather_driven,historically_calibrated,0.788112,0.133979,8.455,8.5937,0.1387,0.0
3569,5,29,17,weather_driven,historically_calibrated,0.566069,0.096232,6.8046,9.1765,0.0829,2.289
3570,5,29,18,weather_driven,historically_calibrated,0.932565,0.158536,9.3732,9.4572,0.0648,0.0193
3571,5,29,19,weather_driven,historically_calibrated,0.978288,0.166309,9.6435,9.7448,0.0363,0.065
3572,5,29,20,weather_driven,historically_calibrated,0.982648,0.16705,9.6688,9.7556,0.0104,0.0764
3573,5,29,21,weather_driven,historically_calibrated,0.953924,0.162167,9.5006,9.6388,0.0026,0.1356
3574,5,29,22,weather_driven,historically_calibrated,0.859775,0.146162,8.9235,9.2555,0.0,0.332
3575,5,29,23,weather_driven,historically_calibrated,0.581024,0.098774,6.9269,8.7812,0.0,1.8543
3576,5,29,24,weather_driven,historically_calibrated,0.318488,0.054143,4.4563,6.8637,0.0,2.4074
3577,5,30,1,weather_driven,historically_calibrated,0.359173,0.061059,4.8917,6.551,0.0,1.6593
3578,5,30,2,weather_driven,historically_calibrated,0.241757,0.041099,3.5658,6.3527,0.0,2.7869
3579,5,30,3,weather_driven,historically_calibrated,0.295756,0.050279,4.2025,6.4915,0.0,2.289
3580,5,30,4,weather_driven,historically_calibrated,0.059726,0.010153,0.9568,6.6632,0.0,5.7064
3581,5,30,5,weather_driven,historically_calibrated,0.218799,0.037196,3.2793,6.9419,0.0013,3.6614
3582,5,30,6,weather_driven,historically_calibrated,0.339806,0.057767,4.6874,7.1427,0.048,2.4074
3583,5,30,7,weather_driven,historically_calibrated,0.418068,0.071072,5.4835,8.6752,0.1309,3.0608
3584,5,30,8,weather_driven,historically_calibrated,0.22041,0.03747,3.2997,8.2492,0.2475,4.702
3585,5,30,9,weather_driven,historically_calibrated,0.18913,0.032152,2.8934,8.0062,0.4108,4.702
3586,5,30,10,weather_driven,historically_calibrated,-0.041397,-0.007038,-0.9607,7.7087,0.5443,8.125
3587,5,30,11,weather_driven,historically_calibrated,-0.040226,-0.006838,-0.9357,7.6326,0.4432,8.125
3588,5,30,12,weather_driven,historically_calibrated,-0.063676,-0.010825,-1.4515,7.1349,0.4614,8.125
3589,5,30,13,weather_driven,historically_calibrated,-0.03768,-0.006406,-0.8816,7.8823,0.6389,8.125
3590,5,30,14,weather_driven,historically_calibrated,-0.001489,-0.000253,-0.1492,8.3646,0.3888,8.125
3591,5,30,15,weather_driven,historically_calibrated,-0.01163,-0.001977,-0.3479,8.0013,0.2242,8.125
3592,5,30,16,weather_driven,historically_calibrated,-0.007268,-0.001236,-0.2619,8.204,0.3408,8.125
3593,5,30,17,weather_driven,historically_calibrated,0.050783,0.008633,0.8043,8.1915,0.2981,7.0891
3594,5,30,18,weather_driven,historically_calibrated,0.308485,0.052442,4.3456,8.3823,0.2138,3.8229
3595,5,30,19,weather_driven,historically_calibrated,0.535794,0.091085,6.5512,8.7785,0.1633,2.0641
3596,5,30,20,weather_driven,historically_calibrated,0.592307,0.100692,7.0179,9.1584,0.0765,2.0641
3597,5,30,21,weather_driven,historically_calibrated,0.805498,0.136935,8.5712,9.0594,0.0104,0.4779
3598,5,30,22,weather_driven,historically_calibrated,0.384259,0.065324,5.1491,8.8104,0.0,3.6614
3599,5,30,23,weather_driven,historically_calibrated,0.594604,0.101083,7.0363,8.1935,0.0,1.1571
3600,5,30,24,weather_driven,historically_calibrated,0.475519,0.080838,6.022,6.7353,0.0,0.7133
3601,5,31,1,weather_driven,historically_calibrated,0.170007,0.028901,2.6346,6.7946,0.0,4.16
3602,5,31,2,weather_driven,historically_calibrated,0.267853,0.045535,3.8797,7.084,0.0,3.2043
3603,5,31,3,weather_driven,historically_calibrated,0.474583,0.080679,6.0135,7.6728,0.0,1.6593
3604,5,31,4,weather_driven,historically_calibrated,0.36091,0.061355,4.9098,7.5661,0.0,2.6563
3605,5,31,5,weather_driven,historically_calibrated,0.24956,0.042425,3.661,7.6513,0.0013,3.9891
3606,5,31,6,weather_driven,historically_calibrated,0.141916,0.024126,2.2389,7.5721,0.0441,5.2891
3607,5,31,7,weather_driven,historically_calibrated,0.054316,0.009234,0.8649,9.1026,0.1128,8.125
3608,5,31,8,weather_driven,historically_calibrated,0.385054,0.065459,5.1571,9.4013,0.0842,4.16
3609,5,31,9,weather_driven,historically_calibrated,0.313972,0.053375,4.4065,9.7254,0.0298,5.2891
3610,5,31,10,weather_driven,historically_calibrated,0.540749,0.091927,6.5932,9.3013,0.0518,2.6563
3611,5,31,11,weather_driven,historically_calibrated,0.351814,0.059808,4.8147,7.7934,0.057,2.9217
3612,5,31,12,weather_driven,historically_calibrated,0.19993,0.033988,3.036,7.1349,0.276,3.8229
3613,5,31,13,weather_driven,historically_calibrated,0.2529,0.042993,3.7013,7.0546,0.4316,2.9217
3614,5,31,14,weather_driven,historically_calibrated,0.167732,0.028514,2.6033,7.3214,0.3823,4.3358
3615,5,31,15,weather_driven,historically_calibrated,0.242853,0.041285,3.5792,7.6263,0.2242,3.8229
3616,5,31,16,weather_driven,historically_calibrated,0.028591,0.004861,0.413,7.6473,0.1452,7.0891
3617,5,31,17,weather_driven,historically_calibrated,0.093255,0.015853,1.5044,8.3073,0.197,6.6059
3618,5,31,18,weather_driven,historically_calibrated,0.400914,0.068155,5.3155,8.9198,0.0998,3.5045
3619,5,31,19,weather_driven,historically_calibrated,0.065886,0.011201,1.0602,9.2617,0.0765,8.125
3620,5,31,20,weather_driven,historically_calibrated,0.110488,0.018783,1.7722,9.9348,0.0376,8.125
3621,5,31,21,weather_driven,historically_calibrated,0.54114,0.091994,6.5965,10.1023,0.0013,3.5045
3622,5,31,22,weather_driven,historically_calibrated,0.394626,0.067087,5.2531,10.1456,0.0,4.8926
3623,5,31,23,weather_driven,historically_calibrated,0.600894,0.102152,7.0866,9.7428,0.0,2.6563
3624,5,31,24,weather_driven,historically_calibrated,0.272953,0.046402,3.9397,7.7625,0.0,3.8229
3625,6,1,1,weather_driven,historically_calibrated,0.55507,0.094362,6.7134,6.7134,0.0,0.0
3626,6,1,2,weather_driven,historically_calibrated,0.575334,0.097807,6.8805,6.8808,0.0,0.0003
3627,6,1,3,weather_driven,historically_calibrated,0.597699,0.101609,7.0611,7.0618,0.0,0.0007
3628,6,1,4,weather_driven,historically_calibrated,0.609526,0.103619,7.155,7.1557,0.0,0.0007
3629,6,1,5,weather_driven,historically_calibrated,0.592877,0.100789,7.0225,7.0254,0.0026,0.0003
3630,6,1,6,weather_driven,historically_calibrated,0.539102,0.091647,6.5793,6.6275,0.048,0.0003
3631,6,1,7,weather_driven,historically_calibrated,0.69467,0.118094,7.8007,7.9271,0.1257,0.0007
3632,6,1,8,weather_driven,historically_calibrated,0.617175,0.10492,7.2151,7.4812,0.2579,0.0081
3633,6,1,9,weather_driven,historically_calibrated,0.606747,0.103147,7.133,7.5625,0.4238,0.0057
3634,6,1,10,weather_driven,historically_calibrated,0.568037,0.096566,6.8208,7.489,0.6571,0.0111
3635,6,1,11,weather_driven,historically_calibrated,0.551963,0.093834,6.6875,7.3109,0.5858,0.0376
3636,6,1,12,weather_driven,historically_calibrated,0.50436,0.085741,6.2795,7.1349,0.8178,0.0376
3637,6,1,13,weather_driven,historically_calibrated,0.470667,0.080013,5.9779,7.0546,0.9876,0.0892
3638,6,1,14,weather_driven,historically_calibrated,0.48702,0.082793,6.1257,7.1127,0.9759,0.0111
3639,6,1,15,weather_driven,historically_calibrated,0.530924,0.090257,6.5097,7.3049,0.7646,0.0306
3640,6,1,16,weather_driven,historically_calibrated,0.530859,0.090246,6.5091,7.5916,0.5625,0.52
3641,6,1,17,weather_driven,historically_calibrated,0.631583,0.107369,7.3272,7.9017,0.3551,0.2194
3642,6,1,18,weather_driven,historically_calibrated,0.662481,0.112622,7.5626,8.1434,0.2799,0.3009
3643,6,1,19,weather_driven,historically_calibrated,0.510532,0.08679,6.3336,8.235,0.1464,1.755
3644,6,1,20,weather_driven,historically_calibrated,0.731637,0.124378,8.0659,8.9196,0.0855,0.7682
3645,6,1,21,weather_driven,historically_calibrated,0.800896,0.136152,8.5406,8.8856,0.013,0.332
3646,6,1,22,weather_driven,historically_calibrated,0.829033,0.140936,8.7258,8.9217,0.0,0.1959
3647,6,1,23,weather_driven,historically_calibrated,0.811278,0.137917,8.6094,8.9414,0.0,0.332
3648,6,1,24,weather_driven,historically_calibrated,0.591584,0.100569,7.0121,7.3773,0.0,0.3652
3649,6,2,1,weather_driven,historically_calibrated,0.497367,0.084552,6.2178,6.5499,0.0,0.332
3650,6,2,2,weather_driven,historically_calibrated,0.534505,0.090866,6.5402,6.6294,0.0,0.0892
3651,6,2,3,weather_driven,historically_calibrated,0.553129,0.094032,6.6972,6.7217,0.0,0.0245
3652,6,2,4,weather_driven,historically_calibrated,0.574099,0.097597,6.8705,6.8853,0.0,0.0148
3653,6,2,5,weather_driven,historically_calibrated,0.560596,0.095301,6.7593,6.8089,0.0039,0.0457
3654,6,2,6,weather_driven,historically_calibrated,0.546193,0.092853,6.6391,6.7293,0.0596,0.0306
3655,6,2,7,weather_driven,historically_calibrated,0.697679,0.118605,7.8226,8.0303,0.1529,0.0548
3656,6,2,8,weather_driven,historically_calibrated,0.658654,0.111971,7.5338,7.7912,0.2268,0.0306
3657,6,2,9,weather_driven,historically_calibrated,0.585438,0.099524,6.9626,7.3657,0.3655,0.0376
3658,6,2,10,weather_driven,historically_calibrated,0.516226,0.087758,6.3831,6.8899,0.4303,0.0764
3659,6,2,11,weather_driven,historically_calibrated,0.493736,0.083935,6.1856,6.726,0.464,0.0764
3660,6,2,12,weather_driven,historically_calibrated,0.454942,0.07734,5.8332,6.5641,0.6545,0.0764
3661,6,2,13,weather_driven,historically_calibrated,0.485719,0.082572,6.114,6.7758,0.5262,0.1356
3662,6,2,14,weather_driven,historically_calibrated,0.563731,0.095834,6.7853,7.5034,0.5223,0.1959
3663,6,2,15,weather_driven,historically_calibrated,0.584223,0.099318,6.9528,7.4598,0.175,0.332
3664,6,2,16,weather_driven,historically_calibrated,0.584339,0.099338,6.9537,7.8038,0.2385,0.6116
3665,6,2,17,weather_driven,historically_calibrated,0.557123,0.094711,6.7305,7.9093,0.2294,0.9494
3666,6,2,18,weather_driven,historically_calibrated,0.577841,0.098233,6.901,7.9315,0.2048,0.8257
3667,6,2,19,weather_driven,historically_calibrated,0.568614,0.096664,6.8255,7.6318,0.1452,0.6611
3668,6,2,20,weather_driven,historically_calibrated,0.603289,0.102559,7.1056,8.3159,0.0531,1.1571
3669,6,2,21,weather_driven,historically_calibrated,0.655306,0.111402,7.5085,8.6012,0.0078,1.0848
3670,6,2,22,weather_driven,historically_calibrated,0.624899,0.106233,7.2754,8.6686,0.0,1.3932
3671,6,2,23,weather_driven,historically_calibrated,0.622782,0.105873,7.2589,8.5702,0.0,1.3112
3672,6,2,24,weather_driven,historically_calibrated,0.504816,0.085819,6.2835,6.9447,0.0,0.6611
3673,6,3,1,weather_driven,historically_calibrated,0.481318,0.081824,6.0744,6.5125,0.0,0.4381
3674,6,3,2,weather_driven,historically_calibrated,0.52366,0.089022,6.4474,6.6668,0.0,0.2194
3675,6,3,3,weather_driven,historically_calibrated,0.565102,0.096067,6.7966,6.7967,0.0,0.0001
3676,6,3,4,weather_driven,historically_calibrated,0.56672,0.096342,6.8099,6.8475,0.0,0.0376
3677,6,3,5,weather_driven,historically_calibrated,0.577347,0.098149,6.897,6.924,0.0026,0.0245
3678,6,3,6,weather_driven,historically_calibrated,0.53627,0.091166,6.5552,6.8083,0.0337,0.2194
3679,6,3,7,weather_driven,historically_calibrated,0.654932,0.111339,7.5057,8.0795,0.0959,0.4779
3680,6,3,8,weather_driven,historically_calibrated,0.565648,0.09616,6.8011,7.5388,0.2177,0.52
3681,6,3,9,weather_driven,historically_calibrated,0.474891,0.080731,6.0163,6.9575,0.4212,0.52
3682,6,3,10,weather_driven,historically_calibrated,0.428873,0.072908,5.5875,6.8899,0.6908,0.6116
3683,6,3,11,weather_driven,historically_calibrated,0.408431,0.069433,5.3895,6.726,0.8165,0.52
3684,6,3,12,weather_driven,historically_calibrated,0.41501,0.070552,5.4538,6.5641,0.8385,0.2718
3685,6,3,13,weather_driven,historically_calibrated,0.353384,0.060075,4.8312,6.4902,0.9979,0.6611
3686,6,3,14,weather_driven,historically_calibrated,0.306753,0.052148,4.3263,6.5437,0.8243,1.3932
3687,6,3,15,weather_driven,historically_calibrated,0.216121,0.036741,3.2452,6.7205,0.8191,2.6563
3688,6,3,16,weather_driven,historically_calibrated,0.209217,0.035567,3.1566,6.9843,0.6234,3.2043
3689,6,3,17,weather_driven,historically_calibrated,0.243919,0.041466,3.5923,7.2696,0.473,3.2043
3690,6,3,18,weather_driven,historically_calibrated,0.312845,0.053184,4.394,7.492,0.311,2.7869
3691,6,3,19,weather_driven,historically_calibrated,0.403373,0.068573,5.3398,7.5762,0.1724,2.0641
3692,6,3,20,weather_driven,historically_calibrated,0.426243,0.072461,5.5623,7.4918,0.0752,1.8543
3693,6,3,21,weather_driven,historically_calibrated,0.505322,0.085905,6.288,7.9615,0.0143,1.6593
3694,6,3,22,weather_driven,historically_calibrated,0.546393,0.092887,6.6408,7.952,0.0,1.3112
3695,6,3,23,weather_driven,historically_calibrated,0.56518,0.096081,6.7972,7.8821,0.0,1.0848
3696,6,3,24,weather_driven,historically_calibrated,0.411251,0.069913,5.4171,6.4328,0.0,1.0156
3697,6,4,1,weather_driven,historically_calibrated,0.432727,0.073564,5.6243,6.5104,0.0,0.8861
3698,6,4,2,weather_driven,historically_calibrated,0.461363,0.078432,5.8926,6.7183,0.0,0.8257
3699,6,4,3,weather_driven,historically_calibrated,0.493731,0.083934,6.1856,6.8989,0.0,0.7133
3700,6,4,4,weather_driven,historically_calibrated,0.5206,0.088502,6.421,7.0326,0.0,0.6116
3701,6,4,5,weather_driven,historically_calibrated,0.554148,0.094205,6.7057,7.1089,0.0026,0.4005
3702,6,4,6,weather_driven,historically_calibrated,0.553176,0.09404,6.6976,7.0569,0.0583,0.3009
3703,6,4,7,weather_driven,historically_calibrated,0.701654,0.119281,7.8515,8.3546,0.1711,0.332
3704,6,4,8,weather_driven,historically_calibrated,0.632682,0.107556,7.3357,7.9749,0.3072,0.332
3705,6,4,9,weather_driven,historically_calibrated,0.573507,0.097496,6.8656,7.5625,0.4251,0.2718
3706,6,4,10,weather_driven,historically_calibrated,0.555405,0.094419,6.7162,7.489,0.5534,0.2194
3707,6,4,11,weather_driven,historically_calibrated,0.503125,0.085531,6.2687,7.3109,0.7102,0.332
3708,6,4,12,weather_driven,historically_calibrated,0.488552,0.083054,6.1394,7.1349,0.7996,0.1959
3709,6,4,13,weather_driven,historically_calibrated,0.4758,0.080886,6.0246,7.0546,0.7854,0.2447
3710,6,4,14,weather_driven,historically_calibrated,0.496156,0.084346,6.2071,7.1127,0.661,0.2447
3711,6,4,15,weather_driven,historically_calibrated,0.540903,0.091954,6.5945,7.3049,0.5145,0.1959
3712,6,4,16,weather_driven,historically_calibrated,0.581127,0.098792,6.9277,7.5916,0.4445,0.2194
3713,6,4,17,weather_driven,historically_calibrated,0.638769,0.108591,7.3826,7.9017,0.4005,0.1187
3714,6,4,18,weather_driven,historically_calibrated,0.542144,0.092164,6.605,8.1434,0.3059,1.2326
3715,6,4,19,weather_driven,historically_calibrated,0.594805,0.101117,7.038,8.235,0.1814,1.0156
3716,6,4,20,weather_driven,historically_calibrated,0.552009,0.093841,6.6879,8.1433,0.0622,1.3932
3717,6,4,21,weather_driven,historically_calibrated,0.612643,0.104149,7.1796,7.9006,0.0078,0.7133
3718,6,4,22,weather_driven,historically_calibrated,0.606768,0.103151,7.1332,7.6977,0.0,0.5645
3719,6,4,23,weather_driven,historically_calibrated,0.67186,0.114216,7.6327,8.0332,0.0,0.4005
3720,6,4,24,weather_driven,historically_calibrated,0.513823,0.08735,6.3623,6.6069,0.0,0.2447
3721,6,5,1,weather_driven,historically_calibrated,0.463098,0.078727,5.9086,6.1045,0.0,0.1959
3722,6,5,2,weather_driven,historically_calibrated,0.473721,0.080533,6.0057,6.1089,0.0,0.1032
3723,6,5,3,weather_driven,historically_calibrated,0.472162,0.080268,5.9915,6.1657,0.0,0.1741
3724,6,5,4,weather_driven,historically_calibrated,0.479378,0.081494,6.0569,6.2528,0.0,0.1959
3725,6,5,5,weather_driven,historically_calibrated,0.474262,0.080624,6.0106,6.2326,0.0026,0.2194
3726,6,5,6,weather_driven,historically_calibrated,0.455326,0.077405,5.8368,6.1552,0.0467,0.2718
3727,6,5,7,weather_driven,historically_calibrated,0.563661,0.095822,6.7847,7.286,0.1361,0.3652
3728,6,5,8,weather_driven,historically_calibrated,0.53987,0.091778,6.5858,7.4812,0.2838,0.6116
3729,6,5,9,weather_driven,historically_calibrated,0.534079,0.090793,6.5366,7.5625,0.4614,0.5645
3730,6,5,10,weather_driven,historically_calibrated,0.4628,0.078676,5.9058,7.489,0.6337,0.9494
3731,6,5,11,weather_driven,historically_calibrated,0.388547,0.066053,5.1922,7.3109,0.8074,1.3112
3732,6,5,12,weather_driven,historically_calibrated,0.352743,0.059966,4.8245,7.1349,0.9992,1.3112
3733,6,5,13,weather_driven,historically_calibrated,0.366143,0.062244,4.9641,7.0546,1.0057,1.0848
3734,6,5,14,weather_driven,historically_calibrated,0.369797,0.062866,5.0017,7.1127,0.9539,1.1571
3735,6,5,15,weather_driven,historically_calibrated,0.364068,0.061892,4.9426,7.3049,0.8839,1.4784
3736,6,5,16,weather_driven,historically_calibrated,0.252398,0.042908,3.6953,7.5916,0.6921,3.2043
3737,6,5,17,weather_driven,historically_calibrated,0.369683,0.062846,5.0005,7.9017,0.4938,2.4074
3738,6,5,18,weather_driven,historically_calibrated,0.412985,0.070207,5.4341,8.1434,0.302,2.4074
3739,6,5,19,weather_driven,historically_calibrated,0.540911,0.091955,6.5946,8.235,0.162,1.4784
3740,6,5,20,weather_driven,historically_calibrated,0.648786,0.110294,7.4591,8.1433,0.0726,0.6116
3741,6,5,21,weather_driven,historically_calibrated,0.508891,0.086512,6.3192,7.9006,0.0143,1.5671
3742,6,5,22,weather_driven,historically_calibrated,0.560764,0.09533,6.7607,7.5865,0.0,0.8257
3743,6,5,23,weather_driven,historically_calibrated,0.622272,0.105786,7.255,7.8195,0.0,0.5645
3744,6,5,24,weather_driven,historically_calibrated,0.429382,0.072995,5.5924,6.4785,0.0,0.8861
3745,6,6,1,weather_driven,historically_calibrated,0.375507,0.063836,5.0602,6.1451,0.0,1.0848
3746,6,6,2,weather_driven,historically_calibrated,0.400201,0.068034,5.3085,6.3933,0.0,1.0848
3747,6,6,3,weather_driven,historically_calibrated,0.435543,0.074042,5.6511,6.7359,0.0,1.0848
3748,6,6,4,weather_driven,historically_calibrated,0.464235,0.07892,5.919,6.8684,0.0,0.9494
3749,6,6,5,weather_driven,historically_calibrated,0.43336,0.073671,5.6303,6.6498,0.0039,1.0156
3750,6,6,6,weather_driven,historically_calibrated,0.421816,0.071709,5.5197,6.5846,0.0492,1.0156
3751,6,6,7,weather_driven,historically_calibrated,0.568551,0.096654,6.825,7.9806,0.14,1.0156
3752,6,6,8,weather_driven,historically_calibrated,0.50519,0.085882,6.2868,7.4812,0.2449,0.9494
3753,6,6,9,weather_driven,historically_calibrated,0.448349,0.076219,5.7718,7.5625,0.4795,1.3112
3754,6,6,10,weather_driven,historically_calibrated,0.372451,0.063317,5.029,7.489,0.705,1.755
3755,6,6,11,weather_driven,historically_calibrated,0.317232,0.053929,4.4425,7.3109,0.9111,1.9573
3756,6,6,12,weather_driven,historically_calibrated,0.250733,0.042625,3.6752,7.1349,1.0524,2.4074
3757,6,6,13,weather_driven,historically_calibrated,0.240216,0.040837,3.5469,7.0546,1.1003,2.4074
3758,6,6,14,weather_driven,historically_calibrated,0.239205,0.040665,3.5345,7.1127,1.0485,2.5298
3759,6,6,15,weather_driven,historically_calibrated,0.246715,0.041942,3.6264,7.3049,0.8916,2.7869
3760,6,6,16,weather_driven,historically_calibrated,0.385995,0.065619,5.1666,7.5916,0.67,1.755
3761,6,6,17,weather_driven,historically_calibrated,0.438201,0.074494,5.6763,7.9017,0.4704,1.755
3762,6,6,18,weather_driven,historically_calibrated,0.523614,0.089014,6.447,8.1434,0.3033,1.3932
3763,6,6,19,weather_driven,historically_calibrated,0.620789,0.105534,7.2434,8.235,0.1659,0.8257
3764,6,6,20,weather_driven,historically_calibrated,0.634984,0.107947,7.3535,8.1433,0.0765,0.7133
3765,6,6,21,weather_driven,historically_calibrated,0.528844,0.089904,6.4919,7.9006,0.0156,1.3932
3766,6,6,22,weather_driven,historically_calibrated,0.503872,0.085658,6.2752,7.5865,0.0,1.3112
3767,6,6,23,weather_driven,historically_calibrated,0.432902,0.073593,5.626,7.2853,0.0,1.6593
3768,6,6,24,weather_driven,historically_calibrated,0.301677,0.051285,4.2694,5.8365,0.0,1.5671
3769,6,7,1,weather_driven,historically_calibrated,0.275457,0.046828,3.969,5.5361,0.0,1.5671
3770,6,7,2,weather_driven,historically_calibrated,0.330815,0.056239,4.5907,5.5401,0.0,0.9494
3771,6,7,3,weather_driven,historically_calibrated,0.356895,0.060672,4.868,5.6361,0.0,0.7682
3772,6,7,4,weather_driven,historically_calibrated,0.443234,0.07535,5.7238,5.8424,0.0,0.1187
3773,6,7,5,weather_driven,historically_calibrated,0.433921,0.073767,5.6357,5.9405,0.0039,0.3009
3774,6,7,6,weather_driven,historically_calibrated,0.391297,0.066521,5.2198,5.9406,0.0596,0.6611
3775,6,7,7,weather_driven,historically_calibrated,0.495119,0.08417,6.1979,7.286,0.1387,0.9494
3776,6,7,8,weather_driven,historically_calibrated,0.493092,0.083826,6.1799,7.4812,0.2164,1.0848
3777,6,7,9,weather_driven,historically_calibrated,0.531024,0.090274,6.5105,7.5625,0.2838,0.7682
3778,6,7,10,weather_driven,historically_calibrated,0.493316,0.083864,6.1819,7.489,0.3577,0.9494
3779,6,7,11,weather_driven,historically_calibrated,0.529927,0.090088,6.5012,7.3109,0.5651,0.2447
3780,6,7,12,weather_driven,historically_calibrated,0.459774,0.078162,5.8779,7.1349,0.6454,0.6116
3781,6,7,13,weather_driven,historically_calibrated,0.437354,0.07435,5.6683,7.0546,0.6182,0.7682
3782,6,7,14,weather_driven,historically_calibrated,0.423376,0.071974,5.5347,7.1127,0.6286,0.9494
3783,6,7,15,weather_driven,historically_calibrated,0.467998,0.07956,5.9535,7.3049,0.4653,0.8861
3784,6,7,16,weather_driven,historically_calibrated,0.503573,0.085607,6.2726,7.5916,0.4329,0.8861
3785,6,7,17,weather_driven,historically_calibrated,0.552082,0.093854,6.6885,7.9017,0.3875,0.8257
3786,6,7,18,weather_driven,historically_calibrated,0.610931,0.103858,7.1661,8.1434,0.1516,0.8257
3787,6,7,19,weather_driven,historically_calibrated,0.6363,0.108171,7.3636,8.235,0.1581,0.7133
3788,6,7,20,weather_driven,historically_calibrated,0.675513,0.114837,7.6598,8.1433,0.0454,0.4381
3789,6,7,21,weather_driven,historically_calibrated,0.680179,0.11563,7.6944,7.9006,0.0104,0.1959
3790,6,7,22,weather_driven,historically_calibrated,0.642651,0.109251,7.4123,7.5865,0.0,0.1741
3791,6,7,23,weather_driven,historically_calibrated,0.613287,0.104259,7.1846,7.3387,0.0,0.1541
3792,6,7,24,weather_driven,historically_calibrated,0.50225,0.085382,6.261,6.3501,0.0,0.0892
3793,6,8,1,weather_driven,historically_calibrated,0.444862,0.075627,5.7391,5.7391,0.0,0.0
3794,6,8,2,weather_driven,historically_calibrated,0.472597,0.080341,5.9955,6.1495,0.0,0.1541
3795,6,8,3,weather_driven,historically_calibrated,0.46746,0.079468,5.9486,6.0842,0.0,0.1356
3796,6,8,4,weather_driven,historically_calibrated,0.473042,0.080417,5.9995,6.0887,0.0,0.0892
3797,6,8,5,weather_driven,historically_calibrated,0.484543,0.082372,6.1035,6.1491,0.0,0.0457
3798,6,8,6,weather_driven,historically_calibrated,0.522487,0.088823,6.4373,6.4558,0.0104,0.0081
3799,6,8,7,weather_driven,historically_calibrated,0.761829,0.129511,8.2762,8.3012,0.0246,0.0003
3800,6,8,8,weather_driven,historically_calibrated,0.787038,0.133796,8.4478,8.5235,0.0609,0.0148
3801,6,8,9,weather_driven,historically_calibrated,0.788923,0.134117,8.4605,8.5053,0.0337,0.0111
3802,6,8,10,weather_driven,historically_calibrated,0.713887,0.121361,7.9396,8.2029,0.0674,0.1959
3803,6,8,11,weather_driven,historically_calibrated,0.580319,0.098654,6.9211,7.3109,0.1179,0.2718
3804,6,8,12,weather_driven,historically_calibrated,0.536346,0.091179,6.5559,7.1349,0.3344,0.2447
3805,6,8,13,weather_driven,historically_calibrated,0.525906,0.089404,6.4667,7.365,0.2372,0.6611
3806,6,8,14,weather_driven,historically_calibrated,0.560365,0.095262,6.7574,7.1127,0.1594,0.1959
3807,6,8,15,weather_driven,historically_calibrated,0.56291,0.095695,6.7785,7.3049,0.1944,0.332
3808,6,8,16,weather_driven,historically_calibrated,0.63884,0.108603,7.3831,7.5916,0.2061,0.0024
3809,6,8,17,weather_driven,historically_calibrated,0.686853,0.116765,7.7435,7.9017,0.1581,0.0001
3810,6,8,18,weather_driven,historically_calibrated,0.727574,0.123688,8.0372,8.1434,0.1063,0.0
3811,6,8,19,weather_driven,historically_calibrated,0.742759,0.126269,8.144,8.235,0.0907,0.0003
3812,6,8,20,weather_driven,historically_calibrated,0.735443,0.125025,8.0927,8.1433,0.0505,0.0
3813,6,8,21,weather_driven,historically_calibrated,0.707019,0.120193,7.8903,7.9006,0.0104,0.0
3814,6,8,22,weather_driven,historically_calibrated,0.665482,0.113132,7.5851,7.5865,0.0,0.0014
3815,6,8,23,weather_driven,historically_calibrated,0.637502,0.108375,7.3729,7.3921,0.0,0.0193
3816,6,8,24,weather_driven,historically_calibrated,0.50812,0.08638,6.3125,6.3501,0.0,0.0376
3817,6,9,1,weather_driven,historically_calibrated,0.420014,0.071402,5.5023,5.5788,0.0,0.0764
3818,6,9,2,weather_driven,historically_calibrated,0.436202,0.074154,5.6573,5.695,0.0,0.0376
3819,6,9,3,weather_driven,historically_calibrated,0.436292,0.07417,5.6582,5.7474,0.0,0.0892
3820,6,9,4,weather_driven,historically_calibrated,0.448879,0.076309,5.7767,5.8659,0.0,0.0892
3821,6,9,5,weather_driven,historically_calibrated,0.435587,0.07405,5.6515,5.9259,0.0026,0.2718
3822,6,9,6,weather_driven,historically_calibrated,0.447332,0.076046,5.7622,5.9393,0.0415,0.1356
3823,6,9,7,weather_driven,historically_calibrated,0.578196,0.098293,6.9039,7.1947,0.1166,0.1741
3824,6,9,8,weather_driven,historically_calibrated,0.516473,0.0878,6.3853,6.8827,0.2527,0.2447
3825,6,9,9,weather_driven,historically_calibrated,0.501997,0.085339,6.2587,6.9575,0.3668,0.332
3826,6,9,10,weather_driven,historically_calibrated,0.475009,0.080752,6.0174,6.8899,0.5715,0.3009
3827,6,9,11,weather_driven,historically_calibrated,0.455467,0.077429,5.8381,6.726,0.6921,0.1959
3828,6,9,12,weather_driven,historically_calibrated,0.453561,0.077105,5.8204,6.5641,0.5897,0.1541
3829,6,9,13,weather_driven,historically_calibrated,0.399528,0.06792,5.3018,6.4902,0.7504,0.4381
3830,6,9,14,weather_driven,historically_calibrated,0.40557,0.068947,5.3614,6.5437,0.6623,0.52
3831,6,9,15,weather_driven,historically_calibrated,0.384439,0.065355,5.1509,6.7205,0.7439,0.8257
3832,6,9,16,weather_driven,historically_calibrated,0.437728,0.074414,5.6718,6.9843,0.5443,0.7682
3833,6,9,17,weather_driven,historically_calibrated,0.476788,0.081054,6.0335,7.2696,0.3499,0.8861
3834,6,9,18,weather_driven,historically_calibrated,0.532371,0.090503,6.522,7.492,0.2566,0.7133
3835,6,9,19,weather_driven,historically_calibrated,0.574788,0.097714,6.8761,7.5762,0.1801,0.52
3836,6,9,20,weather_driven,historically_calibrated,0.577783,0.098223,6.9005,7.4918,0.0713,0.52
3837,6,9,21,weather_driven,historically_calibrated,0.584459,0.099358,6.9547,7.2686,0.013,0.3009
3838,6,9,22,weather_driven,historically_calibrated,0.543252,0.092353,6.6143,6.9796,0.0,0.3652
3839,6,9,23,weather_driven,historically_calibrated,0.550824,0.09364,6.678,6.7024,0.0,0.0245
3840,6,9,24,weather_driven,historically_calibrated,0.40444,0.068755,5.3503,5.3696,0.0,0.0193
3841,6,10,1,weather_driven,historically_calibrated,0.376341,0.063978,5.0687,5.0932,0.0,0.0245
3842,6,10,2,weather_driven,historically_calibrated,0.378313,0.064313,5.0888,5.0969,0.0,0.0081
3843,6,10,3,weather_driven,historically_calibrated,0.372927,0.063398,5.0338,5.1103,0.0,0.0764
3844,6,10,4,weather_driven,historically_calibrated,0.38786,0.065936,5.1853,5.2618,0.0,0.0764
3845,6,10,5,weather_driven,historically_calibrated,0.385988,0.065618,5.1665,5.3885,0.0026,0.2194
3846,6,10,6,weather_driven,historically_calibrated,0.39263,0.066747,5.2331,5.4653,0.0363,0.1959
3847,6,10,7,weather_driven,historically_calibrated,0.538032,0.091465,6.5702,6.9489,0.0778,0.3009
3848,6,10,8,weather_driven,historically_calibrated,0.497863,0.084637,6.2222,6.8827,0.0959,0.5645
3849,6,10,9,weather_driven,historically_calibrated,0.50258,0.085439,6.2639,6.9575,0.1737,0.52
3850,6,10,10,weather_driven,historically_calibrated,0.466268,0.079266,5.9377,6.8899,0.184,0.7682
3851,6,10,11,weather_driven,historically_calibrated,0.440098,0.074817,5.6942,6.726,0.2061,0.8257
3852,6,10,12,weather_driven,historically_calibrated,0.437609,0.074393,5.6707,6.5641,0.1801,0.7133
3853,6,10,13,weather_driven,historically_calibrated,0.457142,0.077714,5.8536,6.6806,0.1659,0.6611
3854,6,10,14,weather_driven,historically_calibrated,0.481632,0.081877,6.0773,6.9756,0.2372,0.6611
3855,6,10,15,weather_driven,historically_calibrated,0.48887,0.083108,6.1422,7.3612,0.2696,0.9494
3856,6,10,16,weather_driven,historically_calibrated,0.545488,0.092733,6.6332,7.5989,0.14,0.8257
3857,6,10,17,weather_driven,historically_calibrated,0.593402,0.100878,7.0267,7.9626,0.1102,0.8257
3858,6,10,18,weather_driven,historically_calibrated,0.638389,0.108526,7.3797,8.2611,0.0557,0.8257
3859,6,10,19,weather_driven,historically_calibrated,0.650763,0.11063,7.4741,8.0763,0.0376,0.5645
3860,6,10,20,weather_driven,historically_calibrated,0.667148,0.113415,7.5975,8.0961,0.0207,0.4779
3861,6,10,21,weather_driven,historically_calibrated,0.666464,0.113299,7.5924,7.9615,0.0039,0.3652
3862,6,10,22,weather_driven,historically_calibrated,0.664686,0.112997,7.5791,7.7985,0.0,0.2194
3863,6,10,23,weather_driven,historically_calibrated,0.608327,0.103416,7.1455,7.3414,0.0,0.1959
3864,6,10,24,weather_driven,historically_calibrated,0.437234,0.07433,5.6671,5.8027,0.0,0.1356
3865,6,11,1,weather_driven,historically_calibrated,0.411832,0.070011,5.4228,5.8609,0.0,0.4381
3866,6,11,2,weather_driven,historically_calibrated,0.430687,0.073217,5.6049,5.9058,0.0,0.3009
3867,6,11,3,weather_driven,historically_calibrated,0.429669,0.073044,5.5951,5.8398,0.0,0.2447
3868,6,11,4,weather_driven,historically_calibrated,0.441436,0.075044,5.7068,5.8424,0.0,0.1356
3869,6,11,5,weather_driven,historically_calibrated,0.439854,0.074775,5.6919,6.0239,0.0,0.332
3870,6,11,6,weather_driven,historically_calibrated,0.445578,0.075748,5.7458,6.1123,0.0013,0.3652
3871,6,11,7,weather_driven,historically_calibrated,0.595442,0.101225,7.0431,7.8203,0.0091,0.7682
3872,6,11,8,weather_driven,historically_calibrated,0.612147,0.104065,7.1756,7.9201,0.0311,0.7133
3873,6,11,9,weather_driven,historically_calibrated,0.612587,0.10414,7.1791,7.9507,0.0583,0.7133
3874,6,11,10,weather_driven,historically_calibrated,0.569727,0.096854,6.8346,7.489,0.0428,0.6116
3875,6,11,11,weather_driven,historically_calibrated,0.552182,0.093871,6.6893,7.3109,0.057,0.5645
3876,6,11,12,weather_driven,historically_calibrated,0.518796,0.088195,6.4054,7.1349,0.1179,0.6116
3877,6,11,13,weather_driven,historically_calibrated,0.513682,0.087326,6.361,7.3133,0.0661,0.8861
3878,6,11,14,weather_driven,historically_calibrated,0.508535,0.086451,6.3161,7.217,0.0752,0.8257
3879,6,11,15,weather_driven,historically_calibrated,0.570961,0.097063,6.8448,7.3049,0.0596,0.4005
3880,6,11,16,weather_driven,historically_calibrated,0.577885,0.09824,6.9013,7.5916,0.1257,0.5645
3881,6,11,17,weather_driven,historically_calibrated,0.5559,0.094503,6.7203,7.9017,0.232,0.9494
3882,6,11,18,weather_driven,historically_calibrated,0.642692,0.109258,7.4126,8.1434,0.1192,0.6116
3883,6,11,19,weather_driven,historically_calibrated,0.654479,0.111261,7.5023,8.235,0.0194,0.7133
3884,6,11,20,weather_driven,historically_calibrated,0.663767,0.11284,7.5722,8.1433,0.0065,0.5645
3885,6,11,21,weather_driven,historically_calibrated,0.653849,0.111154,7.4975,7.9006,0.0026,0.4005
3886,6,11,22,weather_driven,historically_calibrated,0.622204,0.105775,7.2544,7.5865,0.0,0.332
3887,6,11,23,weather_driven,historically_calibrated,0.591747,0.100597,7.0134,7.2853,0.0,0.2718
3888,6,11,24,weather_driven,historically_calibrated,0.443493,0.075394,5.7262,5.9221,0.0,0.1959
3889,6,12,1,weather_driven,historically_calibrated,0.442268,0.075186,5.7147,5.7797,0.0,0.065
3890,6,12,2,weather_driven,historically_calibrated,0.460704,0.07832,5.8865,5.9058,0.0,0.0193
3891,6,12,3,weather_driven,historically_calibrated,0.467303,0.079442,5.9472,5.962,0.0,0.0148
3892,6,12,4,weather_driven,historically_calibrated,0.475644,0.08086,6.0232,6.0476,0.0,0.0245
3893,6,12,5,weather_driven,historically_calibrated,0.478012,0.081262,6.0446,6.1491,0.0013,0.1032
3894,6,12,6,weather_driven,historically_calibrated,0.495165,0.084178,6.1983,6.284,0.0207,0.065
3895,6,12,7,weather_driven,historically_calibrated,0.717337,0.121947,7.9643,8.0874,0.0467,0.0764
3896,6,12,8,weather_driven,historically_calibrated,0.761549,0.129463,8.2743,8.4138,0.0363,0.1032
3897,6,12,9,weather_driven,historically_calibrated,0.76359,0.12981,8.2883,8.4499,0.0259,0.1356
3898,6,12,10,weather_driven,historically_calibrated,0.725148,0.123275,8.02,8.148,0.0389,0.0892
3899,6,12,11,weather_driven,historically_calibrated,0.659994,0.112199,7.5439,7.6862,0.0531,0.0892
3900,6,12,12,weather_driven,historically_calibrated,0.626498,0.106505,7.2879,7.4489,0.1153,0.0457
3901,6,12,13,weather_driven,historically_calibrated,0.647586,0.11009,7.45,7.6237,0.1361,0.0376
3902,6,12,14,weather_driven,historically_calibrated,0.625028,0.106255,7.2764,7.6343,0.162,0.1959
3903,6,12,15,weather_driven,historically_calibrated,0.689036,0.117136,7.7595,7.9477,0.1426,0.0457
3904,6,12,16,weather_driven,historically_calibrated,0.761439,0.129445,8.2735,8.4267,0.0881,0.065
3905,6,12,17,weather_driven,historically_calibrated,0.784488,0.133363,8.4306,8.8868,0.0181,0.4381
3906,6,12,18,weather_driven,historically_calibrated,0.883348,0.150169,9.0718,9.1587,0.0104,0.0764
3907,6,12,19,weather_driven,historically_calibrated,0.778937,0.132419,8.393,8.4162,0.0039,0.0193
3908,6,12,20,weather_driven,historically_calibrated,0.82732,0.140644,8.7146,8.7404,0.0013,0.0245
3909,6,12,21,weather_driven,historically_calibrated,0.824605,0.140183,8.6969,8.7118,0.0,0.0148
3910,6,12,22,weather_driven,historically_calibrated,0.792814,0.134778,8.4866,8.5322,0.0,0.0457
3911,6,12,23,weather_driven,historically_calibrated,0.722966,0.122904,8.0045,8.1401,0.0,0.1356
3912,6,12,24,weather_driven,historically_calibrated,0.514396,0.087447,6.3672,6.5213,0.0,0.1541
3913,6,13,1,weather_driven,historically_calibrated,0.465241,0.079091,5.9283,6.0639,0.0,0.1356
3914,6,13,2,weather_driven,historically_calibrated,0.474019,0.080583,6.0084,6.0277,0.0,0.0193
3915,6,13,3,weather_driven,historically_calibrated,0.481766,0.0819,6.0785,6.0842,0.0,0.0057
3916,6,13,4,weather_driven,historically_calibrated,0.487202,0.082824,6.1273,6.1297,0.0,0.0024
3917,6,13,5,weather_driven,historically_calibrated,0.494054,0.083989,6.1884,6.1908,0.0,0.0024
3918,6,13,6,weather_driven,historically_calibrated,0.519227,0.088269,6.4091,6.4128,0.0013,0.0024
3919,6,13,7,weather_driven,historically_calibrated,0.771869,0.131218,8.345,8.3546,0.0039,0.0057
3920,6,13,8,weather_driven,historically_calibrated,0.798165,0.135688,8.5224,8.5784,0.0104,0.0457
3921,6,13,9,weather_driven,historically_calibrated,0.803848,0.136654,8.5602,8.6162,0.0104,0.0457
3922,6,13,10,weather_driven,historically_calibrated,0.803081,0.136524,8.5551,8.6423,0.0324,0.0548
3923,6,13,11,weather_driven,historically_calibrated,0.758425,0.128932,8.2528,8.3295,0.0311,0.0457
3924,6,13,12,weather_driven,historically_calibrated,0.7003,0.119051,7.8417,7.9198,0.0233,0.0548
3925,6,13,13,weather_driven,historically_calibrated,0.68759,0.11689,7.7489,7.8306,0.0441,0.0376
3926,6,13,14,weather_driven,historically_calibrated,0.616764,0.10485,7.2119,7.3214,0.0946,0.0148
3927,6,13,15,weather_driven,historically_calibrated,0.600018,0.102003,7.0796,7.3049,0.2061,0.0193
3928,6,13,16,weather_driven,historically_calibrated,0.61455,0.104473,7.1945,7.5916,0.2229,0.1741
3929,6,13,17,weather_driven,historically_calibrated,0.639416,0.108701,7.3875,7.9017,0.2424,0.2718
3930,6,13,18,weather_driven,historically_calibrated,0.675228,0.114789,7.6577,8.1434,0.2411,0.2447
3931,6,13,19,weather_driven,historically_calibrated,0.715578,0.121648,7.9518,8.235,0.1646,0.1187
3932,6,13,20,weather_driven,historically_calibrated,0.727178,0.12362,8.0344,8.1433,0.0713,0.0376
3933,6,13,21,weather_driven,historically_calibrated,0.703456,0.119587,7.8645,7.9006,0.0168,0.0193
3934,6,13,22,weather_driven,historically_calibrated,0.662402,0.112608,7.562,7.5865,0.0,0.0245
3935,6,13,23,weather_driven,historically_calibrated,0.620304,0.105452,7.2396,7.2853,0.0,0.0457
3936,6,13,24,weather_driven,historically_calibrated,0.445742,0.075776,5.7473,5.8365,0.0,0.0892
3937,6,14,1,weather_driven,historically_calibrated,0.432489,0.073523,5.622,5.6985,0.0,0.0764
3938,6,14,2,weather_driven,historically_calibrated,0.467747,0.079517,5.9512,6.0277,0.0,0.0764
3939,6,14,3,weather_driven,historically_calibrated,0.49981,0.084968,6.2394,6.3286,0.0,0.0892
3940,6,14,4,weather_driven,historically_calibrated,0.522114,0.088759,6.4341,6.4991,0.0,0.065
3941,6,14,5,weather_driven,historically_calibrated,0.516011,0.087722,6.3813,6.4412,0.0052,0.0548
3942,6,14,6,weather_driven,historically_calibrated,0.477599,0.081192,6.0409,6.1552,0.0596,0.0548
3943,6,14,7,weather_driven,historically_calibrated,0.59811,0.101679,7.0644,7.286,0.1452,0.0764
3944,6,14,8,weather_driven,historically_calibrated,0.599738,0.101956,7.0774,7.4812,0.2851,0.1187
3945,6,14,9,weather_driven,historically_calibrated,0.577411,0.09816,6.8975,7.5625,0.4692,0.1959
3946,6,14,10,weather_driven,historically_calibrated,0.52229,0.088789,6.4356,7.489,0.6882,0.3652
3947,6,14,11,weather_driven,historically_calibrated,0.519994,0.088399,6.4158,7.7885,0.8528,0.52
3948,6,14,12,weather_driven,historically_calibrated,0.52068,0.088516,6.4217,7.9673,0.9811,0.5645
3949,6,14,13,weather_driven,historically_calibrated,0.495201,0.084184,6.1986,7.8447,0.985,0.6611
3950,6,14,14,weather_driven,historically_calibrated,0.533219,0.090647,6.5293,8.1417,0.7867,0.8257
3951,6,14,15,weather_driven,historically_calibrated,0.556075,0.094533,6.7218,8.2935,0.6856,0.8861
3952,6,14,16,weather_driven,historically_calibrated,0.62673,0.106544,7.2897,8.5836,0.5806,0.7133
3953,6,14,17,weather_driven,historically_calibrated,0.656103,0.111538,7.5146,8.5655,0.4393,0.6116
3954,6,14,18,weather_driven,historically_calibrated,0.726045,0.123428,8.0263,8.4855,0.2398,0.2194
3955,6,14,19,weather_driven,historically_calibrated,0.707403,0.120258,7.893,8.235,0.1879,0.1541
3956,6,14,20,weather_driven,historically_calibrated,0.72077,0.122531,7.9888,8.1433,0.0894,0.065
3957,6,14,21,weather_driven,historically_calibrated,0.704219,0.119717,7.87,7.9006,0.0194,0.0111
3958,6,14,22,weather_driven,historically_calibrated,0.664583,0.112979,7.5783,7.5865,0.0,0.0081
3959,6,14,23,weather_driven,historically_calibrated,0.626153,0.106446,7.2852,7.2853,0.0,0.0001
3960,6,14,24,weather_driven,historically_calibrated,0.455298,0.077401,5.8365,5.8365,0.0,0.0
3961,6,15,1,weather_driven,historically_calibrated,0.423515,0.071998,5.5361,5.5361,0.0,0.0
3962,6,15,2,weather_driven,historically_calibrated,0.423935,0.072069,5.5401,5.5401,0.0,0.0
3963,6,15,3,weather_driven,historically_calibrated,0.425445,0.072326,5.5546,5.5546,0.0,0.0
3964,6,15,4,weather_driven,historically_calibrated,0.429783,0.073063,5.5962,5.5962,0.0,0.0
3965,6,15,5,weather_driven,historically_calibrated,0.439253,0.074673,5.6862,5.6901,0.0039,0.0
3966,6,15,6,weather_driven,historically_calibrated,0.452097,0.076857,5.8067,5.8547,0.048,0.0
3967,6,15,7,weather_driven,historically_calibrated,0.616128,0.104742,7.2069,7.286,0.0791,0.0
3968,6,15,8,weather_driven,historically_calibrated,0.63037,0.107163,7.3179,7.4812,0.1633,0.0
3969,6,15,9,weather_driven,historically_calibrated,0.618794,0.105195,7.2278,7.5625,0.3266,0.0081
3970,6,15,10,weather_driven,historically_calibrated,0.577384,0.098155,6.8973,7.489,0.473,0.1187
3971,6,15,11,weather_driven,historically_calibrated,0.512557,0.087135,6.3512,7.345,0.6286,0.3652
3972,6,15,12,weather_driven,historically_calibrated,0.466026,0.079224,5.9355,7.2015,0.6545,0.6116
3973,6,15,13,weather_driven,historically_calibrated,0.525744,0.089377,6.4653,7.5813,0.4549,0.6611
3974,6,15,14,weather_driven,historically_calibrated,0.548659,0.093272,6.6598,7.9093,0.5884,0.6611
3975,6,15,15,weather_driven,historically_calibrated,0.634483,0.107862,7.3496,8.2594,0.4717,0.4381
3976,6,15,16,weather_driven,historically_calibrated,0.662091,0.112555,7.5596,8.4419,0.4044,0.4779
3977,6,15,17,weather_driven,historically_calibrated,0.683485,0.116193,7.7188,8.713,0.3331,0.6611
3978,6,15,18,weather_driven,historically_calibrated,0.615174,0.10458,7.1994,8.1434,0.2307,0.7133
3979,6,15,19,weather_driven,historically_calibrated,0.612766,0.10417,7.1805,8.235,0.0389,1.0156
3980,6,15,20,weather_driven,historically_calibrated,0.613307,0.104262,7.1848,8.1433,0.0091,0.9494
3981,6,15,21,weather_driven,historically_calibrated,0.658526,0.111949,7.5328,7.9006,0.0026,0.3652
3982,6,15,22,weather_driven,historically_calibrated,0.592804,0.100777,7.0219,7.5865,0.0,0.5645
3983,6,15,23,weather_driven,historically_calibrated,0.566415,0.096291,6.8074,7.2853,0.0,0.4779
3984,6,15,24,weather_driven,historically_calibrated,0.429325,0.072985,5.5918,5.8365,0.0,0.2447
3985,6,16,1,weather_driven,historically_calibrated,0.368657,0.062672,4.99,5.0932,0.0,0.1032
3986,6,16,2,weather_driven,historically_calibrated,0.371624,0.063176,5.0205,5.0969,0.0,0.0764
3987,6,16,3,weather_driven,historically_calibrated,0.374046,0.063588,5.0453,5.1103,0.0,0.065
3988,6,16,4,weather_driven,historically_calibrated,0.402319,0.068394,5.3294,5.3751,0.0,0.0457
3989,6,16,5,weather_driven,historically_calibrated,0.420422,0.071472,5.5063,5.542,0.0052,0.0306
3990,6,16,6,weather_driven,historically_calibrated,0.414722,0.070503,5.451,5.5443,0.0557,0.0376
3991,6,16,7,weather_driven,historically_calibrated,0.525695,0.089368,6.4649,6.7031,0.149,0.0892
3992,6,16,8,weather_driven,historically_calibrated,0.507047,0.086198,6.3031,6.8827,0.2786,0.3009
3993,6,16,9,weather_driven,historically_calibrated,0.485118,0.08247,6.1086,6.9575,0.4108,0.4381
3994,6,16,10,weather_driven,historically_calibrated,0.46521,0.079086,5.928,6.8899,0.661,0.3009
3995,6,16,11,weather_driven,historically_calibrated,0.421493,0.071654,5.5166,6.726,0.8774,0.332
3996,6,16,12,weather_driven,historically_calibrated,0.388773,0.066091,5.1945,6.5641,1.0044,0.3652
3997,6,16,13,weather_driven,historically_calibrated,0.383318,0.065164,5.1396,6.4902,1.0498,0.3009
3998,6,16,14,weather_driven,historically_calibrated,0.367855,0.062535,4.9817,6.5437,1.042,0.52
3999,6,16,15,weather_driven,historically_calibrated,0.379376,0.064494,5.0996,6.7205,0.8528,0.7682
4000,6,16,16,weather_driven,historically_calibrated,0.432135,0.073463,5.6187,6.9843,0.5975,0.7682
4001,6,16,17,weather_driven,historically_calibrated,0.491736,0.083595,6.1678,7.2696,0.4406,0.6611
4002,6,16,18,weather_driven,historically_calibrated,0.538085,0.091475,6.5706,7.492,0.3097,0.6116
4003,6,16,19,weather_driven,historically_calibrated,0.574629,0.097687,6.8748,7.5762,0.1814,0.52
4004,6,16,20,weather_driven,historically_calibrated,0.609214,0.103566,7.1525,7.4918,0.0946,0.2447
4005,6,16,21,weather_driven,historically_calibrated,0.599116,0.10185,7.0724,7.2686,0.022,0.1741
4006,6,16,22,weather_driven,historically_calibrated,0.647029,0.109995,7.4457,7.4914,0.0,0.0457
4007,6,16,23,weather_driven,historically_calibrated,0.64303,0.109315,7.4152,7.4397,0.0,0.0245
4008,6,16,24,weather_driven,historically_calibrated,0.484892,0.082432,6.1066,6.1177,0.0,0.0111
4009,6,17,1,weather_driven,historically_calibrated,0.443699,0.075429,5.7281,5.7282,0.0,0.0
4010,6,17,2,weather_driven,historically_calibrated,0.44813,0.076182,5.7697,5.7697,0.0,0.0
4011,6,17,3,weather_driven,historically_calibrated,0.461792,0.078505,5.8965,5.8973,0.0,0.0007
4012,6,17,4,weather_driven,historically_calibrated,0.474534,0.080671,6.0131,6.0169,0.0,0.0038
4013,6,17,5,weather_driven,historically_calibrated,0.476563,0.081016,6.0315,6.0411,0.0039,0.0057
4014,6,17,6,weather_driven,historically_calibrated,0.473617,0.080515,6.0047,6.0578,0.0492,0.0038
4015,6,17,7,weather_driven,historically_calibrated,0.620708,0.10552,7.2428,7.3913,0.1374,0.0111
4016,6,17,8,weather_driven,historically_calibrated,0.57411,0.097599,6.8705,7.1855,0.2773,0.0376
4017,6,17,9,weather_driven,historically_calibrated,0.524235,0.08912,6.4523,6.9575,0.416,0.0892
4018,6,17,10,weather_driven,historically_calibrated,0.506583,0.086119,6.299,6.8899,0.4368,0.1541
4019,6,17,11,weather_driven,historically_calibrated,0.50288,0.08549,6.2665,6.726,0.3408,0.1187
4020,6,17,12,weather_driven,historically_calibrated,0.44946,0.076408,5.7822,6.5641,0.6078,0.1741
4021,6,17,13,weather_driven,historically_calibrated,0.452531,0.07693,5.8108,6.4902,0.4601,0.2194
4022,6,17,14,weather_driven,historically_calibrated,0.47138,0.080135,5.9844,6.5437,0.4406,0.1187
4023,6,17,15,weather_driven,historically_calibrated,0.493314,0.083863,6.1819,6.7205,0.4031,0.1356
4024,6,17,16,weather_driven,historically_calibrated,0.527349,0.089649,6.4791,6.9843,0.416,0.0892
4025,6,17,17,weather_driven,historically_calibrated,0.547161,0.093017,6.6472,7.2696,0.2903,0.332
4026,6,17,18,weather_driven,historically_calibrated,0.573998,0.09758,6.8696,7.492,0.2903,0.332
4027,6,17,19,weather_driven,historically_calibrated,0.606056,0.10303,7.1276,7.5762,0.1166,0.332
4028,6,17,20,weather_driven,historically_calibrated,0.599832,0.101971,7.0781,7.4918,0.0816,0.332
4029,6,17,21,weather_driven,historically_calibrated,0.611608,0.103973,7.1714,7.2686,0.0207,0.0764
4030,6,17,22,weather_driven,historically_calibrated,0.582883,0.09909,6.9419,6.9796,0.0,0.0376
4031,6,17,23,weather_driven,historically_calibrated,0.543126,0.092331,6.6133,6.7024,0.0,0.0892
4032,6,17,24,weather_driven,historically_calibrated,0.388283,0.066008,5.1896,5.409,0.0,0.2194
4033,6,18,1,weather_driven,historically_calibrated,0.293725,0.049933,4.1794,5.6579,0.0,1.4784
4034,6,18,2,weather_driven,historically_calibrated,0.300612,0.051104,4.2574,5.8245,0.0,1.5671
4035,6,18,3,weather_driven,historically_calibrated,0.299755,0.050958,4.2477,6.0027,0.0,1.755
4036,6,18,4,weather_driven,historically_calibrated,0.391196,0.066503,5.2188,6.376,0.0,1.1571
4037,6,18,5,weather_driven,historically_calibrated,0.415869,0.070698,5.4621,6.4829,0.0052,1.0156
4038,6,18,6,weather_driven,historically_calibrated,0.379849,0.064574,5.1044,6.5417,0.0441,1.3932
4039,6,18,7,weather_driven,historically_calibrated,0.525692,0.089368,6.4649,8.1409,0.1089,1.5671
4040,6,18,8,weather_driven,historically_calibrated,0.492639,0.083749,6.1758,8.1395,0.2087,1.755
4041,6,18,9,weather_driven,historically_calibrated,0.401246,0.068212,5.3188,7.5625,0.2864,1.9573
4042,6,18,10,weather_driven,historically_calibrated,0.40134,0.068228,5.3197,7.489,0.3149,1.8543
4043,6,18,11,weather_driven,historically_calibrated,0.334139,0.056804,4.6266,7.3109,0.3953,2.289
4044,6,18,12,weather_driven,historically_calibrated,0.205069,0.034862,3.103,7.1349,0.5275,3.5045
4045,6,18,13,weather_driven,historically_calibrated,0.401464,0.068249,5.3209,7.7271,0.3421,2.0641
4046,6,18,14,weather_driven,historically_calibrated,0.237935,0.040449,3.5188,7.3214,0.2981,3.5045
4047,6,18,15,weather_driven,historically_calibrated,0.468844,0.079703,5.9612,8.2692,0.4536,1.8543
4048,6,18,16,weather_driven,historically_calibrated,0.476077,0.080933,6.0271,8.0926,0.2112,1.8543
4049,6,18,17,weather_driven,historically_calibrated,0.575156,0.097776,6.8791,8.3653,0.175,1.3112
4050,6,18,18,weather_driven,historically_calibrated,0.587317,0.099844,6.9778,8.5615,0.1905,1.3932
4051,6,18,19,weather_driven,historically_calibrated,0.643219,0.109347,7.4167,9.3824,0.1115,1.8543
4052,6,18,20,weather_driven,historically_calibrated,0.762479,0.129621,8.2807,9.8751,0.0272,1.5671
4053,6,18,21,weather_driven,historically_calibrated,0.686719,0.116742,7.7425,9.407,0.0052,1.6593
4054,6,18,22,weather_driven,historically_calibrated,0.722322,0.122795,7.9999,9.3111,0.0,1.3112
4055,6,18,23,weather_driven,historically_calibrated,0.667746,0.113517,7.602,8.8346,0.0,1.2326
4056,6,18,24,weather_driven,historically_calibrated,0.424497,0.072164,5.5455,6.7781,0.0,1.2326
4057,6,19,1,weather_driven,historically_calibrated,0.384382,0.065345,5.1503,6.3075,0.0,1.1571
4058,6,19,2,weather_driven,historically_calibrated,0.377396,0.064157,5.0795,6.3121,0.0,1.2326
4059,6,19,3,weather_driven,historically_calibrated,0.411536,0.069961,5.4199,6.3693,0.0,0.9494
4060,6,19,4,weather_driven,historically_calibrated,0.422311,0.071793,5.5245,6.5401,0.0,1.0156
4061,6,19,5,weather_driven,historically_calibrated,0.42427,0.072126,5.5434,6.8585,0.0039,1.3112
4062,6,19,6,weather_driven,historically_calibrated,0.388686,0.066077,5.1936,7.0998,0.0518,1.8543
4063,6,19,7,weather_driven,historically_calibrated,0.524311,0.089133,6.453,9.3163,0.0765,2.7869
4064,6,19,8,weather_driven,historically_calibrated,0.516647,0.08783,6.3868,9.2916,0.1179,2.7869
4065,6,19,9,weather_driven,historically_calibrated,0.421371,0.071633,5.5154,8.6717,0.2346,2.9217
4066,6,19,10,weather_driven,historically_calibrated,0.342718,0.058262,4.7184,7.8734,0.2333,2.9217
4067,6,19,11,weather_driven,historically_calibrated,0.25359,0.04311,3.7097,7.3109,0.5404,3.0608
4068,6,19,12,weather_driven,historically_calibrated,0.23319,0.039642,3.4601,7.8674,0.5845,3.8229
4069,6,19,13,weather_driven,historically_calibrated,0.228505,0.038846,3.4017,7.4685,0.0778,3.9891
4070,6,19,14,weather_driven,historically_calibrated,0.2532,0.043044,3.705,8.3124,0.9461,3.6614
4071,6,19,15,weather_driven,historically_calibrated,0.62663,0.106527,7.2889,9.0191,0.6454,1.0848
4072,6,19,16,weather_driven,historically_calibrated,0.448544,0.076252,5.7736,8.2597,0.5288,1.9573
4073,6,19,17,weather_driven,historically_calibrated,0.404546,0.068773,5.3514,9.1765,0.473,3.3521
4074,6,19,18,weather_driven,historically_calibrated,0.561403,0.095438,6.766,9.4572,0.2838,2.4074
4075,6,19,19,weather_driven,historically_calibrated,0.640515,0.108888,7.396,9.0805,0.2061,1.4784
4076,6,19,20,weather_driven,historically_calibrated,0.754932,0.128338,8.2287,9.3376,0.0933,1.0156
4077,6,19,21,weather_driven,historically_calibrated,0.677863,0.115237,7.6772,9.0015,0.013,1.3112
4078,6,19,22,weather_driven,historically_calibrated,0.632195,0.107473,7.332,8.8104,0.0,1.4784
4079,6,19,23,weather_driven,historically_calibrated,0.576921,0.098077,6.8935,8.4606,0.0,1.5671
4080,6,19,24,weather_driven,historically_calibrated,0.427897,0.072743,5.5782,6.7353,0.0,1.1571
4081,6,20,1,weather_driven,historically_calibrated,0.262664,0.044653,3.8183,6.348,0.0,2.5298
4082,6,20,2,weather_driven,historically_calibrated,0.191078,0.032483,2.9193,6.2714,0.0,3.3521
4083,6,20,3,weather_driven,historically_calibrated,0.186199,0.031654,2.8543,6.2064,0.0,3.3521
4084,6,20,4,weather_driven,historically_calibrated,0.284883,0.04843,4.0782,6.2528,0.0,2.1746
4085,6,20,5,weather_driven,historically_calibrated,0.32255,0.054833,4.5008,6.3578,0.0026,1.8543
4086,6,20,6,weather_driven,historically_calibrated,0.351259,0.059714,4.8088,6.5846,0.0207,1.755
4087,6,20,7,weather_driven,historically_calibrated,0.539301,0.091681,6.581,8.3012,0.0609,1.6593
4088,6,20,8,weather_driven,historically_calibrated,0.501563,0.085266,6.2549,8.1395,0.1296,1.755
4089,6,20,9,weather_driven,historically_calibrated,0.441318,0.075024,5.7057,8.1171,0.3473,2.0641
4090,6,20,10,weather_driven,historically_calibrated,0.303685,0.051626,4.2919,7.7636,0.4108,3.0608
4091,6,20,11,weather_driven,historically_calibrated,0.344964,0.058644,4.7423,7.3109,0.394,2.1746
4092,6,20,12,weather_driven,historically_calibrated,0.409048,0.069538,5.3956,7.1349,0.5067,1.2326
4093,6,20,13,weather_driven,historically_calibrated,0.325958,0.055413,4.538,7.0546,0.6623,1.8543
4094,6,20,14,weather_driven,historically_calibrated,0.404151,0.068706,5.3475,7.1127,0.5327,1.2326
4095,6,20,15,weather_driven,historically_calibrated,0.335028,0.056955,4.6362,7.3049,0.3797,2.289
4096,6,20,16,weather_driven,historically_calibrated,0.369474,0.062811,4.9984,7.5916,0.4186,2.1746
4097,6,20,17,weather_driven,historically_calibrated,0.390754,0.066428,5.2144,7.9017,0.2799,2.4074
4098,6,20,18,weather_driven,historically_calibrated,0.451314,0.076723,5.7995,8.1434,0.2799,2.0641
4099,6,20,19,weather_driven,historically_calibrated,0.703258,0.119554,7.8631,9.6844,0.162,1.6593
4100,6,20,20,weather_driven,historically_calibrated,0.722535,0.122831,8.0014,9.2182,0.0596,1.1571
4101,6,20,21,weather_driven,historically_calibrated,0.697895,0.118642,7.8242,8.6538,0.0039,0.8257
4102,6,20,22,weather_driven,historically_calibrated,0.738104,0.125478,8.1114,8.4766,0.0,0.3652
4103,6,20,23,weather_driven,historically_calibrated,0.720372,0.122463,7.986,8.1401,0.0,0.1541
4104,6,20,24,weather_driven,historically_calibrated,0.528417,0.089831,6.4882,6.6069,0.0,0.1187
4105,6,21,1,weather_driven,historically_calibrated,0.467088,0.079405,5.9452,6.0639,0.0,0.1187
4106,6,21,2,weather_driven,historically_calibrated,0.452757,0.076969,5.8129,5.987,0.0,0.1741
4107,6,21,3,weather_driven,historically_calibrated,0.472162,0.080268,5.9915,6.1657,0.0,0.1741
4108,6,21,4,weather_driven,historically_calibrated,0.479464,0.081509,6.0577,6.2118,0.0,0.1541
4109,6,21,5,weather_driven,historically_calibrated,0.476718,0.081042,6.0329,6.1908,0.0039,0.1541
4110,6,21,6,weather_driven,historically_calibrated,0.480695,0.081718,6.0688,6.1982,0.0402,0.0892
4111,6,21,7,weather_driven,historically_calibrated,0.665138,0.113073,7.5825,7.7669,0.1296,0.0548
4112,6,21,8,weather_driven,historically_calibrated,0.567338,0.096447,6.815,7.4812,0.2281,0.4381
4113,6,21,9,weather_driven,historically_calibrated,0.556698,0.094639,6.727,7.5625,0.3577,0.4779
4114,6,21,10,weather_driven,historically_calibrated,0.509585,0.086629,6.3253,7.489,0.5521,0.6116
4115,6,21,11,weather_driven,historically_calibrated,0.367729,0.062514,4.9804,7.3109,0.7633,1.5671
4116,6,21,12,weather_driven,historically_calibrated,0.393363,0.066872,5.2405,7.1349,0.5832,1.3112
4117,6,21,13,weather_driven,historically_calibrated,0.283573,0.048207,4.0631,7.0546,0.7024,2.289
4118,6,21,14,weather_driven,historically_calibrated,0.351796,0.059805,4.8145,7.1127,0.6389,1.6593
4119,6,21,15,weather_driven,historically_calibrated,0.378847,0.064404,5.0942,7.3049,0.7322,1.4784
4120,6,21,16,weather_driven,historically_calibrated,0.498143,0.084684,6.2247,7.5916,0.5988,0.7682
4121,6,21,17,weather_driven,historically_calibrated,0.562124,0.095561,6.772,7.9017,0.3616,0.7682
4122,6,21,18,weather_driven,historically_calibrated,0.63895,0.108621,7.384,8.1434,0.3214,0.4381
4123,6,21,19,weather_driven,historically_calibrated,0.694833,0.118122,7.8019,8.235,0.1011,0.332
4124,6,21,20,weather_driven,historically_calibrated,0.705912,0.120005,7.8823,8.1433,0.0868,0.1741
4125,6,21,21,weather_driven,historically_calibrated,0.692946,0.117801,7.7881,7.9006,0.0233,0.0892
4126,6,21,22,weather_driven,historically_calibrated,0.655503,0.111436,7.51,7.5865,0.0,0.0764
4127,6,21,23,weather_driven,historically_calibrated,0.638952,0.108622,7.384,7.3921,0.0,0.0081
4128,6,21,24,weather_driven,historically_calibrated,0.502496,0.085424,6.2631,6.2645,0.0,0.0014
4129,6,22,1,weather_driven,historically_calibrated,0.451482,0.076752,5.801,5.8203,0.0,0.0193
4130,6,22,2,weather_driven,historically_calibrated,0.496352,0.08438,6.2088,6.3121,0.0,0.1032
4131,6,22,3,weather_driven,historically_calibrated,0.472717,0.080362,5.9966,6.3286,0.0,0.332
4132,6,22,4,weather_driven,historically_calibrated,0.520614,0.088504,6.4211,6.7863,0.0,0.3652
4133,6,22,5,weather_driven,historically_calibrated,0.520606,0.088503,6.4211,6.9002,0.0013,0.4779
4134,6,22,6,weather_driven,historically_calibrated,0.508155,0.086386,6.3128,6.8851,0.0078,0.5645
4135,6,22,7,weather_driven,historically_calibrated,0.6978,0.118626,7.8235,8.6752,0.0259,0.8257
4136,6,22,8,weather_driven,historically_calibrated,0.764992,0.130049,8.298,8.7978,0.022,0.4779
4137,6,22,9,weather_driven,historically_calibrated,0.738937,0.125619,8.1172,8.7272,0.0454,0.5645
4138,6,22,10,weather_driven,historically_calibrated,0.652926,0.110997,7.4905,8.4775,0.0376,0.9494
4139,6,22,11,weather_driven,historically_calibrated,0.612634,0.104148,7.1795,8.2223,0.0272,1.0156
4140,6,22,12,weather_driven,historically_calibrated,0.605975,0.103016,7.1269,7.8674,0.0272,0.7133
4141,6,22,13,weather_driven,historically_calibrated,0.637625,0.108396,7.3738,7.9858,0.092,0.52
4142,6,22,14,weather_driven,historically_calibrated,0.65116,0.110697,7.4771,7.9994,0.0842,0.4381
4143,6,22,15,weather_driven,historically_calibrated,0.566544,0.096313,6.8085,8.1085,0.0674,1.2326
4144,6,22,16,weather_driven,historically_calibrated,0.579965,0.098594,6.9183,8.204,0.0531,1.2326
4145,6,22,17,weather_driven,historically_calibrated,0.652313,0.110893,7.4859,8.2494,0.1024,0.6611
4146,6,22,18,weather_driven,historically_calibrated,0.639061,0.10864,7.3848,8.442,0.1711,0.8861
4147,6,22,19,weather_driven,historically_calibrated,0.648713,0.110281,7.4585,8.235,0.1153,0.6611
4148,6,22,20,weather_driven,historically_calibrated,0.685553,0.116544,7.734,8.1433,0.0441,0.3652
4149,6,22,21,weather_driven,historically_calibrated,0.625153,0.106276,7.2774,7.9006,0.0117,0.6116
4150,6,22,22,weather_driven,historically_calibrated,0.580836,0.098742,6.9253,7.5865,0.0,0.6611
4151,6,22,23,weather_driven,historically_calibrated,0.544413,0.09255,6.6241,7.2853,0.0,0.6611
4152,6,22,24,weather_driven,historically_calibrated,0.381702,0.064889,5.1232,5.8365,0.0,0.7133
4153,6,23,1,weather_driven,historically_calibrated,0.37793,0.064248,5.0849,5.1306,0.0,0.0457
4154,6,23,2,weather_driven,historically_calibrated,0.384778,0.065412,5.1543,5.2091,0.0,0.0548
4155,6,23,3,weather_driven,historically_calibrated,0.38332,0.065164,5.1396,5.1852,0.0,0.0457
4156,6,23,4,weather_driven,historically_calibrated,0.381784,0.064903,5.124,5.1485,0.0,0.0245
4157,6,23,5,weather_driven,historically_calibrated,0.37753,0.06418,5.0808,5.2349,0.0,0.1541
4158,6,23,6,weather_driven,historically_calibrated,0.393481,0.066892,5.2416,5.3863,0.0091,0.1356
4159,6,23,7,weather_driven,historically_calibrated,0.531432,0.090344,6.514,6.7031,0.035,0.1541
4160,6,23,8,weather_driven,historically_calibrated,0.535639,0.091059,6.5499,6.8827,0.0881,0.2447
4161,6,23,9,weather_driven,historically_calibrated,0.537134,0.091313,6.5626,6.9575,0.1231,0.2718
4162,6,23,10,weather_driven,historically_calibrated,0.523158,0.088937,6.4431,6.8899,0.175,0.2718
4163,6,23,11,weather_driven,historically_calibrated,0.490504,0.083386,6.1568,6.726,0.2372,0.332
4164,6,23,12,weather_driven,historically_calibrated,0.472964,0.080404,5.9988,6.5641,0.2644,0.3009
4165,6,23,13,weather_driven,historically_calibrated,0.472952,0.080402,5.9987,6.4902,0.2722,0.2194
4166,6,23,14,weather_driven,historically_calibrated,0.480339,0.081658,6.0656,6.5437,0.324,0.1541
4167,6,23,15,weather_driven,historically_calibrated,0.506374,0.086084,6.2972,6.7205,0.2877,0.1356
4168,6,23,16,weather_driven,historically_calibrated,0.547698,0.093109,6.6518,6.9843,0.2138,0.1187
4169,6,23,17,weather_driven,historically_calibrated,0.58443,0.099353,6.9545,7.2696,0.2501,0.065
4170,6,23,18,weather_driven,historically_calibrated,0.618831,0.105201,7.2281,7.492,0.2333,0.0306
4171,6,23,19,weather_driven,historically_calibrated,0.642415,0.109211,7.4105,7.5762,0.1633,0.0024
4172,6,23,20,weather_driven,historically_calibrated,0.641688,0.109087,7.405,7.4918,0.0868,0.0
4173,6,23,21,weather_driven,historically_calibrated,0.621525,0.105659,7.2491,7.2686,0.0194,0.0
4174,6,23,22,weather_driven,historically_calibrated,0.587537,0.099881,6.9796,6.9796,0.0,0.0
4175,6,23,23,weather_driven,historically_calibrated,0.553754,0.094138,6.7024,6.7024,0.0,0.0
4176,6,23,24,weather_driven,historically_calibrated,0.406398,0.069088,5.3696,5.3696,0.0,0.0
4177,6,24,1,weather_driven,historically_calibrated,0.378746,0.064387,5.0932,5.0932,0.0,0.0
4178,6,24,2,weather_driven,historically_calibrated,0.379112,0.064449,5.0969,5.0969,0.0,0.0
4179,6,24,3,weather_driven,historically_calibrated,0.380427,0.064673,5.1103,5.1103,0.0,0.0
4180,6,24,4,weather_driven,historically_calibrated,0.391709,0.066591,5.2239,5.224,0.0,0.0001
4181,6,24,5,weather_driven,historically_calibrated,0.392047,0.066648,5.2273,5.2349,0.0052,0.0024
4182,6,24,6,weather_driven,historically_calibrated,0.401617,0.068275,5.3225,5.3863,0.0557,0.0081
4183,6,24,7,weather_driven,historically_calibrated,0.534973,0.090945,6.5442,6.7031,0.1477,0.0111
4184,6,24,8,weather_driven,historically_calibrated,0.540198,0.091834,6.5885,6.8827,0.2903,0.0038
4185,6,24,9,weather_driven,historically_calibrated,0.567446,0.096466,6.8159,7.3147,0.4795,0.0193
4186,6,24,10,weather_driven,historically_calibrated,0.603869,0.102658,7.1102,7.8544,0.6895,0.0548
4187,6,24,11,weather_driven,historically_calibrated,0.602977,0.102506,7.1031,8.1385,0.8813,0.1541
4188,6,24,12,weather_driven,historically_calibrated,0.617734,0.105015,7.2195,8.4633,0.972,0.2718
4189,6,24,13,weather_driven,historically_calibrated,0.630315,0.107154,7.3174,8.5801,1.0433,0.2194
4190,6,24,14,weather_driven,historically_calibrated,0.624504,0.106166,7.2724,8.7118,0.9616,0.4779
4191,6,24,15,weather_driven,historically_calibrated,0.658589,0.11196,7.5333,8.8845,0.7867,0.5645
4192,6,24,16,weather_driven,historically_calibrated,0.705328,0.119906,7.8781,9.0702,0.5806,0.6116
4193,6,24,17,weather_driven,historically_calibrated,0.735406,0.125019,8.0924,9.1015,0.4445,0.5645
4194,6,24,18,weather_driven,historically_calibrated,0.770875,0.131049,8.3382,9.0653,0.289,0.4381
4195,6,24,19,weather_driven,historically_calibrated,0.800578,0.136098,8.5385,8.849,0.175,0.1356
4196,6,24,20,weather_driven,historically_calibrated,0.714367,0.121442,7.9431,8.3658,0.0907,0.332
4197,6,24,21,weather_driven,historically_calibrated,0.592866,0.100787,7.0224,7.8113,0.0207,0.7682
4198,6,24,22,weather_driven,historically_calibrated,0.605285,0.102899,7.1214,7.2401,0.0,0.1187
4199,6,24,23,weather_driven,historically_calibrated,0.532653,0.090551,6.5245,6.7963,0.0,0.2718
4200,6,24,24,weather_driven,historically_calibrated,0.390867,0.066447,5.2155,5.3696,0.0,0.1541
4201,6,25,1,weather_driven,historically_calibrated,0.386423,0.065692,5.1709,5.5361,0.0,0.3652
4202,6,25,2,weather_driven,historically_calibrated,0.393236,0.06685,5.2392,5.5401,0.0,0.3009
4203,6,25,3,weather_driven,historically_calibrated,0.411446,0.069946,5.419,5.5546,0.0,0.1356
4204,6,25,4,weather_driven,historically_calibrated,0.42502,0.072253,5.5506,5.5962,0.0,0.0457
4205,6,25,5,weather_driven,historically_calibrated,0.436024,0.074124,5.6556,5.6901,0.0039,0.0306
4206,6,25,6,weather_driven,historically_calibrated,0.42764,0.072699,5.5757,5.8547,0.0596,0.2194
4207,6,25,7,weather_driven,historically_calibrated,0.600022,0.102004,7.0796,7.286,0.1607,0.0457
4208,6,25,8,weather_driven,historically_calibrated,0.74268,0.126256,8.1435,8.2841,0.14,0.0007
4209,6,25,9,weather_driven,historically_calibrated,0.776987,0.132088,8.3798,8.7272,0.3473,0.0
4210,6,25,10,weather_driven,historically_calibrated,0.8439,0.143463,8.822,9.3762,0.4186,0.1356
4211,6,25,11,weather_driven,historically_calibrated,0.813733,0.138335,8.6256,9.4944,0.6947,0.1741
4212,6,25,12,weather_driven,historically_calibrated,0.744017,0.126483,8.1528,9.5322,0.6661,0.7133
4213,6,25,13,weather_driven,historically_calibrated,0.736404,0.125189,8.0995,9.6554,0.6065,0.9494
4214,6,25,14,weather_driven,historically_calibrated,0.76898,0.130727,8.3253,9.7349,0.6415,0.7682
4215,6,25,15,weather_driven,historically_calibrated,0.881735,0.149895,9.0618,10.1344,0.508,0.5645
4216,6,25,16,weather_driven,historically_calibrated,0.940889,0.159951,9.4231,10.6029,0.4666,0.7133
4217,6,25,17,weather_driven,historically_calibrated,1.041067,0.176981,10.0006,10.8517,0.3732,0.4779
4218,6,25,18,weather_driven,historically_calibrated,0.809599,0.137632,8.5983,10.8796,0.324,1.9573
4219,6,25,19,weather_driven,historically_calibrated,0.786951,0.133782,8.4472,10.5024,0.2009,1.8543
4220,6,25,20,weather_driven,historically_calibrated,0.899306,0.152882,9.1708,10.1954,0.0752,0.9494
4221,6,25,21,weather_driven,historically_calibrated,0.848232,0.144199,8.8498,9.6335,0.0156,0.7682
4222,6,25,22,weather_driven,historically_calibrated,0.749572,0.127427,8.1915,8.4362,0.0,0.2447
4223,6,25,23,weather_driven,historically_calibrated,0.609298,0.103581,7.1532,7.5912,0.0,0.4381
4224,6,25,24,weather_driven,historically_calibrated,0.414921,0.070537,5.4529,5.891,0.0,0.4381
4225,6,26,1,weather_driven,historically_calibrated,0.382923,0.065097,5.1356,5.5361,0.0,0.4005
4226,6,26,2,weather_driven,historically_calibrated,0.386824,0.06576,5.1749,5.5401,0.0,0.3652
4227,6,26,3,weather_driven,historically_calibrated,0.397616,0.067595,5.2828,5.5546,0.0,0.2718
4228,6,26,4,weather_driven,historically_calibrated,0.404565,0.068776,5.3516,5.5962,0.0,0.2447
4229,6,26,5,weather_driven,historically_calibrated,0.416488,0.070803,5.4681,5.6901,0.0026,0.2194
4230,6,26,6,weather_driven,historically_calibrated,0.436053,0.074129,5.6559,5.8547,0.0246,0.1741
4231,6,26,7,weather_driven,historically_calibrated,0.595208,0.101185,7.0412,7.286,0.0907,0.1541
4232,6,26,8,weather_driven,historically_calibrated,0.595586,0.10125,7.0442,7.4812,0.2411,0.1959
4233,6,26,9,weather_driven,historically_calibrated,0.592521,0.100729,7.0196,7.5625,0.3888,0.1541
4234,6,26,10,weather_driven,historically_calibrated,0.576462,0.097998,6.8897,7.489,0.4251,0.1741
4235,6,26,11,weather_driven,historically_calibrated,0.550008,0.093501,6.6711,7.3109,0.5365,0.1032
4236,6,26,12,weather_driven,historically_calibrated,0.514016,0.087383,6.3639,7.1349,0.6169,0.1541
4237,6,26,13,weather_driven,historically_calibrated,0.503532,0.0856,6.2722,7.1534,0.7271,0.1541
4238,6,26,14,weather_driven,historically_calibrated,0.503742,0.085636,6.2741,7.2787,0.8087,0.1959
4239,6,26,15,weather_driven,historically_calibrated,0.524309,0.089132,6.453,7.4072,0.7348,0.2194
4240,6,26,16,weather_driven,historically_calibrated,0.557789,0.094824,6.736,7.5916,0.6597,0.1959
4241,6,26,17,weather_driven,historically_calibrated,0.611649,0.10398,7.1717,7.9017,0.5106,0.2194
4242,6,26,18,weather_driven,historically_calibrated,0.671812,0.114208,7.6323,8.1434,0.337,0.1741
4243,6,26,19,weather_driven,historically_calibrated,0.709258,0.120574,7.9064,8.235,0.21,0.1187
4244,6,26,20,weather_driven,historically_calibrated,0.723421,0.122982,8.0077,8.1433,0.105,0.0306
4245,6,26,21,weather_driven,historically_calibrated,0.701123,0.119191,7.8476,7.9006,0.0285,0.0245
4246,6,26,22,weather_driven,historically_calibrated,0.66418,0.112911,7.5753,7.5865,0.0,0.0111
4247,6,26,23,weather_driven,historically_calibrated,0.639513,0.108717,7.3883,7.3921,0.0,0.0038
4248,6,26,24,weather_driven,historically_calibrated,0.522143,0.088764,6.4343,6.4357,0.0,0.0014
4249,6,27,1,weather_driven,historically_calibrated,0.489176,0.08316,6.145,6.1451,0.0,0.0001
4250,6,27,2,weather_driven,historically_calibrated,0.517388,0.087956,6.3932,6.3933,0.0,0.0001
4251,6,27,3,weather_driven,historically_calibrated,0.54802,0.093163,6.6545,6.6545,0.0,0.0
4252,6,27,4,weather_driven,historically_calibrated,0.57385,0.097555,6.8684,6.8684,0.0,0.0
4253,6,27,5,weather_driven,historically_calibrated,0.572161,0.097267,6.8546,6.8585,0.0039,0.0
4254,6,27,6,weather_driven,historically_calibrated,0.503567,0.085606,6.2725,6.327,0.0544,0.0
4255,6,27,7,weather_driven,historically_calibrated,0.607406,0.103259,7.1382,7.286,0.1477,0.0
4256,6,27,8,weather_driven,historically_calibrated,0.613751,0.104338,7.1883,7.4812,0.2929,0.0
4257,6,27,9,weather_driven,historically_calibrated,0.599308,0.101882,7.0739,7.5625,0.4886,0.0
4258,6,27,10,weather_driven,historically_calibrated,0.563258,0.095754,6.7814,7.489,0.7076,0.0
4259,6,27,11,weather_driven,historically_calibrated,0.518598,0.088162,6.4037,7.3109,0.9072,0.0
4260,6,27,12,weather_driven,historically_calibrated,0.516765,0.08785,6.3878,7.4013,1.0135,0.0
4261,6,27,13,weather_driven,historically_calibrated,0.512073,0.087052,6.347,7.3838,1.0368,0.0
4262,6,27,14,weather_driven,historically_calibrated,0.567426,0.096463,6.8157,7.8098,0.994,0.0
4263,6,27,15,weather_driven,historically_calibrated,0.592453,0.100717,7.0191,7.9185,0.8994,0.0
4264,6,27,16,weather_driven,historically_calibrated,0.633656,0.107722,7.3432,8.0522,0.7089,0.0
4265,6,27,17,weather_driven,historically_calibrated,0.663603,0.112813,7.571,8.0492,0.4782,0.0
4266,6,27,18,weather_driven,historically_calibrated,0.695129,0.118172,7.8041,8.1434,0.3201,0.0193
4267,6,27,19,weather_driven,historically_calibrated,0.584914,0.099435,6.9584,8.235,0.1918,1.0848
4268,6,27,20,weather_driven,historically_calibrated,0.664266,0.112925,7.576,8.1433,0.0894,0.4779
4269,6,27,21,weather_driven,historically_calibrated,0.691378,0.117534,7.7767,7.9006,0.0207,0.1032
4270,6,27,22,weather_driven,historically_calibrated,0.663688,0.112827,7.5716,7.5865,0.0,0.0148
4271,6,27,23,weather_driven,historically_calibrated,0.625855,0.106395,7.2829,7.2853,0.0,0.0024
4272,6,27,24,weather_driven,historically_calibrated,0.454423,0.077252,5.8284,5.8365,0.0,0.0081
4273,6,28,1,weather_driven,historically_calibrated,0.418787,0.071194,5.4904,5.5361,0.0,0.0457
4274,6,28,2,weather_driven,historically_calibrated,0.418264,0.071105,5.4854,5.5401,0.0,0.0548
4275,6,28,3,weather_driven,historically_calibrated,0.418706,0.07118,5.4896,5.5546,0.0,0.065
4276,6,28,4,weather_driven,historically_calibrated,0.442272,0.075186,5.7147,5.7604,0.0,0.0457
4277,6,28,5,weather_driven,historically_calibrated,0.45304,0.077017,5.8155,5.857,0.0039,0.0376
4278,6,28,6,weather_driven,historically_calibrated,0.448779,0.076292,5.7758,5.8547,0.0544,0.0245
4279,6,28,7,weather_driven,historically_calibrated,0.602987,0.102508,7.1032,7.286,0.1452,0.0376
4280,6,28,8,weather_driven,historically_calibrated,0.609469,0.10361,7.1545,7.4812,0.289,0.0376
4281,6,28,9,weather_driven,historically_calibrated,0.595964,0.101314,7.0472,7.5625,0.4847,0.0306
4282,6,28,10,weather_driven,historically_calibrated,0.558061,0.09487,6.7383,7.489,0.705,0.0457
4283,6,28,11,weather_driven,historically_calibrated,0.515773,0.087681,6.3792,7.3109,0.9072,0.0245
4284,6,28,12,weather_driven,historically_calibrated,0.496257,0.084364,6.208,7.2015,0.9824,0.0111
4285,6,28,13,weather_driven,historically_calibrated,0.49463,0.084087,6.1936,7.2192,1.02,0.0057
4286,6,28,14,weather_driven,historically_calibrated,0.530507,0.090186,6.5061,7.5442,1.0381,0.0
4287,6,28,15,weather_driven,historically_calibrated,0.567481,0.096472,6.8162,7.6799,0.8489,0.0148
4288,6,28,16,weather_driven,historically_calibrated,0.624385,0.106145,7.2714,7.9104,0.6389,0.0001
4289,6,28,17,weather_driven,historically_calibrated,0.636353,0.10818,7.364,7.9017,0.5132,0.0245
4290,6,28,18,weather_driven,historically_calibrated,0.447846,0.076134,5.7671,8.1434,0.3123,2.0641
4291,6,28,19,weather_driven,historically_calibrated,0.64124,0.109011,7.4015,8.235,0.1724,0.6611
4292,6,28,20,weather_driven,historically_calibrated,0.689369,0.117193,7.762,8.1433,0.0804,0.3009
4293,6,28,21,weather_driven,historically_calibrated,0.689089,0.117145,7.7599,7.9006,0.022,0.1187
4294,6,28,22,weather_driven,historically_calibrated,0.658378,0.111924,7.5317,7.5865,0.0,0.0548
4295,6,28,23,weather_driven,historically_calibrated,0.621333,0.105627,7.2476,7.2853,0.0,0.0376
4296,6,28,24,weather_driven,historically_calibrated,0.454423,0.077252,5.8284,5.8365,0.0,0.0081
4297,6,29,1,weather_driven,historically_calibrated,0.431915,0.073426,5.6166,5.6173,0.0,0.0007
4298,6,29,2,weather_driven,historically_calibrated,0.458391,0.077926,5.8652,5.8652,0.0,0.0
4299,6,29,3,weather_driven,historically_calibrated,0.482399,0.082008,6.0842,6.0842,0.0,0.0
4300,6,29,4,weather_driven,historically_calibrated,0.505995,0.086019,6.2939,6.2939,0.0,0.0
4301,6,29,5,weather_driven,historically_calibrated,0.507931,0.086348,6.3108,6.316,0.0052,0.0
4302,6,29,6,weather_driven,historically_calibrated,0.46917,0.079759,5.9642,6.0264,0.0622,0.0
4303,6,29,7,weather_driven,historically_calibrated,0.605932,0.103008,7.1266,7.286,0.1594,0.0
4304,6,29,8,weather_driven,historically_calibrated,0.617716,0.105012,7.2194,7.4812,0.2618,0.0
4305,6,29,9,weather_driven,historically_calibrated,0.605831,0.102991,7.1258,7.5625,0.4368,0.0
4306,6,29,10,weather_driven,historically_calibrated,0.576998,0.09809,6.8941,7.489,0.5949,0.0
4307,6,29,11,weather_driven,historically_calibrated,0.547481,0.093072,6.6499,7.3109,0.661,0.0
4308,6,29,12,weather_driven,historically_calibrated,0.522831,0.088881,6.4403,7.1349,0.6947,0.0
4309,6,29,13,weather_driven,historically_calibrated,0.53586,0.091096,6.5518,7.0546,0.5028,0.0
4310,6,29,14,weather_driven,historically_calibrated,0.541801,0.092106,6.6021,7.1127,0.5106,0.0
4311,6,29,15,weather_driven,historically_calibrated,0.563105,0.095728,6.7801,7.3049,0.521,0.0038
4312,6,29,16,weather_driven,historically_calibrated,0.567967,0.096554,6.8202,7.5916,0.2514,0.52
4313,6,29,17,weather_driven,historically_calibrated,0.611053,0.103879,7.167,7.9017,0.1231,0.6116
4314,6,29,18,weather_driven,historically_calibrated,0.667846,0.113534,7.6028,8.1434,0.2398,0.3009
4315,6,29,19,weather_driven,historically_calibrated,0.7281,0.123777,8.0409,8.235,0.105,0.0892
4316,6,29,20,weather_driven,historically_calibrated,0.718863,0.122207,7.9752,8.1433,0.0648,0.1032
4317,6,29,21,weather_driven,historically_calibrated,0.700818,0.119139,7.8454,7.9006,0.0246,0.0306
4318,6,29,22,weather_driven,historically_calibrated,0.665667,0.113163,7.5865,7.5865,0.0,0.0
4319,6,29,23,weather_driven,historically_calibrated,0.626165,0.106448,7.2853,7.2853,0.0,0.0
4320,6,29,24,weather_driven,historically_calibrated,0.459923,0.078187,5.8793,5.8793,0.0,0.0
4321,6,30,1,weather_driven,historically_calibrated,0.401095,0.068186,5.3173,5.3173,0.0,0.0
4322,6,30,2,weather_driven,historically_calibrated,0.42061,0.071504,5.5081,5.5081,0.0,0.0
4323,6,30,3,weather_driven,historically_calibrated,0.426,0.07242,5.56,5.56,0.0,0.0
4324,6,30,4,weather_driven,historically_calibrated,0.438288,0.074509,5.6771,5.6771,0.0,0.0
4325,6,30,5,weather_driven,historically_calibrated,0.43605,0.074128,5.6559,5.6572,0.0013,0.0
4326,6,30,6,weather_driven,historically_calibrated,0.447293,0.07604,5.7619,5.7813,0.0194,0.0
4327,6,30,7,weather_driven,historically_calibrated,0.640906,0.108954,7.399,7.4404,0.0415,0.0
4328,6,30,8,weather_driven,historically_calibrated,0.683816,0.116249,7.7212,7.7912,0.07,0.0
4329,6,30,9,weather_driven,historically_calibrated,0.677785,0.115223,7.6767,7.7739,0.0972,0.0
4330,6,30,10,weather_driven,historically_calibrated,0.633309,0.107662,7.3406,7.4456,0.1037,0.0014
4331,6,30,11,weather_driven,historically_calibrated,0.535992,0.091119,6.5529,6.726,0.162,0.0111
4332,6,30,12,weather_driven,historically_calibrated,0.570169,0.096929,6.8383,7.0455,0.1827,0.0245
4333,6,30,13,weather_driven,historically_calibrated,0.564269,0.095926,6.7897,6.9186,0.114,0.0148
4334,6,30,14,weather_driven,historically_calibrated,0.568147,0.096585,6.8217,7.0236,0.1128,0.0892
4335,6,30,15,weather_driven,historically_calibrated,0.590552,0.100394,7.0038,7.1641,0.057,0.1032
4336,6,30,16,weather_driven,historically_calibrated,0.602125,0.102361,7.0964,7.2916,0.0596,0.1356
4337,6,30,17,weather_driven,historically_calibrated,0.611303,0.103921,7.169,7.3762,0.0531,0.1541
4338,6,30,18,weather_driven,historically_calibrated,0.628814,0.106898,7.3058,7.492,0.0505,0.1356
4339,6,30,19,weather_driven,historically_calibrated,0.64752,0.110078,7.4495,7.5762,0.0376,0.0892
4340,6,30,20,weather_driven,historically_calibrated,0.643171,0.109339,7.4163,7.4918,0.0207,0.0548
4341,6,30,21,weather_driven,historically_calibrated,0.6196,0.105332,7.2341,7.2686,0.0039,0.0306
4342,6,30,22,weather_driven,historically_calibrated,0.583752,0.099238,6.949,6.9796,0.0,0.0306
4343,6,30,23,weather_driven,historically_calibrated,0.550095,0.093516,6.6719,6.7024,0.0,0.0306
4344,6,30,24,weather_driven,historically_calibrated,0.402579,0.068438,5.332,5.3696,0.0,0.0376
4345,7,1,1,weather_driven,historically_calibrated,0.376854,0.064065,5.0739,5.0932,0.0,0.0193
4346,7,1,2,weather_driven,historically_calibrated,0.378016,0.064263,5.0858,5.0969,0.0,0.0111
4347,7,1,3,weather_driven,historically_calibrated,0.378531,0.06435,5.091,5.1103,0.0,0.0193
4348,7,1,4,weather_driven,historically_calibrated,0.381784,0.064903,5.124,5.1485,0.0,0.0245
4349,7,1,5,weather_driven,historically_calibrated,0.389971,0.066295,5.2065,5.2349,0.0039,0.0245
4350,7,1,6,weather_driven,historically_calibrated,0.398564,0.067756,5.2922,5.3863,0.0635,0.0306
4351,7,1,7,weather_driven,historically_calibrated,0.529743,0.090056,6.4996,6.7031,0.1659,0.0376
4352,7,1,8,weather_driven,historically_calibrated,0.625355,0.10631,7.279,7.6214,0.2968,0.0457
4353,7,1,9,weather_driven,historically_calibrated,0.739889,0.125781,8.1239,8.6783,0.4653,0.0892
4354,7,1,10,weather_driven,historically_calibrated,0.802788,0.136474,8.5532,9.3656,0.6584,0.1541
4355,7,1,11,weather_driven,historically_calibrated,0.837997,0.142459,8.7839,9.7707,0.8126,0.1741
4356,7,1,12,weather_driven,historically_calibrated,0.843019,0.143313,8.8163,9.8112,0.8592,0.1356
4357,7,1,13,weather_driven,historically_calibrated,0.859624,0.146136,8.9225,10.0036,0.7802,0.3009
4358,7,1,14,weather_driven,historically_calibrated,0.925318,0.157304,9.3295,10.5135,0.6195,0.5645
4359,7,1,15,weather_driven,historically_calibrated,0.981061,0.16678,9.6596,11.0485,0.6208,0.7682
4360,7,1,16,weather_driven,historically_calibrated,1.12484,0.191223,10.454,11.417,0.5625,0.4005
4361,7,1,17,weather_driven,historically_calibrated,1.149215,0.195367,10.5813,11.1031,0.3862,0.1356
4362,7,1,18,weather_driven,historically_calibrated,1.218545,0.207153,10.9329,11.163,0.219,0.0111
4363,7,1,19,weather_driven,historically_calibrated,1.091828,0.185611,10.2783,10.4754,0.1957,0.0014
4364,7,1,20,weather_driven,historically_calibrated,1.052955,0.179002,10.0665,10.1139,0.0363,0.0111
4365,7,1,21,weather_driven,historically_calibrated,0.946911,0.160975,9.459,9.5751,0.013,0.1032
4366,7,1,22,weather_driven,historically_calibrated,0.611677,0.103985,7.1719,9.1293,0.0,1.9573
4367,7,1,23,weather_driven,historically_calibrated,0.618536,0.105151,7.2258,8.7042,0.0,1.4784
4368,7,1,24,weather_driven,historically_calibrated,0.395434,0.067224,5.2611,6.5724,0.0,1.3112
4369,7,2,1,weather_driven,historically_calibrated,0.432713,0.073561,5.6242,6.2853,0.0,0.6611
4370,7,2,2,weather_driven,historically_calibrated,0.411025,0.069874,5.4149,5.747,0.0,0.332
4371,7,2,3,weather_driven,historically_calibrated,0.407509,0.069277,5.3805,5.5546,0.0,0.1741
4372,7,2,4,weather_driven,historically_calibrated,0.421822,0.07171,5.5198,5.5962,0.0,0.0764
4373,7,2,5,weather_driven,historically_calibrated,0.435283,0.073998,5.6486,5.6901,0.0039,0.0376
4374,7,2,6,weather_driven,historically_calibrated,0.443101,0.075327,5.7225,5.8547,0.0557,0.0764
4375,7,2,7,weather_driven,historically_calibrated,0.598895,0.101812,7.0706,7.286,0.1503,0.065
4376,7,2,8,weather_driven,historically_calibrated,0.596397,0.101387,7.0507,7.4812,0.2346,0.1959
4377,7,2,9,weather_driven,historically_calibrated,0.616096,0.104736,7.2067,7.5625,0.2372,0.1187
4378,7,2,10,weather_driven,historically_calibrated,0.570272,0.096946,6.8391,7.8035,0.3033,0.6611
4379,7,2,11,weather_driven,historically_calibrated,0.54161,0.092074,6.6005,7.7885,0.4199,0.7682
4380,7,2,12,weather_driven,historically_calibrated,0.555974,0.094516,6.7209,7.9673,0.4782,0.7682
4381,7,2,13,weather_driven,historically_calibrated,0.542245,0.092182,6.6058,8.2398,0.7478,0.8861
4382,7,2,14,weather_driven,historically_calibrated,0.482326,0.081995,6.0835,8.4072,0.9305,1.3932
4383,7,2,15,weather_driven,historically_calibrated,0.500337,0.085057,6.2441,8.5662,0.8437,1.4784
4384,7,2,16,weather_driven,historically_calibrated,0.517733,0.088015,6.3962,8.5836,0.7089,1.4784
4385,7,2,17,weather_driven,historically_calibrated,0.550319,0.093554,6.6737,8.4917,0.5067,1.3112
4386,7,2,18,weather_driven,historically_calibrated,0.558684,0.094976,6.7435,8.2194,0.3188,1.1571
4387,7,2,19,weather_driven,historically_calibrated,0.595453,0.101227,7.0431,8.235,0.1763,1.0156
4388,7,2,20,weather_driven,historically_calibrated,0.595483,0.101232,7.0434,8.1433,0.0842,1.0156
4389,7,2,21,weather_driven,historically_calibrated,0.646347,0.109879,7.4405,7.9006,0.022,0.4381
4390,7,2,22,weather_driven,historically_calibrated,0.657019,0.111693,7.5215,7.5865,0.0,0.065
4391,7,2,23,weather_driven,historically_calibrated,0.621333,0.105627,7.2476,7.2853,0.0,0.0376
4392,7,2,24,weather_driven,historically_calibrated,0.454683,0.077296,5.8308,5.8365,0.0,0.0057
4393,7,3,1,weather_driven,historically_calibrated,0.423441,0.071985,5.5354,5.5361,0.0,0.0007
4394,7,3,2,weather_driven,historically_calibrated,0.431568,0.073367,5.6133,5.6214,0.0,0.0081
4395,7,3,3,weather_driven,historically_calibrated,0.447246,0.076032,5.7614,5.7991,0.0,0.0376
4396,7,3,4,weather_driven,historically_calibrated,0.459876,0.078179,5.8789,5.9245,0.0,0.0457
4397,7,3,5,weather_driven,historically_calibrated,0.462512,0.078627,5.9032,5.9822,0.0026,0.0764
4398,7,3,6,weather_driven,historically_calibrated,0.440673,0.074914,5.6996,5.8547,0.0518,0.1032
4399,7,3,7,weather_driven,historically_calibrated,0.567686,0.096507,6.8179,7.286,0.1361,0.332
4400,7,3,8,weather_driven,historically_calibrated,0.557044,0.094697,6.7298,7.4812,0.2735,0.4779
4401,7,3,9,weather_driven,historically_calibrated,0.529405,0.089999,6.4967,7.5625,0.3525,0.7133
4402,7,3,10,weather_driven,historically_calibrated,0.467036,0.079396,5.9447,7.489,0.5949,0.9494
4403,7,3,11,weather_driven,historically_calibrated,0.417558,0.070985,5.4785,7.3109,0.6752,1.1571
4404,7,3,12,weather_driven,historically_calibrated,0.416278,0.070767,5.4661,7.1349,0.6532,1.0156
4405,7,3,13,weather_driven,historically_calibrated,0.410563,0.069796,5.4104,7.0546,0.6286,1.0156
4406,7,3,14,weather_driven,historically_calibrated,0.38541,0.06552,5.1607,7.1127,0.3849,1.5671
4407,7,3,15,weather_driven,historically_calibrated,0.382887,0.065091,5.1352,7.3049,0.4147,1.755
4408,7,3,16,weather_driven,historically_calibrated,0.25491,0.043335,3.7255,7.5916,0.3616,3.5045
4409,7,3,17,weather_driven,historically_calibrated,0.214651,0.036491,3.2264,7.9017,0.3396,4.3358
4410,7,3,18,weather_driven,historically_calibrated,0.382991,0.065108,5.1362,8.1434,0.2203,2.7869
4411,7,3,19,weather_driven,historically_calibrated,0.401877,0.068319,5.325,8.235,0.1231,2.7869
4412,7,3,20,weather_driven,historically_calibrated,0.413495,0.070294,5.439,8.1433,0.048,2.6563
4413,7,3,21,weather_driven,historically_calibrated,0.44251,0.075227,5.717,7.9006,0.0091,2.1746
4414,7,3,22,weather_driven,historically_calibrated,0.475223,0.080788,6.0193,7.5865,0.0,1.5671
4415,7,3,23,weather_driven,historically_calibrated,0.510792,0.086835,6.3359,7.2853,0.0,0.9494
4416,7,3,24,weather_driven,historically_calibrated,0.391809,0.066607,5.2249,5.8365,0.0,0.6116
4417,7,4,1,weather_driven,historically_calibrated,0.382923,0.065097,5.1356,5.5361,0.0,0.4005
4418,7,4,2,weather_driven,historically_calibrated,0.403823,0.06865,5.3442,5.5401,0.0,0.1959
4419,7,4,3,weather_driven,historically_calibrated,0.414768,0.070511,5.4514,5.5546,0.0,0.1032
4420,7,4,4,weather_driven,historically_calibrated,0.423009,0.071912,5.5312,5.5962,0.0,0.065
4421,7,4,5,weather_driven,historically_calibrated,0.43616,0.074147,5.6569,5.6901,0.0026,0.0306
4422,7,4,6,weather_driven,historically_calibrated,0.449038,0.076336,5.7782,5.8547,0.0389,0.0376
4423,7,4,7,weather_driven,historically_calibrated,0.592338,0.100697,7.0182,7.286,0.1322,0.1356
4424,7,4,8,weather_driven,historically_calibrated,0.554784,0.094313,6.711,7.4812,0.2501,0.52
4425,7,4,9,weather_driven,historically_calibrated,0.503951,0.085672,6.2759,7.5625,0.4005,0.8861
4426,7,4,10,weather_driven,historically_calibrated,0.446722,0.075943,5.7565,7.489,0.4212,1.3112
4427,7,4,11,weather_driven,historically_calibrated,0.401683,0.068286,5.3231,7.3109,0.5093,1.4784
4428,7,4,12,weather_driven,historically_calibrated,0.402573,0.068437,5.3319,7.1349,0.2359,1.5671
4429,7,4,13,weather_driven,historically_calibrated,0.425931,0.072408,5.5593,7.1534,0.2009,1.3932
4430,7,4,14,weather_driven,historically_calibrated,0.430363,0.073162,5.6018,7.1127,0.3538,1.1571
4431,7,4,15,weather_driven,historically_calibrated,0.498866,0.084807,6.2311,7.3049,0.1244,0.9494
4432,7,4,16,weather_driven,historically_calibrated,0.514242,0.087421,6.3659,7.5916,0.3396,0.8861
4433,7,4,17,weather_driven,historically_calibrated,0.589888,0.100281,6.9985,7.9386,0.2268,0.7133
4434,7,4,18,weather_driven,historically_calibrated,0.679264,0.115475,7.6876,8.2954,0.1698,0.4381
4435,7,4,19,weather_driven,historically_calibrated,0.697049,0.118498,7.818,8.235,0.1452,0.2718
4436,7,4,20,weather_driven,historically_calibrated,0.710497,0.120784,7.9153,8.1433,0.0739,0.1541
4437,7,4,21,weather_driven,historically_calibrated,0.698203,0.118694,7.8264,7.9006,0.0194,0.0548
4438,7,4,22,weather_driven,historically_calibrated,0.66159,0.11247,7.5559,7.5865,0.0,0.0306
4439,7,4,23,weather_driven,historically_calibrated,0.625119,0.10627,7.2771,7.2853,0.0,0.0081
4440,7,4,24,weather_driven,historically_calibrated,0.454886,0.077331,5.8327,5.8365,0.0,0.0038
4441,7,5,1,weather_driven,historically_calibrated,0.423441,0.071985,5.5354,5.5361,0.0,0.0007
4442,7,5,2,weather_driven,historically_calibrated,0.423926,0.072067,5.54,5.5401,0.0,0.0001
4443,7,5,3,weather_driven,historically_calibrated,0.425445,0.072326,5.5546,5.5546,0.0,0.0
4444,7,5,4,weather_driven,historically_calibrated,0.429783,0.073063,5.5962,5.5962,0.0,0.0
4445,7,5,5,weather_driven,historically_calibrated,0.439527,0.07472,5.6888,5.6901,0.0013,0.0
4446,7,5,6,weather_driven,historically_calibrated,0.453211,0.077046,5.8171,5.8547,0.0376,0.0
4447,7,5,7,weather_driven,historically_calibrated,0.610031,0.103705,7.159,7.286,0.127,0.0
4448,7,5,8,weather_driven,historically_calibrated,0.617219,0.104927,7.2155,7.4812,0.2657,0.0
4449,7,5,9,weather_driven,historically_calibrated,0.6152,0.104584,7.1996,7.5625,0.3629,0.0
4450,7,5,10,weather_driven,historically_calibrated,0.591252,0.100513,7.0095,7.489,0.4795,0.0
4451,7,5,11,weather_driven,historically_calibrated,0.556473,0.0946,6.7251,7.3109,0.5858,0.0
4452,7,5,12,weather_driven,historically_calibrated,0.5555,0.094435,6.717,7.4013,0.6843,0.0
4453,7,5,13,weather_driven,historically_calibrated,0.564808,0.096017,6.7942,7.5484,0.7543,0.0
4454,7,5,14,weather_driven,historically_calibrated,0.583329,0.099166,6.9455,7.7102,0.7646,0.0
4455,7,5,15,weather_driven,historically_calibrated,0.633623,0.107716,7.343,8.0208,0.6778,0.0
4456,7,5,16,weather_driven,historically_calibrated,0.698653,0.118771,7.8297,8.4064,0.5767,0.0
4457,7,5,17,weather_driven,historically_calibrated,0.727526,0.123679,8.0368,8.4917,0.4549,0.0
4458,7,5,18,weather_driven,historically_calibrated,0.719845,0.122374,7.9822,8.3335,0.3512,0.0
4459,7,5,19,weather_driven,historically_calibrated,0.727148,0.123615,8.0341,8.235,0.2009,0.0
4460,7,5,20,weather_driven,historically_calibrated,0.728537,0.123851,8.044,8.1433,0.0881,0.0111
4461,7,5,21,weather_driven,historically_calibrated,0.704996,0.119849,7.8757,7.9006,0.0168,0.0081
4462,7,5,22,weather_driven,historically_calibrated,0.664906,0.113034,7.5808,7.5865,0.0,0.0057
4463,7,5,23,weather_driven,historically_calibrated,0.625986,0.106418,7.2839,7.2853,0.0,0.0014
4464,7,5,24,weather_driven,historically_calibrated,0.455297,0.0774,5.8365,5.8365,0.0,0.0
4465,7,6,1,weather_driven,historically_calibrated,0.423515,0.071998,5.5361,5.5361,0.0,0.0
4466,7,6,2,weather_driven,historically_calibrated,0.423934,0.072069,5.5401,5.5401,0.0,0.0
4467,7,6,3,weather_driven,historically_calibrated,0.425436,0.072324,5.5546,5.5546,0.0,0.0001
4468,7,6,4,weather_driven,historically_calibrated,0.429782,0.073063,5.5962,5.5962,0.0,0.0
4469,7,6,5,weather_driven,historically_calibrated,0.439495,0.074714,5.6885,5.6901,0.0013,0.0003
4470,7,6,6,weather_driven,historically_calibrated,0.45167,0.076784,5.8028,5.8547,0.0518,0.0001
4471,7,6,7,weather_driven,historically_calibrated,0.607204,0.103225,7.1366,7.286,0.149,0.0003
4472,7,6,8,weather_driven,historically_calibrated,0.615755,0.104678,7.204,7.4812,0.2748,0.0024
4473,7,6,9,weather_driven,historically_calibrated,0.636754,0.108248,7.3671,7.8096,0.4368,0.0057
4474,7,6,10,weather_driven,historically_calibrated,0.664148,0.112905,7.5751,8.2229,0.6454,0.0024
4475,7,6,11,weather_driven,historically_calibrated,0.647289,0.110039,7.4477,8.3003,0.8502,0.0024
4476,7,6,12,weather_driven,historically_calibrated,0.665936,0.113209,7.5885,8.5334,0.9435,0.0014
4477,7,6,13,weather_driven,historically_calibrated,0.59358,0.100909,7.0281,8.0752,1.0225,0.0245
4478,7,6,14,weather_driven,historically_calibrated,0.629763,0.10706,7.3132,8.2745,0.6895,0.2718
4479,7,6,15,weather_driven,historically_calibrated,0.62057,0.105497,7.2417,8.3617,0.788,0.332
4480,7,6,16,weather_driven,historically_calibrated,0.637499,0.108375,7.3728,8.371,0.6972,0.3009
4481,7,6,17,weather_driven,historically_calibrated,0.617413,0.10496,7.217,8.123,0.5054,0.4005
4482,7,6,18,weather_driven,historically_calibrated,0.63428,0.107828,7.3481,8.1434,0.3175,0.4779
4483,7,6,19,weather_driven,historically_calibrated,0.670426,0.113972,7.622,8.235,0.175,0.4381
4484,7,6,20,weather_driven,historically_calibrated,0.684778,0.116412,7.7283,8.1433,0.0829,0.332
4485,7,6,21,weather_driven,historically_calibrated,0.693301,0.117861,7.7907,7.9006,0.0207,0.0892
4486,7,6,22,weather_driven,historically_calibrated,0.662402,0.112608,7.562,7.5865,0.0,0.0245
4487,7,6,23,weather_driven,historically_calibrated,0.624257,0.106124,7.2704,7.2853,0.0,0.0148
4488,7,6,24,weather_driven,historically_calibrated,0.511496,0.086954,6.342,6.3501,0.0,0.0081
4489,7,7,1,weather_driven,historically_calibrated,0.435192,0.073983,5.6477,5.6535,0.0,0.0057
4490,7,7,2,weather_driven,historically_calibrated,0.464225,0.078918,5.9189,5.9192,0.0,0.0003
4491,7,7,3,weather_driven,historically_calibrated,0.495024,0.084154,6.1971,6.1971,0.0,0.0
4492,7,7,4,weather_driven,historically_calibrated,0.508847,0.086504,6.3189,6.3189,0.0,0.0001
4493,7,7,5,weather_driven,historically_calibrated,0.494459,0.084058,6.192,6.1946,0.0026,0.0
4494,7,7,6,weather_driven,historically_calibrated,0.43588,0.0741,5.6543,5.7023,0.048,0.0001
4495,7,7,7,weather_driven,historically_calibrated,0.537505,0.091376,6.5657,6.7031,0.1374,0.0
4496,7,7,8,weather_driven,historically_calibrated,0.541865,0.092117,6.6026,6.8827,0.2786,0.0014
4497,7,7,9,weather_driven,historically_calibrated,0.52815,0.089786,6.486,6.9575,0.4692,0.0024
4498,7,7,10,weather_driven,historically_calibrated,0.495341,0.084208,6.1999,6.8899,0.6843,0.0057
4499,7,7,11,weather_driven,historically_calibrated,0.484794,0.082415,6.1057,7.0085,0.8916,0.0111
4500,7,7,12,weather_driven,historically_calibrated,0.501215,0.085207,6.2518,7.2687,1.0057,0.0111
4501,7,7,13,weather_driven,historically_calibrated,0.510518,0.086788,6.3335,7.4292,1.0809,0.0148
4502,7,7,14,weather_driven,historically_calibrated,0.563204,0.095745,6.7809,7.8263,1.0342,0.0111
4503,7,7,15,weather_driven,historically_calibrated,0.612662,0.104153,7.1797,8.0691,0.8813,0.0081
4504,7,7,16,weather_driven,historically_calibrated,0.677163,0.115118,7.6721,8.4184,0.7271,0.0193
4505,7,7,17,weather_driven,historically_calibrated,0.714303,0.121431,7.9426,8.457,0.5119,0.0024
4506,7,7,18,weather_driven,historically_calibrated,0.69499,0.118148,7.8031,8.1213,0.3175,0.0007
4507,7,7,19,weather_driven,historically_calibrated,0.674543,0.114672,7.6526,7.8237,0.1711,0.0
4508,7,7,20,weather_driven,historically_calibrated,0.642705,0.10926,7.4127,7.4918,0.0791,0.0
4509,7,7,21,weather_driven,historically_calibrated,0.58726,0.099834,6.9773,7.2686,0.0194,0.2718
4510,7,7,22,weather_driven,historically_calibrated,0.554387,0.094246,6.7077,6.9796,0.0,0.2718
4511,7,7,23,weather_driven,historically_calibrated,0.530556,0.090195,6.5066,6.7024,0.0,0.1959
4512,7,7,24,weather_driven,historically_calibrated,0.401765,0.0683,5.3239,5.3696,0.0,0.0457
4513,7,8,1,weather_driven,historically_calibrated,0.376341,0.063978,5.0687,5.0932,0.0,0.0245
4514,7,8,2,weather_driven,historically_calibrated,0.378736,0.064385,5.0931,5.0969,0.0,0.0038
4515,7,8,3,weather_driven,historically_calibrated,0.38019,0.064632,5.1079,5.1103,0.0,0.0024
4516,7,8,4,weather_driven,historically_calibrated,0.384204,0.065315,5.1485,5.1485,0.0,0.0
4517,7,8,5,weather_driven,historically_calibrated,0.392668,0.066753,5.2335,5.2349,0.0013,0.0001
4518,7,8,6,weather_driven,historically_calibrated,0.402361,0.068401,5.3298,5.3863,0.0454,0.0111
4519,7,8,7,weather_driven,historically_calibrated,0.536401,0.091188,6.5564,6.7031,0.1464,0.0003
4520,7,8,8,weather_driven,historically_calibrated,0.542797,0.092276,6.6105,6.8827,0.2722,0.0
4521,7,8,9,weather_driven,historically_calibrated,0.564577,0.095978,6.7922,7.2497,0.4575,0.0
4522,7,8,10,weather_driven,historically_calibrated,0.593091,0.100826,7.0242,7.6937,0.6687,0.0007
4523,7,8,11,weather_driven,historically_calibrated,0.598019,0.101663,7.0637,7.9815,0.8631,0.0548
4524,7,8,12,weather_driven,historically_calibrated,0.598831,0.101801,7.0701,8.157,0.9837,0.1032
4525,7,8,13,weather_driven,historically_calibrated,0.59671,0.101441,7.0532,8.3378,0.9526,0.332
4526,7,8,14,weather_driven,historically_calibrated,0.614864,0.104527,7.197,8.5897,0.8281,0.5645
4527,7,8,15,weather_driven,historically_calibrated,0.56855,0.096654,6.825,8.8218,0.6856,1.3112
4528,7,8,16,weather_driven,historically_calibrated,0.581261,0.098814,6.9288,9.0376,0.5417,1.5671
4529,7,8,17,weather_driven,historically_calibrated,0.588502,0.100045,6.9873,9.1015,0.4549,1.6593
4530,7,8,18,weather_driven,historically_calibrated,0.60662,0.103125,7.132,8.5059,0.289,1.0848
4531,7,8,19,weather_driven,historically_calibrated,0.645483,0.109732,7.434,8.2833,0.1361,0.7133
4532,7,8,20,weather_driven,historically_calibrated,0.594516,0.101068,7.0356,7.8764,0.0726,0.7682
4533,7,8,21,weather_driven,historically_calibrated,0.583799,0.099246,6.9494,7.4043,0.0168,0.4381
4534,7,8,22,weather_driven,historically_calibrated,0.550904,0.093654,6.6786,6.9796,0.0,0.3009
4535,7,8,23,weather_driven,historically_calibrated,0.49813,0.084682,6.2246,6.7024,0.0,0.4779
4536,7,8,24,weather_driven,historically_calibrated,0.386702,0.065739,5.1737,5.3696,0.0,0.1959
4537,7,9,1,weather_driven,historically_calibrated,0.414305,0.070432,5.4469,5.5361,0.0,0.0892
4538,7,9,2,weather_driven,historically_calibrated,0.413277,0.070257,5.4369,5.5401,0.0,0.1032
4539,7,9,3,weather_driven,historically_calibrated,0.416214,0.070756,5.4655,5.5546,0.0,0.0892
4540,7,9,4,weather_driven,historically_calibrated,0.413814,0.070348,5.4421,5.5962,0.0,0.1541
4541,7,9,5,weather_driven,historically_calibrated,0.421294,0.07162,5.5147,5.6901,0.0013,0.1741
4542,7,9,6,weather_driven,historically_calibrated,0.4404,0.074868,5.6971,5.8547,0.022,0.1356
4543,7,9,7,weather_driven,historically_calibrated,0.594679,0.101095,7.037,7.286,0.0531,0.1959
4544,7,9,8,weather_driven,historically_calibrated,0.582779,0.099072,6.9411,7.4812,0.0622,0.4779
4545,7,9,9,weather_driven,historically_calibrated,0.538355,0.09152,6.5729,7.5625,0.0402,0.9494
4546,7,9,10,weather_driven,historically_calibrated,0.531539,0.090362,6.5149,7.489,0.0246,0.9494
4547,7,9,11,weather_driven,historically_calibrated,0.511475,0.086951,6.3418,7.3109,0.0829,0.8861
4548,7,9,12,weather_driven,historically_calibrated,0.456975,0.077686,5.8521,7.1349,0.1257,1.1571
4549,7,9,13,weather_driven,historically_calibrated,0.397981,0.067657,5.2864,7.0546,0.1089,1.6593
4550,7,9,14,weather_driven,historically_calibrated,0.253408,0.043079,3.7075,7.1127,0.0531,3.3521
4551,7,9,15,weather_driven,historically_calibrated,0.410961,0.069863,5.4143,7.3049,0.0363,1.8543
4552,7,9,16,weather_driven,historically_calibrated,0.430526,0.073189,5.6033,7.5916,0.2333,1.755
4553,7,9,17,weather_driven,historically_calibrated,0.367918,0.062546,4.9824,7.9017,0.2631,2.6563
4554,7,9,18,weather_driven,historically_calibrated,0.368383,0.062625,4.9872,8.1434,0.2346,2.9217
4555,7,9,19,weather_driven,historically_calibrated,0.435436,0.074024,5.6501,8.235,0.1776,2.4074
4556,7,9,20,weather_driven,historically_calibrated,0.407136,0.069213,5.3768,8.1433,0.1102,2.6563
4557,7,9,21,weather_driven,historically_calibrated,0.452796,0.076975,5.8133,7.9006,0.0233,2.0641
4558,7,9,22,weather_driven,historically_calibrated,0.48505,0.082459,6.108,7.5865,0.0,1.4784
4559,7,9,23,weather_driven,historically_calibrated,0.495403,0.084219,6.2004,7.2853,0.0,1.0848
4560,7,9,24,weather_driven,historically_calibrated,0.393272,0.066856,5.2396,6.0077,0.0,0.7682
4561,7,10,1,weather_driven,historically_calibrated,0.407206,0.069225,5.3775,5.9421,0.0,0.5645
4562,7,10,2,weather_driven,historically_calibrated,0.445355,0.07571,5.7437,6.1089,0.0,0.3652
4563,7,10,3,weather_driven,historically_calibrated,0.48237,0.082003,6.0839,6.3286,0.0,0.2447
4564,7,10,4,weather_driven,historically_calibrated,0.507056,0.0862,6.3032,6.4991,0.0,0.1959
4565,7,10,5,weather_driven,historically_calibrated,0.524283,0.089128,6.4528,6.6081,0.0013,0.1541
4566,7,10,6,weather_driven,historically_calibrated,0.496165,0.084348,6.2072,6.3699,0.0441,0.1187
4567,7,10,7,weather_driven,historically_calibrated,0.578841,0.098403,6.9091,7.286,0.1322,0.2447
4568,7,10,8,weather_driven,historically_calibrated,0.540942,0.09196,6.5948,7.4812,0.2748,0.6116
4569,7,10,9,weather_driven,historically_calibrated,0.496025,0.084324,6.2059,7.5625,0.4704,0.8861
4570,7,10,10,weather_driven,historically_calibrated,0.434215,0.073817,5.6385,7.489,0.6934,1.1571
4571,7,10,11,weather_driven,historically_calibrated,0.397617,0.067595,5.2828,7.3109,0.8709,1.1571
4572,7,10,12,weather_driven,historically_calibrated,0.362411,0.06161,4.9254,7.1349,1.0524,1.1571
4573,7,10,13,weather_driven,historically_calibrated,0.362565,0.061636,4.927,7.0546,1.112,1.0156
4574,7,10,14,weather_driven,historically_calibrated,0.404463,0.068759,5.3505,7.2455,1.0692,0.8257
4575,7,10,15,weather_driven,historically_calibrated,0.458103,0.077878,5.8625,7.4072,0.9331,0.6116
4576,7,10,16,weather_driven,historically_calibrated,0.514965,0.087544,6.3722,7.627,0.7348,0.52
4577,7,10,17,weather_driven,historically_calibrated,0.583454,0.099187,6.9466,7.9017,0.5171,0.4381
4578,7,10,18,weather_driven,historically_calibrated,0.647974,0.110156,7.4529,8.1434,0.3253,0.3652
4579,7,10,19,weather_driven,historically_calibrated,0.69384,0.117953,7.7947,8.235,0.1957,0.2447
4580,7,10,20,weather_driven,historically_calibrated,0.715599,0.121652,7.9519,8.1433,0.0881,0.1032
4581,7,10,21,weather_driven,historically_calibrated,0.701176,0.1192,7.848,7.9006,0.022,0.0306
4582,7,10,22,weather_driven,historically_calibrated,0.663688,0.112827,7.5716,7.5865,0.0,0.0148
4583,7,10,23,weather_driven,historically_calibrated,0.624257,0.106124,7.2704,7.2853,0.0,0.0148
4584,7,10,24,weather_driven,historically_calibrated,0.455148,0.077375,5.8351,5.8365,0.0,0.0014
4585,7,11,1,weather_driven,historically_calibrated,0.423515,0.071998,5.5361,5.5361,0.0,0.0
4586,7,11,2,weather_driven,historically_calibrated,0.423935,0.072069,5.5401,5.5401,0.0,0.0
4587,7,11,3,weather_driven,historically_calibrated,0.442577,0.075238,5.7176,5.7176,0.0,0.0
4588,7,11,4,weather_driven,historically_calibrated,0.460376,0.078264,5.8835,5.8835,0.0,0.0
4589,7,11,5,weather_driven,historically_calibrated,0.470999,0.08007,5.9809,5.9822,0.0013,0.0
4590,7,11,6,weather_driven,historically_calibrated,0.45349,0.077093,5.8197,5.8547,0.035,0.0
4591,7,11,7,weather_driven,historically_calibrated,0.613981,0.104377,7.1901,7.286,0.0959,0.0
4592,7,11,8,weather_driven,historically_calibrated,0.621861,0.105716,7.2518,7.4812,0.2294,0.0
4593,7,11,9,weather_driven,historically_calibrated,0.608945,0.103521,7.1504,7.5625,0.4121,0.0
4594,7,11,10,weather_driven,historically_calibrated,0.573025,0.097414,6.8617,7.5239,0.6623,0.0
4595,7,11,11,weather_driven,historically_calibrated,0.583614,0.099214,6.9479,7.8227,0.8748,0.0
4596,7,11,12,weather_driven,historically_calibrated,0.585477,0.099531,6.9629,7.9673,1.0044,0.0
4597,7,11,13,weather_driven,historically_calibrated,0.572064,0.097251,6.8538,7.8776,1.0238,0.0
4598,7,11,14,weather_driven,historically_calibrated,0.628716,0.106882,7.3051,8.2745,0.9694,0.0
4599,7,11,15,weather_driven,historically_calibrated,0.639422,0.108702,7.3876,8.2935,0.9059,0.0
4600,7,11,16,weather_driven,historically_calibrated,0.716698,0.121839,7.9598,8.6544,0.6947,0.0
4601,7,11,17,weather_driven,historically_calibrated,0.715069,0.121562,7.9481,8.4548,0.5067,0.0
4602,7,11,18,weather_driven,historically_calibrated,0.714469,0.12146,7.9438,8.2574,0.3136,0.0
4603,7,11,19,weather_driven,historically_calibrated,0.73173,0.124394,8.0665,8.235,0.1685,0.0
4604,7,11,20,weather_driven,historically_calibrated,0.665824,0.11319,7.5876,8.1433,0.0778,0.4779
4605,7,11,21,weather_driven,historically_calibrated,0.660868,0.112348,7.5505,7.9006,0.0181,0.332
4606,7,11,22,weather_driven,historically_calibrated,0.626201,0.106454,7.2855,7.5865,0.0,0.3009
4607,7,11,23,weather_driven,historically_calibrated,0.603983,0.102677,7.1111,7.2853,0.0,0.1741
4608,7,11,24,weather_driven,historically_calibrated,0.440806,0.074937,5.7009,5.8365,0.0,0.1356
4609,7,12,1,weather_driven,historically_calibrated,0.445368,0.075713,5.7438,5.8203,0.0,0.0764
4610,7,12,2,weather_driven,historically_calibrated,0.483577,0.082208,6.0948,6.1495,0.0,0.0548
4611,7,12,3,weather_driven,historically_calibrated,0.513024,0.087214,6.3553,6.4101,0.0,0.0548
4612,7,12,4,weather_driven,historically_calibrated,0.558217,0.094897,6.7396,6.7453,0.0,0.0057
4613,7,12,5,weather_driven,historically_calibrated,0.536981,0.091287,6.5613,6.5664,0.0013,0.0038
4614,7,12,6,weather_driven,historically_calibrated,0.48438,0.082345,6.102,6.1552,0.0518,0.0014
4615,7,12,7,weather_driven,historically_calibrated,0.60704,0.103197,7.1353,7.286,0.1503,0.0003
4616,7,12,8,weather_driven,historically_calibrated,0.615555,0.104644,7.2024,7.4812,0.2786,0.0001
4617,7,12,9,weather_driven,historically_calibrated,0.610624,0.103806,7.1636,7.5978,0.4342,0.0
4618,7,12,10,weather_driven,historically_calibrated,0.681316,0.115824,7.7028,8.3277,0.6247,0.0003
4619,7,12,11,weather_driven,historically_calibrated,0.698734,0.118785,7.8303,8.6756,0.845,0.0003
4620,7,12,12,weather_driven,historically_calibrated,0.706764,0.12015,7.8884,8.8663,0.9772,0.0007
4621,7,12,13,weather_driven,historically_calibrated,0.722783,0.122873,8.0032,9.0299,1.0264,0.0003
4622,7,12,14,weather_driven,historically_calibrated,0.750104,0.127518,8.1952,9.1375,0.9422,0.0001
4623,7,12,15,weather_driven,historically_calibrated,0.808949,0.137521,8.594,9.3162,0.7219,0.0003
4624,7,12,16,weather_driven,historically_calibrated,0.904841,0.153823,9.2048,9.7881,0.5832,0.0001
4625,7,12,17,weather_driven,historically_calibrated,0.972006,0.165241,9.6069,10.0773,0.4704,0.0
4626,7,12,18,weather_driven,historically_calibrated,1.0192,0.173264,9.878,10.1956,0.3175,0.0001
4627,7,12,19,weather_driven,historically_calibrated,0.971615,0.165175,9.6046,9.8107,0.2061,0.0
4628,7,12,20,weather_driven,historically_calibrated,0.833658,0.141722,8.7558,8.8653,0.0946,0.0148
4629,7,12,21,weather_driven,historically_calibrated,0.745357,0.126711,8.1622,8.2325,0.0156,0.0548
4630,7,12,22,weather_driven,historically_calibrated,0.629954,0.107092,7.3146,7.5865,0.0,0.2718
4631,7,12,23,weather_driven,historically_calibrated,0.555946,0.094511,6.7207,7.2853,0.0,0.5645
4632,7,12,24,weather_driven,historically_calibrated,0.364819,0.062019,4.9504,5.8365,0.0,0.8861
4633,7,13,1,weather_driven,historically_calibrated,0.318026,0.054064,4.4512,5.5361,0.0,1.0848
4634,7,13,2,weather_driven,historically_calibrated,0.311847,0.053014,4.383,5.5401,0.0,1.1571
4635,7,13,3,weather_driven,historically_calibrated,0.319715,0.054352,4.4698,5.5546,0.0,1.0848
4636,7,13,4,weather_driven,historically_calibrated,0.323512,0.054997,4.5114,5.5962,0.0,1.0848
4637,7,13,5,weather_driven,historically_calibrated,0.332162,0.056467,4.6053,5.6901,0.0,1.0848
4638,7,13,6,weather_driven,historically_calibrated,0.346462,0.058899,4.7582,5.8547,0.0117,1.0848
4639,7,13,7,weather_driven,historically_calibrated,0.43818,0.074491,5.6761,7.286,0.0428,1.5671
4640,7,13,8,weather_driven,historically_calibrated,0.402145,0.068365,5.3277,7.4812,0.0894,2.0641
4641,7,13,9,weather_driven,historically_calibrated,0.354188,0.060212,4.8396,7.5625,0.1931,2.5298
4642,7,13,10,weather_driven,historically_calibrated,0.324008,0.055081,4.5168,7.489,0.1853,2.7869
4643,7,13,11,weather_driven,historically_calibrated,0.392941,0.0668,5.2363,7.3109,0.2203,1.8543
4644,7,13,12,weather_driven,historically_calibrated,0.37083,0.063041,5.0123,7.1349,0.2683,1.8543
4645,7,13,13,weather_driven,historically_calibrated,0.371798,0.063206,5.0223,7.0546,0.2773,1.755
4646,7,13,14,weather_driven,historically_calibrated,0.474925,0.080737,6.0166,7.1127,0.21,0.8861
4647,7,13,15,weather_driven,historically_calibrated,0.534418,0.090851,6.5395,7.3049,0.2009,0.5645
4648,7,13,16,weather_driven,historically_calibrated,0.612768,0.10417,7.1805,7.7586,0.1776,0.4005
4649,7,13,17,weather_driven,historically_calibrated,0.663435,0.112784,7.5697,8.1335,0.1257,0.4381
4650,7,13,18,weather_driven,historically_calibrated,0.707149,0.120215,7.8912,8.2629,0.127,0.2447
4651,7,13,19,weather_driven,historically_calibrated,0.704833,0.119822,7.8745,8.235,0.0596,0.3009
4652,7,13,20,weather_driven,historically_calibrated,0.69309,0.117825,7.7892,8.1433,0.022,0.332
4653,7,13,21,weather_driven,historically_calibrated,0.697359,0.118551,7.8203,7.9006,0.0039,0.0764
4654,7,13,22,weather_driven,historically_calibrated,0.662402,0.112608,7.562,7.5865,0.0,0.0245
4655,7,13,23,weather_driven,historically_calibrated,0.623017,0.105913,7.2608,7.2853,0.0,0.0245
4656,7,13,24,weather_driven,historically_calibrated,0.454098,0.077197,5.8254,5.8365,0.0,0.0111
4657,7,14,1,weather_driven,historically_calibrated,0.389462,0.066209,5.2014,5.2053,0.0,0.0038
4658,7,14,2,weather_driven,historically_calibrated,0.420361,0.071461,5.5057,5.5081,0.0,0.0024
4659,7,14,3,weather_driven,historically_calibrated,0.453693,0.077128,5.8216,5.8223,0.0,0.0007
4660,7,14,4,weather_driven,historically_calibrated,0.508856,0.086506,6.3189,6.3189,0.0,0.0
4661,7,14,5,weather_driven,historically_calibrated,0.529833,0.090072,6.5004,6.5018,0.0013,0.0001
4662,7,14,6,weather_driven,historically_calibrated,0.483639,0.082219,6.0953,6.1368,0.0415,0.0
4663,7,14,7,weather_driven,historically_calibrated,0.574169,0.097609,6.871,6.998,0.127,0.0
4664,7,14,8,weather_driven,historically_calibrated,0.544453,0.092557,6.6245,6.8827,0.2579,0.0003
4665,7,14,9,weather_driven,historically_calibrated,0.532484,0.090522,6.523,6.9575,0.4264,0.0081
4666,7,14,10,weather_driven,historically_calibrated,0.500052,0.085009,6.2416,6.8899,0.6026,0.0457
4667,7,14,11,weather_driven,historically_calibrated,0.501792,0.085305,6.2569,7.0399,0.718,0.065
4668,7,14,12,weather_driven,historically_calibrated,0.517222,0.087928,6.3918,7.3299,0.7841,0.1541
4669,7,14,13,weather_driven,historically_calibrated,0.500263,0.085045,6.2434,7.3383,1.0057,0.0892
4670,7,14,14,weather_driven,historically_calibrated,0.4759,0.080903,6.0255,6.9712,0.6739,0.2718
4671,7,14,15,weather_driven,historically_calibrated,0.422998,0.07191,5.5311,7.0341,0.6169,0.8861
4672,7,14,16,weather_driven,historically_calibrated,0.498871,0.084808,6.2311,7.5384,0.2916,1.0156
4673,7,14,17,weather_driven,historically_calibrated,0.498743,0.084786,6.23,7.2696,0.2138,0.8257
4674,7,14,18,weather_driven,historically_calibrated,0.559528,0.09512,6.7505,7.492,0.0804,0.6611
4675,7,14,19,weather_driven,historically_calibrated,0.644739,0.109606,7.4283,7.5762,0.0829,0.065
4676,7,14,20,weather_driven,historically_calibrated,0.649335,0.110387,7.4633,7.4918,0.0285,0.0
4677,7,14,21,weather_driven,historically_calibrated,0.623354,0.10597,7.2634,7.2686,0.0052,0.0
4678,7,14,22,weather_driven,historically_calibrated,0.568612,0.096664,6.8255,6.9796,0.0,0.1541
4679,7,14,23,weather_driven,historically_calibrated,0.51095,0.086862,6.3372,6.7024,0.0,0.3652
4680,7,14,24,weather_driven,historically_calibrated,0.261336,0.044427,3.8025,5.3696,0.0,1.5671
4681,7,15,1,weather_driven,historically_calibrated,0.199408,0.033899,3.0292,5.0932,0.0,2.0641
4682,7,15,2,weather_driven,historically_calibrated,0.176002,0.02992,2.7166,5.2464,0.0,2.5298
4683,7,15,3,weather_driven,historically_calibrated,0.1549,0.026333,2.4242,5.485,0.0,3.0608
4684,7,15,4,weather_driven,historically_calibrated,0.121596,0.020671,1.9402,5.6016,0.0,3.6614
4685,7,15,5,weather_driven,historically_calibrated,0.141263,0.024015,2.2295,5.734,0.0,3.5045
4686,7,15,6,weather_driven,historically_calibrated,0.141614,0.024074,2.2346,5.8998,0.0039,3.6614
4687,7,15,7,weather_driven,historically_calibrated,0.327871,0.055738,4.5588,7.4896,0.0091,2.9217
4688,7,15,8,weather_driven,historically_calibrated,0.442634,0.075248,5.7181,7.5893,0.0168,1.8543
4689,7,15,9,weather_driven,historically_calibrated,0.52486,0.089226,6.4577,7.5698,0.0272,1.0848
4690,7,15,10,weather_driven,historically_calibrated,0.490566,0.083396,6.1574,7.2941,0.0518,1.0848
4691,7,15,11,weather_driven,historically_calibrated,0.386317,0.065674,5.1698,6.726,0.0778,1.4784
4692,7,15,12,weather_driven,historically_calibrated,0.37658,0.064019,5.0712,6.5641,0.0998,1.3932
4693,7,15,13,weather_driven,historically_calibrated,0.381668,0.064884,5.1229,6.4902,0.2825,1.0848
4694,7,15,14,weather_driven,historically_calibrated,0.309754,0.052658,4.3597,6.5437,0.429,1.755
4695,7,15,15,weather_driven,historically_calibrated,0.287913,0.048945,4.1131,6.7205,0.4329,2.1746
4696,7,15,16,weather_driven,historically_calibrated,0.232206,0.039475,3.4478,6.9843,0.4756,3.0608
4697,7,15,17,weather_driven,historically_calibrated,0.363974,0.061876,4.9416,7.2696,0.3707,1.9573
4698,7,15,18,weather_driven,historically_calibrated,0.293638,0.049918,4.1784,7.492,0.2527,3.0608
4699,7,15,19,weather_driven,historically_calibrated,0.465213,0.079086,5.928,7.5762,0.1698,1.4784
4700,7,15,20,weather_driven,historically_calibrated,0.416246,0.070762,5.4658,7.4918,0.0687,1.9573
4701,7,15,21,weather_driven,historically_calibrated,0.377421,0.064162,5.0797,7.2686,0.0143,2.1746
4702,7,15,22,weather_driven,historically_calibrated,0.502851,0.085485,6.2662,6.9796,0.0,0.7133
4703,7,15,23,weather_driven,historically_calibrated,0.488385,0.083025,6.1379,6.7024,0.0,0.5645
4704,7,15,24,weather_driven,historically_calibrated,0.245746,0.041777,3.6146,5.3696,0.0,1.755
4705,7,16,1,weather_driven,historically_calibrated,0.095959,0.016313,1.547,5.5361,0.0,3.9891
4706,7,16,2,weather_driven,historically_calibrated,0.16883,0.028701,2.6184,5.5401,0.0,2.9217
4707,7,16,3,weather_driven,historically_calibrated,0.217724,0.037013,3.2656,5.5546,0.0,2.289
4708,7,16,4,weather_driven,historically_calibrated,0.152618,0.025945,2.392,5.5962,0.0,3.2043
4709,7,16,5,weather_driven,historically_calibrated,0.148821,0.0253,2.338,5.6901,0.0,3.3521
4710,7,16,6,weather_driven,historically_calibrated,0.16899,0.028728,2.6206,5.8547,0.0298,3.2043
4711,7,16,7,weather_driven,historically_calibrated,0.212162,0.036068,3.1945,7.286,0.1024,3.9891
4712,7,16,8,weather_driven,historically_calibrated,0.179676,0.030545,2.7665,7.4812,0.1983,4.5164
4713,7,16,9,weather_driven,historically_calibrated,0.231807,0.039407,3.4429,7.5625,0.2968,3.8229
4714,7,16,10,weather_driven,historically_calibrated,0.217217,0.036927,3.2592,7.489,0.4069,3.8229
4715,7,16,11,weather_driven,historically_calibrated,0.171362,0.029132,2.6532,7.3109,0.4977,4.16
4716,7,16,12,weather_driven,historically_calibrated,0.196837,0.033462,2.9954,7.1349,0.635,3.5045
4717,7,16,13,weather_driven,historically_calibrated,0.282525,0.048029,4.051,7.0546,0.5962,2.4074
4718,7,16,14,weather_driven,historically_calibrated,0.280939,0.04776,4.0327,7.1127,0.6726,2.4074
4719,7,16,15,weather_driven,historically_calibrated,0.268461,0.045638,3.8869,7.3049,0.6312,2.7869
4720,7,16,16,weather_driven,historically_calibrated,0.339405,0.057699,4.6831,7.5916,0.6195,2.289
4721,7,16,17,weather_driven,historically_calibrated,0.417087,0.070905,5.474,7.9017,0.4704,1.9573
4722,7,16,18,weather_driven,historically_calibrated,0.57611,0.097939,6.8869,8.1434,0.3072,0.9494
4723,7,16,19,weather_driven,historically_calibrated,0.647562,0.110085,7.4498,8.235,0.1737,0.6116
4724,7,16,20,weather_driven,historically_calibrated,0.685307,0.116502,7.7322,8.1433,0.0791,0.332
4725,7,16,21,weather_driven,historically_calibrated,0.682423,0.116012,7.7109,7.9006,0.0156,0.1741
4726,7,16,22,weather_driven,historically_calibrated,0.733328,0.124666,8.0778,8.1428,0.0,0.065
4727,7,16,23,weather_driven,historically_calibrated,0.716805,0.121857,7.9605,7.9798,0.0,0.0193
4728,7,16,24,weather_driven,historically_calibrated,0.535049,0.090958,6.5449,6.5641,0.0,0.0193
4729,7,17,1,weather_driven,historically_calibrated,0.487527,0.08288,6.1302,6.1451,0.0,0.0148
4730,7,17,2,weather_driven,historically_calibrated,0.505872,0.085998,6.2928,6.3121,0.0,0.0193
4731,7,17,3,weather_driven,historically_calibrated,0.52182,0.088709,6.4315,6.4508,0.0,0.0193
4732,7,17,4,weather_driven,historically_calibrated,0.526113,0.089439,6.4685,6.4991,0.0,0.0306
4733,7,17,5,weather_driven,historically_calibrated,0.513778,0.087342,6.3619,6.3995,0.0,0.0376
4734,7,17,6,weather_driven,historically_calibrated,0.48119,0.081802,6.0733,6.1552,0.0363,0.0457
4735,7,17,7,weather_driven,historically_calibrated,0.603766,0.10264,7.1094,7.286,0.1218,0.0548
4736,7,17,8,weather_driven,historically_calibrated,0.5992,0.101864,7.0731,7.4812,0.254,0.1541
4737,7,17,9,weather_driven,historically_calibrated,0.556957,0.094683,6.7291,7.5625,0.4329,0.4005
4738,7,17,10,weather_driven,historically_calibrated,0.514667,0.087493,6.3696,7.489,0.6415,0.4779
4739,7,17,11,weather_driven,historically_calibrated,0.481755,0.081898,6.0784,7.3109,0.7944,0.4381
4740,7,17,12,weather_driven,historically_calibrated,0.425371,0.072313,5.5539,7.1349,0.9694,0.6116
4741,7,17,13,weather_driven,historically_calibrated,0.436826,0.07426,5.6633,7.0546,0.4419,0.9494
4742,7,17,14,weather_driven,historically_calibrated,0.491475,0.083551,6.1655,7.1127,0.3357,0.6116
4743,7,17,15,weather_driven,historically_calibrated,0.487336,0.082847,6.1285,7.3049,0.6985,0.4779
4744,7,17,16,weather_driven,historically_calibrated,0.553454,0.094087,6.6999,7.5916,0.4536,0.4381
4745,7,17,17,weather_driven,historically_calibrated,0.609754,0.103658,7.1568,7.9017,0.3797,0.3652
4746,7,17,18,weather_driven,historically_calibrated,0.669653,0.113841,7.6162,8.1434,0.2825,0.2447
4747,7,17,19,weather_driven,historically_calibrated,0.709742,0.120656,7.9099,8.235,0.1711,0.1541
4748,7,17,20,weather_driven,historically_calibrated,0.724031,0.123085,8.012,8.1433,0.0765,0.0548
4749,7,17,21,weather_driven,historically_calibrated,0.704247,0.119722,7.8702,7.9006,0.0156,0.0148
4750,7,17,22,weather_driven,historically_calibrated,0.664583,0.112979,7.5783,7.5865,0.0,0.0081
4751,7,17,23,weather_driven,historically_calibrated,0.625986,0.106418,7.2839,7.2853,0.0,0.0014
4752,7,17,24,weather_driven,historically_calibrated,0.468981,0.079727,5.9625,5.9649,0.0,0.0024
4753,7,18,1,weather_driven,historically_calibrated,0.466485,0.079302,5.9397,5.9421,0.0,0.0024
4754,7,18,2,weather_driven,historically_calibrated,0.489532,0.08322,6.1482,6.1495,0.0,0.0014
4755,7,18,3,weather_driven,historically_calibrated,0.514635,0.087488,6.3693,6.3693,0.0,0.0
4756,7,18,4,weather_driven,historically_calibrated,0.558904,0.095014,6.7453,6.7453,0.0,0.0
4757,7,18,5,weather_driven,historically_calibrated,0.552452,0.093917,6.6916,6.6916,0.0,0.0
4758,7,18,6,weather_driven,historically_calibrated,0.515468,0.08763,6.3766,6.4128,0.0363,0.0
4759,7,18,7,weather_driven,historically_calibrated,0.611017,0.103873,7.1667,7.286,0.1192,0.0
4760,7,18,8,weather_driven,historically_calibrated,0.619692,0.105348,7.2348,7.4812,0.2462,0.0001
4761,7,18,9,weather_driven,historically_calibrated,0.608932,0.103519,7.1503,7.5625,0.4108,0.0014
4762,7,18,10,weather_driven,historically_calibrated,0.58049,0.098683,6.9225,7.489,0.5651,0.0014
4763,7,18,11,weather_driven,historically_calibrated,0.539052,0.091639,6.5788,7.3109,0.7296,0.0024
4764,7,18,12,weather_driven,historically_calibrated,0.509788,0.086664,6.3271,7.2348,0.902,0.0057
4765,7,18,13,weather_driven,historically_calibrated,0.509894,0.086682,6.328,7.3509,1.0148,0.0081
4766,7,18,14,weather_driven,historically_calibrated,0.524507,0.089166,6.4547,7.4446,0.9707,0.0193
4767,7,18,15,weather_driven,historically_calibrated,0.589494,0.100214,6.9953,7.6799,0.6389,0.0457
4768,7,18,16,weather_driven,historically_calibrated,0.654138,0.111204,7.4997,7.9459,0.438,0.0081
4769,7,18,17,weather_driven,historically_calibrated,0.689821,0.11727,7.7653,8.1967,0.4069,0.0245
4770,7,18,18,weather_driven,historically_calibrated,0.708992,0.120529,7.9045,8.2194,0.2773,0.0376
4771,7,18,19,weather_driven,historically_calibrated,0.730363,0.124162,8.0569,8.235,0.1633,0.0148
4772,7,18,20,weather_driven,historically_calibrated,0.73114,0.124294,8.0624,8.1433,0.0752,0.0057
4773,7,18,21,weather_driven,historically_calibrated,0.706618,0.120125,7.8874,7.9006,0.013,0.0003
4774,7,18,22,weather_driven,historically_calibrated,0.665668,0.113164,7.5865,7.5865,0.0,0.0
4775,7,18,23,weather_driven,historically_calibrated,0.626165,0.106448,7.2853,7.2853,0.0,0.0
4776,7,18,24,weather_driven,historically_calibrated,0.455298,0.077401,5.8365,5.8365,0.0,0.0
4777,7,19,1,weather_driven,historically_calibrated,0.423515,0.071998,5.5361,5.5361,0.0,0.0
4778,7,19,2,weather_driven,historically_calibrated,0.423935,0.072069,5.5401,5.5401,0.0,0.0
4779,7,19,3,weather_driven,historically_calibrated,0.425445,0.072326,5.5546,5.5546,0.0,0.0
4780,7,19,4,weather_driven,historically_calibrated,0.429783,0.073063,5.5962,5.5962,0.0,0.0
4781,7,19,5,weather_driven,historically_calibrated,0.448543,0.076252,5.7736,5.7736,0.0,0.0
4782,7,19,6,weather_driven,historically_calibrated,0.45349,0.077093,5.8197,5.8547,0.035,0.0
4783,7,19,7,weather_driven,historically_calibrated,0.610524,0.103789,7.1629,7.286,0.1231,0.0
4784,7,19,8,weather_driven,historically_calibrated,0.618875,0.105209,7.2284,7.4812,0.2527,0.0
4785,7,19,9,weather_driven,historically_calibrated,0.607141,0.103214,7.1361,7.5625,0.4264,0.0
4786,7,19,10,weather_driven,historically_calibrated,0.571606,0.097173,6.85,7.489,0.6389,0.0
4787,7,19,11,weather_driven,historically_calibrated,0.528077,0.089773,6.4853,7.3109,0.8256,0.0
4788,7,19,12,weather_driven,historically_calibrated,0.518192,0.088093,6.4002,7.3347,0.9344,0.0001
4789,7,19,13,weather_driven,historically_calibrated,0.508865,0.086507,6.319,7.2521,0.9331,0.0
4790,7,19,14,weather_driven,historically_calibrated,0.548688,0.093277,6.6601,7.4778,0.8178,0.0
4791,7,19,15,weather_driven,historically_calibrated,0.602199,0.102374,7.0969,7.8163,0.6817,0.0376
4792,7,19,16,weather_driven,historically_calibrated,0.668141,0.113584,7.605,8.1584,0.5534,0.0001
4793,7,19,17,weather_driven,historically_calibrated,0.688728,0.117084,7.7573,8.3442,0.4329,0.1541
4794,7,19,18,weather_driven,historically_calibrated,0.730143,0.124124,8.0553,8.4855,0.276,0.1541
4795,7,19,19,weather_driven,historically_calibrated,0.731542,0.124362,8.0652,8.235,0.1322,0.0376
4796,7,19,20,weather_driven,historically_calibrated,0.732969,0.124605,8.0753,8.1433,0.0531,0.0148
4797,7,19,21,weather_driven,historically_calibrated,0.70728,0.120238,7.8921,7.9006,0.0078,0.0007
4798,7,19,22,weather_driven,historically_calibrated,0.665628,0.113157,7.5862,7.5865,0.0,0.0003
4799,7,19,23,weather_driven,historically_calibrated,0.626126,0.106441,7.285,7.2853,0.0,0.0003
4800,7,19,24,weather_driven,historically_calibrated,0.455297,0.0774,5.8365,5.8365,0.0,0.0
4801,7,20,1,weather_driven,historically_calibrated,0.423514,0.071997,5.5361,5.5361,0.0,0.0
4802,7,20,2,weather_driven,historically_calibrated,0.423904,0.072064,5.5398,5.5401,0.0,0.0003
4803,7,20,3,weather_driven,historically_calibrated,0.425444,0.072325,5.5546,5.5546,0.0,0.0
4804,7,20,4,weather_driven,historically_calibrated,0.429751,0.073058,5.5959,5.5962,0.0,0.0003
4805,7,20,5,weather_driven,historically_calibrated,0.439655,0.074741,5.69,5.6901,0.0,0.0001
4806,7,20,6,weather_driven,historically_calibrated,0.454294,0.07723,5.8272,5.8547,0.0272,0.0003
4807,7,20,7,weather_driven,historically_calibrated,0.614716,0.104502,7.1958,7.286,0.0894,0.0007
4808,7,20,8,weather_driven,historically_calibrated,0.63489,0.107931,7.3528,7.4812,0.127,0.0014
4809,7,20,9,weather_driven,historically_calibrated,0.626054,0.106429,7.2844,7.5625,0.2475,0.0306
4810,7,20,10,weather_driven,historically_calibrated,0.625213,0.106286,7.2779,7.489,0.1866,0.0245
4811,7,20,11,weather_driven,historically_calibrated,0.567571,0.096487,6.8169,7.3109,0.2981,0.1959
4812,7,20,12,weather_driven,historically_calibrated,0.482535,0.082031,6.0854,7.1349,0.6843,0.3652
4813,7,20,13,weather_driven,historically_calibrated,0.466684,0.079336,5.9415,7.0546,0.5016,0.6116
4814,7,20,14,weather_driven,historically_calibrated,0.469693,0.079848,5.969,7.1791,0.7322,0.4779
4815,7,20,15,weather_driven,historically_calibrated,0.469551,0.079824,5.9677,7.4072,0.6713,0.7682
4816,7,20,16,weather_driven,historically_calibrated,0.511036,0.086876,6.338,7.9459,0.5923,1.0156
4817,7,20,17,weather_driven,historically_calibrated,0.513195,0.087243,6.3568,7.9017,0.4601,1.0848
4818,7,20,18,weather_driven,historically_calibrated,0.556089,0.094535,6.7219,8.1434,0.2644,1.1571
4819,7,20,19,weather_driven,historically_calibrated,0.615061,0.10456,7.1986,8.235,0.1503,0.8861
4820,7,20,20,weather_driven,historically_calibrated,0.694414,0.11805,7.7989,8.1433,0.0726,0.2718
4821,7,20,21,weather_driven,historically_calibrated,0.704605,0.119783,7.8728,7.9006,0.013,0.0148
4822,7,20,22,weather_driven,historically_calibrated,0.665656,0.113162,7.5864,7.5865,0.0,0.0001
4823,7,20,23,weather_driven,historically_calibrated,0.626126,0.106441,7.285,7.2853,0.0,0.0003
4824,7,20,24,weather_driven,historically_calibrated,0.455289,0.077399,5.8364,5.8365,0.0,0.0001
4825,7,21,1,weather_driven,historically_calibrated,0.378746,0.064387,5.0932,5.0932,0.0,0.0
4826,7,21,2,weather_driven,historically_calibrated,0.382798,0.065076,5.1343,5.1343,0.0,0.0
4827,7,21,3,weather_driven,historically_calibrated,0.38413,0.065302,5.1478,5.1478,0.0,0.0
4828,7,21,4,weather_driven,historically_calibrated,0.410808,0.069837,5.4128,5.4128,0.0,0.0
4829,7,21,5,weather_driven,historically_calibrated,0.428131,0.072782,5.5804,5.5804,0.0,0.0
4830,7,21,6,weather_driven,historically_calibrated,0.424974,0.072246,5.5501,5.5838,0.0337,0.0
4831,7,21,7,weather_driven,historically_calibrated,0.539799,0.091766,6.5852,6.7031,0.1179,0.0
4832,7,21,8,weather_driven,historically_calibrated,0.544488,0.092563,6.6248,6.8827,0.2579,0.0
4833,7,21,9,weather_driven,historically_calibrated,0.534198,0.090814,6.5376,6.9575,0.4199,0.0
4834,7,21,10,weather_driven,historically_calibrated,0.508045,0.086368,6.3118,6.8899,0.578,0.0
4835,7,21,11,weather_driven,historically_calibrated,0.473836,0.080552,6.0067,6.726,0.7193,0.0
4836,7,21,12,weather_driven,historically_calibrated,0.443053,0.075319,5.7221,6.6254,0.9033,0.0
4837,7,21,13,weather_driven,historically_calibrated,0.467231,0.079429,5.9465,6.8537,0.9072,0.0
4838,7,21,14,weather_driven,historically_calibrated,0.506543,0.086112,6.2987,7.2461,0.9474,0.0
4839,7,21,15,weather_driven,historically_calibrated,0.566563,0.096316,6.8086,7.6614,0.8528,0.0
4840,7,21,16,weather_driven,historically_calibrated,0.636986,0.108288,7.3689,8.0273,0.6584,0.0
4841,7,21,17,weather_driven,historically_calibrated,0.715693,0.121668,7.9526,8.423,0.4704,0.0
4842,7,21,18,weather_driven,historically_calibrated,0.731745,0.124397,8.0666,8.366,0.2994,0.0
4843,7,21,19,weather_driven,historically_calibrated,0.68499,0.116448,7.7298,7.8944,0.1646,0.0
4844,7,21,20,weather_driven,historically_calibrated,0.643383,0.109375,7.4179,7.4918,0.0739,0.0
4845,7,21,21,weather_driven,historically_calibrated,0.622356,0.1058,7.2556,7.2686,0.013,0.0
4846,7,21,22,weather_driven,historically_calibrated,0.587537,0.099881,6.9796,6.9796,0.0,0.0
4847,7,21,23,weather_driven,historically_calibrated,0.553754,0.094138,6.7024,6.7024,0.0,0.0
4848,7,21,24,weather_driven,historically_calibrated,0.406398,0.069088,5.3696,5.3696,0.0,0.0
4849,7,22,1,weather_driven,historically_calibrated,0.378746,0.064387,5.0932,5.0932,0.0,0.0
4850,7,22,2,weather_driven,historically_calibrated,0.379112,0.064449,5.0969,5.0969,0.0,0.0
4851,7,22,3,weather_driven,historically_calibrated,0.380427,0.064673,5.1103,5.1103,0.0,0.0
4852,7,22,4,weather_driven,historically_calibrated,0.384205,0.065315,5.1485,5.1485,0.0,0.0
4853,7,22,5,weather_driven,historically_calibrated,0.392806,0.066777,5.2349,5.2349,0.0,0.0
4854,7,22,6,weather_driven,historically_calibrated,0.405201,0.068884,5.3578,5.3863,0.0285,0.0
4855,7,22,7,weather_driven,historically_calibrated,0.542712,0.092261,6.6098,6.7031,0.0933,0.0
4856,7,22,8,weather_driven,historically_calibrated,0.556863,0.094667,6.7283,6.8827,0.1529,0.0014
4857,7,22,9,weather_driven,historically_calibrated,0.555336,0.094407,6.7156,6.9575,0.1387,0.1032
4858,7,22,10,weather_driven,historically_calibrated,0.537617,0.091395,6.5667,6.8899,0.149,0.1741
4859,7,22,11,weather_driven,historically_calibrated,0.53258,0.090539,6.5238,7.2596,0.464,0.2718
4860,7,22,12,weather_driven,historically_calibrated,0.529494,0.090014,6.4975,7.4525,0.8009,0.1541
4861,7,22,13,weather_driven,historically_calibrated,0.015453,0.002627,0.1722,7.2474,0.7024,6.3728
4862,7,22,14,weather_driven,historically_calibrated,0.185757,0.031579,2.8483,6.8185,0.7659,3.2043
4863,7,22,15,weather_driven,historically_calibrated,0.160558,0.027295,2.5037,6.7205,0.394,3.8229
4864,7,22,16,weather_driven,historically_calibrated,0.199473,0.03391,3.03,6.9843,0.2929,3.6614
4865,7,22,17,weather_driven,historically_calibrated,0.297701,0.050609,4.2245,7.2696,0.3888,2.6563
4866,7,22,18,weather_driven,historically_calibrated,0.442899,0.075293,5.7206,7.492,0.2929,1.4784
4867,7,22,19,weather_driven,historically_calibrated,0.533688,0.090727,6.5333,7.5762,0.1568,0.8861
4868,7,22,20,weather_driven,historically_calibrated,0.582812,0.099078,6.9414,7.4918,0.0726,0.4779
4869,7,22,21,weather_driven,historically_calibrated,0.597528,0.10158,7.0597,7.2686,0.013,0.1959
4870,7,22,22,weather_driven,historically_calibrated,0.572928,0.097398,6.8609,6.9796,0.0,0.1187
4871,7,22,23,weather_driven,historically_calibrated,0.545995,0.092819,6.6374,6.7024,0.0,0.065
4872,7,22,24,weather_driven,historically_calibrated,0.421426,0.071642,5.5159,5.5271,0.0,0.0111
4873,7,23,1,weather_driven,historically_calibrated,0.457312,0.077743,5.8552,5.8609,0.0,0.0057
4874,7,23,2,weather_driven,historically_calibrated,0.467189,0.079422,5.9461,5.9464,0.0,0.0003
4875,7,23,3,weather_driven,historically_calibrated,0.482398,0.082008,6.0842,6.0842,0.0,0.0
4876,7,23,4,weather_driven,historically_calibrated,0.496677,0.084435,6.2117,6.2118,0.0,0.0001
4877,7,23,5,weather_driven,historically_calibrated,0.508514,0.086447,6.3159,6.316,0.0,0.0001
4878,7,23,6,weather_driven,historically_calibrated,0.50711,0.086209,6.3036,6.327,0.0233,0.0
4879,7,23,7,weather_driven,historically_calibrated,0.69171,0.117591,7.7791,7.8737,0.0946,0.0
4880,7,23,8,weather_driven,historically_calibrated,0.630034,0.107106,7.3153,7.4812,0.1659,0.0
4881,7,23,9,weather_driven,historically_calibrated,0.626011,0.106422,7.2841,7.5625,0.276,0.0024
4882,7,23,10,weather_driven,historically_calibrated,0.598951,0.101822,7.0711,7.489,0.4031,0.0148
4883,7,23,11,weather_driven,historically_calibrated,0.559867,0.095177,6.7533,7.3109,0.5028,0.0548
4884,7,23,12,weather_driven,historically_calibrated,0.516002,0.08772,6.3812,7.1349,0.635,0.1187
4885,7,23,13,weather_driven,historically_calibrated,0.508413,0.08643,6.3151,7.0546,0.6039,0.1356
4886,7,23,14,weather_driven,historically_calibrated,0.483681,0.082226,6.0957,7.1127,0.5391,0.4779
4887,7,23,15,weather_driven,historically_calibrated,0.561176,0.0954,6.7641,7.6799,0.3512,0.5645
4888,7,23,16,weather_driven,historically_calibrated,0.60091,0.102155,7.0867,8.6494,0.2514,1.3112
4889,7,23,17,weather_driven,historically_calibrated,0.630656,0.107211,7.3201,9.2345,0.1594,1.755
4890,7,23,18,weather_driven,historically_calibrated,0.841515,0.143058,8.8066,9.8753,0.1192,0.9494
4891,7,23,19,weather_driven,historically_calibrated,0.76633,0.130276,8.3071,10.3487,0.0842,1.9573
4892,7,23,20,weather_driven,historically_calibrated,0.420623,0.071506,5.5082,9.8751,0.0311,4.3358
4893,7,23,21,weather_driven,historically_calibrated,0.495375,0.084214,6.2002,9.407,0.0026,3.2043
4894,7,23,22,weather_driven,historically_calibrated,0.31721,0.053926,4.4423,9.1442,0.0,4.702
4895,7,23,23,weather_driven,historically_calibrated,0.320415,0.054471,4.4775,8.3003,0.0,3.8229
4896,7,23,24,weather_driven,historically_calibrated,0.332304,0.056492,4.6068,6.5641,0.0,1.9573
4897,7,24,1,weather_driven,historically_calibrated,0.285124,0.048471,4.081,6.1451,0.0,2.0641
4898,7,24,2,weather_driven,historically_calibrated,0.464162,0.078908,5.9183,6.1902,0.0,0.2718
4899,7,24,3,weather_driven,historically_calibrated,0.213041,0.036217,3.2058,6.4101,0.0,3.2043
4900,7,24,4,weather_driven,historically_calibrated,0.087584,0.014889,1.4143,6.9095,0.0,5.4951
4901,7,24,5,weather_driven,historically_calibrated,0.173018,0.029413,2.6759,7.1923,0.0,4.5164
4902,7,24,6,weather_driven,historically_calibrated,0.439902,0.074783,5.6924,7.0998,0.0143,1.3932
4903,7,24,7,weather_driven,historically_calibrated,0.496697,0.084438,6.2119,8.5683,0.0674,2.289
4904,7,24,8,weather_driven,historically_calibrated,0.698856,0.118805,7.8312,8.0846,0.1348,0.1187
4905,7,24,9,weather_driven,historically_calibrated,0.603928,0.102668,7.1107,7.5625,0.3486,0.1032
4906,7,24,10,weather_driven,historically_calibrated,0.549356,0.093391,6.6657,7.489,0.6039,0.2194
4907,7,24,11,weather_driven,historically_calibrated,0.463649,0.07882,5.9136,7.3109,0.7361,0.6611
4908,7,24,12,weather_driven,historically_calibrated,0.402633,0.068448,5.3325,7.1349,0.9163,0.8861
4909,7,24,13,weather_driven,historically_calibrated,0.349643,0.059439,4.7918,7.0546,0.8696,1.3932
4910,7,24,14,weather_driven,historically_calibrated,0.358173,0.060889,4.8813,7.1127,0.9202,1.3112
4911,7,24,15,weather_driven,historically_calibrated,0.399889,0.067981,5.3054,7.3049,0.8424,1.1571
4912,7,24,16,weather_driven,historically_calibrated,0.412717,0.070162,5.4315,7.5916,0.6817,1.4784
4913,7,24,17,weather_driven,historically_calibrated,0.485955,0.082612,6.1161,7.9017,0.4743,1.3112
4914,7,24,18,weather_driven,historically_calibrated,0.582166,0.098968,6.9361,8.1434,0.2579,0.9494
4915,7,24,19,weather_driven,historically_calibrated,0.650118,0.11052,7.4692,8.235,0.1542,0.6116
4916,7,24,20,weather_driven,historically_calibrated,0.702703,0.119459,7.8591,8.1433,0.0648,0.2194
4917,7,24,21,weather_driven,historically_calibrated,0.696468,0.1184,7.8138,7.9006,0.0104,0.0764
4918,7,24,22,weather_driven,historically_calibrated,0.660655,0.112311,7.5489,7.5865,0.0,0.0376
4919,7,24,23,weather_driven,historically_calibrated,0.642321,0.109195,7.4098,7.499,0.0,0.0892
4920,7,24,24,weather_driven,historically_calibrated,0.519733,0.088355,6.4135,6.4785,0.0,0.065
4921,7,25,1,weather_driven,historically_calibrated,0.481254,0.081813,6.0739,6.1045,0.0,0.0306
4922,7,25,2,weather_driven,historically_calibrated,0.509915,0.086686,6.3282,6.3527,0.0,0.0245
4923,7,25,3,weather_driven,historically_calibrated,0.531312,0.090323,6.513,6.5323,0.0,0.0193
4924,7,25,4,weather_driven,historically_calibrated,0.533182,0.090641,6.529,6.5401,0.0,0.0111
4925,7,25,5,weather_driven,historically_calibrated,0.536627,0.091227,6.5583,6.5664,0.0,0.0081
4926,7,25,6,weather_driven,historically_calibrated,0.533946,0.090771,6.5355,6.5846,0.0246,0.0245
4927,7,25,7,weather_driven,historically_calibrated,0.688771,0.117091,7.7576,7.8737,0.105,0.0111
4928,7,25,8,weather_driven,historically_calibrated,0.605938,0.103009,7.1266,7.4812,0.2359,0.1187
4929,7,25,9,weather_driven,historically_calibrated,0.521712,0.088691,6.4306,7.5625,0.4186,0.7133
4930,7,25,10,weather_driven,historically_calibrated,0.489126,0.083151,6.1445,7.489,0.6312,0.7133
4931,7,25,11,weather_driven,historically_calibrated,0.437945,0.074451,5.6739,7.3109,0.8113,0.8257
4932,7,25,12,weather_driven,historically_calibrated,0.407268,0.069236,5.3781,7.4013,0.9383,1.0848
4933,7,25,13,weather_driven,historically_calibrated,0.300635,0.051108,4.2576,7.7789,0.9914,2.5298
4934,7,25,14,weather_driven,historically_calibrated,0.25278,0.042973,3.6999,7.8762,0.972,3.2043
4935,7,25,15,weather_driven,historically_calibrated,0.269806,0.045867,3.9027,8.0208,0.7659,3.3521
4936,7,25,16,weather_driven,historically_calibrated,0.238353,0.04052,3.524,8.0522,0.5391,3.9891
4937,7,25,17,weather_driven,historically_calibrated,0.333976,0.056776,4.6248,8.0861,0.4005,3.0608
4938,7,25,18,weather_driven,historically_calibrated,0.485157,0.082477,6.109,8.1434,0.1801,1.8543
4939,7,25,19,weather_driven,historically_calibrated,0.603094,0.102526,7.1041,8.235,0.1153,1.0156
4940,7,25,20,weather_driven,historically_calibrated,0.669466,0.113809,7.6148,8.1433,0.0505,0.4779
4941,7,25,21,weather_driven,historically_calibrated,0.648049,0.110168,7.4535,7.9006,0.0091,0.4381
4942,7,25,22,weather_driven,historically_calibrated,0.645279,0.109697,7.4324,7.5865,0.0,0.1541
4943,7,25,23,weather_driven,historically_calibrated,0.61783,0.105031,7.2203,7.2853,0.0,0.065
4944,7,25,24,weather_driven,historically_calibrated,0.450392,0.076567,5.7909,5.8365,0.0,0.0457
4945,7,26,1,weather_driven,historically_calibrated,0.419617,0.071335,5.4985,5.5361,0.0,0.0376
4946,7,26,2,weather_driven,historically_calibrated,0.422395,0.071807,5.5253,5.5401,0.0,0.0148
4947,7,26,3,weather_driven,historically_calibrated,0.4229,0.071893,5.5302,5.5546,0.0,0.0245
4948,7,26,4,weather_driven,historically_calibrated,0.429708,0.07305,5.5955,5.5962,0.0,0.0007
4949,7,26,5,weather_driven,historically_calibrated,0.428809,0.072897,5.5869,5.6901,0.0,0.1032
4950,7,26,6,weather_driven,historically_calibrated,0.456205,0.077555,5.8449,5.8547,0.0091,0.0007
4951,7,26,7,weather_driven,historically_calibrated,0.621595,0.105671,7.2497,7.286,0.0363,0.0
4952,7,26,8,weather_driven,historically_calibrated,0.711891,0.121021,7.9253,8.0298,0.0739,0.0306
4953,7,26,9,weather_driven,historically_calibrated,0.772261,0.131284,8.3477,8.5053,0.0544,0.1032
4954,7,26,10,weather_driven,historically_calibrated,0.674349,0.114639,7.6512,8.2029,0.0739,0.4779
4955,7,26,11,weather_driven,historically_calibrated,0.583719,0.099232,6.9487,7.847,0.0726,0.8257
4956,7,26,12,weather_driven,historically_calibrated,0.445321,0.075704,5.7434,7.5012,0.0985,1.6593
4957,7,26,13,weather_driven,historically_calibrated,0.44915,0.076356,5.7793,7.6237,0.0894,1.755
4958,7,26,14,weather_driven,historically_calibrated,0.520926,0.088557,6.4238,7.7908,0.0557,1.3112
4959,7,26,15,weather_driven,historically_calibrated,0.605264,0.102895,7.1213,7.9477,0.0583,0.7682
4960,7,26,16,weather_driven,historically_calibrated,0.693314,0.117863,7.7908,8.204,0.048,0.3652
4961,7,26,17,weather_driven,historically_calibrated,0.784477,0.133361,8.4305,8.5391,0.0194,0.0892
4962,7,26,18,weather_driven,historically_calibrated,0.806805,0.137157,8.5798,8.6809,0.0246,0.0764
4963,7,26,19,weather_driven,historically_calibrated,0.739691,0.125748,8.1225,8.235,0.0233,0.0892
4964,7,26,20,weather_driven,historically_calibrated,0.724703,0.123199,8.0168,8.1433,0.0078,0.1187
4965,7,26,21,weather_driven,historically_calibrated,0.700702,0.119119,7.8446,7.9006,0.0013,0.0548
4966,7,26,22,weather_driven,historically_calibrated,0.653822,0.11115,7.4973,7.5865,0.0,0.0892
4967,7,26,23,weather_driven,historically_calibrated,0.561312,0.095423,6.7653,7.2853,0.0,0.52
4968,7,26,24,weather_driven,historically_calibrated,0.438851,0.074605,5.6824,5.8365,0.0,0.1541
4969,7,27,1,weather_driven,historically_calibrated,0.417847,0.071034,5.4813,5.5361,0.0,0.0548
4970,7,27,2,weather_driven,historically_calibrated,0.423861,0.072056,5.5394,5.5401,0.0,0.0007
4971,7,27,3,weather_driven,historically_calibrated,0.420706,0.07152,5.509,5.5546,0.0,0.0457
4972,7,27,4,weather_driven,historically_calibrated,0.421822,0.07171,5.5198,5.5962,0.0,0.0764
4973,7,27,5,weather_driven,historically_calibrated,0.434846,0.073924,5.6445,5.6901,0.0,0.0457
4974,7,27,6,weather_driven,historically_calibrated,0.455882,0.0775,5.8419,5.8547,0.0104,0.0024
4975,7,27,7,weather_driven,historically_calibrated,0.62175,0.105697,7.2509,7.286,0.035,0.0001
4976,7,27,8,weather_driven,historically_calibrated,0.64284,0.109283,7.4138,7.4812,0.0674,0.0
4977,7,27,9,weather_driven,historically_calibrated,0.641266,0.109015,7.4017,7.5625,0.1607,0.0001
4978,7,27,10,weather_driven,historically_calibrated,0.604226,0.102718,7.113,7.489,0.3758,0.0001
4979,7,27,11,weather_driven,historically_calibrated,0.57948,0.098512,6.9143,7.3109,0.3966,0.0
4980,7,27,12,weather_driven,historically_calibrated,0.567943,0.09655,6.82,7.1349,0.3149,0.0
4981,7,27,13,weather_driven,historically_calibrated,0.534641,0.090889,6.5414,7.0546,0.5132,0.0
4982,7,27,14,weather_driven,historically_calibrated,0.59373,0.100934,7.0293,7.3119,0.2825,0.0
4983,7,27,15,weather_driven,historically_calibrated,0.614389,0.104446,7.1933,7.8503,0.6571,0.0
4984,7,27,16,weather_driven,historically_calibrated,0.668615,0.113665,7.6085,8.123,0.5145,0.0
4985,7,27,17,weather_driven,historically_calibrated,0.714939,0.12154,7.9472,8.2336,0.2864,0.0
4986,7,27,18,weather_driven,historically_calibrated,0.720824,0.12254,7.9892,8.1434,0.1542,0.0
4987,7,27,19,weather_driven,historically_calibrated,0.746153,0.126846,8.1677,8.235,0.0635,0.0038
4988,7,27,20,weather_driven,historically_calibrated,0.73821,0.125496,8.1121,8.1433,0.0311,0.0
4989,7,27,21,weather_driven,historically_calibrated,0.708098,0.120377,7.898,7.9006,0.0026,0.0
4990,7,27,22,weather_driven,historically_calibrated,0.665668,0.113164,7.5865,7.5865,0.0,0.0
4991,7,27,23,weather_driven,historically_calibrated,0.626165,0.106448,7.2853,7.2853,0.0,0.0
4992,7,27,24,weather_driven,historically_calibrated,0.455298,0.077401,5.8365,5.8365,0.0,0.0
4993,7,28,1,weather_driven,historically_calibrated,0.378609,0.064364,5.0918,5.0932,0.0,0.0014
4994,7,28,2,weather_driven,historically_calibrated,0.378875,0.064409,5.0945,5.0969,0.0,0.0024
4995,7,28,3,weather_driven,historically_calibrated,0.380418,0.064671,5.1102,5.1103,0.0,0.0001
4996,7,28,4,weather_driven,historically_calibrated,0.384135,0.065303,5.1478,5.1485,0.0,0.0007
4997,7,28,5,weather_driven,historically_calibrated,0.392776,0.066772,5.2346,5.2349,0.0,0.0003
4998,7,28,6,weather_driven,historically_calibrated,0.404692,0.068798,5.3528,5.3863,0.0143,0.0193
4999,7,28,7,weather_driven,historically_calibrated,0.53314,0.090634,6.5286,6.7031,0.0713,0.1032
5000,7,28,8,weather_driven,historically_calibrated,0.544851,0.092625,6.6278,6.8827,0.1516,0.1032
5001,7,28,9,weather_driven,historically_calibrated,0.531557,0.090365,6.5151,6.9575,0.2683,0.1741
5002,7,28,10,weather_driven,historically_calibrated,0.501525,0.085259,6.2546,6.8899,0.3033,0.332
5003,7,28,11,weather_driven,historically_calibrated,0.476958,0.081083,6.0351,6.726,0.4951,0.1959
5004,7,28,12,weather_driven,historically_calibrated,0.456806,0.077657,5.8505,6.5641,0.6104,0.1032
5005,7,28,13,weather_driven,historically_calibrated,0.419946,0.071391,5.5016,6.4902,0.6234,0.3652
5006,7,28,14,weather_driven,historically_calibrated,0.447304,0.076042,5.762,6.5742,0.5404,0.2718
5007,7,28,15,weather_driven,historically_calibrated,0.416452,0.070797,5.4678,6.7205,0.6882,0.5645
5008,7,28,16,weather_driven,historically_calibrated,0.418798,0.071196,5.4905,6.9843,0.5443,0.9494
5009,7,28,17,weather_driven,historically_calibrated,0.456012,0.077522,5.8431,7.2696,0.4108,1.0156
5010,7,28,18,weather_driven,historically_calibrated,0.511136,0.086893,6.3388,7.492,0.267,0.8861
5011,7,28,19,weather_driven,historically_calibrated,0.56266,0.095652,6.7764,7.5762,0.1387,0.6611
5012,7,28,20,weather_driven,historically_calibrated,0.580014,0.098602,6.9187,7.4918,0.0531,0.52
5013,7,28,21,weather_driven,historically_calibrated,0.500755,0.085128,6.2478,7.2686,0.0052,1.0156
5014,7,28,22,weather_driven,historically_calibrated,0.45378,0.077143,5.8224,6.9796,0.0,1.1571
5015,7,28,23,weather_driven,historically_calibrated,0.424472,0.07216,5.5453,6.7024,0.0,1.1571
5016,7,28,24,weather_driven,historically_calibrated,0.296633,0.050428,4.2124,5.3696,0.0,1.1571
5017,7,29,1,weather_driven,historically_calibrated,0.266235,0.04526,3.8606,5.0932,0.0,1.2326
5018,7,29,2,weather_driven,historically_calibrated,0.279161,0.047457,4.0121,5.0969,0.0,1.0848
5019,7,29,3,weather_driven,historically_calibrated,0.297667,0.050603,4.2241,5.1103,0.0,0.8861
5020,7,29,4,weather_driven,historically_calibrated,0.301055,0.051179,4.2624,5.1485,0.0,0.8861
5021,7,29,5,weather_driven,historically_calibrated,0.291147,0.049495,4.1501,5.2349,0.0,1.0848
5022,7,29,6,weather_driven,historically_calibrated,0.284271,0.048326,4.0712,5.3863,0.0039,1.3112
5023,7,29,7,weather_driven,historically_calibrated,0.385714,0.065571,5.1637,6.7031,0.0609,1.4784
5024,7,29,8,weather_driven,historically_calibrated,0.404622,0.068786,5.3521,6.8827,0.1374,1.3932
5025,7,29,9,weather_driven,historically_calibrated,0.410297,0.06975,5.4078,6.9575,0.2385,1.3112
5026,7,29,10,weather_driven,historically_calibrated,0.412616,0.070145,5.4305,6.8899,0.3745,1.0848
5027,7,29,11,weather_driven,historically_calibrated,0.395142,0.067174,5.2582,6.726,0.5184,0.9494
5028,7,29,12,weather_driven,historically_calibrated,0.402,0.06834,5.3263,6.5641,0.4121,0.8257
5029,7,29,13,weather_driven,historically_calibrated,0.385177,0.06548,5.1583,6.4902,0.5638,0.7682
5030,7,29,14,weather_driven,historically_calibrated,0.390496,0.066384,5.2118,6.5437,0.5638,0.7682
5031,7,29,15,weather_driven,historically_calibrated,0.404775,0.068812,5.3536,6.7205,0.5988,0.7682
5032,7,29,16,weather_driven,historically_calibrated,0.463539,0.078802,5.9126,6.9843,0.4601,0.6116
5033,7,29,17,weather_driven,historically_calibrated,0.518147,0.088085,6.3998,7.2696,0.2087,0.6611
5034,7,29,18,weather_driven,historically_calibrated,0.480872,0.081748,6.0704,7.492,0.2644,1.1571
5035,7,29,19,weather_driven,historically_calibrated,0.512279,0.087087,6.3488,7.5762,0.1426,1.0848
5036,7,29,20,weather_driven,historically_calibrated,0.622498,0.105825,7.2567,7.4918,0.0609,0.1741
5037,7,29,21,weather_driven,historically_calibrated,0.622697,0.105858,7.2583,7.2686,0.0065,0.0038
5038,7,29,22,weather_driven,historically_calibrated,0.606274,0.103067,7.1293,7.1331,0.0,0.0038
5039,7,29,23,weather_driven,historically_calibrated,0.626886,0.106571,7.2909,7.2923,0.0,0.0014
5040,7,29,24,weather_driven,historically_calibrated,0.472899,0.080393,5.9982,5.9996,0.0,0.0014
5041,7,30,1,weather_driven,historically_calibrated,0.498047,0.084668,6.2238,6.2263,0.0,0.0024
5042,7,30,2,weather_driven,historically_calibrated,0.522015,0.088743,6.4332,6.4339,0.0,0.0007
5043,7,30,3,weather_driven,historically_calibrated,0.528801,0.089896,6.4915,6.4915,0.0,0.0
5044,7,30,4,weather_driven,historically_calibrated,0.558904,0.095014,6.7453,6.7453,0.0,0.0
5045,7,30,5,weather_driven,historically_calibrated,0.577747,0.098217,6.9002,6.9002,0.0,0.0
5046,7,30,6,weather_driven,historically_calibrated,0.551961,0.093833,6.6875,6.7134,0.0259,0.0
5047,7,30,7,weather_driven,historically_calibrated,0.688346,0.117019,7.7545,7.8737,0.1192,0.0
5048,7,30,8,weather_driven,historically_calibrated,0.619869,0.105378,7.2362,7.4812,0.2449,0.0
5049,7,30,9,weather_driven,historically_calibrated,0.610423,0.103772,7.1621,7.5625,0.4005,0.0
5050,7,30,10,weather_driven,historically_calibrated,0.576203,0.097955,6.8876,7.489,0.6013,0.0
5051,7,30,11,weather_driven,historically_calibrated,0.535061,0.09096,6.545,7.3109,0.7659,0.0
5052,7,30,12,weather_driven,historically_calibrated,0.499665,0.084943,6.2381,7.1349,0.8929,0.0038
5053,7,30,13,weather_driven,historically_calibrated,0.495121,0.084171,6.1979,7.0546,0.8191,0.0376
5054,7,30,14,weather_driven,historically_calibrated,0.488527,0.08305,6.1392,7.1127,0.6726,0.3009
5055,7,30,15,weather_driven,historically_calibrated,0.483164,0.082138,6.0911,7.3049,0.6493,0.5645
5056,7,30,16,weather_driven,historically_calibrated,0.540957,0.091963,6.595,7.5916,0.5586,0.4381
5057,7,30,17,weather_driven,historically_calibrated,0.570237,0.09694,6.8388,7.9017,0.4018,0.6611
5058,7,30,18,weather_driven,historically_calibrated,0.634698,0.107899,7.3513,8.1434,0.2722,0.52
5059,7,30,19,weather_driven,historically_calibrated,0.718801,0.122196,7.9748,8.235,0.1711,0.0892
5060,7,30,20,weather_driven,historically_calibrated,0.732302,0.124491,8.0706,8.1433,0.0713,0.0014
5061,7,30,21,weather_driven,historically_calibrated,0.707696,0.120308,7.8951,7.9006,0.0052,0.0003
5062,7,30,22,weather_driven,historically_calibrated,0.665668,0.113164,7.5865,7.5865,0.0,0.0
5063,7,30,23,weather_driven,historically_calibrated,0.626165,0.106448,7.2853,7.2853,0.0,0.0
5064,7,30,24,weather_driven,historically_calibrated,0.469245,0.079772,5.9649,5.9649,0.0,0.0
5065,7,31,1,weather_driven,historically_calibrated,0.457928,0.077848,5.8609,5.8609,0.0,0.0
5066,7,31,2,weather_driven,historically_calibrated,0.494249,0.084022,6.1902,6.1902,0.0,0.0
5067,7,31,3,weather_driven,historically_calibrated,0.53357,0.090707,6.5323,6.5323,0.0,0.0
5068,7,31,4,weather_driven,historically_calibrated,0.578883,0.09841,6.9095,6.9095,0.0,0.0
5069,7,31,5,weather_driven,historically_calibrated,0.608968,0.103525,7.1506,7.1506,0.0,0.0
5070,7,31,6,weather_driven,historically_calibrated,0.594738,0.101105,7.0374,7.0569,0.0194,0.0
5071,7,31,7,weather_driven,historically_calibrated,0.713672,0.121324,7.9381,8.034,0.0959,0.0
5072,7,31,8,weather_driven,historically_calibrated,0.622526,0.105829,7.257,7.4812,0.2242,0.0
5073,7,31,9,weather_driven,historically_calibrated,0.609109,0.103548,7.1517,7.5625,0.4108,0.0
5074,7,31,10,weather_driven,historically_calibrated,0.572736,0.097365,6.8593,7.489,0.6273,0.0024
5075,7,31,11,weather_driven,historically_calibrated,0.524923,0.089237,6.4583,7.3109,0.8281,0.0245
5076,7,31,12,weather_driven,historically_calibrated,0.508925,0.086517,6.3195,7.368,0.972,0.0764
5077,7,31,13,weather_driven,historically_calibrated,0.505665,0.085963,6.291,7.4167,1.0225,0.1032
5078,7,31,14,weather_driven,historically_calibrated,0.548922,0.093317,6.662,7.677,0.95,0.065
5079,7,31,15,weather_driven,historically_calibrated,0.518097,0.088077,6.3994,7.8844,0.8735,0.6116
5080,7,31,16,weather_driven,historically_calibrated,0.602621,0.102446,7.1003,7.9813,0.6363,0.2447
5081,7,31,17,weather_driven,historically_calibrated,0.569392,0.096797,6.8319,7.9755,0.4303,0.7133
5082,7,31,18,weather_driven,historically_calibrated,0.656524,0.111609,7.5177,8.1434,0.2605,0.3652
5083,7,31,19,weather_driven,historically_calibrated,0.728566,0.123856,8.0442,8.235,0.1361,0.0548
5084,7,31,20,weather_driven,historically_calibrated,0.735259,0.124994,8.0914,8.1433,0.0518,0.0
5085,7,31,21,weather_driven,historically_calibrated,0.706791,0.120154,7.8886,7.9006,0.0039,0.0081
5086,7,31,22,weather_driven,historically_calibrated,0.663688,0.112827,7.5716,7.5865,0.0,0.0148
5087,7,31,23,weather_driven,historically_calibrated,0.622235,0.10578,7.2547,7.2853,0.0,0.0306
5088,7,31,24,weather_driven,historically_calibrated,0.450392,0.076567,5.7909,5.8365,0.0,0.0457
5089,8,1,1,weather_driven,historically_calibrated,0.423515,0.071998,5.5361,5.5361,0.0,0.0
5090,8,1,2,weather_driven,historically_calibrated,0.423935,0.072069,5.5401,5.5401,0.0,0.0
5091,8,1,3,weather_driven,historically_calibrated,0.425445,0.072326,5.5546,5.5546,0.0,0.0
5092,8,1,4,weather_driven,historically_calibrated,0.429783,0.073063,5.5962,5.5962,0.0,0.0
5093,8,1,5,weather_driven,historically_calibrated,0.439664,0.074743,5.6901,5.6901,0.0,0.0
5094,8,1,6,weather_driven,historically_calibrated,0.454745,0.077307,5.8314,5.8547,0.0233,0.0
5095,8,1,7,weather_driven,historically_calibrated,0.612498,0.104125,7.1784,7.286,0.1076,0.0
5096,8,1,8,weather_driven,historically_calibrated,0.622028,0.105745,7.2531,7.4812,0.2281,0.0
5097,8,1,9,weather_driven,historically_calibrated,0.651838,0.110812,7.4823,7.8801,0.3979,0.0
5098,8,1,10,weather_driven,historically_calibrated,0.689635,0.117238,7.7639,8.3627,0.5988,0.0
5099,8,1,11,weather_driven,historically_calibrated,0.714812,0.121518,7.9463,8.7097,0.762,0.0014
5100,8,1,12,weather_driven,historically_calibrated,0.713918,0.121366,7.9399,8.8663,0.924,0.0024
5101,8,1,13,weather_driven,historically_calibrated,0.686923,0.116777,7.744,8.7336,0.9888,0.0007
5102,8,1,14,weather_driven,historically_calibrated,0.785115,0.13347,8.4348,9.1043,0.6687,0.0007
5103,8,1,15,weather_driven,historically_calibrated,0.831225,0.141308,8.7401,9.4866,0.7452,0.0014
5104,8,1,16,weather_driven,historically_calibrated,0.90072,0.153122,9.1795,9.8235,0.6402,0.0038
5105,8,1,17,weather_driven,historically_calibrated,0.966458,0.164298,9.5744,10.0405,0.4549,0.0111
5106,8,1,18,weather_driven,historically_calibrated,0.970058,0.16491,9.5955,9.8916,0.2812,0.0148
5107,8,1,19,weather_driven,historically_calibrated,0.946496,0.160904,9.4565,9.6185,0.162,0.0
5108,8,1,20,weather_driven,historically_calibrated,0.881247,0.149812,9.0587,9.1313,0.0726,0.0
5109,8,1,21,weather_driven,historically_calibrated,0.803681,0.136626,8.5591,8.5643,0.0052,0.0
5110,8,1,22,weather_driven,historically_calibrated,0.714007,0.121381,7.9405,7.9405,0.0,0.0
5111,8,1,23,weather_driven,historically_calibrated,0.634775,0.107912,7.3519,7.3533,0.0,0.0014
5112,8,1,24,weather_driven,historically_calibrated,0.453701,0.077129,5.8217,5.8365,0.0,0.0148
5113,8,2,1,weather_driven,historically_calibrated,0.423441,0.071985,5.5354,5.5361,0.0,0.0007
5114,8,2,2,weather_driven,historically_calibrated,0.423685,0.072026,5.5377,5.5401,0.0,0.0024
5115,8,2,3,weather_driven,historically_calibrated,0.425047,0.072258,5.5508,5.5546,0.0,0.0038
5116,8,2,4,weather_driven,historically_calibrated,0.429383,0.072995,5.5924,5.5962,0.0,0.0038
5117,8,2,5,weather_driven,historically_calibrated,0.439517,0.074718,5.6887,5.6901,0.0,0.0014
5118,8,2,6,weather_driven,historically_calibrated,0.454549,0.077273,5.8296,5.8547,0.0194,0.0057
5119,8,2,7,weather_driven,historically_calibrated,0.613825,0.10435,7.1888,7.286,0.0933,0.0038
5120,8,2,8,weather_driven,historically_calibrated,0.627285,0.106638,7.294,7.4812,0.1724,0.0148
5121,8,2,9,weather_driven,historically_calibrated,0.621014,0.105572,7.2452,7.5625,0.1633,0.1541
5122,8,2,10,weather_driven,historically_calibrated,0.593804,0.100947,7.0299,7.489,0.127,0.332
5123,8,2,11,weather_driven,historically_calibrated,0.573432,0.097483,6.865,7.3109,0.0454,0.4005
5124,8,2,12,weather_driven,historically_calibrated,0.524458,0.089158,6.4543,7.1349,0.3797,0.3009
5125,8,2,13,weather_driven,historically_calibrated,0.486436,0.082694,6.1204,7.0546,0.5689,0.3652
5126,8,2,14,weather_driven,historically_calibrated,0.491576,0.083568,6.1664,7.1127,0.6143,0.332
5127,8,2,15,weather_driven,historically_calibrated,0.530918,0.090256,6.5096,7.3049,0.6597,0.1356
5128,8,2,16,weather_driven,historically_calibrated,0.578878,0.098409,6.9094,7.5916,0.508,0.1741
5129,8,2,17,weather_driven,historically_calibrated,0.649383,0.110395,7.4636,7.9017,0.4005,0.0376
5130,8,2,18,weather_driven,historically_calibrated,0.700988,0.119168,7.8467,8.1434,0.2968,0.0
5131,8,2,19,weather_driven,historically_calibrated,0.72564,0.123359,8.0235,8.235,0.1568,0.0548
5132,8,2,20,weather_driven,historically_calibrated,0.731957,0.124433,8.0682,8.1433,0.0713,0.0038
5133,8,2,21,weather_driven,historically_calibrated,0.707738,0.120316,7.8954,7.9006,0.0052,0.0
5134,8,2,22,weather_driven,historically_calibrated,0.665668,0.113164,7.5865,7.5865,0.0,0.0
5135,8,2,23,weather_driven,historically_calibrated,0.626165,0.106448,7.2853,7.2853,0.0,0.0
5136,8,2,24,weather_driven,historically_calibrated,0.455298,0.077401,5.8365,5.8365,0.0,0.0
5137,8,3,1,weather_driven,historically_calibrated,0.423514,0.071997,5.5361,5.5361,0.0,0.0
5138,8,3,2,weather_driven,historically_calibrated,0.42379,0.072044,5.5387,5.5401,0.0,0.0014
5139,8,3,3,weather_driven,historically_calibrated,0.425445,0.072326,5.5546,5.5546,0.0,0.0
5140,8,3,4,weather_driven,historically_calibrated,0.429186,0.072962,5.5905,5.5962,0.0,0.0057
5141,8,3,5,weather_driven,historically_calibrated,0.432812,0.073578,5.6251,5.6901,0.0,0.065
5142,8,3,6,weather_driven,historically_calibrated,0.435264,0.073995,5.6484,5.8547,0.0104,0.1959
5143,8,3,7,weather_driven,historically_calibrated,0.559134,0.095053,6.7472,7.286,0.0609,0.4779
5144,8,3,8,weather_driven,historically_calibrated,0.494581,0.084079,6.1931,7.4812,0.1309,1.1571
5145,8,3,9,weather_driven,historically_calibrated,0.444693,0.075598,5.7375,7.5625,0.2579,1.5671
5146,8,3,10,weather_driven,historically_calibrated,0.355997,0.060519,4.8586,7.489,0.5664,2.0641
5147,8,3,11,weather_driven,historically_calibrated,0.21537,0.036613,3.2356,7.3109,0.7232,3.3521
5148,8,3,12,weather_driven,historically_calibrated,0.222584,0.037839,3.3272,7.1682,0.7802,3.0608
5149,8,3,13,weather_driven,historically_calibrated,0.242706,0.04126,3.5774,7.0875,0.5884,2.9217
5150,8,3,14,weather_driven,historically_calibrated,0.155524,0.026439,2.433,7.1127,0.5197,4.16
5151,8,3,15,weather_driven,historically_calibrated,0.309465,0.052609,4.3565,7.3049,0.4186,2.5298
5152,8,3,16,weather_driven,historically_calibrated,0.354914,0.060335,4.8472,7.5916,0.337,2.4074
5153,8,3,17,weather_driven,historically_calibrated,0.174358,0.029641,2.6942,7.9017,0.3149,4.8926
5154,8,3,18,weather_driven,historically_calibrated,0.30504,0.051857,4.3071,8.1434,0.175,3.6614
5155,8,3,19,weather_driven,historically_calibrated,0.536564,0.091216,6.5577,8.235,0.1102,1.5671
5156,8,3,20,weather_driven,historically_calibrated,0.524445,0.089156,6.4542,8.1433,0.0298,1.6593
5157,8,3,21,weather_driven,historically_calibrated,0.284729,0.048404,4.0765,7.9006,0.0013,3.8229
5158,8,3,22,weather_driven,historically_calibrated,0.27171,0.046191,3.9251,7.5865,0.0,3.6614
5159,8,3,23,weather_driven,historically_calibrated,0.179853,0.030575,2.7689,7.2853,0.0,4.5164
5160,8,3,24,weather_driven,historically_calibrated,0.200973,0.034165,3.0496,5.8365,0.0,2.7869
5161,8,4,1,weather_driven,historically_calibrated,0.20761,0.035294,3.1359,5.0932,0.0,1.9573
5162,8,4,2,weather_driven,historically_calibrated,0.128038,0.021766,2.0361,5.0969,0.0,3.0608
5163,8,4,3,weather_driven,historically_calibrated,0.147799,0.025126,2.3234,5.1103,0.0,2.7869
5164,8,4,4,weather_driven,historically_calibrated,0.211903,0.036024,3.1912,5.1485,0.0,1.9573
5165,8,4,5,weather_driven,historically_calibrated,0.250123,0.042521,3.6678,5.2349,0.0,1.5671
5166,8,4,6,weather_driven,historically_calibrated,0.261762,0.0445,3.8075,5.3863,0.0117,1.5671
5167,8,4,7,weather_driven,historically_calibrated,0.348656,0.059271,4.7814,6.7031,0.0674,1.8543
5168,8,4,8,weather_driven,historically_calibrated,0.28537,0.048513,4.0838,6.8827,0.1426,2.6563
5169,8,4,9,weather_driven,historically_calibrated,0.296418,0.050391,4.21,6.9575,0.2177,2.5298
5170,8,4,10,weather_driven,historically_calibrated,0.2869,0.048773,4.1014,6.8899,0.381,2.4074
5171,8,4,11,weather_driven,historically_calibrated,0.258651,0.043971,3.7704,6.726,0.5482,2.4074
5172,8,4,12,weather_driven,historically_calibrated,0.28409,0.048295,4.0691,6.5641,0.74,1.755
5173,8,4,13,weather_driven,historically_calibrated,0.273613,0.046514,3.9474,6.5508,0.7491,1.8543
5174,8,4,14,weather_driven,historically_calibrated,0.264749,0.045007,3.843,6.8185,0.8009,2.1746
5175,8,4,15,weather_driven,historically_calibrated,0.363451,0.061787,4.9362,7.0655,0.7361,1.3932
5176,8,4,16,weather_driven,historically_calibrated,0.398165,0.067688,5.2883,7.2776,0.5962,1.3932
5177,8,4,17,weather_driven,historically_calibrated,0.460794,0.078335,5.8873,7.3714,0.3992,1.0848
5178,8,4,18,weather_driven,historically_calibrated,0.497582,0.084589,6.2197,7.492,0.2566,1.0156
5179,8,4,19,weather_driven,historically_calibrated,0.527346,0.089649,6.4791,7.5762,0.1477,0.9494
5180,8,4,20,weather_driven,historically_calibrated,0.567546,0.096483,6.8167,7.4918,0.0635,0.6116
5181,8,4,21,weather_driven,historically_calibrated,0.595887,0.101301,7.0466,7.2686,0.0026,0.2194
5182,8,4,22,weather_driven,historically_calibrated,0.572928,0.097398,6.8609,6.9796,0.0,0.1187
5183,8,4,23,weather_driven,historically_calibrated,0.548298,0.093211,6.6568,6.7024,0.0,0.0457
5184,8,4,24,weather_driven,historically_calibrated,0.40489,0.068831,5.3547,5.3696,0.0,0.0148
5185,8,5,1,weather_driven,historically_calibrated,0.37765,0.064201,5.0821,5.0932,0.0,0.0111
5186,8,5,2,weather_driven,historically_calibrated,0.385695,0.065568,5.1635,5.1717,0.0,0.0081
5187,8,5,3,weather_driven,historically_calibrated,0.401771,0.068301,5.324,5.3351,0.0,0.0111
5188,8,5,4,weather_driven,historically_calibrated,0.416582,0.070819,5.4691,5.4883,0.0,0.0193
5189,8,5,5,weather_driven,historically_calibrated,0.403591,0.06861,5.342,5.3501,0.0,0.0081
5190,8,5,6,weather_driven,historically_calibrated,0.406641,0.069129,5.372,5.3863,0.013,0.0014
5191,8,5,7,weather_driven,historically_calibrated,0.543598,0.092412,6.6173,6.7031,0.0855,0.0003
5192,8,5,8,weather_driven,historically_calibrated,0.550471,0.09358,6.675,6.8827,0.2074,0.0003
5193,8,5,9,weather_driven,historically_calibrated,0.537332,0.091346,6.5643,6.9575,0.3784,0.0148
5194,8,5,10,weather_driven,historically_calibrated,0.505629,0.085957,6.2907,6.922,0.5664,0.065
5195,8,5,11,weather_driven,historically_calibrated,0.495708,0.08427,6.2031,7.2596,0.7556,0.3009
5196,8,5,12,weather_driven,historically_calibrated,0.473646,0.08052,6.005,7.5137,0.8476,0.6611
5197,8,5,13,weather_driven,historically_calibrated,0.453386,0.077076,5.8187,7.6715,0.9033,0.9494
5198,8,5,14,weather_driven,historically_calibrated,0.495413,0.08422,6.2005,8.1316,0.8463,1.0848
5199,8,5,15,weather_driven,historically_calibrated,0.559541,0.095122,6.7506,8.4141,0.7141,0.9494
5200,8,5,16,weather_driven,historically_calibrated,0.605023,0.102854,7.1194,8.7117,0.5767,1.0156
5201,8,5,17,weather_driven,historically_calibrated,0.658959,0.112023,7.5361,8.5248,0.3771,0.6116
5202,8,5,18,weather_driven,historically_calibrated,0.720798,0.122536,7.989,8.5059,0.1516,0.3652
5203,8,5,19,weather_driven,historically_calibrated,0.737277,0.125337,8.1056,8.4248,0.0998,0.2194
5204,8,5,20,weather_driven,historically_calibrated,0.713642,0.121319,7.9379,8.1211,0.0091,0.1741
5205,8,5,21,weather_driven,historically_calibrated,0.659105,0.112048,7.5372,7.6417,0.0013,0.1032
5206,8,5,22,weather_driven,historically_calibrated,0.6024,0.102408,7.0985,7.2727,0.0,0.1741
5207,8,5,23,weather_driven,historically_calibrated,0.541461,0.092048,6.5992,6.7024,0.0,0.1032
5208,8,5,24,weather_driven,historically_calibrated,0.392713,0.066761,5.234,5.3696,0.0,0.1356
5209,8,6,1,weather_driven,historically_calibrated,0.412863,0.070187,5.4329,5.5361,0.0,0.1032
5210,8,6,2,weather_driven,historically_calibrated,0.417208,0.070925,5.4751,5.5401,0.0,0.065
5211,8,6,3,weather_driven,historically_calibrated,0.400355,0.06806,5.31,5.5546,0.0,0.2447
5212,8,6,4,weather_driven,historically_calibrated,0.411756,0.069998,5.4221,5.5962,0.0,0.1741
5213,8,6,5,weather_driven,historically_calibrated,0.42351,0.071997,5.536,5.6901,0.0,0.1541
5214,8,6,6,weather_driven,historically_calibrated,0.446046,0.075828,5.7502,5.8547,0.0013,0.1032
5215,8,6,7,weather_driven,historically_calibrated,0.602115,0.10236,7.0963,7.286,0.0156,0.1741
5216,8,6,8,weather_driven,historically_calibrated,0.62082,0.105539,7.2436,7.4812,0.0181,0.2194
5217,8,6,9,weather_driven,historically_calibrated,0.609315,0.103584,7.1533,7.5625,0.1374,0.2718
5218,8,6,10,weather_driven,historically_calibrated,0.514305,0.087432,6.3665,7.489,0.2968,0.8257
5219,8,6,11,weather_driven,historically_calibrated,0.524799,0.089216,6.4572,7.3109,0.3758,0.4779
5220,8,6,12,weather_driven,historically_calibrated,0.511132,0.086892,6.3388,7.1349,0.5767,0.2194
5221,8,6,13,weather_driven,historically_calibrated,0.493961,0.083973,6.1876,7.1204,0.6882,0.2447
5222,8,6,14,weather_driven,historically_calibrated,0.520449,0.088476,6.4197,7.2123,0.6739,0.1187
5223,8,6,15,weather_driven,historically_calibrated,0.534414,0.09085,6.5395,7.3049,0.6299,0.1356
5224,8,6,16,weather_driven,historically_calibrated,0.512908,0.087194,6.3543,7.5916,0.4692,0.7682
5225,8,6,17,weather_driven,historically_calibrated,0.609876,0.103679,7.1578,7.9017,0.3434,0.4005
5226,8,6,18,weather_driven,historically_calibrated,0.681606,0.115873,7.7049,8.1434,0.2644,0.1741
5227,8,6,19,weather_driven,historically_calibrated,0.706636,0.120128,7.8875,8.235,0.1516,0.1959
5228,8,6,20,weather_driven,historically_calibrated,0.723566,0.123006,8.0087,8.1433,0.0454,0.0892
5229,8,6,21,weather_driven,historically_calibrated,0.700523,0.119089,7.8433,7.9006,0.0026,0.0548
5230,8,6,22,weather_driven,historically_calibrated,0.660655,0.112311,7.5489,7.5865,0.0,0.0376
5231,8,6,23,weather_driven,historically_calibrated,0.623688,0.106027,7.266,7.2853,0.0,0.0193
5232,8,6,24,weather_driven,historically_calibrated,0.453225,0.077048,5.8172,5.8365,0.0,0.0193
5233,8,7,1,weather_driven,historically_calibrated,0.432303,0.073492,5.6203,5.6579,0.0,0.0376
5234,8,7,2,weather_driven,historically_calibrated,0.452413,0.07691,5.8097,5.8245,0.0,0.0148
5235,8,7,3,weather_driven,historically_calibrated,0.472767,0.08037,5.997,6.0027,0.0,0.0057
5236,8,7,4,weather_driven,historically_calibrated,0.485816,0.082589,6.1149,6.1297,0.0,0.0148
5237,8,7,5,weather_driven,historically_calibrated,0.490101,0.083317,6.1532,6.1908,0.0,0.0376
5238,8,7,6,weather_driven,historically_calibrated,0.483926,0.082267,6.0979,6.1552,0.0117,0.0457
5239,8,7,7,weather_driven,historically_calibrated,0.61052,0.103788,7.1628,7.286,0.0855,0.0376
5240,8,7,8,weather_driven,historically_calibrated,0.615238,0.104591,7.1999,7.4812,0.2048,0.0764
5241,8,7,9,weather_driven,historically_calibrated,0.597215,0.101527,7.0572,7.5625,0.3512,0.1541
5242,8,7,10,weather_driven,historically_calibrated,0.55821,0.094896,6.7395,7.489,0.5301,0.2194
5243,8,7,11,weather_driven,historically_calibrated,0.511616,0.086975,6.343,7.3109,0.6026,0.3652
5244,8,7,12,weather_driven,historically_calibrated,0.472356,0.080301,5.9933,7.1349,0.5301,0.6116
5245,8,7,13,weather_driven,historically_calibrated,0.440526,0.074889,5.6983,7.0546,0.4069,0.9494
5246,8,7,14,weather_driven,historically_calibrated,0.454259,0.077224,5.8269,7.3783,0.4666,1.0848
5247,8,7,15,weather_driven,historically_calibrated,0.438013,0.074462,5.6745,7.6458,0.7387,1.2326
5248,8,7,16,weather_driven,historically_calibrated,0.507244,0.086231,6.3048,7.875,0.6208,0.9494
5249,8,7,17,weather_driven,historically_calibrated,0.580739,0.098726,6.9245,8.123,0.4303,0.7682
5250,8,7,18,weather_driven,historically_calibrated,0.653395,0.111077,7.4941,8.1434,0.2488,0.4005
5251,8,7,19,weather_driven,historically_calibrated,0.691106,0.117488,7.7747,8.235,0.1283,0.332
5252,8,7,20,weather_driven,historically_calibrated,0.705032,0.119856,7.8759,8.1433,0.048,0.2194
5253,8,7,21,weather_driven,historically_calibrated,0.684183,0.116311,7.7239,7.9006,0.0026,0.1741
5254,8,7,22,weather_driven,historically_calibrated,0.649929,0.110488,7.4678,7.5865,0.0,0.1187
5255,8,7,23,weather_driven,historically_calibrated,0.625993,0.106419,7.2839,7.3387,0.0,0.0548
5256,8,7,24,weather_driven,historically_calibrated,0.515643,0.087659,6.3781,6.3929,0.0,0.0148
5257,8,8,1,weather_driven,historically_calibrated,0.468509,0.079646,5.9582,5.9827,0.0,0.0245
5258,8,8,2,weather_driven,historically_calibrated,0.475587,0.08085,6.0226,6.0683,0.0,0.0457
5259,8,8,3,weather_driven,historically_calibrated,0.472854,0.080385,5.9978,6.0435,0.0,0.0457
5260,8,8,4,weather_driven,historically_calibrated,0.500806,0.085137,6.2482,6.2939,0.0,0.0457
5261,8,8,5,weather_driven,historically_calibrated,0.513778,0.087342,6.3619,6.3995,0.0,0.0376
5262,8,8,6,weather_driven,historically_calibrated,0.490549,0.083393,6.1572,6.1982,0.0104,0.0306
5263,8,8,7,weather_driven,historically_calibrated,0.61351,0.104297,7.1864,7.286,0.0804,0.0193
5264,8,8,8,weather_driven,historically_calibrated,0.618246,0.105102,7.2235,7.4812,0.1685,0.0892
5265,8,8,9,weather_driven,historically_calibrated,0.583628,0.099217,6.948,7.5625,0.3136,0.3009
5266,8,8,10,weather_driven,historically_calibrated,0.514455,0.087457,6.3678,7.489,0.4601,0.6611
5267,8,8,11,weather_driven,historically_calibrated,0.578818,0.098399,6.9089,7.3109,0.337,0.065
5268,8,8,12,weather_driven,historically_calibrated,0.522285,0.088788,6.4355,7.1349,0.5638,0.1356
5269,8,8,13,weather_driven,historically_calibrated,0.352866,0.059987,4.8257,7.0546,0.3745,1.8543
5270,8,8,14,weather_driven,historically_calibrated,0.391071,0.066482,5.2176,7.4257,0.3538,1.8543
5271,8,8,15,weather_driven,historically_calibrated,0.641328,0.109026,7.4022,7.6799,0.0583,0.2194
5272,8,8,16,weather_driven,historically_calibrated,0.598124,0.101681,7.0645,7.5916,0.0492,0.4779
5273,8,8,17,weather_driven,historically_calibrated,0.575366,0.097812,6.8808,7.9017,0.1348,0.8861
5274,8,8,18,weather_driven,historically_calibrated,0.528258,0.089804,6.4869,8.1434,0.0894,1.5671
5275,8,8,19,weather_driven,historically_calibrated,0.532435,0.090514,6.5226,8.235,0.0531,1.6593
5276,8,8,20,weather_driven,historically_calibrated,0.584016,0.099283,6.9511,8.1433,0.035,1.1571
5277,8,8,21,weather_driven,historically_calibrated,0.626487,0.106503,7.2878,7.9006,0.0013,0.6116
5278,8,8,22,weather_driven,historically_calibrated,0.645279,0.109697,7.4324,7.5865,0.0,0.1541
5279,8,8,23,weather_driven,historically_calibrated,0.624731,0.106204,7.2741,7.2853,0.0,0.0111
5280,8,8,24,weather_driven,historically_calibrated,0.502654,0.085451,6.2645,6.2645,0.0,0.0
5281,8,9,1,weather_driven,historically_calibrated,0.48952,0.083218,6.148,6.1857,0.0,0.0376
5282,8,9,2,weather_driven,historically_calibrated,0.509928,0.086688,6.3283,6.3933,0.0,0.065
5283,8,9,3,weather_driven,historically_calibrated,0.49981,0.084968,6.2394,6.3286,0.0,0.0892
5284,8,9,4,weather_driven,historically_calibrated,0.518691,0.088178,6.4045,6.5401,0.0,0.1356
5285,8,9,5,weather_driven,historically_calibrated,0.569113,0.096749,6.8296,6.9837,0.0,0.1541
5286,8,9,6,weather_driven,historically_calibrated,0.555787,0.094484,6.7194,6.8851,0.0117,0.1541
5287,8,9,7,weather_driven,historically_calibrated,0.71501,0.121552,7.9477,8.3012,0.0816,0.2718
5288,8,9,8,weather_driven,historically_calibrated,0.59031,0.100353,7.0019,7.8652,0.2022,0.6611
5289,8,9,9,weather_driven,historically_calibrated,0.492974,0.083806,6.1788,7.5625,0.3681,1.0156
5290,8,9,10,weather_driven,historically_calibrated,0.446126,0.075841,5.7509,7.489,0.5054,1.2326
5291,8,9,11,weather_driven,historically_calibrated,0.396949,0.067481,5.2762,7.3109,0.6415,1.3932
5292,8,9,12,weather_driven,historically_calibrated,0.330809,0.056237,4.5907,7.1349,0.7893,1.755
5293,8,9,13,weather_driven,historically_calibrated,0.295577,0.050248,4.2005,7.0546,0.8968,1.9573
5294,8,9,14,weather_driven,historically_calibrated,0.240725,0.040923,3.5531,7.1127,0.9033,2.6563
5295,8,9,15,weather_driven,historically_calibrated,0.234858,0.039926,3.4808,7.3049,0.7633,3.0608
5296,8,9,16,weather_driven,historically_calibrated,0.272522,0.046329,3.9346,7.5916,0.5962,3.0608
5297,8,9,17,weather_driven,historically_calibrated,0.300781,0.051133,4.2593,7.9017,0.2903,3.3521
5298,8,9,18,weather_driven,historically_calibrated,0.32983,0.056071,4.5801,8.1434,0.2112,3.3521
5299,8,9,19,weather_driven,historically_calibrated,0.376901,0.064073,5.0744,8.235,0.0998,3.0608
5300,8,9,20,weather_driven,historically_calibrated,0.501308,0.085222,6.2526,8.1433,0.0363,1.8543
5301,8,9,21,weather_driven,historically_calibrated,0.575723,0.097873,6.8837,7.9006,0.0013,1.0156
5302,8,9,22,weather_driven,historically_calibrated,0.603667,0.102623,7.1086,7.5865,0.0,0.4779
5303,8,9,23,weather_driven,historically_calibrated,0.584278,0.099327,6.9532,7.2853,0.0,0.332
5304,8,9,24,weather_driven,historically_calibrated,0.413181,0.070241,5.436,5.8365,0.0,0.4005
5305,8,10,1,weather_driven,historically_calibrated,0.379221,0.064468,5.098,5.5361,0.0,0.4381
5306,8,10,2,weather_driven,historically_calibrated,0.379551,0.064524,5.1014,5.6214,0.0,0.52
5307,8,10,3,weather_driven,historically_calibrated,0.345001,0.05865,4.7427,5.7583,0.0,1.0156
5308,8,10,4,weather_driven,historically_calibrated,0.370004,0.062901,5.0038,6.0887,0.0,1.0848
5309,8,10,5,weather_driven,historically_calibrated,0.392433,0.066714,5.2312,6.316,0.0,1.0848
5310,8,10,6,weather_driven,historically_calibrated,0.418403,0.071128,5.4867,6.7993,0.0013,1.3112
5311,8,10,7,weather_driven,historically_calibrated,0.557695,0.094808,6.7353,8.5149,0.0246,1.755
5312,8,10,8,weather_driven,historically_calibrated,0.511037,0.086876,6.338,7.4812,0.0583,1.0848
5313,8,10,9,weather_driven,historically_calibrated,0.47208,0.080254,5.9908,7.5625,0.0933,1.4784
5314,8,10,10,weather_driven,historically_calibrated,0.43538,0.074015,5.6495,7.489,0.1801,1.6593
5315,8,10,11,weather_driven,historically_calibrated,0.418567,0.071156,5.4883,7.3109,0.1633,1.6593
5316,8,10,12,weather_driven,historically_calibrated,0.366504,0.062306,4.9678,7.1349,0.4121,1.755
5317,8,10,13,weather_driven,historically_calibrated,0.311205,0.052905,4.3759,7.0546,0.5041,2.1746
5318,8,10,14,weather_driven,historically_calibrated,0.307271,0.052236,4.3321,7.1127,0.3732,2.4074
5319,8,10,15,weather_driven,historically_calibrated,0.393121,0.066831,5.2381,7.3049,0.2125,1.8543
5320,8,10,16,weather_driven,historically_calibrated,0.398033,0.067666,5.287,7.5916,0.3473,1.9573
5321,8,10,17,weather_driven,historically_calibrated,0.513641,0.087319,6.3607,7.9017,0.3084,1.2326
5322,8,10,18,weather_driven,historically_calibrated,0.62234,0.105798,7.2555,8.1434,0.2268,0.6611
5323,8,10,19,weather_driven,historically_calibrated,0.668129,0.113582,7.6049,8.235,0.1102,0.52
5324,8,10,20,weather_driven,historically_calibrated,0.723048,0.122918,8.005,8.1433,0.035,0.1032
5325,8,10,21,weather_driven,historically_calibrated,0.705607,0.119953,7.8801,7.9006,0.0013,0.0193
5326,8,10,22,weather_driven,historically_calibrated,0.680594,0.115701,7.6974,7.6977,0.0,0.0003
5327,8,10,23,weather_driven,historically_calibrated,0.697251,0.118533,7.8195,7.8195,0.0,0.0
5328,8,10,24,weather_driven,historically_calibrated,0.522305,0.088792,6.4357,6.4357,0.0,0.0
5329,8,11,1,weather_driven,historically_calibrated,0.435793,0.074085,5.6535,5.6535,0.0,0.0
5330,8,11,2,weather_driven,historically_calibrated,0.44813,0.076182,5.7697,5.7697,0.0,0.0
5331,8,11,3,weather_driven,historically_calibrated,0.46186,0.078516,5.8972,5.8973,0.0,0.0001
5332,8,11,4,weather_driven,historically_calibrated,0.442139,0.075164,5.7135,5.7149,0.0,0.0014
5333,8,11,5,weather_driven,historically_calibrated,0.444286,0.075529,5.7337,5.734,0.0,0.0003
5334,8,11,6,weather_driven,historically_calibrated,0.465741,0.079176,5.9328,5.9393,0.0065,0.0
5335,8,11,7,weather_driven,historically_calibrated,0.629798,0.107066,7.3134,7.3913,0.0778,0.0001
5336,8,11,8,weather_driven,historically_calibrated,0.550352,0.09356,6.674,6.8827,0.2087,0.0
5337,8,11,9,weather_driven,historically_calibrated,0.539539,0.091722,6.583,6.9575,0.3745,0.0
5338,8,11,10,weather_driven,historically_calibrated,0.508934,0.086519,6.3196,6.8899,0.5702,0.0
5339,8,11,11,weather_driven,historically_calibrated,0.480698,0.081719,6.0689,6.726,0.6571,0.0001
5340,8,11,12,weather_driven,historically_calibrated,0.443071,0.075322,5.7222,6.5641,0.8307,0.0111
5341,8,11,13,weather_driven,historically_calibrated,0.435766,0.07408,5.6532,6.4902,0.8178,0.0193
5342,8,11,14,weather_driven,historically_calibrated,0.450815,0.076639,5.7948,6.5437,0.7296,0.0193
5343,8,11,15,weather_driven,historically_calibrated,0.476715,0.081042,6.0329,6.7205,0.6765,0.0111
5344,8,11,16,weather_driven,historically_calibrated,0.518804,0.088197,6.4055,6.9843,0.5482,0.0306
5345,8,11,17,weather_driven,historically_calibrated,0.572281,0.097288,6.8556,7.2696,0.3992,0.0148
5346,8,11,18,weather_driven,historically_calibrated,0.61548,0.104632,7.2018,7.492,0.2709,0.0193
5347,8,11,19,weather_driven,historically_calibrated,0.646079,0.109833,7.4385,7.5762,0.1296,0.0081
5348,8,11,20,weather_driven,historically_calibrated,0.646619,0.109925,7.4426,7.4918,0.0454,0.0038
5349,8,11,21,weather_driven,historically_calibrated,0.623544,0.106002,7.2649,7.2686,0.0013,0.0024
5350,8,11,22,weather_driven,historically_calibrated,0.587535,0.099881,6.9795,6.9796,0.0,0.0
5351,8,11,23,weather_driven,historically_calibrated,0.614464,0.104459,7.1939,7.194,0.0,0.0001
5352,8,11,24,weather_driven,historically_calibrated,0.464436,0.078954,5.9209,5.9209,0.0,0.0
5353,8,12,1,weather_driven,historically_calibrated,0.408682,0.069476,5.392,5.392,0.0,0.0
5354,8,12,2,weather_driven,historically_calibrated,0.405277,0.068897,5.3586,5.3586,0.0,0.0
5355,8,12,3,weather_driven,historically_calibrated,0.41437,0.070443,5.4476,5.4476,0.0,0.0
5356,8,12,4,weather_driven,historically_calibrated,0.426401,0.072488,5.5638,5.5638,0.0,0.0
5357,8,12,5,weather_driven,historically_calibrated,0.440243,0.074841,5.6956,5.6956,0.0,0.0
5358,8,12,6,weather_driven,historically_calibrated,0.431944,0.07343,5.6168,5.6233,0.0065,0.0
5359,8,12,7,weather_driven,historically_calibrated,0.545788,0.092784,6.6357,6.7031,0.0674,0.0
5360,8,12,8,weather_driven,historically_calibrated,0.556719,0.094642,6.7271,6.8827,0.1555,0.0
5361,8,12,9,weather_driven,historically_calibrated,0.549232,0.093369,6.6646,6.9575,0.2929,0.0
5362,8,12,10,weather_driven,historically_calibrated,0.527946,0.089751,6.4842,6.8899,0.4056,0.0
5363,8,12,11,weather_driven,historically_calibrated,0.491695,0.083588,6.1674,6.726,0.5586,0.0
5364,8,12,12,weather_driven,historically_calibrated,0.467005,0.079391,5.9444,6.656,0.7115,0.0001
5365,8,12,13,weather_driven,historically_calibrated,0.473717,0.080532,6.0057,6.7628,0.7569,0.0003
5366,8,12,14,weather_driven,historically_calibrated,0.507144,0.086214,6.3039,7.0323,0.7284,0.0
5367,8,12,15,weather_driven,historically_calibrated,0.548601,0.093262,6.6593,7.3164,0.6571,0.0
5368,8,12,16,weather_driven,historically_calibrated,0.591604,0.100573,7.0123,7.571,0.5586,0.0001
5369,8,12,17,weather_driven,historically_calibrated,0.642925,0.109297,7.4144,7.8124,0.3979,0.0001
5370,8,12,18,weather_driven,historically_calibrated,0.662543,0.112632,7.563,7.8066,0.2398,0.0038
5371,8,12,19,weather_driven,historically_calibrated,0.65729,0.111739,7.5235,7.6469,0.1231,0.0003
5372,8,12,20,weather_driven,historically_calibrated,0.647972,0.110155,7.4529,7.4918,0.0389,0.0
5373,8,12,21,weather_driven,historically_calibrated,0.624019,0.106083,7.2686,7.2686,0.0,0.0
5374,8,12,22,weather_driven,historically_calibrated,0.587537,0.099881,6.9796,6.9796,0.0,0.0
5375,8,12,23,weather_driven,historically_calibrated,0.553743,0.094136,6.7024,6.7024,0.0,0.0001
5376,8,12,24,weather_driven,historically_calibrated,0.406325,0.069075,5.3689,5.3696,0.0,0.0007
5377,8,13,1,weather_driven,historically_calibrated,0.423514,0.071997,5.5361,5.5361,0.0,0.0
5378,8,13,2,weather_driven,historically_calibrated,0.423935,0.072069,5.5401,5.5401,0.0,0.0
5379,8,13,3,weather_driven,historically_calibrated,0.425445,0.072326,5.5546,5.5546,0.0,0.0
5380,8,13,4,weather_driven,historically_calibrated,0.429783,0.073063,5.5962,5.5962,0.0,0.0
5381,8,13,5,weather_driven,historically_calibrated,0.439664,0.074743,5.6901,5.6901,0.0,0.0
5382,8,13,6,weather_driven,historically_calibrated,0.456981,0.077687,5.8521,5.8547,0.0026,0.0
5383,8,13,7,weather_driven,historically_calibrated,0.622426,0.105812,7.2562,7.286,0.0298,0.0
5384,8,13,8,weather_driven,historically_calibrated,0.640131,0.108822,7.393,7.4812,0.0881,0.0
5385,8,13,9,weather_driven,historically_calibrated,0.634193,0.107813,7.3474,7.5625,0.2151,0.0
5386,8,13,10,weather_driven,historically_calibrated,0.621226,0.105608,7.2468,7.489,0.2398,0.0024
5387,8,13,11,weather_driven,historically_calibrated,0.590241,0.100341,7.0013,7.3109,0.2903,0.0193
5388,8,13,12,weather_driven,historically_calibrated,0.56282,0.095679,6.7777,7.1349,0.3266,0.0306
5389,8,13,13,weather_driven,historically_calibrated,0.550767,0.09363,6.6775,7.0546,0.3007,0.0764
5390,8,13,14,weather_driven,historically_calibrated,0.56195,0.095531,6.7705,7.1127,0.3046,0.0376
5391,8,13,15,weather_driven,historically_calibrated,0.59665,0.10143,7.0527,7.3049,0.2216,0.0306
5392,8,13,16,weather_driven,historically_calibrated,0.631582,0.107369,7.3272,7.5916,0.1879,0.0764
5393,8,13,17,weather_driven,historically_calibrated,0.666788,0.113354,7.5949,7.9017,0.0622,0.2447
5394,8,13,18,weather_driven,historically_calibrated,0.636355,0.10818,7.364,8.1434,0.0661,0.7133
5395,8,13,19,weather_driven,historically_calibrated,0.747521,0.127079,8.1772,8.235,0.0272,0.0306
5396,8,13,20,weather_driven,historically_calibrated,0.741341,0.126028,8.1341,8.1433,0.0091,0.0001
5397,8,13,21,weather_driven,historically_calibrated,0.708445,0.120436,7.9005,7.9006,0.0,0.0001
5398,8,13,22,weather_driven,historically_calibrated,0.655503,0.111436,7.51,7.5865,0.0,0.0764
5399,8,13,23,weather_driven,historically_calibrated,0.310099,0.052717,4.3636,7.2853,0.0,2.9217
5400,8,13,24,weather_driven,historically_calibrated,0.405285,0.068899,5.3586,5.8365,0.0,0.4779
5401,8,14,1,weather_driven,historically_calibrated,0.324346,0.055139,4.5205,5.5361,0.0,1.0156
5402,8,14,2,weather_driven,historically_calibrated,0.275803,0.046887,3.973,5.5401,0.0,1.5671
5403,8,14,3,weather_driven,historically_calibrated,0.217724,0.037013,3.2656,5.5546,0.0,2.289
5404,8,14,4,weather_driven,historically_calibrated,0.230102,0.039117,3.4216,5.5962,0.0,2.1746
5405,8,14,5,weather_driven,historically_calibrated,0.272564,0.046336,3.9351,5.6901,0.0,1.755
5406,8,14,6,weather_driven,historically_calibrated,0.295131,0.050172,4.1954,5.8547,0.0,1.6593
5407,8,14,7,weather_driven,historically_calibrated,0.309813,0.052668,4.3604,7.286,0.0039,2.9217
5408,8,14,8,weather_driven,historically_calibrated,0.376581,0.064019,5.0712,7.4812,0.0026,2.4074
5409,8,14,9,weather_driven,historically_calibrated,0.395505,0.067236,5.2618,7.5625,0.0117,2.289
5410,8,14,10,weather_driven,historically_calibrated,0.432589,0.07354,5.623,7.489,0.0117,1.8543
5411,8,14,11,weather_driven,historically_calibrated,0.433143,0.073634,5.6283,7.3109,0.0233,1.6593
5412,8,14,12,weather_driven,historically_calibrated,0.453902,0.077163,5.8235,7.1349,0.1542,1.1571
5413,8,14,13,weather_driven,historically_calibrated,0.414535,0.070471,5.4492,7.0546,0.2942,1.3112
5414,8,14,14,weather_driven,historically_calibrated,0.392799,0.066776,5.2348,7.1127,0.4847,1.3932
5415,8,14,15,weather_driven,historically_calibrated,0.412692,0.070158,5.4312,7.3049,0.5625,1.3112
5416,8,14,16,weather_driven,historically_calibrated,0.461251,0.078413,5.8916,7.5916,0.3888,1.3112
5417,8,14,17,weather_driven,historically_calibrated,0.48134,0.081828,6.0746,7.9017,0.3486,1.4784
5418,8,14,18,weather_driven,historically_calibrated,0.576572,0.098017,6.8906,8.1434,0.2372,1.0156
5419,8,14,19,weather_driven,historically_calibrated,0.602767,0.10247,7.1015,8.235,0.1179,1.0156
5420,8,14,20,weather_driven,historically_calibrated,0.647041,0.109997,7.4458,8.1433,0.0363,0.6611
5421,8,14,21,weather_driven,historically_calibrated,0.654191,0.111212,7.5001,7.9006,0.0,0.4005
5422,8,14,22,weather_driven,historically_calibrated,0.629954,0.107092,7.3146,7.5865,0.0,0.2718
5423,8,14,23,weather_driven,historically_calibrated,0.603983,0.102677,7.1111,7.2853,0.0,0.1741
5424,8,14,24,weather_driven,historically_calibrated,0.440806,0.074937,5.7009,5.8365,0.0,0.1356
5425,8,15,1,weather_driven,historically_calibrated,0.409548,0.069623,5.4005,5.5361,0.0,0.1356
5426,8,15,2,weather_driven,historically_calibrated,0.417456,0.070968,5.4775,5.5808,0.0,0.1032
5427,8,15,3,weather_driven,historically_calibrated,0.420706,0.07152,5.509,5.5546,0.0,0.0457
5428,8,15,4,weather_driven,historically_calibrated,0.429637,0.073038,5.5948,5.5962,0.0,0.0014
5429,8,15,5,weather_driven,historically_calibrated,0.439655,0.074741,5.69,5.6901,0.0,0.0001
5430,8,15,6,weather_driven,historically_calibrated,0.456365,0.077582,5.8464,5.8547,0.0026,0.0057
5431,8,15,7,weather_driven,historically_calibrated,0.615264,0.104595,7.2002,7.286,0.0402,0.0457
5432,8,15,8,weather_driven,historically_calibrated,0.618271,0.105106,7.2237,7.4812,0.1542,0.1032
5433,8,15,9,weather_driven,historically_calibrated,0.595693,0.101268,7.0451,7.5625,0.2981,0.2194
5434,8,15,10,weather_driven,historically_calibrated,0.519687,0.088347,6.4131,7.489,0.4147,0.6611
5435,8,15,11,weather_driven,historically_calibrated,0.528095,0.089776,6.4855,7.3109,0.2138,0.6116
5436,8,15,12,weather_driven,historically_calibrated,0.493604,0.083913,6.1844,7.1349,0.2372,0.7133
5437,8,15,13,weather_driven,historically_calibrated,0.537635,0.091398,6.5668,7.0546,0.3136,0.1741
5438,8,15,14,weather_driven,historically_calibrated,0.502488,0.085423,6.2631,7.1127,0.2851,0.5645
5439,8,15,15,weather_driven,historically_calibrated,0.553392,0.094077,6.6994,7.3049,0.2735,0.332
5440,8,15,16,weather_driven,historically_calibrated,0.534674,0.090895,6.5417,7.5916,0.3888,0.6611
5441,8,15,17,weather_driven,historically_calibrated,0.558082,0.094874,6.7385,7.9017,0.2138,0.9494
5442,8,15,18,weather_driven,historically_calibrated,0.710025,0.120704,7.9119,8.1434,0.1283,0.1032
5443,8,15,19,weather_driven,historically_calibrated,0.749855,0.127475,8.1935,8.235,0.0402,0.0014
5444,8,15,20,weather_driven,historically_calibrated,0.828294,0.14081,8.721,8.7404,0.0194,0.0
5445,8,15,21,weather_driven,historically_calibrated,0.708456,0.120438,7.9006,7.9006,0.0,0.0
5446,8,15,22,weather_driven,historically_calibrated,0.665668,0.113164,7.5865,7.5865,0.0,0.0
5447,8,15,23,weather_driven,historically_calibrated,0.626126,0.106441,7.285,7.2853,0.0,0.0003
5448,8,15,24,weather_driven,historically_calibrated,0.461247,0.078412,5.8915,5.9221,0.0,0.0306
5449,8,16,1,weather_driven,historically_calibrated,0.441612,0.075074,5.7085,5.7391,0.0,0.0306
5450,8,16,2,weather_driven,historically_calibrated,0.419631,0.071337,5.4986,5.7433,0.0,0.2447
5451,8,16,3,weather_driven,historically_calibrated,0.45797,0.077855,5.8613,5.8805,0.0,0.0193
5452,8,16,4,weather_driven,historically_calibrated,0.481375,0.081834,6.075,6.1297,0.0,0.0548
5453,8,16,5,weather_driven,historically_calibrated,0.499827,0.084971,6.2396,6.316,0.0,0.0764
5454,8,16,6,weather_driven,historically_calibrated,0.492377,0.083704,6.1735,6.2411,0.0026,0.065
5455,8,16,7,weather_driven,historically_calibrated,0.710587,0.1208,7.916,7.9806,0.0454,0.0193
5456,8,16,8,weather_driven,historically_calibrated,0.679865,0.115577,7.6921,7.8652,0.1426,0.0306
5457,8,16,9,weather_driven,historically_calibrated,0.622191,0.105772,7.2543,7.5625,0.219,0.0892
5458,8,16,10,weather_driven,historically_calibrated,0.540469,0.09188,6.5908,7.489,0.4601,0.4381
5459,8,16,11,weather_driven,historically_calibrated,0.518568,0.088157,6.4034,7.3109,0.5754,0.332
5460,8,16,12,weather_driven,historically_calibrated,0.435377,0.074014,5.6495,7.1349,0.6597,0.8257
5461,8,16,13,weather_driven,historically_calibrated,0.417921,0.071047,5.4821,7.0546,0.8592,0.7133
5462,8,16,14,weather_driven,historically_calibrated,0.43519,0.073982,5.6477,7.1127,0.7517,0.7133
5463,8,16,15,weather_driven,historically_calibrated,0.477997,0.081259,6.0445,7.3049,0.311,0.9494
5464,8,16,16,weather_driven,historically_calibrated,0.491741,0.083596,6.1679,7.5916,0.4743,0.9494
5465,8,16,17,weather_driven,historically_calibrated,0.524879,0.089229,6.4579,7.9017,0.359,1.0848
5466,8,16,18,weather_driven,historically_calibrated,0.612082,0.104054,7.1751,8.1434,0.1426,0.8257
5467,8,16,19,weather_driven,historically_calibrated,0.677929,0.115248,7.6777,8.235,0.1192,0.4381
5468,8,16,20,weather_driven,historically_calibrated,0.699401,0.118898,7.8351,8.1433,0.0363,0.2718
5469,8,16,21,weather_driven,historically_calibrated,0.671339,0.114128,7.6288,7.9006,0.0,0.2718
5470,8,16,22,weather_driven,historically_calibrated,0.647702,0.110109,7.4509,7.5865,0.0,0.1356
5471,8,16,23,weather_driven,historically_calibrated,0.621333,0.105627,7.2476,7.2853,0.0,0.0376
5472,8,16,24,weather_driven,historically_calibrated,0.451254,0.076713,5.7989,5.8365,0.0,0.0376
5473,8,17,1,weather_driven,historically_calibrated,0.442259,0.075184,5.7146,5.7391,0.0,0.0245
5474,8,17,2,weather_driven,historically_calibrated,0.459478,0.078111,5.8752,5.9058,0.0,0.0306
5475,8,17,3,weather_driven,historically_calibrated,0.463944,0.07887,5.9163,5.962,0.0,0.0457
5476,8,17,4,weather_driven,historically_calibrated,0.49514,0.084174,6.1981,6.2528,0.0,0.0548
5477,8,17,5,weather_driven,historically_calibrated,0.520245,0.088442,6.4179,6.4829,0.0,0.065
5478,8,17,6,weather_driven,historically_calibrated,0.503511,0.085597,6.2721,6.4128,0.0052,0.1356
5479,8,17,7,weather_driven,historically_calibrated,0.682062,0.115951,7.7083,7.9271,0.0648,0.1541
5480,8,17,8,weather_driven,historically_calibrated,0.599379,0.101894,7.0745,7.4812,0.162,0.2447
5481,8,17,9,weather_driven,historically_calibrated,0.576473,0.098,6.8898,7.5625,0.2722,0.4005
5482,8,17,10,weather_driven,historically_calibrated,0.528956,0.089922,6.4929,7.489,0.4316,0.5645
5483,8,17,11,weather_driven,historically_calibrated,0.481412,0.08184,6.0753,7.3109,0.5223,0.7133
5484,8,17,12,weather_driven,historically_calibrated,0.445321,0.075705,5.7434,7.1349,0.6234,0.7682
5485,8,17,13,weather_driven,historically_calibrated,0.396476,0.067401,5.2715,7.0546,0.626,1.1571
5486,8,17,14,weather_driven,historically_calibrated,0.406402,0.069088,5.3696,7.1127,0.3499,1.3932
5487,8,17,15,weather_driven,historically_calibrated,0.464407,0.078949,5.9206,7.3049,0.5586,0.8257
5488,8,17,16,weather_driven,historically_calibrated,0.436544,0.074213,5.6606,7.5916,0.5378,1.3932
5489,8,17,17,weather_driven,historically_calibrated,0.39339,0.066876,5.2407,7.9017,0.372,2.289
5490,8,17,18,weather_driven,historically_calibrated,0.431713,0.073391,5.6146,8.1434,0.2398,2.289
5491,8,17,19,weather_driven,historically_calibrated,0.556019,0.094523,6.7213,8.235,0.1205,1.3932
5492,8,17,20,weather_driven,historically_calibrated,0.647552,0.110084,7.4497,8.1433,0.0324,0.6611
5493,8,17,21,weather_driven,historically_calibrated,0.649242,0.110371,7.4626,7.9006,0.0,0.4381
5494,8,17,22,weather_driven,historically_calibrated,0.64791,0.110145,7.4524,7.7534,0.0,0.3009
5495,8,17,23,weather_driven,historically_calibrated,0.670643,0.114009,7.6236,7.8195,0.0,0.1959
5496,8,17,24,weather_driven,historically_calibrated,0.505519,0.085938,6.2897,6.3929,0.0,0.1032
5497,8,18,1,weather_driven,historically_calibrated,0.411823,0.07001,5.4227,5.5414,0.0,0.1187
5498,8,18,2,weather_driven,historically_calibrated,0.422991,0.071908,5.531,5.6202,0.0,0.0892
5499,8,18,3,weather_driven,historically_calibrated,0.407719,0.069312,5.3826,5.4476,0.0,0.065
5500,8,18,4,weather_driven,historically_calibrated,0.427785,0.072724,5.5771,5.6016,0.0,0.0245
5501,8,18,5,weather_driven,historically_calibrated,0.419311,0.071283,5.4955,5.5036,0.0,0.0081
5502,8,18,6,weather_driven,historically_calibrated,0.422809,0.071878,5.5293,5.5443,0.0039,0.0111
5503,8,18,7,weather_driven,historically_calibrated,0.578365,0.098322,6.9052,6.998,0.0622,0.0306
5504,8,18,8,weather_driven,historically_calibrated,0.546158,0.092847,6.6388,6.8827,0.1788,0.065
5505,8,18,9,weather_driven,historically_calibrated,0.534381,0.090845,6.5392,6.9575,0.3292,0.0892
5506,8,18,10,weather_driven,historically_calibrated,0.498589,0.08476,6.2286,6.8899,0.3603,0.3009
5507,8,18,11,weather_driven,historically_calibrated,0.431212,0.073306,5.6099,6.726,0.5962,0.52
5508,8,18,12,weather_driven,historically_calibrated,0.430815,0.073239,5.6061,6.5641,0.438,0.52
5509,8,18,13,weather_driven,historically_calibrated,0.405224,0.068888,5.358,6.4902,0.5676,0.5645
5510,8,18,14,weather_driven,historically_calibrated,0.39537,0.067213,5.2605,6.5437,0.6221,0.6611
5511,8,18,15,weather_driven,historically_calibrated,0.428737,0.072885,5.5862,6.7205,0.6143,0.52
5512,8,18,16,weather_driven,historically_calibrated,0.497542,0.084582,6.2194,6.9843,0.464,0.3009
5513,8,18,17,weather_driven,historically_calibrated,0.530216,0.090137,6.5036,7.2696,0.3279,0.4381
5514,8,18,18,weather_driven,historically_calibrated,0.529744,0.090056,6.4996,7.492,0.2242,0.7682
5515,8,18,19,weather_driven,historically_calibrated,0.566272,0.096266,6.8062,7.5762,0.1089,0.6611
5516,8,18,20,weather_driven,historically_calibrated,0.62102,0.105573,7.2452,7.4918,0.0272,0.2194
5517,8,18,21,weather_driven,historically_calibrated,0.619198,0.105264,7.231,7.2686,0.0,0.0376
5518,8,18,22,weather_driven,historically_calibrated,0.600272,0.102046,7.0816,7.0819,0.0,0.0003
5519,8,18,23,weather_driven,historically_calibrated,0.627027,0.106595,7.292,7.2923,0.0,0.0003
5520,8,18,24,weather_driven,historically_calibrated,0.473019,0.080413,5.9993,5.9996,0.0,0.0003
5521,8,19,1,weather_driven,historically_calibrated,0.42367,0.072024,5.5376,5.5414,0.0,0.0038
5522,8,19,2,weather_driven,historically_calibrated,0.429093,0.072946,5.5896,5.6202,0.0,0.0306
5523,8,19,3,weather_driven,historically_calibrated,0.439927,0.074788,5.6926,5.7474,0.0,0.0548
5524,8,19,4,weather_driven,historically_calibrated,0.461705,0.07849,5.8957,5.9414,0.0,0.0457
5525,8,19,5,weather_driven,historically_calibrated,0.501252,0.085213,6.2522,6.2714,0.0,0.0193
5526,8,19,6,weather_driven,historically_calibrated,0.49059,0.0834,6.1576,6.1763,0.0039,0.0148
5527,8,19,7,weather_driven,historically_calibrated,0.636976,0.108286,7.3688,7.4404,0.0635,0.0081
5528,8,19,8,weather_driven,historically_calibrated,0.552894,0.093992,6.6953,6.8827,0.1763,0.0111
5529,8,19,9,weather_driven,historically_calibrated,0.538772,0.091591,6.5765,6.9575,0.3434,0.0376
5530,8,19,10,weather_driven,historically_calibrated,0.49999,0.084998,6.241,6.8899,0.5456,0.1032
5531,8,19,11,weather_driven,historically_calibrated,0.46523,0.079089,5.9281,6.726,0.6947,0.1032
5532,8,19,12,weather_driven,historically_calibrated,0.437037,0.074296,5.6653,6.5641,0.7802,0.1187
5533,8,19,13,weather_driven,historically_calibrated,0.419213,0.071266,5.4946,6.4902,0.7763,0.2194
5534,8,19,14,weather_driven,historically_calibrated,0.446876,0.075969,5.758,6.5437,0.5664,0.2194
5535,8,19,15,weather_driven,historically_calibrated,0.491422,0.083542,6.165,6.7205,0.4199,0.1356
5536,8,19,16,weather_driven,historically_calibrated,0.513868,0.087358,6.3627,6.9843,0.5184,0.1032
5537,8,19,17,weather_driven,historically_calibrated,0.556123,0.094541,6.7222,7.2696,0.3732,0.1741
5538,8,19,18,weather_driven,historically_calibrated,0.613974,0.104375,7.19,7.492,0.2255,0.0764
5539,8,19,19,weather_driven,historically_calibrated,0.646823,0.10996,7.4442,7.5762,0.1076,0.0245
5540,8,19,20,weather_driven,historically_calibrated,0.649163,0.110358,7.462,7.4918,0.0298,0.0
5541,8,19,21,weather_driven,historically_calibrated,0.624019,0.106083,7.2686,7.2686,0.0,0.0
5542,8,19,22,weather_driven,historically_calibrated,0.587537,0.099881,6.9796,6.9796,0.0,0.0
5543,8,19,23,weather_driven,historically_calibrated,0.553754,0.094138,6.7024,6.7024,0.0,0.0
5544,8,19,24,weather_driven,historically_calibrated,0.406398,0.069088,5.3696,5.3696,0.0,0.0
5545,8,20,1,weather_driven,historically_calibrated,0.423515,0.071998,5.5361,5.5361,0.0,0.0
5546,8,20,2,weather_driven,historically_calibrated,0.423935,0.072069,5.5401,5.5401,0.0,0.0
5547,8,20,3,weather_driven,historically_calibrated,0.425445,0.072326,5.5546,5.5546,0.0,0.0
5548,8,20,4,weather_driven,historically_calibrated,0.429783,0.073063,5.5962,5.5962,0.0,0.0
5549,8,20,5,weather_driven,historically_calibrated,0.448543,0.076252,5.7736,5.7736,0.0,0.0
5550,8,20,6,weather_driven,historically_calibrated,0.456841,0.077663,5.8508,5.8547,0.0039,0.0
5551,8,20,7,weather_driven,historically_calibrated,0.61777,0.105021,7.2198,7.286,0.0661,0.0001
5552,8,20,8,weather_driven,historically_calibrated,0.628651,0.106871,7.3046,7.4812,0.1685,0.0081
5553,8,20,9,weather_driven,historically_calibrated,0.616484,0.104802,7.2097,7.5625,0.3072,0.0457
5554,8,20,10,weather_driven,historically_calibrated,0.584144,0.099304,6.9521,7.489,0.4912,0.0457
5555,8,20,11,weather_driven,historically_calibrated,0.548692,0.093278,6.6601,7.3109,0.5858,0.065
5556,8,20,12,weather_driven,historically_calibrated,0.533449,0.090686,6.5312,7.1349,0.5145,0.0892
5557,8,20,13,weather_driven,historically_calibrated,0.569048,0.096738,6.8291,7.0546,0.1879,0.0376
5558,8,20,14,weather_driven,historically_calibrated,0.562168,0.095568,6.7723,7.1127,0.2048,0.1356
5559,8,20,15,weather_driven,historically_calibrated,0.556256,0.094563,6.7233,7.3049,0.337,0.2447
5560,8,20,16,weather_driven,historically_calibrated,0.609856,0.103676,7.1576,7.5916,0.2799,0.1541
5561,8,20,17,weather_driven,historically_calibrated,0.644597,0.109581,7.4272,7.9017,0.2786,0.1959
5562,8,20,18,weather_driven,historically_calibrated,0.643539,0.109402,7.4191,8.1434,0.1128,0.6116
5563,8,20,19,weather_driven,historically_calibrated,0.691353,0.11753,7.7765,8.235,0.0933,0.3652
5564,8,20,20,weather_driven,historically_calibrated,0.724689,0.123197,8.0167,8.1433,0.0233,0.1032
5565,8,20,21,weather_driven,historically_calibrated,0.702137,0.119363,7.855,7.9006,0.0,0.0457
5566,8,20,22,weather_driven,historically_calibrated,0.66159,0.11247,7.5559,7.5865,0.0,0.0306
5567,8,20,23,weather_driven,historically_calibrated,0.622235,0.10578,7.2547,7.2853,0.0,0.0306
5568,8,20,24,weather_driven,historically_calibrated,0.512101,0.087057,6.3473,6.3929,0.0,0.0457
5569,8,21,1,weather_driven,historically_calibrated,0.497748,0.084617,6.2212,6.2669,0.0,0.0457
5570,8,21,2,weather_driven,historically_calibrated,0.531921,0.090427,6.5182,6.5558,0.0,0.0376
5571,8,21,3,weather_driven,historically_calibrated,0.570244,0.096941,6.8389,6.8581,0.0,0.0193
5572,8,21,4,weather_driven,historically_calibrated,0.597409,0.10156,7.0588,7.0736,0.0,0.0148
5573,8,21,5,weather_driven,historically_calibrated,0.60794,0.10335,7.1425,7.1506,0.0,0.0081
5574,8,21,6,weather_driven,historically_calibrated,0.595828,0.101291,7.0461,7.0569,0.0026,0.0081
5575,8,21,7,weather_driven,historically_calibrated,0.702748,0.119467,7.8594,7.9271,0.0596,0.0081
5576,8,21,8,weather_driven,historically_calibrated,0.627383,0.106655,7.2947,7.4812,0.1672,0.0193
5577,8,21,9,weather_driven,historically_calibrated,0.617179,0.10492,7.2152,7.5625,0.3097,0.0376
5578,8,21,10,weather_driven,historically_calibrated,0.580252,0.098643,6.9206,7.489,0.4497,0.1187
5579,8,21,11,weather_driven,historically_calibrated,0.552434,0.093914,6.6914,7.3109,0.543,0.0764
5580,8,21,12,weather_driven,historically_calibrated,0.521243,0.088611,6.4266,7.1349,0.5897,0.1187
5581,8,21,13,weather_driven,historically_calibrated,0.532238,0.09048,6.5209,7.0546,0.4445,0.0892
5582,8,21,14,weather_driven,historically_calibrated,0.507721,0.086312,6.309,7.1127,0.7387,0.065
5583,8,21,15,weather_driven,historically_calibrated,0.529867,0.090077,6.5007,7.3049,0.6856,0.1187
5584,8,21,16,weather_driven,historically_calibrated,0.590588,0.1004,7.0041,7.627,0.4873,0.1356
5585,8,21,17,weather_driven,historically_calibrated,0.627981,0.106757,7.2994,7.9017,0.3577,0.2447
5586,8,21,18,weather_driven,historically_calibrated,0.683116,0.11613,7.716,8.1434,0.1827,0.2447
5587,8,21,19,weather_driven,historically_calibrated,0.724486,0.123163,8.0153,8.235,0.1011,0.1187
5588,8,21,20,weather_driven,historically_calibrated,0.734518,0.124868,8.0862,8.1433,0.0194,0.0376
5589,8,21,21,weather_driven,historically_calibrated,0.706911,0.120175,7.8895,7.9006,0.0,0.0111
5590,8,21,22,weather_driven,historically_calibrated,0.665347,0.113109,7.5841,7.5865,0.0,0.0024
5591,8,21,23,weather_driven,historically_calibrated,0.625986,0.106418,7.2839,7.2853,0.0,0.0014
5592,8,21,24,weather_driven,historically_calibrated,0.455289,0.077399,5.8364,5.8365,0.0,0.0001
5593,8,22,1,weather_driven,historically_calibrated,0.423515,0.071998,5.5361,5.5361,0.0,0.0
5594,8,22,2,weather_driven,historically_calibrated,0.423935,0.072069,5.5401,5.5401,0.0,0.0
5595,8,22,3,weather_driven,historically_calibrated,0.438186,0.074492,5.6761,5.6769,0.0,0.0007
5596,8,22,4,weather_driven,historically_calibrated,0.451515,0.076758,5.8013,5.8014,0.0,0.0001
5597,8,22,5,weather_driven,historically_calibrated,0.475465,0.080829,6.0215,6.0239,0.0,0.0024
5598,8,22,6,weather_driven,historically_calibrated,0.465556,0.079145,5.9311,5.9406,0.0013,0.0081
5599,8,22,7,weather_driven,historically_calibrated,0.619537,0.105321,7.2336,7.286,0.0467,0.0057
5600,8,22,8,weather_driven,historically_calibrated,0.635585,0.108049,7.3581,7.4812,0.1192,0.0038
5601,8,22,9,weather_driven,historically_calibrated,0.633933,0.107769,7.3454,7.5625,0.2164,0.0007
5602,8,22,10,weather_driven,historically_calibrated,0.608756,0.103488,7.1489,7.489,0.3344,0.0057
5603,8,22,11,weather_driven,historically_calibrated,0.571391,0.097136,6.8483,7.3109,0.4588,0.0038
5604,8,22,12,weather_driven,historically_calibrated,0.538473,0.09154,6.5739,7.1349,0.5586,0.0024
5605,8,22,13,weather_driven,historically_calibrated,0.532602,0.090542,6.524,7.0546,0.5249,0.0057
5606,8,22,14,weather_driven,historically_calibrated,0.540206,0.091835,6.5886,7.1127,0.5184,0.0057
5607,8,22,15,weather_driven,historically_calibrated,0.564283,0.095928,6.7898,7.3049,0.5003,0.0148
5608,8,22,16,weather_driven,historically_calibrated,0.614139,0.104404,7.1913,7.5916,0.381,0.0193
5609,8,22,17,weather_driven,historically_calibrated,0.667418,0.113461,7.5996,7.9017,0.2372,0.065
5610,8,22,18,weather_driven,historically_calibrated,0.716824,0.12186,7.9607,8.1434,0.1452,0.0376
5611,8,22,19,weather_driven,historically_calibrated,0.744397,0.126547,8.1554,8.235,0.0739,0.0057
5612,8,22,20,weather_driven,historically_calibrated,0.741169,0.125999,8.1329,8.1433,0.0104,0.0
5613,8,22,21,weather_driven,historically_calibrated,0.708458,0.120438,7.9006,7.9006,0.0,0.0
5614,8,22,22,weather_driven,historically_calibrated,0.665668,0.113164,7.5865,7.5865,0.0,0.0
5615,8,22,23,weather_driven,historically_calibrated,0.625855,0.106395,7.2829,7.2853,0.0,0.0024
5616,8,22,24,weather_driven,historically_calibrated,0.455039,0.077357,5.8341,5.8365,0.0,0.0024
5617,8,23,1,weather_driven,historically_calibrated,0.420976,0.071566,5.5116,5.5361,0.0,0.0245
5618,8,23,2,weather_driven,historically_calibrated,0.409961,0.069693,5.4045,5.5401,0.0,0.1356
5619,8,23,3,weather_driven,historically_calibrated,0.313157,0.053237,4.3975,5.5546,0.0,1.1571
5620,8,23,4,weather_driven,historically_calibrated,0.272718,0.046362,3.9369,5.5962,0.0,1.6593
5621,8,23,5,weather_driven,historically_calibrated,0.288779,0.049092,4.123,5.6901,0.0,1.5671
5622,8,23,6,weather_driven,historically_calibrated,0.398354,0.06772,5.2902,5.8547,0.0,0.5645
5623,8,23,7,weather_driven,historically_calibrated,0.596604,0.101423,7.0523,7.286,0.0143,0.2194
5624,8,23,8,weather_driven,historically_calibrated,0.571346,0.097129,6.8479,7.4812,0.0687,0.5645
5625,8,23,9,weather_driven,historically_calibrated,0.486962,0.082784,6.1252,7.5625,0.2048,1.2326
5626,8,23,10,weather_driven,historically_calibrated,0.47414,0.080604,6.0095,7.489,0.5301,0.9494
5627,8,23,11,weather_driven,historically_calibrated,0.414356,0.070441,5.4474,7.3109,0.7063,1.1571
5628,8,23,12,weather_driven,historically_calibrated,0.342154,0.058166,4.7124,7.1349,0.8554,1.5671
5629,8,23,13,weather_driven,historically_calibrated,0.306799,0.052156,4.3268,7.0546,0.8735,1.8543
5630,8,23,14,weather_driven,historically_calibrated,0.32673,0.055544,4.5464,7.1127,0.8113,1.755
5631,8,23,15,weather_driven,historically_calibrated,0.352468,0.05992,4.8216,7.3049,0.7284,1.755
5632,8,23,16,weather_driven,historically_calibrated,0.41039,0.069766,5.4087,7.5916,0.5236,1.6593
5633,8,23,17,weather_driven,historically_calibrated,0.500818,0.085139,6.2483,7.9017,0.3421,1.3112
5634,8,23,18,weather_driven,historically_calibrated,0.59825,0.101702,7.0655,8.1434,0.1918,0.8861
5635,8,23,19,weather_driven,historically_calibrated,0.682667,0.116053,7.7127,8.235,0.0842,0.4381
5636,8,23,20,weather_driven,historically_calibrated,0.716011,0.121722,7.9549,8.1433,0.0143,0.1741
5637,8,23,21,weather_driven,historically_calibrated,0.697893,0.118642,7.8242,7.9006,0.0,0.0764
5638,8,23,22,weather_driven,historically_calibrated,0.660655,0.112311,7.5489,7.5865,0.0,0.0376
5639,8,23,23,weather_driven,historically_calibrated,0.623688,0.106027,7.266,7.2853,0.0,0.0193
5640,8,23,24,weather_driven,historically_calibrated,0.462957,0.078703,5.9073,5.9221,0.0,0.0148
5641,8,24,1,weather_driven,historically_calibrated,0.422358,0.071801,5.5249,5.5361,0.0,0.0111
5642,8,24,2,weather_driven,historically_calibrated,0.466599,0.079322,5.9407,5.9464,0.0,0.0057
5643,8,24,3,weather_driven,historically_calibrated,0.500249,0.085042,6.2433,6.2471,0.0,0.0038
5644,8,24,4,weather_driven,historically_calibrated,0.5294,0.089998,6.4967,6.4991,0.0,0.0024
5645,8,24,5,weather_driven,historically_calibrated,0.577451,0.098167,6.8978,6.9002,0.0,0.0024
5646,8,24,6,weather_driven,historically_calibrated,0.570319,0.096954,6.8395,6.8422,0.0013,0.0014
5647,8,24,7,weather_driven,historically_calibrated,0.750004,0.127501,8.1945,8.2477,0.0518,0.0014
5648,8,24,8,weather_driven,historically_calibrated,0.630666,0.107213,7.3202,7.4812,0.1607,0.0003
5649,8,24,9,weather_driven,historically_calibrated,0.61844,0.105135,7.225,7.5625,0.3318,0.0057
5650,8,24,10,weather_driven,historically_calibrated,0.5802,0.098634,6.9202,7.489,0.5443,0.0245
5651,8,24,11,weather_driven,historically_calibrated,0.535229,0.090989,6.5464,7.3109,0.74,0.0245
5652,8,24,12,weather_driven,historically_calibrated,0.50138,0.085235,6.2533,7.1349,0.8735,0.0081
5653,8,24,13,weather_driven,historically_calibrated,0.49576,0.084279,6.2036,7.1534,0.9305,0.0193
5654,8,24,14,weather_driven,historically_calibrated,0.522071,0.088752,6.4337,7.3119,0.867,0.0111
5655,8,24,15,weather_driven,historically_calibrated,0.557717,0.094812,6.7354,7.5095,0.7284,0.0457
5656,8,24,16,weather_driven,historically_calibrated,0.602694,0.102458,7.1009,7.7333,0.556,0.0764
5657,8,24,17,weather_driven,historically_calibrated,0.646552,0.109914,7.4421,7.9017,0.3564,0.1032
5658,8,24,18,weather_driven,historically_calibrated,0.703171,0.119539,7.8625,8.1434,0.1918,0.0892
5659,8,24,19,weather_driven,historically_calibrated,0.740229,0.125839,8.1263,8.235,0.0842,0.0245
5660,8,24,20,weather_driven,historically_calibrated,0.7399,0.125783,8.124,8.1433,0.0168,0.0024
5661,8,24,21,weather_driven,historically_calibrated,0.708445,0.120436,7.9005,7.9006,0.0,0.0001
5662,8,24,22,weather_driven,historically_calibrated,0.665667,0.113163,7.5865,7.5865,0.0,0.0
5663,8,24,23,weather_driven,historically_calibrated,0.626153,0.106446,7.2852,7.2853,0.0,0.0001
5664,8,24,24,weather_driven,historically_calibrated,0.455298,0.077401,5.8365,5.8365,0.0,0.0
5665,8,25,1,weather_driven,historically_calibrated,0.389844,0.066273,5.2053,5.2053,0.0,0.0
5666,8,25,2,weather_driven,historically_calibrated,0.409084,0.069544,5.3959,5.3959,0.0,0.0
5667,8,25,3,weather_driven,historically_calibrated,0.426,0.07242,5.56,5.56,0.0,0.0
5668,8,25,4,weather_driven,historically_calibrated,0.446304,0.075872,5.7526,5.7526,0.0,0.0
5669,8,25,5,weather_driven,historically_calibrated,0.469179,0.07976,5.9643,5.9643,0.0,0.0
5670,8,25,6,weather_driven,historically_calibrated,0.466306,0.079272,5.938,5.9393,0.0013,0.0
5671,8,25,7,weather_driven,historically_calibrated,0.589659,0.100242,6.9966,7.0472,0.0505,0.0
5672,8,25,8,weather_driven,historically_calibrated,0.557187,0.094722,6.731,6.8827,0.1516,0.0
5673,8,25,9,weather_driven,historically_calibrated,0.54815,0.093186,6.6556,6.9575,0.302,0.0
5674,8,25,10,weather_driven,historically_calibrated,0.514881,0.08753,6.3715,6.8899,0.5184,0.0
5675,8,25,11,weather_driven,historically_calibrated,0.472981,0.080407,5.999,6.726,0.7271,0.0
5676,8,25,12,weather_driven,historically_calibrated,0.467041,0.079397,5.9447,6.8092,0.8644,0.0
5677,8,25,13,weather_driven,historically_calibrated,0.475802,0.080886,6.0246,6.7931,0.7685,0.0
5678,8,25,14,weather_driven,historically_calibrated,0.517705,0.08801,6.396,7.0323,0.6363,0.0
5679,8,25,15,weather_driven,historically_calibrated,0.569811,0.096868,6.8353,7.4419,0.6065,0.0
5680,8,25,16,weather_driven,historically_calibrated,0.61851,0.105147,7.2256,7.7339,0.508,0.0003
5681,8,25,17,weather_driven,historically_calibrated,0.661321,0.112425,7.5539,7.9142,0.3603,0.0
5682,8,25,18,weather_driven,historically_calibrated,0.666684,0.113336,7.5941,7.8066,0.2125,0.0
5683,8,25,19,weather_driven,historically_calibrated,0.650725,0.110623,7.4738,7.5762,0.1024,0.0
5684,8,25,20,weather_driven,historically_calibrated,0.650346,0.110559,7.471,7.4918,0.0194,0.0014
5685,8,25,21,weather_driven,historically_calibrated,0.621548,0.105663,7.2493,7.2686,0.0,0.0193
5686,8,25,22,weather_driven,historically_calibrated,0.582883,0.09909,6.9419,6.9796,0.0,0.0376
5687,8,25,23,weather_driven,historically_calibrated,0.549256,0.093374,6.6648,6.7024,0.0,0.0376
5688,8,25,24,weather_driven,historically_calibrated,0.402579,0.068438,5.332,5.3696,0.0,0.0376
5689,8,26,1,weather_driven,historically_calibrated,0.372378,0.063304,5.0282,5.0932,0.0,0.065
5690,8,26,2,weather_driven,historically_calibrated,0.370385,0.062966,5.0078,5.0969,0.0,0.0892
5691,8,26,3,weather_driven,historically_calibrated,0.363444,0.061786,4.9361,5.1103,0.0,0.1741
5692,8,26,4,weather_driven,historically_calibrated,0.36277,0.061671,4.9291,5.1485,0.0,0.2194
5693,8,26,5,weather_driven,historically_calibrated,0.368683,0.062676,4.9902,5.2349,0.0,0.2447
5694,8,26,6,weather_driven,historically_calibrated,0.374801,0.063716,5.053,5.3863,0.0013,0.332
5695,8,26,7,weather_driven,historically_calibrated,0.489383,0.083195,6.1468,6.7031,0.0363,0.52
5696,8,26,8,weather_driven,historically_calibrated,0.525719,0.089372,6.4651,6.8827,0.1166,0.3009
5697,8,26,9,weather_driven,historically_calibrated,0.55217,0.093869,6.6892,6.9575,0.2307,0.0376
5698,8,26,10,weather_driven,historically_calibrated,0.541201,0.092004,6.597,6.8899,0.289,0.0038
5699,8,26,11,weather_driven,historically_calibrated,0.567553,0.096484,6.8168,7.0085,0.1879,0.0038
5700,8,26,12,weather_driven,historically_calibrated,0.481523,0.081859,6.0763,6.5641,0.4821,0.0057
5701,8,26,13,weather_driven,historically_calibrated,0.433891,0.073761,5.6354,6.4902,0.2903,0.5645
5702,8,26,14,weather_driven,historically_calibrated,0.371315,0.063124,5.0173,6.5437,0.048,1.4784
5703,8,26,15,weather_driven,historically_calibrated,0.022152,0.003766,0.2959,6.7205,0.0518,6.3728
5704,8,26,16,weather_driven,historically_calibrated,0.194266,0.033025,2.9615,6.9843,0.0337,3.9891
5705,8,26,17,weather_driven,historically_calibrated,0.236465,0.040199,3.5007,7.2696,0.1076,3.6614
5706,8,26,18,weather_driven,historically_calibrated,0.336714,0.057241,4.6543,7.492,0.1814,2.6563
5707,8,26,19,weather_driven,historically_calibrated,0.465577,0.079148,5.9313,7.5762,0.0778,1.5671
5708,8,26,20,weather_driven,historically_calibrated,0.500434,0.085074,6.2449,7.4918,0.0143,1.2326
5709,8,26,21,weather_driven,historically_calibrated,0.542435,0.092214,6.6074,7.2686,0.0,0.6611
5710,8,26,22,weather_driven,historically_calibrated,0.521013,0.088572,6.4246,7.4402,0.0,1.0156
5711,8,26,23,weather_driven,historically_calibrated,0.525884,0.0894,6.4665,7.2923,0.0,0.8257
5712,8,26,24,weather_driven,historically_calibrated,0.353844,0.060153,4.836,5.9209,0.0,1.0848
5713,8,27,1,weather_driven,historically_calibrated,0.308146,0.052385,4.3418,5.8203,0.0,1.4784
5714,8,27,2,weather_driven,historically_calibrated,0.120273,0.020446,1.9204,5.7433,0.0,3.8229
5715,8,27,3,weather_driven,historically_calibrated,0.264456,0.044958,3.8395,6.3693,0.0,2.5298
5716,8,27,4,weather_driven,historically_calibrated,0.166431,0.028293,2.5853,6.7453,0.0,4.16
5717,8,27,5,weather_driven,historically_calibrated,0.266767,0.04535,3.8669,6.2743,0.0,2.4074
5718,8,27,6,weather_driven,historically_calibrated,0.059445,0.010106,0.952,6.2411,0.0,5.2891
5719,8,27,7,weather_driven,historically_calibrated,0.222658,0.037852,3.3282,8.034,0.0039,4.702
5720,8,27,8,weather_driven,historically_calibrated,0.217608,0.036993,3.2641,7.8103,0.0298,4.5164
5721,8,27,9,weather_driven,historically_calibrated,0.205421,0.034922,3.1075,7.5625,0.1192,4.3358
5722,8,27,10,weather_driven,historically_calibrated,0.399054,0.067839,5.2971,7.489,0.2346,1.9573
5723,8,27,11,weather_driven,historically_calibrated,0.300854,0.051145,4.2601,7.3109,0.521,2.5298
5724,8,27,12,weather_driven,historically_calibrated,0.180042,0.030607,2.7714,7.1349,0.2035,4.16
5725,8,27,13,weather_driven,historically_calibrated,0.354245,0.060222,4.8402,7.0546,0.1503,2.0641
5726,8,27,14,weather_driven,historically_calibrated,0.477069,0.081102,6.0361,7.1127,0.1905,0.8861
5727,8,27,15,weather_driven,historically_calibrated,0.431366,0.073332,5.6113,7.3049,0.2151,1.4784
5728,8,27,16,weather_driven,historically_calibrated,0.00038,6.5e-05,-0.1132,7.5916,0.3655,7.3393
5729,8,27,17,weather_driven,historically_calibrated,0.532901,0.090593,6.5266,7.9017,0.2903,1.0848
5730,8,27,18,weather_driven,historically_calibrated,0.528928,0.089918,6.4926,8.1434,0.1724,1.4784
5731,8,27,19,weather_driven,historically_calibrated,0.472044,0.080248,5.9904,8.235,0.07,2.1746
5732,8,27,20,weather_driven,historically_calibrated,0.391341,0.066528,5.2203,8.1433,0.0013,2.9217
5733,8,27,21,weather_driven,historically_calibrated,0.080148,0.013625,1.2947,7.9006,0.0,6.6059
5734,8,27,22,weather_driven,historically_calibrated,-0.021132,-0.003592,-0.5385,7.5865,0.0,8.125
5735,8,27,23,weather_driven,historically_calibrated,-0.035699,-0.006069,-0.8397,7.2853,0.0,8.125
5736,8,27,24,weather_driven,historically_calibrated,-0.098706,-0.01678,-2.2885,5.8365,0.0,8.125
5737,8,28,1,weather_driven,historically_calibrated,-0.091199,-0.015504,-2.1017,6.0233,0.0,8.125
5738,8,28,2,weather_driven,historically_calibrated,-0.057177,-0.00972,-1.3052,5.7839,0.0,7.0891
5739,8,28,3,weather_driven,historically_calibrated,0.05916,0.010057,0.9472,5.8398,0.0,4.8926
5740,8,28,4,weather_driven,historically_calibrated,0.048135,0.008183,0.7586,6.0476,0.0,5.2891
5741,8,28,5,weather_driven,historically_calibrated,0.039607,0.006733,0.6096,6.316,0.0,5.7064
5742,8,28,6,weather_driven,historically_calibrated,0.179323,0.030485,2.7617,6.5846,0.0,3.8229
5743,8,28,7,weather_driven,historically_calibrated,0.355325,0.060405,4.8515,8.2477,0.0441,3.3521
5744,8,28,8,weather_driven,historically_calibrated,0.269527,0.04582,3.8995,8.0298,0.1413,3.9891
5745,8,28,9,weather_driven,historically_calibrated,0.150655,0.025611,2.3641,7.5625,0.3059,4.8926
5746,8,28,10,weather_driven,historically_calibrated,-0.048216,-0.008197,-1.1078,7.489,0.4717,8.125
5747,8,28,11,weather_driven,historically_calibrated,0.083522,0.014199,1.3492,7.3109,0.4666,5.4951
5748,8,28,12,weather_driven,historically_calibrated,0.141548,0.024063,2.2336,7.1349,0.3849,4.5164
5749,8,28,13,weather_driven,historically_calibrated,0.138542,0.023552,2.1901,7.0546,0.5288,4.3358
5750,8,28,14,weather_driven,historically_calibrated,0.040208,0.006835,0.6202,7.1127,0.3473,6.1452
5751,8,28,15,weather_driven,historically_calibrated,-0.008418,-0.001431,-0.2844,7.3049,0.5003,7.0891
5752,8,28,16,weather_driven,historically_calibrated,0.05752,0.009778,0.9194,7.5916,0.2994,6.3728
5753,8,28,17,weather_driven,historically_calibrated,0.164566,0.027976,2.5595,7.9017,0.254,5.0882
5754,8,28,18,weather_driven,historically_calibrated,0.247769,0.042121,3.6392,8.1434,0.1685,4.3358
5755,8,28,19,weather_driven,historically_calibrated,0.379577,0.064528,5.1016,8.235,0.0726,3.0608
5756,8,28,20,weather_driven,historically_calibrated,0.45623,0.077559,5.8451,8.1433,0.0091,2.289
5757,8,28,21,weather_driven,historically_calibrated,0.466885,0.07937,5.9433,7.9006,0.0,1.9573
5758,8,28,22,weather_driven,historically_calibrated,0.494601,0.084082,6.1933,7.5865,0.0,1.3932
5759,8,28,23,weather_driven,historically_calibrated,0.524259,0.089124,6.4526,7.3387,0.0,0.8861
5760,8,28,24,weather_driven,historically_calibrated,0.44026,0.074844,5.6957,6.3073,0.0,0.6116
5761,8,29,1,weather_driven,historically_calibrated,0.44842,0.076231,5.7724,6.1045,0.0,0.332
5762,8,29,2,weather_driven,historically_calibrated,0.492424,0.083712,6.1739,6.3933,0.0,0.2194
5763,8,29,3,weather_driven,historically_calibrated,0.508428,0.086433,6.3152,6.4508,0.0,0.1356
5764,8,29,4,weather_driven,historically_calibrated,0.572984,0.097407,6.8613,6.9505,0.0,0.0892
5765,8,29,5,weather_driven,historically_calibrated,0.620116,0.10542,7.2381,7.2758,0.0,0.0376
5766,8,29,6,weather_driven,historically_calibrated,0.644181,0.109511,7.424,7.4433,0.0,0.0193
5767,8,29,7,weather_driven,historically_calibrated,0.837058,0.1423,8.7779,8.8355,0.0428,0.0148
5768,8,29,8,weather_driven,historically_calibrated,0.734398,0.124848,8.0854,8.2492,0.149,0.0148
5769,8,29,9,weather_driven,historically_calibrated,0.611247,0.103912,7.1686,7.5625,0.3175,0.0764
5770,8,29,10,weather_driven,historically_calibrated,0.558366,0.094922,6.7408,7.489,0.5288,0.2194
5771,8,29,11,weather_driven,historically_calibrated,0.509479,0.086611,6.3244,7.3109,0.6856,0.3009
5772,8,29,12,weather_driven,historically_calibrated,0.472313,0.080293,5.9929,7.1349,0.8411,0.3009
5773,8,29,13,weather_driven,historically_calibrated,0.464934,0.079039,5.9254,7.0546,0.9098,0.2194
5774,8,29,14,weather_driven,historically_calibrated,0.461962,0.078534,5.8981,7.1127,0.8826,0.332
5775,8,29,15,weather_driven,historically_calibrated,0.445975,0.075816,5.7495,7.3049,0.7296,0.8257
5776,8,29,16,weather_driven,historically_calibrated,0.572719,0.097362,6.8592,7.5916,0.5365,0.1959
5777,8,29,17,weather_driven,historically_calibrated,0.658482,0.111942,7.5325,7.9017,0.3447,0.0245
5778,8,29,18,weather_driven,historically_calibrated,0.717217,0.121927,7.9635,8.1434,0.1776,0.0024
5779,8,29,19,weather_driven,historically_calibrated,0.745586,0.12675,8.1637,8.235,0.0713,0.0
5780,8,29,20,weather_driven,historically_calibrated,0.741169,0.125999,8.1329,8.1433,0.0104,0.0
5781,8,29,21,weather_driven,historically_calibrated,0.708458,0.120438,7.9006,7.9006,0.0,0.0
5782,8,29,22,weather_driven,historically_calibrated,0.665668,0.113164,7.5865,7.5865,0.0,0.0
5783,8,29,23,weather_driven,historically_calibrated,0.697239,0.118531,7.8194,7.8195,0.0,0.0001
5784,8,29,24,weather_driven,historically_calibrated,0.521643,0.088679,6.43,6.4357,0.0,0.0057
5785,8,30,1,weather_driven,historically_calibrated,0.461707,0.07849,5.8958,5.9015,0.0,0.0057
5786,8,30,2,weather_driven,historically_calibrated,0.45281,0.076978,5.8134,5.8245,0.0,0.0111
5787,8,30,3,weather_driven,historically_calibrated,0.442321,0.075195,5.7152,5.7176,0.0,0.0024
5788,8,30,4,weather_driven,historically_calibrated,0.459496,0.078114,5.8754,5.8835,0.0,0.0081
5789,8,30,5,weather_driven,historically_calibrated,0.477633,0.081198,6.0412,6.0657,0.0,0.0245
5790,8,30,6,weather_driven,historically_calibrated,0.467933,0.079549,5.9529,5.9835,0.0,0.0306
5791,8,30,7,weather_driven,historically_calibrated,0.616917,0.104876,7.2131,7.286,0.0272,0.0457
5792,8,30,8,weather_driven,historically_calibrated,0.621424,0.105642,7.2484,7.4812,0.0972,0.1356
5793,8,30,9,weather_driven,historically_calibrated,0.621886,0.105721,7.252,7.5625,0.175,0.1356
5794,8,30,10,weather_driven,historically_calibrated,0.59669,0.101437,7.053,7.489,0.2618,0.1741
5795,8,30,11,weather_driven,historically_calibrated,0.534574,0.090878,6.5408,7.3109,0.4692,0.3009
5796,8,30,12,weather_driven,historically_calibrated,0.534538,0.090871,6.5405,7.1349,0.4912,0.1032
5797,8,30,13,weather_driven,historically_calibrated,0.553863,0.094157,6.7034,7.0546,0.3136,0.0376
5798,8,30,14,weather_driven,historically_calibrated,0.578573,0.098357,6.9069,7.2455,0.2929,0.0457
5799,8,30,15,weather_driven,historically_calibrated,0.581101,0.098787,6.9275,7.3049,0.3318,0.0457
5800,8,30,16,weather_driven,historically_calibrated,0.635007,0.107951,7.3537,7.5916,0.2074,0.0306
5801,8,30,17,weather_driven,historically_calibrated,0.687995,0.116959,7.7519,7.9017,0.1192,0.0306
5802,8,30,18,weather_driven,historically_calibrated,0.728692,0.123878,8.0451,8.1434,0.0739,0.0245
5803,8,30,19,weather_driven,historically_calibrated,0.74808,0.127174,8.1811,8.235,0.0233,0.0306
5804,8,30,20,weather_driven,historically_calibrated,0.735771,0.125081,8.095,8.1433,0.0026,0.0457
5805,8,30,21,weather_driven,historically_calibrated,0.697893,0.118642,7.8242,7.9006,0.0,0.0764
5806,8,30,22,weather_driven,historically_calibrated,0.647702,0.110109,7.4509,7.5865,0.0,0.1356
5807,8,30,23,weather_driven,historically_calibrated,0.606516,0.103108,7.1312,7.2853,0.0,0.1541
5808,8,30,24,weather_driven,historically_calibrated,0.438851,0.074605,5.6824,5.8365,0.0,0.1541
5809,8,31,1,weather_driven,historically_calibrated,0.407664,0.069303,5.382,5.5361,0.0,0.1541
5810,8,31,2,weather_driven,historically_calibrated,0.403823,0.06865,5.3442,5.5401,0.0,0.1959
5811,8,31,3,weather_driven,historically_calibrated,0.400355,0.06806,5.31,5.5546,0.0,0.2447
5812,8,31,4,weather_driven,historically_calibrated,0.407136,0.069213,5.3768,5.5962,0.0,0.2194
5813,8,31,5,weather_driven,historically_calibrated,0.411369,0.069933,5.4183,5.6901,0.0,0.2718
5814,8,31,6,weather_driven,historically_calibrated,0.422122,0.071761,5.5227,5.8547,0.0,0.332
5815,8,31,7,weather_driven,historically_calibrated,0.578457,0.098338,6.906,7.286,0.048,0.332
5816,8,31,8,weather_driven,historically_calibrated,0.589603,0.100233,6.9962,7.4812,0.1529,0.332
5817,8,31,9,weather_driven,historically_calibrated,0.621042,0.105577,7.2454,8.0213,0.2981,0.4779
5818,8,31,10,weather_driven,historically_calibrated,0.673737,0.114535,7.6466,8.6423,0.4756,0.52
5819,8,31,11,weather_driven,historically_calibrated,0.72091,0.122555,7.9898,9.0509,0.5832,0.4779
5820,8,31,12,weather_driven,historically_calibrated,0.788595,0.134061,8.4583,9.2659,0.6117,0.1959
5821,8,31,13,weather_driven,historically_calibrated,0.81004,0.137707,8.6012,9.2603,0.5404,0.1187
5822,8,31,14,weather_driven,historically_calibrated,0.814667,0.138493,8.6318,9.1043,0.4419,0.0306
5823,8,31,15,weather_driven,historically_calibrated,0.910206,0.154735,9.2377,9.6571,0.2838,0.1356
5824,8,31,16,weather_driven,historically_calibrated,0.888602,0.151062,9.1045,9.363,0.2527,0.0057
5825,8,31,17,weather_driven,historically_calibrated,0.771877,0.131219,8.3451,8.5655,0.219,0.0014
5826,8,31,18,weather_driven,historically_calibrated,0.775163,0.131778,8.3674,8.5235,0.1503,0.0057
5827,8,31,19,weather_driven,historically_calibrated,0.796822,0.13546,8.5134,8.5809,0.0674,0.0001
5828,8,31,20,weather_driven,historically_calibrated,0.769012,0.130732,8.3255,8.3333,0.0078,0.0
5829,8,31,21,weather_driven,historically_calibrated,0.558685,0.094976,6.7435,7.9006,0.0,1.1571
5830,8,31,22,weather_driven,historically_calibrated,0.52998,0.090097,6.5016,7.5865,0.0,1.0848
5831,8,31,23,weather_driven,historically_calibrated,0.452105,0.076858,5.8068,7.2853,0.0,1.4784
5832,8,31,24,weather_driven,historically_calibrated,0.386869,0.065768,5.1754,5.8365,0.0,0.6611
5833,9,1,1,weather_driven,historically_calibrated,0.378746,0.064387,5.0932,5.0932,0.0,0.0
5834,9,1,2,weather_driven,historically_calibrated,0.379112,0.064449,5.0969,5.0969,0.0,0.0
5835,9,1,3,weather_driven,historically_calibrated,0.380427,0.064673,5.1103,5.1103,0.0,0.0
5836,9,1,4,weather_driven,historically_calibrated,0.384205,0.065315,5.1485,5.1485,0.0,0.0
5837,9,1,5,weather_driven,historically_calibrated,0.392806,0.066777,5.2349,5.2349,0.0,0.0
5838,9,1,6,weather_driven,historically_calibrated,0.408103,0.069377,5.3863,5.3863,0.0,0.0
5839,9,1,7,weather_driven,historically_calibrated,0.551196,0.093703,6.6811,6.7031,0.022,0.0
5840,9,1,8,weather_driven,historically_calibrated,0.566426,0.096292,6.8075,6.8827,0.0752,0.0
5841,9,1,9,weather_driven,historically_calibrated,0.565251,0.096093,6.7978,6.9575,0.1594,0.0003
5842,9,1,10,weather_driven,historically_calibrated,0.544634,0.092588,6.626,6.8899,0.2527,0.0111
5843,9,1,11,weather_driven,historically_calibrated,0.511276,0.086917,6.3401,6.726,0.2968,0.0892
5844,9,1,12,weather_driven,historically_calibrated,0.488854,0.083105,6.1421,6.5641,0.3188,0.1032
5845,9,1,13,weather_driven,historically_calibrated,0.447887,0.076141,5.7674,6.4902,0.2449,0.4779
5846,9,1,14,weather_driven,historically_calibrated,0.503653,0.085621,6.2733,6.5437,0.1672,0.1032
5847,9,1,15,weather_driven,historically_calibrated,0.533115,0.090629,6.5284,6.7205,0.1374,0.0548
5848,9,1,16,weather_driven,historically_calibrated,0.57235,0.0973,6.8561,6.9843,0.1089,0.0193
5849,9,1,17,weather_driven,historically_calibrated,0.61416,0.104407,7.1915,7.2696,0.07,0.0081
5850,9,1,18,weather_driven,historically_calibrated,0.641499,0.109055,7.4035,7.492,0.0337,0.0548
5851,9,1,19,weather_driven,historically_calibrated,0.63979,0.108764,7.3904,7.5762,0.0117,0.1741
5852,9,1,20,weather_driven,historically_calibrated,0.645717,0.109772,7.4357,7.4918,0.0013,0.0548
5853,9,1,21,weather_driven,historically_calibrated,0.617008,0.104891,7.2138,7.2686,0.0,0.0548
5854,9,1,22,weather_driven,historically_calibrated,0.570861,0.097046,6.8439,6.9796,0.0,0.1356
5855,9,1,23,weather_driven,historically_calibrated,0.543126,0.092331,6.6133,6.7024,0.0,0.0892
5856,9,1,24,weather_driven,historically_calibrated,0.398655,0.067771,5.2931,5.3696,0.0,0.0764
5857,9,2,1,weather_driven,historically_calibrated,0.374268,0.063626,5.0476,5.0932,0.0,0.0457
5858,9,2,2,weather_driven,historically_calibrated,0.378016,0.064263,5.0858,5.0969,0.0,0.0111
5859,9,2,3,weather_driven,historically_calibrated,0.378017,0.064263,5.0858,5.1103,0.0,0.0245
5860,9,2,4,weather_driven,historically_calibrated,0.383827,0.065251,5.1447,5.1485,0.0,0.0038
5861,9,2,5,weather_driven,historically_calibrated,0.396658,0.067432,5.2733,5.2733,0.0,0.0
5862,9,2,6,weather_driven,historically_calibrated,0.408094,0.069376,5.3862,5.3863,0.0,0.0001
5863,9,2,7,weather_driven,historically_calibrated,0.549957,0.093493,6.6707,6.7031,0.0324,0.0
5864,9,2,8,weather_driven,historically_calibrated,0.560153,0.095226,6.7557,6.8827,0.127,0.0
5865,9,2,9,weather_driven,historically_calibrated,0.550315,0.093554,6.6737,6.9575,0.2838,0.0
5866,9,2,10,weather_driven,historically_calibrated,0.519965,0.088394,6.4155,6.8899,0.4743,0.0
5867,9,2,11,weather_driven,historically_calibrated,0.479701,0.081549,6.0599,6.726,0.6661,0.0
5868,9,2,12,weather_driven,historically_calibrated,0.471683,0.080186,5.9872,6.7479,0.7608,0.0
5869,9,2,13,weather_driven,historically_calibrated,0.480483,0.081682,6.0669,6.8537,0.7854,0.0014
5870,9,2,14,weather_driven,historically_calibrated,0.51333,0.087266,6.358,7.1239,0.7659,0.0
5871,9,2,15,weather_driven,historically_calibrated,0.58393,0.099268,6.9504,7.5673,0.6169,0.0
5872,9,2,16,weather_driven,historically_calibrated,0.627723,0.106713,7.2974,7.7665,0.4692,0.0
5873,9,2,17,weather_driven,historically_calibrated,0.6127,0.104159,7.18,7.4392,0.2592,0.0
5874,9,2,18,weather_driven,historically_calibrated,0.633378,0.107674,7.3411,7.492,0.1452,0.0057
5875,9,2,19,weather_driven,historically_calibrated,0.631242,0.107311,7.3246,7.5762,0.0557,0.1959
5876,9,2,20,weather_driven,historically_calibrated,0.649353,0.11039,7.4634,7.4918,0.0039,0.0245
5877,9,2,21,weather_driven,historically_calibrated,0.623287,0.105959,7.2629,7.2686,0.0,0.0057
5878,9,2,22,weather_driven,historically_calibrated,0.585699,0.099569,6.9647,6.9796,0.0,0.0148
5879,9,2,23,weather_driven,historically_calibrated,0.553668,0.094124,6.7017,6.7024,0.0,0.0007
5880,9,2,24,weather_driven,historically_calibrated,0.406153,0.069046,5.3672,5.3696,0.0,0.0024
5881,9,3,1,weather_driven,historically_calibrated,0.42337,0.071973,5.5347,5.5361,0.0,0.0014
5882,9,3,2,weather_driven,historically_calibrated,0.422778,0.071872,5.529,5.5401,0.0,0.0111
5883,9,3,3,weather_driven,historically_calibrated,0.425445,0.072326,5.5546,5.5546,0.0,0.0
5884,9,3,4,weather_driven,historically_calibrated,0.442762,0.07527,5.7193,5.7193,0.0,0.0
5885,9,3,5,weather_driven,historically_calibrated,0.462032,0.078545,5.8988,5.8988,0.0,0.0
5886,9,3,6,weather_driven,historically_calibrated,0.457261,0.077734,5.8547,5.8547,0.0,0.0
5887,9,3,7,weather_driven,historically_calibrated,0.620599,0.105502,7.2419,7.286,0.0441,0.0
5888,9,3,8,weather_driven,historically_calibrated,0.632215,0.107476,7.3321,7.4812,0.149,0.0
5889,9,3,9,weather_driven,historically_calibrated,0.624987,0.106248,7.2761,7.5625,0.2864,0.0
5890,9,3,10,weather_driven,historically_calibrated,0.599511,0.101917,7.0756,7.489,0.4134,0.0
5891,9,3,11,weather_driven,historically_calibrated,0.569171,0.096759,6.8301,7.3109,0.4808,0.0
5892,9,3,12,weather_driven,historically_calibrated,0.593703,0.100929,7.0291,7.6344,0.6052,0.0
5893,9,3,13,weather_driven,historically_calibrated,0.597739,0.101616,7.0614,7.8118,0.7504,0.0
5894,9,3,14,weather_driven,historically_calibrated,0.637712,0.108411,7.3745,8.0089,0.6337,0.0007
5895,9,3,15,weather_driven,historically_calibrated,0.67402,0.114583,7.6488,8.2253,0.5521,0.0245
5896,9,3,16,weather_driven,historically_calibrated,0.756338,0.128577,8.2384,8.6544,0.3784,0.0376
5897,9,3,17,weather_driven,historically_calibrated,0.785637,0.133558,8.4384,8.8236,0.3305,0.0548
5898,9,3,18,weather_driven,historically_calibrated,0.821666,0.139683,8.6777,8.8655,0.1633,0.0245
5899,9,3,19,weather_driven,historically_calibrated,0.752124,0.127861,8.2092,8.3119,0.057,0.0457
5900,9,3,20,weather_driven,historically_calibrated,0.732839,0.124583,8.0744,8.1433,0.0039,0.065
5901,9,3,21,weather_driven,historically_calibrated,0.6921,0.117657,7.782,7.9006,0.0,0.1187
5902,9,3,22,weather_driven,historically_calibrated,0.664906,0.113034,7.5808,7.5865,0.0,0.0057
5903,9,3,23,weather_driven,historically_calibrated,0.626163,0.106448,7.2853,7.2853,0.0,0.0
5904,9,3,24,weather_driven,historically_calibrated,0.455298,0.077401,5.8365,5.8365,0.0,0.0
5905,9,4,1,weather_driven,historically_calibrated,0.439364,0.074692,5.6873,5.6911,0.0,0.0038
5906,9,4,2,weather_driven,historically_calibrated,0.437474,0.074371,5.6694,5.6694,0.0,0.0
5907,9,4,3,weather_driven,historically_calibrated,0.439044,0.074638,5.6843,5.6843,0.0,0.0
5908,9,4,4,weather_driven,historically_calibrated,0.440783,0.074933,5.7007,5.7007,0.0,0.0
5909,9,4,5,weather_driven,historically_calibrated,0.442479,0.075221,5.7167,5.7167,0.0,0.0
5910,9,4,6,weather_driven,historically_calibrated,0.460217,0.078237,5.882,5.882,0.0,0.0
5911,9,4,7,weather_driven,historically_calibrated,0.624088,0.106095,7.2691,7.286,0.0168,0.0
5912,9,4,8,weather_driven,historically_calibrated,0.669325,0.113785,7.6138,7.7255,0.0661,0.0457
5913,9,4,9,weather_driven,historically_calibrated,0.683598,0.116212,7.7196,8.1625,0.1711,0.2718
5914,9,4,10,weather_driven,historically_calibrated,0.679809,0.115568,7.6916,8.4326,0.2631,0.4779
5915,9,4,11,weather_driven,historically_calibrated,0.674387,0.114646,7.6515,8.6415,0.3784,0.6116
5916,9,4,12,weather_driven,historically_calibrated,0.648653,0.110271,7.4581,8.6998,0.5806,0.6611
5917,9,4,13,weather_driven,historically_calibrated,0.663402,0.112778,7.5695,8.7336,0.6441,0.52
5918,9,4,14,weather_driven,historically_calibrated,0.622206,0.105775,7.2545,8.9051,0.635,1.0156
5919,9,4,15,weather_driven,historically_calibrated,0.544084,0.092494,6.6214,8.464,0.5314,1.3112
5920,9,4,16,weather_driven,historically_calibrated,0.723095,0.122926,8.0054,8.3356,0.0855,0.2447
5921,9,4,17,weather_driven,historically_calibrated,0.735903,0.125104,8.0959,8.3442,0.1296,0.1187
5922,9,4,18,weather_driven,historically_calibrated,0.732832,0.124581,8.0743,8.3715,0.0778,0.2194
5923,9,4,19,weather_driven,historically_calibrated,0.709948,0.120691,7.9114,8.235,0.0518,0.2718
5924,9,4,20,weather_driven,historically_calibrated,0.722867,0.122887,8.0038,8.1433,0.0039,0.1356
5925,9,4,21,weather_driven,historically_calibrated,0.687266,0.116835,7.7466,7.9006,0.0,0.1541
5926,9,4,22,weather_driven,historically_calibrated,0.659587,0.11213,7.5408,7.5865,0.0,0.0457
5927,9,4,23,weather_driven,historically_calibrated,0.625431,0.106323,7.2796,7.2853,0.0,0.0057
5928,9,4,24,weather_driven,historically_calibrated,0.455266,0.077395,5.8362,5.8365,0.0,0.0003
5929,9,5,1,weather_driven,historically_calibrated,0.423506,0.071996,5.536,5.5361,0.0,0.0001
5930,9,5,2,weather_driven,historically_calibrated,0.423904,0.072064,5.5398,5.5401,0.0,0.0003
5931,9,5,3,weather_driven,historically_calibrated,0.413181,0.070241,5.436,5.5546,0.0,0.1187
5932,9,5,4,weather_driven,historically_calibrated,0.381224,0.064808,5.1184,5.5962,0.0,0.4779
5933,9,5,5,weather_driven,historically_calibrated,0.390542,0.066392,5.2123,5.6901,0.0,0.4779
5934,9,5,6,weather_driven,historically_calibrated,0.393629,0.066917,5.2431,5.8547,0.0,0.6116
5935,9,5,7,weather_driven,historically_calibrated,0.528542,0.089852,6.4893,7.286,0.0285,0.7682
5936,9,5,8,weather_driven,historically_calibrated,0.487428,0.082863,6.1293,7.4812,0.1192,1.2326
5937,9,5,9,weather_driven,historically_calibrated,0.424113,0.072099,5.5418,7.5625,0.2657,1.755
5938,9,5,10,weather_driven,historically_calibrated,0.324051,0.055089,4.5172,7.489,0.4419,2.5298
5939,9,5,11,weather_driven,historically_calibrated,0.199476,0.033911,3.03,7.3109,0.6195,3.6614
5940,9,5,12,weather_driven,historically_calibrated,0.17973,0.030554,2.7672,7.1349,0.7063,3.6614
5941,9,5,13,weather_driven,historically_calibrated,0.128076,0.021773,2.0367,7.2192,0.6661,4.5164
5942,9,5,14,weather_driven,historically_calibrated,0.15351,0.026097,2.4046,7.3119,0.5715,4.3358
5943,9,5,15,weather_driven,historically_calibrated,0.202458,0.034418,3.069,7.5776,0.3486,4.16
5944,9,5,16,weather_driven,historically_calibrated,0.346983,0.058987,4.7637,7.8396,0.289,2.7869
5945,9,5,17,weather_driven,historically_calibrated,0.493023,0.083814,6.1793,8.0861,0.2475,1.6593
5946,9,5,18,weather_driven,historically_calibrated,0.589692,0.100248,6.9969,8.1434,0.1309,1.0156
5947,9,5,19,weather_driven,historically_calibrated,0.310273,0.052746,4.3655,8.235,0.0467,3.8229
5948,9,5,20,weather_driven,historically_calibrated,0.644618,0.109585,7.4274,8.1433,0.0026,0.7133
5949,9,5,21,weather_driven,historically_calibrated,0.591879,0.100619,7.0145,7.9006,0.0,0.8861
5950,9,5,22,weather_driven,historically_calibrated,0.545949,0.092811,6.6371,7.5865,0.0,0.9494
5951,9,5,23,weather_driven,historically_calibrated,0.42291,0.071895,5.5303,7.2853,0.0,1.755
5952,9,5,24,weather_driven,historically_calibrated,0.249639,0.042439,3.6619,5.8365,0.0,2.1746
5953,9,6,1,weather_driven,historically_calibrated,0.283097,0.048126,4.0576,5.5361,0.0,1.4784
5954,9,6,2,weather_driven,historically_calibrated,0.290875,0.049449,4.147,5.5401,0.0,1.3932
5955,9,6,3,weather_driven,historically_calibrated,0.235652,0.040061,3.4906,5.5546,0.0,2.0641
5956,9,6,4,weather_driven,historically_calibrated,0.121237,0.02061,1.9348,5.5962,0.0,3.6614
5957,9,6,5,weather_driven,historically_calibrated,0.083842,0.014253,1.3544,5.6901,0.0,4.3358
5958,9,6,6,weather_driven,historically_calibrated,0.094175,0.01601,1.5189,5.8547,0.0,4.3358
5959,9,6,7,weather_driven,historically_calibrated,0.30993,0.052688,4.3617,7.286,0.0026,2.9217
5960,9,6,8,weather_driven,historically_calibrated,0.326975,0.055586,4.5491,7.4812,0.0104,2.9217
5961,9,6,9,weather_driven,historically_calibrated,0.35592,0.060506,4.8578,7.5625,0.175,2.5298
5962,9,6,10,weather_driven,historically_calibrated,0.537761,0.091419,6.5679,7.489,0.1529,0.7682
5963,9,6,11,weather_driven,historically_calibrated,0.248897,0.042313,3.6529,7.3109,0.3059,3.3521
5964,9,6,12,weather_driven,historically_calibrated,0.152876,0.025989,2.3956,7.1349,0.2229,4.5164
5965,9,6,13,weather_driven,historically_calibrated,0.319623,0.054336,4.4688,7.0546,0.2968,2.289
5966,9,6,14,weather_driven,historically_calibrated,0.327748,0.055717,4.5575,7.1127,0.4912,2.0641
5967,9,6,15,weather_driven,historically_calibrated,0.301176,0.0512,4.2637,7.3049,0.3849,2.6563
5968,9,6,16,weather_driven,historically_calibrated,0.387996,0.065959,5.1867,7.5916,0.3408,2.0641
5969,9,6,17,weather_driven,historically_calibrated,0.405025,0.068854,5.3561,7.9017,0.2566,2.289
5970,9,6,18,weather_driven,historically_calibrated,0.407815,0.069328,5.3835,8.1434,0.1037,2.6563
5971,9,6,19,weather_driven,historically_calibrated,0.584273,0.099326,6.9532,8.235,0.0492,1.2326
5972,9,6,20,weather_driven,historically_calibrated,0.686391,0.116686,7.7401,8.1433,0.0026,0.4005
5973,9,6,21,weather_driven,historically_calibrated,0.6921,0.117657,7.782,7.9006,0.0,0.1187
5974,9,6,22,weather_driven,historically_calibrated,0.598372,0.101723,7.0665,7.5865,0.0,0.52
5975,9,6,23,weather_driven,historically_calibrated,0.601247,0.102212,7.0894,7.2853,0.0,0.1959
5976,9,6,24,weather_driven,historically_calibrated,0.436731,0.074244,5.6624,5.8365,0.0,0.1741
5977,9,7,1,weather_driven,historically_calibrated,0.417847,0.071034,5.4813,5.5361,0.0,0.0548
5978,9,7,2,weather_driven,historically_calibrated,0.421394,0.071637,5.5156,5.5401,0.0,0.0245
5979,9,7,3,weather_driven,historically_calibrated,0.4229,0.071893,5.5302,5.5546,0.0,0.0245
5980,9,7,4,weather_driven,historically_calibrated,0.42777,0.072721,5.577,5.5962,0.0,0.0193
5981,9,7,5,weather_driven,historically_calibrated,0.437628,0.074397,5.6709,5.6901,0.0,0.0193
5982,9,7,6,weather_driven,historically_calibrated,0.45462,0.077285,5.8302,5.8547,0.0,0.0245
5983,9,7,7,weather_driven,historically_calibrated,0.622659,0.105852,7.258,7.286,0.0168,0.0111
5984,9,7,8,weather_driven,historically_calibrated,0.635572,0.108047,7.358,7.4812,0.0855,0.0376
5985,9,7,9,weather_driven,historically_calibrated,0.617738,0.105015,7.2195,7.5625,0.2398,0.1032
5986,9,7,10,weather_driven,historically_calibrated,0.557192,0.094723,6.7311,7.489,0.3927,0.3652
5987,9,7,11,weather_driven,historically_calibrated,0.500032,0.085005,6.2414,7.3109,0.5495,0.52
5988,9,7,12,weather_driven,historically_calibrated,0.448358,0.076221,5.7718,7.1349,0.4769,0.8861
5989,9,7,13,weather_driven,historically_calibrated,0.387648,0.0659,5.1832,7.0546,0.4782,1.3932
5990,9,7,14,weather_driven,historically_calibrated,0.410131,0.069722,5.4062,7.1127,0.3953,1.3112
5991,9,7,15,weather_driven,historically_calibrated,0.421775,0.071702,5.5193,7.3049,0.3072,1.4784
5992,9,7,16,weather_driven,historically_calibrated,0.465196,0.079083,5.9278,7.5916,0.3525,1.3112
5993,9,7,17,weather_driven,historically_calibrated,0.519019,0.088233,6.4073,7.9017,0.2618,1.2326
5994,9,7,18,weather_driven,historically_calibrated,0.61406,0.10439,7.1907,8.1434,0.127,0.8257
5995,9,7,19,weather_driven,historically_calibrated,0.671018,0.114073,7.6264,8.235,0.0441,0.5645
5996,9,7,20,weather_driven,historically_calibrated,0.700212,0.119036,7.841,8.1433,0.0013,0.3009
5997,9,7,21,weather_driven,historically_calibrated,0.689785,0.117264,7.765,7.9006,0.0,0.1356
5998,9,7,22,weather_driven,historically_calibrated,0.657019,0.111693,7.5215,7.5865,0.0,0.065
5999,9,7,23,weather_driven,historically_calibrated,0.61783,0.105031,7.2203,7.2853,0.0,0.065
6000,9,7,24,weather_driven,historically_calibrated,0.449417,0.076401,5.7817,5.8365,0.0,0.0548
6001,9,8,1,weather_driven,historically_calibrated,0.375055,0.063759,5.0556,5.0932,0.0,0.0376
6002,9,8,2,weather_driven,historically_calibrated,0.377653,0.064201,5.0821,5.0969,0.0,0.0148
6003,9,8,3,weather_driven,historically_calibrated,0.383325,0.065165,5.1396,5.1478,0.0,0.0081
6004,9,8,4,weather_driven,historically_calibrated,0.395117,0.06717,5.258,5.2618,0.0,0.0038
6005,9,8,5,weather_driven,historically_calibrated,0.415941,0.07071,5.4628,5.4652,0.0,0.0024
6006,9,8,6,weather_driven,historically_calibrated,0.407961,0.069353,5.3849,5.3863,0.0,0.0014
6007,9,8,7,weather_driven,historically_calibrated,0.551823,0.09381,6.6863,6.7031,0.013,0.0038
6008,9,8,8,weather_driven,historically_calibrated,0.566199,0.096254,6.8056,6.8827,0.0622,0.0148
6009,9,8,9,weather_driven,historically_calibrated,0.563153,0.095736,6.7805,6.9575,0.1464,0.0306
6010,9,8,10,weather_driven,historically_calibrated,0.542689,0.092257,6.6096,6.8899,0.2255,0.0548
6011,9,8,11,weather_driven,historically_calibrated,0.512993,0.087209,6.355,6.726,0.3162,0.0548
6012,9,8,12,weather_driven,historically_calibrated,0.478617,0.081365,6.0501,6.5641,0.4108,0.1032
6013,9,8,13,weather_driven,historically_calibrated,0.465309,0.079102,5.9289,6.4902,0.3655,0.1959
6014,9,8,14,weather_driven,historically_calibrated,0.486573,0.082717,6.1217,6.5437,0.2864,0.1356
6015,9,8,15,weather_driven,historically_calibrated,0.52311,0.088929,6.4427,6.7205,0.2722,0.0057
6016,9,8,16,weather_driven,historically_calibrated,0.576134,0.097943,6.8871,6.9843,0.0972,0.0
6017,9,8,17,weather_driven,historically_calibrated,0.613223,0.104248,7.1841,7.2696,0.0816,0.0038
6018,9,8,18,weather_driven,historically_calibrated,0.648846,0.110304,7.4596,7.492,0.0324,0.0
6019,9,8,19,weather_driven,historically_calibrated,0.662227,0.112579,7.5607,7.5762,0.0156,0.0
6020,9,8,20,weather_driven,historically_calibrated,0.653082,0.111024,7.4917,7.4918,0.0,0.0001
6021,9,8,21,weather_driven,historically_calibrated,0.622589,0.10584,7.2574,7.2686,0.0,0.0111
6022,9,8,22,weather_driven,historically_calibrated,0.58653,0.09971,6.9714,6.9796,0.0,0.0081
6023,9,8,23,weather_driven,historically_calibrated,0.549256,0.093374,6.6648,6.7024,0.0,0.0376
6024,9,8,24,weather_driven,historically_calibrated,0.403291,0.06856,5.339,5.3696,0.0,0.0306
6025,9,9,1,weather_driven,historically_calibrated,0.373378,0.063474,5.0384,5.0932,0.0,0.0548
6026,9,9,2,weather_driven,historically_calibrated,0.373741,0.063536,5.0422,5.0969,0.0,0.0548
6027,9,9,3,weather_driven,historically_calibrated,0.380427,0.064673,5.1103,5.1103,0.0,0.0
6028,9,9,4,weather_driven,historically_calibrated,0.379942,0.06459,5.1054,5.224,0.0,0.1187
6029,9,9,5,weather_driven,historically_calibrated,0.350809,0.059638,4.8041,5.4652,0.0,0.6611
6030,9,9,6,weather_driven,historically_calibrated,0.364587,0.06198,4.948,5.4258,0.0,0.4779
6031,9,9,7,weather_driven,historically_calibrated,0.510877,0.086849,6.3366,6.7031,0.0013,0.3652
6032,9,9,8,weather_driven,historically_calibrated,0.534053,0.090789,6.5364,6.8827,0.0143,0.332
6033,9,9,9,weather_driven,historically_calibrated,0.510168,0.086728,6.3304,6.9575,0.0156,0.6116
6034,9,9,10,weather_driven,historically_calibrated,0.542389,0.092206,6.6071,6.9404,0.0324,0.3009
6035,9,9,11,weather_driven,historically_calibrated,0.525665,0.089363,6.4646,6.7753,0.0389,0.2718
6036,9,9,12,weather_driven,historically_calibrated,0.479712,0.081551,6.06,6.5641,0.0661,0.4381
6037,9,9,13,weather_driven,historically_calibrated,0.480605,0.081703,6.068,6.4902,0.1776,0.2447
6038,9,9,14,weather_driven,historically_calibrated,0.479583,0.081529,6.0588,6.5437,0.289,0.1959
6039,9,9,15,weather_driven,historically_calibrated,0.476546,0.081013,6.0313,6.7205,0.4445,0.2447
6040,9,9,16,weather_driven,historically_calibrated,0.558174,0.09489,6.7392,6.9843,0.2449,0.0001
6041,9,9,17,weather_driven,historically_calibrated,0.603865,0.102657,7.1102,7.2696,0.1594,0.0
6042,9,9,18,weather_driven,historically_calibrated,0.627585,0.106689,7.2963,7.492,0.1192,0.0764
6043,9,9,19,weather_driven,historically_calibrated,0.633592,0.107711,7.3427,7.5762,0.0376,0.1959
6044,9,9,20,weather_driven,historically_calibrated,0.652021,0.110844,7.4837,7.4918,0.0,0.0081
6045,9,9,21,weather_driven,historically_calibrated,0.620878,0.105549,7.2441,7.2686,0.0,0.0245
6046,9,9,22,weather_driven,historically_calibrated,0.583752,0.099238,6.949,6.9796,0.0,0.0306
6047,9,9,23,weather_driven,historically_calibrated,0.550095,0.093516,6.6719,6.7024,0.0,0.0306
6048,9,9,24,weather_driven,historically_calibrated,0.413616,0.070315,5.4402,5.4483,0.0,0.0081
6049,9,10,1,weather_driven,historically_calibrated,0.452678,0.076955,5.8122,5.8203,0.0,0.0081
6050,9,10,2,weather_driven,historically_calibrated,0.453858,0.077156,5.8231,5.8245,0.0,0.0014
6051,9,10,3,weather_driven,historically_calibrated,0.45066,0.076612,5.7933,5.7991,0.0,0.0057
6052,9,10,4,weather_driven,historically_calibrated,0.445943,0.07581,5.7492,5.7604,0.0,0.0111
6053,9,10,5,weather_driven,historically_calibrated,0.45748,0.077772,5.8567,5.857,0.0,0.0003
6054,9,10,6,weather_driven,historically_calibrated,0.471283,0.080118,5.9835,5.9835,0.0,0.0
6055,9,10,7,weather_driven,historically_calibrated,0.623923,0.106067,7.2678,7.286,0.0181,0.0
6056,9,10,8,weather_driven,historically_calibrated,0.639962,0.108794,7.3917,7.4812,0.0894,0.0
6057,9,10,9,weather_driven,historically_calibrated,0.637516,0.108378,7.373,7.5625,0.1814,0.0081
6058,9,10,10,weather_driven,historically_calibrated,0.590421,0.100372,7.0028,7.489,0.2903,0.1959
6059,9,10,11,weather_driven,historically_calibrated,0.564019,0.095883,6.7876,7.3109,0.2514,0.2718
6060,9,10,12,weather_driven,historically_calibrated,0.571117,0.09709,6.846,7.1349,0.2644,0.0245
6061,9,10,13,weather_driven,historically_calibrated,0.548038,0.093167,6.6546,7.0546,0.2644,0.1356
6062,9,10,14,weather_driven,historically_calibrated,0.425072,0.072262,5.5511,7.1127,0.1685,1.3932
6063,9,10,15,weather_driven,historically_calibrated,0.447965,0.076154,5.7682,7.3049,0.2255,1.3112
6064,9,10,16,weather_driven,historically_calibrated,0.57429,0.097629,6.872,7.5916,0.1996,0.52
6065,9,10,17,weather_driven,historically_calibrated,0.608308,0.103412,7.1454,7.9017,0.1918,0.5645
6066,9,10,18,weather_driven,historically_calibrated,0.687883,0.11694,7.7511,8.1434,0.1205,0.2718
6067,9,10,19,weather_driven,historically_calibrated,0.719987,0.122398,7.9833,8.235,0.0324,0.2194
6068,9,10,20,weather_driven,historically_calibrated,0.734845,0.124924,8.0885,8.1433,0.0,0.0548
6069,9,10,21,weather_driven,historically_calibrated,0.689785,0.117264,7.765,7.9006,0.0,0.1356
6070,9,10,22,weather_driven,historically_calibrated,0.665656,0.113162,7.5864,7.5865,0.0,0.0001
6071,9,10,23,weather_driven,historically_calibrated,0.626165,0.106448,7.2853,7.2853,0.0,0.0
6072,9,10,24,weather_driven,historically_calibrated,0.455298,0.077401,5.8365,5.8365,0.0,0.0
6073,9,11,1,weather_driven,historically_calibrated,0.423515,0.071998,5.5361,5.5361,0.0,0.0
6074,9,11,2,weather_driven,historically_calibrated,0.423935,0.072069,5.5401,5.5401,0.0,0.0
6075,9,11,3,weather_driven,historically_calibrated,0.425445,0.072326,5.5546,5.5546,0.0,0.0
6076,9,11,4,weather_driven,historically_calibrated,0.409532,0.06962,5.4003,5.5962,0.0,0.1959
6077,9,11,5,weather_driven,historically_calibrated,0.439655,0.074741,5.69,5.6901,0.0,0.0001
6078,9,11,6,weather_driven,historically_calibrated,0.466584,0.079319,5.9406,5.9406,0.0,0.0
6079,9,11,7,weather_driven,historically_calibrated,0.625756,0.106379,7.2821,7.286,0.0039,0.0
6080,9,11,8,weather_driven,historically_calibrated,0.646745,0.109947,7.4436,7.4812,0.0376,0.0
6081,9,11,9,weather_driven,historically_calibrated,0.656106,0.111538,7.5146,7.5625,0.048,0.0
6082,9,11,10,weather_driven,historically_calibrated,0.642675,0.109255,7.4125,7.489,0.0765,0.0
6083,9,11,11,weather_driven,historically_calibrated,0.606296,0.10307,7.1295,7.3109,0.1814,0.0
6084,9,11,12,weather_driven,historically_calibrated,0.575854,0.097895,6.8848,7.1349,0.2501,0.0
6085,9,11,13,weather_driven,historically_calibrated,0.565273,0.096096,6.798,7.0546,0.2566,0.0
6086,9,11,14,weather_driven,historically_calibrated,0.579653,0.098541,6.9157,7.1127,0.197,0.0
6087,9,11,15,weather_driven,historically_calibrated,0.546298,0.092871,6.64,7.3049,0.2644,0.4005
6088,9,11,16,weather_driven,historically_calibrated,0.451824,0.07681,5.8042,7.5916,0.0324,1.755
6089,9,11,17,weather_driven,historically_calibrated,0.384367,0.065342,5.1501,8.2494,0.1776,2.9217
6090,9,11,18,weather_driven,historically_calibrated,0.666528,0.11331,7.5929,9.0392,0.0531,1.3932
6091,9,11,19,weather_driven,historically_calibrated,0.716256,0.121764,7.9566,9.4428,0.0078,1.4784
6092,9,11,20,weather_driven,historically_calibrated,0.567246,0.096432,6.8142,9.8751,0.0,3.0608
6093,9,11,21,weather_driven,historically_calibrated,0.619249,0.105272,7.2314,9.6388,0.0,2.4074
6094,9,11,22,weather_driven,historically_calibrated,0.526128,0.089442,6.4686,9.2555,0.0,2.7869
6095,9,11,23,weather_driven,historically_calibrated,0.639515,0.108717,7.3883,8.6209,0.0,1.2326
6096,9,11,24,weather_driven,historically_calibrated,0.491595,0.083571,6.1666,6.7781,0.0,0.6116
6097,9,12,1,weather_driven,historically_calibrated,0.49376,0.083939,6.1858,6.551,0.0,0.3652
6098,9,12,2,weather_driven,historically_calibrated,0.448045,0.076168,5.7689,6.7183,0.0,0.9494
6099,9,12,3,weather_driven,historically_calibrated,0.54355,0.092403,6.6169,6.6545,0.0,0.0376
6100,9,12,4,weather_driven,historically_calibrated,0.541677,0.092085,6.601,6.7043,0.0,0.1032
6101,9,12,5,weather_driven,historically_calibrated,0.544037,0.092486,6.621,6.775,0.0,0.1541
6102,9,12,6,weather_driven,historically_calibrated,0.518648,0.08817,6.4041,6.8422,0.0,0.4381
6103,9,12,7,weather_driven,historically_calibrated,0.682725,0.116063,7.7132,7.8737,0.0065,0.1541
6104,9,12,8,weather_driven,historically_calibrated,0.597601,0.101592,7.0603,7.6457,0.1076,0.4779
6105,9,12,9,weather_driven,historically_calibrated,0.569633,0.096838,6.8339,7.5625,0.2087,0.52
6106,9,12,10,weather_driven,historically_calibrated,0.616287,0.104769,7.2082,7.9832,0.3745,0.4005
6107,9,12,11,weather_driven,historically_calibrated,0.536708,0.09124,6.559,7.3109,0.451,0.3009
6108,9,12,12,weather_driven,historically_calibrated,0.473019,0.080413,5.9993,7.1349,0.6156,0.52
6109,9,12,13,weather_driven,historically_calibrated,0.442156,0.075166,5.7136,7.0546,0.5728,0.7682
6110,9,12,14,weather_driven,historically_calibrated,0.443805,0.075447,5.7291,7.1127,0.4342,0.9494
6111,9,12,15,weather_driven,historically_calibrated,0.463629,0.078817,5.9134,7.3049,0.3758,1.0156
6112,9,12,16,weather_driven,historically_calibrated,0.52912,0.08995,6.4943,7.5916,0.3292,0.7682
6113,9,12,17,weather_driven,historically_calibrated,0.624308,0.106132,7.2708,7.9017,0.2657,0.3652
6114,9,12,18,weather_driven,historically_calibrated,0.69757,0.118587,7.8218,8.1434,0.1257,0.1959
6115,9,12,19,weather_driven,historically_calibrated,0.78997,0.134295,8.4675,8.537,0.0389,0.0306
6116,9,12,20,weather_driven,historically_calibrated,0.839249,0.142672,8.792,8.8001,0.0,0.0081
6117,9,12,21,weather_driven,historically_calibrated,0.853714,0.145131,8.8849,8.8856,0.0,0.0007
6118,9,12,22,weather_driven,historically_calibrated,0.816454,0.138797,8.6435,8.6435,0.0,0.0
6119,9,12,23,weather_driven,historically_calibrated,0.773157,0.131437,8.3538,8.3538,0.0,0.0
6120,9,12,24,weather_driven,historically_calibrated,0.578523,0.098349,6.9065,6.9065,0.0,0.0
6121,9,13,1,weather_driven,historically_calibrated,0.584747,0.099407,6.957,6.957,0.0,0.0
6122,9,13,2,weather_driven,historically_calibrated,0.621185,0.105601,7.2465,7.2465,0.0,0.0
6123,9,13,3,weather_driven,historically_calibrated,0.644756,0.109609,7.4284,7.4284,0.0,0.0
6124,9,13,4,weather_driven,historically_calibrated,0.673173,0.114439,7.6425,7.6482,0.0,0.0057
6125,9,13,5,weather_driven,historically_calibrated,0.688722,0.117083,7.7572,7.7765,0.0,0.0193
6126,9,13,6,weather_driven,historically_calibrated,0.680692,0.115718,7.6982,7.7438,0.0,0.0457
6127,9,13,7,weather_driven,historically_calibrated,0.804482,0.136762,8.5644,8.6217,0.0117,0.0457
6128,9,13,8,weather_driven,historically_calibrated,0.752722,0.127963,8.2134,8.3041,0.0907,0.0
6129,9,13,9,weather_driven,historically_calibrated,0.713629,0.121317,7.9378,8.1726,0.1698,0.065
6130,9,13,10,weather_driven,historically_calibrated,0.66604,0.113227,7.5893,8.4775,0.175,0.7133
6131,9,13,11,weather_driven,historically_calibrated,0.484293,0.08233,6.1012,8.5976,0.2074,2.289
6132,9,13,12,weather_driven,historically_calibrated,0.299046,0.050838,4.2397,8.7569,0.1814,4.3358
6133,9,13,13,weather_driven,historically_calibrated,0.390512,0.066387,5.212,8.5549,0.1387,3.2043
6134,9,13,14,weather_driven,historically_calibrated,0.412269,0.070086,5.4271,8.1559,0.0726,2.6563
6135,9,13,15,weather_driven,historically_calibrated,0.323248,0.054952,4.5085,7.7335,0.0207,3.2043
6136,9,13,16,weather_driven,historically_calibrated,0.434794,0.073915,5.644,7.5916,0.0933,1.8543
6137,9,13,17,weather_driven,historically_calibrated,0.423434,0.071984,5.5353,7.9017,0.1918,2.1746
6138,9,13,18,weather_driven,historically_calibrated,0.395648,0.06726,5.2633,8.1434,0.0933,2.7869
6139,9,13,19,weather_driven,historically_calibrated,0.115127,0.019572,1.8428,8.235,0.0194,6.3728
6140,9,13,20,weather_driven,historically_calibrated,0.291509,0.049557,4.1542,8.1433,0.0,3.9891
6141,9,13,21,weather_driven,historically_calibrated,0.378904,0.064414,5.0948,8.0165,0.0,2.9217
6142,9,13,22,weather_driven,historically_calibrated,0.164162,0.027908,2.5539,7.6421,0.0,5.0882
6143,9,13,23,weather_driven,historically_calibrated,0.056826,0.00966,0.9076,8.2469,0.0,7.3393
6144,9,13,24,weather_driven,historically_calibrated,0.025804,0.004387,0.3625,6.7353,0.0,6.3728
6145,9,14,1,weather_driven,historically_calibrated,0.073036,0.012416,1.1786,6.2669,0.0,5.0882
6146,9,14,2,weather_driven,historically_calibrated,0.046982,0.007987,0.7386,6.0277,0.0,5.2891
6147,9,14,3,weather_driven,historically_calibrated,0.054836,0.009322,0.8737,5.962,0.0,5.0882
6148,9,14,4,weather_driven,historically_calibrated,0.146456,0.024898,2.3042,5.9656,0.0,3.6614
6149,9,14,5,weather_driven,historically_calibrated,0.092272,0.015686,1.4889,6.1908,0.0,4.702
6150,9,14,6,weather_driven,historically_calibrated,0.36322,0.061747,4.9338,6.327,0.0,1.3932
6151,9,14,7,weather_driven,historically_calibrated,0.550393,0.093567,6.6744,7.3928,0.0052,0.7133
6152,9,14,8,weather_driven,historically_calibrated,0.571509,0.097157,6.8493,7.8103,0.0117,0.9494
6153,9,14,9,weather_driven,historically_calibrated,0.570818,0.097039,6.8436,8.0616,0.0609,1.1571
6154,9,14,10,weather_driven,historically_calibrated,0.507122,0.086211,6.3038,7.8185,0.0363,1.4784
6155,9,14,11,weather_driven,historically_calibrated,0.457069,0.077702,5.8529,7.3109,0.0648,1.3932
6156,9,14,12,weather_driven,historically_calibrated,0.444886,0.075631,5.7393,7.1349,0.2385,1.1571
6157,9,14,13,weather_driven,historically_calibrated,0.426295,0.07247,5.5628,7.0546,0.2592,1.2326
6158,9,14,14,weather_driven,historically_calibrated,0.531,0.09027,6.5103,7.1127,0.2372,0.3652
6159,9,14,15,weather_driven,historically_calibrated,0.545506,0.092736,6.6333,7.3049,0.3707,0.3009
6160,9,14,16,weather_driven,historically_calibrated,0.622263,0.105785,7.2549,7.5916,0.2475,0.0892
6161,9,14,17,weather_driven,historically_calibrated,0.683343,0.116168,7.7177,7.9017,0.1076,0.0764
6162,9,14,18,weather_driven,historically_calibrated,0.672913,0.114395,7.6405,8.1434,0.1024,0.4005
6163,9,14,19,weather_driven,historically_calibrated,0.743683,0.126426,8.1505,8.235,0.0298,0.0548
6164,9,14,20,weather_driven,historically_calibrated,0.819859,0.139376,8.6659,8.6807,0.0,0.0148
6165,9,14,21,weather_driven,historically_calibrated,0.835425,0.142022,8.7673,8.7697,0.0,0.0024
6166,9,14,22,weather_driven,historically_calibrated,0.742588,0.12624,8.1428,8.1428,0.0,0.0
6167,9,14,23,weather_driven,historically_calibrated,0.749858,0.127476,8.1935,8.1935,0.0,0.0
6168,9,14,24,weather_driven,historically_calibrated,0.568021,0.096564,6.8206,6.8209,0.0,0.0003
6169,9,15,1,weather_driven,historically_calibrated,0.518189,0.088092,6.4002,6.4005,0.0,0.0003
6170,9,15,2,weather_driven,historically_calibrated,0.549488,0.093413,6.6668,6.6668,0.0,0.0
6171,9,15,3,weather_driven,historically_calibrated,0.569666,0.096843,6.8341,6.8341,0.0,0.0
6172,9,15,4,weather_driven,historically_calibrated,0.589896,0.100282,6.9986,6.9986,0.0,0.0
6173,9,15,5,weather_driven,historically_calibrated,0.609449,0.103606,7.1544,7.1544,0.0,0.0
6174,9,15,6,weather_driven,historically_calibrated,0.63088,0.10725,7.3218,7.3218,0.0,0.0
6175,9,15,7,weather_driven,historically_calibrated,0.794986,0.135148,8.5011,8.5219,0.0207,0.0
6176,9,15,8,weather_driven,historically_calibrated,0.677497,0.115175,7.6745,7.7912,0.1166,0.0
6177,9,15,9,weather_driven,historically_calibrated,0.571927,0.097228,6.8527,7.1106,0.2579,0.0
6178,9,15,10,weather_driven,historically_calibrated,0.529751,0.090058,6.4997,6.8899,0.3888,0.0014
6179,9,15,11,weather_driven,historically_calibrated,0.490064,0.083311,6.1529,6.726,0.5275,0.0457
6180,9,15,12,weather_driven,historically_calibrated,0.457786,0.077824,5.8596,6.5641,0.6013,0.1032
6181,9,15,13,weather_driven,historically_calibrated,0.441929,0.075128,5.7115,6.4902,0.6247,0.1541
6182,9,15,14,weather_driven,historically_calibrated,0.447345,0.076049,5.7624,6.5437,0.6273,0.1541
6183,9,15,15,weather_driven,historically_calibrated,0.484289,0.082329,6.1012,6.7205,0.4653,0.1541
6184,9,15,16,weather_driven,historically_calibrated,0.538469,0.09154,6.5739,6.9843,0.3072,0.1032
6185,9,15,17,weather_driven,historically_calibrated,0.593484,0.100892,7.0274,7.2696,0.2177,0.0245
6186,9,15,18,weather_driven,historically_calibrated,0.634043,0.107787,7.3462,7.492,0.1309,0.0148
6187,9,15,19,weather_driven,historically_calibrated,0.659572,0.112127,7.5407,7.5762,0.0298,0.0057
6188,9,15,20,weather_driven,historically_calibrated,0.65291,0.110995,7.4904,7.4918,0.0,0.0014
6189,9,15,21,weather_driven,historically_calibrated,0.624018,0.106083,7.2686,7.2686,0.0,0.0
6190,9,15,22,weather_driven,historically_calibrated,0.587499,0.099875,6.9793,6.9796,0.0,0.0003
6191,9,15,23,weather_driven,historically_calibrated,0.553743,0.094136,6.7024,6.7024,0.0,0.0001
6192,9,15,24,weather_driven,historically_calibrated,0.406009,0.069021,5.3658,5.3696,0.0,0.0038
6193,9,16,1,weather_driven,historically_calibrated,0.377947,0.064251,5.0851,5.0932,0.0,0.0081
6194,9,16,2,weather_driven,historically_calibrated,0.37855,0.064354,5.0912,5.0969,0.0,0.0057
6195,9,16,3,weather_driven,historically_calibrated,0.379865,0.064577,5.1046,5.1103,0.0,0.0057
6196,9,16,4,weather_driven,historically_calibrated,0.382738,0.065065,5.1337,5.1485,0.0,0.0148
6197,9,16,5,weather_driven,historically_calibrated,0.391323,0.066525,5.2201,5.2349,0.0,0.0148
6198,9,16,6,weather_driven,historically_calibrated,0.404276,0.068727,5.3487,5.3863,0.0,0.0376
6199,9,16,7,weather_driven,historically_calibrated,0.546675,0.092935,6.6432,6.7031,0.0052,0.0548
6200,9,16,8,weather_driven,historically_calibrated,0.561279,0.095417,6.765,6.8827,0.0285,0.0892
6201,9,16,9,weather_driven,historically_calibrated,0.558259,0.094904,6.7399,6.9575,0.0635,0.1541
6202,9,16,10,weather_driven,historically_calibrated,0.547401,0.093058,6.6493,6.8899,0.1374,0.1032
6203,9,16,11,weather_driven,historically_calibrated,0.518871,0.088208,6.4061,6.726,0.1659,0.1541
6204,9,16,12,weather_driven,historically_calibrated,0.511551,0.086964,6.3425,6.5641,0.184,0.0376
6205,9,16,13,weather_driven,historically_calibrated,0.506221,0.086058,6.2959,6.4902,0.1179,0.0764
6206,9,16,14,weather_driven,historically_calibrated,0.487128,0.082812,6.1266,6.5437,0.0518,0.3652
6207,9,16,15,weather_driven,historically_calibrated,0.487074,0.082803,6.1262,6.7205,0.0298,0.5645
6208,9,16,16,weather_driven,historically_calibrated,0.522537,0.088831,6.4377,6.9843,0.0687,0.4779
6209,9,16,17,weather_driven,historically_calibrated,0.581769,0.098901,6.9329,7.2696,0.092,0.2447
6210,9,16,18,weather_driven,historically_calibrated,0.624184,0.106111,7.2699,7.492,0.048,0.1741
6211,9,16,19,weather_driven,historically_calibrated,0.650931,0.110658,7.4754,7.5762,0.0117,0.0892
6212,9,16,20,weather_driven,historically_calibrated,0.644545,0.109573,7.4268,7.4918,0.0,0.065
6213,9,16,21,weather_driven,historically_calibrated,0.618171,0.105089,7.2229,7.2686,0.0,0.0457
6214,9,16,22,weather_driven,historically_calibrated,0.58077,0.098731,6.9248,6.9796,0.0,0.0548
6215,9,16,23,weather_driven,historically_calibrated,0.544635,0.092588,6.626,6.7024,0.0,0.0764
6216,9,16,24,weather_driven,historically_calibrated,0.392713,0.066761,5.234,5.3696,0.0,0.1356
6217,9,17,1,weather_driven,historically_calibrated,0.403413,0.06858,5.3402,5.5361,0.0,0.1959
6218,9,17,2,weather_driven,historically_calibrated,0.396156,0.067346,5.2683,5.5401,0.0,0.2718
6219,9,17,3,weather_driven,historically_calibrated,0.397616,0.067595,5.2828,5.5546,0.0,0.2718
6220,9,17,4,weather_driven,historically_calibrated,0.404565,0.068776,5.3516,5.5962,0.0,0.2447
6221,9,17,5,weather_driven,historically_calibrated,0.414154,0.070406,5.4455,5.6901,0.0,0.2447
6222,9,17,6,weather_driven,historically_calibrated,0.43123,0.073309,5.61,5.8547,0.0,0.2447
6223,9,17,7,weather_driven,historically_calibrated,0.593768,0.100941,7.0297,7.286,0.0117,0.2447
6224,9,17,8,weather_driven,historically_calibrated,0.598011,0.101662,7.0636,7.4812,0.0855,0.332
6225,9,17,9,weather_driven,historically_calibrated,0.564379,0.095944,6.7906,7.5625,0.2074,0.5645
6226,9,17,10,weather_driven,historically_calibrated,0.501191,0.085203,6.2516,7.489,0.3512,0.8861
6227,9,17,11,weather_driven,historically_calibrated,0.467703,0.079509,5.9508,7.4815,0.4458,1.0848
6228,9,17,12,weather_driven,historically_calibrated,0.455579,0.077448,5.8391,7.4346,0.5106,1.0848
6229,9,17,13,weather_driven,historically_calibrated,0.502702,0.085459,6.2649,7.4497,0.359,0.8257
6230,9,17,14,weather_driven,historically_calibrated,0.574769,0.097711,6.8759,7.9093,0.3201,0.7133
6231,9,17,15,weather_driven,historically_calibrated,0.622074,0.105753,7.2534,7.9867,0.3681,0.3652
6232,9,17,16,weather_driven,historically_calibrated,0.611194,0.103903,7.1681,7.5916,0.1516,0.2718
6233,9,17,17,weather_driven,historically_calibrated,0.662299,0.112591,7.5612,7.9017,0.0687,0.2718
6234,9,17,18,weather_driven,historically_calibrated,0.711156,0.120897,7.92,8.1434,0.0492,0.1741
6235,9,17,19,weather_driven,historically_calibrated,0.741727,0.126094,8.1368,8.235,0.0091,0.0892
6236,9,17,20,weather_driven,historically_calibrated,0.736139,0.125144,8.0976,8.1433,0.0,0.0457
6237,9,17,21,weather_driven,historically_calibrated,0.707666,0.120303,7.8949,7.9006,0.0,0.0057
6238,9,17,22,weather_driven,historically_calibrated,0.665347,0.113109,7.5841,7.5865,0.0,0.0024
6239,9,17,23,weather_driven,historically_calibrated,0.626165,0.106448,7.2853,7.2853,0.0,0.0
6240,9,17,24,weather_driven,historically_calibrated,0.455298,0.077401,5.8365,5.8365,0.0,0.0
6241,9,18,1,weather_driven,historically_calibrated,0.423514,0.071997,5.5361,5.5361,0.0,0.0
6242,9,18,2,weather_driven,historically_calibrated,0.423935,0.072069,5.5401,5.5401,0.0,0.0
6243,9,18,3,weather_driven,historically_calibrated,0.425445,0.072326,5.5546,5.5546,0.0,0.0
6244,9,18,4,weather_driven,historically_calibrated,0.429783,0.073063,5.5962,5.5962,0.0,0.0
6245,9,18,5,weather_driven,historically_calibrated,0.503767,0.08564,6.2743,6.2743,0.0,0.0
6246,9,18,6,weather_driven,historically_calibrated,0.534672,0.090894,6.5417,6.5417,0.0,0.0
6247,9,18,7,weather_driven,historically_calibrated,0.710989,0.120868,7.9188,7.9271,0.0026,0.0057
6248,9,18,8,weather_driven,historically_calibrated,0.715943,0.12171,7.9544,7.9749,0.0181,0.0024
6249,9,18,9,weather_driven,historically_calibrated,0.677235,0.11513,7.6726,7.7289,0.0415,0.0148
6250,9,18,10,weather_driven,historically_calibrated,0.635094,0.107966,7.3543,7.489,0.1102,0.0245
6251,9,18,11,weather_driven,historically_calibrated,0.560821,0.095339,6.7612,7.3109,0.3538,0.1959
6252,9,18,12,weather_driven,historically_calibrated,0.492758,0.083769,6.1769,7.1349,0.626,0.332
6253,9,18,13,weather_driven,historically_calibrated,0.519661,0.088342,6.4129,7.0546,0.4458,0.1959
6254,9,18,14,weather_driven,historically_calibrated,0.544786,0.092614,6.6273,7.1127,0.3668,0.1187
6255,9,18,15,weather_driven,historically_calibrated,0.552434,0.093914,6.6914,7.3049,0.4393,0.1741
6256,9,18,16,weather_driven,historically_calibrated,0.59529,0.101199,7.0418,7.5916,0.2488,0.3009
6257,9,18,17,weather_driven,historically_calibrated,0.630782,0.107233,7.321,7.9017,0.1801,0.4005
6258,9,18,18,weather_driven,historically_calibrated,0.669962,0.113894,7.6185,8.1434,0.0868,0.4381
6259,9,18,19,weather_driven,historically_calibrated,0.718441,0.122135,7.9722,8.235,0.0181,0.2447
6260,9,18,20,weather_driven,historically_calibrated,0.720819,0.122539,7.9892,8.1433,0.0,0.1541
6261,9,18,21,weather_driven,historically_calibrated,0.70088,0.11915,7.8459,7.9006,0.0,0.0548
6262,9,18,22,weather_driven,historically_calibrated,0.687417,0.116861,7.7477,7.7534,0.0,0.0057
6263,9,18,23,weather_driven,historically_calibrated,0.682562,0.116035,7.712,7.7127,0.0,0.0007
6264,9,18,24,weather_driven,historically_calibrated,0.517319,0.087944,6.3926,6.3929,0.0,0.0003
6265,9,19,1,weather_driven,historically_calibrated,0.507269,0.086236,6.305,6.3075,0.0,0.0024
6266,9,19,2,weather_driven,historically_calibrated,0.526659,0.089532,6.4732,6.4746,0.0,0.0014
6267,9,19,3,weather_driven,historically_calibrated,0.54802,0.093163,6.6545,6.6545,0.0,0.0
6268,9,19,4,weather_driven,historically_calibrated,0.578883,0.09841,6.9095,6.9095,0.0,0.0
6269,9,19,5,weather_driven,historically_calibrated,0.614266,0.104425,7.1923,7.1923,0.0,0.0
6270,9,19,6,weather_driven,historically_calibrated,0.641085,0.108984,7.4003,7.4003,0.0,0.0
6271,9,19,7,weather_driven,historically_calibrated,0.787527,0.13388,8.4511,8.4615,0.0104,0.0
6272,9,19,8,weather_driven,historically_calibrated,0.722213,0.122776,7.9991,8.0846,0.0855,0.0
6273,9,19,9,weather_driven,historically_calibrated,0.633017,0.107613,7.3383,7.5625,0.2242,0.0
6274,9,19,10,weather_driven,historically_calibrated,0.599511,0.101917,7.0756,7.489,0.4134,0.0
6275,9,19,11,weather_driven,historically_calibrated,0.554294,0.09423,6.7069,7.3109,0.6039,0.0
6276,9,19,12,weather_driven,historically_calibrated,0.517454,0.087967,6.3938,7.1349,0.7387,0.0024
6277,9,19,13,weather_driven,historically_calibrated,0.502513,0.085427,6.2633,7.0546,0.7802,0.0111
6278,9,19,14,weather_driven,historically_calibrated,0.515736,0.087675,6.3789,7.1127,0.6882,0.0457
6279,9,19,15,weather_driven,historically_calibrated,0.548522,0.093249,6.6587,7.3049,0.543,0.1032
6280,9,19,16,weather_driven,historically_calibrated,0.60302,0.102513,7.1035,7.5916,0.3849,0.1032
6281,9,19,17,weather_driven,historically_calibrated,0.669009,0.113731,7.6114,7.9017,0.2138,0.0764
6282,9,19,18,weather_driven,historically_calibrated,0.726213,0.123456,8.0275,8.1434,0.1011,0.0148
6283,9,19,19,weather_driven,historically_calibrated,0.751685,0.127786,8.2062,8.235,0.0207,0.0081
6284,9,19,20,weather_driven,historically_calibrated,0.73339,0.124676,8.0783,8.1433,0.0,0.065
6285,9,19,21,weather_driven,historically_calibrated,0.694217,0.118017,7.7974,7.9006,0.0,0.1032
6286,9,19,22,weather_driven,historically_calibrated,0.649929,0.110488,7.4678,7.5865,0.0,0.1187
6287,9,19,23,weather_driven,historically_calibrated,0.608851,0.103505,7.1497,7.2853,0.0,0.1356
6288,9,19,24,weather_driven,historically_calibrated,0.436731,0.074244,5.6624,5.8365,0.0,0.1741
6289,9,20,1,weather_driven,historically_calibrated,0.401035,0.068176,5.3167,5.5361,0.0,0.2194
6290,9,20,2,weather_driven,historically_calibrated,0.39889,0.067811,5.2955,5.5401,0.0,0.2447
6291,9,20,3,weather_driven,historically_calibrated,0.413617,0.070315,5.4402,5.6361,0.0,0.1959
6292,9,20,4,weather_driven,historically_calibrated,0.425962,0.072414,5.5596,5.6783,0.0,0.1187
6293,9,20,5,weather_driven,historically_calibrated,0.43906,0.07464,5.6844,5.7736,0.0,0.0892
6294,9,20,6,weather_driven,historically_calibrated,0.446184,0.075851,5.7515,5.8547,0.0,0.1032
6295,9,20,7,weather_driven,historically_calibrated,0.611899,0.104023,7.1737,7.286,0.0091,0.1032
6296,9,20,8,weather_driven,historically_calibrated,0.632692,0.107558,7.3358,7.4812,0.0804,0.065
6297,9,20,9,weather_driven,historically_calibrated,0.627114,0.106609,7.2926,7.5625,0.2151,0.0548
6298,9,20,10,weather_driven,historically_calibrated,0.634473,0.10786,7.3495,7.9433,0.3979,0.1959
6299,9,20,11,weather_driven,historically_calibrated,0.602606,0.102443,7.1002,8.1638,0.5858,0.4779
6300,9,20,12,weather_driven,historically_calibrated,0.598567,0.101756,7.068,8.4002,0.7206,0.6116
6301,9,20,13,weather_driven,historically_calibrated,0.614443,0.104455,7.1937,8.6678,0.7608,0.7133
6302,9,20,14,weather_driven,historically_calibrated,0.647395,0.110057,7.4485,8.9715,0.6972,0.8257
6303,9,20,15,weather_driven,historically_calibrated,0.713677,0.121325,7.9381,9.248,0.5417,0.7682
6304,9,20,16,weather_driven,historically_calibrated,0.762846,0.129684,8.2832,9.4693,0.3603,0.8257
6305,9,20,17,weather_driven,historically_calibrated,0.845137,0.143673,8.8299,9.598,0.2035,0.5645
6306,9,20,18,weather_driven,historically_calibrated,0.888805,0.151097,9.1058,9.4735,0.0959,0.2718
6307,9,20,19,weather_driven,historically_calibrated,0.804057,0.13669,8.5616,8.773,0.0156,0.1959
6308,9,20,20,weather_driven,historically_calibrated,0.516815,0.087859,6.3883,8.1433,0.0,1.755
6309,9,20,21,weather_driven,historically_calibrated,0.62029,0.105449,7.2395,7.9006,0.0,0.6611
6310,9,20,22,weather_driven,historically_calibrated,0.58696,0.099783,6.9749,7.5865,0.0,0.6116
6311,9,20,23,weather_driven,historically_calibrated,0.575848,0.097894,6.8847,7.2853,0.0,0.4005
6312,9,20,24,weather_driven,historically_calibrated,0.352403,0.059908,4.8209,5.8365,0.0,1.0156
6313,9,21,1,weather_driven,historically_calibrated,0.411279,0.069917,5.4174,5.5361,0.0,0.1187
6314,9,21,2,weather_driven,historically_calibrated,0.42379,0.072044,5.5387,5.5401,0.0,0.0014
6315,9,21,3,weather_driven,historically_calibrated,0.4229,0.071893,5.5302,5.5546,0.0,0.0245
6316,9,21,4,weather_driven,historically_calibrated,0.426589,0.07252,5.5656,5.5962,0.0,0.0306
6317,9,21,5,weather_driven,historically_calibrated,0.432812,0.073578,5.6251,5.6901,0.0,0.065
6318,9,21,6,weather_driven,historically_calibrated,0.45566,0.077462,5.8399,5.8547,0.0,0.0148
6319,9,21,7,weather_driven,historically_calibrated,0.625665,0.106363,7.2814,7.286,0.0039,0.0007
6320,9,21,8,weather_driven,historically_calibrated,0.642123,0.109161,7.4083,7.4812,0.0726,0.0003
6321,9,21,9,weather_driven,historically_calibrated,0.633308,0.107662,7.3406,7.5625,0.2138,0.0081
6322,9,21,10,weather_driven,historically_calibrated,0.602465,0.102419,7.0991,7.489,0.3875,0.0024
6323,9,21,11,weather_driven,historically_calibrated,0.555446,0.094426,6.7165,7.3109,0.5832,0.0111
6324,9,21,12,weather_driven,historically_calibrated,0.521049,0.088578,6.4249,7.1349,0.6908,0.0193
6325,9,21,13,weather_driven,historically_calibrated,0.506309,0.086072,6.2966,7.0546,0.7387,0.0193
6326,9,21,14,weather_driven,historically_calibrated,0.518182,0.088091,6.4001,7.1127,0.6934,0.0193
6327,9,21,15,weather_driven,historically_calibrated,0.557087,0.094705,6.7302,7.3049,0.5599,0.0148
6328,9,21,16,weather_driven,historically_calibrated,0.616879,0.10487,7.2128,7.5916,0.3707,0.0081
6329,9,21,17,weather_driven,historically_calibrated,0.681064,0.115781,7.7009,7.9017,0.197,0.0038
6330,9,21,18,weather_driven,historically_calibrated,0.730859,0.124246,8.0604,8.1434,0.0816,0.0014
6331,9,21,19,weather_driven,historically_calibrated,0.753404,0.128079,8.2181,8.235,0.0156,0.0014
6332,9,21,20,weather_driven,historically_calibrated,0.742104,0.126158,8.1394,8.1433,0.0,0.0038
6333,9,21,21,weather_driven,historically_calibrated,0.708416,0.120431,7.9003,7.9006,0.0,0.0003
6334,9,21,22,weather_driven,historically_calibrated,0.688195,0.116993,7.7534,7.7534,0.0,0.0
6335,9,21,23,weather_driven,historically_calibrated,0.682658,0.116052,7.7127,7.7127,0.0,0.0
6336,9,21,24,weather_driven,historically_calibrated,0.507528,0.08628,6.3073,6.3073,0.0,0.0
6337,9,22,1,weather_driven,historically_calibrated,0.45168,0.076786,5.8029,5.8029,0.0,0.0
6338,9,22,2,weather_driven,historically_calibrated,0.472433,0.080314,5.994,5.994,0.0,0.0
6339,9,22,3,weather_driven,historically_calibrated,0.490814,0.083438,6.1596,6.1596,0.0,0.0
6340,9,22,4,weather_driven,historically_calibrated,0.513184,0.087241,6.3567,6.3567,0.0,0.0
6341,9,22,5,weather_driven,historically_calibrated,0.543558,0.092405,6.6169,6.6169,0.0,0.0
6342,9,22,6,weather_driven,historically_calibrated,0.571333,0.097127,6.8478,6.8478,0.0,0.0
6343,9,22,7,weather_driven,historically_calibrated,0.704914,0.119835,7.8751,7.8828,0.0078,0.0
6344,9,22,8,weather_driven,historically_calibrated,0.635845,0.108094,7.3601,7.4379,0.0778,0.0
6345,9,22,9,weather_driven,historically_calibrated,0.558553,0.094954,6.7424,6.9575,0.2151,0.0
6346,9,22,10,weather_driven,historically_calibrated,0.528097,0.089777,6.4855,6.8899,0.4044,0.0
6347,9,22,11,weather_driven,historically_calibrated,0.487342,0.082848,6.1286,6.726,0.5975,0.0
6348,9,22,12,weather_driven,historically_calibrated,0.454382,0.077245,5.828,6.5641,0.7361,0.0
6349,9,22,13,weather_driven,historically_calibrated,0.441914,0.075125,5.7113,6.4902,0.7789,0.0
6350,9,22,14,weather_driven,historically_calibrated,0.454555,0.077274,5.8296,6.5437,0.7141,0.0
6351,9,22,15,weather_driven,historically_calibrated,0.490787,0.083434,6.1594,6.7205,0.5612,0.0
6352,9,22,16,weather_driven,historically_calibrated,0.543319,0.092364,6.6149,6.9843,0.3694,0.0
6353,9,22,17,weather_driven,historically_calibrated,0.599465,0.101909,7.0752,7.2696,0.1944,0.0
6354,9,22,18,weather_driven,historically_calibrated,0.642897,0.109292,7.4142,7.492,0.0778,0.0
6355,9,22,19,weather_driven,historically_calibrated,0.6624,0.112608,7.562,7.5762,0.0143,0.0
6356,9,22,20,weather_driven,historically_calibrated,0.652999,0.11101,7.4911,7.4918,0.0,0.0007
6357,9,22,21,weather_driven,historically_calibrated,0.622115,0.10576,7.2537,7.2686,0.0,0.0148
6358,9,22,22,weather_driven,historically_calibrated,0.586156,0.099646,6.9684,6.9796,0.0,0.0111
6359,9,22,23,weather_driven,historically_calibrated,0.552781,0.093973,6.6943,6.7024,0.0,0.0081
6360,9,22,24,weather_driven,historically_calibrated,0.418432,0.071133,5.487,5.4877,0.0,0.0007
6361,9,23,1,weather_driven,historically_calibrated,0.412501,0.070125,5.4293,5.4294,0.0,0.0
6362,9,23,2,weather_driven,historically_calibrated,0.432296,0.07349,5.6202,5.6202,0.0,0.0
6363,9,23,3,weather_driven,historically_calibrated,0.45377,0.077141,5.8223,5.8223,0.0,0.0
6364,9,23,4,weather_driven,historically_calibrated,0.479124,0.081451,6.0547,6.0547,0.0,0.0
6365,9,23,5,weather_driven,historically_calibrated,0.494752,0.084108,6.1946,6.1946,0.0,0.0
6366,9,23,6,weather_driven,historically_calibrated,0.50161,0.085274,6.2553,6.2553,0.0,0.0
6367,9,23,7,weather_driven,historically_calibrated,0.613411,0.10428,7.1856,7.1947,0.0091,0.0
6368,9,23,8,weather_driven,historically_calibrated,0.564069,0.095892,6.7881,6.8827,0.0946,0.0
6369,9,23,9,weather_driven,historically_calibrated,0.55949,0.095113,6.7502,6.9575,0.2074,0.0
6370,9,23,10,weather_driven,historically_calibrated,0.531885,0.09042,6.5179,6.8899,0.372,0.0
6371,9,23,11,weather_driven,historically_calibrated,0.509602,0.086632,6.3255,6.726,0.3992,0.0014
6372,9,23,12,weather_driven,historically_calibrated,0.484687,0.082397,6.1048,6.5641,0.4445,0.0148
6373,9,23,13,weather_driven,historically_calibrated,0.471673,0.080184,5.9871,6.4902,0.4484,0.0548
6374,9,23,14,weather_driven,historically_calibrated,0.460592,0.078301,5.8855,6.5437,0.5041,0.1541
6375,9,23,15,weather_driven,historically_calibrated,0.464185,0.078911,5.9186,6.7205,0.4368,0.3652
6376,9,23,16,weather_driven,historically_calibrated,0.522623,0.088846,6.4385,6.9843,0.3499,0.1959
6377,9,23,17,weather_driven,historically_calibrated,0.580994,0.098769,6.9266,7.2696,0.2074,0.1356
6378,9,23,18,weather_driven,historically_calibrated,0.585509,0.099537,6.9632,7.492,0.0907,0.4381
6379,9,23,19,weather_driven,historically_calibrated,0.64908,0.110344,7.4613,7.5762,0.0117,0.1032
6380,9,23,20,weather_driven,historically_calibrated,0.644545,0.109573,7.4268,7.4918,0.0,0.065
6381,9,23,21,weather_driven,historically_calibrated,0.559299,0.095081,6.7486,7.2686,0.0,0.52
6382,9,23,22,weather_driven,historically_calibrated,0.461592,0.078471,5.8947,6.9796,0.0,1.0848
6383,9,23,23,weather_driven,historically_calibrated,0.036647,0.00623,0.5572,6.7024,0.0,6.1452
6384,9,23,24,weather_driven,historically_calibrated,0.203344,0.034569,3.0806,5.3696,0.0,2.289
6385,9,24,1,weather_driven,historically_calibrated,0.158022,0.026864,2.4681,5.8203,0.0,3.3521
6386,9,24,2,weather_driven,historically_calibrated,0.288921,0.049116,4.1246,5.7839,0.0,1.6593
6387,9,24,3,weather_driven,historically_calibrated,0.434972,0.073945,5.6457,6.1657,0.0,0.52
6388,9,24,4,weather_driven,historically_calibrated,0.562067,0.095551,6.7715,6.7863,0.0,0.0148
6389,9,24,5,weather_driven,historically_calibrated,0.613959,0.104373,7.1899,7.1923,0.0,0.0024
6390,9,24,6,weather_driven,historically_calibrated,0.655485,0.111432,7.5099,7.5291,0.0,0.0193
6391,9,24,7,weather_driven,historically_calibrated,0.792111,0.134659,8.4819,8.8889,0.0065,0.4005
6392,9,24,8,weather_driven,historically_calibrated,0.78113,0.132792,8.4079,8.6333,0.0713,0.1541
6393,9,24,9,weather_driven,historically_calibrated,0.726779,0.123552,8.0315,8.4499,0.1737,0.2447
6394,9,24,10,weather_driven,historically_calibrated,0.564397,0.095948,6.7908,7.9283,0.2514,0.8861
6395,9,24,11,weather_driven,historically_calibrated,0.436738,0.074245,5.6624,7.4717,0.5767,1.2326
6396,9,24,12,weather_driven,historically_calibrated,0.371818,0.063209,5.0225,7.1349,0.7193,1.3932
6397,9,24,13,weather_driven,historically_calibrated,0.377135,0.064113,5.0768,7.0546,0.7452,1.2326
6398,9,24,14,weather_driven,historically_calibrated,0.466896,0.079372,5.9434,7.1127,0.6493,0.52
6399,9,24,15,weather_driven,historically_calibrated,0.550223,0.093538,6.6729,7.3049,0.5288,0.1032
6400,9,24,16,weather_driven,historically_calibrated,0.60135,0.10223,7.0902,7.5916,0.3473,0.1541
6401,9,24,17,weather_driven,historically_calibrated,0.583822,0.09925,6.9495,7.9017,0.184,0.7682
6402,9,24,18,weather_driven,historically_calibrated,0.704721,0.119803,7.8737,8.1434,0.0739,0.1959
6403,9,24,19,weather_driven,historically_calibrated,0.743361,0.126371,8.1482,8.235,0.0104,0.0764
6404,9,24,20,weather_driven,historically_calibrated,0.75543,0.128423,8.2321,8.2627,0.0,0.0306
6405,9,24,21,weather_driven,historically_calibrated,0.75742,0.128761,8.2459,8.2483,0.0,0.0024
6406,9,24,22,weather_driven,historically_calibrated,0.729326,0.123985,8.0496,8.0872,0.0,0.0376
6407,9,24,23,weather_driven,historically_calibrated,0.690427,0.117373,7.7697,7.8729,0.0,0.1032
6408,9,24,24,weather_driven,historically_calibrated,0.472291,0.08029,5.9927,6.2645,0.0,0.2718
6409,9,25,1,weather_driven,historically_calibrated,0.451753,0.076798,5.8035,6.1045,0.0,0.3009
6410,9,25,2,weather_driven,historically_calibrated,0.4416,0.075072,5.7084,6.1089,0.0,0.4005
6411,9,25,3,weather_driven,historically_calibrated,0.43512,0.07397,5.6471,6.1249,0.0,0.4779
6412,9,25,4,weather_driven,historically_calibrated,0.457003,0.07769,5.8523,6.2528,0.0,0.4005
6413,9,25,5,weather_driven,historically_calibrated,0.473653,0.080521,6.0051,6.4829,0.0,0.4779
6414,9,25,6,weather_driven,historically_calibrated,0.498063,0.084671,6.224,6.8851,0.0,0.6611
6415,9,25,7,weather_driven,historically_calibrated,0.679532,0.11552,7.6896,8.3012,0.0,0.6116
6416,9,25,8,weather_driven,historically_calibrated,0.70099,0.119168,7.8467,8.4138,0.0026,0.5645
6417,9,25,9,weather_driven,historically_calibrated,0.601351,0.10223,7.0902,7.618,0.0078,0.52
6418,9,25,10,weather_driven,historically_calibrated,0.620433,0.105474,7.2406,7.489,0.1128,0.1356
6419,9,25,11,weather_driven,historically_calibrated,0.396191,0.067352,5.2687,7.3109,0.1879,1.8543
6420,9,25,12,weather_driven,historically_calibrated,0.399298,0.067881,5.2995,7.1349,0.2683,1.5671
6421,9,25,13,weather_driven,historically_calibrated,0.442381,0.075205,5.7157,7.0546,0.254,1.0848
6422,9,25,14,weather_driven,historically_calibrated,0.514593,0.087481,6.369,7.1127,0.1322,0.6116
6423,9,25,15,weather_driven,historically_calibrated,0.489532,0.08322,6.1481,7.3049,0.2074,0.9494
6424,9,25,16,weather_driven,historically_calibrated,0.454031,0.077185,5.8247,7.5916,0.1076,1.6593
6425,9,25,17,weather_driven,historically_calibrated,0.562289,0.095589,6.7733,7.9017,0.1128,1.0156
6426,9,25,18,weather_driven,historically_calibrated,0.588821,0.1001,6.9899,8.1434,0.0687,1.0848
6427,9,25,19,weather_driven,historically_calibrated,0.579688,0.098547,6.916,8.235,0.0078,1.3112
6428,9,25,20,weather_driven,historically_calibrated,0.57903,0.098435,6.9107,8.1433,0.0,1.2326
6429,9,25,21,weather_driven,historically_calibrated,0.567433,0.096464,6.8158,7.9006,0.0,1.0848
6430,9,25,22,weather_driven,historically_calibrated,0.521563,0.088666,6.4293,7.5865,0.0,1.1571
6431,9,25,23,weather_driven,historically_calibrated,0.452105,0.076858,5.8068,7.2853,0.0,1.4784
6432,9,25,24,weather_driven,historically_calibrated,0.29353,0.0499,4.1772,5.8365,0.0,1.6593
6433,9,26,1,weather_driven,historically_calibrated,0.261429,0.044443,3.8036,5.6579,0.0,1.8543
6434,9,26,2,weather_driven,historically_calibrated,0.235395,0.040017,3.4874,5.662,0.0,2.1746
6435,9,26,3,weather_driven,historically_calibrated,0.257804,0.043827,3.7603,5.7176,0.0,1.9573
6436,9,26,4,weather_driven,historically_calibrated,0.282125,0.047961,4.0464,5.8014,0.0,1.755
6437,9,26,5,weather_driven,historically_calibrated,0.254794,0.043315,3.7242,5.8988,0.0,2.1746
6438,9,26,6,weather_driven,historically_calibrated,0.222442,0.037815,3.3254,6.1123,0.0,2.7869
6439,9,26,7,weather_driven,historically_calibrated,0.273134,0.046433,3.9418,7.4463,0.0,3.5045
6440,9,26,8,weather_driven,historically_calibrated,0.373321,0.063465,5.0379,7.7006,0.0065,2.6563
6441,9,26,9,weather_driven,historically_calibrated,0.354654,0.060291,4.8445,7.7844,0.0181,2.9217
6442,9,26,10,weather_driven,historically_calibrated,0.313638,0.053318,4.4028,7.6537,0.0467,3.2043
6443,9,26,11,weather_driven,historically_calibrated,0.270224,0.045938,3.9076,7.4717,0.0596,3.5045
6444,9,26,12,weather_driven,historically_calibrated,0.243118,0.04133,3.5825,7.1349,0.048,3.5045
6445,9,26,13,weather_driven,historically_calibrated,0.259153,0.044056,3.7764,7.3133,0.0324,3.5045
6446,9,26,14,weather_driven,historically_calibrated,0.220306,0.037452,3.2984,7.4778,0.0194,4.16
6447,9,26,15,weather_driven,historically_calibrated,0.186757,0.031749,2.8617,7.5728,0.0091,4.702
6448,9,26,16,weather_driven,historically_calibrated,0.225036,0.038256,3.3581,7.7029,0.0091,4.3358
6449,9,26,17,weather_driven,historically_calibrated,0.284149,0.048305,4.0698,7.9017,0.0091,3.8229
6450,9,26,18,weather_driven,historically_calibrated,0.334928,0.056938,4.6351,8.1434,0.0039,3.5045
6451,9,26,19,weather_driven,historically_calibrated,0.364135,0.061903,4.9433,8.2954,0.0,3.3521
6452,9,26,20,weather_driven,historically_calibrated,0.405055,0.068859,5.3564,8.1433,0.0,2.7869
6453,9,26,21,weather_driven,historically_calibrated,0.455307,0.077402,5.8366,7.9006,0.0,2.0641
6454,9,26,22,weather_driven,historically_calibrated,0.475223,0.080788,6.0193,7.5865,0.0,1.5671
6455,9,26,23,weather_driven,historically_calibrated,0.452105,0.076858,5.8068,7.2853,0.0,1.4784
6456,9,26,24,weather_driven,historically_calibrated,0.324786,0.055214,4.5253,5.8365,0.0,1.3112
6457,9,27,1,weather_driven,historically_calibrated,0.311483,0.052952,4.3789,5.5361,0.0,1.1571
6458,9,27,2,weather_driven,historically_calibrated,0.330815,0.056239,4.5907,5.5401,0.0,0.9494
6459,9,27,3,weather_driven,historically_calibrated,0.349139,0.059354,4.7865,5.5546,0.0,0.7682
6460,9,27,4,weather_driven,historically_calibrated,0.347623,0.059096,4.7705,5.5962,0.0,0.8257
6461,9,27,5,weather_driven,historically_calibrated,0.338602,0.057562,4.6745,5.6901,0.0,1.0156
6462,9,27,6,weather_driven,historically_calibrated,0.340759,0.057929,4.6975,5.8547,0.0,1.1571
6463,9,27,7,weather_driven,historically_calibrated,0.487372,0.082853,6.1288,7.286,0.0,1.1571
6464,9,27,8,weather_driven,historically_calibrated,0.491827,0.083611,6.1686,7.4812,0.0013,1.3112
6465,9,27,9,weather_driven,historically_calibrated,0.518492,0.088144,6.4028,7.5625,0.0026,1.1571
6466,9,27,10,weather_driven,historically_calibrated,0.517899,0.088043,6.3976,7.489,0.0065,1.0848
6467,9,27,11,weather_driven,historically_calibrated,0.488273,0.083006,6.1369,7.3109,0.0168,1.1571
6468,9,27,12,weather_driven,historically_calibrated,0.439916,0.074786,5.6925,7.1349,0.0492,1.3932
6469,9,27,13,weather_driven,historically_calibrated,0.421353,0.07163,5.5152,7.0546,0.0609,1.4784
6470,9,27,14,weather_driven,historically_calibrated,0.430918,0.073256,5.6071,7.1127,0.0272,1.4784
6471,9,27,15,weather_driven,historically_calibrated,0.452684,0.076956,5.8122,7.3049,0.0143,1.4784
6472,9,27,16,weather_driven,historically_calibrated,0.502246,0.085382,6.2609,7.5916,0.0194,1.3112
6473,9,27,17,weather_driven,historically_calibrated,0.539661,0.091742,6.584,7.9017,0.0065,1.3112
6474,9,27,18,weather_driven,historically_calibrated,0.548503,0.093245,6.6585,8.1434,0.0065,1.4784
6475,9,27,19,weather_driven,historically_calibrated,0.580485,0.098682,6.9225,8.235,0.0013,1.3112
6476,9,27,20,weather_driven,historically_calibrated,0.606066,0.103031,7.1276,8.1433,0.0,1.0156
6477,9,27,21,weather_driven,historically_calibrated,0.591879,0.100619,7.0145,7.9006,0.0,0.8861
6478,9,27,22,weather_driven,historically_calibrated,0.538109,0.091478,6.5708,7.5865,0.0,1.0156
6479,9,27,23,weather_driven,historically_calibrated,0.503237,0.08555,6.2696,7.2853,0.0,1.0156
6480,9,27,24,weather_driven,historically_calibrated,0.358727,0.060984,4.8871,5.8365,0.0,0.9494
6481,9,28,1,weather_driven,historically_calibrated,0.318026,0.054064,4.4512,5.5361,0.0,1.0848
6482,9,28,2,weather_driven,historically_calibrated,0.283447,0.048186,4.0617,5.5401,0.0,1.4784
6483,9,28,3,weather_driven,historically_calibrated,0.235652,0.040061,3.4906,5.5546,0.0,2.0641
6484,9,28,4,weather_driven,historically_calibrated,0.221,0.03757,3.3072,5.5962,0.0,2.289
6485,9,28,5,weather_driven,historically_calibrated,0.199767,0.03396,3.0339,5.6901,0.0,2.6563
6486,9,28,6,weather_driven,historically_calibrated,0.105443,0.017925,1.6947,5.8547,0.0,4.16
6487,9,28,7,weather_driven,historically_calibrated,0.556032,0.094525,6.7214,7.286,0.0,0.5645
6488,9,28,8,weather_driven,historically_calibrated,0.525619,0.089355,6.4642,7.4812,0.0013,1.0156
6489,9,28,9,weather_driven,historically_calibrated,0.583356,0.099171,6.9458,7.5625,0.0052,0.6116
6490,9,28,10,weather_driven,historically_calibrated,0.577537,0.098181,6.8985,7.489,0.0259,0.5645
6491,9,28,11,weather_driven,historically_calibrated,0.437694,0.074408,5.6715,7.3109,0.2462,1.3932
6492,9,28,12,weather_driven,historically_calibrated,0.42104,0.071577,5.5122,7.1349,0.3901,1.2326
6493,9,28,13,weather_driven,historically_calibrated,0.465013,0.079052,5.9262,7.0546,0.3603,0.7682
6494,9,28,14,weather_driven,historically_calibrated,0.463237,0.07875,5.9098,7.1127,0.3771,0.8257
6495,9,28,15,weather_driven,historically_calibrated,0.488786,0.083094,6.1415,7.3049,0.3953,0.7682
6496,9,28,16,weather_driven,historically_calibrated,0.532608,0.090543,6.5241,7.5916,0.2994,0.7682
6497,9,28,17,weather_driven,historically_calibrated,0.626078,0.106433,7.2846,8.0176,0.1685,0.5645
6498,9,28,18,weather_driven,historically_calibrated,0.771503,0.131155,8.3425,8.7406,0.0661,0.332
6499,9,28,19,weather_driven,historically_calibrated,0.908365,0.154422,9.2264,9.322,0.0065,0.0892
6500,9,28,20,weather_driven,historically_calibrated,0.961602,0.163472,9.5459,9.5765,0.0,0.0306
6501,9,28,21,weather_driven,historically_calibrated,0.966901,0.164373,9.577,9.5808,0.0,0.0038
6502,9,28,22,weather_driven,historically_calibrated,0.940726,0.159923,9.4221,9.4224,0.0,0.0003
6503,9,28,23,weather_driven,historically_calibrated,0.845815,0.143789,8.8343,8.8346,0.0,0.0003
6504,9,28,24,weather_driven,historically_calibrated,0.578351,0.09832,6.9051,6.9065,0.0,0.0014
6505,9,29,1,weather_driven,historically_calibrated,0.539366,0.091692,6.5815,6.5872,0.0,0.0057
6506,9,29,2,weather_driven,historically_calibrated,0.552233,0.09388,6.6897,6.7789,0.0,0.0892
6507,9,29,3,weather_driven,historically_calibrated,0.555316,0.094404,6.7155,6.8341,0.0,0.1187
6508,9,29,4,weather_driven,historically_calibrated,0.55884,0.095003,6.7448,6.8098,0.0,0.065
6509,9,29,5,weather_driven,historically_calibrated,0.591642,0.100579,7.0126,7.0776,0.0,0.065
6510,9,29,6,weather_driven,historically_calibrated,0.644316,0.109534,7.425,7.4798,0.0,0.0548
6511,9,29,7,weather_driven,historically_calibrated,0.806827,0.137161,8.58,8.6202,0.0026,0.0376
6512,9,29,8,weather_driven,historically_calibrated,0.74814,0.127184,8.1815,8.2959,0.0596,0.0548
6513,9,29,9,weather_driven,historically_calibrated,0.752191,0.127873,8.2097,8.3861,0.1115,0.065
6514,9,29,10,weather_driven,historically_calibrated,0.614139,0.104404,7.1913,7.5972,0.105,0.3009
6515,9,29,11,weather_driven,historically_calibrated,0.538261,0.091504,6.5721,7.0713,0.3033,0.1959
6516,9,29,12,weather_driven,historically_calibrated,0.466413,0.07929,5.939,6.6604,0.5858,0.1356
6517,9,29,13,weather_driven,historically_calibrated,0.419089,0.071245,5.4934,6.4902,0.696,0.3009
6518,9,29,14,weather_driven,historically_calibrated,0.426303,0.072472,5.5629,6.5437,0.6156,0.3652
6519,9,29,15,weather_driven,historically_calibrated,0.463424,0.078782,5.9116,6.7205,0.4769,0.332
6520,9,29,16,weather_driven,historically_calibrated,0.51468,0.087496,6.3697,6.9843,0.3136,0.3009
6521,9,29,17,weather_driven,historically_calibrated,0.610155,0.103726,7.1599,7.5361,0.1568,0.2194
6522,9,29,18,weather_driven,historically_calibrated,0.702898,0.119493,7.8605,8.0414,0.0622,0.1187
6523,9,29,19,weather_driven,historically_calibrated,0.798625,0.135766,8.5255,8.5763,0.0052,0.0457
6524,9,29,20,weather_driven,historically_calibrated,0.839791,0.142764,8.7955,8.8103,0.0,0.0148
6525,9,29,21,weather_driven,historically_calibrated,0.81347,0.13829,8.6239,8.6545,0.0,0.0306
6526,9,29,22,weather_driven,historically_calibrated,0.801071,0.136182,8.5418,8.5662,0.0,0.0245
6527,9,29,23,weather_driven,historically_calibrated,0.761136,0.129393,8.2715,8.2753,0.0,0.0038
6528,9,29,24,weather_driven,historically_calibrated,0.559166,0.095058,6.7475,6.7478,0.0,0.0003
6529,9,30,1,weather_driven,historically_calibrated,0.544464,0.092559,6.6246,6.6246,0.0,0.0
6530,9,30,2,weather_driven,historically_calibrated,0.553958,0.094173,6.7041,6.7041,0.0,0.0
6531,9,30,3,weather_driven,historically_calibrated,0.560579,0.095298,6.7592,6.7592,0.0,0.0
6532,9,30,4,weather_driven,historically_calibrated,0.575915,0.097906,6.8853,6.8853,0.0,0.0
6533,9,30,5,weather_driven,historically_calibrated,0.585415,0.099521,6.9624,6.9624,0.0,0.0
6534,9,30,6,weather_driven,historically_calibrated,0.605647,0.10296,7.1243,7.1243,0.0,0.0
6535,9,30,7,weather_driven,historically_calibrated,0.790552,0.134394,8.4714,8.4727,0.0013,0.0
6536,9,30,8,weather_driven,historically_calibrated,0.759228,0.129069,8.2583,8.2959,0.0376,0.0
6537,9,30,9,weather_driven,historically_calibrated,0.715141,0.121574,7.9486,8.029,0.0804,0.0
6538,9,30,10,weather_driven,historically_calibrated,0.653493,0.111094,7.4948,7.6477,0.1529,0.0
6539,9,30,11,weather_driven,historically_calibrated,0.587682,0.099906,6.9807,7.1699,0.1892,0.0
6540,9,30,12,weather_driven,historically_calibrated,0.539106,0.091648,6.5793,6.8048,0.2255,0.0
6541,9,30,13,weather_driven,historically_calibrated,0.502091,0.085355,6.2595,6.4902,0.2307,0.0
6542,9,30,14,weather_driven,historically_calibrated,0.512449,0.087116,6.3503,6.5437,0.1931,0.0003
6543,9,30,15,weather_driven,historically_calibrated,0.536442,0.091195,6.5567,6.7205,0.1581,0.0057
6544,9,30,16,weather_driven,historically_calibrated,0.571925,0.097227,6.8527,6.9843,0.1309,0.0007
6545,9,30,17,weather_driven,historically_calibrated,0.613784,0.104343,7.1885,7.2696,0.0804,0.0007
6546,9,30,18,weather_driven,historically_calibrated,0.647948,0.110151,7.4527,7.492,0.0311,0.0081
6547,9,30,19,weather_driven,historically_calibrated,0.716733,0.121845,7.96,7.9651,0.0013,0.0038
6548,9,30,20,weather_driven,historically_calibrated,0.712725,0.121163,7.9313,7.9313,0.0,0.0
6549,9,30,21,weather_driven,historically_calibrated,0.702128,0.119362,7.8549,7.8549,0.0,0.0
6550,9,30,22,weather_driven,historically_calibrated,0.687368,0.116853,7.7473,7.7473,0.0,0.0
6551,9,30,23,weather_driven,historically_calibrated,0.659214,0.112066,7.538,7.538,0.0,0.0
6552,9,30,24,weather_driven,historically_calibrated,0.490537,0.083391,6.1571,6.1571,0.0,0.0
6553,10,1,1,weather_driven,historically_calibrated,0.355459,0.060428,4.8529,5.7391,0.0,0.8861
6554,10,1,2,weather_driven,historically_calibrated,0.488386,0.083026,6.1379,6.3121,0.0,0.1741
6555,10,1,3,weather_driven,historically_calibrated,0.519742,0.088356,6.4136,6.5323,0.0,0.1187
6556,10,1,4,weather_driven,historically_calibrated,0.52607,0.089432,6.4681,6.6222,0.0,0.1541
6557,10,1,5,weather_driven,historically_calibrated,0.578608,0.098363,6.9072,6.9837,0.0,0.0764
6558,10,1,6,weather_driven,historically_calibrated,0.32831,0.055813,4.5636,6.971,0.0,2.4074
6559,10,1,7,weather_driven,historically_calibrated,0.740145,0.125825,8.1257,8.3012,0.0013,0.1741
6560,10,1,8,weather_driven,historically_calibrated,0.728773,0.123891,8.0457,8.359,0.0415,0.2718
6561,10,1,9,weather_driven,historically_calibrated,0.622989,0.105908,7.2606,8.1726,0.1439,0.7682
6562,10,1,10,weather_driven,historically_calibrated,0.49317,0.083839,6.1806,7.7087,0.2955,1.2326
6563,10,1,11,weather_driven,historically_calibrated,0.363913,0.061865,4.941,7.3109,0.3059,2.0641
6564,10,1,12,weather_driven,historically_calibrated,0.234768,0.039911,3.4796,7.1349,0.451,3.2043
6565,10,1,13,weather_driven,historically_calibrated,0.150048,0.025508,2.3555,7.0546,0.5391,4.16
6566,10,1,14,weather_driven,historically_calibrated,0.186984,0.031787,2.8648,7.1127,0.4251,3.8229
6567,10,1,15,weather_driven,historically_calibrated,0.13939,0.023696,2.2024,7.3049,0.21,4.8926
6568,10,1,16,weather_driven,historically_calibrated,0.114809,0.019518,1.838,7.87,0.1089,5.9231
6569,10,1,17,weather_driven,historically_calibrated,0.151914,0.025825,2.382,7.9017,0.0246,5.4951
6570,10,1,18,weather_driven,historically_calibrated,0.290277,0.049347,4.1401,8.1434,0.0143,3.9891
6571,10,1,19,weather_driven,historically_calibrated,0.400562,0.068096,5.312,8.235,0.0013,2.9217
6572,10,1,20,weather_driven,historically_calibrated,0.333432,0.056683,4.619,8.4418,0.0,3.8229
6573,10,1,21,weather_driven,historically_calibrated,0.393693,0.066928,5.2438,8.5959,0.0,3.3521
6574,10,1,22,weather_driven,historically_calibrated,0.603809,0.102648,7.1097,8.421,0.0,1.3112
6575,10,1,23,weather_driven,historically_calibrated,0.230438,0.039174,3.4258,8.514,0.0,5.0882
6576,10,1,24,weather_driven,historically_calibrated,0.133665,0.022723,2.119,6.8209,0.0,4.702
6577,10,2,1,weather_driven,historically_calibrated,0.170906,0.029054,2.647,6.4698,0.0,3.8229
6578,10,2,2,weather_driven,historically_calibrated,0.129489,0.022013,2.0576,6.3933,0.0,4.3358
6579,10,2,3,weather_driven,historically_calibrated,0.17225,0.029283,2.6654,6.6545,0.0,3.9891
6580,10,2,4,weather_driven,historically_calibrated,0.029862,0.005076,0.4359,6.5811,0.0,6.1452
6581,10,2,5,weather_driven,historically_calibrated,-0.012028,-0.002045,-0.3558,6.7333,0.0,7.0891
6582,10,2,6,weather_driven,historically_calibrated,-0.038379,-0.006525,-0.8964,7.2286,0.0,8.125
6583,10,2,7,weather_driven,historically_calibrated,0.411117,0.06989,5.4158,10.1178,0.0,4.702
6584,10,2,8,weather_driven,historically_calibrated,0.448908,0.076314,5.777,9.9499,0.013,4.16
6585,10,2,9,weather_driven,historically_calibrated,0.094148,0.016005,1.5185,9.1708,0.057,7.5953
6586,10,2,10,weather_driven,historically_calibrated,0.089105,0.015148,1.4386,9.0267,0.2488,7.3393
6587,10,2,11,weather_driven,historically_calibrated,0.093171,0.015839,1.5031,8.5976,0.4886,6.6059
6588,10,2,12,weather_driven,historically_calibrated,0.06592,0.011206,1.0608,7.8151,0.6091,6.1452
6589,10,2,13,weather_driven,historically_calibrated,0.153453,0.026087,2.4038,7.5202,0.6,4.5164
6590,10,2,14,weather_driven,historically_calibrated,0.287455,0.048867,4.1078,7.843,0.2307,3.5045
6591,10,2,15,weather_driven,historically_calibrated,0.131417,0.022341,2.086,8.162,0.1529,5.9231
6592,10,2,16,weather_driven,historically_calibrated,0.400485,0.068082,5.3113,8.872,0.2087,3.3521
6593,10,2,17,weather_driven,historically_calibrated,0.460254,0.078243,5.8824,9.5242,0.1374,3.5045
6594,10,2,18,weather_driven,historically_calibrated,0.510676,0.086815,6.3348,9.5767,0.0376,3.2043
6595,10,2,19,weather_driven,historically_calibrated,0.59203,0.100645,7.0157,9.8052,0.0026,2.7869
6596,10,2,20,weather_driven,historically_calibrated,0.656997,0.111689,7.5213,9.6959,0.0,2.1746
6597,10,2,21,weather_driven,historically_calibrated,0.568651,0.096671,6.8258,9.2332,0.0,2.4074
6598,10,2,22,weather_driven,historically_calibrated,0.463502,0.078795,5.9123,8.6992,0.0,2.7869
6599,10,2,23,weather_driven,historically_calibrated,0.474339,0.080638,6.0113,8.3003,0.0,2.289
6600,10,2,24,weather_driven,historically_calibrated,0.412338,0.070097,5.4278,6.8209,0.0,1.3932
6601,10,3,1,weather_driven,historically_calibrated,0.44561,0.075754,5.7461,6.6322,0.0,0.8861
6602,10,3,2,weather_driven,historically_calibrated,0.490163,0.083328,6.1538,6.7183,0.0,0.5645
6603,10,3,3,weather_driven,historically_calibrated,0.532847,0.090584,6.5261,6.8581,0.0,0.332
6604,10,3,4,weather_driven,historically_calibrated,0.548621,0.093266,6.6595,6.9915,0.0,0.332
6605,10,3,5,weather_driven,historically_calibrated,0.509531,0.08662,6.3248,7.1506,0.0,0.8257
6606,10,3,6,weather_driven,historically_calibrated,0.526437,0.089494,6.4713,7.3574,0.0,0.8861
6607,10,3,7,weather_driven,historically_calibrated,0.724308,0.123132,8.014,8.7286,0.0013,0.7133
6608,10,3,8,weather_driven,historically_calibrated,0.748695,0.127278,8.1854,8.743,0.0376,0.52
6609,10,3,9,weather_driven,historically_calibrated,0.668582,0.113659,7.6082,8.4499,0.1283,0.7133
6610,10,3,10,weather_driven,historically_calibrated,0.565113,0.096069,6.7967,7.9832,0.2372,0.9494
6611,10,3,11,weather_driven,historically_calibrated,0.525523,0.089339,6.4634,7.5253,0.3486,0.7133
6612,10,3,12,weather_driven,historically_calibrated,0.485082,0.082464,6.1083,7.1349,0.3655,0.6611
6613,10,3,13,weather_driven,historically_calibrated,0.464071,0.078892,5.9175,7.0546,0.4238,0.7133
6614,10,3,14,weather_driven,historically_calibrated,0.487233,0.08283,6.1276,7.1127,0.324,0.6611
6615,10,3,15,weather_driven,historically_calibrated,0.484297,0.08233,6.1013,7.3049,0.3175,0.8861
6616,10,3,16,weather_driven,historically_calibrated,0.550179,0.09353,6.6726,7.5916,0.2579,0.6611
6617,10,3,17,weather_driven,historically_calibrated,0.623237,0.10595,7.2625,7.9017,0.1192,0.52
6618,10,3,18,weather_driven,historically_calibrated,0.746528,0.12691,8.1703,8.5017,0.0596,0.2718
6619,10,3,19,weather_driven,historically_calibrated,0.811721,0.137993,8.6123,8.7181,0.0026,0.1032
6620,10,3,20,weather_driven,historically_calibrated,0.806452,0.137097,8.5775,8.6807,0.0,0.1032
6621,10,3,21,weather_driven,historically_calibrated,0.813277,0.138257,8.6226,8.7118,0.0,0.0892
6622,10,3,22,weather_driven,historically_calibrated,0.811811,0.138008,8.6129,8.6435,0.0,0.0306
6623,10,3,23,weather_driven,historically_calibrated,0.824641,0.140189,8.6972,8.7277,0.0,0.0306
6624,10,3,24,weather_driven,historically_calibrated,0.58142,0.098841,6.9301,6.9493,0.0,0.0193
6625,10,4,1,weather_driven,historically_calibrated,0.539604,0.091733,6.5835,6.5916,0.0,0.0081
6626,10,4,2,weather_driven,historically_calibrated,0.524579,0.089178,6.4553,6.4746,0.0,0.0193
6627,10,4,3,weather_driven,historically_calibrated,0.496643,0.084429,6.2114,6.2879,0.0,0.0764
6628,10,4,4,weather_driven,historically_calibrated,0.490946,0.083461,6.1608,6.3349,0.0,0.1741
6629,10,4,5,weather_driven,historically_calibrated,0.521697,0.088688,6.4305,6.6498,0.0,0.2194
6630,10,4,6,weather_driven,historically_calibrated,0.559665,0.095143,6.7516,6.971,0.0,0.2194
6631,10,4,7,weather_driven,historically_calibrated,0.749117,0.12735,8.1883,8.4615,0.0013,0.2718
6632,10,4,8,weather_driven,historically_calibrated,0.770234,0.13094,8.3338,8.5235,0.0156,0.1741
6633,10,4,9,weather_driven,historically_calibrated,0.695264,0.118195,7.8051,8.1171,0.0674,0.2447
6634,10,4,10,weather_driven,historically_calibrated,0.552047,0.093848,6.6882,7.489,0.1892,0.6116
6635,10,4,11,weather_driven,historically_calibrated,0.499369,0.084893,6.2355,7.3109,0.1892,0.8861
6636,10,4,12,weather_driven,historically_calibrated,0.43525,0.073993,5.6483,7.1349,0.254,1.2326
6637,10,4,13,weather_driven,historically_calibrated,0.484928,0.082438,6.1069,7.0546,0.4277,0.52
6638,10,4,14,weather_driven,historically_calibrated,0.507168,0.086219,6.3042,7.1127,0.197,0.6116
6639,10,4,15,weather_driven,historically_calibrated,0.533461,0.090688,6.5313,7.3049,0.162,0.6116
6640,10,4,16,weather_driven,historically_calibrated,0.541396,0.092037,6.5987,7.5916,0.1672,0.8257
6641,10,4,17,weather_driven,historically_calibrated,0.607238,0.103231,7.1369,7.9017,0.1037,0.6611
6642,10,4,18,weather_driven,historically_calibrated,0.706854,0.120165,7.8891,8.1434,0.035,0.2194
6643,10,4,19,weather_driven,historically_calibrated,0.732894,0.124592,8.0748,8.4766,0.0013,0.4005
6644,10,4,20,weather_driven,historically_calibrated,0.748341,0.127218,8.1829,8.621,0.0,0.4381
6645,10,4,21,weather_driven,historically_calibrated,0.743652,0.126421,8.1503,8.4221,0.0,0.2718
6646,10,4,22,weather_driven,historically_calibrated,0.720757,0.122529,7.9887,8.1428,0.0,0.1541
6647,10,4,23,weather_driven,historically_calibrated,0.714241,0.121421,7.9422,7.9798,0.0,0.0376
6648,10,4,24,weather_driven,historically_calibrated,0.517024,0.087894,6.3901,6.4357,0.0,0.0457
6649,10,5,1,weather_driven,historically_calibrated,0.498656,0.084772,6.2292,6.2669,0.0,0.0376
6650,10,5,2,weather_driven,historically_calibrated,0.505276,0.085897,6.2876,6.3121,0.0,0.0245
6651,10,5,3,weather_driven,historically_calibrated,0.516507,0.087806,6.3856,6.4101,0.0,0.0245
6652,10,5,4,weather_driven,historically_calibrated,0.525295,0.0893,6.4615,6.4991,0.0,0.0376
6653,10,5,5,weather_driven,historically_calibrated,0.573998,0.09758,6.8696,6.9002,0.0,0.0306
6654,10,5,6,weather_driven,historically_calibrated,0.601071,0.102182,7.088,7.1427,0.0,0.0548
6655,10,5,7,weather_driven,historically_calibrated,0.775878,0.131899,8.3723,8.4615,0.0,0.0892
6656,10,5,8,weather_driven,historically_calibrated,0.753053,0.128019,8.2156,8.359,0.0246,0.1187
6657,10,5,9,weather_driven,historically_calibrated,0.701062,0.11918,7.8472,8.1171,0.0505,0.2194
6658,10,5,10,weather_driven,historically_calibrated,0.635372,0.108013,7.3565,7.6537,0.1231,0.1741
6659,10,5,11,weather_driven,historically_calibrated,0.569305,0.096782,6.8312,7.3109,0.2838,0.1959
6660,10,5,12,weather_driven,historically_calibrated,0.534156,0.090807,6.5373,7.1349,0.4018,0.1959
6661,10,5,13,weather_driven,historically_calibrated,0.531656,0.090381,6.5159,7.0546,0.4031,0.1356
6662,10,5,14,weather_driven,historically_calibrated,0.555047,0.094358,6.7132,7.1127,0.3447,0.0548
6663,10,5,15,weather_driven,historically_calibrated,0.600321,0.102054,7.082,7.3049,0.2229,0.0
6664,10,5,16,weather_driven,historically_calibrated,0.549317,0.093384,6.6653,7.5916,0.1581,0.7682
6665,10,5,17,weather_driven,historically_calibrated,0.651743,0.110796,7.4816,7.9017,0.0881,0.332
6666,10,5,18,weather_driven,historically_calibrated,0.749913,0.127485,8.1939,8.2629,0.0143,0.0548
6667,10,5,19,weather_driven,historically_calibrated,0.872015,0.148243,9.0008,9.0201,0.0,0.0193
6668,10,5,20,weather_driven,historically_calibrated,0.914365,0.155442,9.263,9.2779,0.0,0.0148
6669,10,5,21,weather_driven,historically_calibrated,0.928511,0.157847,9.3488,9.3491,0.0,0.0003
6670,10,5,22,weather_driven,historically_calibrated,0.940776,0.159932,9.4224,9.4224,0.0,0.0
6671,10,5,23,weather_driven,historically_calibrated,0.940756,0.159929,9.4223,9.4223,0.0,0.0
6672,10,5,24,weather_driven,historically_calibrated,0.695305,0.118202,7.8054,7.8054,0.0,0.0
6673,10,6,1,weather_driven,historically_calibrated,0.603856,0.102656,7.1101,7.1101,0.0,0.0
6674,10,6,2,weather_driven,historically_calibrated,0.628346,0.106819,7.3022,7.3022,0.0,0.0
6675,10,6,3,weather_driven,historically_calibrated,0.650381,0.110565,7.4712,7.4712,0.0,0.0
6676,10,6,4,weather_driven,historically_calibrated,0.677986,0.115258,7.6782,7.6782,0.0,0.0
6677,10,6,5,weather_driven,historically_calibrated,0.711451,0.120947,7.9222,7.9222,0.0,0.0
6678,10,6,6,weather_driven,historically_calibrated,0.743803,0.126447,8.1513,8.1513,0.0,0.0
6679,10,6,7,weather_driven,historically_calibrated,0.963008,0.163711,9.5542,9.5542,0.0,0.0
6680,10,6,8,weather_driven,historically_calibrated,0.878456,0.149337,9.0413,9.1035,0.0622,0.0
6681,10,6,9,weather_driven,historically_calibrated,0.759226,0.129068,8.2583,8.4372,0.1788,0.0
6682,10,6,10,weather_driven,historically_calibrated,0.626616,0.106525,7.2888,7.5972,0.3084,0.0
6683,10,6,11,weather_driven,historically_calibrated,0.52022,0.088437,6.4177,6.8247,0.4069,0.0
6684,10,6,12,weather_driven,historically_calibrated,0.481571,0.081867,6.0767,6.5641,0.4873,0.0001
6685,10,6,13,weather_driven,historically_calibrated,0.473266,0.080455,6.0016,6.4902,0.4886,0.0001
6686,10,6,14,weather_driven,historically_calibrated,0.487699,0.082909,6.1318,6.5437,0.4095,0.0024
6687,10,6,15,weather_driven,historically_calibrated,0.521374,0.088634,6.4277,6.7205,0.289,0.0038
6688,10,6,16,weather_driven,historically_calibrated,0.566111,0.096239,6.8049,6.9843,0.1737,0.0057
6689,10,6,17,weather_driven,historically_calibrated,0.609768,0.103661,7.1569,7.2696,0.1089,0.0038
6690,10,6,18,weather_driven,historically_calibrated,0.654884,0.11133,7.5053,7.5469,0.0415,0.0001
6691,10,6,19,weather_driven,historically_calibrated,0.733107,0.124628,8.0763,8.0763,0.0,0.0
6692,10,6,20,weather_driven,historically_calibrated,0.74377,0.126441,8.1511,8.1511,0.0,0.0
6693,10,6,21,weather_driven,historically_calibrated,0.724423,0.123152,8.0148,8.0148,0.0,0.0
6694,10,6,22,weather_driven,historically_calibrated,0.687356,0.11685,7.7472,7.7473,0.0,0.0001
6695,10,6,23,weather_driven,historically_calibrated,0.652667,0.110953,7.4886,7.4889,0.0,0.0003
6696,10,6,24,weather_driven,historically_calibrated,0.472899,0.080393,5.9982,5.9996,0.0,0.0014
6697,10,7,1,weather_driven,historically_calibrated,0.450808,0.076637,5.7947,5.8029,0.0,0.0081
6698,10,7,2,weather_driven,historically_calibrated,0.447722,0.076113,5.7659,5.7697,0.0,0.0038
6699,10,7,3,weather_driven,historically_calibrated,0.44949,0.076413,5.7824,5.7848,0.0,0.0024
6700,10,7,4,weather_driven,historically_calibrated,0.454246,0.077222,5.8267,5.8281,0.0,0.0014
6701,10,7,5,weather_driven,historically_calibrated,0.464365,0.078942,5.9202,5.9259,0.0,0.0057
6702,10,7,6,weather_driven,historically_calibrated,0.483433,0.082184,6.0935,6.0973,0.0,0.0038
6703,10,7,7,weather_driven,historically_calibrated,0.619802,0.105366,7.2357,7.2438,0.0,0.0081
6704,10,7,8,weather_driven,historically_calibrated,0.594079,0.100993,7.0321,7.0846,0.0376,0.0148
6705,10,7,9,weather_driven,historically_calibrated,0.567711,0.096511,6.8181,6.9575,0.1283,0.0111
6706,10,7,10,weather_driven,historically_calibrated,0.538873,0.091608,6.5773,6.8899,0.2475,0.065
6707,10,7,11,weather_driven,historically_calibrated,0.506705,0.08614,6.3001,6.726,0.3227,0.1032
6708,10,7,12,weather_driven,historically_calibrated,0.473366,0.080472,6.0025,6.5641,0.3875,0.1741
6709,10,7,13,weather_driven,historically_calibrated,0.454328,0.077236,5.8275,6.4902,0.4886,0.1741
6710,10,7,14,weather_driven,historically_calibrated,0.455495,0.077434,5.8383,6.5437,0.486,0.2194
6711,10,7,15,weather_driven,historically_calibrated,0.483582,0.082209,6.0948,6.7205,0.381,0.2447
6712,10,7,16,weather_driven,historically_calibrated,0.535532,0.09104,6.549,6.9843,0.2812,0.1541
6713,10,7,17,weather_driven,historically_calibrated,0.597641,0.101599,7.0606,7.2696,0.1633,0.0457
6714,10,7,18,weather_driven,historically_calibrated,0.64086,0.108946,7.3986,7.492,0.0557,0.0376
6715,10,7,19,weather_driven,historically_calibrated,0.654148,0.111205,7.4998,7.5762,0.0,0.0764
6716,10,7,20,weather_driven,historically_calibrated,0.637536,0.108381,7.3731,7.4918,0.0,0.1187
6717,10,7,21,weather_driven,historically_calibrated,0.612627,0.104147,7.1794,7.2686,0.0,0.0892
6718,10,7,22,weather_driven,historically_calibrated,0.579509,0.098517,6.9146,6.9796,0.0,0.065
6719,10,7,23,weather_driven,historically_calibrated,0.572996,0.097409,6.8614,6.899,0.0,0.0376
6720,10,7,24,weather_driven,historically_calibrated,0.428776,0.072892,5.5866,5.6058,0.0,0.0193
6721,10,8,1,weather_driven,historically_calibrated,0.469565,0.079826,5.9678,5.9827,0.0,0.0148
6722,10,8,2,weather_driven,historically_calibrated,0.477924,0.081247,6.0438,6.0683,0.0,0.0245
6723,10,8,3,weather_driven,historically_calibrated,0.484206,0.082315,6.1004,6.1249,0.0,0.0245
6724,10,8,4,weather_driven,historically_calibrated,0.497867,0.084637,6.2223,6.2528,0.0,0.0306
6725,10,8,5,weather_driven,historically_calibrated,0.513778,0.087342,6.3619,6.3995,0.0,0.0376
6726,10,8,6,weather_driven,historically_calibrated,0.535297,0.091,6.547,6.5846,0.0,0.0376
6727,10,8,7,weather_driven,historically_calibrated,0.669398,0.113798,7.6143,7.66,0.0,0.0457
6728,10,8,8,weather_driven,historically_calibrated,0.641819,0.109109,7.406,7.4812,0.0376,0.0376
6729,10,8,9,weather_driven,historically_calibrated,0.642482,0.109222,7.411,7.5625,0.127,0.0245
6730,10,8,10,weather_driven,historically_calibrated,0.617022,0.104894,7.2139,7.489,0.2294,0.0457
6731,10,8,11,weather_driven,historically_calibrated,0.581557,0.098865,6.9312,7.3109,0.3033,0.0764
6732,10,8,12,weather_driven,historically_calibrated,0.54865,0.09327,6.6597,7.1349,0.372,0.1032
6733,10,8,13,weather_driven,historically_calibrated,0.537299,0.091341,6.564,7.0546,0.372,0.1187
6734,10,8,14,weather_driven,historically_calibrated,0.548321,0.093215,6.657,7.1127,0.3525,0.1032
6735,10,8,15,weather_driven,historically_calibrated,0.587359,0.099851,6.9781,7.3049,0.2618,0.065
6736,10,8,16,weather_driven,historically_calibrated,0.63763,0.108397,7.3738,7.5916,0.1801,0.0376
6737,10,8,17,weather_driven,historically_calibrated,0.694196,0.118013,7.7973,7.9017,0.0933,0.0111
6738,10,8,18,weather_driven,historically_calibrated,0.737388,0.125356,8.1064,8.1434,0.0259,0.0111
6739,10,8,19,weather_driven,historically_calibrated,0.754678,0.128295,8.2269,8.235,0.0,0.0081
6740,10,8,20,weather_driven,historically_calibrated,0.741835,0.126112,8.1375,8.1433,0.0,0.0057
6741,10,8,21,weather_driven,historically_calibrated,0.708124,0.120381,7.8982,7.9006,0.0,0.0024
6742,10,8,22,weather_driven,historically_calibrated,0.665573,0.113147,7.5858,7.5865,0.0,0.0007
6743,10,8,23,weather_driven,historically_calibrated,0.625855,0.106395,7.2829,7.2853,0.0,0.0024
6744,10,8,24,weather_driven,historically_calibrated,0.455221,0.077388,5.8358,5.8365,0.0,0.0007
6745,10,9,1,weather_driven,historically_calibrated,0.423506,0.071996,5.536,5.5361,0.0,0.0001
6746,10,9,2,weather_driven,historically_calibrated,0.423926,0.072067,5.54,5.5401,0.0,0.0001
6747,10,9,3,weather_driven,historically_calibrated,0.425371,0.072313,5.5539,5.5546,0.0,0.0007
6748,10,9,4,weather_driven,historically_calibrated,0.434056,0.073789,5.637,5.6373,0.0,0.0003
6749,10,9,5,weather_driven,historically_calibrated,0.452939,0.077,5.8146,5.8153,0.0,0.0007
6750,10,9,6,weather_driven,historically_calibrated,0.470657,0.080012,5.9778,5.9835,0.0,0.0057
6751,10,9,7,weather_driven,historically_calibrated,0.625765,0.10638,7.2822,7.286,0.0,0.0038
6752,10,9,8,weather_driven,historically_calibrated,0.645997,0.109819,7.4379,7.4812,0.0376,0.0057
6753,10,9,9,weather_driven,historically_calibrated,0.646902,0.109973,7.4448,7.5625,0.1153,0.0024
6754,10,9,10,weather_driven,historically_calibrated,0.61931,0.105283,7.2318,7.489,0.2514,0.0057
6755,10,9,11,weather_driven,historically_calibrated,0.596965,0.101484,7.0552,7.3109,0.2475,0.0081
6756,10,9,12,weather_driven,historically_calibrated,0.570562,0.096996,6.8415,7.1349,0.2877,0.0057
6757,10,9,13,weather_driven,historically_calibrated,0.548608,0.093263,6.6594,7.0546,0.3914,0.0038
6758,10,9,14,weather_driven,historically_calibrated,0.558576,0.094958,6.7426,7.1127,0.359,0.0111
6759,10,9,15,weather_driven,historically_calibrated,0.592119,0.10066,7.0164,7.3049,0.2773,0.0111
6760,10,9,16,weather_driven,historically_calibrated,0.640868,0.108948,7.3987,7.5916,0.1737,0.0193
6761,10,9,17,weather_driven,historically_calibrated,0.690396,0.117367,7.7695,7.9017,0.0946,0.0376
6762,10,9,18,weather_driven,historically_calibrated,0.721448,0.122646,7.9937,8.1434,0.0311,0.1187
6763,10,9,19,weather_driven,historically_calibrated,0.755853,0.128495,8.235,8.235,0.0,0.0
6764,10,9,20,weather_driven,historically_calibrated,0.742651,0.126251,8.1433,8.1433,0.0,0.0
6765,10,9,21,weather_driven,historically_calibrated,0.708458,0.120438,7.9006,7.9006,0.0,0.0
6766,10,9,22,weather_driven,historically_calibrated,0.665668,0.113164,7.5865,7.5865,0.0,0.0
6767,10,9,23,weather_driven,historically_calibrated,0.626165,0.106448,7.2853,7.2853,0.0,0.0
6768,10,9,24,weather_driven,historically_calibrated,0.455298,0.077401,5.8365,5.8365,0.0,0.0
6769,10,10,1,weather_driven,historically_calibrated,0.423515,0.071998,5.5361,5.5361,0.0,0.0
6770,10,10,2,weather_driven,historically_calibrated,0.423935,0.072069,5.5401,5.5401,0.0,0.0
6771,10,10,3,weather_driven,historically_calibrated,0.425445,0.072326,5.5546,5.5546,0.0,0.0
6772,10,10,4,weather_driven,historically_calibrated,0.429783,0.073063,5.5962,5.5962,0.0,0.0
6773,10,10,5,weather_driven,historically_calibrated,0.439664,0.074743,5.6901,5.6901,0.0,0.0
6774,10,10,6,weather_driven,historically_calibrated,0.45566,0.077462,5.8399,5.8547,0.0,0.0148
6775,10,10,7,weather_driven,historically_calibrated,0.624823,0.10622,7.2748,7.286,0.0,0.0111
6776,10,10,8,weather_driven,historically_calibrated,0.646259,0.109864,7.4399,7.4812,0.022,0.0193
6777,10,10,9,weather_driven,historically_calibrated,0.647968,0.110155,7.4529,7.5625,0.0985,0.0111
6778,10,10,10,weather_driven,historically_calibrated,0.630833,0.107242,7.3214,7.489,0.1594,0.0081
6779,10,10,11,weather_driven,historically_calibrated,0.597017,0.101493,7.0556,7.3109,0.2514,0.0038
6780,10,10,12,weather_driven,historically_calibrated,0.563792,0.095845,6.7858,7.1349,0.3434,0.0057
6781,10,10,13,weather_driven,historically_calibrated,0.536429,0.091193,6.5566,7.0546,0.4899,0.0081
6782,10,10,14,weather_driven,historically_calibrated,0.546785,0.092953,6.6441,7.1127,0.4575,0.0111
6783,10,10,15,weather_driven,historically_calibrated,0.583718,0.099232,6.9487,7.3049,0.3538,0.0024
6784,10,10,16,weather_driven,historically_calibrated,0.634948,0.107941,7.3532,7.5916,0.2346,0.0038
6785,10,10,17,weather_driven,historically_calibrated,0.692375,0.117704,7.784,7.9017,0.1153,0.0024
6786,10,10,18,weather_driven,historically_calibrated,0.73764,0.125399,8.1081,8.1434,0.035,0.0003
6787,10,10,19,weather_driven,historically_calibrated,0.755851,0.128495,8.235,8.235,0.0,0.0
6788,10,10,20,weather_driven,historically_calibrated,0.742649,0.12625,8.1432,8.1433,0.0,0.0
6789,10,10,21,weather_driven,historically_calibrated,0.708416,0.120431,7.9003,7.9006,0.0,0.0003
6790,10,10,22,weather_driven,historically_calibrated,0.665667,0.113163,7.5865,7.5865,0.0,0.0
6791,10,10,23,weather_driven,historically_calibrated,0.626126,0.106441,7.285,7.2853,0.0,0.0003
6792,10,10,24,weather_driven,historically_calibrated,0.455298,0.077401,5.8365,5.8365,0.0,0.0
6793,10,11,1,weather_driven,historically_calibrated,0.423515,0.071998,5.5361,5.5361,0.0,0.0
6794,10,11,2,weather_driven,historically_calibrated,0.423934,0.072069,5.5401,5.5401,0.0,0.0
6795,10,11,3,weather_driven,historically_calibrated,0.425371,0.072313,5.5539,5.5546,0.0,0.0007
6796,10,11,4,weather_driven,historically_calibrated,0.429708,0.07305,5.5955,5.5962,0.0,0.0007
6797,10,11,5,weather_driven,historically_calibrated,0.43941,0.0747,5.6877,5.6901,0.0,0.0024
6798,10,11,6,weather_driven,historically_calibrated,0.456645,0.07763,5.849,5.8547,0.0,0.0057
6799,10,11,7,weather_driven,historically_calibrated,0.625211,0.106286,7.2779,7.286,0.0,0.0081
6800,10,11,8,weather_driven,historically_calibrated,0.644899,0.109633,7.4295,7.4812,0.0324,0.0193
6801,10,11,9,weather_driven,historically_calibrated,0.627342,0.106648,7.2944,7.5625,0.114,0.1541
6802,10,11,10,weather_driven,historically_calibrated,0.585975,0.099616,6.9669,7.489,0.1568,0.3652
6803,10,11,11,weather_driven,historically_calibrated,0.585786,0.099584,6.9654,7.3109,0.2268,0.1187
6804,10,11,12,weather_driven,historically_calibrated,0.575036,0.097756,6.8781,7.1349,0.1918,0.065
6805,10,11,13,weather_driven,historically_calibrated,0.53327,0.090656,6.5297,7.0546,0.0868,0.4381
6806,10,11,14,weather_driven,historically_calibrated,0.554895,0.094332,6.712,7.217,0.0272,0.4779
6807,10,11,15,weather_driven,historically_calibrated,0.600354,0.10206,7.0823,7.4656,0.0181,0.3652
6808,10,11,16,weather_driven,historically_calibrated,0.604601,0.102782,7.116,8.0926,0.0272,0.9494
6809,10,11,17,weather_driven,historically_calibrated,0.737591,0.125391,8.1078,8.655,0.0272,0.52
6810,10,11,18,weather_driven,historically_calibrated,0.883358,0.150171,9.0719,9.0989,0.0078,0.0193
6811,10,11,19,weather_driven,historically_calibrated,0.909424,0.154602,9.2329,9.322,0.0,0.0892
6812,10,11,20,weather_driven,historically_calibrated,0.90165,0.15328,9.1852,9.457,0.0,0.2718
6813,10,11,21,weather_driven,historically_calibrated,0.847854,0.144135,8.8474,9.0015,0.0,0.1541
6814,10,11,22,weather_driven,historically_calibrated,0.790222,0.134338,8.4692,8.5879,0.0,0.1187
6815,10,11,23,weather_driven,historically_calibrated,0.827555,0.140684,8.7162,8.7812,0.0,0.065
6816,10,11,24,weather_driven,historically_calibrated,0.622163,0.105768,7.2541,7.2917,0.0,0.0376
6817,10,12,1,weather_driven,historically_calibrated,0.617377,0.104954,7.2167,7.2412,0.0,0.0245
6818,10,12,2,weather_driven,historically_calibrated,0.64688,0.10997,7.4446,7.4903,0.0,0.0457
6819,10,12,3,weather_driven,historically_calibrated,0.665664,0.113163,7.5864,7.6321,0.0,0.0457
6820,10,12,4,weather_driven,historically_calibrated,0.674402,0.114648,7.6516,7.6892,0.0,0.0376
6821,10,12,5,weather_driven,historically_calibrated,0.659116,0.11205,7.5373,7.5679,0.0,0.0306
6822,10,12,6,weather_driven,historically_calibrated,0.658742,0.111986,7.5345,7.5721,0.0,0.0376
6823,10,12,7,weather_driven,historically_calibrated,0.900624,0.153106,9.1789,9.2095,0.0,0.0306
6824,10,12,8,weather_driven,historically_calibrated,0.953084,0.162024,9.4956,9.5659,0.0156,0.0548
6825,10,12,9,weather_driven,historically_calibrated,0.887331,0.150846,9.0966,9.2263,0.092,0.0376
6826,10,12,10,weather_driven,historically_calibrated,0.901997,0.153339,9.1873,9.6308,0.1426,0.3009
6827,10,12,11,weather_driven,historically_calibrated,0.938028,0.159465,9.406,9.7771,0.197,0.1741
6828,10,12,12,weather_driven,historically_calibrated,0.844764,0.14361,8.8275,9.4894,0.184,0.4779
6829,10,12,13,weather_driven,historically_calibrated,0.736607,0.125223,8.1009,9.3309,0.1452,1.0848
6830,10,12,14,weather_driven,historically_calibrated,0.772177,0.13127,8.3471,9.4599,0.0972,1.0156
6831,10,12,15,weather_driven,historically_calibrated,0.851666,0.144783,8.8718,9.662,0.022,0.7682
6832,10,12,16,weather_driven,historically_calibrated,0.611703,0.103989,7.1721,9.7071,0.0052,2.5298
6833,10,12,17,weather_driven,historically_calibrated,0.680069,0.115612,7.6936,9.9878,0.0052,2.289
6834,10,12,18,weather_driven,historically_calibrated,0.883771,0.150241,9.0745,10.8308,0.0013,1.755
6835,10,12,19,weather_driven,historically_calibrated,0.758618,0.128965,8.2541,11.3149,0.0,3.0608
6836,10,12,20,weather_driven,historically_calibrated,0.514417,0.087451,6.3674,11.0694,0.0,4.702
6837,10,12,21,weather_driven,historically_calibrated,0.335633,0.057058,4.6427,10.5658,0.0,5.9231
6838,10,12,22,weather_driven,historically_calibrated,0.258855,0.044005,3.7728,10.1456,0.0,6.3728
6839,10,12,23,weather_driven,historically_calibrated,0.276657,0.047032,3.983,9.6894,0.0,5.7064
6840,10,12,24,weather_driven,historically_calibrated,0.143894,0.024462,2.2674,7.7625,0.0,5.4951
6841,10,13,1,weather_driven,historically_calibrated,-0.052503,-0.008926,-1.2016,6.9234,0.0,8.125
6842,10,13,2,weather_driven,historically_calibrated,0.107886,0.018341,1.7323,7.2274,0.0,5.4951
6843,10,13,3,weather_driven,historically_calibrated,0.149931,0.025488,2.3538,7.2464,0.0,4.8926
6844,10,13,4,weather_driven,historically_calibrated,0.15912,0.02705,2.4835,7.3761,0.0,4.8926
6845,10,13,5,weather_driven,historically_calibrated,0.209798,0.035666,3.1641,7.4999,0.0,4.3358
6846,10,13,6,weather_driven,historically_calibrated,0.392355,0.0667,5.2304,7.6378,0.0,2.4074
6847,10,13,7,weather_driven,historically_calibrated,0.447095,0.076006,5.76,8.9643,0.0,3.2043
6848,10,13,8,weather_driven,historically_calibrated,0.68112,0.11579,7.7013,8.9521,0.0181,1.2326
6849,10,13,9,weather_driven,historically_calibrated,0.767144,0.130415,8.3127,9.3555,0.0272,1.0156
6850,10,13,10,weather_driven,historically_calibrated,0.836228,0.142159,8.7725,9.0625,0.0181,0.2718
6851,10,13,11,weather_driven,historically_calibrated,0.789642,0.134239,8.4653,8.6497,0.1296,0.0548
6852,10,13,12,weather_driven,historically_calibrated,0.712291,0.12109,7.9282,8.0564,0.1037,0.0245
6853,10,13,13,weather_driven,historically_calibrated,0.642515,0.109228,7.4113,7.7277,0.1205,0.1959
6854,10,13,14,weather_driven,historically_calibrated,0.632805,0.107577,7.3367,7.6954,0.114,0.2447
6855,10,13,15,weather_driven,historically_calibrated,0.71989,0.122381,7.9826,8.0512,0.0648,0.0038
6856,10,13,16,weather_driven,historically_calibrated,0.738741,0.125586,8.1159,8.3159,0.0259,0.1741
6857,10,13,17,weather_driven,historically_calibrated,0.604613,0.102784,7.1161,8.6023,0.0078,1.4784
6858,10,13,18,weather_driven,historically_calibrated,0.615704,0.10467,7.2036,8.8655,0.0026,1.6593
6859,10,13,19,weather_driven,historically_calibrated,0.731647,0.12438,8.066,9.2986,0.0,1.2326
6860,10,13,20,weather_driven,historically_calibrated,0.769649,0.13084,8.3298,9.4147,0.0,1.0848
6861,10,13,21,weather_driven,historically_calibrated,0.752129,0.127862,8.2092,9.2941,0.0,1.0848
6862,10,13,22,weather_driven,historically_calibrated,0.734997,0.124949,8.0896,8.9757,0.0,0.8861
6863,10,13,23,weather_driven,historically_calibrated,0.722148,0.122765,7.9986,8.7668,0.0,0.7682
6864,10,13,24,weather_driven,historically_calibrated,0.544106,0.092498,6.6215,7.1415,0.0,0.52
6865,10,14,1,weather_driven,historically_calibrated,0.559375,0.095094,6.7492,6.9234,0.0,0.1741
6866,10,14,2,weather_driven,historically_calibrated,0.574491,0.097663,6.8737,6.9284,0.0,0.0548
6867,10,14,3,weather_driven,historically_calibrated,0.590984,0.100467,7.0073,7.0965,0.0,0.0892
6868,10,14,4,weather_driven,historically_calibrated,0.586175,0.09965,6.9686,7.3006,0.0,0.332
6869,10,14,5,weather_driven,historically_calibrated,0.624938,0.106239,7.2757,7.5767,0.0,0.3009
6870,10,14,6,weather_driven,historically_calibrated,0.667876,0.113539,7.603,7.8748,0.0,0.2718
6871,10,14,7,weather_driven,historically_calibrated,0.917533,0.155981,9.2823,9.5542,0.0,0.2718
6872,10,14,8,weather_driven,historically_calibrated,0.861206,0.146405,8.9325,9.2044,0.0272,0.2447
6873,10,14,9,weather_driven,historically_calibrated,0.777558,0.132185,8.3837,8.8453,0.1296,0.332
6874,10,14,10,weather_driven,historically_calibrated,0.620805,0.105537,7.2435,8.3046,0.2929,0.7682
6875,10,14,11,weather_driven,historically_calibrated,0.490402,0.083368,6.1559,7.7125,0.4717,1.0848
6876,10,14,12,weather_driven,historically_calibrated,0.422642,0.071849,5.5277,7.2862,0.6013,1.1571
6877,10,14,13,weather_driven,historically_calibrated,0.372798,0.063376,5.0325,6.8234,0.6337,1.1571
6878,10,14,14,weather_driven,historically_calibrated,0.373574,0.063508,5.0405,6.8316,0.5586,1.2326
6879,10,14,15,weather_driven,historically_calibrated,0.432862,0.073587,5.6256,7.1148,0.4044,1.0848
6880,10,14,16,weather_driven,historically_calibrated,0.53972,0.091752,6.5845,7.7013,0.2307,0.8861
6881,10,14,17,weather_driven,historically_calibrated,0.686194,0.116653,7.7387,8.4957,0.0959,0.6611
6882,10,14,18,weather_driven,historically_calibrated,0.801292,0.13622,8.5432,9.0853,0.022,0.52
6883,10,14,19,weather_driven,historically_calibrated,0.898769,0.152791,9.1675,9.6875,0.0,0.52
6884,10,14,20,weather_driven,historically_calibrated,0.935222,0.158988,9.3891,9.9091,0.0,0.52
6885,10,14,21,weather_driven,historically_calibrated,0.952998,0.16201,9.4951,9.8271,0.0,0.332
6886,10,14,22,weather_driven,historically_calibrated,0.931845,0.158414,9.3689,9.4875,0.0,0.1187
6887,10,14,23,weather_driven,historically_calibrated,0.923183,0.156941,9.3166,9.4058,0.0,0.0892
6888,10,14,24,weather_driven,historically_calibrated,0.685626,0.116556,7.7345,7.811,0.0,0.0764
6889,10,15,1,weather_driven,historically_calibrated,0.733582,0.124709,8.0796,8.1344,0.0,0.0548
6890,10,15,2,weather_driven,historically_calibrated,0.769571,0.130827,8.3293,8.3841,0.0,0.0548
6891,10,15,3,weather_driven,historically_calibrated,0.760896,0.129352,8.2698,8.3246,0.0,0.0548
6892,10,15,4,weather_driven,historically_calibrated,0.782438,0.133014,8.4168,8.4279,0.0,0.0111
6893,10,15,5,weather_driven,historically_calibrated,0.796061,0.13533,8.5083,8.5276,0.0,0.0193
6894,10,15,6,weather_driven,historically_calibrated,0.827601,0.140692,8.7165,8.7313,0.0,0.0148
6895,10,15,7,weather_driven,historically_calibrated,1.111332,0.188927,10.3825,10.3849,0.0,0.0024
6896,10,15,8,weather_driven,historically_calibrated,1.016671,0.172834,9.8637,9.8951,0.0311,0.0003
6897,10,15,9,weather_driven,historically_calibrated,0.93248,0.158522,9.3727,9.5036,0.1309,0.0
6898,10,15,10,weather_driven,historically_calibrated,0.855101,0.145367,8.8937,9.0816,0.1879,0.0
6899,10,15,11,weather_driven,historically_calibrated,0.73897,0.125625,8.1175,8.3832,0.2657,0.0
6900,10,15,12,weather_driven,historically_calibrated,0.621622,0.105676,7.2499,7.6581,0.4082,0.0
6901,10,15,13,weather_driven,historically_calibrated,0.539527,0.09172,6.5829,7.0546,0.4717,0.0
6902,10,15,14,weather_driven,historically_calibrated,0.555708,0.09447,6.7187,7.1127,0.394,0.0
6903,10,15,15,weather_driven,historically_calibrated,0.595936,0.101309,7.047,7.3049,0.2579,0.0
6904,10,15,16,weather_driven,historically_calibrated,0.658399,0.111928,7.5319,7.7029,0.1711,0.0
6905,10,15,17,weather_driven,historically_calibrated,0.746533,0.126911,8.1703,8.2494,0.0791,0.0
6906,10,15,18,weather_driven,historically_calibrated,0.838517,0.142548,8.7873,8.8003,0.013,0.0001
6907,10,15,19,weather_driven,historically_calibrated,0.923966,0.157074,9.3213,9.322,0.0,0.0007
6908,10,15,20,weather_driven,historically_calibrated,0.926657,0.157532,9.3376,9.3376,0.0,0.0
6909,10,15,21,weather_driven,historically_calibrated,0.918983,0.156227,9.2911,9.2911,0.0,0.0
6910,10,15,22,weather_driven,historically_calibrated,0.877129,0.149112,9.033,9.033,0.0,0.0
6911,10,15,23,weather_driven,historically_calibrated,0.829333,0.140987,8.7277,8.7277,0.0,0.0
6912,10,15,24,weather_driven,historically_calibrated,0.594427,0.101053,7.0349,7.0349,0.0,0.0
6913,10,16,1,weather_driven,historically_calibrated,0.569798,0.096866,6.8352,6.8352,0.0,0.0
6914,10,16,2,weather_driven,historically_calibrated,0.575371,0.097813,6.8808,6.8808,0.0,0.0
6915,10,16,3,weather_driven,historically_calibrated,0.577582,0.098189,6.8989,6.8989,0.0,0.0
6916,10,16,4,weather_driven,historically_calibrated,0.589024,0.100134,6.9915,6.9915,0.0,0.0
6917,10,16,5,weather_driven,historically_calibrated,0.598454,0.101737,7.0671,7.0671,0.0,0.0
6918,10,16,6,weather_driven,historically_calibrated,0.624399,0.106148,7.2715,7.2715,0.0,0.0
6919,10,16,7,weather_driven,historically_calibrated,0.829464,0.141009,8.7286,8.7286,0.0,0.0
6920,10,16,8,weather_driven,historically_calibrated,0.839349,0.142689,8.7927,8.7978,0.0052,0.0
6921,10,16,9,weather_driven,historically_calibrated,0.814237,0.13842,8.6289,8.6717,0.0428,0.0
6922,10,16,10,weather_driven,historically_calibrated,0.751545,0.127763,8.2052,8.3128,0.1076,0.0
6923,10,16,11,weather_driven,historically_calibrated,0.68348,0.116192,7.7187,7.847,0.1283,0.0
6924,10,16,12,weather_driven,historically_calibrated,0.602266,0.102385,7.0975,7.2919,0.1944,0.0
6925,10,16,13,weather_driven,historically_calibrated,0.566531,0.09631,6.8084,7.0546,0.2462,0.0
6926,10,16,14,weather_driven,historically_calibrated,0.576311,0.097973,6.8885,7.1127,0.2242,0.0
6927,10,16,15,weather_driven,historically_calibrated,0.606851,0.103165,7.1338,7.3049,0.1711,0.0
6928,10,16,16,weather_driven,historically_calibrated,0.650873,0.110648,7.475,7.5916,0.1166,0.0
6929,10,16,17,weather_driven,historically_calibrated,0.699289,0.118879,7.8343,7.9017,0.0674,0.0
6930,10,16,18,weather_driven,historically_calibrated,0.74101,0.125972,8.1318,8.1434,0.0117,0.0
6931,10,16,19,weather_driven,historically_calibrated,0.791322,0.134525,8.4766,8.4766,0.0,0.0
6932,10,16,20,weather_driven,historically_calibrated,0.777326,0.132145,8.3821,8.3821,0.0,0.0
6933,10,16,21,weather_driven,historically_calibrated,0.757769,0.128821,8.2483,8.2483,0.0,0.0
6934,10,16,22,weather_driven,historically_calibrated,0.711188,0.120902,7.9203,7.9203,0.0,0.0
6935,10,16,23,weather_driven,historically_calibrated,0.675434,0.114824,7.6592,7.6592,0.0,0.0
6936,10,16,24,weather_driven,historically_calibrated,0.502654,0.085451,6.2645,6.2645,0.0,0.0
6937,10,17,1,weather_driven,historically_calibrated,0.493741,0.083936,6.1857,6.1857,0.0,0.0
6938,10,17,2,weather_driven,historically_calibrated,0.50344,0.085585,6.2714,6.2714,0.0,0.0
6939,10,17,3,weather_driven,historically_calibrated,0.514636,0.087488,6.3693,6.3693,0.0,0.0
6940,10,17,4,weather_driven,historically_calibrated,0.539325,0.091685,6.5811,6.5811,0.0,0.0
6941,10,17,5,weather_driven,historically_calibrated,0.562493,0.095624,6.775,6.775,0.0,0.0
6942,10,17,6,weather_driven,historically_calibrated,0.586476,0.099701,6.971,6.971,0.0,0.0
6943,10,17,7,weather_driven,historically_calibrated,0.765459,0.130128,8.3012,8.3012,0.0,0.0
6944,10,17,8,weather_driven,historically_calibrated,0.701042,0.119177,7.847,7.8652,0.0181,0.0
6945,10,17,9,weather_driven,historically_calibrated,0.648922,0.110317,7.4601,7.5625,0.1024,0.0
6946,10,17,10,weather_driven,historically_calibrated,0.625028,0.106255,7.2764,7.489,0.2125,0.0
6947,10,17,11,weather_driven,historically_calibrated,0.599444,0.101906,7.075,7.3109,0.2359,0.0
6948,10,17,12,weather_driven,historically_calibrated,0.57395,0.097571,6.8692,7.1349,0.2657,0.0
6949,10,17,13,weather_driven,historically_calibrated,0.553091,0.094025,6.6969,7.0546,0.3577,0.0
6950,10,17,14,weather_driven,historically_calibrated,0.55711,0.094709,6.7304,7.1127,0.3823,0.0
6951,10,17,15,weather_driven,historically_calibrated,0.591559,0.100565,7.0119,7.3049,0.2929,0.0001
6952,10,17,16,weather_driven,historically_calibrated,0.641961,0.109133,7.407,7.5916,0.1788,0.0057
6953,10,17,17,weather_driven,historically_calibrated,0.699097,0.118847,7.8329,7.9017,0.0674,0.0014
6954,10,17,18,weather_driven,historically_calibrated,0.740825,0.12594,8.1305,8.1434,0.013,0.0
6955,10,17,19,weather_driven,historically_calibrated,0.755853,0.128495,8.235,8.235,0.0,0.0
6956,10,17,20,weather_driven,historically_calibrated,0.742638,0.126249,8.1432,8.1433,0.0,0.0001
6957,10,17,21,weather_driven,historically_calibrated,0.708456,0.120438,7.9006,7.9006,0.0,0.0
6958,10,17,22,weather_driven,historically_calibrated,0.665573,0.113147,7.5858,7.5865,0.0,0.0007
6959,10,17,23,weather_driven,historically_calibrated,0.625119,0.10627,7.2771,7.2853,0.0,0.0081
6960,10,17,24,weather_driven,historically_calibrated,0.454683,0.077296,5.8308,5.8365,0.0,0.0057
6961,10,18,1,weather_driven,historically_calibrated,0.421517,0.071658,5.5168,5.5361,0.0,0.0193
6962,10,18,2,weather_driven,historically_calibrated,0.422778,0.071872,5.529,5.5401,0.0,0.0111
6963,10,18,3,weather_driven,historically_calibrated,0.428531,0.07285,5.5842,5.5954,0.0,0.0111
6964,10,18,4,weather_driven,historically_calibrated,0.448901,0.076313,5.7769,5.8014,0.0,0.0245
6965,10,18,5,weather_driven,historically_calibrated,0.456309,0.077573,5.8459,5.857,0.0,0.0111
6966,10,18,6,weather_driven,historically_calibrated,0.478621,0.081366,6.0501,6.0694,0.0,0.0193
6967,10,18,7,weather_driven,historically_calibrated,0.624349,0.106139,7.2711,7.286,0.0,0.0148
6968,10,18,8,weather_driven,historically_calibrated,0.647691,0.110107,7.4508,7.4812,0.0156,0.0148
6969,10,18,9,weather_driven,historically_calibrated,0.641143,0.108994,7.4008,7.5625,0.0726,0.0892
6970,10,18,10,weather_driven,historically_calibrated,0.627673,0.106704,7.297,7.489,0.127,0.065
6971,10,18,11,weather_driven,historically_calibrated,0.592129,0.100662,7.0165,7.3109,0.0985,0.1959
6972,10,18,12,weather_driven,historically_calibrated,0.570486,0.096983,6.8409,7.1349,0.14,0.1541
6973,10,18,13,weather_driven,historically_calibrated,0.526492,0.089504,6.4717,7.0546,0.311,0.2718
6974,10,18,14,weather_driven,historically_calibrated,0.522332,0.088796,6.4359,7.1127,0.3447,0.332
6975,10,18,15,weather_driven,historically_calibrated,0.511178,0.0869,6.3392,7.3049,0.3046,0.6611
6976,10,18,16,weather_driven,historically_calibrated,0.574186,0.097612,6.8712,7.5916,0.1089,0.6116
6977,10,18,17,weather_driven,historically_calibrated,0.682833,0.116082,7.714,7.9017,0.0337,0.1541
6978,10,18,18,weather_driven,historically_calibrated,0.739641,0.125739,8.1222,8.1434,0.0156,0.0057
6979,10,18,19,weather_driven,historically_calibrated,0.845941,0.14381,8.8351,8.8389,0.0,0.0038
6980,10,18,20,weather_driven,historically_calibrated,0.871168,0.148099,8.9955,9.0987,0.0,0.1032
6981,10,18,21,weather_driven,historically_calibrated,0.883382,0.150175,9.0721,9.1753,0.0,0.1032
6982,10,18,22,weather_driven,historically_calibrated,0.856469,0.1456,8.9024,8.9217,0.0,0.0193
6983,10,18,23,weather_driven,historically_calibrated,0.825799,0.140386,8.7047,8.7812,0.0,0.0764
6984,10,18,24,weather_driven,historically_calibrated,0.586345,0.099679,6.9699,7.0349,0.0,0.065
6985,10,19,1,weather_driven,historically_calibrated,0.551205,0.093705,6.6812,6.8352,0.0,0.1541
6986,10,19,2,weather_driven,historically_calibrated,0.574402,0.097648,6.8729,6.9621,0.0,0.0892
6987,10,19,3,weather_driven,historically_calibrated,0.596033,0.101326,7.0478,7.1025,0.0,0.0548
6988,10,19,4,weather_driven,historically_calibrated,0.618643,0.105169,7.2266,7.2378,0.0,0.0111
6989,10,19,5,weather_driven,historically_calibrated,0.66872,0.113682,7.6093,7.6096,0.0,0.0003
6990,10,19,6,weather_driven,historically_calibrated,0.710531,0.12079,7.9156,7.9156,0.0,0.0
6991,10,19,7,weather_driven,historically_calibrated,0.940911,0.159955,9.4232,9.4232,0.0,0.0
6992,10,19,8,weather_driven,historically_calibrated,0.888673,0.151074,9.105,9.127,0.022,0.0
6993,10,19,9,weather_driven,historically_calibrated,0.834705,0.1419,8.7626,8.8935,0.1309,0.0
6994,10,19,10,weather_driven,historically_calibrated,0.732462,0.124519,8.0717,8.3128,0.2411,0.0
6995,10,19,11,weather_driven,historically_calibrated,0.637294,0.10834,7.3713,7.6862,0.3149,0.0
6996,10,19,12,weather_driven,historically_calibrated,0.559939,0.09519,6.7539,7.1349,0.381,0.0
6997,10,19,13,weather_driven,historically_calibrated,0.545361,0.092711,6.6321,7.0546,0.4225,0.0
6998,10,19,14,weather_driven,historically_calibrated,0.556401,0.094588,6.7245,7.1127,0.3875,0.0007
6999,10,19,15,weather_driven,historically_calibrated,0.591579,0.100568,7.0121,7.3049,0.289,0.0038
7000,10,19,16,weather_driven,historically_calibrated,0.640345,0.108859,7.3947,7.5916,0.1931,0.0038
7001,10,19,17,weather_driven,historically_calibrated,0.710665,0.120813,7.9165,8.0176,0.1011,0.0
7002,10,19,18,weather_driven,historically_calibrated,0.828921,0.140917,8.7251,8.7406,0.0156,0.0
7003,10,19,19,weather_driven,historically_calibrated,0.9442,0.160514,9.4428,9.4428,0.0,0.0
7004,10,19,20,weather_driven,historically_calibrated,0.977031,0.166095,9.6362,9.6362,0.0,0.0
7005,10,19,21,weather_driven,historically_calibrated,0.98747,0.16787,9.6967,9.6967,0.0,0.0
7006,10,19,22,weather_driven,historically_calibrated,0.959527,0.16312,9.5337,9.5337,0.0,0.0
7007,10,19,23,weather_driven,historically_calibrated,0.931844,0.158413,9.3689,9.3689,0.0,0.0
7008,10,19,24,weather_driven,historically_calibrated,0.666308,0.113272,7.5913,7.5913,0.0,0.0001
7009,10,20,1,weather_driven,historically_calibrated,0.571436,0.097144,6.8487,6.8487,0.0,0.0
7010,10,20,2,weather_driven,historically_calibrated,0.590469,0.10038,7.0032,7.0032,0.0,0.0
7011,10,20,3,weather_driven,historically_calibrated,0.602139,0.102364,7.0965,7.0965,0.0,0.0
7012,10,20,4,weather_driven,historically_calibrated,0.628141,0.106784,7.3006,7.3006,0.0,0.0
7013,10,20,5,weather_driven,historically_calibrated,0.659248,0.112072,7.5383,7.5383,0.0,0.0
7014,10,20,6,weather_driven,historically_calibrated,0.688595,0.117061,7.7563,7.7563,0.0,0.0
7015,10,20,7,weather_driven,historically_calibrated,0.921825,0.15671,9.3084,9.3084,0.0,0.0
7016,10,20,8,weather_driven,historically_calibrated,0.844801,0.143616,8.8278,8.8511,0.0233,0.0
7017,10,20,9,weather_driven,historically_calibrated,0.768664,0.130673,8.3231,8.4372,0.114,0.0
7018,10,20,10,weather_driven,historically_calibrated,0.678242,0.115301,7.6801,7.9004,0.2203,0.0
7019,10,20,11,weather_driven,historically_calibrated,0.564635,0.095988,6.7927,7.1206,0.3279,0.0
7020,10,20,12,weather_driven,historically_calibrated,0.493599,0.083912,6.1844,6.5641,0.3797,0.0
7021,10,20,13,weather_driven,historically_calibrated,0.489236,0.08317,6.1455,6.4902,0.3447,0.0
7022,10,20,14,weather_driven,historically_calibrated,0.499044,0.084837,6.2327,6.5437,0.311,0.0
7023,10,20,15,weather_driven,historically_calibrated,0.526183,0.089451,6.4691,6.7205,0.2514,0.0
7024,10,20,16,weather_driven,historically_calibrated,0.569348,0.096789,6.8315,6.9843,0.1503,0.0024
7025,10,20,17,weather_driven,historically_calibrated,0.612018,0.104043,7.1746,7.2696,0.0868,0.0081
7026,10,20,18,weather_driven,historically_calibrated,0.651141,0.110694,7.477,7.492,0.0143,0.0007
7027,10,20,19,weather_driven,historically_calibrated,0.740973,0.125965,8.1315,8.1318,0.0,0.0003
7028,10,20,20,weather_driven,historically_calibrated,0.75926,0.129074,8.2585,8.261,0.0,0.0024
7029,10,20,21,weather_driven,historically_calibrated,0.746344,0.126878,8.169,8.1747,0.0,0.0057
7030,10,20,22,weather_driven,historically_calibrated,0.700911,0.119155,7.8461,7.9009,0.0,0.0548
7031,10,20,23,weather_driven,historically_calibrated,0.670356,0.11396,7.6215,7.6363,0.0,0.0148
7032,10,20,24,weather_driven,historically_calibrated,0.494531,0.08407,6.1927,6.1965,0.0,0.0038
7033,10,21,1,weather_driven,historically_calibrated,0.475167,0.080778,6.0188,6.027,0.0,0.0081
7034,10,21,2,weather_driven,historically_calibrated,0.483186,0.082142,6.0913,6.1061,0.0,0.0148
7035,10,21,3,weather_driven,historically_calibrated,0.489152,0.083156,6.1448,6.1596,0.0,0.0148
7036,10,21,4,weather_driven,historically_calibrated,0.496012,0.084322,6.2058,6.2434,0.0,0.0376
7037,10,21,5,weather_driven,historically_calibrated,0.516622,0.087826,6.3866,6.3866,0.0,0.0
7038,10,21,6,weather_driven,historically_calibrated,0.536416,0.091191,6.5565,6.5713,0.0,0.0148
7039,10,21,7,weather_driven,historically_calibrated,0.684968,0.116445,7.7297,7.7354,0.0,0.0057
7040,10,21,8,weather_driven,historically_calibrated,0.656742,0.111646,7.5194,7.5388,0.0194,0.0
7041,10,21,9,weather_driven,historically_calibrated,0.662705,0.11266,7.5643,7.6718,0.1076,0.0
7042,10,21,10,weather_driven,historically_calibrated,0.556805,0.094657,6.7279,6.8899,0.162,0.0
7043,10,21,11,weather_driven,historically_calibrated,0.522305,0.088792,6.4357,6.726,0.2903,0.0
7044,10,21,12,weather_driven,historically_calibrated,0.497689,0.084607,6.2207,6.5641,0.3434,0.0
7045,10,21,13,weather_driven,historically_calibrated,0.488801,0.083096,6.1416,6.4902,0.3486,0.0
7046,10,21,14,weather_driven,historically_calibrated,0.496408,0.084389,6.2093,6.5437,0.3344,0.0
7047,10,21,15,weather_driven,historically_calibrated,0.525732,0.089374,6.4652,6.7205,0.2553,0.0
7048,10,21,16,weather_driven,historically_calibrated,0.565509,0.096137,6.7999,6.9843,0.184,0.0003
7049,10,21,17,weather_driven,historically_calibrated,0.613378,0.104274,7.1853,7.2696,0.0842,0.0
7050,10,21,18,weather_driven,historically_calibrated,0.651195,0.110703,7.4774,7.492,0.0143,0.0003
7051,10,21,19,weather_driven,historically_calibrated,0.693247,0.117852,7.7903,7.7985,0.0,0.0081
7052,10,21,20,weather_driven,historically_calibrated,0.725425,0.123322,8.0219,8.0412,0.0,0.0193
7053,10,21,21,weather_driven,historically_calibrated,0.713523,0.121299,7.937,7.9615,0.0,0.0245
7054,10,21,22,weather_driven,historically_calibrated,0.699359,0.118891,7.8348,7.8497,0.0,0.0148
7055,10,21,23,weather_driven,historically_calibrated,0.678458,0.115338,7.6816,7.6855,0.0,0.0038
7056,10,21,24,weather_driven,historically_calibrated,0.498488,0.084743,6.2278,6.2359,0.0,0.0081
7057,10,22,1,weather_driven,historically_calibrated,0.539889,0.091781,6.5859,6.5916,0.0,0.0057
7058,10,22,2,weather_driven,historically_calibrated,0.549823,0.09347,6.6696,6.6777,0.0,0.0081
7059,10,22,3,weather_driven,historically_calibrated,0.537049,0.091298,6.5619,6.573,0.0,0.0111
7060,10,22,4,weather_driven,historically_calibrated,0.516603,0.087823,6.3864,6.417,0.0,0.0306
7061,10,22,5,weather_driven,historically_calibrated,0.531152,0.090296,6.5116,6.5664,0.0,0.0548
7062,10,22,6,weather_driven,historically_calibrated,0.55655,0.094613,6.7257,6.7563,0.0,0.0306
7063,10,22,7,weather_driven,historically_calibrated,0.759986,0.129198,8.2635,8.3012,0.0,0.0376
7064,10,22,8,weather_driven,historically_calibrated,0.762521,0.129629,8.281,8.359,0.013,0.065
7065,10,22,9,weather_driven,historically_calibrated,0.735306,0.125002,8.0917,8.228,0.0713,0.065
7066,10,22,10,weather_driven,historically_calibrated,0.659912,0.112185,7.5433,7.7636,0.1439,0.0764
7067,10,22,11,weather_driven,historically_calibrated,0.593744,0.100937,7.0295,7.3109,0.2164,0.065
7068,10,22,12,weather_driven,historically_calibrated,0.561506,0.095456,6.7669,7.1349,0.2916,0.0764
7069,10,22,13,weather_driven,historically_calibrated,0.551261,0.093714,6.6816,7.0546,0.2838,0.0892
7070,10,22,14,weather_driven,historically_calibrated,0.567676,0.096505,6.8178,7.1127,0.1763,0.1187
7071,10,22,15,weather_driven,historically_calibrated,0.633748,0.107737,7.344,7.6263,0.1283,0.1541
7072,10,22,16,weather_driven,historically_calibrated,0.700634,0.119108,7.8441,8.1483,0.0324,0.2718
7073,10,22,17,weather_driven,historically_calibrated,0.756187,0.128552,8.2373,8.4812,0.048,0.1959
7074,10,22,18,weather_driven,historically_calibrated,0.81569,0.138667,8.6385,8.8003,0.0078,0.1541
7075,10,22,19,weather_driven,historically_calibrated,0.926523,0.157509,9.3368,9.3824,0.0,0.0457
7076,10,22,20,weather_driven,historically_calibrated,0.925513,0.157337,9.3307,9.6959,0.0,0.3652
7077,10,22,21,weather_driven,historically_calibrated,0.894819,0.152119,9.1431,9.7546,0.0,0.6116
7078,10,22,22,weather_driven,historically_calibrated,0.860878,0.146349,8.9305,9.7562,0.0,0.8257
7079,10,22,23,weather_driven,historically_calibrated,0.806788,0.137154,8.5797,9.5291,0.0,0.9494
7080,10,22,24,weather_driven,historically_calibrated,0.555921,0.094506,6.7205,7.8054,0.0,1.0848
7081,10,23,1,weather_driven,historically_calibrated,0.515173,0.087579,6.374,7.6066,0.0,1.2326
7082,10,23,2,weather_driven,historically_calibrated,0.525521,0.089339,6.4634,7.7746,0.0,1.3112
7083,10,23,3,weather_driven,historically_calibrated,0.527398,0.089658,6.4795,7.958,0.0,1.4784
7084,10,23,4,weather_driven,historically_calibrated,0.584188,0.099312,6.9525,8.2637,0.0,1.3112
7085,10,23,5,weather_driven,historically_calibrated,0.652126,0.110862,7.4845,8.5693,0.0,1.0848
7086,10,23,6,weather_driven,historically_calibrated,0.712592,0.121141,7.9304,8.946,0.0,1.0156
7087,10,23,7,weather_driven,historically_calibrated,1.042847,0.177284,10.0105,11.0261,0.0,1.0156
7088,10,23,8,weather_driven,historically_calibrated,0.976308,0.165972,9.632,10.6631,0.0156,1.0156
7089,10,23,9,weather_driven,historically_calibrated,0.929668,0.158043,9.3558,10.28,0.0985,0.8257
7090,10,23,10,weather_driven,historically_calibrated,0.820946,0.139561,8.673,9.8505,0.2281,0.9494
7091,10,23,11,weather_driven,historically_calibrated,0.685264,0.116495,7.7319,9.1874,0.3707,1.0848
7092,10,23,12,weather_driven,historically_calibrated,0.560849,0.095344,6.7614,8.6523,0.4977,1.3932
7093,10,23,13,weather_driven,historically_calibrated,0.477886,0.081241,6.0435,8.2445,0.5417,1.6593
7094,10,23,14,weather_driven,historically_calibrated,0.481461,0.081848,6.0757,8.2081,0.473,1.6593
7095,10,23,15,weather_driven,historically_calibrated,0.517636,0.087998,6.3954,8.4834,0.3331,1.755
7096,10,23,16,weather_driven,historically_calibrated,0.641619,0.109075,7.4044,9.1504,0.1788,1.5671
7097,10,23,17,weather_driven,historically_calibrated,0.816194,0.138753,8.6418,10.1037,0.0687,1.3932
7098,10,23,18,weather_driven,historically_calibrated,0.994436,0.169054,9.7369,10.8308,0.0091,1.0848
7099,10,23,19,weather_driven,historically_calibrated,1.129885,0.19208,10.4805,11.4961,0.0,1.0156
7100,10,23,20,weather_driven,historically_calibrated,1.199972,0.203995,10.8401,11.7263,0.0,0.8861
7101,10,23,21,weather_driven,historically_calibrated,1.176711,0.200041,10.7225,11.6087,0.0,0.8861
7102,10,23,22,weather_driven,historically_calibrated,1.116436,0.189794,10.4096,11.4252,0.0,1.0156
7103,10,23,23,weather_driven,historically_calibrated,1.083965,0.184274,10.2359,11.1853,0.0,0.9494
7104,10,23,24,weather_driven,historically_calibrated,0.791479,0.134552,8.4776,9.3034,0.0,0.8257
7105,10,24,1,weather_driven,historically_calibrated,0.747656,0.127102,8.1782,8.9463,0.0,0.7682
7106,10,24,2,weather_driven,historically_calibrated,0.774281,0.131628,8.3614,9.0747,0.0,0.7133
7107,10,24,3,weather_driven,historically_calibrated,0.816079,0.138733,8.6411,9.3022,0.0,0.6611
7108,10,24,4,weather_driven,historically_calibrated,0.8504,0.144568,8.8637,9.577,0.0,0.7133
7109,10,24,5,weather_driven,historically_calibrated,0.884473,0.15036,9.0789,9.9046,0.0,0.8257
7110,10,24,6,weather_driven,historically_calibrated,0.917908,0.156044,9.2846,10.234,0.0,0.9494
7111,10,24,7,weather_driven,historically_calibrated,1.411861,0.240016,11.8399,12.7893,0.0,0.9494
7112,10,24,8,weather_driven,historically_calibrated,1.33048,0.226182,11.4703,12.309,0.013,0.8257
7113,10,24,9,weather_driven,historically_calibrated,1.237322,0.210345,11.0255,11.8883,0.0946,0.7682
7114,10,24,10,weather_driven,historically_calibrated,1.029865,0.175077,9.938,11.0587,0.2346,0.8861
7115,10,24,11,weather_driven,historically_calibrated,0.82322,0.139947,8.6879,10.0988,0.3953,1.0156
7116,10,24,12,weather_driven,historically_calibrated,0.665347,0.113109,7.5841,9.3325,0.5158,1.2326
7117,10,24,13,weather_driven,historically_calibrated,0.564399,0.095948,6.7908,8.8136,0.5443,1.4784
7118,10,24,14,weather_driven,historically_calibrated,0.552359,0.093901,6.6908,8.7297,0.4717,1.5671
7119,10,24,15,weather_driven,historically_calibrated,0.623735,0.106035,7.2664,9.0727,0.3279,1.4784
7120,10,24,16,weather_driven,historically_calibrated,0.778182,0.132291,8.3879,9.8741,0.175,1.3112
7121,10,24,17,weather_driven,historically_calibrated,0.986598,0.167722,9.6917,10.9149,0.0661,1.1571
7122,10,24,18,weather_driven,historically_calibrated,1.138524,0.193549,10.5257,11.846,0.0091,1.3112
7123,10,24,19,weather_driven,historically_calibrated,1.242026,0.211144,11.0486,12.2812,0.0,1.2326
7124,10,24,20,weather_driven,historically_calibrated,1.271463,0.216149,11.1914,12.5026,0.0,1.3112
7125,10,24,21,weather_driven,historically_calibrated,1.220257,0.207444,10.9413,12.4198,0.0,1.4784
7126,10,24,22,weather_driven,historically_calibrated,1.276147,0.216945,11.2139,12.371,0.0,1.1571
7127,10,24,23,weather_driven,historically_calibrated,1.298688,0.220777,11.3212,12.147,0.0,0.8257
7128,10,24,24,weather_driven,historically_calibrated,0.893424,0.151882,9.1344,9.9026,0.0,0.7682
7129,10,25,1,weather_driven,historically_calibrated,0.834421,0.141852,8.7608,9.4741,0.0,0.7133
7130,10,25,2,weather_driven,historically_calibrated,0.862659,0.146652,8.9418,9.6029,0.0,0.6611
7131,10,25,3,weather_driven,historically_calibrated,0.886122,0.150641,9.0891,9.7503,0.0,0.6611
7132,10,25,4,weather_driven,historically_calibrated,0.926189,0.157452,9.3348,9.9463,0.0,0.6116
7133,10,25,5,weather_driven,historically_calibrated,1.079372,0.183493,10.211,10.8226,0.0,0.6116
7134,10,25,6,weather_driven,historically_calibrated,1.136946,0.193281,10.5174,11.1786,0.0,0.6611
7135,10,25,7,weather_driven,historically_calibrated,1.554545,0.264273,12.45,13.1633,0.0,0.7133
7136,10,25,8,weather_driven,historically_calibrated,1.542844,0.262283,12.4017,13.0771,0.0143,0.6611
7137,10,25,9,weather_driven,historically_calibrated,1.423494,0.241994,11.8914,12.6092,0.1063,0.6116
7138,10,25,10,weather_driven,historically_calibrated,1.240061,0.21081,11.039,11.8825,0.232,0.6116
7139,10,25,11,weather_driven,historically_calibrated,1.05591,0.179505,10.0828,10.9566,0.3538,0.52
7140,10,25,12,weather_driven,historically_calibrated,0.891183,0.151501,9.1206,10.065,0.4666,0.4779
7141,10,25,13,weather_driven,historically_calibrated,0.790029,0.134305,8.4679,9.4344,0.4886,0.4779
7142,10,25,14,weather_driven,historically_calibrated,0.777116,0.13211,8.3807,9.3556,0.4549,0.52
7143,10,25,15,weather_driven,historically_calibrated,0.846302,0.143871,8.8374,9.7691,0.3201,0.6116
7144,10,25,16,weather_driven,historically_calibrated,0.994102,0.168997,9.7349,10.5422,0.1957,0.6116
7145,10,25,17,weather_driven,historically_calibrated,1.288626,0.219066,11.2735,11.842,0.0907,0.4779
7146,10,25,18,weather_driven,historically_calibrated,1.469814,0.249868,12.0933,12.6223,0.0091,0.52
7147,10,25,19,weather_driven,historically_calibrated,1.615219,0.274587,12.6962,13.3078,0.0,0.6116
7148,10,25,20,weather_driven,historically_calibrated,1.640573,0.278897,12.7969,13.4581,0.0,0.6611
7149,10,25,21,weather_driven,historically_calibrated,1.612578,0.274138,12.6857,13.3468,0.0,0.6611
7150,10,25,22,weather_driven,historically_calibrated,1.794313,0.305033,13.3824,14.0957,0.0,0.7133
7151,10,25,23,weather_driven,historically_calibrated,1.767476,0.300471,13.2831,13.8031,0.0,0.52
7152,10,25,24,weather_driven,historically_calibrated,1.213348,0.206269,10.907,11.2722,0.0,0.3652
7153,10,26,1,weather_driven,historically_calibrated,1.114737,0.189505,10.4006,10.7326,0.0,0.332
7154,10,26,2,weather_driven,historically_calibrated,1.177045,0.200098,10.7242,10.9436,0.0,0.2194
7155,10,26,3,weather_driven,historically_calibrated,1.216025,0.206724,10.9203,11.0945,0.0,0.1741
7156,10,26,4,weather_driven,historically_calibrated,1.248717,0.212282,11.0812,11.3006,0.0,0.2194
7157,10,26,5,weather_driven,historically_calibrated,1.309187,0.222562,11.3708,11.6154,0.0,0.2447
7158,10,26,6,weather_driven,historically_calibrated,1.391648,0.23658,11.7497,11.9943,0.0,0.2447
7159,10,26,7,weather_driven,historically_calibrated,1.941717,0.330092,13.9067,14.1785,0.0,0.2718
7160,10,26,8,weather_driven,historically_calibrated,1.882031,0.319945,13.6984,14.0097,0.0104,0.3009
7161,10,26,9,weather_driven,historically_calibrated,1.72809,0.293775,13.1353,13.4966,0.0894,0.2718
7162,10,26,10,weather_driven,historically_calibrated,1.463836,0.248852,12.0675,12.5415,0.2294,0.2447
7163,10,26,11,weather_driven,historically_calibrated,1.240581,0.210899,11.0415,11.6536,0.3927,0.2194
7164,10,26,12,weather_driven,historically_calibrated,1.043224,0.177348,10.0126,10.7452,0.5132,0.2194
7165,10,26,13,weather_driven,historically_calibrated,0.915518,0.155638,9.2701,10.0552,0.5404,0.2447
7166,10,26,14,weather_driven,historically_calibrated,0.902587,0.15344,9.191,9.9294,0.4666,0.2718
7167,10,26,15,weather_driven,historically_calibrated,0.973941,0.16557,9.6182,10.3048,0.3214,0.3652
7168,10,26,16,weather_driven,historically_calibrated,1.186461,0.201698,10.772,11.3773,0.1672,0.4381
7169,10,26,17,weather_driven,historically_calibrated,1.525493,0.259334,12.3295,12.8271,0.0596,0.4381
7170,10,26,18,weather_driven,historically_calibrated,1.694418,0.288051,13.0068,13.5778,0.0065,0.5645
7171,10,26,19,weather_driven,historically_calibrated,1.712905,0.291194,13.0776,13.7909,0.0,0.7133
7172,10,26,20,weather_driven,historically_calibrated,1.720872,0.292548,13.108,13.8761,0.0,0.7682
7173,10,26,21,weather_driven,historically_calibrated,2.008664,0.341473,14.1341,14.7953,0.0,0.6611
7174,10,26,22,weather_driven,historically_calibrated,1.901895,0.323322,13.7683,14.4295,0.0,0.6611
7175,10,26,23,weather_driven,historically_calibrated,1.816253,0.308763,13.4626,14.1237,0.0,0.6611
7176,10,26,24,weather_driven,historically_calibrated,1.206863,0.205167,10.8747,11.4862,0.0,0.6116
7177,10,27,1,weather_driven,historically_calibrated,0.960733,0.163325,9.5408,10.0608,0.0,0.52
7178,10,27,2,weather_driven,historically_calibrated,0.995365,0.169212,9.7422,10.1802,0.0,0.4381
7179,10,27,3,weather_driven,historically_calibrated,1.019787,0.173364,9.8813,10.3194,0.0,0.4381
7180,10,27,4,weather_driven,historically_calibrated,1.039924,0.176787,9.9942,10.4721,0.0,0.4779
7181,10,27,5,weather_driven,historically_calibrated,1.061407,0.180439,10.113,10.7246,0.0,0.6116
7182,10,27,6,weather_driven,historically_calibrated,1.102246,0.187382,10.3341,10.9953,0.0,0.6611
7183,10,27,7,weather_driven,historically_calibrated,1.526567,0.259516,12.3339,12.9951,0.0,0.6611
7184,10,27,8,weather_driven,historically_calibrated,1.487108,0.252808,12.1674,12.788,0.0091,0.6116
7185,10,27,9,weather_driven,historically_calibrated,1.308069,0.222372,11.3655,12.1617,0.0829,0.7133
7186,10,27,10,weather_driven,historically_calibrated,1.064251,0.180923,10.1286,11.2351,0.2203,0.8861
7187,10,27,11,weather_driven,historically_calibrated,0.871698,0.148189,8.9988,10.3267,0.3784,0.9494
7188,10,27,12,weather_driven,historically_calibrated,0.756362,0.128581,8.2385,9.5005,0.4938,0.7682
7189,10,27,13,weather_driven,historically_calibrated,0.655732,0.111474,7.5118,8.9176,0.5197,0.8861
7190,10,27,14,weather_driven,historically_calibrated,0.622738,0.105866,7.2586,8.6551,0.4471,0.9494
7191,10,27,15,weather_driven,historically_calibrated,0.680537,0.115691,7.697,8.889,0.3059,0.8861
7192,10,27,16,weather_driven,historically_calibrated,0.84339,0.143376,8.8187,9.8013,0.1568,0.8257
7193,10,27,17,weather_driven,historically_calibrated,1.063504,0.180796,10.1245,10.8414,0.0557,0.6611
7194,10,27,18,weather_driven,historically_calibrated,1.156599,0.196622,10.6194,11.3928,0.0052,0.7682
7195,10,27,19,weather_driven,historically_calibrated,1.201796,0.204305,10.8493,11.7987,0.0,0.9494
7196,10,27,20,weather_driven,historically_calibrated,1.30236,0.221401,11.3386,12.1067,0.0,0.7682
7197,10,27,21,weather_driven,historically_calibrated,1.321417,0.224641,11.4281,11.9059,0.0,0.4779
7198,10,27,22,weather_driven,historically_calibrated,1.308051,0.222369,11.3654,11.6372,0.0,0.2718
7199,10,27,23,weather_driven,historically_calibrated,1.276958,0.217083,11.2177,11.3718,0.0,0.1541
7200,10,27,24,weather_driven,historically_calibrated,1.011801,0.172006,9.8361,10.0554,0.0,0.2194
7201,10,28,1,weather_driven,historically_calibrated,0.83589,0.142101,8.7703,9.015,0.0,0.2447
7202,10,28,2,weather_driven,historically_calibrated,0.852471,0.14492,8.8769,9.0963,0.0,0.2194
7203,10,28,3,weather_driven,historically_calibrated,0.967936,0.164549,9.5831,9.7572,0.0,0.1741
7204,10,28,4,weather_driven,historically_calibrated,1.003612,0.170614,9.7894,9.9435,0.0,0.1541
7205,10,28,5,weather_driven,historically_calibrated,1.043295,0.17736,10.013,10.1871,0.0,0.1741
7206,10,28,6,weather_driven,historically_calibrated,1.100608,0.187103,10.3254,10.5213,0.0,0.1959
7207,10,28,7,weather_driven,historically_calibrated,1.50859,0.25646,12.2585,12.4544,0.0,0.1959
7208,10,28,8,weather_driven,historically_calibrated,1.484639,0.252389,12.1568,12.2833,0.0078,0.1187
7209,10,28,9,weather_driven,historically_calibrated,1.303562,0.221606,11.3443,11.4985,0.0778,0.0764
7210,10,28,10,weather_driven,historically_calibrated,1.161409,0.197439,10.6442,10.9319,0.2112,0.0764
7211,10,28,11,weather_driven,historically_calibrated,0.985424,0.167522,9.6849,10.1294,0.3681,0.0764
7212,10,28,12,weather_driven,historically_calibrated,0.847381,0.144055,8.8443,9.4042,0.4834,0.0764
7213,10,28,13,weather_driven,historically_calibrated,0.761141,0.129394,8.2715,8.87,0.5093,0.0892
7214,10,28,14,weather_driven,historically_calibrated,0.743287,0.126359,8.1477,8.7031,0.4368,0.1187
7215,10,28,15,weather_driven,historically_calibrated,0.795504,0.135236,8.5046,8.9383,0.2981,0.1356
7216,10,28,16,weather_driven,historically_calibrated,0.958126,0.162881,9.5254,9.8525,0.1529,0.1741
7217,10,28,17,weather_driven,historically_calibrated,1.176355,0.19998,10.7207,10.948,0.0531,0.1741
7218,10,28,18,weather_driven,historically_calibrated,1.318141,0.224084,11.4128,11.6125,0.0039,0.1959
7219,10,28,19,weather_driven,historically_calibrated,1.420451,0.241477,11.878,12.2432,0.0,0.3652
7220,10,28,20,weather_driven,historically_calibrated,1.46924,0.249771,12.0908,12.4913,0.0,0.4005
7221,10,28,21,weather_driven,historically_calibrated,1.436276,0.244167,11.9476,12.3857,0.0,0.4381
7222,10,28,22,weather_driven,historically_calibrated,1.589436,0.270204,12.5925,13.0704,0.0,0.4779
7223,10,28,23,weather_driven,historically_calibrated,1.534852,0.260925,12.3685,12.8464,0.0,0.4779
7224,10,28,24,weather_driven,historically_calibrated,1.063296,0.18076,10.1234,10.4886,0.0,0.3652
7225,10,29,1,weather_driven,historically_calibrated,1.143866,0.194457,10.5535,10.8544,0.0,0.3009
7226,10,29,2,weather_driven,historically_calibrated,1.193082,0.202824,10.8055,11.0249,0.0,0.2194
7227,10,29,3,weather_driven,historically_calibrated,1.228083,0.208774,10.9801,11.176,0.0,0.1959
7228,10,29,4,weather_driven,historically_calibrated,1.27417,0.216609,11.2044,11.4237,0.0,0.2194
7229,10,29,5,weather_driven,historically_calibrated,1.327022,0.225594,11.4542,11.6989,0.0,0.2447
7230,10,29,6,weather_driven,historically_calibrated,1.404771,0.238811,11.8084,12.0802,0.0,0.2718
7231,10,29,7,weather_driven,historically_calibrated,2.020256,0.343444,14.1729,14.3922,0.0,0.2194
7232,10,29,8,weather_driven,historically_calibrated,1.993055,0.338819,14.0817,14.284,0.0065,0.1959
7233,10,29,9,weather_driven,historically_calibrated,1.826627,0.310527,13.5002,13.7739,0.0778,0.1959
7234,10,29,10,weather_driven,historically_calibrated,1.608466,0.273439,12.6692,13.0358,0.2125,0.1541
7235,10,29,11,weather_driven,historically_calibrated,1.269341,0.215788,11.1812,11.7072,0.372,0.1541
7236,10,29,12,weather_driven,historically_calibrated,1.065375,0.181114,10.1348,10.7975,0.4886,0.1741
7237,10,29,13,weather_driven,historically_calibrated,0.911284,0.154918,9.2443,10.0034,0.5145,0.2447
7238,10,29,14,weather_driven,historically_calibrated,0.889894,0.151282,9.1126,9.825,0.4406,0.2718
7239,10,29,15,weather_driven,historically_calibrated,0.970376,0.164964,9.5974,10.1977,0.2994,0.3009
7240,10,29,16,weather_driven,historically_calibrated,1.234058,0.20979,11.0095,11.4329,0.1516,0.2718
7241,10,29,17,weather_driven,historically_calibrated,1.588878,0.270109,12.5903,12.943,0.0518,0.3009
7242,10,29,18,weather_driven,historically_calibrated,1.716668,0.291834,13.092,13.757,0.0039,0.6611
7243,10,29,19,weather_driven,historically_calibrated,1.731,0.29427,13.1463,14.0325,0.0,0.8861
7244,10,29,20,weather_driven,historically_calibrated,2.114581,0.359479,14.4814,15.2496,0.0,0.7682
7245,10,29,21,weather_driven,historically_calibrated,2.076263,0.352965,14.3575,14.9691,0.0,0.6116
7246,10,29,22,weather_driven,historically_calibrated,2.032608,0.345543,14.2139,14.652,0.0,0.4381
7247,10,29,23,weather_driven,historically_calibrated,1.903186,0.323542,13.7729,14.3374,0.0,0.5645
7248,10,29,24,weather_driven,historically_calibrated,1.269153,0.215756,11.1802,11.7002,0.0,0.52
7249,10,30,1,weather_driven,historically_calibrated,1.156582,0.196619,10.6194,11.0574,0.0,0.4381
7250,10,30,2,weather_driven,historically_calibrated,1.190001,0.2023,10.7899,11.228,0.0,0.4381
7251,10,30,3,weather_driven,historically_calibrated,1.203857,0.204656,10.8596,11.3796,0.0,0.52
7252,10,30,4,weather_driven,historically_calibrated,1.179686,0.200547,10.7377,11.5058,0.0,0.7682
7253,10,30,5,weather_driven,historically_calibrated,1.267185,0.215421,11.1708,11.7823,0.0,0.6116
7254,10,30,6,weather_driven,historically_calibrated,1.377318,0.234144,11.6851,12.1231,0.0,0.4381
7255,10,30,7,weather_driven,historically_calibrated,1.94395,0.330472,13.9144,14.3922,0.0,0.4779
7256,10,30,8,weather_driven,historically_calibrated,1.829162,0.310958,13.5094,14.284,0.0065,0.7682
7257,10,30,9,weather_driven,historically_calibrated,1.618518,0.275148,12.7094,13.4966,0.0739,0.7133
7258,10,30,10,weather_driven,historically_calibrated,1.290689,0.219417,11.2833,12.3768,0.2074,0.8861
7259,10,30,11,weather_driven,historically_calibrated,1.022602,0.173842,9.8972,11.2783,0.3655,1.0156
7260,10,30,12,weather_driven,historically_calibrated,0.836453,0.142197,8.7739,10.2743,0.4847,1.0156
7261,10,30,13,weather_driven,historically_calibrated,0.758296,0.12891,8.2519,9.5896,0.5119,0.8257
7262,10,30,14,weather_driven,historically_calibrated,0.719608,0.122333,7.9805,9.3034,0.4368,0.8861
7263,10,30,15,weather_driven,historically_calibrated,0.825894,0.140402,8.7053,9.662,0.2955,0.6611
7264,10,30,16,weather_driven,historically_calibrated,1.080402,0.183668,10.2166,10.7649,0.1477,0.4005
7265,10,30,17,weather_driven,historically_calibrated,1.321034,0.224576,11.4263,11.842,0.0505,0.3652
7266,10,30,18,weather_driven,historically_calibrated,1.481144,0.251795,12.1419,12.6223,0.0026,0.4779
7267,10,30,19,weather_driven,historically_calibrated,1.628454,0.276837,12.749,13.187,0.0,0.4381
7268,10,30,20,weather_driven,historically_calibrated,1.622951,0.275902,12.7271,13.3386,0.0,0.6116
7269,10,30,21,weather_driven,historically_calibrated,1.581769,0.268901,12.5614,13.173,0.0,0.6116
7270,10,30,22,weather_driven,historically_calibrated,1.407083,0.239204,11.8187,12.7048,0.0,0.8861
7271,10,30,23,weather_driven,historically_calibrated,1.233895,0.209762,11.0087,12.0935,0.0,1.0848
7272,10,30,24,weather_driven,historically_calibrated,0.784776,0.133412,8.4325,9.5174,0.0,1.0848
7273,10,31,1,weather_driven,historically_calibrated,0.675331,0.114806,7.6585,8.7433,0.0,1.0848
7274,10,31,2,weather_driven,historically_calibrated,0.66368,0.112826,7.5716,8.5872,0.0,1.0156
7275,10,31,3,weather_driven,historically_calibrated,0.66766,0.113502,7.6014,8.4875,0.0,0.8861
7276,10,31,4,weather_driven,historically_calibrated,0.697636,0.118598,7.8223,8.3869,0.0,0.5645
7277,10,31,5,weather_driven,historically_calibrated,0.717339,0.121948,7.9643,8.4024,0.0,0.4381
7278,10,31,6,weather_driven,historically_calibrated,0.721866,0.122717,7.9966,8.5166,0.0,0.52
7279,10,31,7,weather_driven,historically_calibrated,1.031449,0.175346,9.9469,10.3849,0.0,0.4381
7280,10,31,8,weather_driven,historically_calibrated,1.065508,0.181136,10.1355,10.334,0.0026,0.1959
7281,10,31,9,weather_driven,historically_calibrated,1.00411,0.170699,9.7923,9.9472,0.0363,0.1187
7282,10,31,10,weather_driven,historically_calibrated,0.87399,0.148578,9.0133,9.2464,0.0791,0.1541
7283,10,31,11,weather_driven,historically_calibrated,0.750552,0.127594,8.1983,8.4904,0.1179,0.1741
7284,10,31,12,weather_driven,historically_calibrated,0.659002,0.11203,7.5364,7.9198,0.1387,0.2447
7285,10,31,13,weather_driven,historically_calibrated,0.603065,0.102521,7.1038,7.5719,0.1361,0.332
7286,10,31,14,weather_driven,historically_calibrated,0.664672,0.112994,7.579,8.3646,0.1244,0.6611
7287,10,31,15,weather_driven,historically_calibrated,0.745608,0.126753,8.1639,8.7513,0.0674,0.52
7288,10,31,16,weather_driven,historically_calibrated,0.859945,0.146191,8.9245,9.2618,0.0363,0.3009
7289,10,31,17,weather_driven,historically_calibrated,0.933231,0.158649,9.3772,9.5822,0.0091,0.1959
7290,10,31,18,weather_driven,historically_calibrated,1.007267,0.171235,9.8103,9.8753,0.0,0.065
7291,10,31,19,weather_driven,historically_calibrated,1.054777,0.179312,10.0765,10.1071,0.0,0.0306
7292,10,31,20,weather_driven,historically_calibrated,1.023846,0.174054,9.9042,9.9348,0.0,0.0306
7293,10,31,21,weather_driven,historically_calibrated,0.957227,0.162729,9.5201,9.6388,0.0,0.1187
7294,10,31,22,weather_driven,historically_calibrated,0.909117,0.15455,9.231,9.2555,0.0,0.0245
7295,10,31,23,weather_driven,historically_calibrated,0.842055,0.143149,8.8101,8.8346,0.0,0.0245
7296,10,31,24,weather_driven,historically_calibrated,0.584999,0.09945,6.9591,7.0777,0.0,0.1187
7297,11,1,1,weather_driven,historically_calibrated,0.421231,0.071609,5.5141,5.6173,0.0,0.1032
7298,11,1,2,weather_driven,historically_calibrated,0.441501,0.075055,5.7074,5.7839,0.0,0.0764
7299,11,1,3,weather_driven,historically_calibrated,0.469475,0.079811,5.967,6.0435,0.0,0.0764
7300,11,1,4,weather_driven,historically_calibrated,0.497322,0.084545,6.2174,6.2939,0.0,0.0764
7301,11,1,5,weather_driven,historically_calibrated,0.525087,0.089265,6.4597,6.5247,0.0,0.065
7302,11,1,6,weather_driven,historically_calibrated,0.549534,0.093421,6.6672,6.7563,0.0,0.0892
7303,11,1,7,weather_driven,historically_calibrated,0.739559,0.125725,8.1216,8.1409,0.0,0.0193
7304,11,1,8,weather_driven,historically_calibrated,0.711899,0.121023,7.9254,7.9749,0.0039,0.0457
7305,11,1,9,weather_driven,historically_calibrated,0.649259,0.110374,7.4627,7.5625,0.0622,0.0376
7306,11,1,10,weather_driven,historically_calibrated,0.627766,0.10672,7.2977,7.489,0.1607,0.0306
7307,11,1,11,weather_driven,historically_calibrated,0.595344,0.101208,7.0423,7.3109,0.2605,0.0081
7308,11,1,12,weather_driven,historically_calibrated,0.575077,0.097763,6.8784,7.1349,0.232,0.0245
7309,11,1,13,weather_driven,historically_calibrated,0.566848,0.096364,6.811,7.0546,0.1672,0.0764
7310,11,1,14,weather_driven,historically_calibrated,0.577558,0.098185,6.8987,7.1127,0.149,0.065
7311,11,1,15,weather_driven,historically_calibrated,0.600605,0.102103,7.0843,7.3049,0.1659,0.0548
7312,11,1,16,weather_driven,historically_calibrated,0.643189,0.109342,7.4164,7.5916,0.1102,0.065
7313,11,1,17,weather_driven,historically_calibrated,0.700432,0.119073,7.8426,7.9017,0.048,0.0111
7314,11,1,18,weather_driven,historically_calibrated,0.742293,0.12619,8.1407,8.1434,0.0013,0.0014
7315,11,1,19,weather_driven,historically_calibrated,0.78215,0.132965,8.4148,8.4162,0.0,0.0014
7316,11,1,20,weather_driven,historically_calibrated,0.830912,0.141255,8.738,8.7404,0.0,0.0024
7317,11,1,21,weather_driven,historically_calibrated,0.844185,0.143511,8.8238,8.8276,0.0,0.0038
7318,11,1,22,weather_driven,historically_calibrated,0.833124,0.141631,8.7524,8.7548,0.0,0.0024
7319,11,1,23,weather_driven,historically_calibrated,0.804834,0.136822,8.5668,8.5675,0.0,0.0007
7320,11,1,24,weather_driven,historically_calibrated,0.578521,0.098349,6.9065,6.9065,0.0,0.0
7321,11,2,1,weather_driven,historically_calibrated,0.55507,0.094362,6.7134,6.7134,0.0,0.0
7322,11,2,2,weather_driven,historically_calibrated,0.560514,0.095287,6.7587,6.759,0.0,0.0003
7323,11,2,3,weather_driven,historically_calibrated,0.538363,0.091522,6.573,6.573,0.0,0.0
7324,11,2,4,weather_driven,historically_calibrated,0.539325,0.091685,6.5811,6.5811,0.0,0.0
7325,11,2,5,weather_driven,historically_calibrated,0.542504,0.092226,6.608,6.6081,0.0,0.0001
7326,11,2,6,weather_driven,historically_calibrated,0.549471,0.09341,6.6666,6.6705,0.0,0.0038
7327,11,2,7,weather_driven,historically_calibrated,0.719512,0.122317,7.9799,7.9806,0.0,0.0007
7328,11,2,8,weather_driven,historically_calibrated,0.718595,0.122161,7.9733,7.9749,0.0013,0.0003
7329,11,2,9,weather_driven,historically_calibrated,0.697271,0.118536,7.8197,7.8398,0.0194,0.0007
7330,11,2,10,weather_driven,historically_calibrated,0.653719,0.111132,7.4965,7.5439,0.0467,0.0007
7331,11,2,11,weather_driven,historically_calibrated,0.626985,0.106587,7.2916,7.3645,0.0726,0.0003
7332,11,2,12,weather_driven,historically_calibrated,0.650423,0.110572,7.4715,7.5535,0.0816,0.0003
7333,11,2,13,weather_driven,historically_calibrated,0.60859,0.10346,7.1476,7.2098,0.0622,0.0
7334,11,2,14,weather_driven,historically_calibrated,0.601249,0.102212,7.0894,7.1127,0.0233,0.0
7335,11,2,15,weather_driven,historically_calibrated,0.625025,0.106254,7.2764,7.3049,0.0285,0.0
7336,11,2,16,weather_driven,historically_calibrated,0.661341,0.112428,7.554,7.5916,0.0376,0.0
7337,11,2,17,weather_driven,historically_calibrated,0.705541,0.119942,7.8796,7.9017,0.022,0.0001
7338,11,2,18,weather_driven,historically_calibrated,0.741862,0.126116,8.1377,8.1434,0.0,0.0057
7339,11,2,19,weather_driven,historically_calibrated,0.77128,0.131118,8.341,8.3558,0.0,0.0148
7340,11,2,20,weather_driven,historically_calibrated,0.764098,0.129897,8.2918,8.3224,0.0,0.0306
7341,11,2,21,weather_driven,historically_calibrated,0.723667,0.123023,8.0094,8.0744,0.0,0.065
7342,11,2,22,weather_driven,historically_calibrated,0.679632,0.115537,7.6903,7.809,0.0,0.1187
7343,11,2,23,weather_driven,historically_calibrated,0.64748,0.110072,7.4492,7.5524,0.0,0.1032
7344,11,2,24,weather_driven,historically_calibrated,0.476718,0.081042,6.0329,6.1361,0.0,0.1032
7345,11,3,1,weather_driven,historically_calibrated,0.435609,0.074053,5.6517,5.7282,0.0,0.0764
7346,11,3,2,weather_driven,historically_calibrated,0.43281,0.073578,5.6251,5.8445,0.0,0.2194
7347,11,3,3,weather_driven,historically_calibrated,0.437673,0.074404,5.6713,5.9722,0.0,0.3009
7348,11,3,4,weather_driven,historically_calibrated,0.415562,0.070645,5.4591,5.9791,0.0,0.52
7349,11,3,5,weather_driven,historically_calibrated,0.368374,0.062624,4.9871,6.0027,0.0,1.0156
7350,11,3,6,weather_driven,historically_calibrated,0.375739,0.063876,5.0626,6.3738,0.0,1.3112
7351,11,3,7,weather_driven,historically_calibrated,0.514123,0.087401,6.3649,7.932,0.0,1.5671
7352,11,3,8,weather_driven,historically_calibrated,0.486532,0.08271,6.1213,8.2959,0.0,2.1746
7353,11,3,9,weather_driven,historically_calibrated,0.475656,0.080862,6.0233,8.4372,0.0065,2.4074
7354,11,3,10,weather_driven,historically_calibrated,0.329201,0.055964,4.5732,8.2541,0.0194,3.6614
7355,11,3,11,weather_driven,historically_calibrated,0.262043,0.044547,3.8109,8.0085,0.0376,4.16
7356,11,3,12,weather_driven,historically_calibrated,0.244016,0.041483,3.5935,7.8157,0.0622,4.16
7357,11,3,13,weather_driven,historically_calibrated,0.312752,0.053168,4.393,7.8229,0.0778,3.3521
7358,11,3,14,weather_driven,historically_calibrated,0.306836,0.052162,4.3272,8.0793,0.0907,3.6614
7359,11,3,15,weather_driven,historically_calibrated,0.437804,0.074427,5.6725,8.3962,0.0674,2.6563
7360,11,3,16,weather_driven,historically_calibrated,0.538145,0.091485,6.5712,9.033,0.0544,2.4074
7361,11,3,17,weather_driven,historically_calibrated,0.505758,0.085979,6.2918,9.6685,0.0246,3.3521
7362,11,3,18,weather_driven,historically_calibrated,0.57092,0.097056,6.8444,10.3489,0.0,3.5045
7363,11,3,19,weather_driven,historically_calibrated,0.546138,0.092843,6.6386,10.7986,0.0,4.16
7364,11,3,20,weather_driven,historically_calibrated,0.530652,0.090211,6.5074,10.8431,0.0,4.3358
7365,11,3,21,weather_driven,historically_calibrated,0.450023,0.076504,5.7874,10.68,0.0,4.8926
7366,11,3,22,weather_driven,historically_calibrated,0.446885,0.07597,5.7581,10.46,0.0,4.702
7367,11,3,23,weather_driven,historically_calibrated,0.495708,0.08427,6.2031,10.1922,0.0,3.9891
7368,11,3,24,weather_driven,historically_calibrated,0.34843,0.059233,4.779,8.2835,0.0,3.5045
7369,11,4,1,weather_driven,historically_calibrated,0.354186,0.060212,4.8396,8.0439,0.0,3.2043
7370,11,4,2,weather_driven,historically_calibrated,0.340499,0.057885,4.6948,8.1992,0.0,3.5045
7371,11,4,3,weather_driven,historically_calibrated,0.341858,0.058116,4.7093,8.3706,0.0,3.6614
7372,11,4,4,weather_driven,historically_calibrated,0.334734,0.056905,4.633,8.6221,0.0,3.9891
7373,11,4,5,weather_driven,historically_calibrated,0.333799,0.056746,4.6229,8.9587,0.0,4.3358
7374,11,4,6,weather_driven,historically_calibrated,0.377403,0.064159,5.0795,9.4153,0.0,4.3358
7375,11,4,7,weather_driven,historically_calibrated,0.629353,0.10699,7.31,12.012,0.0,4.702
7376,11,4,8,weather_driven,historically_calibrated,0.669201,0.113764,7.6129,12.1318,0.0026,4.5164
7377,11,4,9,weather_driven,historically_calibrated,0.60402,0.102683,7.1114,12.0597,0.0557,4.8926
7378,11,4,10,weather_driven,historically_calibrated,0.442468,0.07522,5.7166,11.3866,0.175,5.4951
7379,11,4,11,weather_driven,historically_calibrated,0.344762,0.05861,4.7402,10.7706,0.324,5.7064
7380,11,4,12,weather_driven,historically_calibrated,0.207187,0.035222,3.1304,10.1744,0.438,6.6059
7381,11,4,13,weather_driven,historically_calibrated,0.14731,0.025043,2.3164,9.8695,0.464,7.0891
7382,11,4,14,weather_driven,historically_calibrated,0.140345,0.023859,2.2162,9.9508,0.3953,7.3393
7383,11,4,15,weather_driven,historically_calibrated,0.157617,0.026795,2.4625,10.3182,0.2605,7.5953
7384,11,4,16,weather_driven,historically_calibrated,0.319838,0.054373,4.4711,11.4402,0.1244,6.8447
7385,11,4,17,weather_driven,historically_calibrated,0.508983,0.086527,6.32,12.2808,0.0376,5.9231
7386,11,4,18,weather_driven,historically_calibrated,0.755005,0.128351,8.2292,12.9311,0.0,4.702
7387,11,4,19,weather_driven,historically_calibrated,0.932809,0.158578,9.3747,14.0766,0.0,4.702
7388,11,4,20,weather_driven,historically_calibrated,0.943314,0.160363,9.4375,14.1395,0.0,4.702
7389,11,4,21,weather_driven,historically_calibrated,0.908868,0.154507,9.2295,13.9315,0.0,4.702
7390,11,4,22,weather_driven,historically_calibrated,0.903288,0.153559,9.1953,13.531,0.0,4.3358
7391,11,4,23,weather_driven,historically_calibrated,0.785776,0.133582,8.4393,13.1413,0.0,4.702
7392,11,4,24,weather_driven,historically_calibrated,0.507874,0.086339,6.3103,10.6461,0.0,4.3358
7393,11,5,1,weather_driven,historically_calibrated,0.557666,0.094803,6.735,10.895,0.0,4.16
7394,11,5,2,weather_driven,historically_calibrated,0.594535,0.101071,7.0358,11.0249,0.0,3.9891
7395,11,5,3,weather_driven,historically_calibrated,0.6716,0.114172,7.6307,11.1352,0.0,3.5045
7396,11,5,4,weather_driven,historically_calibrated,0.816583,0.138819,8.6444,11.3006,0.0,2.6563
7397,11,5,5,weather_driven,historically_calibrated,0.85228,0.144888,8.8757,11.532,0.0,2.6563
7398,11,5,6,weather_driven,historically_calibrated,0.966812,0.164358,9.5765,11.8655,0.0,2.289
7399,11,5,7,weather_driven,historically_calibrated,1.341697,0.228089,11.5223,14.1785,0.0,2.6563
7400,11,5,8,weather_driven,historically_calibrated,1.316914,0.223875,11.407,14.0646,0.0013,2.6563
7401,11,5,9,weather_driven,historically_calibrated,1.346878,0.228969,11.5461,13.7739,0.0531,2.1746
7402,11,5,10,weather_driven,historically_calibrated,1.192247,0.202682,10.8013,13.1456,0.1698,2.1746
7403,11,5,11,weather_driven,historically_calibrated,0.969178,0.16476,9.5903,12.0825,0.3175,2.1746
7404,11,5,12,weather_driven,historically_calibrated,0.818209,0.139096,8.655,11.3731,0.429,2.289
7405,11,5,13,weather_driven,historically_calibrated,0.734482,0.124862,8.0859,10.8312,0.4562,2.289
7406,11,5,14,weather_driven,historically_calibrated,0.767283,0.130438,8.3137,10.7639,0.3862,2.0641
7407,11,5,15,weather_driven,historically_calibrated,0.838651,0.142571,8.7882,11.2155,0.2527,2.1746
7408,11,5,16,weather_driven,historically_calibrated,1.054339,0.179238,10.0741,12.6021,0.1205,2.4074
7409,11,5,17,weather_driven,historically_calibrated,1.260921,0.214356,11.1405,13.4645,0.035,2.289
7410,11,5,18,weather_driven,historically_calibrated,1.448366,0.246222,12.0004,14.175,0.0,2.1746
7411,11,5,19,weather_driven,historically_calibrated,1.712072,0.291052,13.0744,15.4818,0.0,2.4074
7412,11,5,20,weather_driven,historically_calibrated,1.835185,0.311981,13.5312,15.4885,0.0,1.9573
7413,11,5,21,weather_driven,historically_calibrated,1.827603,0.310693,13.5038,15.2588,0.0,1.755
7414,11,5,22,weather_driven,historically_calibrated,1.723924,0.293067,13.1195,14.8745,0.0,1.755
7415,11,5,23,weather_driven,historically_calibrated,1.674691,0.284698,12.9305,14.4977,0.0,1.5671
7416,11,5,24,weather_driven,historically_calibrated,1.143819,0.194449,10.5533,11.7858,0.0,1.2326
7417,11,6,1,weather_driven,historically_calibrated,1.082837,0.184082,10.2298,11.1792,0.0,0.9494
7418,11,6,2,weather_driven,historically_calibrated,1.118992,0.190229,10.4231,11.3093,0.0,0.8861
7419,11,6,3,weather_driven,historically_calibrated,1.181678,0.200885,10.7478,11.4611,0.0,0.7133
7420,11,6,4,weather_driven,historically_calibrated,1.22335,0.207969,10.9567,11.67,0.0,0.7133
7421,11,6,5,weather_driven,historically_calibrated,1.289508,0.219216,11.2777,11.991,0.0,0.7133
7422,11,6,6,weather_driven,historically_calibrated,1.3708,0.233036,11.6555,12.4237,0.0,0.7682
7423,11,6,7,weather_driven,historically_calibrated,1.965137,0.334073,13.987,14.8731,0.0,0.8861
7424,11,6,8,weather_driven,historically_calibrated,1.998914,0.339815,14.1014,15.0521,0.0013,0.9494
7425,11,6,9,weather_driven,historically_calibrated,1.813056,0.308219,13.4509,14.6612,0.0531,1.1571
7426,11,6,10,weather_driven,historically_calibrated,1.576687,0.268037,12.5407,14.0244,0.1724,1.3112
7427,11,6,11,weather_driven,historically_calibrated,1.325393,0.225317,11.4466,13.1547,0.3149,1.3932
7428,11,6,12,weather_driven,historically_calibrated,1.169763,0.19886,10.6871,12.4195,0.4212,1.3112
7429,11,6,13,weather_driven,historically_calibrated,1.105536,0.187941,10.3517,12.021,0.4368,1.2326
7430,11,6,14,weather_driven,historically_calibrated,1.117965,0.190054,10.4177,12.0158,0.3655,1.2326
7431,11,6,15,weather_driven,historically_calibrated,1.187078,0.201803,10.7752,12.5011,0.2475,1.4784
7432,11,6,16,weather_driven,historically_calibrated,1.409132,0.239552,11.8278,13.4371,0.1309,1.4784
7433,11,6,17,weather_driven,historically_calibrated,1.627773,0.276721,12.7463,14.4496,0.0441,1.6593
7434,11,6,18,weather_driven,historically_calibrated,1.770028,0.300905,13.2926,15.2499,0.0,1.9573
7435,11,6,19,weather_driven,historically_calibrated,1.925959,0.327413,13.8522,16.5085,0.0,2.6563
7436,11,6,20,weather_driven,historically_calibrated,1.77185,0.301214,13.2994,16.5037,0.0,3.2043
7437,11,6,21,weather_driven,historically_calibrated,1.672896,0.284392,12.9236,16.1278,0.0,3.2043
7438,11,6,22,weather_driven,historically_calibrated,1.789428,0.304203,13.3644,15.6534,0.0,2.289
7439,11,6,23,weather_driven,historically_calibrated,1.820908,0.309554,13.4795,15.1388,0.0,1.6593
7440,11,6,24,weather_driven,historically_calibrated,1.211068,0.205882,10.8957,12.1283,0.0,1.2326
7441,11,7,1,weather_driven,historically_calibrated,1.100717,0.187122,10.326,11.3416,0.0,1.0156
7442,11,7,2,weather_driven,historically_calibrated,1.13823,0.193499,10.5241,11.3499,0.0,0.8257
7443,11,7,3,weather_driven,historically_calibrated,1.162964,0.197704,10.6522,11.4204,0.0,0.7682
7444,11,7,4,weather_driven,historically_calibrated,1.210785,0.205833,10.8942,11.5058,0.0,0.6116
7445,11,7,5,weather_driven,historically_calibrated,1.286375,0.218684,11.2627,11.7406,0.0,0.4779
7446,11,7,6,weather_driven,historically_calibrated,1.359128,0.231052,11.6023,12.0802,0.0,0.4779
7447,11,7,7,weather_driven,historically_calibrated,1.947233,0.33103,13.9257,14.4457,0.0,0.52
7448,11,7,8,weather_driven,historically_calibrated,2.00415,0.340706,14.119,14.5583,0.0013,0.4381
7449,11,7,9,weather_driven,historically_calibrated,1.892522,0.321729,13.7354,14.2175,0.0441,0.4381
7450,11,7,10,weather_driven,historically_calibrated,1.673608,0.284513,12.9263,13.6399,0.149,0.5645
7451,11,7,11,weather_driven,historically_calibrated,1.445971,0.245815,11.99,12.8867,0.2851,0.6116
7452,11,7,12,weather_driven,historically_calibrated,1.220315,0.207454,10.9416,11.8963,0.3901,0.5645
7453,11,7,13,weather_driven,historically_calibrated,1.178611,0.200364,10.7322,11.7624,0.4186,0.6116
7454,11,7,14,weather_driven,historically_calibrated,1.179127,0.200452,10.7348,11.7028,0.3564,0.6116
7455,11,7,15,weather_driven,historically_calibrated,1.301575,0.221268,11.3349,12.1797,0.2333,0.6116
7456,11,7,16,weather_driven,historically_calibrated,1.526893,0.259572,12.3353,13.1588,0.1102,0.7133
7457,11,7,17,weather_driven,historically_calibrated,1.757173,0.298719,13.2447,14.044,0.0311,0.7682
7458,11,7,18,weather_driven,historically_calibrated,1.892256,0.321683,13.7345,14.8916,0.0,1.1571
7459,11,7,19,weather_driven,historically_calibrated,2.410775,0.409832,15.3808,16.2669,0.0,0.8861
7460,11,7,20,weather_driven,historically_calibrated,2.352444,0.399915,15.2113,16.4439,0.0,1.2326
7461,11,7,21,weather_driven,historically_calibrated,2.265861,0.385196,14.9532,16.1858,0.0,1.2326
7462,11,7,22,weather_driven,historically_calibrated,2.123201,0.360944,14.5091,15.8203,0.0,1.3112
7463,11,7,23,weather_driven,historically_calibrated,2.00442,0.340751,14.1199,15.3525,0.0,1.2326
7464,11,7,24,weather_driven,historically_calibrated,1.321531,0.22466,11.4286,12.5135,0.0,1.0848
7465,11,8,1,weather_driven,historically_calibrated,1.255753,0.213478,11.1155,11.8288,0.0,0.7133
7466,11,8,2,weather_driven,historically_calibrated,1.287155,0.218816,11.2665,11.878,0.0,0.6116
7467,11,8,3,weather_driven,historically_calibrated,1.232229,0.209479,11.0005,11.9499,0.0,0.9494
7468,11,8,4,weather_driven,historically_calibrated,1.222907,0.207894,10.9545,12.0393,0.0,1.0848
7469,11,8,5,weather_driven,historically_calibrated,1.201569,0.204267,10.8482,12.2413,0.0,1.3932
7470,11,8,6,weather_driven,historically_calibrated,1.255937,0.213509,11.1164,12.5095,0.0,1.3932
7471,11,8,7,weather_driven,historically_calibrated,1.684677,0.286395,12.9692,14.9265,0.0,1.9573
7472,11,8,8,weather_driven,historically_calibrated,1.688776,0.287092,12.9851,14.9424,0.0,1.9573
7473,11,8,9,weather_driven,historically_calibrated,1.685812,0.286588,12.9736,14.4948,0.0428,1.4784
7474,11,8,10,weather_driven,historically_calibrated,1.52907,0.259942,12.3444,13.8047,0.149,1.3112
7475,11,8,11,weather_driven,historically_calibrated,1.269227,0.215769,11.1806,12.9403,0.2812,1.4784
7476,11,8,12,weather_driven,historically_calibrated,1.046961,0.177983,10.0333,12.0009,0.4005,1.5671
7477,11,8,13,weather_driven,historically_calibrated,1.052122,0.178861,10.0619,11.9693,0.429,1.4784
7478,11,8,14,weather_driven,historically_calibrated,1.113451,0.189287,10.3938,12.0679,0.3629,1.3112
7479,11,8,15,weather_driven,historically_calibrated,1.228178,0.20879,10.9805,12.6083,0.2346,1.3932
7480,11,8,16,weather_driven,historically_calibrated,1.511117,0.25689,12.2691,13.7712,0.1089,1.3932
7481,11,8,17,weather_driven,historically_calibrated,1.809099,0.307547,13.4365,14.6235,0.0298,1.1571
7482,11,8,18,weather_driven,historically_calibrated,2.072203,0.352275,14.3443,15.4291,0.0,1.0848
7483,11,8,19,weather_driven,historically_calibrated,2.431028,0.413275,15.4388,16.75,0.0,1.3112
7484,11,8,20,weather_driven,historically_calibrated,2.428397,0.412827,15.4313,16.7425,0.0,1.3112
7485,11,8,21,weather_driven,historically_calibrated,2.289455,0.389207,15.0243,16.4175,0.0,1.3932
7486,11,8,22,weather_driven,historically_calibrated,2.078399,0.353328,14.3645,15.9316,0.0,1.5671
7487,11,8,23,weather_driven,historically_calibrated,1.937515,0.329378,13.8922,15.4593,0.0,1.5671
7488,11,8,24,weather_driven,historically_calibrated,1.152632,0.195947,10.599,12.5563,0.0,1.9573
7489,11,9,1,weather_driven,historically_calibrated,1.061656,0.180481,10.1144,11.8694,0.0,1.755
7490,11,9,2,weather_driven,historically_calibrated,1.146295,0.19487,10.5661,11.9593,0.0,1.3932
7491,11,9,3,weather_driven,historically_calibrated,1.257242,0.213731,11.1227,12.0721,0.0,0.9494
7492,11,9,4,weather_driven,historically_calibrated,1.386301,0.235671,11.7256,12.2035,0.0,0.4779
7493,11,9,5,weather_driven,historically_calibrated,1.465859,0.249196,12.0762,12.4082,0.0,0.332
7494,11,9,6,weather_driven,historically_calibrated,1.550928,0.263658,12.4351,12.7671,0.0,0.332
7495,11,9,7,weather_driven,historically_calibrated,2.242443,0.381215,14.8819,15.2471,0.0,0.3652
7496,11,9,8,weather_driven,historically_calibrated,2.311559,0.392965,15.0905,15.491,0.0,0.4005
7497,11,9,9,weather_driven,historically_calibrated,2.270236,0.38594,14.9664,15.3822,0.0505,0.3652
7498,11,9,10,weather_driven,historically_calibrated,2.070723,0.352023,14.3394,14.7383,0.1542,0.2447
7499,11,9,11,weather_driven,historically_calibrated,1.832375,0.311504,13.521,14.0125,0.2722,0.2194
7500,11,9,12,weather_driven,historically_calibrated,1.599331,0.271886,12.6325,13.152,0.3655,0.1541
7501,11,9,13,weather_driven,historically_calibrated,1.50916,0.256557,12.2609,12.7453,0.3953,0.0892
7502,11,9,14,weather_driven,historically_calibrated,1.529582,0.260029,12.3465,12.746,0.3538,0.0457
7503,11,9,15,weather_driven,historically_calibrated,1.700237,0.28904,13.0292,13.3047,0.2449,0.0306
7504,11,9,16,weather_driven,historically_calibrated,2.074722,0.352703,14.3525,14.4949,0.1179,0.0245
7505,11,9,17,weather_driven,historically_calibrated,2.455039,0.417357,15.507,15.5506,0.0324,0.0111
7506,11,9,18,weather_driven,historically_calibrated,2.754636,0.468288,16.3137,16.3249,0.0,0.0111
7507,11,9,19,weather_driven,historically_calibrated,3.295996,0.560319,17.5952,17.5955,0.0,0.0003
7508,11,9,20,weather_driven,historically_calibrated,3.370897,0.573053,17.7576,17.7577,0.0,0.0001
7509,11,9,21,weather_driven,historically_calibrated,3.183289,0.541159,17.3445,17.3445,0.0,0.0
7510,11,9,22,weather_driven,historically_calibrated,2.867966,0.487554,16.5992,16.5992,0.0,0.0
7511,11,9,23,weather_driven,historically_calibrated,2.572649,0.43735,15.8333,15.8333,0.0,0.0
7512,11,9,24,weather_driven,historically_calibrated,1.612328,0.274096,12.6847,12.6847,0.0,0.0
7513,11,10,1,weather_driven,historically_calibrated,1.223452,0.207987,10.9572,10.9572,0.0,0.0
7514,11,10,2,weather_driven,historically_calibrated,1.210017,0.205703,10.8904,10.8904,0.0,0.0
7515,11,10,3,weather_driven,historically_calibrated,1.19329,0.202859,10.8065,10.8065,0.0,0.0
7516,11,10,4,weather_driven,historically_calibrated,1.194353,0.20304,10.8119,10.8119,0.0,0.0
7517,11,10,5,weather_driven,historically_calibrated,1.214111,0.206399,10.9108,10.9165,0.0,0.0057
7518,11,10,6,weather_driven,historically_calibrated,1.246504,0.211906,11.0705,11.0743,0.0,0.0038
7519,11,10,7,weather_driven,historically_calibrated,1.702681,0.289456,13.0385,13.0442,0.0,0.0057
7520,11,10,8,weather_driven,historically_calibrated,1.73493,0.294938,13.1612,13.1918,0.0,0.0306
7521,11,10,9,weather_driven,historically_calibrated,1.801223,0.306208,13.4077,13.5393,0.013,0.1187
7522,11,10,10,weather_driven,historically_calibrated,1.717982,0.292057,13.097,13.4077,0.0389,0.2718
7523,11,10,11,weather_driven,historically_calibrated,1.513656,0.257321,12.2798,12.9902,0.0492,0.6611
7524,11,10,12,weather_driven,historically_calibrated,1.202439,0.204415,10.8525,12.6775,0.07,1.755
7525,11,10,13,weather_driven,historically_calibrated,1.217293,0.20694,10.9266,12.63,0.0441,1.6593
7526,11,10,14,weather_driven,historically_calibrated,1.287329,0.218846,11.2673,12.782,0.0363,1.4784
7527,11,10,15,weather_driven,historically_calibrated,1.272979,0.216406,11.1986,12.9796,0.0259,1.755
7528,11,10,16,weather_driven,historically_calibrated,1.262415,0.214611,11.1477,13.3353,0.013,2.1746
7529,11,10,17,weather_driven,historically_calibrated,1.446085,0.245834,11.9905,13.5602,0.0026,1.5671
7530,11,10,18,weather_driven,historically_calibrated,1.390862,0.236447,11.7461,13.8102,0.0,2.0641
7531,11,10,19,weather_driven,historically_calibrated,1.703756,0.289639,13.0426,14.5211,0.0,1.4784
7532,11,10,20,weather_driven,historically_calibrated,1.28653,0.21871,11.2635,13.9198,0.0,2.6563
7533,11,10,21,weather_driven,historically_calibrated,1.418995,0.241229,11.8715,12.1725,0.0,0.3009
7534,11,10,22,weather_driven,historically_calibrated,0.958481,0.162942,9.5275,10.9207,0.0,1.3932
7535,11,10,23,weather_driven,historically_calibrated,0.834744,0.141907,8.7629,10.2413,0.0,1.4784
7536,11,10,24,weather_driven,historically_calibrated,0.571713,0.097191,6.8509,8.2441,0.0,1.3932
7537,11,11,1,weather_driven,historically_calibrated,0.552894,0.093992,6.6953,8.0065,0.0,1.3112
7538,11,11,2,weather_driven,historically_calibrated,0.400854,0.068145,5.3149,8.2366,0.0,2.9217
7539,11,11,3,weather_driven,historically_calibrated,0.50146,0.085248,6.254,8.1083,0.0,1.8543
7540,11,11,4,weather_driven,historically_calibrated,0.51543,0.087623,6.3762,8.1312,0.0,1.755
7541,11,11,5,weather_driven,historically_calibrated,0.499147,0.084855,6.2336,8.1909,0.0,1.9573
7542,11,11,6,weather_driven,historically_calibrated,0.542797,0.092276,6.6105,8.2698,0.0,1.6593
7543,11,11,7,weather_driven,historically_calibrated,0.821283,0.139618,8.6752,10.2423,0.0,1.5671
7544,11,11,8,weather_driven,historically_calibrated,0.90132,0.153224,9.1832,10.4158,0.0,1.2326
7545,11,11,9,weather_driven,historically_calibrated,0.900829,0.153141,9.1802,10.427,0.0143,1.2326
7546,11,11,10,weather_driven,historically_calibrated,0.813222,0.138248,8.6222,10.3256,0.0441,1.6593
7547,11,11,11,weather_driven,historically_calibrated,0.6494,0.110398,7.4638,9.9321,0.0609,2.4074
7548,11,11,12,weather_driven,historically_calibrated,0.519917,0.088386,6.4151,9.4042,0.0674,2.9217
7549,11,11,13,weather_driven,historically_calibrated,0.465244,0.079092,5.9283,9.0604,0.0713,3.0608
7550,11,11,14,weather_driven,historically_calibrated,0.521066,0.088581,6.425,9.087,0.1322,2.5298
7551,11,11,15,weather_driven,historically_calibrated,0.436024,0.074124,5.6557,9.234,0.0739,3.5045
7552,11,11,16,weather_driven,historically_calibrated,0.593846,0.100954,7.0303,9.75,0.0635,2.6563
7553,11,11,17,weather_driven,historically_calibrated,0.743141,0.126334,8.1467,10.5748,0.0207,2.4074
7554,11,11,18,weather_driven,historically_calibrated,0.7356,0.125052,8.0938,10.6236,0.0,2.5298
7555,11,11,19,weather_driven,historically_calibrated,0.894216,0.152017,9.1394,10.7986,0.0,1.6593
7556,11,11,20,weather_driven,historically_calibrated,0.878852,0.149405,9.0437,10.8981,0.0,1.8543
7557,11,11,21,weather_driven,historically_calibrated,0.911372,0.154933,9.2448,10.9998,0.0,1.755
7558,11,11,22,weather_driven,historically_calibrated,0.741024,0.125974,8.1319,10.3065,0.0,2.1746
7559,11,11,23,weather_driven,historically_calibrated,0.624096,0.106096,7.2692,9.799,0.0,2.5298
7560,11,11,24,weather_driven,historically_calibrated,0.479928,0.081588,6.0619,8.126,0.0,2.0641
7561,11,12,1,weather_driven,historically_calibrated,0.487448,0.082866,6.1295,8.4185,0.0,2.289
7562,11,12,2,weather_driven,historically_calibrated,0.452345,0.076899,5.8091,8.4653,0.0,2.6563
7563,11,12,3,weather_driven,historically_calibrated,0.382905,0.065094,5.1354,8.4875,0.0,3.3521
7564,11,12,4,weather_driven,historically_calibrated,0.300516,0.051088,4.2563,8.5921,0.0,4.3358
7565,11,12,5,weather_driven,historically_calibrated,0.333338,0.056667,4.618,8.778,0.0,4.16
7566,11,12,6,weather_driven,historically_calibrated,0.385943,0.06561,5.166,8.9889,0.0,3.8229
7567,11,12,7,weather_driven,historically_calibrated,0.729527,0.12402,8.051,10.9727,0.0,2.9217
7568,11,12,8,weather_driven,historically_calibrated,0.486779,0.082752,6.1235,11.2118,0.0,5.0882
7569,11,12,9,weather_driven,historically_calibrated,0.442959,0.075303,5.7212,11.2228,0.0065,5.4951
7570,11,12,10,weather_driven,historically_calibrated,0.31699,0.053888,4.4398,11.0587,0.013,6.6059
7571,11,12,11,weather_driven,historically_calibrated,0.333956,0.056773,4.6246,10.7958,0.0259,6.1452
7572,11,12,12,weather_driven,historically_calibrated,0.345017,0.058653,4.7429,10.2743,0.0363,5.4951
7573,11,12,13,weather_driven,historically_calibrated,0.322667,0.054853,4.5021,9.8482,0.057,5.2891
7574,11,12,14,weather_driven,historically_calibrated,0.296908,0.050474,4.2155,9.7729,0.0622,5.4951
7575,11,12,15,weather_driven,historically_calibrated,0.430462,0.073179,5.6027,10.037,0.0985,4.3358
7576,11,12,16,weather_driven,historically_calibrated,0.513763,0.08734,6.3617,10.7649,0.0674,4.3358
7577,11,12,17,weather_driven,historically_calibrated,0.847165,0.144018,8.843,11.7841,0.0194,2.9217
7578,11,12,18,weather_driven,historically_calibrated,1.16998,0.198897,10.6882,12.4432,0.0,1.755
7579,11,12,19,weather_driven,historically_calibrated,1.278636,0.217368,11.2258,12.8851,0.0,1.6593
7580,11,12,20,weather_driven,historically_calibrated,1.438013,0.244462,11.9552,13.0401,0.0,1.0848
7581,11,12,21,weather_driven,historically_calibrated,1.447394,0.246057,11.9962,12.7095,0.0,0.7133
7582,11,12,22,weather_driven,historically_calibrated,1.419117,0.24125,11.8721,12.2041,0.0,0.332
7583,11,12,23,weather_driven,historically_calibrated,1.273885,0.21656,11.203,11.2922,0.0,0.0892
7584,11,12,24,weather_driven,historically_calibrated,0.876492,0.149004,9.029,9.1322,0.0,0.1032
7585,11,13,1,weather_driven,historically_calibrated,0.808228,0.137399,8.5893,8.7433,0.0,0.1541
7586,11,13,2,weather_driven,historically_calibrated,0.831939,0.14143,8.7447,8.7903,0.0,0.0457
7587,11,13,3,weather_driven,historically_calibrated,0.745203,0.126684,8.1611,8.7726,0.0,0.6116
7588,11,13,4,weather_driven,historically_calibrated,0.76794,0.13055,8.3182,8.7562,0.0,0.4381
7589,11,13,5,weather_driven,historically_calibrated,0.805488,0.136933,8.5711,8.9031,0.0,0.332
7590,11,13,6,weather_driven,historically_calibrated,0.623354,0.10597,7.2634,9.1177,0.0,1.8543
7591,11,13,7,weather_driven,historically_calibrated,0.868262,0.147605,8.9772,11.507,0.0,2.5298
7592,11,13,8,weather_driven,historically_calibrated,0.996933,0.169479,9.7512,11.8152,0.0,2.0641
7593,11,13,9,weather_driven,historically_calibrated,1.054071,0.179192,10.0726,11.8328,0.0052,1.755
7594,11,13,10,weather_driven,historically_calibrated,1.175546,0.199843,10.7166,11.6079,0.0052,0.8861
7595,11,13,11,weather_driven,historically_calibrated,1.153339,0.196068,10.6026,11.171,0.0039,0.5645
7596,11,13,12,weather_driven,historically_calibrated,1.052329,0.178896,10.063,10.5882,0.0052,0.52
7597,11,13,13,weather_driven,historically_calibrated,0.826811,0.140558,8.7113,9.9517,0.0078,1.2326
7598,11,13,14,weather_driven,historically_calibrated,0.548226,0.093198,6.6562,9.4599,0.0168,2.7869
7599,11,13,15,weather_driven,historically_calibrated,0.328521,0.055849,4.5659,8.912,0.0104,4.3358
7600,11,13,16,weather_driven,historically_calibrated,0.212493,0.036124,3.1988,9.1504,0.0285,5.9231
7601,11,13,17,weather_driven,historically_calibrated,0.060601,0.010302,0.9716,9.1186,0.022,8.125
7602,11,13,18,weather_driven,historically_calibrated,0.287569,0.048887,4.1091,9.8156,0.0,5.7064
7603,11,13,19,weather_driven,historically_calibrated,0.15969,0.027147,2.4915,10.3487,0.0,7.8572
7604,11,13,20,weather_driven,historically_calibrated,0.212016,0.036043,3.1927,10.5319,0.0,7.3393
7605,11,13,21,weather_driven,historically_calibrated,0.151975,0.025836,2.3828,10.5078,0.0,8.125
7606,11,13,22,weather_driven,historically_calibrated,0.13455,0.022873,2.1319,10.2569,0.0,8.125
7607,11,13,23,weather_driven,historically_calibrated,0.386416,0.065691,5.1708,10.0634,0.0,4.8926
7608,11,13,24,weather_driven,historically_calibrated,0.183338,0.031167,2.8159,8.105,0.0,5.2891
7609,11,14,1,weather_driven,historically_calibrated,0.270042,0.045907,3.9055,7.7284,0.0,3.8229
7610,11,14,2,weather_driven,historically_calibrated,0.25245,0.042916,3.6959,7.8559,0.0,4.16
7611,11,14,3,weather_driven,historically_calibrated,0.264385,0.044945,3.8387,7.9987,0.0,4.16
7612,11,14,4,weather_driven,historically_calibrated,0.224914,0.038235,3.3566,8.0586,0.0,4.702
7613,11,14,5,weather_driven,historically_calibrated,0.295951,0.050312,4.2047,8.1938,0.0,3.9891
7614,11,14,6,weather_driven,historically_calibrated,0.286341,0.048678,4.095,8.4308,0.0,4.3358
7615,11,14,7,weather_driven,historically_calibrated,0.709562,0.120626,7.9086,10.4384,0.0,2.5298
7616,11,14,8,weather_driven,historically_calibrated,0.893102,0.151827,9.1325,10.4437,0.0,1.3112
7617,11,14,9,weather_driven,historically_calibrated,0.739517,0.125718,8.1213,10.1136,0.035,1.9573
7618,11,14,10,weather_driven,historically_calibrated,0.698615,0.118765,7.8294,9.521,0.1244,1.5671
7619,11,14,11,weather_driven,historically_calibrated,0.599846,0.101974,7.0782,8.8657,0.2203,1.5671
7620,11,14,12,weather_driven,historically_calibrated,0.52105,0.088579,6.4249,8.443,0.2631,1.755
7621,11,14,13,weather_driven,historically_calibrated,0.520058,0.08841,6.4163,8.141,0.2462,1.4784
7622,11,14,14,weather_driven,historically_calibrated,0.55893,0.095018,6.7455,8.2602,0.2035,1.3112
7623,11,14,15,weather_driven,historically_calibrated,0.676449,0.114996,7.6668,8.6441,0.1516,0.8257
7624,11,14,16,weather_driven,historically_calibrated,0.788707,0.13408,8.459,9.2618,0.0894,0.7133
7625,11,14,17,weather_driven,historically_calibrated,0.991184,0.168501,9.7181,9.8719,0.0181,0.1356
7626,11,14,18,weather_driven,historically_calibrated,1.039592,0.176731,9.9924,10.2933,0.0,0.3009
7627,11,14,19,weather_driven,historically_calibrated,1.165529,0.19814,10.6654,10.711,0.0,0.0457
7628,11,14,20,weather_driven,historically_calibrated,1.162802,0.197676,10.6514,10.6514,0.0,0.0
7629,11,14,21,weather_driven,historically_calibrated,1.156322,0.196575,10.618,10.6237,0.0,0.0057
7630,11,14,22,weather_driven,historically_calibrated,1.138769,0.193591,10.527,10.5351,0.0,0.0081
7631,11,14,23,weather_driven,historically_calibrated,1.081702,0.183889,10.2237,10.2237,0.0,0.0
7632,11,14,24,weather_driven,historically_calibrated,0.774331,0.131636,8.3618,8.3618,0.0,0.0
7633,11,15,1,weather_driven,historically_calibrated,0.729835,0.124072,8.0532,8.0532,0.0,0.0
7634,11,15,2,weather_driven,historically_calibrated,0.729518,0.124018,8.0509,8.059,0.0,0.0081
7635,11,15,3,weather_driven,historically_calibrated,0.742525,0.126229,8.1424,8.1616,0.0,0.0193
7636,11,15,4,weather_driven,historically_calibrated,0.760512,0.129287,8.2672,8.3048,0.0,0.0376
7637,11,15,5,weather_driven,historically_calibrated,0.784563,0.133376,8.4311,8.4859,0.0,0.0548
7638,11,15,6,weather_driven,historically_calibrated,0.815879,0.138699,8.6397,8.6454,0.0,0.0057
7639,11,15,7,weather_driven,historically_calibrated,1.131318,0.192324,10.488,10.4918,0.0,0.0038
7640,11,15,8,weather_driven,historically_calibrated,1.180596,0.200701,10.7423,10.7729,0.0,0.0306
7641,11,15,9,weather_driven,historically_calibrated,1.185719,0.201572,10.7683,10.8346,0.0013,0.065
7642,11,15,10,weather_driven,historically_calibrated,1.163534,0.197801,10.6551,10.7292,0.0091,0.065
7643,11,15,11,weather_driven,historically_calibrated,1.102111,0.187359,10.3334,10.4205,0.022,0.065
7644,11,15,12,weather_driven,historically_calibrated,1.014471,0.17246,9.8512,10.0127,0.0428,0.1187
7645,11,15,13,weather_driven,historically_calibrated,0.996251,0.169363,9.7473,9.8482,0.0765,0.0245
7646,11,15,14,weather_driven,historically_calibrated,0.987052,0.167799,9.6943,9.9294,0.0609,0.1741
7647,11,15,15,weather_driven,historically_calibrated,0.957229,0.162729,9.5201,10.2512,0.07,0.6611
7648,11,15,16,weather_driven,historically_calibrated,1.175606,0.199853,10.7169,10.8206,0.0272,0.0764
7649,11,15,17,weather_driven,historically_calibrated,1.276408,0.216989,11.2151,11.5523,0.0052,0.332
7650,11,15,18,weather_driven,historically_calibrated,1.260609,0.214304,11.139,12.0251,0.0,0.8861
7651,11,15,19,weather_driven,historically_calibrated,1.429953,0.243092,11.9199,12.2208,0.0,0.3009
7652,11,15,20,weather_driven,historically_calibrated,1.477802,0.251226,12.1276,12.3235,0.0,0.1959
7653,11,15,21,weather_driven,historically_calibrated,1.4119,0.240023,11.8401,12.0142,0.0,0.1741
7654,11,15,22,weather_driven,historically_calibrated,1.309315,0.222584,11.3714,11.7034,0.0,0.332
7655,11,15,23,weather_driven,historically_calibrated,1.259889,0.214181,11.1355,11.2387,0.0,0.1032
7656,11,15,24,weather_driven,historically_calibrated,0.941856,0.160116,9.4288,9.603,0.0,0.1741
7657,11,16,1,weather_driven,historically_calibrated,0.916855,0.155865,9.2782,9.4741,0.0,0.1959
7658,11,16,2,weather_driven,historically_calibrated,0.905082,0.153864,9.2063,9.6841,0.0,0.4779
7659,11,16,3,weather_driven,historically_calibrated,0.940079,0.159813,9.4182,9.7503,0.0,0.332
7660,11,16,4,weather_driven,historically_calibrated,0.887245,0.150832,9.0961,9.8643,0.0,0.7682
7661,11,16,5,weather_driven,historically_calibrated,0.69217,0.117669,7.7825,10.0715,0.0,2.289
7662,11,16,6,weather_driven,historically_calibrated,0.732756,0.124569,8.0738,10.3628,0.0,2.289
7663,11,16,7,weather_driven,historically_calibrated,0.909184,0.154561,9.2314,12.7359,0.0,3.5045
7664,11,16,8,weather_driven,historically_calibrated,0.661096,0.112386,7.5522,12.2541,0.0,4.702
7665,11,16,9,weather_driven,historically_calibrated,0.648015,0.110163,7.4532,12.1656,0.0104,4.702
7666,11,16,10,weather_driven,historically_calibrated,0.481977,0.081936,6.0804,11.6079,0.0324,5.4951
7667,11,16,11,weather_driven,historically_calibrated,0.370916,0.063056,5.0132,11.0102,0.0739,5.9231
7668,11,16,12,weather_driven,historically_calibrated,0.363505,0.061796,4.9368,10.6405,0.2087,5.4951
7669,11,16,13,weather_driven,historically_calibrated,0.322071,0.054752,4.4956,10.469,0.267,5.7064
7670,11,16,14,weather_driven,historically_calibrated,0.404611,0.068784,5.352,10.6074,0.1672,5.0882
7671,11,16,15,weather_driven,historically_calibrated,0.520191,0.088432,6.4175,10.7869,0.0337,4.3358
7672,11,16,16,weather_driven,historically_calibrated,0.47841,0.08133,6.0482,11.1546,0.0181,5.0882
7673,11,16,17,weather_driven,historically_calibrated,0.738981,0.125627,8.1176,11.7841,0.0052,3.6614
7674,11,16,18,weather_driven,historically_calibrated,1.025815,0.174389,9.9153,12.2043,0.0,2.289
7675,11,16,19,weather_driven,historically_calibrated,1.131176,0.1923,10.4872,12.3416,0.0,1.8543
7676,11,16,20,weather_driven,historically_calibrated,1.177309,0.200143,10.7256,12.204,0.0,1.4784
7677,11,16,21,weather_driven,historically_calibrated,1.282881,0.21809,11.2461,12.0142,0.0,0.7682
7678,11,16,22,weather_driven,historically_calibrated,1.233018,0.209613,11.0044,11.3696,0.0,0.3652
7679,11,16,23,weather_driven,historically_calibrated,1.24083,0.210941,11.0427,11.1319,0.0,0.0892
7680,11,16,24,weather_driven,historically_calibrated,0.846355,0.14388,8.8378,8.8754,0.0,0.0376
7681,11,17,1,weather_driven,historically_calibrated,0.72117,0.122599,7.9917,8.0065,0.0,0.0148
7682,11,17,2,weather_driven,historically_calibrated,0.750645,0.12761,8.1989,8.1992,0.0,0.0003
7683,11,17,3,weather_driven,historically_calibrated,0.77543,0.131823,8.3692,8.3706,0.0,0.0014
7684,11,17,4,weather_driven,historically_calibrated,0.801684,0.136286,8.5458,8.5465,0.0,0.0007
7685,11,17,5,weather_driven,historically_calibrated,0.834747,0.141907,8.7629,8.7667,0.0,0.0038
7686,11,17,6,weather_driven,historically_calibrated,0.874997,0.148749,9.0196,9.0203,0.0,0.0007
7687,11,17,7,weather_driven,historically_calibrated,1.278551,0.217354,11.2254,11.2255,0.0,0.0001
7688,11,17,8,weather_driven,historically_calibrated,1.319068,0.224242,11.4171,11.4252,0.0,0.0081
7689,11,17,9,weather_driven,historically_calibrated,1.294873,0.220128,11.3032,11.3454,0.0117,0.0306
7690,11,17,10,weather_driven,historically_calibrated,1.252623,0.212946,11.1003,11.1845,0.0467,0.0376
7691,11,17,11,weather_driven,historically_calibrated,1.14433,0.194536,10.5559,11.0665,0.0726,0.4381
7692,11,17,12,weather_driven,historically_calibrated,0.92107,0.156582,9.3038,11.0409,0.0778,1.6593
7693,11,17,13,weather_driven,historically_calibrated,0.600552,0.102094,7.0838,11.1546,0.0816,3.9891
7694,11,17,14,weather_driven,historically_calibrated,0.433003,0.07361,5.6269,11.3904,0.057,5.7064
7695,11,17,15,weather_driven,historically_calibrated,0.284501,0.048365,4.0738,12.2403,0.0415,8.125
7696,11,17,16,weather_driven,historically_calibrated,0.357891,0.060841,4.8784,13.028,0.0246,8.125
7697,11,17,17,weather_driven,historically_calibrated,0.412703,0.070159,5.4313,13.5602,0.0039,8.125
7698,11,17,18,weather_driven,historically_calibrated,0.706252,0.120063,7.8847,14.0299,0.0,6.1452
7699,11,17,19,weather_driven,historically_calibrated,0.581653,0.098881,6.932,14.0211,0.0,7.0891
7700,11,17,20,weather_driven,historically_calibrated,0.603348,0.102569,7.1061,12.6012,0.0,5.4951
7701,11,17,21,weather_driven,historically_calibrated,0.611847,0.104014,7.1733,12.0658,0.0,4.8926
7702,11,17,22,weather_driven,historically_calibrated,0.505904,0.086004,6.2931,11.3813,0.0,5.0882
7703,11,17,23,weather_driven,historically_calibrated,0.814975,0.138546,8.6338,10.3888,0.0,1.755
7704,11,17,24,weather_driven,historically_calibrated,0.404567,0.068776,5.3516,8.0078,0.0,2.6563
7705,11,18,1,weather_driven,historically_calibrated,-0.022517,-0.003828,-0.5667,7.5583,0.0,8.125
7706,11,18,2,weather_driven,historically_calibrated,-0.001529,-0.00026,-0.15,7.975,0.0,8.125
7707,11,18,3,weather_driven,historically_calibrated,0.015372,0.002613,0.1707,8.2957,0.0,8.125
7708,11,18,4,weather_driven,historically_calibrated,0.024897,0.004233,0.346,8.471,0.0,8.125
7709,11,18,5,weather_driven,historically_calibrated,0.028501,0.004845,0.4114,8.5364,0.0,8.125
7710,11,18,6,weather_driven,historically_calibrated,0.026866,0.004567,0.3818,8.5068,0.0,8.125
7711,11,18,7,weather_driven,historically_calibrated,0.140305,0.023852,2.2157,10.3407,0.0,8.125
7712,11,18,8,weather_driven,historically_calibrated,0.145519,0.024738,2.2908,10.4158,0.0,8.125
7713,11,18,9,weather_driven,historically_calibrated,0.160547,0.027293,2.5035,10.6311,0.0026,8.125
7714,11,18,10,weather_driven,historically_calibrated,0.155487,0.026433,2.4325,10.5782,0.0207,8.125
7715,11,18,11,weather_driven,historically_calibrated,0.130288,0.022149,2.0693,10.228,0.0337,8.125
7716,11,18,12,weather_driven,historically_calibrated,0.107026,0.018194,1.7191,9.8856,0.0415,8.125
7717,11,18,13,weather_driven,historically_calibrated,0.088731,0.015084,1.4326,9.6315,0.0739,8.125
7718,11,18,14,weather_driven,historically_calibrated,0.103148,0.017535,1.6592,9.6149,0.0985,7.8572
7719,11,18,15,weather_driven,historically_calibrated,0.296284,0.050368,4.2085,9.9733,0.0583,5.7064
7720,11,18,16,weather_driven,historically_calibrated,0.261152,0.044396,3.8003,10.4671,0.0609,6.6059
7721,11,18,17,weather_driven,historically_calibrated,0.617972,0.105055,7.2214,11.0546,0.0104,3.8229
7722,11,18,18,weather_driven,historically_calibrated,0.864953,0.147042,8.9563,11.6125,0.0,2.6563
7723,11,18,19,weather_driven,historically_calibrated,1.114055,0.189389,10.397,12.3543,0.0,1.9573
7724,11,18,20,weather_driven,historically_calibrated,1.078599,0.183362,10.2068,12.3814,0.0,2.1746
7725,11,18,21,weather_driven,historically_calibrated,1.181584,0.200869,10.7473,12.2258,0.0,1.4784
7726,11,18,22,weather_driven,historically_calibrated,1.233555,0.209704,11.007,11.8932,0.0,0.8861
7727,11,18,23,weather_driven,historically_calibrated,1.366472,0.2323,11.6358,12.404,0.0,0.7682
7728,11,18,24,weather_driven,historically_calibrated,0.8084,0.137428,8.5904,9.1104,0.0,0.52
7729,11,19,1,weather_driven,historically_calibrated,0.93464,0.158889,9.3856,9.7177,0.0,0.332
7730,11,19,2,weather_driven,historically_calibrated,0.9563,0.162571,9.5146,9.8467,0.0,0.332
7731,11,19,3,weather_driven,historically_calibrated,1.107284,0.188238,10.361,10.6057,0.0,0.2447
7732,11,19,4,weather_driven,historically_calibrated,1.186602,0.201722,10.7728,10.8492,0.0,0.0764
7733,11,19,5,weather_driven,historically_calibrated,1.25644,0.213595,11.1188,11.1564,0.0,0.0376
7734,11,19,6,weather_driven,historically_calibrated,1.346788,0.228954,11.5457,11.565,0.0,0.0193
7735,11,19,7,weather_driven,historically_calibrated,1.893803,0.321946,13.7399,13.7511,0.0,0.0111
7736,11,19,8,weather_driven,historically_calibrated,1.954075,0.332193,13.9492,13.9549,0.0,0.0057
7737,11,19,9,weather_driven,historically_calibrated,1.850453,0.314577,13.5861,13.6075,0.0207,0.0007
7738,11,19,10,weather_driven,historically_calibrated,1.550944,0.26366,12.4352,12.5415,0.1063,0.0001
7739,11,19,11,weather_driven,historically_calibrated,1.33293,0.226598,11.4817,11.7072,0.2255,0.0
7740,11,19,12,weather_driven,historically_calibrated,1.181225,0.200808,10.7455,11.0591,0.3136,0.0
7741,11,19,13,weather_driven,historically_calibrated,1.123627,0.191017,10.4476,10.7794,0.3318,0.0001
7742,11,19,14,weather_driven,historically_calibrated,1.143518,0.194398,10.5517,10.8161,0.2644,0.0
7743,11,19,15,weather_driven,historically_calibrated,1.242498,0.211225,11.0509,11.2155,0.1646,0.0
7744,11,19,16,weather_driven,historically_calibrated,1.617231,0.274929,12.7043,12.7691,0.0648,0.0
7745,11,19,17,weather_driven,historically_calibrated,1.87704,0.319097,13.6808,13.6963,0.0156,0.0
7746,11,19,18,weather_driven,historically_calibrated,2.093623,0.355916,14.4139,14.4139,0.0,0.0
7747,11,19,19,weather_driven,historically_calibrated,2.532502,0.430525,15.7234,15.7234,0.0,0.0
7748,11,19,20,weather_driven,historically_calibrated,2.555577,0.434448,15.7868,15.7871,0.0,0.0003
7749,11,19,21,weather_driven,historically_calibrated,2.490244,0.423341,15.6061,15.6064,0.0,0.0003
7750,11,19,22,weather_driven,historically_calibrated,2.332065,0.396451,15.1513,15.1527,0.0,0.0014
7751,11,19,23,weather_driven,historically_calibrated,2.204371,0.374743,14.7647,14.7648,0.0,0.0001
7752,11,19,24,weather_driven,historically_calibrated,1.428679,0.242875,11.9142,11.9142,0.0,0.0
7753,11,20,1,weather_driven,historically_calibrated,1.277389,0.217156,11.2198,11.2198,0.0,0.0
7754,11,20,2,weather_driven,historically_calibrated,1.313391,0.223276,11.3905,11.3905,0.0,0.0
7755,11,20,3,weather_driven,historically_calibrated,1.346101,0.228837,11.5426,11.5426,0.0,0.0
7756,11,20,4,weather_driven,historically_calibrated,1.410559,0.239795,11.8341,11.8341,0.0,0.0
7757,11,20,5,weather_driven,historically_calibrated,1.494685,0.254096,12.1996,12.1996,0.0,0.0
7758,11,20,6,weather_driven,historically_calibrated,1.600788,0.272134,12.6383,12.6383,0.0,0.0
7759,11,20,7,weather_driven,historically_calibrated,2.327517,0.395678,15.1379,15.1403,0.0,0.0024
7760,11,20,8,weather_driven,historically_calibrated,2.427249,0.412632,15.428,15.4361,0.0,0.0081
7761,11,20,9,weather_driven,historically_calibrated,2.380209,0.404636,15.2924,15.3267,0.0194,0.0148
7762,11,20,10,weather_driven,historically_calibrated,2.265803,0.385186,14.953,15.0678,0.1037,0.0111
7763,11,20,11,weather_driven,historically_calibrated,2.198651,0.373771,14.747,14.9776,0.2268,0.0038
7764,11,20,12,weather_driven,historically_calibrated,2.047165,0.348018,14.2621,14.6171,0.3305,0.0245
7765,11,20,13,weather_driven,historically_calibrated,1.983061,0.33712,14.0479,14.4525,0.359,0.0457
7766,11,20,14,weather_driven,historically_calibrated,1.93094,0.32826,13.8695,14.2065,0.2994,0.0376
7767,11,20,15,weather_driven,historically_calibrated,2.032544,0.345532,14.2137,14.4296,0.1853,0.0306
7768,11,20,16,weather_driven,historically_calibrated,2.34042,0.397871,15.176,15.2743,0.0791,0.0193
7769,11,20,17,weather_driven,historically_calibrated,2.603277,0.442557,15.9162,15.9562,0.0156,0.0245
7770,11,20,18,weather_driven,historically_calibrated,2.835366,0.482012,16.5181,16.5638,0.0,0.0457
7771,11,20,19,weather_driven,historically_calibrated,3.382409,0.575009,17.7823,17.8371,0.0,0.0548
7772,11,20,20,weather_driven,historically_calibrated,3.349735,0.569455,17.7121,17.7577,0.0,0.0457
7773,11,20,21,weather_driven,historically_calibrated,3.144311,0.534533,17.256,17.2866,0.0,0.0306
7774,11,20,22,weather_driven,historically_calibrated,2.798009,0.475661,16.4242,16.4323,0.0,0.0081
7775,11,20,23,weather_driven,historically_calibrated,2.493715,0.423932,15.6158,15.6196,0.0,0.0038
7776,11,20,24,weather_driven,historically_calibrated,1.559386,0.265096,12.4699,12.4707,0.0,0.0007
7777,11,21,1,weather_driven,historically_calibrated,1.382167,0.234968,11.707,11.707,0.0,0.0
7778,11,21,2,weather_driven,historically_calibrated,1.375072,0.233762,11.6749,11.6749,0.0,0.0
7779,11,21,3,weather_driven,historically_calibrated,1.390884,0.23645,11.7462,11.7462,0.0,0.0
7780,11,21,4,weather_driven,historically_calibrated,1.38306,0.23512,11.711,11.711,0.0,0.0
7781,11,21,5,weather_driven,historically_calibrated,1.436648,0.24423,11.9492,11.9492,0.0,0.0
7782,11,21,6,weather_driven,historically_calibrated,1.476767,0.25105,12.1231,12.1231,0.0,0.0
7783,11,21,7,weather_driven,historically_calibrated,2.17062,0.369005,14.6594,14.6594,0.0,0.0
7784,11,21,8,weather_driven,historically_calibrated,2.410943,0.40986,15.3813,15.3813,0.0,0.0
7785,11,21,9,weather_driven,historically_calibrated,2.42674,0.412546,15.4265,15.4376,0.0104,0.0007
7786,11,21,10,weather_driven,historically_calibrated,2.271561,0.386165,14.9704,15.0678,0.0324,0.065
7787,11,21,11,weather_driven,historically_calibrated,1.870184,0.317931,13.6564,14.2806,0.0596,0.5645
7788,11,21,12,weather_driven,historically_calibrated,1.393092,0.236826,11.7561,13.7276,0.2164,1.755
7789,11,21,13,weather_driven,historically_calibrated,1.324748,0.225207,11.4436,13.5213,0.3227,1.755
7790,11,21,14,weather_driven,historically_calibrated,1.419335,0.241287,11.873,13.6327,0.2812,1.4784
7791,11,21,15,weather_driven,historically_calibrated,1.5819,0.268923,12.562,14.2154,0.175,1.4784
7792,11,21,16,weather_driven,historically_calibrated,2.045718,0.347772,14.2573,15.2186,0.0752,0.8861
7793,11,21,17,weather_driven,historically_calibrated,2.295416,0.390221,15.0422,16.0721,0.0143,1.0156
7794,11,21,18,weather_driven,historically_calibrated,2.449511,0.416417,15.4914,16.8026,0.0,1.3112
7795,11,21,19,weather_driven,historically_calibrated,2.969216,0.504767,16.846,18.0786,0.0,1.2326
7796,11,21,20,weather_driven,historically_calibrated,2.935224,0.498988,16.764,17.9966,0.0,1.2326
7797,11,21,21,weather_driven,historically_calibrated,2.743737,0.466435,16.2857,17.5183,0.0,1.2326
7798,11,21,22,weather_driven,historically_calibrated,2.531348,0.430329,15.7202,16.8774,0.0,1.1571
7799,11,21,23,weather_driven,historically_calibrated,2.386707,0.40574,15.3113,16.2607,0.0,0.9494
7800,11,21,24,weather_driven,historically_calibrated,1.518873,0.258208,12.3017,13.0699,0.0,0.7682
7801,11,22,1,weather_driven,historically_calibrated,1.368099,0.232577,11.6432,12.3566,0.0,0.7133
7802,11,22,2,weather_driven,historically_calibrated,1.403123,0.238531,11.801,12.3656,0.0,0.5645
7803,11,22,3,weather_driven,historically_calibrated,1.447685,0.246106,11.9974,12.398,0.0,0.4005
7804,11,22,4,weather_driven,historically_calibrated,1.473184,0.250441,12.1077,12.4087,0.0,0.3009
7805,11,22,5,weather_driven,historically_calibrated,1.473085,0.250424,12.1073,12.4082,0.0,0.3009
7806,11,22,6,weather_driven,historically_calibrated,1.534378,0.260844,12.3665,12.6383,0.0,0.2718
7807,11,22,7,weather_driven,historically_calibrated,2.227955,0.378752,14.8375,15.0334,0.0,0.1959
7808,11,22,8,weather_driven,historically_calibrated,2.446218,0.415857,15.482,15.6007,0.0,0.1187
7809,11,22,9,weather_driven,historically_calibrated,2.519879,0.428379,15.6885,15.7704,0.0168,0.065
7810,11,22,10,weather_driven,historically_calibrated,2.444813,0.415618,15.478,15.617,0.0933,0.0457
7811,11,22,11,weather_driven,historically_calibrated,2.117159,0.359917,14.4897,14.7095,0.1892,0.0306
7812,11,22,12,weather_driven,historically_calibrated,1.90191,0.323325,13.7684,13.9369,0.1685,0.0
7813,11,22,13,weather_driven,historically_calibrated,1.794747,0.305107,13.3839,13.5213,0.1374,0.0
7814,11,22,14,weather_driven,historically_calibrated,1.706234,0.29006,13.0521,13.2154,0.1633,0.0
7815,11,22,15,weather_driven,historically_calibrated,1.777822,0.30223,13.3215,13.4654,0.1439,0.0
7816,11,22,16,weather_driven,historically_calibrated,1.962597,0.333641,13.9783,14.0495,0.0674,0.0038
7817,11,22,17,weather_driven,historically_calibrated,2.135832,0.363091,14.5494,14.6235,0.0091,0.065
7818,11,22,18,weather_driven,historically_calibrated,2.265512,0.385137,14.9521,15.0708,0.0,0.1187
7819,11,22,19,weather_driven,historically_calibrated,2.808317,0.477414,16.4502,16.5689,0.0,0.1187
7820,11,22,20,weather_driven,historically_calibrated,2.724204,0.463115,16.2353,16.3245,0.0,0.0892
7821,11,22,21,weather_driven,historically_calibrated,2.449086,0.416345,15.4902,15.6643,0.0,0.1741
7822,11,22,22,weather_driven,historically_calibrated,2.149872,0.365478,14.594,14.5964,0.0,0.0024
7823,11,22,23,weather_driven,historically_calibrated,2.005556,0.340945,14.1237,14.1237,0.0,0.0
7824,11,22,24,weather_driven,historically_calibrated,1.343165,0.228338,11.529,11.529,0.0,0.0
7825,11,23,1,weather_driven,historically_calibrated,1.243834,0.211452,11.0574,11.0574,0.0,0.0
7826,11,23,2,weather_driven,historically_calibrated,1.279081,0.217444,11.2279,11.228,0.0,0.0001
7827,11,23,3,weather_driven,historically_calibrated,1.285239,0.218491,11.2573,11.2574,0.0,0.0001
7828,11,23,4,weather_driven,historically_calibrated,1.277064,0.217101,11.2182,11.2185,0.0,0.0003
7829,11,23,5,weather_driven,historically_calibrated,1.304827,0.221821,11.3502,11.3651,0.0,0.0148
7830,11,23,6,weather_driven,historically_calibrated,1.383867,0.235257,11.7147,11.7797,0.0,0.065
7831,11,23,7,weather_driven,historically_calibrated,2.01334,0.342268,14.1498,14.2854,0.0,0.1356
7832,11,23,8,weather_driven,historically_calibrated,2.087434,0.354864,14.3938,14.6132,0.0,0.2194
7833,11,23,9,weather_driven,historically_calibrated,2.014007,0.342381,14.152,14.4394,0.0156,0.2718
7834,11,23,10,weather_driven,historically_calibrated,1.825752,0.310378,13.4971,13.8596,0.0907,0.2718
7835,11,23,11,weather_driven,historically_calibrated,1.701344,0.289229,13.0334,13.53,0.1957,0.3009
7836,11,23,12,weather_driven,historically_calibrated,1.483828,0.252251,12.1534,12.8904,0.2592,0.4779
7837,11,23,13,weather_driven,historically_calibrated,1.342893,0.228292,11.5278,12.5901,0.2942,0.7682
7838,11,23,14,weather_driven,historically_calibrated,1.259177,0.21406,11.1321,12.4852,0.2683,1.0848
7839,11,23,15,weather_driven,historically_calibrated,1.439077,0.244643,11.9599,13.144,0.1685,1.0156
7840,11,23,16,weather_driven,historically_calibrated,1.559673,0.265144,12.4711,13.9382,0.0739,1.3932
7841,11,23,17,weather_driven,historically_calibrated,1.920977,0.326566,13.8349,14.7973,0.013,0.9494
7842,11,23,18,weather_driven,historically_calibrated,2.112012,0.359042,14.4732,15.4888,0.0,1.0156
7843,11,23,19,weather_driven,historically_calibrated,2.353858,0.400156,15.2155,16.4481,0.0,1.2326
7844,11,23,20,weather_driven,historically_calibrated,2.278393,0.387327,14.991,16.3842,0.0,1.3932
7845,11,23,21,weather_driven,historically_calibrated,2.094779,0.356112,14.4176,15.8961,0.0,1.4784
7846,11,23,22,weather_driven,historically_calibrated,1.897164,0.322518,13.7517,15.7091,0.0,1.9573
7847,11,23,23,weather_driven,historically_calibrated,1.880549,0.319693,13.6932,15.3525,0.0,1.6593
7848,11,23,24,weather_driven,historically_calibrated,1.119247,0.190272,10.4245,12.5991,0.0,2.1746
7849,11,24,1,weather_driven,historically_calibrated,0.776367,0.131982,8.3756,11.0319,0.0,2.6563
7850,11,24,2,weather_driven,historically_calibrated,0.715026,0.121554,7.9478,11.1521,0.0,3.2043
7851,11,24,3,weather_driven,historically_calibrated,0.640504,0.108886,7.3959,11.2188,0.0,3.8229
7852,11,24,4,weather_driven,historically_calibrated,0.61276,0.104169,7.1805,11.3405,0.0,4.16
7853,11,24,5,weather_driven,historically_calibrated,0.573698,0.097529,6.8672,11.5691,0.0,4.702
7854,11,24,6,weather_driven,historically_calibrated,0.649744,0.110456,7.4664,11.9828,0.0,4.5164
7855,11,24,7,weather_driven,historically_calibrated,1.152395,0.195907,10.5977,14.4206,0.0,3.8229
7856,11,24,8,weather_driven,historically_calibrated,1.261962,0.214533,11.1455,14.8069,0.0,3.6614
7857,11,24,9,weather_driven,historically_calibrated,1.180671,0.200714,10.7427,14.9169,0.0143,4.16
7858,11,24,10,weather_driven,historically_calibrated,1.061156,0.180397,10.1116,14.7213,0.0933,4.5164
7859,11,24,11,weather_driven,historically_calibrated,0.9279,0.157743,9.3451,14.0753,0.2138,4.5164
7860,11,24,12,weather_driven,historically_calibrated,0.770146,0.130925,8.3332,13.3514,0.3162,4.702
7861,11,24,13,weather_driven,historically_calibrated,0.664335,0.112937,7.5765,13.0108,0.346,5.0882
7862,11,24,14,weather_driven,historically_calibrated,0.686643,0.116729,7.742,13.1179,0.2877,5.0882
7863,11,24,15,weather_driven,historically_calibrated,0.802746,0.136467,8.5529,13.8174,0.1763,5.0882
7864,11,24,16,weather_driven,historically_calibrated,0.99703,0.169495,9.7518,14.7182,0.0739,4.8926
7865,11,24,17,weather_driven,historically_calibrated,1.090572,0.185397,10.2715,15.3727,0.013,5.0882
7866,11,24,18,weather_driven,historically_calibrated,1.125564,0.191346,10.4578,15.9529,0.0,5.4951
7867,11,24,19,weather_driven,historically_calibrated,1.375451,0.233827,11.6766,16.9657,0.0,5.2891
7868,11,24,20,weather_driven,historically_calibrated,1.478275,0.251307,12.1296,16.8316,0.0,4.702
7869,11,24,21,weather_driven,historically_calibrated,1.54107,0.261982,12.3943,16.3834,0.0,3.9891
7870,11,24,22,weather_driven,historically_calibrated,1.464545,0.248973,12.0705,15.7319,0.0,3.6614
7871,11,24,23,weather_driven,historically_calibrated,1.370022,0.232904,11.652,15.1565,0.0,3.5045
7872,11,24,24,weather_driven,historically_calibrated,0.851238,0.14471,8.869,12.2212,0.0,3.3521
7873,11,25,1,weather_driven,historically_calibrated,0.761769,0.129501,8.2758,11.4801,0.0,3.2043
7874,11,25,2,weather_driven,historically_calibrated,0.810478,0.137781,8.6041,11.5258,0.0,2.9217
7875,11,25,3,weather_driven,historically_calibrated,0.882047,0.149948,9.0637,11.5935,0.0,2.5298
7876,11,25,4,weather_driven,historically_calibrated,0.896016,0.152323,9.1505,11.6803,0.0,2.5298
7877,11,25,5,weather_driven,historically_calibrated,0.955051,0.162359,9.5072,11.9146,0.0,2.4074
7878,11,25,6,weather_driven,historically_calibrated,1.056252,0.179563,10.0847,12.2593,0.0,2.1746
7879,11,25,7,weather_driven,historically_calibrated,1.656918,0.281676,12.8612,14.7155,0.0,1.8543
7880,11,25,8,weather_driven,historically_calibrated,1.799116,0.30585,13.4,15.0593,0.0,1.6593
7881,11,25,9,weather_driven,historically_calibrated,1.880995,0.319769,13.6948,15.019,0.013,1.3112
7882,11,25,10,weather_driven,historically_calibrated,1.819606,0.309333,13.4748,14.7213,0.0894,1.1571
7883,11,25,11,weather_driven,historically_calibrated,1.684661,0.286392,12.9692,14.1246,0.2061,0.9494
7884,11,25,12,weather_driven,historically_calibrated,1.559074,0.265043,12.4687,13.544,0.3072,0.7682
7885,11,25,13,weather_driven,historically_calibrated,1.518041,0.258067,12.2982,13.2963,0.337,0.6611
7886,11,25,14,weather_driven,historically_calibrated,1.593602,0.270912,12.6094,13.4538,0.2799,0.5645
7887,11,25,15,weather_driven,historically_calibrated,1.77834,0.302318,13.3235,14.0145,0.1711,0.52
7888,11,25,16,weather_driven,historically_calibrated,1.991286,0.338519,14.0757,14.667,0.0713,0.52
7889,11,25,17,weather_driven,historically_calibrated,2.214654,0.376491,14.7965,15.3727,0.0117,0.5645
7890,11,25,18,weather_driven,historically_calibrated,2.394339,0.407038,15.3334,15.8979,0.0,0.5645
7891,11,25,19,weather_driven,historically_calibrated,2.801215,0.476207,16.4323,16.9101,0.0,0.4779
7892,11,25,20,weather_driven,historically_calibrated,2.764336,0.469937,16.3386,16.7766,0.0,0.4381
7893,11,25,21,weather_driven,historically_calibrated,2.613911,0.444365,15.9447,16.2768,0.0,0.332
7894,11,25,22,weather_driven,historically_calibrated,2.43007,0.413112,15.4361,15.6807,0.0,0.2447
7895,11,25,23,weather_driven,historically_calibrated,2.282154,0.387966,15.0024,15.1565,0.0,0.1541
7896,11,25,24,weather_driven,historically_calibrated,1.481143,0.251794,12.1419,12.2605,0.0,0.1187
7897,11,26,1,weather_driven,historically_calibrated,1.536447,0.261196,12.3751,12.4783,0.0,0.1032
7898,11,26,2,weather_driven,historically_calibrated,1.538059,0.26147,12.3818,12.4468,0.0,0.065
7899,11,26,3,weather_driven,historically_calibrated,1.5444,0.262548,12.4081,12.4387,0.0,0.0306
7900,11,26,4,weather_driven,historically_calibrated,1.577057,0.2681,12.5422,12.5728,0.0,0.0306
7901,11,26,5,weather_driven,historically_calibrated,1.62299,0.275908,12.7272,12.7421,0.0,0.0148
7902,11,26,6,weather_driven,historically_calibrated,1.694079,0.287993,13.0055,13.0248,0.0,0.0193
7903,11,26,7,weather_driven,historically_calibrated,2.446802,0.415956,15.4837,15.5143,0.0,0.0306
7904,11,26,8,weather_driven,historically_calibrated,2.58255,0.439033,15.8602,15.875,0.0,0.0148
7905,11,26,9,weather_driven,historically_calibrated,2.61765,0.445,15.9548,15.9922,0.013,0.0245
7906,11,26,10,weather_driven,historically_calibrated,2.45731,0.417743,15.5135,15.617,0.0791,0.0245
7907,11,26,11,weather_driven,historically_calibrated,2.222135,0.377763,14.8196,14.9776,0.1335,0.0245
7908,11,26,12,weather_driven,historically_calibrated,2.042524,0.347229,14.2468,14.4601,0.1827,0.0306
7909,11,26,13,weather_driven,historically_calibrated,1.964503,0.333965,13.9848,14.2456,0.2151,0.0457
7910,11,26,14,weather_driven,historically_calibrated,1.909279,0.324577,13.7942,14.1021,0.2048,0.1032
7911,11,26,15,weather_driven,historically_calibrated,2.015426,0.342622,14.1567,14.4296,0.1542,0.1187
7912,11,26,16,weather_driven,historically_calibrated,2.22231,0.377793,14.8201,14.9959,0.0726,0.1032
7913,11,26,17,weather_driven,historically_calibrated,2.361406,0.401439,15.2376,15.4926,0.0104,0.2447
7914,11,26,18,weather_driven,historically_calibrated,2.522123,0.428761,15.6947,15.9666,0.0,0.2718
7915,11,26,19,weather_driven,historically_calibrated,2.81682,0.478859,16.4716,16.9916,0.0,0.52
7916,11,26,20,weather_driven,historically_calibrated,2.725113,0.463269,16.2377,16.8022,0.0,0.5645
7917,11,26,21,weather_driven,historically_calibrated,2.443934,0.415469,15.4756,16.2437,0.0,0.7682
7918,11,26,22,weather_driven,historically_calibrated,2.223208,0.377945,14.8229,15.7091,0.0,0.8861
7919,11,26,23,weather_driven,historically_calibrated,2.23296,0.379603,14.8529,15.5662,0.0,0.7133
7920,11,26,24,weather_driven,historically_calibrated,1.451527,0.24676,12.0142,12.7275,0.0,0.7133
7921,11,27,1,weather_driven,historically_calibrated,1.330999,0.22627,11.4727,11.9506,0.0,0.4779
7922,11,27,2,weather_driven,historically_calibrated,1.259114,0.214049,11.1318,12.0812,0.0,0.9494
7923,11,27,3,weather_driven,historically_calibrated,1.312307,0.223092,11.3854,12.1536,0.0,0.7682
7924,11,27,4,weather_driven,historically_calibrated,1.394409,0.237049,11.762,12.3266,0.0,0.5645
7925,11,27,5,weather_driven,historically_calibrated,1.382323,0.234995,11.7077,12.5334,0.0,0.8257
7926,11,27,6,weather_driven,historically_calibrated,1.525959,0.259413,12.3314,12.8959,0.0,0.5645
7927,11,27,7,weather_driven,historically_calibrated,2.240551,0.380894,14.8761,15.354,0.0,0.4779
7928,11,27,8,weather_driven,historically_calibrated,2.359686,0.401147,15.2326,15.7104,0.0,0.4779
7929,11,27,9,weather_driven,historically_calibrated,2.400409,0.40807,15.3509,15.8813,0.0104,0.52
7930,11,27,10,weather_driven,historically_calibrated,2.223563,0.378006,14.824,15.3424,0.0804,0.4381
7931,11,27,11,weather_driven,historically_calibrated,2.041903,0.347124,14.2447,14.6559,0.1918,0.2194
7932,11,27,12,weather_driven,historically_calibrated,1.784342,0.303338,13.3456,13.9369,0.2903,0.3009
7933,11,27,13,weather_driven,historically_calibrated,1.614981,0.274547,12.6953,13.6765,0.3201,0.6611
7934,11,27,14,weather_driven,historically_calibrated,1.683349,0.286169,12.9641,13.8414,0.2657,0.6116
7935,11,27,15,weather_driven,historically_calibrated,1.942199,0.330174,13.9083,14.5903,0.162,0.52
7936,11,27,16,weather_driven,historically_calibrated,2.288753,0.389088,15.0222,15.6083,0.0661,0.52
7937,11,27,17,weather_driven,historically_calibrated,2.534524,0.430869,15.729,16.3039,0.0104,0.5645
7938,11,27,18,weather_driven,historically_calibrated,2.78928,0.474178,16.4021,16.9221,0.0,0.52
7939,11,27,19,weather_driven,historically_calibrated,3.344593,0.568581,17.701,18.139,0.0,0.4381
7940,11,27,20,weather_driven,historically_calibrated,3.312547,0.563133,17.6314,17.9966,0.0,0.3652
7941,11,27,21,weather_driven,historically_calibrated,3.217843,0.547033,17.4222,17.5763,0.0,0.1541
7942,11,27,22,weather_driven,historically_calibrated,2.926069,0.497432,16.7418,16.8774,0.0,0.1356
7943,11,27,23,weather_driven,historically_calibrated,2.688359,0.457021,16.142,16.2607,0.0,0.1187
7944,11,27,24,weather_driven,historically_calibrated,1.691095,0.287486,12.994,13.1127,0.0,0.1187
7945,11,28,1,weather_driven,historically_calibrated,1.481127,0.251792,12.1418,12.316,0.0,0.1741
7946,11,28,2,weather_driven,historically_calibrated,1.479391,0.251496,12.1344,12.4062,0.0,0.2718
7947,11,28,3,weather_driven,historically_calibrated,1.489727,0.253254,12.1785,12.4794,0.0,0.3009
7948,11,28,4,weather_driven,historically_calibrated,1.538362,0.261522,12.3831,12.6549,0.0,0.2718
7949,11,28,5,weather_driven,historically_calibrated,1.624899,0.276233,12.7348,12.909,0.0,0.1741
7950,11,28,6,weather_driven,historically_calibrated,1.741156,0.295997,13.1847,13.2394,0.0,0.0548
7951,11,28,7,weather_driven,historically_calibrated,2.53369,0.430727,15.7267,15.7814,0.0,0.0548
7952,11,28,8,weather_driven,historically_calibrated,2.657247,0.451732,16.0602,16.1493,0.0,0.0892
7953,11,28,9,weather_driven,historically_calibrated,2.644043,0.449487,16.0252,16.1031,0.013,0.065
7954,11,28,10,weather_driven,historically_calibrated,2.530536,0.430191,15.718,15.8367,0.0881,0.0306
7955,11,28,11,weather_driven,historically_calibrated,2.260879,0.384349,14.9381,15.1384,0.1698,0.0306
7956,11,28,12,weather_driven,historically_calibrated,2.072165,0.352268,14.3441,14.6171,0.2424,0.0306
7957,11,28,13,weather_driven,historically_calibrated,1.981201,0.336804,14.0416,14.3491,0.2527,0.0548
7958,11,28,14,weather_driven,historically_calibrated,2.02001,0.343402,14.172,14.4673,0.2061,0.0892
7959,11,28,15,weather_driven,historically_calibrated,2.205895,0.375002,14.7694,14.9653,0.1309,0.065
7960,11,28,16,weather_driven,historically_calibrated,2.417012,0.410892,15.3987,15.5527,0.0648,0.0892
7961,11,28,17,weather_driven,historically_calibrated,2.668457,0.453638,16.0898,16.188,0.0091,0.0892
7962,11,28,18,weather_driven,historically_calibrated,2.91967,0.496344,16.7262,16.8026,0.0,0.0764
7963,11,28,19,weather_driven,historically_calibrated,3.405908,0.579004,17.8325,17.8975,0.0,0.065
7964,11,28,20,weather_driven,historically_calibrated,3.377496,0.574174,17.7718,17.8174,0.0,0.0457
7965,11,28,21,weather_driven,historically_calibrated,3.13374,0.532736,17.2318,17.2866,0.0,0.0548
7966,11,28,22,weather_driven,historically_calibrated,2.823668,0.480024,16.4888,16.5436,0.0,0.0548
7967,11,28,23,weather_driven,historically_calibrated,2.572159,0.437267,15.832,15.8867,0.0,0.0548
7968,11,28,24,weather_driven,historically_calibrated,1.611616,0.273975,12.6818,12.7275,0.0,0.0457
7969,11,29,1,weather_driven,historically_calibrated,1.42656,0.242515,11.9049,11.9506,0.0,0.0457
7970,11,29,2,weather_driven,historically_calibrated,1.439634,0.244738,11.9623,11.9999,0.0,0.0376
7971,11,29,3,weather_driven,historically_calibrated,1.444994,0.245649,11.9857,12.0314,0.0,0.0457
7972,11,29,4,weather_driven,historically_calibrated,1.470665,0.250013,12.0969,12.1214,0.0,0.0245
7973,11,29,5,weather_driven,historically_calibrated,1.511781,0.257003,12.2719,12.2831,0.0,0.0111
7974,11,29,6,weather_driven,historically_calibrated,1.586488,0.269703,12.5806,12.5954,0.0,0.0148
7975,11,29,7,weather_driven,historically_calibrated,2.268352,0.38562,14.9607,14.98,0.0,0.0193
7976,11,29,8,weather_driven,historically_calibrated,2.407068,0.409202,15.3701,15.3813,0.0,0.0111
7977,11,29,9,weather_driven,historically_calibrated,2.443598,0.415412,15.4746,15.4931,0.0104,0.0081
7978,11,29,10,weather_driven,historically_calibrated,2.240255,0.380843,14.8752,14.958,0.0804,0.0024
7979,11,29,11,weather_driven,historically_calibrated,1.848424,0.314232,13.5788,13.7445,0.1633,0.0024
7980,11,29,12,weather_driven,historically_calibrated,1.624756,0.276209,12.7343,12.9427,0.2061,0.0024
7981,11,29,13,weather_driven,historically_calibrated,1.553938,0.26417,12.4475,12.6936,0.2436,0.0024
7982,11,29,14,weather_driven,historically_calibrated,1.5812,0.268804,12.5591,12.7982,0.2242,0.0148
7983,11,29,15,weather_driven,historically_calibrated,1.755951,0.298512,13.2402,13.4118,0.1568,0.0148
7984,11,29,16,weather_driven,historically_calibrated,1.982898,0.337093,14.0473,14.1609,0.0829,0.0306
7985,11,29,17,weather_driven,historically_calibrated,2.193478,0.372891,14.7309,14.7973,0.0117,0.0548
7986,11,29,18,weather_driven,historically_calibrated,2.467861,0.419536,15.5433,15.6083,0.0,0.065
7987,11,29,19,weather_driven,historically_calibrated,2.967557,0.504485,16.8421,16.9312,0.0,0.0892
7988,11,29,20,weather_driven,historically_calibrated,2.948842,0.501303,16.797,16.862,0.0,0.065
7989,11,29,21,weather_driven,historically_calibrated,2.773818,0.471549,16.3628,16.4175,0.0,0.0548
7990,11,29,22,weather_driven,historically_calibrated,2.551161,0.433697,15.7747,15.8203,0.0,0.0457
7991,11,29,23,weather_driven,historically_calibrated,2.355783,0.400483,15.2211,15.2456,0.0,0.0245
7992,11,29,24,weather_driven,historically_calibrated,1.514801,0.257516,12.2846,12.2995,0.0,0.0148
7993,11,30,1,weather_driven,historically_calibrated,1.351183,0.229701,11.5659,11.5852,0.0,0.0193
7994,11,30,2,weather_driven,historically_calibrated,1.366789,0.232354,11.6373,11.6749,0.0,0.0376
7995,11,30,3,weather_driven,historically_calibrated,1.37647,0.234,11.6812,11.7462,0.0,0.065
7996,11,30,4,weather_driven,historically_calibrated,1.409522,0.239619,11.8295,11.8752,0.0,0.0457
7997,11,30,5,weather_driven,historically_calibrated,1.48653,0.25271,12.1649,12.2413,0.0,0.0764
7998,11,30,6,weather_driven,historically_calibrated,1.589336,0.270187,12.5921,12.6813,0.0,0.0892
7999,11,30,7,weather_driven,historically_calibrated,2.349081,0.399344,15.2015,15.2471,0.0,0.0457
8000,11,30,8,weather_driven,historically_calibrated,2.531141,0.430294,15.7196,15.7653,0.0,0.0457
8001,11,30,9,weather_driven,historically_calibrated,2.534499,0.430865,15.7289,15.8258,0.0078,0.0892
8002,11,30,10,weather_driven,historically_calibrated,2.410898,0.409853,15.3811,15.5072,0.0713,0.0548
8003,11,30,11,weather_driven,historically_calibrated,2.109746,0.358657,14.4659,14.6559,0.1788,0.0111
8004,11,30,12,weather_driven,historically_calibrated,1.927213,0.327626,13.8566,14.1462,0.2748,0.0148
8005,11,30,13,weather_driven,historically_calibrated,1.847788,0.314124,13.5765,13.8835,0.3046,0.0024
8006,11,30,14,weather_driven,historically_calibrated,1.909108,0.324548,13.7936,14.05,0.254,0.0024
8007,11,30,15,weather_driven,historically_calibrated,2.178694,0.370378,14.6847,14.8582,0.1542,0.0193
8008,11,30,16,weather_driven,historically_calibrated,2.540102,0.431817,15.7443,15.831,0.0622,0.0245
8009,11,30,17,weather_driven,historically_calibrated,2.820022,0.479404,16.4797,16.5357,0.0104,0.0457
8010,11,30,18,weather_driven,historically_calibrated,3.01938,0.513295,16.9656,17.1012,0.0,0.1356
8011,11,30,19,weather_driven,historically_calibrated,3.487166,0.592818,18.0035,18.1994,0.0,0.1959
8012,11,30,20,weather_driven,historically_calibrated,3.369849,0.572874,17.7554,18.0563,0.0,0.3009
8013,11,30,21,weather_driven,historically_calibrated,3.109335,0.528587,17.1757,17.5763,0.0,0.4005
8014,11,30,22,weather_driven,historically_calibrated,2.914522,0.495469,16.7136,16.933,0.0,0.2194
8015,11,30,23,weather_driven,historically_calibrated,2.647044,0.449997,16.0331,16.2073,0.0,0.1741
8016,11,30,24,weather_driven,historically_calibrated,1.649013,0.280332,12.8302,12.9843,0.0,0.1541
8017,12,1,1,weather_driven,historically_calibrated,0.332528,0.05653,4.6092,6.1764,0.0,1.5671
8018,12,1,2,weather_driven,historically_calibrated,0.379264,0.064475,5.0985,6.2556,0.0,1.1571
8019,12,1,3,weather_driven,historically_calibrated,0.416937,0.070879,5.4725,6.4219,0.0,0.9494
8020,12,1,4,weather_driven,historically_calibrated,0.442806,0.075277,5.7197,6.5455,0.0,0.8257
8021,12,1,5,weather_driven,historically_calibrated,0.476682,0.081036,6.0326,6.6937,0.0,0.6611
8022,12,1,6,weather_driven,historically_calibrated,0.495149,0.084175,6.1982,6.9663,0.0,0.7682
8023,12,1,7,weather_driven,historically_calibrated,0.710671,0.120814,7.9166,8.866,0.0,0.9494
8024,12,1,8,weather_driven,historically_calibrated,0.758748,0.128987,8.255,9.2044,0.0,0.9494
8025,12,1,9,weather_driven,historically_calibrated,0.709171,0.120559,7.9058,8.9984,0.0078,1.0848
8026,12,1,10,weather_driven,historically_calibrated,0.755907,0.128504,8.2354,8.8098,0.0544,0.52
8027,12,1,11,weather_driven,historically_calibrated,0.549282,0.093378,6.665,8.5017,0.0816,1.755
8028,12,1,12,weather_driven,historically_calibrated,0.535915,0.091105,6.5522,8.297,0.0855,1.6593
8029,12,1,13,weather_driven,historically_calibrated,0.524442,0.089155,6.4541,8.0609,0.1283,1.4784
8030,12,1,14,weather_driven,historically_calibrated,0.511532,0.08696,6.3423,8.1753,0.1737,1.6593
8031,12,1,15,weather_driven,historically_calibrated,0.459938,0.078189,5.8794,8.544,0.1348,2.5298
8032,12,1,16,weather_driven,historically_calibrated,0.494642,0.084089,6.1937,9.1866,0.0713,2.9217
8033,12,1,17,weather_driven,historically_calibrated,0.610396,0.103767,7.1618,9.8285,0.0104,2.6563
8034,12,1,18,weather_driven,historically_calibrated,0.569399,0.096798,6.8319,10.1841,0.0,3.3521
8035,12,1,19,weather_driven,historically_calibrated,0.429828,0.073071,5.5966,10.2986,0.0,4.702
8036,12,1,20,weather_driven,historically_calibrated,0.276049,0.046928,3.9759,10.3487,0.0,6.3728
8037,12,1,21,weather_driven,historically_calibrated,0.189471,0.03221,2.8979,9.987,0.0,7.0891
8038,12,1,22,weather_driven,historically_calibrated,0.078022,0.013264,1.2602,9.3852,0.0,8.125
8039,12,1,23,weather_driven,historically_calibrated,0.047069,0.008002,0.7401,8.8651,0.0,8.125
8040,12,1,24,weather_driven,historically_calibrated,-0.042462,-0.007218,-0.9835,7.1415,0.0,8.125
8041,12,2,1,weather_driven,historically_calibrated,-0.060887,-0.010351,-1.3884,6.7366,0.0,8.125
8042,12,2,2,weather_driven,historically_calibrated,-0.038435,-0.006534,-0.8976,7.2274,0.0,8.125
8043,12,2,3,weather_driven,historically_calibrated,-0.035766,-0.00608,-0.8412,7.2838,0.0,8.125
8044,12,2,4,weather_driven,historically_calibrated,-0.043846,-0.007454,-1.0132,7.1118,0.0,8.125
8045,12,2,5,weather_driven,historically_calibrated,-0.043652,-0.007421,-1.009,7.116,0.0,8.125
8046,12,2,6,weather_driven,historically_calibrated,-0.041422,-0.007042,-0.9612,7.1638,0.0,8.125
8047,12,2,7,weather_driven,historically_calibrated,0.035921,0.006107,0.5443,8.6693,0.0,8.125
8048,12,2,8,weather_driven,historically_calibrated,0.03479,0.005914,0.5242,8.6492,0.0,8.125
8049,12,2,9,weather_driven,historically_calibrated,0.01461,0.002484,0.1565,8.2841,0.0026,8.125
8050,12,2,10,weather_driven,historically_calibrated,-0.036511,-0.006207,-0.8569,7.2941,0.0259,8.125
8051,12,2,11,weather_driven,historically_calibrated,-0.013308,-0.002262,-0.3812,7.8112,0.0674,8.125
8052,12,2,12,weather_driven,historically_calibrated,-0.013406,-0.002279,-0.3832,7.8157,0.0739,8.125
8053,12,2,13,weather_driven,historically_calibrated,0.2108,0.035836,3.177,8.1085,0.0389,4.8926
8054,12,2,14,weather_driven,historically_calibrated,0.048562,0.008256,0.766,8.1273,0.022,7.3393
8055,12,2,15,weather_driven,historically_calibrated,0.730024,0.124104,8.0545,8.544,0.0117,0.4779
8056,12,2,16,weather_driven,historically_calibrated,0.560073,0.095212,6.755,8.8281,0.0091,2.0641
8057,12,2,17,weather_driven,historically_calibrated,0.693788,0.117944,7.7943,9.1888,0.0013,1.3932
8058,12,2,18,weather_driven,historically_calibrated,0.804433,0.136754,8.5641,9.5797,0.0,1.0156
8059,12,2,19,weather_driven,historically_calibrated,0.840692,0.142918,8.8013,9.6875,0.0,0.8861
8060,12,2,20,weather_driven,historically_calibrated,0.718852,0.122205,7.9752,9.6344,0.0,1.6593
8061,12,2,21,weather_driven,historically_calibrated,0.788371,0.134023,8.4568,9.6139,0.0,1.1571
8062,12,2,22,weather_driven,historically_calibrated,0.788805,0.134097,8.4597,9.6923,0.0,1.2326
8063,12,2,23,weather_driven,historically_calibrated,0.659972,0.112195,7.5437,9.1109,0.0,1.5671
8064,12,2,24,weather_driven,historically_calibrated,0.484438,0.082355,6.1025,7.2597,0.0,1.1571
8065,12,3,1,weather_driven,historically_calibrated,0.538714,0.091581,6.576,7.5254,0.0,0.9494
8066,12,3,2,weather_driven,historically_calibrated,0.515812,0.087688,6.3795,7.6121,0.0,1.2326
8067,12,3,3,weather_driven,historically_calibrated,0.518113,0.088079,6.3995,7.6321,0.0,1.2326
8068,12,3,4,weather_driven,historically_calibrated,0.556758,0.094649,6.7275,7.8123,0.0,1.0848
8069,12,3,5,weather_driven,historically_calibrated,0.620718,0.105522,7.2428,8.0686,0.0,0.8257
8070,12,3,6,weather_driven,historically_calibrated,0.654546,0.111273,7.5028,8.2161,0.0,0.7133
8071,12,3,7,weather_driven,historically_calibrated,1.053117,0.17903,10.0674,10.5452,0.0,0.4779
8072,12,3,8,weather_driven,historically_calibrated,1.168196,0.198593,10.679,11.1569,0.0,0.4779
8073,12,3,9,weather_driven,historically_calibrated,1.179839,0.200573,10.7384,11.2228,0.0065,0.4779
8074,12,3,10,weather_driven,historically_calibrated,1.086195,0.184653,10.2479,10.7841,0.0583,0.4779
8075,12,3,11,weather_driven,historically_calibrated,0.942622,0.160246,9.4334,10.206,0.1115,0.6611
8076,12,3,12,weather_driven,historically_calibrated,0.848793,0.144295,8.8534,9.908,0.1685,0.8861
8077,12,3,13,weather_driven,historically_calibrated,0.939143,0.159654,9.4126,9.5378,0.0946,0.0306
8078,12,3,14,weather_driven,historically_calibrated,0.939969,0.159795,9.4176,9.7729,0.1594,0.1959
8079,12,3,15,weather_driven,historically_calibrated,1.010365,0.171762,9.8279,10.0905,0.127,0.1356
8080,12,3,16,weather_driven,historically_calibrated,1.245792,0.211785,11.067,11.1546,0.057,0.0306
8081,12,3,17,weather_driven,historically_calibrated,1.28729,0.218839,11.2671,11.3205,0.0078,0.0457
8082,12,3,18,weather_driven,historically_calibrated,1.354823,0.23032,11.5826,11.6071,0.0,0.0245
8083,12,3,19,weather_driven,historically_calibrated,1.570874,0.267049,12.517,12.5227,0.0,0.0057
8084,12,3,20,weather_driven,historically_calibrated,1.670673,0.284014,12.9149,12.9206,0.0,0.0057
8085,12,3,21,weather_driven,historically_calibrated,1.661584,0.282469,12.8795,12.8833,0.0,0.0038
8086,12,3,22,weather_driven,historically_calibrated,1.562047,0.265548,12.4809,12.4823,0.0,0.0014
8087,12,3,23,weather_driven,historically_calibrated,1.443909,0.245464,11.981,11.9867,0.0,0.0057
8088,12,3,24,weather_driven,historically_calibrated,0.977287,0.166139,9.6377,9.6458,0.0,0.0081
8089,12,4,1,weather_driven,historically_calibrated,0.935005,0.158951,9.3878,9.4335,0.0,0.0457
8090,12,4,2,weather_driven,historically_calibrated,0.942464,0.160219,9.4325,9.5216,0.0,0.0892
8091,12,4,3,weather_driven,historically_calibrated,0.929747,0.158057,9.3562,9.6281,0.0,0.2718
8092,12,4,4,weather_driven,historically_calibrated,0.820278,0.139447,8.6686,9.618,0.0,0.9494
8093,12,4,5,weather_driven,historically_calibrated,0.784098,0.133297,8.428,9.8211,0.0,1.3932
8094,12,4,6,weather_driven,historically_calibrated,0.716072,0.121732,7.9553,10.0193,0.0,2.0641
8095,12,4,7,weather_driven,historically_calibrated,0.973973,0.165575,9.6184,12.1482,0.0,2.5298
8096,12,4,8,weather_driven,historically_calibrated,0.907762,0.15432,9.2227,12.1444,0.0,2.9217
8097,12,4,9,weather_driven,historically_calibrated,0.839301,0.142681,8.7924,11.9992,0.0026,3.2043
8098,12,4,10,weather_driven,historically_calibrated,0.431093,0.073286,5.6087,11.3333,0.0181,5.7064
8099,12,4,11,weather_driven,historically_calibrated,0.447058,0.076,5.7597,10.6885,0.0363,4.8926
8100,12,4,12,weather_driven,historically_calibrated,0.24601,0.041822,3.6178,10.2743,0.0505,6.6059
8101,12,4,13,weather_driven,historically_calibrated,0.506119,0.08604,6.295,10.3138,0.0298,3.9891
8102,12,4,14,weather_driven,historically_calibrated,0.725184,0.123281,8.0202,10.451,0.0233,2.4074
8103,12,4,15,weather_driven,historically_calibrated,0.835175,0.14198,8.7657,10.7334,0.0104,1.9573
8104,12,4,16,weather_driven,historically_calibrated,0.883023,0.150114,9.0698,10.9319,0.0078,1.8543
8105,12,4,17,weather_driven,historically_calibrated,1.063389,0.180776,10.1239,11.4364,0.0013,1.3112
8106,12,4,18,weather_driven,historically_calibrated,1.112784,0.189173,10.3902,11.5474,0.0,1.1571
8107,12,4,19,weather_driven,historically_calibrated,1.323502,0.224995,11.4378,11.5565,0.0,0.1187
8108,12,4,20,weather_driven,historically_calibrated,1.23362,0.209715,11.0073,11.3083,0.0,0.3009
8109,12,4,21,weather_driven,historically_calibrated,0.715713,0.121671,7.9527,10.7396,0.0,2.7869
8110,12,4,22,weather_driven,historically_calibrated,0.803446,0.136586,8.5575,10.3125,0.0,1.755
8111,12,4,23,weather_driven,historically_calibrated,0.518013,0.088062,6.3986,9.9031,0.0,3.5045
8112,12,4,24,weather_driven,historically_calibrated,0.375612,0.063854,5.0613,7.8482,0.0,2.7869
8113,12,5,1,weather_driven,historically_calibrated,0.463028,0.078715,5.9079,7.972,0.0,2.0641
8114,12,5,2,weather_driven,historically_calibrated,0.648097,0.110176,7.4539,8.0184,0.0,0.5645
8115,12,5,3,weather_driven,historically_calibrated,0.667096,0.113406,7.5971,8.3653,0.0,0.7682
8116,12,5,4,weather_driven,historically_calibrated,0.626666,0.106533,7.2892,8.3048,0.0,1.0156
8117,12,5,5,weather_driven,historically_calibrated,0.734992,0.124949,8.0895,8.5276,0.0,0.4381
8118,12,5,6,weather_driven,historically_calibrated,0.867371,0.147453,8.9716,9.0748,0.0,0.1032
8119,12,5,7,weather_driven,historically_calibrated,1.384917,0.235436,11.7194,11.7741,0.0,0.0548
8120,12,5,8,weather_driven,historically_calibrated,1.514775,0.257512,12.2845,12.309,0.0,0.0245
8121,12,5,9,weather_driven,historically_calibrated,1.51073,0.256824,12.2675,12.2765,0.0052,0.0038
8122,12,5,10,weather_driven,historically_calibrated,1.424924,0.242237,11.8977,11.9923,0.057,0.0376
8123,12,5,11,weather_driven,historically_calibrated,1.294228,0.220019,11.3001,11.6,0.1257,0.1741
8124,12,5,12,weather_driven,historically_calibrated,1.168573,0.198657,10.681,11.1114,0.2346,0.1959
8125,12,5,13,weather_driven,historically_calibrated,1.075559,0.182845,10.1903,10.9864,0.276,0.52
8126,12,5,14,weather_driven,historically_calibrated,1.101695,0.187288,10.3312,11.129,0.2333,0.5645
8127,12,5,15,weather_driven,historically_calibrated,1.281439,0.217845,11.2392,11.8583,0.1413,0.4779
8128,12,5,16,weather_driven,historically_calibrated,1.482761,0.252069,12.1488,12.7691,0.0557,0.5645
8129,12,5,17,weather_driven,historically_calibrated,1.59499,0.271148,12.615,13.6384,0.0078,1.0156
8130,12,5,18,weather_driven,historically_calibrated,1.877635,0.319198,13.6829,14.2944,0.0,0.6116
8131,12,5,19,weather_driven,historically_calibrated,1.995463,0.339229,14.0898,14.3344,0.0,0.2447
8132,12,5,20,weather_driven,historically_calibrated,1.920309,0.326453,13.8326,13.9358,0.0,0.1032
8133,12,5,21,weather_driven,historically_calibrated,1.924215,0.327116,13.8462,14.0421,0.0,0.1959
8134,12,5,22,weather_driven,historically_calibrated,1.853822,0.31515,13.5981,13.8175,0.0,0.2194
8135,12,5,23,weather_driven,historically_calibrated,1.863115,0.31673,13.6313,13.6963,0.0,0.065
8136,12,5,24,weather_driven,historically_calibrated,1.266481,0.215302,11.1674,11.1866,0.0,0.0193
8137,12,6,1,weather_driven,historically_calibrated,1.207968,0.205355,10.8802,10.895,0.0,0.0148
8138,12,6,2,weather_driven,historically_calibrated,1.223971,0.208075,10.9597,10.9842,0.0,0.0245
8139,12,6,3,weather_driven,historically_calibrated,1.17485,0.199725,10.713,10.7279,0.0,0.0148
8140,12,6,4,weather_driven,historically_calibrated,1.158485,0.196943,10.6292,10.644,0.0,0.0148
8141,12,6,5,weather_driven,historically_calibrated,1.186602,0.201722,10.7727,10.7809,0.0,0.0081
8142,12,6,6,weather_driven,historically_calibrated,1.259124,0.214051,11.1318,11.1356,0.0,0.0038
8143,12,6,7,weather_driven,historically_calibrated,1.865667,0.317163,13.6404,13.6442,0.0,0.0038
8144,12,6,8,weather_driven,historically_calibrated,1.860469,0.31628,13.6219,13.6257,0.0,0.0038
8145,12,6,9,weather_driven,historically_calibrated,1.793116,0.30483,13.378,13.3857,0.0039,0.0038
8146,12,6,10,weather_driven,historically_calibrated,1.620384,0.275465,12.7169,12.7612,0.0441,0.0003
8147,12,6,11,weather_driven,historically_calibrated,1.421642,0.241679,11.8832,11.9752,0.092,0.0
8148,12,6,12,weather_driven,historically_calibrated,1.298785,0.220793,11.3217,11.4254,0.1037,0.0
8149,12,6,13,weather_driven,historically_calibrated,1.272254,0.216283,11.1952,11.2968,0.0959,0.0057
8150,12,6,14,weather_driven,historically_calibrated,1.225236,0.20829,10.966,11.129,0.0739,0.0892
8151,12,6,15,weather_driven,historically_calibrated,1.276595,0.217021,11.216,11.4833,0.048,0.2194
8152,12,6,16,weather_driven,historically_calibrated,1.405645,0.23896,11.8123,11.9897,0.0233,0.1541
8153,12,6,17,weather_driven,historically_calibrated,1.513932,0.257368,12.281,12.4795,0.0026,0.1959
8154,12,6,18,weather_driven,historically_calibrated,1.607498,0.273275,12.6653,12.8612,0.0,0.1959
8155,12,6,19,weather_driven,historically_calibrated,1.53403,0.260785,12.3651,12.8851,0.0,0.52
8156,12,6,20,weather_driven,historically_calibrated,1.415492,0.240634,11.856,12.6818,0.0,0.8257
8157,12,6,21,weather_driven,historically_calibrated,1.218924,0.207217,10.9347,12.246,0.0,1.3112
8158,12,6,22,weather_driven,historically_calibrated,0.879393,0.149497,9.0471,11.7034,0.0,2.6563
8159,12,6,23,weather_driven,historically_calibrated,0.685592,0.116551,7.7343,11.2387,0.0,3.5045
8160,12,6,24,weather_driven,historically_calibrated,0.350512,0.059587,4.801,8.961,0.0,4.16
8161,12,7,1,weather_driven,historically_calibrated,0.319741,0.054356,4.4701,8.4591,0.0,3.9891
8162,12,7,2,weather_driven,historically_calibrated,0.33931,0.057683,4.6821,8.3434,0.0,3.6614
8163,12,7,3,weather_driven,historically_calibrated,0.437359,0.074351,5.6683,8.3246,0.0,2.6563
8164,12,7,4,weather_driven,historically_calibrated,0.551848,0.093814,6.6865,8.3458,0.0,1.6593
8165,12,7,5,weather_driven,historically_calibrated,0.699046,0.118838,7.8326,8.4441,0.0,0.6116
8166,12,7,6,weather_driven,historically_calibrated,0.76489,0.130031,8.2973,8.5166,0.0,0.2194
8167,12,7,7,weather_driven,historically_calibrated,1.137863,0.193437,10.5222,10.5987,0.0,0.0764
8168,12,7,8,weather_driven,historically_calibrated,1.16312,0.19773,10.653,10.718,0.0,0.065
8169,12,7,9,weather_driven,historically_calibrated,1.186733,0.201745,10.7734,10.7791,0.0,0.0057
8170,12,7,10,weather_driven,historically_calibrated,1.136463,0.193199,10.5149,10.5644,0.0039,0.0457
8171,12,7,11,weather_driven,historically_calibrated,1.045995,0.177819,10.028,10.206,0.0039,0.1741
8172,12,7,12,weather_driven,historically_calibrated,0.925698,0.157369,9.3318,9.8557,0.0039,0.52
8173,12,7,13,weather_driven,historically_calibrated,0.761217,0.129407,8.272,9.4344,0.0052,1.1571
8174,12,7,14,weather_driven,historically_calibrated,0.72369,0.123027,8.0096,9.2513,0.0091,1.2326
8175,12,7,15,weather_driven,historically_calibrated,0.789246,0.134172,8.4626,9.1798,0.0039,0.7133
8176,12,7,16,weather_driven,historically_calibrated,0.829206,0.140965,8.7269,9.2061,0.0013,0.4779
8177,12,7,17,weather_driven,historically_calibrated,0.856472,0.1456,8.9024,9.2345,0.0,0.332
8178,12,7,18,weather_driven,historically_calibrated,0.882331,0.149996,9.0655,9.3975,0.0,0.332
8179,12,7,19,weather_driven,historically_calibrated,0.786847,0.133764,8.4465,8.7785,0.0,0.332
8180,12,7,20,weather_driven,historically_calibrated,0.758859,0.129006,8.2558,8.621,0.0,0.3652
8181,12,7,21,weather_driven,historically_calibrated,0.711996,0.121039,7.9261,8.3641,0.0,0.4381
8182,12,7,22,weather_driven,historically_calibrated,0.629971,0.107095,7.3148,7.9759,0.0,0.6611
8183,12,7,23,weather_driven,historically_calibrated,0.563103,0.095727,6.7801,7.6058,0.0,0.8257
8184,12,7,24,weather_driven,historically_calibrated,0.391792,0.066605,5.2248,6.0505,0.0,0.8257
8185,12,8,1,weather_driven,historically_calibrated,0.34601,0.058822,4.7534,5.4667,0.0,0.7133
8186,12,8,2,weather_driven,historically_calibrated,0.314983,0.053547,4.4177,5.4333,0.0,1.0156
8187,12,8,3,weather_driven,historically_calibrated,0.235624,0.040056,3.4902,5.4476,0.0,1.9573
8188,12,8,4,weather_driven,historically_calibrated,0.26357,0.044807,3.829,5.4883,0.0,1.6593
8189,12,8,5,weather_driven,historically_calibrated,0.333295,0.05666,4.6175,5.5036,0.0,0.8861
8190,12,8,6,weather_driven,historically_calibrated,0.375367,0.063812,5.0588,5.6233,0.0,0.5645
8191,12,8,7,weather_driven,historically_calibrated,0.518422,0.088132,6.4022,6.7031,0.0,0.3009
8192,12,8,8,weather_driven,historically_calibrated,0.483876,0.082259,6.0975,6.9836,0.0,0.8861
8193,12,8,9,weather_driven,historically_calibrated,0.484766,0.08241,6.1055,7.4167,0.0,1.3112
8194,12,8,10,weather_driven,historically_calibrated,0.620501,0.105485,7.2412,8.2035,0.013,0.9494
8195,12,8,11,weather_driven,historically_calibrated,0.67627,0.114966,7.6654,8.403,0.0765,0.6611
8196,12,8,12,weather_driven,historically_calibrated,0.654817,0.111319,7.5048,8.2489,0.0829,0.6611
8197,12,8,13,weather_driven,historically_calibrated,0.718347,0.122119,7.9715,8.3464,0.1555,0.2194
8198,12,8,14,weather_driven,historically_calibrated,0.708833,0.120502,7.9033,8.5112,0.1698,0.4381
8199,12,8,15,weather_driven,historically_calibrated,0.774388,0.131646,8.3622,9.0369,0.1102,0.5645
8200,12,8,16,weather_driven,historically_calibrated,0.931479,0.158351,9.3667,9.6476,0.0363,0.2447
8201,12,8,17,weather_driven,historically_calibrated,1.184291,0.201329,10.761,10.8414,0.0039,0.0764
8202,12,8,18,weather_driven,historically_calibrated,1.381321,0.234825,11.7032,11.7224,0.0,0.0193
8203,12,8,19,weather_driven,historically_calibrated,1.489956,0.253293,12.1795,12.1876,0.0,0.0081
8204,12,8,20,weather_driven,historically_calibrated,1.59017,0.270329,12.5955,12.6012,0.0,0.0057
8205,12,8,21,weather_driven,historically_calibrated,1.602207,0.272375,12.6441,12.6522,0.0,0.0081
8206,12,8,22,weather_driven,historically_calibrated,1.567115,0.26641,12.5017,12.5074,0.0,0.0057
8207,12,8,23,weather_driven,historically_calibrated,1.530996,0.260269,12.3524,12.3548,0.0,0.0024
8208,12,8,24,weather_driven,historically_calibrated,1.065255,0.181093,10.1341,10.1342,0.0,0.0001
8209,12,9,1,weather_driven,historically_calibrated,0.99881,0.169798,9.762,9.762,0.0,0.0
8210,12,9,2,weather_driven,historically_calibrated,1.013119,0.17223,9.8435,9.8439,0.0,0.0003
8211,12,9,3,weather_driven,historically_calibrated,1.064736,0.181005,10.1313,10.132,0.0,0.0007
8212,12,9,4,weather_driven,historically_calibrated,1.092626,0.185746,10.2826,10.2833,0.0,0.0007
8213,12,9,5,weather_driven,historically_calibrated,1.132376,0.192504,10.4935,10.4942,0.0,0.0007
8214,12,9,6,weather_driven,historically_calibrated,1.183606,0.201213,10.7576,10.7583,0.0,0.0007
8215,12,9,7,weather_driven,historically_calibrated,1.755944,0.29851,13.2401,13.2409,0.0,0.0007
8216,12,9,8,weather_driven,historically_calibrated,1.838967,0.312624,13.5448,13.5451,0.0,0.0003
8217,12,9,9,weather_driven,historically_calibrated,1.726226,0.293458,13.1283,13.1312,0.0026,0.0003
8218,12,9,10,weather_driven,historically_calibrated,1.529908,0.260084,12.3479,12.3972,0.0492,0.0
8219,12,9,11,weather_driven,historically_calibrated,1.310232,0.222739,11.3757,11.5105,0.1348,0.0
8220,12,9,12,weather_driven,historically_calibrated,1.150943,0.19566,10.5902,10.8002,0.21,0.0
8221,12,9,13,weather_driven,historically_calibrated,1.079649,0.18354,10.2125,10.4406,0.2281,0.0
8222,12,9,14,weather_driven,historically_calibrated,1.091487,0.185553,10.2765,10.4786,0.2022,0.0
8223,12,9,15,weather_driven,historically_calibrated,1.199366,0.203892,10.8371,10.9589,0.1218,0.0
8224,12,9,16,weather_driven,historically_calibrated,1.368942,0.23272,11.6471,11.6963,0.0492,0.0
8225,12,9,17,weather_driven,historically_calibrated,1.550707,0.26362,12.4342,12.4407,0.0065,0.0
8226,12,9,18,weather_driven,historically_calibrated,1.717717,0.292012,13.096,13.096,0.0,0.0
8227,12,9,19,weather_driven,historically_calibrated,1.847815,0.314129,13.5766,13.5766,0.0,0.0
8228,12,9,20,weather_driven,historically_calibrated,1.91378,0.325343,13.8099,13.8099,0.0,0.0
8229,12,9,21,weather_driven,historically_calibrated,1.887643,0.320899,13.7182,13.7182,0.0,0.0
8230,12,9,22,weather_driven,historically_calibrated,1.779107,0.302448,13.3263,13.3263,0.0,0.0
8231,12,9,23,weather_driven,historically_calibrated,1.729655,0.294041,13.1413,13.1413,0.0,0.0
8232,12,9,24,weather_driven,historically_calibrated,1.154134,0.196203,10.6067,10.6067,0.0,0.0
8233,12,10,1,weather_driven,historically_calibrated,1.227305,0.208642,10.9762,10.9762,0.0,0.0
8234,12,10,2,weather_driven,historically_calibrated,1.228928,0.208918,10.9842,10.9842,0.0,0.0
8235,12,10,3,weather_driven,historically_calibrated,1.243084,0.211324,11.0538,11.0538,0.0,0.0
8236,12,10,4,weather_driven,historically_calibrated,1.251629,0.212777,11.0954,11.0954,0.0,0.0
8237,12,10,5,weather_driven,historically_calibrated,1.281583,0.217869,11.2399,11.2399,0.0,0.0
8238,12,10,6,weather_driven,historically_calibrated,1.28673,0.218744,11.2644,11.2644,0.0,0.0
8239,12,10,7,weather_driven,historically_calibrated,2.021952,0.343732,14.1785,14.1785,0.0,0.0
8240,12,10,8,weather_driven,historically_calibrated,2.20859,0.37546,14.7778,14.7778,0.0,0.0
8241,12,10,9,weather_driven,historically_calibrated,2.18809,0.371975,14.7141,14.7167,0.0026,0.0
8242,12,10,10,weather_driven,historically_calibrated,1.852106,0.314858,13.592,13.6399,0.048,0.0
8243,12,10,11,weather_driven,historically_calibrated,1.561501,0.265455,12.4786,12.6186,0.14,0.0
8244,12,10,12,weather_driven,historically_calibrated,1.338187,0.227492,11.506,11.7393,0.2333,0.0
8245,12,10,13,weather_driven,historically_calibrated,1.248774,0.212292,11.0815,11.3485,0.267,0.0
8246,12,10,14,weather_driven,historically_calibrated,1.332823,0.22658,11.4812,11.7028,0.2216,0.0
8247,12,10,15,weather_driven,historically_calibrated,1.561512,0.265457,12.4787,12.6083,0.1296,0.0
8248,12,10,16,weather_driven,historically_calibrated,1.857669,0.315804,13.6119,13.6598,0.048,0.0
8249,12,10,17,weather_driven,historically_calibrated,2.194023,0.372984,14.7326,14.7393,0.0065,0.0003
8250,12,10,18,weather_driven,historically_calibrated,2.425637,0.412358,15.4234,15.4291,0.0,0.0057
8251,12,10,19,weather_driven,historically_calibrated,2.703679,0.459625,16.182,16.2065,0.0,0.0245
8252,12,10,20,weather_driven,historically_calibrated,2.721049,0.462578,16.2272,16.2648,0.0,0.0376
8253,12,10,21,weather_driven,historically_calibrated,2.751161,0.467697,16.3048,16.3596,0.0,0.0548
8254,12,10,22,weather_driven,historically_calibrated,2.576002,0.43792,15.8424,15.9316,0.0,0.0892
8255,12,10,23,weather_driven,historically_calibrated,2.534931,0.430938,15.7301,15.8333,0.0,0.1032
8256,12,10,24,weather_driven,historically_calibrated,1.636284,0.278168,12.78,12.8987,0.0,0.1187
8257,12,11,1,weather_driven,historically_calibrated,1.532733,0.260565,12.3597,12.4783,0.0,0.1187
8258,12,11,2,weather_driven,historically_calibrated,1.526432,0.259493,12.3334,12.4875,0.0,0.1541
8259,12,11,3,weather_driven,historically_calibrated,1.534279,0.260827,12.3661,12.5202,0.0,0.1541
8260,12,11,4,weather_driven,historically_calibrated,1.565539,0.266142,12.4952,12.6139,0.0,0.1187
8261,12,11,5,weather_driven,historically_calibrated,1.625283,0.276298,12.7364,12.8255,0.0,0.0892
8262,12,11,6,weather_driven,historically_calibrated,1.715774,0.291682,13.0886,13.1536,0.0,0.065
8263,12,11,7,weather_driven,historically_calibrated,2.63568,0.448066,16.0029,16.0486,0.0,0.0457
8264,12,11,8,weather_driven,historically_calibrated,2.789277,0.474177,16.4021,16.4785,0.0,0.0764
8265,12,11,9,weather_driven,historically_calibrated,2.83181,0.481408,16.5092,16.6023,0.0039,0.0892
8266,12,11,10,weather_driven,historically_calibrated,2.729801,0.464066,16.2498,16.3859,0.0596,0.0764
8267,12,11,11,weather_driven,historically_calibrated,2.204829,0.374821,14.7661,14.9776,0.1464,0.065
8268,12,11,12,weather_driven,historically_calibrated,1.89628,0.322368,13.7486,14.0415,0.2164,0.0764
8269,12,11,13,weather_driven,historically_calibrated,1.754267,0.298225,13.2339,13.5213,0.1983,0.0892
8270,12,11,14,weather_driven,historically_calibrated,1.715949,0.291711,13.0892,13.4241,0.1607,0.1741
8271,12,11,15,weather_driven,historically_calibrated,1.838317,0.312514,13.5424,13.8404,0.1439,0.1541
8272,12,11,16,weather_driven,historically_calibrated,2.211813,0.376008,14.7878,14.9959,0.0726,0.1356
8273,12,11,17,weather_driven,historically_calibrated,2.466257,0.419264,15.5387,15.6665,0.0091,0.1187
8274,12,11,18,weather_driven,historically_calibrated,2.650576,0.450598,16.0425,16.1457,0.0,0.1032
8275,12,11,19,weather_driven,historically_calibrated,2.737244,0.465331,16.269,16.3877,0.0,0.1187
8276,12,11,20,weather_driven,historically_calibrated,2.933059,0.49862,16.7587,16.862,0.0,0.1032
8277,12,11,21,weather_driven,historically_calibrated,2.764839,0.470023,16.3398,16.4755,0.0,0.1356
8278,12,11,22,weather_driven,historically_calibrated,2.450633,0.416608,15.4946,15.5978,0.0,0.1032
8279,12,11,23,weather_driven,historically_calibrated,2.293194,0.389843,15.0356,15.1388,0.0,0.1032
8280,12,11,24,weather_driven,historically_calibrated,1.440656,0.244912,11.9668,12.0855,0.0,0.1187
8281,12,12,1,weather_driven,historically_calibrated,1.325952,0.225412,11.4492,11.504,0.0,0.0548
8282,12,12,2,weather_driven,historically_calibrated,1.341736,0.228095,11.5224,11.553,0.0,0.0306
8283,12,12,3,weather_driven,historically_calibrated,1.342883,0.22829,11.5277,11.5426,0.0,0.0148
8284,12,12,4,weather_driven,historically_calibrated,1.344057,0.22849,11.5331,11.5879,0.0,0.0548
8285,12,12,5,weather_driven,historically_calibrated,1.381282,0.234818,11.703,11.7406,0.0,0.0376
8286,12,12,6,weather_driven,historically_calibrated,1.385471,0.23553,11.7219,11.7367,0.0,0.0148
8287,12,12,7,weather_driven,historically_calibrated,2.086852,0.354765,14.3919,14.3922,0.0,0.0003
8288,12,12,8,weather_driven,historically_calibrated,2.208561,0.375455,14.7777,14.7778,0.0,0.0001
8289,12,12,9,weather_driven,historically_calibrated,2.429462,0.413009,15.4343,15.4376,0.0026,0.0007
8290,12,12,10,weather_driven,historically_calibrated,2.141923,0.364127,14.5688,14.6285,0.0583,0.0014
8291,12,12,11,weather_driven,historically_calibrated,1.900649,0.32311,13.764,13.9053,0.1413,0.0001
8292,12,12,12,weather_driven,historically_calibrated,1.74619,0.296852,13.2036,13.4136,0.21,0.0001
8293,12,12,13,weather_driven,historically_calibrated,1.586795,0.269755,12.5818,12.7971,0.2138,0.0014
8294,12,12,14,weather_driven,historically_calibrated,1.593409,0.27088,12.6086,12.7982,0.1814,0.0081
8295,12,12,15,weather_driven,historically_calibrated,1.681825,0.28591,12.9582,13.0904,0.1322,0.0
8296,12,12,16,weather_driven,historically_calibrated,1.853844,0.315153,13.5982,13.6598,0.0609,0.0007
8297,12,12,17,weather_driven,historically_calibrated,2.032003,0.345441,14.2119,14.2178,0.0052,0.0007
8298,12,12,18,weather_driven,historically_calibrated,2.168482,0.368642,14.6527,14.6528,0.0,0.0001
8299,12,12,19,weather_driven,historically_calibrated,2.260966,0.384364,14.9383,14.9383,0.0,0.0
8300,12,12,20,weather_driven,historically_calibrated,2.206227,0.375059,14.7705,14.7719,0.0,0.0014
8301,12,12,21,weather_driven,historically_calibrated,2.014076,0.342393,14.1522,14.1579,0.0,0.0057
8302,12,12,22,weather_driven,historically_calibrated,1.851345,0.314729,13.5892,13.595,0.0,0.0057
8303,12,12,23,weather_driven,historically_calibrated,1.692486,0.287723,12.9994,13.0018,0.0,0.0024
8304,12,12,24,weather_driven,historically_calibrated,1.108895,0.188512,10.3696,10.3734,0.0,0.0038
8305,12,13,1,weather_driven,historically_calibrated,0.990442,0.168375,9.7139,9.7177,0.0,0.0038
8306,12,13,2,weather_driven,historically_calibrated,0.955601,0.162452,9.5105,9.5216,0.0,0.0111
8307,12,13,3,weather_driven,historically_calibrated,0.938628,0.159567,9.4096,9.4244,0.0,0.0148
8308,12,13,4,weather_driven,historically_calibrated,0.920472,0.15648,9.3002,9.3308,0.0,0.0306
8309,12,13,5,weather_driven,historically_calibrated,0.932581,0.158539,9.3733,9.4039,0.0,0.0306
8310,12,13,6,weather_driven,historically_calibrated,0.940974,0.159966,9.4236,9.4612,0.0,0.0376
8311,12,13,7,weather_driven,historically_calibrated,1.340077,0.227813,11.5148,11.5604,0.0,0.0457
8312,12,13,8,weather_driven,historically_calibrated,1.401995,0.238339,11.796,11.8152,0.0,0.0193
8313,12,13,9,weather_driven,historically_calibrated,1.391007,0.236471,11.7468,11.7774,0.0,0.0306
8314,12,13,10,weather_driven,historically_calibrated,1.335284,0.226998,11.4926,11.4981,0.0052,0.0003
8315,12,13,11,weather_driven,historically_calibrated,1.231161,0.209297,10.9952,11.0102,0.0143,0.0007
8316,12,13,12,weather_driven,historically_calibrated,1.135451,0.193027,10.5096,10.5359,0.0181,0.0081
8317,12,13,13,weather_driven,historically_calibrated,1.057622,0.179796,10.0922,10.1586,0.0117,0.0548
8318,12,13,14,weather_driven,historically_calibrated,0.975215,0.165787,9.6256,9.7729,0.0117,0.1356
8319,12,13,15,weather_driven,historically_calibrated,0.968503,0.164646,9.5864,9.7155,0.0259,0.1032
8320,12,13,16,weather_driven,historically_calibrated,1.006818,0.171159,9.8077,9.8741,0.0117,0.0548
8321,12,13,17,weather_driven,historically_calibrated,1.02467,0.174194,9.9088,10.0457,0.0013,0.1356
8322,12,13,18,weather_driven,historically_calibrated,1.032807,0.175577,9.9545,10.1739,0.0,0.2194
8323,12,13,19,weather_driven,historically_calibrated,1.011665,0.171983,9.8353,10.1071,0.0,0.2718
8324,12,13,20,weather_driven,historically_calibrated,0.991969,0.168635,9.7227,9.9945,0.0,0.2718
8325,12,13,21,weather_driven,historically_calibrated,0.950928,0.161658,9.4828,9.7546,0.0,0.2718
8326,12,13,22,weather_driven,historically_calibrated,0.914167,0.155408,9.2618,9.5337,0.0,0.2718
8327,12,13,23,weather_driven,historically_calibrated,0.883882,0.15026,9.0752,9.4757,0.0,0.4005
8328,12,13,24,weather_driven,historically_calibrated,0.624538,0.106171,7.2726,7.9338,0.0,0.6611
8329,12,14,1,weather_driven,historically_calibrated,0.568121,0.096581,6.8214,7.6472,0.0,0.8257
8330,12,14,2,weather_driven,historically_calibrated,0.561477,0.095451,6.7666,7.6528,0.0,0.8861
8331,12,14,3,weather_driven,historically_calibrated,0.553213,0.094046,6.6979,7.7136,0.0,1.0156
8332,12,14,4,weather_driven,historically_calibrated,0.50121,0.085206,6.2518,7.7302,0.0,1.4784
8333,12,14,5,weather_driven,historically_calibrated,0.501131,0.085192,6.2511,7.8182,0.0,1.5671
8334,12,14,6,weather_driven,historically_calibrated,0.561743,0.095496,6.7688,8.0014,0.0,1.2326
8335,12,14,7,weather_driven,historically_calibrated,0.892991,0.151808,9.1318,9.9575,0.0,0.8257
8336,12,14,8,weather_driven,historically_calibrated,0.889522,0.151219,9.1103,10.0597,0.0,0.9494
8337,12,14,9,weather_driven,historically_calibrated,0.876461,0.148998,9.0288,10.1136,0.0,1.0848
8338,12,14,10,weather_driven,historically_calibrated,0.82267,0.139854,8.6843,9.8505,0.0091,1.1571
8339,12,14,11,weather_driven,historically_calibrated,0.668211,0.113596,7.6055,9.2946,0.0298,1.6593
8340,12,14,12,weather_driven,historically_calibrated,0.493522,0.083899,6.1837,9.0185,0.048,2.7869
8341,12,14,13,weather_driven,historically_calibrated,0.489391,0.083196,6.1469,8.9688,0.035,2.7869
8342,12,14,14,weather_driven,historically_calibrated,0.49073,0.083424,6.1588,9.0948,0.0143,2.9217
8343,12,14,15,weather_driven,historically_calibrated,0.510353,0.08676,6.332,9.3941,0.0013,3.0608
8344,12,14,16,weather_driven,historically_calibrated,0.679333,0.115487,7.6881,10.0968,0.0013,2.4074
8345,12,14,17,weather_driven,historically_calibrated,0.972464,0.165319,9.6096,10.6252,0.0,1.0156
8346,12,14,18,weather_driven,historically_calibrated,1.085447,0.184526,10.2439,11.0696,0.0,0.8257
8347,12,14,19,weather_driven,historically_calibrated,1.331505,0.226356,11.4751,12.0396,0.0,0.5645
8348,12,14,20,weather_driven,historically_calibrated,1.427814,0.242728,11.9104,12.0846,0.0,0.1741
8349,12,14,21,weather_driven,historically_calibrated,1.411814,0.240008,11.8397,11.8404,0.0,0.0007
8350,12,14,22,weather_driven,historically_calibrated,1.363714,0.231831,11.6233,11.6478,0.0,0.0245
8351,12,14,23,weather_driven,historically_calibrated,1.278872,0.217408,11.2269,11.3456,0.0,0.1187
8352,12,14,24,weather_driven,historically_calibrated,0.955549,0.162443,9.5102,9.6458,0.0,0.1356
8353,12,15,1,weather_driven,historically_calibrated,0.827513,0.140677,8.7159,8.7535,0.0,0.0376
8354,12,15,2,weather_driven,historically_calibrated,0.863416,0.146781,8.9466,8.9842,0.0,0.0376
8355,12,15,3,weather_driven,historically_calibrated,0.90438,0.153745,9.202,9.2326,0.0,0.0306
8356,12,15,4,weather_driven,historically_calibrated,0.94706,0.161,9.4599,9.4904,0.0,0.0306
8357,12,15,5,weather_driven,historically_calibrated,1.022952,0.173902,9.8991,9.9184,0.0,0.0193
8358,12,15,6,weather_driven,historically_calibrated,1.083547,0.184203,10.2336,10.2448,0.0,0.0111
8359,12,15,7,weather_driven,historically_calibrated,1.60298,0.272507,12.6472,12.651,0.0,0.0038
8360,12,15,8,weather_driven,historically_calibrated,1.689036,0.287136,12.9861,12.9899,0.0,0.0038
8361,12,15,9,weather_driven,historically_calibrated,1.633478,0.277691,12.7689,12.774,0.0013,0.0038
8362,12,15,10,weather_driven,historically_calibrated,1.507863,0.256337,12.2554,12.2961,0.035,0.0057
8363,12,15,11,weather_driven,historically_calibrated,1.352588,0.22994,11.5724,11.6584,0.0804,0.0057
8364,12,15,12,weather_driven,historically_calibrated,1.214234,0.20642,10.9114,11.0409,0.1102,0.0193
8365,12,15,13,weather_driven,historically_calibrated,1.133255,0.192653,10.4981,10.6786,0.1257,0.0548
8366,12,15,14,weather_driven,historically_calibrated,1.115894,0.189702,10.4067,10.6226,0.0972,0.1187
8367,12,15,15,weather_driven,historically_calibrated,1.100305,0.187052,10.3238,10.8111,0.0492,0.4381
8368,12,15,16,weather_driven,historically_calibrated,1.252516,0.212928,11.0997,11.2354,0.0324,0.1032
8369,12,15,17,weather_driven,historically_calibrated,1.396045,0.237328,11.7694,11.9076,0.0026,0.1356
8370,12,15,18,weather_driven,historically_calibrated,1.475176,0.25078,12.1163,12.162,0.0,0.0457
8371,12,15,19,weather_driven,historically_calibrated,1.463738,0.248835,12.0671,12.1321,0.0,0.065
8372,12,15,20,weather_driven,historically_calibrated,1.445242,0.245691,11.9868,12.0518,0.0,0.065
8373,12,15,21,weather_driven,historically_calibrated,1.431957,0.243433,11.9287,11.9592,0.0,0.0306
8374,12,15,22,weather_driven,historically_calibrated,1.294115,0.22,11.2996,11.3301,0.0,0.0306
8375,12,15,23,weather_driven,historically_calibrated,1.212935,0.206199,10.905,10.9295,0.0,0.0245
8376,12,15,24,weather_driven,historically_calibrated,0.811879,0.138019,8.6134,8.6379,0.0,0.0245
8377,12,16,1,weather_driven,historically_calibrated,0.822869,0.139888,8.6856,8.7162,0.0,0.0306
8378,12,16,2,weather_driven,historically_calibrated,0.855816,0.145489,8.8983,8.9094,0.0,0.0111
8379,12,16,3,weather_driven,historically_calibrated,0.854066,0.145191,8.8871,8.9328,0.0,0.0457
8380,12,16,4,weather_driven,historically_calibrated,0.853967,0.145174,8.8865,8.9241,0.0,0.0376
8381,12,16,5,weather_driven,historically_calibrated,0.864183,0.146911,8.9514,8.9971,0.0,0.0457
8382,12,16,6,weather_driven,historically_calibrated,0.90447,0.15376,9.2025,9.2573,0.0,0.0548
8383,12,16,7,weather_driven,historically_calibrated,1.349545,0.229423,11.5584,11.5696,0.0,0.0111
8384,12,16,8,weather_driven,historically_calibrated,1.41751,0.240977,11.865,11.93,0.0,0.065
8385,12,16,9,weather_driven,historically_calibrated,1.344289,0.228529,11.5342,11.6005,0.0013,0.065
8386,12,16,10,weather_driven,historically_calibrated,1.329407,0.225999,11.4653,11.5382,0.0181,0.0548
8387,12,16,11,weather_driven,historically_calibrated,1.167833,0.198532,10.6772,10.7213,0.0065,0.0376
8388,12,16,12,weather_driven,historically_calibrated,1.09514,0.186174,10.2961,10.4151,0.0298,0.0892
8389,12,16,13,weather_driven,historically_calibrated,1.102928,0.187498,10.3378,10.5358,0.1089,0.0892
8390,12,16,14,weather_driven,historically_calibrated,1.206529,0.20511,10.873,10.9585,0.0091,0.0764
8391,12,16,15,weather_driven,historically_calibrated,1.172156,0.199267,10.6993,10.8111,0.057,0.0548
8392,12,16,16,weather_driven,historically_calibrated,1.321537,0.224661,11.4286,11.5427,0.0376,0.0764
8393,12,16,17,weather_driven,historically_calibrated,1.454362,0.247242,12.0265,12.1208,0.0052,0.0892
8394,12,16,18,weather_driven,historically_calibrated,1.607962,0.273354,12.6672,12.8212,0.0,0.1541
8395,12,16,19,weather_driven,historically_calibrated,1.760146,0.299225,13.2558,13.4099,0.0,0.1541
8396,12,16,20,weather_driven,historically_calibrated,1.830342,0.311158,13.5137,13.5901,0.0,0.0764
8397,12,16,21,weather_driven,historically_calibrated,1.777578,0.302188,13.3206,13.3451,0.0,0.0245
8398,12,16,22,weather_driven,historically_calibrated,1.65707,0.281702,12.8618,12.8656,0.0,0.0038
8399,12,16,23,weather_driven,historically_calibrated,1.541441,0.262045,12.3959,12.404,0.0,0.0081
8400,12,16,24,weather_driven,historically_calibrated,1.055303,0.179401,10.0794,10.1342,0.0,0.0548
8401,12,17,1,weather_driven,historically_calibrated,1.084392,0.184347,10.2382,10.5702,0.0,0.332
8402,12,17,2,weather_driven,historically_calibrated,1.086952,0.184782,10.252,10.4967,0.0,0.2447
8403,12,17,3,weather_driven,historically_calibrated,1.099251,0.186873,10.3181,10.3205,0.0,0.0024
8404,12,17,4,weather_driven,historically_calibrated,1.153407,0.196079,10.603,10.603,0.0,0.0
8405,12,17,5,weather_driven,historically_calibrated,1.196481,0.203402,10.8226,10.8226,0.0,0.0
8406,12,17,6,weather_driven,historically_calibrated,1.216151,0.206746,10.921,10.921,0.0,0.0
8407,12,17,7,weather_driven,historically_calibrated,1.836903,0.312273,13.5373,13.5373,0.0,0.0
8408,12,17,8,weather_driven,historically_calibrated,1.939775,0.329762,13.9,13.9,0.0,0.0
8409,12,17,9,weather_driven,historically_calibrated,1.918997,0.326229,13.828,13.8293,0.0013,0.0
8410,12,17,10,weather_driven,historically_calibrated,1.825926,0.310407,13.4977,13.5301,0.0324,0.0
8411,12,17,11,weather_driven,historically_calibrated,1.649669,0.280444,12.8328,12.9403,0.1037,0.0038
8412,12,17,12,weather_driven,historically_calibrated,1.475162,0.250778,12.1162,12.4718,0.1814,0.1741
8413,12,17,13,weather_driven,historically_calibrated,1.427961,0.242753,11.9111,12.1762,0.2346,0.0306
8414,12,17,14,weather_driven,historically_calibrated,1.477562,0.251186,12.1265,12.3287,0.2022,0.0
8415,12,17,15,weather_driven,historically_calibrated,1.655982,0.281517,12.8576,12.9833,0.1257,0.0
8416,12,17,16,weather_driven,historically_calibrated,1.887583,0.320889,13.718,13.7712,0.0531,0.0
8417,12,17,17,weather_driven,historically_calibrated,2.157151,0.366716,14.617,14.6235,0.0065,0.0
8418,12,17,18,weather_driven,historically_calibrated,2.226134,0.378443,14.8319,14.8319,0.0,0.0
8419,12,17,19,weather_driven,historically_calibrated,2.28094,0.38776,14.9987,14.9987,0.0,0.0
8420,12,17,20,weather_driven,historically_calibrated,2.206677,0.375135,14.7719,14.7719,0.0,0.0
8421,12,17,21,weather_driven,historically_calibrated,1.999446,0.339906,14.1032,14.1579,0.0,0.0548
8422,12,17,22,weather_driven,historically_calibrated,1.797628,0.305597,13.3945,13.4837,0.0,0.0892
8423,12,17,23,weather_driven,historically_calibrated,1.651548,0.280763,12.8402,12.8949,0.0,0.0548
8424,12,17,24,weather_driven,historically_calibrated,1.094562,0.186076,10.293,10.3306,0.0,0.0376
8425,12,18,1,weather_driven,historically_calibrated,0.981517,0.166858,9.6622,9.6771,0.0,0.0148
8426,12,18,2,weather_driven,historically_calibrated,0.978053,0.166269,9.6421,9.6435,0.0,0.0014
8427,12,18,3,weather_driven,historically_calibrated,0.97498,0.165747,9.6242,9.6281,0.0,0.0038
8428,12,18,4,weather_driven,historically_calibrated,0.973864,0.165557,9.6177,9.618,0.0,0.0003
8429,12,18,5,weather_driven,historically_calibrated,0.994581,0.169079,9.7377,9.7377,0.0,0.0
8430,12,18,6,weather_driven,historically_calibrated,1.036728,0.176244,9.9764,9.9764,0.0,0.0
8431,12,18,7,weather_driven,historically_calibrated,1.495151,0.254176,12.2016,12.2016,0.0,0.0
8432,12,18,8,weather_driven,historically_calibrated,1.546962,0.262983,12.4187,12.4187,0.0,0.0
8433,12,18,9,weather_driven,historically_calibrated,1.512869,0.257188,12.2765,12.2765,0.0,0.0
8434,12,18,10,weather_driven,historically_calibrated,1.454674,0.247295,12.0278,12.0473,0.0194,0.0
8435,12,18,11,weather_driven,historically_calibrated,1.338215,0.227497,11.5062,11.5463,0.0402,0.0
8436,12,18,12,weather_driven,historically_calibrated,1.230975,0.209266,10.9943,11.0591,0.0648,0.0
8437,12,18,13,weather_driven,historically_calibrated,1.212223,0.206078,10.9014,10.9864,0.0842,0.0007
8438,12,18,14,weather_driven,historically_calibrated,1.243301,0.211361,11.0548,11.129,0.0661,0.0081
8439,12,18,15,weather_driven,historically_calibrated,1.329501,0.226015,11.4658,11.5369,0.0467,0.0245
8440,12,18,16,weather_driven,historically_calibrated,1.436747,0.244247,11.9497,11.9897,0.0207,0.0193
8441,12,18,17,weather_driven,historically_calibrated,1.57415,0.267605,12.5304,12.5374,0.0013,0.0057
8442,12,18,18,weather_driven,historically_calibrated,1.790434,0.304374,13.3681,13.3987,0.0,0.0306
8443,12,18,19,weather_driven,historically_calibrated,1.816781,0.308853,13.4645,13.489,0.0,0.0245
8444,12,18,20,weather_driven,historically_calibrated,1.794118,0.305,13.3816,13.4581,0.0,0.0764
8445,12,18,21,weather_driven,historically_calibrated,1.751594,0.297771,13.2239,13.2889,0.0,0.065
8446,12,18,22,weather_driven,historically_calibrated,1.619867,0.275377,12.7148,12.7604,0.0,0.0457
8447,12,18,23,weather_driven,historically_calibrated,1.417738,0.241016,11.866,12.0401,0.0,0.1741
8448,12,18,24,weather_driven,historically_calibrated,0.925592,0.157351,9.3312,9.603,0.0,0.2718
8449,12,19,1,weather_driven,historically_calibrated,0.839316,0.142684,8.7924,9.2305,0.0,0.4381
8450,12,19,2,weather_driven,historically_calibrated,0.812387,0.138106,8.6167,9.2779,0.0,0.6611
8451,12,19,3,weather_driven,historically_calibrated,0.781256,0.132814,8.4088,9.4244,0.0,1.0156
8452,12,19,4,weather_driven,historically_calibrated,0.807818,0.137329,8.5865,9.536,0.0,0.9494
8453,12,19,5,weather_driven,historically_calibrated,0.832225,0.141478,8.7465,9.696,0.0,0.9494
8454,12,19,6,weather_driven,historically_calibrated,0.83682,0.142259,8.7763,9.9335,0.0,1.1571
8455,12,19,7,weather_driven,historically_calibrated,1.230157,0.209127,10.9903,12.4687,0.0,1.4784
8456,12,19,8,weather_driven,historically_calibrated,1.261531,0.21446,11.1435,12.8028,0.0,1.6593
8457,12,19,9,weather_driven,historically_calibrated,1.382703,0.23506,11.7094,12.942,0.0,1.2326
8458,12,19,10,weather_driven,historically_calibrated,1.38147,0.23485,11.7038,12.5965,0.0065,0.8861
8459,12,19,11,weather_driven,historically_calibrated,1.39898,0.237827,11.7825,12.5114,0.0156,0.7133
8460,12,19,12,weather_driven,historically_calibrated,1.419352,0.24129,11.8731,12.1579,0.013,0.2718
8461,12,19,13,weather_driven,historically_calibrated,1.390012,0.236302,11.7423,11.9693,0.0311,0.1959
8462,12,19,14,weather_driven,historically_calibrated,1.400962,0.238164,11.7914,11.9636,0.0181,0.1541
8463,12,19,15,weather_driven,historically_calibrated,1.436528,0.24421,11.9487,12.019,0.0156,0.0548
8464,12,19,16,weather_driven,historically_calibrated,1.496383,0.254385,12.2068,12.268,0.0156,0.0457
8465,12,19,17,weather_driven,historically_calibrated,1.534122,0.260801,12.3655,12.4215,0.0013,0.0548
8466,12,19,18,weather_driven,historically_calibrated,1.621803,0.275707,12.7225,12.7418,0.0,0.0193
8467,12,19,19,weather_driven,historically_calibrated,1.670662,0.284012,12.9149,12.9455,0.0,0.0306
8468,12,19,20,weather_driven,historically_calibrated,1.686186,0.286652,12.9751,13.0401,0.0,0.065
8469,12,19,21,weather_driven,historically_calibrated,1.746948,0.296981,13.2064,13.2309,0.0,0.0245
8470,12,19,22,weather_driven,historically_calibrated,1.710846,0.290844,13.0698,13.0942,0.0,0.0245
8471,12,19,23,weather_driven,historically_calibrated,1.578932,0.268418,12.5499,12.5744,0.0,0.0245
8472,12,19,24,weather_driven,historically_calibrated,1.047477,0.178071,10.0362,10.0738,0.0,0.0376
8473,12,20,1,weather_driven,historically_calibrated,1.012927,0.172198,9.8425,9.8801,0.0,0.0376
8474,12,20,2,weather_driven,historically_calibrated,1.032666,0.175553,9.9537,9.9685,0.0,0.0148
8475,12,20,3,weather_driven,historically_calibrated,1.003642,0.170619,9.7896,9.791,0.0,0.0014
8476,12,20,4,weather_driven,historically_calibrated,0.985897,0.167603,9.6876,9.8232,0.0,0.1356
8477,12,20,5,weather_driven,historically_calibrated,1.029024,0.174934,9.9333,9.9881,0.0,0.0548
8478,12,20,6,weather_driven,historically_calibrated,1.067324,0.181445,10.1454,10.1911,0.0,0.0457
8479,12,20,7,weather_driven,historically_calibrated,1.640612,0.278904,12.7971,12.8428,0.0,0.0457
8480,12,20,8,weather_driven,historically_calibrated,1.735224,0.294988,13.1623,13.1868,0.0,0.0245
8481,12,20,9,weather_driven,historically_calibrated,1.673488,0.284493,12.9259,12.942,0.0013,0.0148
8482,12,20,10,weather_driven,historically_calibrated,1.495099,0.254167,12.2014,12.2669,0.035,0.0306
8483,12,20,11,weather_driven,historically_calibrated,1.342847,0.228284,11.5276,11.6536,0.0804,0.0457
8484,12,20,12,weather_driven,historically_calibrated,1.200828,0.204141,10.8444,11.0591,0.1115,0.1032
8485,12,20,13,weather_driven,historically_calibrated,1.166927,0.198378,10.6725,10.9864,0.1179,0.1959
8486,12,20,14,weather_driven,historically_calibrated,1.143574,0.194408,10.552,11.0769,0.0868,0.4381
8487,12,20,15,weather_driven,historically_calibrated,1.176022,0.199924,10.719,11.644,0.0389,0.8861
8488,12,20,16,weather_driven,historically_calibrated,1.201981,0.204337,10.8502,12.268,0.0246,1.3932
8489,12,20,17,weather_driven,historically_calibrated,1.273148,0.216435,11.1995,12.7692,0.0026,1.5671
8490,12,20,18,weather_driven,historically_calibrated,1.145743,0.194776,10.5633,13.2195,0.0,2.6563
8491,12,20,19,weather_driven,historically_calibrated,1.342883,0.22829,11.5277,13.187,0.0,1.6593
8492,12,20,20,weather_driven,historically_calibrated,1.571626,0.267176,12.5201,12.9206,0.0,0.4005
8493,12,20,21,weather_driven,historically_calibrated,1.49661,0.254424,12.2078,12.3619,0.0,0.1541
8494,12,20,22,weather_driven,historically_calibrated,1.309611,0.222634,11.3728,11.5921,0.0,0.2194
8495,12,20,23,weather_driven,historically_calibrated,1.14265,0.194251,10.5472,11.025,0.0,0.4779
8496,12,20,24,weather_driven,historically_calibrated,0.596875,0.101469,7.0545,8.533,0.0,1.4784
8497,12,21,1,weather_driven,historically_calibrated,0.435352,0.07401,5.6493,7.6066,0.0,1.9573
8498,12,21,2,weather_driven,historically_calibrated,0.327022,0.055594,4.5496,7.2059,0.0,2.6563
8499,12,21,3,weather_driven,historically_calibrated,0.215519,0.036638,3.2375,6.8989,0.0,3.6614
8500,12,21,4,weather_driven,historically_calibrated,0.150965,0.025664,2.3685,6.7043,0.0,4.3358
8501,12,21,5,weather_driven,historically_calibrated,0.084402,0.014348,1.3634,6.8585,0.0,5.4951
8502,12,21,6,weather_driven,historically_calibrated,0.136067,0.023131,2.1541,6.6705,0.0,4.5164
8503,12,21,7,weather_driven,historically_calibrated,0.036249,0.006162,0.5502,8.6752,0.0,8.125
8504,12,21,8,weather_driven,historically_calibrated,0.059156,0.010057,0.9472,9.0722,0.0,8.125
8505,12,21,9,weather_driven,historically_calibrated,0.081904,0.013924,1.3231,9.4481,0.0,8.125
8506,12,21,10,weather_driven,historically_calibrated,0.12184,0.020713,1.9439,10.0702,0.0013,8.125
8507,12,21,11,weather_driven,historically_calibrated,0.153101,0.026027,2.3988,10.5277,0.0039,8.125
8508,12,21,12,weather_driven,historically_calibrated,0.167642,0.028499,2.602,10.7452,0.0181,8.125
8509,12,21,13,weather_driven,historically_calibrated,0.147157,0.025017,2.3142,10.469,0.0298,8.125
8510,12,21,14,weather_driven,historically_calibrated,0.190658,0.032412,2.9137,10.2945,0.0415,7.3393
8511,12,21,15,weather_driven,historically_calibrated,0.417941,0.07105,5.4822,10.6262,0.0557,5.0882
8512,12,21,16,weather_driven,historically_calibrated,0.620428,0.105473,7.2406,11.2659,0.0363,3.9891
8513,12,21,17,weather_driven,historically_calibrated,0.708286,0.120409,7.8994,11.7262,0.0039,3.8229
8514,12,21,18,weather_driven,historically_calibrated,0.627446,0.106666,7.2952,12.3835,0.0,5.0882
8515,12,21,19,weather_driven,historically_calibrated,0.731757,0.124399,8.0667,12.5831,0.0,4.5164
8516,12,21,20,weather_driven,historically_calibrated,0.840357,0.142861,8.7992,12.622,0.0,3.8229
8517,12,21,21,weather_driven,historically_calibrated,1.074995,0.182749,10.1873,12.3619,0.0,2.1746
8518,12,21,22,weather_driven,historically_calibrated,1.08598,0.184617,10.2468,12.2041,0.0,1.9573
8519,12,21,23,weather_driven,historically_calibrated,1.273993,0.216579,11.2035,12.3607,0.0,1.1571
8520,12,21,24,weather_driven,historically_calibrated,0.99761,0.169594,9.7551,10.4162,0.0,0.6611
8521,12,22,1,weather_driven,historically_calibrated,0.879882,0.14958,9.0502,9.3511,0.0,0.3009
8522,12,22,2,weather_driven,historically_calibrated,0.935161,0.158977,9.3888,9.5075,0.0,0.1187
8523,12,22,3,weather_driven,historically_calibrated,1.001164,0.170198,9.7754,9.7947,0.0,0.0193
8524,12,22,4,weather_driven,historically_calibrated,1.036142,0.176144,9.9731,9.9813,0.0,0.0081
8525,12,22,5,weather_driven,historically_calibrated,1.110418,0.188771,10.3777,10.3791,0.0,0.0014
8526,12,22,6,weather_driven,historically_calibrated,1.183744,0.201237,10.7583,10.7583,0.0,0.0
8527,12,22,7,weather_driven,historically_calibrated,1.877744,0.319217,13.6833,13.6833,0.0,0.0
8528,12,22,8,weather_driven,historically_calibrated,2.028781,0.344893,14.2012,14.2012,0.0,0.0
8529,12,22,9,weather_driven,historically_calibrated,2.028807,0.344897,14.2013,14.2026,0.0013,0.0
8530,12,22,10,weather_driven,historically_calibrated,1.761249,0.299412,13.26,13.3066,0.0467,0.0
8531,12,22,11,weather_driven,historically_calibrated,1.487133,0.252813,12.1675,12.2997,0.1322,0.0
8532,12,22,12,weather_driven,historically_calibrated,1.315703,0.223669,11.4013,11.6185,0.2164,0.0007
8533,12,22,13,weather_driven,historically_calibrated,1.216506,0.206806,10.9227,11.2021,0.2488,0.0306
8534,12,22,14,weather_driven,historically_calibrated,1.216224,0.206758,10.9213,11.2944,0.219,0.1541
8535,12,22,15,weather_driven,historically_calibrated,1.322459,0.224818,11.4329,11.9446,0.1464,0.3652
8536,12,22,16,weather_driven,historically_calibrated,1.444239,0.245521,11.9824,12.6183,0.0713,0.5645
8537,12,22,17,weather_driven,historically_calibrated,1.531255,0.260313,12.3535,13.187,0.0078,0.8257
8538,12,22,18,weather_driven,historically_calibrated,1.653928,0.281168,12.8495,13.8651,0.0,1.0156
8539,12,22,19,weather_driven,historically_calibrated,1.729261,0.293974,13.1398,13.9655,0.0,0.8257
8540,12,22,20,weather_driven,historically_calibrated,1.744781,0.296613,13.1983,13.8099,0.0,0.6116
8541,12,22,21,weather_driven,historically_calibrated,1.51824,0.258101,12.2991,13.1852,0.0,0.8861
8542,12,22,22,weather_driven,historically_calibrated,1.552684,0.263956,12.4424,12.5074,0.0,0.065
8543,12,22,23,weather_driven,historically_calibrated,1.36086,0.231346,11.6102,12.0108,0.0,0.4005
8544,12,22,24,weather_driven,historically_calibrated,0.918839,0.156203,9.2903,9.6223,0.0,0.332
8545,12,23,1,weather_driven,historically_calibrated,0.875669,0.148864,9.0238,9.127,0.0,0.1032
8546,12,23,2,weather_driven,historically_calibrated,0.878975,0.149426,9.0445,9.1337,0.0,0.0892
8547,12,23,3,weather_driven,historically_calibrated,0.891092,0.151486,9.12,9.1576,0.0,0.0376
8548,12,23,4,weather_driven,historically_calibrated,0.908094,0.154376,9.2248,9.2261,0.0,0.0014
8549,12,23,5,weather_driven,historically_calibrated,0.92748,0.157672,9.3426,9.3426,0.0,0.0
8550,12,23,6,weather_driven,historically_calibrated,0.952863,0.161987,9.4943,9.4943,0.0,0.0
8551,12,23,7,weather_driven,historically_calibrated,1.426696,0.242538,11.9055,11.9136,0.0,0.0081
8552,12,23,8,weather_driven,historically_calibrated,1.488713,0.253081,12.1742,12.1823,0.0,0.0081
8553,12,23,9,weather_driven,historically_calibrated,1.514707,0.2575,12.2842,12.3148,0.0,0.0306
8554,12,23,10,weather_driven,historically_calibrated,1.473901,0.250563,12.1108,12.195,0.0078,0.0764
8555,12,23,11,weather_driven,historically_calibrated,1.376975,0.234086,11.6835,11.8557,0.0181,0.1541
8556,12,23,12,weather_driven,historically_calibrated,1.249086,0.212345,11.0831,11.5704,0.0492,0.4381
8557,12,23,13,weather_driven,historically_calibrated,1.2375,0.210375,11.0264,11.3449,0.0739,0.2447
8558,12,23,14,weather_driven,historically_calibrated,1.270449,0.215976,11.1865,11.4384,0.0778,0.1741
8559,12,23,15,weather_driven,historically_calibrated,1.344468,0.22856,11.535,11.9939,0.0583,0.4005
8560,12,23,16,weather_driven,historically_calibrated,1.465904,0.249204,12.0764,12.6695,0.0285,0.5645
8561,12,23,17,weather_driven,historically_calibrated,1.760024,0.299204,13.2554,13.5602,0.0039,0.3009
8562,12,23,18,weather_driven,historically_calibrated,1.977065,0.336101,14.0276,14.3596,0.0,0.332
8563,12,23,19,weather_driven,historically_calibrated,2.12897,0.361925,14.5275,14.9656,0.0,0.4381
8564,12,23,20,weather_driven,historically_calibrated,2.116784,0.359853,14.4885,14.8537,0.0,0.3652
8565,12,23,21,weather_driven,historically_calibrated,1.924347,0.327139,13.8466,14.4112,0.0,0.5645
8566,12,23,22,weather_driven,historically_calibrated,1.795417,0.305221,13.3864,13.7869,0.0,0.4005
8567,12,23,23,weather_driven,historically_calibrated,1.685561,0.286545,12.9727,13.3379,0.0,0.3652
8568,12,23,24,weather_driven,historically_calibrated,1.122344,0.190798,10.4408,10.6855,0.0,0.2447
8569,12,24,1,weather_driven,historically_calibrated,1.199553,0.203924,10.838,11.0574,0.0,0.2194
8570,12,24,2,weather_driven,historically_calibrated,1.285167,0.218478,11.257,11.4311,0.0,0.1741
8571,12,24,3,weather_driven,historically_calibrated,1.287117,0.21881,11.2663,11.4204,0.0,0.1541
8572,12,24,4,weather_driven,historically_calibrated,1.321694,0.224688,11.4294,11.5058,0.0,0.0764
8573,12,24,5,weather_driven,historically_calibrated,1.30521,0.221886,11.352,11.4068,0.0,0.0548
8574,12,24,6,weather_driven,historically_calibrated,1.293271,0.219856,11.2956,11.3503,0.0,0.0548
8575,12,24,7,weather_driven,historically_calibrated,2.026703,0.34454,14.1943,14.2319,0.0,0.0376
8576,12,24,8,weather_driven,historically_calibrated,2.360146,0.401225,15.2339,15.2715,0.0,0.0376
8577,12,24,9,weather_driven,historically_calibrated,2.500595,0.425101,15.635,15.6595,0.0,0.0245
8578,12,24,10,weather_driven,historically_calibrated,2.439742,0.414756,15.4636,15.5072,0.013,0.0306
8579,12,24,11,weather_driven,historically_calibrated,2.304602,0.391782,15.0697,15.1384,0.0311,0.0376
8580,12,24,12,weather_driven,historically_calibrated,2.16669,0.368337,14.647,14.774,0.0505,0.0764
8581,12,24,13,weather_driven,historically_calibrated,2.032455,0.345517,14.2134,14.4008,0.0687,0.1187
8582,12,24,14,weather_driven,historically_calibrated,2.069983,0.351897,14.337,14.4151,0.07,0.0081
8583,12,24,15,weather_driven,historically_calibrated,2.131496,0.362354,14.5356,14.5903,0.0467,0.0081
8584,12,24,16,weather_driven,historically_calibrated,2.403775,0.408642,15.3606,15.4413,0.0259,0.0548
8585,12,24,17,weather_driven,historically_calibrated,2.608096,0.443376,15.9291,15.9562,0.0026,0.0245
8586,12,24,18,weather_driven,historically_calibrated,2.812421,0.478112,16.4605,16.5638,0.0,0.1032
8587,12,24,19,weather_driven,historically_calibrated,2.907585,0.494289,16.6967,16.8708,0.0,0.1741
8588,12,24,20,weather_driven,historically_calibrated,2.61567,0.444664,15.9495,16.1454,0.0,0.1959
8589,12,24,21,weather_driven,historically_calibrated,2.682811,0.456078,16.1275,16.3016,0.0,0.1741
8590,12,24,22,weather_driven,historically_calibrated,2.5522,0.433874,15.7775,15.9316,0.0,0.1541
8591,12,24,23,weather_driven,historically_calibrated,2.573985,0.437577,15.8369,15.9402,0.0,0.1032
8592,12,24,24,weather_driven,historically_calibrated,1.668851,0.283705,12.9078,12.9843,0.0,0.0764
8593,12,25,1,weather_driven,historically_calibrated,1.556074,0.264533,12.4563,12.5595,0.0,0.1032
8594,12,25,2,weather_driven,historically_calibrated,1.558302,0.264911,12.4655,12.5687,0.0,0.1032
8595,12,25,3,weather_driven,historically_calibrated,1.558436,0.264934,12.466,12.6016,0.0,0.1356
8596,12,25,4,weather_driven,historically_calibrated,1.591627,0.270577,12.6014,12.737,0.0,0.1356
8597,12,25,5,weather_driven,historically_calibrated,1.645096,0.279666,12.8148,13.0342,0.0,0.2194
8598,12,25,6,weather_driven,historically_calibrated,1.729148,0.293955,13.1393,13.4112,0.0,0.2718
8599,12,25,7,weather_driven,historically_calibrated,2.576459,0.437998,15.8437,16.2089,0.0,0.3652
8600,12,25,8,weather_driven,historically_calibrated,2.697231,0.458529,16.1652,16.6431,0.0,0.4779
8601,12,25,9,weather_driven,historically_calibrated,2.733066,0.464621,16.2582,16.8241,0.0013,0.5645
8602,12,25,10,weather_driven,historically_calibrated,2.673939,0.45457,16.1042,16.7154,0.0467,0.5645
8603,12,25,11,weather_driven,historically_calibrated,2.419815,0.411368,15.4067,16.0498,0.1231,0.52
8604,12,25,12,weather_driven,historically_calibrated,2.036145,0.346145,14.2257,14.931,0.1853,0.52
8605,12,25,13,weather_driven,historically_calibrated,1.79923,0.305869,13.4004,14.5043,0.2177,0.8861
8606,12,25,14,weather_driven,historically_calibrated,1.804584,0.306779,13.42,14.5716,0.2022,0.9494
8607,12,25,15,weather_driven,historically_calibrated,1.941289,0.330019,13.9052,15.0725,0.1516,1.0156
8608,12,25,16,weather_driven,historically_calibrated,2.413825,0.41035,15.3895,16.5547,0.0804,1.0848
8609,12,25,17,weather_driven,historically_calibrated,2.922084,0.496754,16.7321,17.4049,0.0117,0.6611
8610,12,25,18,weather_driven,historically_calibrated,3.28854,0.559052,17.5789,18.0567,0.0,0.4779
8611,12,25,19,weather_driven,historically_calibrated,3.521885,0.59872,18.0755,18.3202,0.0,0.2447
8612,12,25,20,weather_driven,historically_calibrated,3.234333,0.549837,17.459,17.9369,0.0,0.4779
8613,12,25,21,weather_driven,historically_calibrated,2.905775,0.493982,16.6922,17.4604,0.0,0.7682
8614,12,25,22,weather_driven,historically_calibrated,2.675105,0.454768,16.1073,16.933,0.0,0.8257
8615,12,25,23,weather_driven,historically_calibrated,2.405195,0.408883,15.3647,16.3141,0.0,0.9494
8616,12,25,24,weather_driven,historically_calibrated,1.496206,0.254355,12.2061,13.1555,0.0,0.9494
8617,12,26,1,weather_driven,historically_calibrated,1.427554,0.242684,11.9093,12.9249,0.0,1.0156
8618,12,26,2,weather_driven,historically_calibrated,1.390029,0.236305,11.7424,12.975,0.0,1.2326
8619,12,26,3,weather_driven,historically_calibrated,1.440221,0.244838,11.9649,13.0497,0.0,1.0848
8620,12,26,4,weather_driven,historically_calibrated,1.557283,0.264738,12.4613,13.2295,0.0,0.7682
8621,12,26,5,weather_driven,historically_calibrated,1.646823,0.27996,12.8216,13.5349,0.0,0.7133
8622,12,26,6,weather_driven,historically_calibrated,1.785826,0.30359,13.3511,14.0122,0.0,0.6611
8623,12,26,7,weather_driven,historically_calibrated,2.789503,0.474215,16.4026,17.0638,0.0,0.6611
8624,12,26,8,weather_driven,historically_calibrated,2.976052,0.505929,16.8624,17.5757,0.0,0.7133
8625,12,26,9,weather_driven,historically_calibrated,2.914298,0.495431,16.7131,17.6005,0.0013,0.8861
8626,12,26,10,weather_driven,historically_calibrated,2.777908,0.472244,16.3732,17.3744,0.0518,0.9494
8627,12,26,11,weather_driven,historically_calibrated,2.548931,0.433318,15.7686,16.854,0.1361,0.9494
8628,12,26,12,weather_driven,historically_calibrated,2.338862,0.397607,15.1714,16.3437,0.2229,0.9494
8629,12,26,13,weather_driven,historically_calibrated,2.266473,0.3853,14.955,16.1597,0.2553,0.9494
8630,12,26,14,weather_driven,historically_calibrated,2.329801,0.396066,15.1446,16.2407,0.21,0.8861
8631,12,26,15,weather_driven,historically_calibrated,2.527629,0.429697,15.71,16.6796,0.1439,0.8257
8632,12,26,16,weather_driven,historically_calibrated,2.868919,0.487716,16.6016,17.5012,0.0739,0.8257
8633,12,26,17,weather_driven,historically_calibrated,3.249237,0.55237,17.4921,18.3899,0.0117,0.8861
8634,12,26,18,weather_driven,historically_calibrated,3.444802,0.585616,17.9148,19.0719,0.0,1.1571
8635,12,26,19,weather_driven,historically_calibrated,3.349743,0.569456,17.7121,19.1053,0.0,1.3932
8636,12,26,20,weather_driven,historically_calibrated,3.118593,0.530161,17.1971,18.9521,0.0,1.755
8637,12,26,21,weather_driven,historically_calibrated,2.888135,0.490983,16.649,18.5033,0.0,1.8543
8638,12,26,22,weather_driven,historically_calibrated,2.710724,0.460823,16.2004,17.7675,0.0,1.5671
8639,12,26,23,weather_driven,historically_calibrated,2.58163,0.438877,15.8577,17.1689,0.0,1.3112
8640,12,26,24,weather_driven,historically_calibrated,1.611948,0.274031,12.6831,13.8403,0.0,1.1571
8641,12,27,1,weather_driven,historically_calibrated,1.613249,0.274252,12.6884,13.5745,0.0,0.8861
8642,12,27,2,weather_driven,historically_calibrated,1.651484,0.280752,12.8399,13.6657,0.0,0.8257
8643,12,27,3,weather_driven,historically_calibrated,1.681565,0.285866,12.9572,13.7829,0.0,0.8257
8644,12,27,4,weather_driven,historically_calibrated,1.719142,0.292254,13.1014,13.9271,0.0,0.8257
8645,12,27,5,weather_driven,historically_calibrated,1.776433,0.301994,13.3164,14.2025,0.0,0.8861
8646,12,27,6,weather_driven,historically_calibrated,1.902407,0.323409,13.7701,14.6563,0.0,0.8861
8647,12,27,7,weather_driven,historically_calibrated,2.970699,0.505019,16.8496,17.8652,0.0,1.0156
8648,12,27,8,weather_driven,historically_calibrated,3.145604,0.534753,17.259,18.3438,0.0,1.0848
8649,12,27,9,weather_driven,historically_calibrated,3.119781,0.530363,17.1998,18.4324,0.0,1.2326
8650,12,27,10,weather_driven,historically_calibrated,3.002942,0.5105,16.9266,17.9785,0.0363,1.0156
8651,12,27,11,weather_driven,historically_calibrated,2.708245,0.460402,16.1939,17.3366,0.127,1.0156
8652,12,27,12,weather_driven,historically_calibrated,2.339483,0.397712,15.1732,16.71,0.2255,1.3112
8653,12,27,13,weather_driven,historically_calibrated,2.244024,0.381484,14.8867,16.4701,0.2722,1.3112
8654,12,27,14,weather_driven,historically_calibrated,2.228552,0.378854,14.8393,16.5537,0.2359,1.4784
8655,12,27,15,weather_driven,historically_calibrated,2.354395,0.400247,15.2171,17.2152,0.1439,1.8543
8656,12,27,16,weather_driven,historically_calibrated,2.549018,0.433333,15.7688,18.1136,0.0557,2.289
8657,12,27,17,weather_driven,historically_calibrated,2.897753,0.492618,16.6726,18.9694,0.0078,2.289
8658,12,27,18,weather_driven,historically_calibrated,3.064879,0.521029,17.0726,19.7288,0.0,2.6563
8659,12,27,19,weather_driven,historically_calibrated,2.912523,0.495129,16.7087,19.7696,0.0,3.0608
8660,12,27,20,weather_driven,historically_calibrated,2.959254,0.503073,16.8221,19.609,0.0,2.7869
8661,12,27,21,weather_driven,historically_calibrated,2.695598,0.458252,16.161,19.0827,0.0,2.9217
8662,12,27,22,weather_driven,historically_calibrated,2.340164,0.397828,15.1752,18.3795,0.0,3.2043
8663,12,27,23,weather_driven,historically_calibrated,2.339544,0.397722,15.1734,17.7032,0.0,2.5298
8664,12,27,24,weather_driven,historically_calibrated,1.46,0.2482,12.0509,14.2255,0.0,2.1746
8665,12,28,1,weather_driven,historically_calibrated,1.360859,0.231346,11.6102,13.8993,0.0,2.289
8666,12,28,2,weather_driven,historically_calibrated,1.397399,0.237558,11.7754,13.95,0.0,2.1746
8667,12,28,3,weather_driven,historically_calibrated,1.414752,0.240508,11.8527,14.0273,0.0,2.1746
8668,12,28,4,weather_driven,historically_calibrated,1.513224,0.257248,12.278,14.1323,0.0,1.8543
8669,12,28,5,weather_driven,historically_calibrated,1.608273,0.273406,12.6684,14.3277,0.0,1.6593
8670,12,28,6,weather_driven,historically_calibrated,1.750762,0.29763,13.2207,14.6992,0.0,1.4784
8671,12,28,7,weather_driven,historically_calibrated,2.828351,0.48082,16.5005,17.8118,0.0,1.3112
8672,12,28,8,weather_driven,historically_calibrated,2.895452,0.492227,16.6669,18.2341,0.0,1.5671
8673,12,28,9,weather_driven,historically_calibrated,3.056681,0.519636,17.0534,18.2106,0.0,1.1571
8674,12,28,10,weather_driven,historically_calibrated,3.014075,0.512393,16.9531,17.7039,0.0376,0.7133
8675,12,28,11,weather_driven,historically_calibrated,2.660453,0.452277,16.0686,16.9077,0.1257,0.7133
8676,12,28,12,weather_driven,historically_calibrated,2.32672,0.395542,15.1355,16.1867,0.2255,0.8257
8677,12,28,13,weather_driven,historically_calibrated,2.288135,0.388983,15.0204,16.0045,0.2709,0.7133
8678,12,28,14,weather_driven,historically_calibrated,2.343353,0.39837,15.1846,16.0321,0.2359,0.6116
8679,12,28,15,weather_driven,historically_calibrated,2.548518,0.433248,15.7674,16.5724,0.1439,0.6611
8680,12,28,16,weather_driven,historically_calibrated,2.854559,0.485275,16.5659,17.3898,0.0557,0.7682
8681,12,28,17,weather_driven,historically_calibrated,3.061311,0.520423,17.0642,18.1582,0.0091,1.0848
8682,12,28,18,weather_driven,historically_calibrated,3.298398,0.560728,17.6005,18.8331,0.0,1.2326
8683,12,28,19,weather_driven,historically_calibrated,3.239505,0.550716,17.4705,18.8637,0.0,1.3932
8684,12,28,20,weather_driven,historically_calibrated,3.198912,0.543815,17.3797,18.7729,0.0,1.3932
8685,12,28,21,weather_driven,historically_calibrated,2.982702,0.507059,16.8784,18.2715,0.0,1.3932
8686,12,28,22,weather_driven,historically_calibrated,2.805646,0.47696,16.4435,17.6006,0.0,1.1571
8687,12,28,23,weather_driven,historically_calibrated,2.656902,0.451673,16.0593,17.0087,0.0,0.9494
8688,12,28,24,weather_driven,historically_calibrated,1.658791,0.281994,12.8686,13.7547,0.0,0.8861
8689,12,29,1,weather_driven,historically_calibrated,1.400665,0.238113,11.79,12.4512,0.0,0.6611
8690,12,29,2,weather_driven,historically_calibrated,1.450076,0.246513,12.0079,12.5724,0.0,0.5645
8691,12,29,3,weather_driven,historically_calibrated,1.513646,0.25732,12.2798,12.6803,0.0,0.4005
8692,12,29,4,weather_driven,historically_calibrated,1.592779,0.270772,12.606,12.8507,0.0,0.2447
8693,12,29,5,weather_driven,historically_calibrated,1.688917,0.287116,12.9856,13.1815,0.0,0.1959
8694,12,29,6,weather_driven,historically_calibrated,1.796018,0.305323,13.3886,13.5628,0.0,0.1741
8695,12,29,7,weather_driven,historically_calibrated,2.772801,0.471376,16.3602,16.5343,0.0,0.1741
8696,12,29,8,weather_driven,historically_calibrated,2.959709,0.50315,16.8232,16.9772,0.0,0.1541
8697,12,29,9,weather_driven,historically_calibrated,2.951642,0.501779,16.8037,16.9578,0.0,0.1541
8698,12,29,10,weather_driven,historically_calibrated,2.678822,0.4554,16.117,16.2876,0.035,0.1356
8699,12,29,11,weather_driven,historically_calibrated,2.342473,0.39822,15.182,15.4071,0.1218,0.1032
8700,12,29,12,weather_driven,historically_calibrated,2.101858,0.357316,14.4405,14.7474,0.2177,0.0892
8701,12,29,13,weather_driven,historically_calibrated,2.037195,0.346323,14.2291,14.5814,0.2631,0.0892
8702,12,29,14,weather_driven,historically_calibrated,2.073654,0.352521,14.349,14.6535,0.2281,0.0764
8703,12,29,15,weather_driven,historically_calibrated,2.22651,0.378507,14.8331,15.0495,0.14,0.0764
8704,12,29,16,weather_driven,historically_calibrated,2.529132,0.429952,15.7141,15.845,0.0544,0.0764
8705,12,29,17,weather_driven,historically_calibrated,2.833473,0.48169,16.5134,16.5989,0.0091,0.0764
8706,12,29,18,weather_driven,historically_calibrated,3.099398,0.526898,17.1528,17.2715,0.0,0.1187
8707,12,29,19,weather_driven,historically_calibrated,3.135569,0.533047,17.236,17.4102,0.0,0.1741
8708,12,29,20,weather_driven,historically_calibrated,3.09227,0.525686,17.1363,17.381,0.0,0.2447
8709,12,29,21,weather_driven,historically_calibrated,2.941149,0.499995,16.7784,17.023,0.0,0.2447
8710,12,29,22,weather_driven,historically_calibrated,2.721793,0.462705,16.2291,16.4485,0.0,0.2194
8711,12,29,23,weather_driven,historically_calibrated,2.523242,0.428951,15.6978,15.8937,0.0,0.1959
8712,12,29,24,weather_driven,historically_calibrated,1.59917,0.271859,12.6318,12.8512,0.0,0.2194
8713,12,30,1,weather_driven,historically_calibrated,1.540815,0.261939,12.3933,12.6379,0.0,0.2447
8714,12,30,2,weather_driven,historically_calibrated,1.567331,0.266446,12.5025,12.7219,0.0,0.2194
8715,12,30,3,weather_driven,historically_calibrated,1.578485,0.268342,12.5481,12.7927,0.0,0.2447
8716,12,30,4,weather_driven,historically_calibrated,1.617874,0.275039,12.7068,12.9262,0.0,0.2194
8717,12,30,5,weather_driven,historically_calibrated,1.666442,0.283295,12.8984,13.1431,0.0,0.2447
8718,12,30,6,weather_driven,historically_calibrated,1.721998,0.29274,13.1122,13.4443,0.0,0.332
8719,12,30,7,weather_driven,historically_calibrated,2.648411,0.45023,16.0368,16.3377,0.0,0.3009
8720,12,30,8,weather_driven,historically_calibrated,2.868779,0.487692,16.6012,16.7754,0.0,0.1741
8721,12,30,9,weather_driven,historically_calibrated,2.800657,0.476112,16.4309,16.7027,0.0,0.2718
8722,12,30,10,weather_driven,historically_calibrated,2.543641,0.432419,15.754,16.035,0.0363,0.2447
8723,12,30,11,weather_driven,historically_calibrated,2.259074,0.384043,14.9326,15.2098,0.1231,0.1541
8724,12,30,12,weather_driven,historically_calibrated,2.031849,0.345414,14.2114,14.6511,0.2203,0.2194
8725,12,30,13,weather_driven,historically_calibrated,1.927358,0.327651,13.8571,14.3434,0.267,0.2194
8726,12,30,14,weather_driven,historically_calibrated,1.950138,0.331523,13.9356,14.4136,0.2333,0.2447
8727,12,30,15,weather_driven,historically_calibrated,2.139923,0.363787,14.5624,14.9509,0.1439,0.2447
8728,12,30,16,weather_driven,historically_calibrated,2.448894,0.416312,15.4896,15.7425,0.057,0.1959
8729,12,30,17,weather_driven,historically_calibrated,2.765138,0.470073,16.3406,16.5456,0.0091,0.1959
8730,12,30,18,weather_driven,historically_calibrated,3.032735,0.515565,16.9972,17.2165,0.0,0.2194
8731,12,30,19,weather_driven,historically_calibrated,2.952347,0.501899,16.8054,17.2435,0.0,0.4381
8732,12,30,20,weather_driven,historically_calibrated,2.941035,0.499976,16.7781,17.2161,0.0,0.4381
8733,12,30,21,weather_driven,historically_calibrated,2.897409,0.49256,16.6718,16.9164,0.0,0.2447
8734,12,30,22,weather_driven,historically_calibrated,2.585526,0.439539,15.8683,16.3461,0.0,0.4779
8735,12,30,23,weather_driven,historically_calibrated,2.422438,0.411814,15.4142,15.7463,0.0,0.332
8736,12,30,24,weather_driven,historically_calibrated,1.516833,0.257862,12.2932,12.6937,0.0,0.4005
8737,12,31,1,weather_driven,historically_calibrated,1.686127,0.286642,12.9748,13.4527,0.0,0.4779
8738,12,31,2,weather_driven,historically_calibrated,1.699228,0.288869,13.0253,13.5031,0.0,0.4779
8739,12,31,3,weather_driven,historically_calibrated,1.729641,0.294039,13.1412,13.5793,0.0,0.4381
8740,12,31,4,weather_driven,historically_calibrated,1.745744,0.296776,13.2019,13.7219,0.0,0.52
8741,12,31,5,weather_driven,historically_calibrated,1.7556,0.298452,13.2389,13.9522,0.0,0.7133
8742,12,31,6,weather_driven,historically_calibrated,1.858643,0.315969,13.6153,14.2269,0.0,0.6116
8743,12,31,7,weather_driven,historically_calibrated,2.874904,0.488734,16.6164,17.2775,0.0,0.6611
8744,12,31,8,weather_driven,historically_calibrated,3.089017,0.525133,17.1288,17.7403,0.0,0.6116
8745,12,31,9,weather_driven,historically_calibrated,3.028703,0.51488,16.9876,17.6005,0.0013,0.6116
8746,12,31,10,weather_driven,historically_calibrated,2.762184,0.469571,16.3331,16.99,0.0454,0.6116
8747,12,31,11,weather_driven,historically_calibrated,2.371481,0.403152,15.267,16.1035,0.1231,0.7133
8748,12,31,12,weather_driven,historically_calibrated,1.978435,0.336334,14.0322,14.8787,0.1853,0.6611
8749,12,31,13,weather_driven,historically_calibrated,1.799454,0.305907,13.4012,14.1939,0.2281,0.5645
8750,12,31,14,weather_driven,historically_calibrated,1.838407,0.312529,13.5428,14.3108,0.2035,0.5645
8751,12,31,15,weather_driven,historically_calibrated,1.940261,0.329844,13.9017,14.7511,0.1361,0.7133
8752,12,31,16,weather_driven,historically_calibrated,2.171423,0.369142,14.6619,15.4413,0.0661,0.7133
8753,12,31,17,weather_driven,historically_calibrated,2.461061,0.41838,15.5241,16.3039,0.0117,0.7682
8754,12,31,18,weather_driven,historically_calibrated,2.580754,0.438728,15.8553,16.6235,0.0,0.7682
8755,12,31,19,weather_driven,historically_calibrated,2.674424,0.454652,16.1055,16.9916,0.0,0.8861
8756,12,31,20,weather_driven,historically_calibrated,2.625519,0.446338,15.9758,16.862,0.0,0.8861
8757,12,31,21,weather_driven,historically_calibrated,2.485131,0.422472,15.5918,16.4175,0.0,0.8257
8758,12,31,22,weather_driven,historically_calibrated,2.18731,0.371843,14.7116,15.5978,0.0,0.8861
8759,12,31,23,weather_driven,historically_calibrated,2.014236,0.34242,14.1528,14.9785,0.0,0.8257
8760,12,31,24,weather_driven,historically_calibrated,1.220819,0.207539,10.9441,11.6574,0.0,0.7133
