timestep,month,day,hour_epw,tariff_type,calibration_status,price_factor,price_eur_per_kWh_at_base_price,RL_GW,demand_proxy_GW,pv_proxy_GW,wind_proxy_GW
1,1,1,1,weather_driven,historically_calibrated,0.408993,0.069529,3.8991,7.4036,0.0,3.5045
2,1,1,2,weather_driven,historically_calibrated,0.399977,0.067996,3.8289,7.4903,0.0,3.6614
3,1,1,3,weather_driven,historically_calibrated,0.492072,0.083652,4.5193,7.3062,0.0,2.7869
4,1,1,4,weather_driven,historically_calibrated,0.431854,0.073415,4.0746,7.2788,0.0,3.2043
5,1,1,5,weather_driven,historically_calibrated,0.602812,0.102478,5.2788,7.5679,0.0,2.289
6,1,1,6,weather_driven,historically_calibrated,0.901861,0.153316,7.0337,8.3449,0.0,1.3112
7,1,1,7,weather_driven,historically_calibrated,1.592249,0.270682,10.0457,10.759,0.0,0.7133
8,1,1,8,weather_driven,historically_calibrated,1.833077,0.311623,10.8797,11.2118,0.0,0.332
9,1,1,9,weather_driven,historically_calibrated,1.723299,0.292961,10.5101,11.2782,0.0,0.7682
10,1,1,10,weather_driven,historically_calibrated,1.642766,0.27927,10.2278,10.7841,0.0363,0.52
11,1,1,11,weather_driven,historically_calibrated,1.440822,0.24494,9.4738,10.1524,0.114,0.5645
12,1,1,12,weather_driven,historically_calibrated,1.327996,0.225759,9.02,9.6987,0.2009,0.4779
13,1,1,13,weather_driven,historically_calibrated,1.082432,0.184013,7.9351,9.4861,0.2398,1.3112
14,1,1,14,weather_driven,historically_calibrated,1.235529,0.21004,8.6282,9.3556,0.2074,0.52
15,1,1,15,weather_driven,historically_calibrated,1.437394,0.244357,9.4604,10.1977,0.1257,0.6116
16,1,1,16,weather_driven,historically_calibrated,1.815361,0.308611,10.8212,11.2103,0.057,0.332
17,1,1,17,weather_driven,historically_calibrated,2.171217,0.369107,11.9231,11.9579,0.0104,0.0245
18,1,1,18,weather_driven,historically_calibrated,2.339902,0.397783,12.3975,12.4432,0.0,0.0457
19,1,1,19,weather_driven,historically_calibrated,2.4304,0.413168,12.6411,12.6435,0.0,0.0024
20,1,1,20,weather_driven,historically_calibrated,2.420165,0.411428,12.6139,12.622,0.0,0.0081
21,1,1,21,weather_driven,historically_calibrated,2.278309,0.387312,12.2275,12.3039,0.0,0.0764
22,1,1,22,weather_driven,historically_calibrated,2.182979,0.371106,11.9571,11.9816,0.0,0.0245
23,1,1,23,weather_driven,historically_calibrated,1.89072,0.321422,11.0673,11.0785,0.0,0.0111
24,1,1,24,weather_driven,historically_calibrated,1.302174,0.22137,8.9125,8.9182,0.0,0.0057
25,1,2,1,weather_driven,historically_calibrated,1.270848,0.216044,8.7801,8.7839,0.0,0.0038
26,1,2,2,weather_driven,historically_calibrated,1.368411,0.23263,9.1855,9.1966,0.0,0.0111
27,1,2,3,weather_driven,historically_calibrated,1.455689,0.247467,9.5318,9.5466,0.0,0.0148
28,1,2,4,weather_driven,historically_calibrated,1.519936,0.258389,9.7776,9.8232,0.0,0.0457
29,1,2,5,weather_driven,historically_calibrated,1.602416,0.272411,10.0827,10.1132,0.0,0.0306
30,1,2,6,weather_driven,historically_calibrated,1.541905,0.262124,9.86,9.8905,0.0,0.0306
31,1,2,7,weather_driven,historically_calibrated,2.066001,0.35122,11.6125,11.6673,0.0,0.0548
32,1,2,8,weather_driven,historically_calibrated,1.959999,0.3332,11.2872,11.3764,0.0,0.0892
33,1,2,9,weather_driven,historically_calibrated,1.855492,0.315434,10.9532,11.0564,0.0,0.1032
34,1,2,10,weather_driven,historically_calibrated,1.656108,0.281538,10.2753,10.4546,0.0052,0.1741
35,1,2,11,weather_driven,historically_calibrated,1.420865,0.241547,9.3953,9.7235,0.0272,0.3009
36,1,2,12,weather_driven,historically_calibrated,1.21451,0.206467,8.5365,8.9139,0.0454,0.332
37,1,2,13,weather_driven,historically_calibrated,1.108735,0.188485,8.0584,8.5549,0.0959,0.4005
38,1,2,14,weather_driven,historically_calibrated,1.08514,0.184474,7.9479,8.4689,0.0829,0.4381
39,1,2,15,weather_driven,historically_calibrated,1.122439,0.190815,8.122,8.6977,0.0557,0.52
40,1,2,16,weather_driven,historically_calibrated,1.206006,0.205021,8.4991,9.0947,0.0311,0.5645
41,1,2,17,weather_driven,historically_calibrated,1.314765,0.22351,8.9651,9.4083,0.0052,0.4381
42,1,2,18,weather_driven,historically_calibrated,1.412967,0.240204,9.3641,9.6961,0.0,0.332
43,1,2,19,weather_driven,historically_calibrated,1.417859,0.241036,9.3835,9.6844,0.0,0.3009
44,1,2,20,weather_driven,historically_calibrated,1.398029,0.237665,9.3046,9.5765,0.0,0.2718
45,1,2,21,weather_driven,historically_calibrated,1.313878,0.223359,8.9614,9.2332,0.0,0.2718
46,1,2,22,weather_driven,historically_calibrated,1.239783,0.210763,8.6467,8.8661,0.0,0.2194
47,1,2,23,weather_driven,historically_calibrated,1.16646,0.198298,8.3228,8.5675,0.0,0.2447
48,1,2,24,weather_driven,historically_calibrated,0.828109,0.140778,6.6347,6.9065,0.0,0.2718
49,1,3,1,weather_driven,historically_calibrated,0.788633,0.134068,6.4129,6.6322,0.0,0.2194
50,1,3,2,weather_driven,historically_calibrated,0.789483,0.134212,6.4177,6.6371,0.0,0.2194
51,1,3,3,weather_driven,historically_calibrated,0.814212,0.138416,6.5573,6.7767,0.0,0.2194
52,1,3,4,weather_driven,historically_calibrated,0.842403,0.143209,6.7136,6.9095,0.0,0.1959
53,1,3,5,weather_driven,historically_calibrated,0.883231,0.150149,6.9347,7.1089,0.0,0.1741
54,1,3,6,weather_driven,historically_calibrated,0.909837,0.154672,7.0756,7.2715,0.0,0.1959
55,1,3,7,weather_driven,historically_calibrated,1.300803,0.221137,8.9067,9.1026,0.0,0.1959
56,1,3,8,weather_driven,historically_calibrated,1.406122,0.239041,9.3369,9.511,0.0,0.1741
57,1,3,9,weather_driven,historically_calibrated,1.384625,0.235386,9.2509,9.4481,0.0013,0.1959
58,1,3,10,weather_driven,historically_calibrated,1.261592,0.214471,8.7406,9.0267,0.0415,0.2447
59,1,3,11,weather_driven,historically_calibrated,1.106255,0.188063,8.0469,8.4904,0.1115,0.332
60,1,3,12,weather_driven,historically_calibrated,0.868837,0.147702,6.8574,7.5012,0.1659,0.4779
61,1,3,13,weather_driven,historically_calibrated,0.903593,0.153611,7.0428,7.8306,0.1763,0.6116
62,1,3,14,weather_driven,historically_calibrated,0.761286,0.129419,6.2556,7.1127,0.1439,0.7133
63,1,3,15,weather_driven,historically_calibrated,0.941294,0.16002,7.2392,8.0549,0.1024,0.7133
64,1,3,16,weather_driven,historically_calibrated,1.059574,0.180128,7.8263,8.538,0.0505,0.6611
65,1,3,17,weather_driven,historically_calibrated,1.164613,0.197984,8.3145,8.8868,0.0078,0.5645
66,1,3,18,weather_driven,historically_calibrated,1.261577,0.214468,8.7405,9.2184,0.0,0.4779
67,1,3,19,weather_driven,historically_calibrated,1.139006,0.193631,8.1981,8.7181,0.0,0.52
68,1,3,20,weather_driven,historically_calibrated,1.140034,0.193806,8.2028,8.6807,0.0,0.4779
69,1,3,21,weather_driven,historically_calibrated,1.092817,0.185779,7.984,8.4221,0.0,0.4381
70,1,3,22,weather_driven,historically_calibrated,1.042112,0.177159,7.7423,8.1428,0.0,0.4005
71,1,3,23,weather_driven,historically_calibrated,0.969175,0.16476,7.3815,7.8195,0.0,0.4381
72,1,3,24,weather_driven,historically_calibrated,0.668819,0.113699,5.7,6.2645,0.0,0.5645
73,1,4,1,weather_driven,historically_calibrated,0.64873,0.110284,5.5741,6.1857,0.0,0.6116
74,1,4,2,weather_driven,historically_calibrated,0.655899,0.111503,5.6192,6.2308,0.0,0.6116
75,1,4,3,weather_driven,historically_calibrated,0.665017,0.113053,5.6763,6.2879,0.0,0.6116
76,1,4,4,weather_driven,historically_calibrated,0.672584,0.114339,5.7233,6.3349,0.0,0.6116
77,1,4,5,weather_driven,historically_calibrated,0.67332,0.114464,5.7279,6.4412,0.0,0.7133
78,1,4,6,weather_driven,historically_calibrated,0.685295,0.1165,5.8018,6.6275,0.0,0.8257
79,1,4,7,weather_driven,historically_calibrated,1.005968,0.171015,7.5655,8.5149,0.0,0.9494
80,1,4,8,weather_driven,historically_calibrated,1.058818,0.179999,7.8227,8.9076,0.0,1.0848
81,1,4,9,weather_driven,historically_calibrated,1.036771,0.176251,7.7164,8.949,0.0,1.2326
82,1,4,10,weather_driven,historically_calibrated,0.936679,0.159235,7.2154,8.6423,0.0337,1.3932
83,1,4,11,weather_driven,historically_calibrated,0.721404,0.122639,6.0206,7.6862,0.0985,1.5671
84,1,4,12,weather_driven,historically_calibrated,0.63285,0.107585,5.4732,7.2919,0.1594,1.6593
85,1,4,13,weather_driven,historically_calibrated,0.576579,0.098018,5.1052,7.0546,0.1944,1.755
86,1,4,14,weather_driven,historically_calibrated,0.600582,0.102099,5.2642,7.1127,0.1892,1.6593
87,1,4,15,weather_driven,historically_calibrated,0.680628,0.115707,5.7731,7.3049,0.1387,1.3932
88,1,4,16,weather_driven,historically_calibrated,0.817807,0.139027,6.5774,7.5916,0.0648,0.9494
89,1,4,17,weather_driven,historically_calibrated,0.949452,0.161407,7.2811,7.9017,0.0091,0.6116
90,1,4,18,weather_driven,historically_calibrated,0.967955,0.164552,7.3753,8.1434,0.0,0.7682
91,1,4,19,weather_driven,historically_calibrated,0.90393,0.153668,7.0446,8.3558,0.0,1.3112
92,1,4,20,weather_driven,historically_calibrated,0.9434,0.160378,7.25,8.5613,0.0,1.3112
93,1,4,21,weather_driven,historically_calibrated,0.879179,0.14946,6.913,8.3062,0.0,1.3932
94,1,4,22,weather_driven,historically_calibrated,0.875085,0.148764,6.8911,7.9759,0.0,1.0848
95,1,4,23,weather_driven,historically_calibrated,0.915429,0.155623,7.105,7.7661,0.0,0.6611
96,1,4,24,weather_driven,historically_calibrated,0.682834,0.116082,5.7867,6.2645,0.0,0.4779
97,1,5,1,weather_driven,historically_calibrated,0.730748,0.124227,6.0762,6.348,0.0,0.2718
98,1,5,2,weather_driven,historically_calibrated,0.793613,0.134914,6.4412,6.6371,0.0,0.1959
99,1,5,3,weather_driven,historically_calibrated,0.824966,0.140244,6.6173,6.7359,0.0,0.1187
100,1,5,4,weather_driven,historically_calibrated,0.851321,0.144724,6.7624,6.8274,0.0,0.065
101,1,5,5,weather_driven,historically_calibrated,0.876059,0.14893,6.8963,6.9419,0.0,0.0457
102,1,5,6,weather_driven,historically_calibrated,0.934493,0.158864,7.2041,7.2286,0.0,0.0245
103,1,5,7,weather_driven,historically_calibrated,1.300323,0.221055,8.9047,8.9423,0.0,0.0376
104,1,5,8,weather_driven,historically_calibrated,1.335967,0.227114,9.0529,9.0722,0.0,0.0193
105,1,5,9,weather_driven,historically_calibrated,1.331729,0.226394,9.0354,9.0599,0.0,0.0245
106,1,5,10,weather_driven,historically_calibrated,1.287439,0.218865,8.8505,8.862,0.0091,0.0024
107,1,5,11,weather_driven,historically_calibrated,1.037856,0.176435,7.7217,7.7398,0.0181,0.0
108,1,5,12,weather_driven,historically_calibrated,1.167425,0.198462,8.3272,8.3907,0.0635,0.0
109,1,5,13,weather_driven,historically_calibrated,1.17289,0.199391,8.3517,8.3997,0.048,0.0
110,1,5,14,weather_driven,historically_calibrated,1.191277,0.202517,8.4339,8.4689,0.035,0.0
111,1,5,15,weather_driven,historically_calibrated,1.258646,0.21397,8.728,8.7513,0.0233,0.0
112,1,5,16,weather_driven,historically_calibrated,1.364225,0.231918,9.1685,9.2061,0.0376,0.0
113,1,5,17,weather_driven,historically_calibrated,1.571641,0.267179,9.9702,9.9878,0.0065,0.0111
114,1,5,18,weather_driven,historically_calibrated,1.713835,0.291352,10.4774,10.5322,0.0,0.0548
115,1,5,19,weather_driven,historically_calibrated,1.753368,0.298073,10.613,10.6506,0.0,0.0376
116,1,5,20,weather_driven,historically_calibrated,1.602918,0.272496,10.0845,10.1736,0.0,0.0892
117,1,5,21,weather_driven,historically_calibrated,1.441798,0.245106,9.4776,9.5808,0.0,0.1032
118,1,5,22,weather_driven,historically_calibrated,1.309661,0.222642,8.9438,9.033,0.0,0.0892
119,1,5,23,weather_driven,historically_calibrated,1.182635,0.201048,8.3954,8.514,0.0,0.1187
120,1,5,24,weather_driven,historically_calibrated,0.85516,0.145377,6.7833,6.8209,0.0,0.0376
121,1,6,1,weather_driven,historically_calibrated,0.65858,0.111959,5.636,5.6908,0.0,0.0548
122,1,6,2,weather_driven,historically_calibrated,0.641464,0.109049,5.5281,5.5828,0.0,0.0548
123,1,6,3,weather_driven,historically_calibrated,0.636265,0.108165,5.495,5.56,0.0,0.065
124,1,6,4,weather_driven,historically_calibrated,0.639003,0.108631,5.5124,5.6016,0.0,0.0892
125,1,6,5,weather_driven,historically_calibrated,0.657707,0.11181,5.6306,5.6956,0.0,0.065
126,1,6,6,weather_driven,historically_calibrated,0.688816,0.117099,5.8234,5.8998,0.0,0.0764
127,1,6,7,weather_driven,historically_calibrated,0.889991,0.151299,6.9707,7.0472,0.0,0.0764
128,1,6,8,weather_driven,historically_calibrated,0.935633,0.159058,7.21,7.2865,0.0,0.0764
129,1,6,9,weather_driven,historically_calibrated,0.975419,0.165821,7.413,7.4677,0.0,0.0548
130,1,6,10,weather_driven,historically_calibrated,1.073945,0.182571,7.8949,7.9509,0.0104,0.0457
131,1,6,11,weather_driven,historically_calibrated,1.02482,0.174219,7.6582,7.7618,0.0272,0.0764
132,1,6,12,weather_driven,historically_calibrated,0.8642,0.146914,6.8324,6.9492,0.0518,0.065
133,1,6,13,weather_driven,historically_calibrated,0.923625,0.157016,7.1477,7.2994,0.0752,0.0764
134,1,6,14,weather_driven,historically_calibrated,0.920282,0.156448,7.1303,7.3115,0.092,0.0892
135,1,6,15,weather_driven,historically_calibrated,1.001414,0.17024,7.5429,7.7062,0.0868,0.0764
136,1,6,16,weather_driven,historically_calibrated,1.165458,0.198128,8.3183,8.4184,0.0544,0.0457
137,1,6,17,weather_driven,historically_calibrated,1.3086,0.222462,8.9394,8.9755,0.0117,0.0245
138,1,6,18,weather_driven,historically_calibrated,1.433564,0.243706,9.4454,9.4698,0.0,0.0245
139,1,6,19,weather_driven,historically_calibrated,1.491112,0.253489,9.6682,9.6875,0.0,0.0193
140,1,6,20,weather_driven,historically_calibrated,1.491615,0.253575,9.6701,9.6894,0.0,0.0193
141,1,6,21,weather_driven,historically_calibrated,1.427984,0.242757,9.4234,9.454,0.0,0.0306
142,1,6,22,weather_driven,historically_calibrated,1.36696,0.232383,9.1796,9.2828,0.0,0.1032
143,1,6,23,weather_driven,historically_calibrated,1.281436,0.217844,8.8251,8.9143,0.0,0.0892
144,1,6,24,weather_driven,historically_calibrated,0.928007,0.157761,7.1705,7.2597,0.0,0.0892
145,1,7,1,weather_driven,historically_calibrated,0.834623,0.141886,6.6707,6.774,0.0,0.1032
146,1,7,2,weather_driven,historically_calibrated,0.835519,0.142038,6.6757,6.7789,0.0,0.1032
147,1,7,3,weather_driven,historically_calibrated,0.827168,0.140618,6.6295,6.6842,0.0,0.0548
148,1,7,4,weather_driven,historically_calibrated,0.831474,0.141351,6.6533,6.772,0.0,0.1187
149,1,7,5,weather_driven,historically_calibrated,0.824195,0.140113,6.613,6.8089,0.0,0.1959
150,1,7,6,weather_driven,historically_calibrated,0.863892,0.146862,6.8307,6.9663,0.0,0.1356
151,1,7,7,weather_driven,historically_calibrated,1.213264,0.206255,8.531,8.6202,0.0,0.0892
152,1,7,8,weather_driven,historically_calibrated,1.286575,0.218718,8.8468,8.9016,0.0,0.0548
153,1,7,9,weather_driven,historically_calibrated,1.254398,0.213248,8.7097,8.8453,0.0,0.1356
154,1,7,10,weather_driven,historically_calibrated,1.124586,0.19118,8.1319,8.4562,0.0233,0.3009
155,1,7,11,weather_driven,historically_calibrated,1.076963,0.183084,7.9092,8.0578,0.0454,0.1032
156,1,7,12,weather_driven,historically_calibrated,1.00679,0.171154,7.5695,7.7194,0.0467,0.1032
157,1,7,13,weather_driven,historically_calibrated,0.953341,0.162068,7.301,7.5373,0.0622,0.1741
158,1,7,14,weather_driven,historically_calibrated,0.943596,0.160411,7.251,7.5514,0.0557,0.2447
159,1,7,15,weather_driven,historically_calibrated,1.033452,0.175687,7.7003,8.1005,0.035,0.3652
160,1,7,16,weather_driven,historically_calibrated,1.179931,0.200588,8.3833,8.7257,0.0104,0.332
161,1,7,17,weather_driven,historically_calibrated,1.481977,0.251936,9.6332,9.8818,0.0039,0.2447
162,1,7,18,weather_driven,historically_calibrated,1.741206,0.296005,10.5715,10.8434,0.0,0.2718
163,1,7,19,weather_driven,historically_calibrated,1.870163,0.317928,11.0009,11.5209,0.0,0.52
164,1,7,20,weather_driven,historically_calibrated,1.982373,0.337003,11.3569,11.7222,0.0,0.3652
165,1,7,21,weather_driven,historically_calibrated,1.960308,0.333252,11.2882,11.5328,0.0,0.2447
166,1,7,22,weather_driven,historically_calibrated,1.848245,0.314202,10.9295,11.1254,0.0,0.1959
167,1,7,23,weather_driven,historically_calibrated,1.729472,0.29401,10.5313,10.6345,0.0,0.1032
168,1,7,24,weather_driven,historically_calibrated,1.247263,0.212035,8.679,8.7166,0.0,0.0376
169,1,8,1,weather_driven,historically_calibrated,1.396084,0.237334,9.2969,9.3117,0.0,0.0148
170,1,8,2,weather_driven,historically_calibrated,1.43023,0.243139,9.4323,9.4404,0.0,0.0081
171,1,8,3,weather_driven,historically_calibrated,1.437149,0.244315,9.4594,9.4651,0.0,0.0057
172,1,8,4,weather_driven,historically_calibrated,1.453901,0.247163,9.5248,9.536,0.0,0.0111
173,1,8,5,weather_driven,historically_calibrated,1.537528,0.26138,9.8436,9.8629,0.0,0.0193
174,1,8,6,weather_driven,historically_calibrated,1.661789,0.282504,10.2954,10.3199,0.0,0.0245
175,1,8,7,weather_driven,historically_calibrated,2.604696,0.442798,13.0906,13.1099,0.0,0.0193
176,1,8,8,weather_driven,historically_calibrated,2.820339,0.479458,13.6145,13.6257,0.0,0.0111
177,1,8,9,weather_driven,historically_calibrated,2.814376,0.478444,13.6005,13.6075,0.0013,0.0057
178,1,8,10,weather_driven,historically_calibrated,2.543187,0.432342,12.9348,12.9809,0.0454,0.0007
179,1,8,11,weather_driven,historically_calibrated,2.218894,0.377212,12.06,12.1897,0.1296,0.0001
180,1,8,12,weather_driven,historically_calibrated,1.920671,0.326514,11.1631,11.3731,0.21,0.0
181,1,8,13,weather_driven,historically_calibrated,1.742847,0.296284,10.5772,10.8312,0.254,0.0
182,1,8,14,weather_driven,historically_calibrated,1.746394,0.296887,10.5893,10.8161,0.2268,0.0
183,1,8,15,weather_driven,historically_calibrated,1.953388,0.332076,11.2665,11.4298,0.1633,0.0
184,1,8,16,weather_driven,historically_calibrated,2.362213,0.401576,12.4583,12.5464,0.0881,0.0
185,1,8,17,weather_driven,historically_calibrated,2.724495,0.463164,13.3858,13.4066,0.0207,0.0
186,1,8,18,weather_driven,historically_calibrated,3.039795,0.516765,14.1152,14.1153,0.0,0.0001
187,1,8,19,weather_driven,historically_calibrated,3.225133,0.548273,14.5153,14.5156,0.0,0.0003
188,1,8,20,weather_driven,historically_calibrated,3.233395,0.549677,14.5327,14.533,0.0,0.0003
189,1,8,21,weather_driven,historically_calibrated,3.138969,0.533625,14.3317,14.3317,0.0,0.0
190,1,8,22,weather_driven,historically_calibrated,2.956485,0.502602,13.9287,13.9288,0.0,0.0
191,1,8,23,weather_driven,historically_calibrated,2.832401,0.481508,13.6429,13.6429,0.0,0.0
192,1,8,24,weather_driven,historically_calibrated,1.861453,0.316447,10.9726,10.9726,0.0,0.0
193,1,9,1,weather_driven,historically_calibrated,1.67064,0.284009,10.3266,10.3267,0.0,0.0
194,1,9,2,weather_driven,historically_calibrated,1.538344,0.261518,9.8467,9.8467,0.0,0.0
195,1,9,3,weather_driven,historically_calibrated,1.42823,0.242799,9.4244,9.4244,0.0,0.0
196,1,9,4,weather_driven,historically_calibrated,1.424943,0.24224,9.4114,9.4128,0.0,0.0014
197,1,9,5,weather_driven,historically_calibrated,1.443303,0.245361,9.4835,9.4873,0.0,0.0038
198,1,9,6,weather_driven,historically_calibrated,1.45581,0.247488,9.5322,9.5471,0.0,0.0148
199,1,9,7,weather_driven,historically_calibrated,2.162161,0.367567,11.8968,11.9344,0.0,0.0376
200,1,9,8,weather_driven,historically_calibrated,2.206473,0.3751,12.0246,12.0896,0.0,0.065
201,1,9,9,weather_driven,historically_calibrated,2.147218,0.365027,11.8533,11.9437,0.0013,0.0892
202,1,9,10,weather_driven,historically_calibrated,1.947747,0.331117,11.2487,11.3882,0.0363,0.1032
203,1,9,11,weather_driven,historically_calibrated,1.760522,0.299289,10.6373,10.7958,0.1037,0.0548
204,1,9,12,weather_driven,historically_calibrated,1.582631,0.269047,10.0105,10.222,0.1464,0.065
205,1,9,13,weather_driven,historically_calibrated,1.454088,0.247195,9.5255,9.7448,0.1542,0.065
206,1,9,14,weather_driven,historically_calibrated,1.411696,0.239988,9.359,9.6164,0.1387,0.1187
207,1,9,15,weather_driven,historically_calibrated,1.44762,0.246095,9.5003,9.7691,0.0946,0.1741
208,1,9,16,weather_driven,historically_calibrated,1.598867,0.271807,10.0698,10.2082,0.0492,0.0892
209,1,9,17,weather_driven,historically_calibrated,1.724379,0.293144,10.5138,10.5672,0.0078,0.0457
210,1,9,18,weather_driven,historically_calibrated,1.80177,0.306301,10.776,10.8308,0.0,0.0548
211,1,9,19,weather_driven,historically_calibrated,1.820262,0.309444,10.8374,10.8922,0.0,0.0548
212,1,9,20,weather_driven,historically_calibrated,1.777402,0.302158,10.6944,10.7708,0.0,0.0764
213,1,9,21,weather_driven,historically_calibrated,1.680339,0.285658,10.3607,10.4499,0.0,0.0892
214,1,9,22,weather_driven,historically_calibrated,1.552331,0.263896,9.8988,10.0344,0.0,0.1356
215,1,9,23,weather_driven,historically_calibrated,1.405657,0.238962,9.3351,9.636,0.0,0.3009
216,1,9,24,weather_driven,historically_calibrated,0.963861,0.163856,7.3545,7.7197,0.0,0.3652
217,1,10,1,weather_driven,historically_calibrated,0.844076,0.143493,6.7227,7.2006,0.0,0.4779
218,1,10,2,weather_driven,historically_calibrated,0.850773,0.144631,6.7594,7.1246,0.0,0.3652
219,1,10,3,weather_driven,historically_calibrated,0.837943,0.14245,6.689,7.0211,0.0,0.332
220,1,10,4,weather_driven,historically_calibrated,0.851022,0.144674,6.7608,7.0326,0.0,0.2718
221,1,10,5,weather_driven,historically_calibrated,0.857364,0.145752,6.7953,7.0671,0.0,0.2718
222,1,10,6,weather_driven,historically_calibrated,0.881109,0.149789,6.9234,7.1427,0.0,0.2194
223,1,10,7,weather_driven,historically_calibrated,1.214709,0.206501,8.5374,8.782,0.0,0.2447
224,1,10,8,weather_driven,historically_calibrated,1.249394,0.212397,8.6882,8.9076,0.0,0.2194
225,1,10,9,weather_driven,historically_calibrated,1.24842,0.212231,8.684,8.8381,0.0,0.1541
226,1,10,10,weather_driven,historically_calibrated,1.077767,0.18322,7.913,8.0382,0.0065,0.1187
227,1,10,11,weather_driven,historically_calibrated,0.991558,0.168565,7.4939,7.6862,0.0181,0.1741
228,1,10,12,weather_driven,historically_calibrated,0.932262,0.158485,7.1926,7.3965,0.0298,0.1741
229,1,10,13,weather_driven,historically_calibrated,1.006836,0.171162,7.5698,7.8306,0.0415,0.2194
230,1,10,14,weather_driven,historically_calibrated,0.992374,0.168704,7.498,7.843,0.0441,0.3009
231,1,10,15,weather_driven,historically_calibrated,1.081323,0.183825,7.9298,8.162,0.0363,0.1959
232,1,10,16,weather_driven,historically_calibrated,1.043529,0.1774,7.7491,8.538,0.0207,0.7682
233,1,10,17,weather_driven,historically_calibrated,0.798524,0.135749,6.469,9.0027,0.0039,2.5298
234,1,10,18,weather_driven,historically_calibrated,1.072942,0.1824,7.8901,9.4572,0.0,1.5671
235,1,10,19,weather_driven,historically_calibrated,1.314235,0.22342,8.9629,9.624,0.0,0.6611
236,1,10,20,weather_driven,historically_calibrated,1.419614,0.241334,9.3904,9.7556,0.0,0.3652
237,1,10,21,weather_driven,historically_calibrated,1.384098,0.235297,9.2488,9.5808,0.0,0.332
238,1,10,22,weather_driven,historically_calibrated,1.338726,0.227583,9.0643,9.1999,0.0,0.1356
239,1,10,23,weather_driven,historically_calibrated,1.233532,0.2097,8.6196,8.6743,0.0,0.0548
240,1,10,24,weather_driven,historically_calibrated,0.870968,0.148065,6.8689,6.9065,0.0,0.0376
241,1,11,1,weather_driven,historically_calibrated,0.816909,0.138875,6.5724,6.5916,0.0,0.0193
242,1,11,2,weather_driven,historically_calibrated,0.83035,0.141159,6.6471,6.6777,0.0,0.0306
243,1,11,3,weather_driven,historically_calibrated,0.842058,0.14315,6.7117,6.7767,0.0,0.065
244,1,11,4,weather_driven,historically_calibrated,0.874575,0.148678,6.8883,6.9915,0.0,0.1032
245,1,11,5,weather_driven,historically_calibrated,0.930199,0.158134,7.1819,7.3175,0.0,0.1356
246,1,11,6,weather_driven,historically_calibrated,1.005928,0.171008,7.5653,7.7009,0.0,0.1356
247,1,11,7,weather_driven,historically_calibrated,1.493818,0.253949,9.6785,9.7972,0.0,0.1187
248,1,11,8,weather_driven,historically_calibrated,1.632167,0.277468,10.19,10.2791,0.0,0.0892
249,1,11,9,weather_driven,historically_calibrated,1.681531,0.28586,10.3649,10.5018,0.0013,0.1356
250,1,11,10,weather_driven,historically_calibrated,1.60491,0.272835,10.0917,10.3448,0.0337,0.2194
251,1,11,11,weather_driven,historically_calibrated,1.431453,0.243347,9.4371,9.8307,0.1218,0.2718
252,1,11,12,weather_driven,historically_calibrated,1.285036,0.218456,8.8403,9.3325,0.2203,0.2718
253,1,11,13,weather_driven,historically_calibrated,1.171155,0.199096,8.3439,8.917,0.2722,0.3009
254,1,11,14,weather_driven,historically_calibrated,1.170055,0.198909,8.339,8.8862,0.2462,0.3009
255,1,11,15,weather_driven,historically_calibrated,1.304084,0.221694,8.9205,9.4477,0.162,0.3652
256,1,11,16,weather_driven,historically_calibrated,1.541711,0.262091,9.8592,10.2638,0.0726,0.332
257,1,11,17,weather_driven,historically_calibrated,1.67856,0.285355,10.3545,10.5672,0.0168,0.1959
258,1,11,18,weather_driven,historically_calibrated,1.742431,0.296213,10.5757,10.7113,0.0,0.1356
259,1,11,19,weather_driven,historically_calibrated,1.755969,0.298515,10.6219,10.711,0.0,0.0892
260,1,11,20,weather_driven,historically_calibrated,1.686709,0.286741,10.3831,10.4722,0.0,0.0892
261,1,11,21,weather_driven,historically_calibrated,1.579407,0.268499,9.9987,10.0443,0.0,0.0457
262,1,11,22,weather_driven,historically_calibrated,1.450828,0.246641,9.5129,9.5893,0.0,0.0764
263,1,11,23,weather_driven,historically_calibrated,1.355294,0.2304,9.1321,9.2086,0.0,0.0764
264,1,11,24,weather_driven,historically_calibrated,1.184057,0.20129,8.4017,8.4474,0.0,0.0457
265,1,12,1,weather_driven,historically_calibrated,1.127293,0.19164,8.1444,8.175,0.0,0.0306
266,1,12,2,weather_driven,historically_calibrated,1.111022,0.188874,8.0691,8.0997,0.0,0.0306
267,1,12,3,weather_driven,historically_calibrated,1.267193,0.215423,8.7645,8.7726,0.0,0.0081
268,1,12,4,weather_driven,historically_calibrated,1.300675,0.221115,8.9062,9.1256,0.0,0.2194
269,1,12,5,weather_driven,historically_calibrated,1.449012,0.246332,9.5058,9.5708,0.0,0.065
270,1,12,6,weather_driven,historically_calibrated,1.545455,0.262727,9.8732,9.9764,0.0,0.1032
271,1,12,7,weather_driven,historically_calibrated,2.42027,0.411446,12.6142,12.629,0.0,0.0148
272,1,12,8,weather_driven,historically_calibrated,2.665147,0.453075,13.2409,13.2417,0.0,0.0007
273,1,12,9,weather_driven,historically_calibrated,2.678372,0.455323,13.2735,13.2747,0.0013,0.0
274,1,12,10,weather_driven,historically_calibrated,2.378151,0.404286,12.5014,12.5415,0.0402,0.0
275,1,12,11,weather_driven,historically_calibrated,2.053124,0.349031,11.5737,11.7072,0.1335,0.0
276,1,12,12,weather_driven,historically_calibrated,1.815195,0.308583,10.8207,11.0591,0.2385,0.0
277,1,12,13,weather_driven,historically_calibrated,1.701545,0.289263,10.4348,10.7277,0.2929,0.0
278,1,12,14,weather_driven,historically_calibrated,1.735028,0.294955,10.5504,10.8161,0.2657,0.0
279,1,12,15,weather_driven,historically_calibrated,2.001723,0.340293,11.4168,11.5905,0.1737,0.0
280,1,12,16,weather_driven,historically_calibrated,2.47158,0.420169,12.7496,12.8247,0.0752,0.0
281,1,12,17,weather_driven,historically_calibrated,2.898047,0.492668,13.7954,13.8122,0.0168,0.0
282,1,12,18,weather_driven,historically_calibrated,3.262211,0.554576,14.593,14.593,0.0,0.0
283,1,12,19,weather_driven,historically_calibrated,3.522854,0.598885,15.1195,15.1195,0.0,0.0
284,1,12,20,weather_driven,historically_calibrated,3.589898,0.610283,15.2496,15.2496,0.0,0.0
285,1,12,21,weather_driven,historically_calibrated,3.360329,0.571256,14.7952,14.7953,0.0,0.0
286,1,12,22,weather_driven,historically_calibrated,3.132359,0.532501,14.3175,14.3182,0.0,0.0007
287,1,12,23,weather_driven,historically_calibrated,3.091193,0.525503,14.2281,14.2306,0.0,0.0024
288,1,12,24,weather_driven,historically_calibrated,2.050626,0.348606,11.5661,11.5718,0.0,0.0057
289,1,13,1,weather_driven,historically_calibrated,1.644127,0.279502,10.2327,10.2475,0.0,0.0148
290,1,13,2,weather_driven,historically_calibrated,1.739852,0.295775,10.5669,10.5914,0.0,0.0245
291,1,13,3,weather_driven,historically_calibrated,1.777284,0.302138,10.694,10.7316,0.0,0.0376
292,1,13,4,weather_driven,historically_calibrated,1.89571,0.322271,11.0834,11.1139,0.0,0.0306
293,1,13,5,weather_driven,historically_calibrated,1.964476,0.333961,11.3012,11.3388,0.0,0.0376
294,1,13,6,weather_driven,historically_calibrated,2.052737,0.348965,11.5725,11.6273,0.0,0.0548
295,1,13,7,weather_driven,historically_calibrated,2.966288,0.504269,13.9509,14.0274,0.0,0.0764
296,1,13,8,weather_driven,historically_calibrated,3.107427,0.528263,14.2635,14.3527,0.0,0.0892
297,1,13,9,weather_driven,historically_calibrated,3.071334,0.522127,14.1847,14.3047,0.0013,0.1187
298,1,13,10,weather_driven,historically_calibrated,2.766058,0.47023,13.4858,13.6603,0.0389,0.1356
299,1,13,11,weather_driven,historically_calibrated,2.329489,0.396013,12.369,12.6449,0.1218,0.1541
300,1,13,12,weather_driven,historically_calibrated,1.939026,0.329634,11.2213,11.5704,0.175,0.1741
301,1,13,13,weather_driven,historically_calibrated,1.738121,0.295481,10.561,10.9166,0.1814,0.1741
302,1,13,14,weather_driven,historically_calibrated,1.619055,0.275239,10.1428,10.6226,0.1788,0.3009
303,1,13,15,weather_driven,historically_calibrated,1.715245,0.291592,10.4823,10.9096,0.1555,0.2718
304,1,13,16,weather_driven,historically_calibrated,1.941384,0.330035,11.2287,11.5427,0.0946,0.2194
305,1,13,17,weather_driven,historically_calibrated,2.118041,0.360067,11.7676,12.0142,0.0272,0.2194
306,1,13,18,weather_driven,historically_calibrated,2.342856,0.398286,12.4056,12.6015,0.0,0.1959
307,1,13,19,weather_driven,historically_calibrated,2.386493,0.405704,12.5238,12.7432,0.0,0.2194
308,1,13,20,weather_driven,historically_calibrated,2.345012,0.398652,12.4115,12.6561,0.0,0.2447
309,1,13,21,weather_driven,historically_calibrated,2.241803,0.381106,12.125,12.2791,0.0,0.1541
310,1,13,22,weather_driven,historically_calibrated,2.057045,0.349698,11.5855,11.7396,0.0,0.1541
311,1,13,23,weather_driven,historically_calibrated,1.912758,0.325169,11.1379,11.2735,0.0,0.1356
312,1,13,24,weather_driven,historically_calibrated,1.284531,0.21837,8.8382,8.9923,0.0,0.1541
313,1,14,1,weather_driven,historically_calibrated,1.173944,0.19957,8.3565,8.4921,0.0,0.1356
314,1,14,2,weather_driven,historically_calibrated,1.194115,0.203,8.4465,8.5356,0.0,0.0892
315,1,14,3,weather_driven,historically_calibrated,1.205614,0.204954,8.4974,8.633,0.0,0.1356
316,1,14,4,weather_driven,historically_calibrated,1.189543,0.202222,8.4262,8.6221,0.0,0.1959
317,1,14,5,weather_driven,historically_calibrated,1.179137,0.200453,8.3797,8.6516,0.0,0.2718
318,1,14,6,weather_driven,historically_calibrated,1.206018,0.205023,8.4991,8.7438,0.0,0.2447
319,1,14,7,weather_driven,historically_calibrated,1.760341,0.299258,10.6367,10.8814,0.0,0.2447
320,1,14,8,weather_driven,historically_calibrated,1.81544,0.308625,10.8215,11.1224,0.0,0.3009
321,1,14,9,weather_driven,historically_calibrated,1.784,0.30328,10.7166,10.9372,0.0013,0.2194
322,1,14,10,weather_driven,historically_calibrated,1.56749,0.266473,9.9549,10.3761,0.0207,0.4005
323,1,14,11,weather_driven,historically_calibrated,1.34696,0.228983,9.0981,10.376,0.0454,1.2326
324,1,14,12,weather_driven,historically_calibrated,0.913117,0.15523,7.0929,9.7893,0.0402,2.6563
325,1,14,13,weather_driven,historically_calibrated,0.946288,0.160869,7.2649,9.7267,0.0544,2.4074
326,1,14,14,weather_driven,historically_calibrated,1.25195,0.212832,8.6992,9.6629,0.0143,0.9494
327,1,14,15,weather_driven,historically_calibrated,1.235113,0.209969,8.6264,9.7268,0.0156,1.0848
328,1,14,16,weather_driven,historically_calibrated,1.304554,0.221774,8.9224,9.9549,0.0168,1.0156
329,1,14,17,weather_driven,historically_calibrated,1.023031,0.173915,7.6494,10.3083,0.0026,2.6563
330,1,14,18,weather_driven,historically_calibrated,0.947578,0.161088,7.2715,10.6236,0.0,3.3521
331,1,14,19,weather_driven,historically_calibrated,1.272563,0.216336,8.7874,11.0764,0.0,2.289
332,1,14,20,weather_driven,historically_calibrated,1.717348,0.291949,10.4896,11.7222,0.0,1.2326
333,1,14,21,weather_driven,historically_calibrated,1.302109,0.221358,8.9122,11.3196,0.0,2.4074
334,1,14,22,weather_driven,historically_calibrated,1.421889,0.241721,9.3994,11.6884,0.0,2.289
335,1,14,23,weather_driven,historically_calibrated,1.80314,0.306534,10.7806,11.6667,0.0,0.8861
336,1,14,24,weather_driven,historically_calibrated,1.366046,0.232228,9.1759,9.7404,0.0,0.5645
337,1,15,1,weather_driven,historically_calibrated,1.407085,0.239204,9.3407,10.0019,0.0,0.6611
338,1,15,2,weather_driven,historically_calibrated,1.424048,0.242088,9.4079,9.9279,0.0,0.52
339,1,15,3,weather_driven,historically_calibrated,1.409077,0.239543,9.3486,9.9132,0.0,0.5645
340,1,15,4,weather_driven,historically_calibrated,1.397674,0.237605,9.3032,9.8232,0.0,0.52
341,1,15,5,weather_driven,historically_calibrated,1.397257,0.237534,9.3016,9.7794,0.0,0.4779
342,1,15,6,weather_driven,historically_calibrated,1.398378,0.237724,9.306,10.0193,0.0,0.7133
343,1,15,7,weather_driven,historically_calibrated,2.052817,0.348979,11.5728,12.5222,0.0,0.9494
344,1,15,8,weather_driven,historically_calibrated,2.190844,0.372443,11.9797,12.693,0.0,0.7133
345,1,15,9,weather_driven,historically_calibrated,2.14232,0.364194,11.839,12.6647,0.0,0.8257
346,1,15,10,weather_driven,historically_calibrated,1.662883,0.28269,10.2993,12.2669,0.0104,1.9573
347,1,15,11,weather_driven,historically_calibrated,1.563289,0.265759,9.9394,11.8144,0.0207,1.8543
348,1,15,12,weather_driven,historically_calibrated,1.266095,0.215236,8.7598,11.3207,0.0311,2.5298
349,1,15,13,weather_driven,historically_calibrated,1.171804,0.199207,8.3469,11.0381,0.035,2.6563
350,1,15,14,weather_driven,historically_calibrated,1.210135,0.205723,8.5173,11.0769,0.0298,2.5298
351,1,15,15,weather_driven,historically_calibrated,1.422557,0.241835,9.402,11.3762,0.0168,1.9573
352,1,15,16,weather_driven,historically_calibrated,1.383448,0.235186,9.2462,11.5443,0.0091,2.289
353,1,15,17,weather_driven,historically_calibrated,1.339468,0.227709,9.0673,11.7262,0.0026,2.6563
354,1,15,18,weather_driven,historically_calibrated,1.218407,0.207129,8.5536,11.9057,0.0,3.3521
355,1,15,19,weather_driven,historically_calibrated,1.173388,0.199476,8.354,11.8584,0.0,3.5045
356,1,15,20,weather_driven,historically_calibrated,0.924095,0.157096,7.1502,11.6666,0.0,4.5164
357,1,15,21,weather_driven,historically_calibrated,0.783796,0.133245,6.3853,11.0872,0.0,4.702
358,1,15,22,weather_driven,historically_calibrated,0.714102,0.121397,5.9768,10.3125,0.0,4.3358
359,1,15,23,weather_driven,historically_calibrated,0.740664,0.125913,6.1349,9.7963,0.0,3.6614
360,1,15,24,weather_driven,historically_calibrated,0.414234,0.07042,3.9397,7.7625,0.0,3.8229
361,1,16,1,weather_driven,historically_calibrated,0.348805,0.059297,3.4183,7.2412,0.0,3.8229
362,1,16,2,weather_driven,historically_calibrated,0.435796,0.074085,4.1044,7.1652,0.0,3.0608
363,1,16,3,weather_driven,historically_calibrated,0.422209,0.071776,4.001,7.0618,0.0,3.0608
364,1,16,4,weather_driven,historically_calibrated,0.405162,0.068878,3.8694,7.0736,0.0,3.2043
365,1,16,5,weather_driven,historically_calibrated,0.396095,0.067336,3.7985,7.1506,0.0,3.3521
366,1,16,6,weather_driven,historically_calibrated,0.377751,0.064218,3.6531,7.3145,0.0,3.6614
367,1,16,7,weather_driven,historically_calibrated,0.644088,0.109495,5.5447,9.0492,0.0,3.5045
368,1,16,8,weather_driven,historically_calibrated,0.606439,0.103095,5.3025,9.2916,0.0,3.9891
369,1,16,9,weather_driven,historically_calibrated,0.492764,0.08377,4.5243,9.2263,0.0,4.702
370,1,16,10,weather_driven,historically_calibrated,0.362506,0.061626,3.5303,9.0267,0.0013,5.4951
371,1,16,11,weather_driven,historically_calibrated,0.267801,0.045526,2.7229,8.6512,0.0052,5.9231
372,1,16,12,weather_driven,historically_calibrated,0.250669,0.042614,2.5679,8.286,0.0117,5.7064
373,1,16,13,weather_driven,historically_calibrated,0.124695,0.021198,1.3273,8.1927,0.0207,6.8447
374,1,16,14,weather_driven,historically_calibrated,0.010676,0.001815,0.0141,8.1559,0.0168,8.125
375,1,16,15,weather_driven,historically_calibrated,0.019905,0.003384,0.1286,8.2692,0.0156,8.125
376,1,16,16,weather_driven,historically_calibrated,0.046988,0.007988,0.4557,8.5937,0.013,8.125
377,1,16,17,weather_driven,historically_calibrated,0.250545,0.042593,2.5668,8.9448,0.0052,6.3728
378,1,16,18,weather_driven,historically_calibrated,0.439199,0.074664,4.1301,9.2184,0.0,5.0882
379,1,16,19,weather_driven,historically_calibrated,0.382413,0.06501,3.6903,8.7785,0.0,5.0882
380,1,16,20,weather_driven,historically_calibrated,0.328,0.05576,3.2453,8.7404,0.0,5.4951
381,1,16,21,weather_driven,historically_calibrated,0.345582,0.058749,3.3918,8.48,0.0,5.0882
382,1,16,22,weather_driven,historically_calibrated,0.351545,0.059763,3.4408,8.1428,0.0,4.702
383,1,16,23,weather_driven,historically_calibrated,0.290856,0.049445,2.927,7.8195,0.0,4.8926
384,1,16,24,weather_driven,historically_calibrated,0.147128,0.025012,1.5625,6.2645,0.0,4.702
385,1,17,1,weather_driven,historically_calibrated,0.139535,0.023721,1.4837,6.1857,0.0,4.702
386,1,17,2,weather_driven,historically_calibrated,0.121905,0.020724,1.2976,6.1902,0.0,4.8926
387,1,17,3,weather_driven,historically_calibrated,0.072475,0.012321,0.752,6.2471,0.0,5.4951
388,1,17,4,weather_driven,historically_calibrated,0.02488,0.00423,0.1897,6.3349,0.0,6.1452
389,1,17,5,weather_driven,historically_calibrated,0.033627,0.005717,0.296,6.4412,0.0,6.1452
390,1,17,6,weather_driven,historically_calibrated,0.064587,0.01098,0.6615,6.5846,0.0,5.9231
391,1,17,7,weather_driven,historically_calibrated,0.360679,0.061315,3.5155,8.408,0.0,4.8926
392,1,17,8,weather_driven,historically_calibrated,0.382883,0.06509,3.694,8.0298,0.0,4.3358
393,1,17,9,weather_driven,historically_calibrated,0.402191,0.068372,3.8462,8.0062,0.0,4.16
394,1,17,10,weather_driven,historically_calibrated,0.448557,0.076255,4.2004,7.8734,0.0117,3.6614
395,1,17,11,weather_driven,historically_calibrated,0.427756,0.072719,4.0434,7.579,0.0311,3.5045
396,1,17,12,weather_driven,historically_calibrated,0.341857,0.058116,3.361,7.2396,0.0557,3.8229
397,1,17,13,weather_driven,historically_calibrated,0.296945,0.050481,2.98,7.0546,0.0855,3.9891
398,1,17,14,weather_driven,historically_calibrated,0.303661,0.051622,3.0381,7.1127,0.0855,3.9891
399,1,17,15,weather_driven,historically_calibrated,0.347885,0.059141,3.4108,7.3049,0.0713,3.8229
400,1,17,16,weather_driven,historically_calibrated,0.573735,0.097535,5.0862,8.4823,0.0441,3.3521
401,1,17,17,weather_driven,historically_calibrated,0.742366,0.126202,6.1449,8.9448,0.013,2.7869
402,1,17,18,weather_driven,historically_calibrated,0.904729,0.153804,7.0488,9.3378,0.0,2.289
403,1,17,19,weather_driven,historically_calibrated,0.884598,0.150382,6.942,8.8993,0.0,1.9573
404,1,17,20,weather_driven,historically_calibrated,0.91541,0.15562,7.1049,8.8599,0.0,1.755
405,1,17,21,weather_driven,historically_calibrated,1.014618,0.172485,7.6081,9.1753,0.0,1.5671
406,1,17,22,weather_driven,historically_calibrated,0.970391,0.164966,7.3876,8.8661,0.0,1.4784
407,1,17,23,weather_driven,historically_calibrated,0.944606,0.160583,7.2562,8.5675,0.0,1.3112
408,1,17,24,weather_driven,historically_calibrated,0.683733,0.116235,5.7922,6.9493,0.0,1.1571
409,1,18,1,weather_driven,historically_calibrated,0.672596,0.114341,5.7234,6.6728,0.0,0.9494
410,1,18,2,weather_driven,historically_calibrated,0.716436,0.121794,5.9908,6.759,0.0,0.7682
411,1,18,3,weather_driven,historically_calibrated,0.765238,0.13009,6.2785,6.9396,0.0,0.6611
412,1,18,4,weather_driven,historically_calibrated,0.797293,0.13554,6.462,7.0736,0.0,0.6116
413,1,18,5,weather_driven,historically_calibrated,0.848623,0.144266,6.7476,7.3592,0.0,0.6116
414,1,18,6,weather_driven,historically_calibrated,0.896921,0.152477,7.0075,7.5721,0.0,0.5645
415,1,18,7,weather_driven,historically_calibrated,1.31487,0.223528,8.9655,9.5301,0.0,0.5645
416,1,18,8,weather_driven,historically_calibrated,1.392746,0.236767,9.2835,9.8951,0.0,0.6116
417,1,18,9,weather_driven,historically_calibrated,1.407795,0.239325,9.3436,10.0582,0.0013,0.7133
418,1,18,10,weather_driven,historically_calibrated,1.30678,0.222153,8.9318,9.9603,0.013,1.0156
419,1,18,11,weather_driven,historically_calibrated,1.173654,0.199521,8.3552,9.6163,0.0285,1.2326
420,1,18,12,weather_driven,historically_calibrated,1.016872,0.172868,7.6192,9.2278,0.0415,1.5671
421,1,18,13,weather_driven,historically_calibrated,0.9474,0.161058,7.2706,9.0722,0.0467,1.755
422,1,18,14,weather_driven,historically_calibrated,0.998405,0.169729,7.528,9.147,0.0518,1.5671
423,1,18,15,weather_driven,historically_calibrated,1.1023,0.187391,8.0284,9.3941,0.0544,1.3112
424,1,18,16,weather_driven,historically_calibrated,1.272536,0.216331,8.7873,9.7071,0.0337,0.8861
425,1,18,17,weather_driven,historically_calibrated,1.481459,0.251848,9.6312,10.1616,0.0104,0.52
426,1,18,18,weather_driven,historically_calibrated,1.642443,0.279215,10.2267,10.5919,0.0,0.3652
427,1,18,19,weather_driven,historically_calibrated,1.735512,0.295037,10.5521,10.9526,0.0,0.4005
428,1,18,20,weather_driven,historically_calibrated,1.84837,0.314223,10.9299,11.368,0.0,0.4381
429,1,18,21,weather_driven,historically_calibrated,1.86261,0.316644,10.9764,11.3769,0.0,0.4005
430,1,18,22,weather_driven,historically_calibrated,1.809622,0.307636,10.8022,11.2027,0.0,0.4005
431,1,18,23,weather_driven,historically_calibrated,1.72024,0.292441,10.4995,10.8648,0.0,0.3652
432,1,18,24,weather_driven,historically_calibrated,1.220044,0.207407,8.5608,8.8326,0.0,0.2718
433,1,19,1,weather_driven,historically_calibrated,1.142579,0.194238,8.2145,8.4591,0.0,0.2447
434,1,19,2,weather_driven,historically_calibrated,1.189011,0.202132,8.4238,8.6685,0.0,0.2447
435,1,19,3,weather_driven,historically_calibrated,1.221864,0.207717,8.5687,8.8134,0.0,0.2447
436,1,19,4,weather_driven,historically_calibrated,1.24829,0.212209,8.6834,8.8793,0.0,0.1959
437,1,19,5,weather_driven,historically_calibrated,1.261907,0.214524,8.7419,8.9866,0.0,0.2447
438,1,19,6,weather_driven,historically_calibrated,1.317076,0.223903,8.9747,9.2465,0.0,0.2718
439,1,19,7,weather_driven,historically_calibrated,1.936515,0.329208,11.2133,11.6139,0.0,0.4005
440,1,19,8,weather_driven,historically_calibrated,2.042587,0.34724,11.5418,11.9798,0.0,0.4381
441,1,19,9,weather_driven,historically_calibrated,1.998816,0.339799,11.4078,11.8883,0.0026,0.4779
442,1,19,10,weather_driven,historically_calibrated,1.777614,0.302194,10.6951,11.2235,0.0505,0.4779
443,1,19,11,weather_driven,historically_calibrated,1.520632,0.258507,9.7802,10.5813,0.14,0.6611
444,1,19,12,weather_driven,historically_calibrated,1.254193,0.213213,8.7088,9.9603,0.2359,1.0156
445,1,19,13,weather_driven,historically_calibrated,1.083161,0.184137,7.9385,9.693,0.276,1.4784
446,1,19,14,weather_driven,historically_calibrated,1.056332,0.179576,7.8108,9.6164,0.2385,1.5671
447,1,19,15,weather_driven,historically_calibrated,1.124164,0.191108,8.13,9.7691,0.1607,1.4784
448,1,19,16,weather_driven,historically_calibrated,1.156409,0.19659,8.2774,10.2082,0.0765,1.8543
449,1,19,17,weather_driven,historically_calibrated,1.381605,0.234873,9.2388,10.9149,0.0168,1.6593
450,1,19,18,weather_driven,historically_calibrated,1.313491,0.223294,8.9598,11.2488,0.0,2.289
451,1,19,19,weather_driven,historically_calibrated,1.272028,0.216245,8.7851,11.3149,0.0,2.5298
452,1,19,20,weather_driven,historically_calibrated,1.283796,0.218245,8.8351,11.0097,0.0,2.1746
453,1,19,21,weather_driven,historically_calibrated,1.168543,0.198652,8.3322,10.7396,0.0,2.4074
454,1,19,22,weather_driven,historically_calibrated,1.089384,0.185195,7.9679,10.2569,0.0,2.289
455,1,19,23,weather_driven,historically_calibrated,0.836668,0.142234,6.682,9.7428,0.0,3.0608
456,1,19,24,weather_driven,historically_calibrated,0.429726,0.073053,4.0584,7.7197,0.0,3.6614
457,1,20,1,weather_driven,historically_calibrated,0.251622,0.042776,2.5766,6.7366,0.0,4.16
458,1,20,2,weather_driven,historically_calibrated,0.229093,0.038946,2.3684,6.7041,0.0,4.3358
459,1,20,3,weather_driven,historically_calibrated,0.196147,0.033345,2.054,6.9466,0.0,4.8926
460,1,20,4,weather_driven,historically_calibrated,0.26531,0.045103,2.7006,7.0363,0.0,4.3358
461,1,20,5,weather_driven,historically_calibrated,0.362641,0.061649,3.5314,7.1928,0.0,3.6614
462,1,20,6,weather_driven,historically_calibrated,0.499762,0.08496,4.5744,7.3613,0.0,2.7869
463,1,20,7,weather_driven,historically_calibrated,0.943929,0.160468,7.2527,9.2101,0.0,1.9573
464,1,20,8,weather_driven,historically_calibrated,1.201599,0.204272,8.4796,9.3054,0.0,0.8257
465,1,20,9,weather_driven,historically_calibrated,1.214482,0.206462,8.5364,9.3045,0.0,0.7682
466,1,20,10,weather_driven,historically_calibrated,1.188893,0.202112,8.4233,9.2646,0.0156,0.8257
467,1,20,11,weather_driven,historically_calibrated,1.129767,0.19206,8.1558,8.8963,0.0272,0.7133
468,1,20,12,weather_driven,historically_calibrated,0.88893,0.151118,6.9651,8.7784,0.0583,1.755
469,1,20,13,weather_driven,historically_calibrated,0.912584,0.155139,7.0901,8.632,0.0635,1.4784
470,1,20,14,weather_driven,historically_calibrated,0.907539,0.154282,7.0636,8.5112,0.0544,1.3932
471,1,20,15,weather_driven,historically_calibrated,0.964809,0.164018,7.3593,8.4947,0.0505,1.0848
472,1,20,16,weather_driven,historically_calibrated,0.479409,0.0815,4.4278,8.9818,0.0376,4.5164
473,1,20,17,weather_driven,historically_calibrated,0.689288,0.117179,5.8263,9.1888,0.0104,3.3521
474,1,20,18,weather_driven,historically_calibrated,0.539306,0.091682,4.852,9.7445,0.0,4.8926
475,1,20,19,weather_driven,historically_calibrated,0.652308,0.110892,5.5966,10.2986,0.0,4.702
476,1,20,20,weather_driven,historically_calibrated,0.878683,0.149376,6.9104,10.7332,0.0,3.8229
477,1,20,21,weather_driven,historically_calibrated,1.034419,0.175851,7.705,10.6267,0.0,2.9217
478,1,20,22,weather_driven,historically_calibrated,1.242142,0.211164,8.6569,10.5112,0.0,1.8543
479,1,20,23,weather_driven,historically_calibrated,1.398381,0.237725,9.306,10.1922,0.0,0.8861
480,1,20,24,weather_driven,historically_calibrated,0.754058,0.12819,6.2135,7.9685,0.0,1.755
481,1,21,1,weather_driven,historically_calibrated,0.483868,0.082258,4.4602,7.521,0.0,3.0608
482,1,21,2,weather_driven,historically_calibrated,0.520431,0.088473,4.7207,7.3769,0.0,2.6563
483,1,21,3,weather_driven,historically_calibrated,0.517847,0.088034,4.7025,7.3588,0.0,2.6563
484,1,21,4,weather_driven,historically_calibrated,0.43497,0.073945,4.0982,7.6026,0.0,3.5045
485,1,21,5,weather_driven,historically_calibrated,0.519337,0.088287,4.713,7.4999,0.0,2.7869
486,1,21,6,weather_driven,historically_calibrated,0.622076,0.105753,5.404,7.3613,0.0,1.9573
487,1,21,7,weather_driven,historically_calibrated,0.865394,0.147117,6.8388,9.0134,0.0,2.1746
488,1,21,8,weather_driven,historically_calibrated,0.834473,0.14186,6.6699,9.4568,0.0,2.7869
489,1,21,9,weather_driven,historically_calibrated,0.957389,0.162756,7.3216,9.6107,0.0,2.289
490,1,21,10,weather_driven,historically_calibrated,0.9934,0.168878,7.5031,9.2646,0.0065,1.755
491,1,21,11,weather_driven,historically_calibrated,0.907217,0.154227,7.0619,8.699,0.07,1.5671
492,1,21,12,weather_driven,historically_calibrated,0.743139,0.126334,6.1495,8.2008,0.197,1.8543
493,1,21,13,weather_driven,historically_calibrated,0.678649,0.11537,5.7609,7.8705,0.2553,1.8543
494,1,21,14,weather_driven,historically_calibrated,0.699906,0.118984,5.891,7.7914,0.2411,1.6593
495,1,21,15,weather_driven,historically_calibrated,0.731773,0.124401,6.0823,8.0019,0.1646,1.755
496,1,21,16,weather_driven,historically_calibrated,0.772652,0.131351,6.3213,8.4696,0.0842,2.0641
497,1,21,17,weather_driven,historically_calibrated,0.815248,0.138592,6.5631,8.6557,0.0285,2.0641
498,1,21,18,weather_driven,historically_calibrated,1.019659,0.173342,7.6329,8.8655,0.0,1.2326
499,1,21,19,weather_driven,historically_calibrated,1.126511,0.191507,8.1408,8.8541,0.0,0.7133
500,1,21,20,weather_driven,historically_calibrated,0.942075,0.160153,7.2432,8.8103,0.0,1.5671
501,1,21,21,weather_driven,historically_calibrated,0.866749,0.147347,6.8462,8.6012,0.0,1.755
502,1,21,22,weather_driven,historically_calibrated,0.641721,0.109093,5.5297,7.5938,0.0,2.0641
503,1,21,23,weather_driven,historically_calibrated,0.50546,0.085928,4.615,7.1448,0.0,2.5298
504,1,21,24,weather_driven,historically_calibrated,0.317292,0.05394,3.1548,5.6846,0.0,2.5298
505,1,22,1,weather_driven,historically_calibrated,0.398258,0.067704,3.8154,6.1045,0.0,2.289
506,1,22,2,weather_driven,historically_calibrated,0.438668,0.074574,4.1261,6.1902,0.0,2.0641
507,1,22,3,weather_driven,historically_calibrated,0.406589,0.06912,3.8805,6.2879,0.0,2.4074
508,1,22,4,weather_driven,historically_calibrated,0.42333,0.071966,4.0096,6.417,0.0,2.4074
509,1,22,5,weather_driven,historically_calibrated,0.525007,0.089251,4.7527,6.8168,0.0,2.0641
510,1,22,6,weather_driven,historically_calibrated,0.475673,0.080864,4.4006,7.0569,0.0,2.6563
511,1,22,7,weather_driven,historically_calibrated,0.63444,0.107855,5.4833,8.8355,0.0,3.3521
512,1,22,8,weather_driven,historically_calibrated,0.665196,0.113083,5.6774,9.1819,0.0,3.5045
513,1,22,9,weather_driven,historically_calibrated,0.561976,0.095536,5.0069,9.1708,0.0039,4.16
514,1,22,10,weather_driven,historically_calibrated,0.419999,0.0714,3.9841,8.7521,0.0661,4.702
515,1,22,11,weather_driven,historically_calibrated,0.097425,0.016562,1.032,7.7934,0.1555,6.6059
516,1,22,12,weather_driven,historically_calibrated,-0.039535,-0.006721,-0.639,7.4489,0.2307,7.8572
517,1,22,13,weather_driven,historically_calibrated,-0.088692,-0.015078,-1.3335,7.0546,0.2631,8.125
518,1,22,14,weather_driven,historically_calibrated,-0.082698,-0.014059,-1.2456,7.1127,0.2333,8.125
519,1,22,15,weather_driven,historically_calibrated,-0.06718,-0.011421,-1.0223,7.3049,0.2022,8.125
520,1,22,16,weather_driven,historically_calibrated,-0.039297,-0.006681,-0.6358,7.5916,0.1024,8.125
521,1,22,17,weather_driven,historically_calibrated,-0.009548,-0.001623,-0.2427,7.9017,0.0194,8.125
522,1,22,18,weather_driven,historically_calibrated,0.153764,0.02614,1.6308,9.7558,0.0,8.125
523,1,22,19,weather_driven,historically_calibrated,0.152686,0.025957,1.6198,9.7448,0.0,8.125
524,1,22,20,weather_driven,historically_calibrated,0.274862,0.046727,2.786,9.8751,0.0,7.0891
525,1,22,21,weather_driven,historically_calibrated,0.722808,0.122877,6.0289,9.2332,0.0,3.2043
526,1,22,22,weather_driven,historically_calibrated,0.600812,0.102138,5.2657,9.0886,0.0,3.8229
527,1,22,23,weather_driven,historically_calibrated,0.594358,0.101041,5.2233,8.7277,0.0,3.5045
528,1,22,24,weather_driven,historically_calibrated,0.254646,0.04329,2.6041,7.1205,0.0,4.5164
529,1,23,1,weather_driven,historically_calibrated,0.26701,0.045392,2.7158,6.8758,0.0,4.16
530,1,23,2,weather_driven,historically_calibrated,0.443716,0.075432,4.1641,7.3684,0.0,3.2043
531,1,23,3,weather_driven,historically_calibrated,0.550181,0.093531,4.9267,7.7136,0.0,2.7869
532,1,23,4,weather_driven,historically_calibrated,0.647936,0.110149,5.5691,7.9765,0.0,2.4074
533,1,23,5,weather_driven,historically_calibrated,0.775805,0.131887,6.3395,8.1938,0.0,1.8543
534,1,23,6,weather_driven,historically_calibrated,0.910767,0.15483,7.0805,8.4737,0.0,1.3932
535,1,23,7,weather_driven,historically_calibrated,1.486158,0.252647,9.6493,10.5987,0.0,0.9494
536,1,23,8,weather_driven,historically_calibrated,1.626412,0.27649,10.1693,10.9375,0.0,0.7682
537,1,23,9,weather_driven,historically_calibrated,1.566034,0.266226,9.9495,10.7791,0.0039,0.8257
538,1,23,10,weather_driven,historically_calibrated,1.3924,0.236708,9.2821,10.2899,0.0583,0.9494
539,1,23,11,weather_driven,historically_calibrated,1.14899,0.195328,8.2437,9.6163,0.14,1.2326
540,1,23,12,weather_driven,historically_calibrated,0.927597,0.157692,7.1684,8.9662,0.2307,1.5671
541,1,23,13,weather_driven,historically_calibrated,0.814745,0.138507,6.5603,8.7101,0.2955,1.8543
542,1,23,14,weather_driven,historically_calibrated,0.820808,0.139537,6.5941,8.7297,0.2812,1.8543
543,1,23,15,weather_driven,historically_calibrated,0.899541,0.152922,7.0214,9.0727,0.197,1.8543
544,1,23,16,weather_driven,historically_calibrated,1.127161,0.191617,8.1438,9.8185,0.1076,1.5671
545,1,23,17,weather_driven,historically_calibrated,1.293816,0.219949,8.8774,10.3934,0.0376,1.4784
546,1,23,18,weather_driven,historically_calibrated,1.306673,0.222134,8.9313,10.5919,0.0013,1.6593
547,1,23,19,weather_driven,historically_calibrated,1.499796,0.254965,9.7013,10.4695,0.0,0.7682
548,1,23,20,weather_driven,historically_calibrated,1.67657,0.285017,10.3475,10.4125,0.0,0.065
549,1,23,21,weather_driven,historically_calibrated,1.19351,0.202897,8.4438,10.5078,0.0,2.0641
550,1,23,22,weather_driven,historically_calibrated,0.971031,0.165075,7.3908,10.3125,0.0,2.9217
551,1,23,23,weather_driven,historically_calibrated,1.006357,0.171081,7.5674,10.2237,0.0,2.6563
552,1,23,24,weather_driven,historically_calibrated,0.567486,0.096473,5.0442,8.105,0.0,3.0608
553,1,24,1,weather_driven,historically_calibrated,0.492737,0.083765,4.5241,7.7284,0.0,3.2043
554,1,24,2,weather_driven,historically_calibrated,0.473112,0.080429,4.3819,7.734,0.0,3.3521
555,1,24,3,weather_driven,historically_calibrated,0.691159,0.117497,5.8377,7.795,0.0,1.9573
556,1,24,4,weather_driven,historically_calibrated,1.019582,0.173329,7.6325,8.3458,0.0,0.7133
557,1,24,5,weather_driven,historically_calibrated,1.085401,0.184518,7.9491,8.1938,0.0,0.2447
558,1,24,6,weather_driven,historically_calibrated,1.130979,0.192266,8.1613,8.2161,0.0,0.0548
559,1,24,7,weather_driven,historically_calibrated,1.603673,0.272624,10.0872,10.1178,0.0,0.0306
560,1,24,8,weather_driven,historically_calibrated,1.667258,0.283434,10.3147,10.334,0.0,0.0193
561,1,24,9,weather_driven,historically_calibrated,1.634262,0.277825,10.1975,10.2245,0.0026,0.0245
562,1,24,10,weather_driven,historically_calibrated,1.672286,0.284289,10.3324,10.3997,0.0428,0.0245
563,1,24,11,weather_driven,historically_calibrated,1.542013,0.262142,9.8604,10.0452,0.1542,0.0306
564,1,24,12,weather_driven,historically_calibrated,1.38834,0.236018,9.2658,9.5418,0.2514,0.0245
565,1,24,13,weather_driven,historically_calibrated,1.289908,0.219284,8.8609,9.1757,0.2903,0.0245
566,1,24,14,weather_driven,historically_calibrated,1.263691,0.214827,8.7496,9.147,0.2618,0.1356
567,1,24,15,weather_driven,historically_calibrated,1.307015,0.222192,8.9327,9.5548,0.184,0.4381
568,1,24,16,weather_driven,historically_calibrated,1.568258,0.266604,9.9577,10.4865,0.1283,0.4005
569,1,24,17,weather_driven,historically_calibrated,1.704014,0.289682,10.4434,11.2046,0.048,0.7133
570,1,24,18,weather_driven,historically_calibrated,1.718245,0.292102,10.4927,11.7266,0.0013,1.2326
571,1,24,19,weather_driven,historically_calibrated,1.540517,0.261888,9.8548,11.9188,0.0,2.0641
572,1,24,20,weather_driven,historically_calibrated,1.354708,0.2303,9.1297,11.786,0.0,2.6563
573,1,24,21,weather_driven,historically_calibrated,1.203698,0.204629,8.4889,11.1452,0.0,2.6563
574,1,24,22,weather_driven,historically_calibrated,1.13785,0.193435,8.1929,10.2569,0.0,2.0641
575,1,24,23,weather_driven,historically_calibrated,1.07683,0.183061,7.9086,9.4757,0.0,1.5671
576,1,24,24,weather_driven,historically_calibrated,0.736883,0.12527,6.1126,7.5057,0.0,1.3932
577,1,25,1,weather_driven,historically_calibrated,0.679616,0.115535,5.7668,7.16,0.0,1.3932
578,1,25,2,weather_driven,historically_calibrated,0.531575,0.090368,4.7985,7.2059,0.0,2.4074
579,1,25,3,weather_driven,historically_calibrated,0.486419,0.082691,4.4786,7.2655,0.0,2.7869
580,1,25,4,weather_driven,historically_calibrated,0.483625,0.082216,4.4584,7.1147,0.0,2.6563
581,1,25,5,weather_driven,historically_calibrated,0.494398,0.084048,4.536,7.1923,0.0,2.6563
582,1,25,6,weather_driven,historically_calibrated,0.499216,0.084867,4.5705,7.3574,0.0,2.7869
583,1,25,7,weather_driven,historically_calibrated,0.826585,0.140519,6.6263,9.156,0.0,2.5298
584,1,25,8,weather_driven,historically_calibrated,0.834364,0.141842,6.6693,9.4562,0.0,2.7869
585,1,25,9,weather_driven,historically_calibrated,0.693458,0.117888,5.8518,9.0599,0.0039,3.2043
586,1,25,10,weather_driven,historically_calibrated,0.400644,0.068109,3.8341,8.0382,0.0441,4.16
587,1,25,11,weather_driven,historically_calibrated,0.222149,0.037765,2.3031,7.4717,0.0804,5.0882
588,1,25,12,weather_driven,historically_calibrated,0.232993,0.039609,2.4048,7.6058,0.1128,5.0882
589,1,25,13,weather_driven,historically_calibrated,0.141958,0.024133,1.5089,7.0546,0.0505,5.4951
590,1,25,14,weather_driven,historically_calibrated,0.120794,0.020535,1.2857,7.1127,0.1205,5.7064
591,1,25,15,weather_driven,historically_calibrated,0.243327,0.041366,2.5006,7.3049,0.1024,4.702
592,1,25,16,weather_driven,historically_calibrated,0.25796,0.043853,2.6342,7.5916,0.0648,4.8926
593,1,25,17,weather_driven,historically_calibrated,0.428839,0.072903,4.0516,7.9017,0.0272,3.8229
594,1,25,18,weather_driven,historically_calibrated,0.634838,0.107922,5.4859,8.1434,0.0013,2.6563
595,1,25,19,weather_driven,historically_calibrated,0.689509,0.117217,5.8276,8.235,0.0,2.4074
596,1,25,20,weather_driven,historically_calibrated,0.556575,0.094618,4.9703,8.3224,0.0,3.3521
597,1,25,21,weather_driven,historically_calibrated,0.343249,0.058352,3.3725,8.0744,0.0,4.702
598,1,25,22,weather_driven,historically_calibrated,0.26457,0.044977,2.6939,7.5865,0.0,4.8926
599,1,25,23,weather_driven,historically_calibrated,0.454042,0.077187,4.2413,7.4455,0.0,3.2043
600,1,25,24,weather_driven,historically_calibrated,0.361326,0.061425,3.5207,6.0505,0.0,2.5298
601,1,26,1,weather_driven,historically_calibrated,0.397319,0.067544,3.8081,5.9827,0.0,2.1746
602,1,26,2,weather_driven,historically_calibrated,0.442051,0.075149,4.1516,6.1089,0.0,1.9573
603,1,26,3,weather_driven,historically_calibrated,0.147638,0.025098,1.5678,6.0842,0.0,4.5164
604,1,26,4,weather_driven,historically_calibrated,0.08385,0.014254,0.8808,6.376,0.0,5.4951
605,1,26,5,weather_driven,historically_calibrated,0.061851,0.010515,0.6298,6.775,0.0,6.1452
606,1,26,6,weather_driven,historically_calibrated,0.050218,0.008537,0.4939,7.0998,0.0,6.6059
607,1,26,7,weather_driven,historically_calibrated,0.211761,0.035999,2.2045,9.0492,0.0,6.8447
608,1,26,8,weather_driven,historically_calibrated,0.237523,0.040379,2.4469,9.2916,0.0,6.8447
609,1,26,9,weather_driven,historically_calibrated,0.11259,0.01914,1.1976,9.0599,0.0052,7.8572
610,1,26,10,weather_driven,historically_calibrated,-0.010599,-0.001802,-0.2563,7.9283,0.0596,8.125
611,1,26,11,weather_driven,historically_calibrated,-0.062357,-0.010601,-0.9541,7.3109,0.14,8.125
612,1,26,12,weather_driven,historically_calibrated,-0.079837,-0.013572,-1.2039,7.1349,0.2138,8.125
613,1,26,13,weather_driven,historically_calibrated,-0.08702,-0.014793,-1.3089,7.0546,0.2385,8.125
614,1,26,14,weather_driven,historically_calibrated,-0.078597,-0.013361,-1.1859,7.1127,0.1737,8.125
615,1,26,15,weather_driven,historically_calibrated,-0.060199,-0.010234,-0.9238,7.3049,0.1037,8.125
616,1,26,16,weather_driven,historically_calibrated,-0.038339,-0.006518,-0.6228,7.5916,0.0894,8.125
617,1,26,17,weather_driven,historically_calibrated,-0.00995,-0.001692,-0.2479,7.9017,0.0246,8.125
618,1,26,18,weather_driven,historically_calibrated,0.011026,0.001874,0.0184,8.1434,0.0,8.125
619,1,26,19,weather_driven,historically_calibrated,0.043303,0.007361,0.412,8.537,0.0,8.125
620,1,26,20,weather_driven,historically_calibrated,0.227836,0.038732,2.3566,9.6959,0.0,7.3393
621,1,26,21,weather_driven,historically_calibrated,1.420186,0.241432,9.3927,9.8705,0.0,0.4779
622,1,26,22,weather_driven,historically_calibrated,1.45049,0.246583,9.5115,9.7562,0.0,0.2447
623,1,26,23,weather_driven,historically_calibrated,1.476697,0.251039,9.613,9.6894,0.0,0.0764
624,1,26,24,weather_driven,historically_calibrated,1.05058,0.178599,7.7832,7.8482,0.0,0.065
625,1,27,1,weather_driven,historically_calibrated,0.891506,0.151556,6.9788,6.9981,0.0,0.0193
626,1,27,2,weather_driven,historically_calibrated,0.906607,0.154123,7.0587,7.0779,0.0,0.0193
627,1,27,3,weather_driven,historically_calibrated,0.942672,0.160254,7.2463,7.2464,0.0,0.0001
628,1,27,4,weather_driven,historically_calibrated,0.975595,0.165851,7.4139,7.4139,0.0,0.0
629,1,27,5,weather_driven,historically_calibrated,1.015962,0.172714,7.6147,7.615,0.0,0.0003
630,1,27,6,weather_driven,historically_calibrated,1.061447,0.180446,7.8353,7.8353,0.0,0.0
631,1,27,7,weather_driven,historically_calibrated,1.537468,0.261369,9.8434,9.8491,0.0,0.0057
632,1,27,8,weather_driven,historically_calibrated,1.596861,0.271466,10.0625,10.0625,0.0,0.0
633,1,27,9,weather_driven,historically_calibrated,1.626412,0.27649,10.1693,10.1719,0.0026,0.0
634,1,27,10,weather_driven,historically_calibrated,1.580585,0.268699,10.003,10.0224,0.0194,0.0
635,1,27,11,weather_driven,historically_calibrated,1.486477,0.252701,9.6505,9.6855,0.035,0.0
636,1,27,12,weather_driven,historically_calibrated,1.411289,0.239919,9.3574,9.4523,0.0492,0.0457
637,1,27,13,weather_driven,historically_calibrated,1.37221,0.233276,9.2009,9.2983,0.0518,0.0457
638,1,27,14,weather_driven,historically_calibrated,1.313671,0.223324,8.9605,9.135,0.0389,0.1356
639,1,27,15,weather_driven,historically_calibrated,0.983505,0.167196,7.4536,9.3326,0.0246,1.8543
640,1,27,16,weather_driven,historically_calibrated,0.163366,0.027772,1.7286,8.8281,0.0104,7.0891
641,1,27,17,weather_driven,historically_calibrated,0.076103,0.012937,0.7933,8.9222,0.0039,8.125
642,1,27,18,weather_driven,historically_calibrated,0.105915,0.018005,1.1251,9.2501,0.0,8.125
643,1,27,19,weather_driven,historically_calibrated,0.095153,0.016176,1.0069,9.1319,0.0,8.125
644,1,27,20,weather_driven,historically_calibrated,0.127883,0.02174,1.3612,8.7005,0.0,7.3393
645,1,27,21,weather_driven,historically_calibrated,0.039748,0.006757,0.3696,8.4946,0.0,8.125
646,1,27,22,weather_driven,historically_calibrated,0.020354,0.00346,0.1341,8.2591,0.0,8.125
647,1,27,23,weather_driven,historically_calibrated,0.001971,0.000335,-0.0955,8.0295,0.0,8.125
648,1,27,24,weather_driven,historically_calibrated,-0.107355,-0.01825,-1.6135,6.5115,0.0,8.125
649,1,28,1,weather_driven,historically_calibrated,-0.12415,-0.021105,-1.8739,6.2511,0.0,8.125
650,1,28,2,weather_driven,historically_calibrated,-0.116692,-0.019838,-1.7572,6.3678,0.0,8.125
651,1,28,3,weather_driven,historically_calibrated,-0.115616,-0.019655,-1.7406,6.3844,0.0,8.125
652,1,28,4,weather_driven,historically_calibrated,-0.11007,-0.018712,-1.655,6.47,0.0,8.125
653,1,28,5,weather_driven,historically_calibrated,-0.097851,-0.016635,-1.4697,6.6553,0.0,8.125
654,1,28,6,weather_driven,historically_calibrated,-0.084862,-0.014426,-1.2772,6.8478,0.0,8.125
655,1,28,7,weather_driven,historically_calibrated,0.03384,0.005753,0.2986,8.4236,0.0,8.125
656,1,28,8,weather_driven,historically_calibrated,0.057111,0.009709,0.5747,8.6997,0.0,8.125
657,1,28,9,weather_driven,historically_calibrated,0.169844,0.028873,1.794,8.6412,0.0026,6.8447
658,1,28,10,weather_driven,historically_calibrated,0.298198,0.050694,2.9909,8.3046,0.0246,5.2891
659,1,28,11,weather_driven,historically_calibrated,0.532972,0.090605,4.8082,8.0578,0.0454,3.2043
660,1,28,12,weather_driven,historically_calibrated,1.022553,0.173834,7.6471,8.2008,0.0337,0.52
661,1,28,13,weather_driven,historically_calibrated,1.064979,0.181046,7.8522,8.2037,0.0194,0.332
662,1,28,14,weather_driven,historically_calibrated,0.931325,0.158325,7.1877,8.3192,0.0467,1.0848
663,1,28,15,weather_driven,historically_calibrated,0.967057,0.1644,7.3707,8.2483,0.0518,0.8257
664,1,28,16,weather_driven,historically_calibrated,0.995433,0.169224,7.5132,8.7769,0.0311,1.2326
665,1,28,17,weather_driven,historically_calibrated,1.068931,0.181718,7.871,9.1888,0.0065,1.3112
666,1,28,18,weather_driven,historically_calibrated,1.27634,0.216978,8.8035,9.6896,0.0,0.8861
667,1,28,19,weather_driven,historically_calibrated,1.426768,0.242551,9.4186,10.1319,0.0,0.7133
668,1,28,20,weather_driven,historically_calibrated,1.589499,0.270215,10.0356,10.5135,0.0,0.4779
669,1,28,21,weather_driven,historically_calibrated,1.656142,0.281544,10.2754,10.5201,0.0,0.2447
670,1,28,22,weather_driven,historically_calibrated,1.683328,0.286166,10.3712,10.4088,0.0,0.0376
671,1,28,23,weather_driven,historically_calibrated,1.709554,0.290624,10.4626,10.4871,0.0,0.0245
672,1,28,24,weather_driven,historically_calibrated,1.201745,0.204297,8.4803,8.4804,0.0,0.0001
673,1,29,1,weather_driven,historically_calibrated,1.299204,0.220865,8.9,8.9057,0.0,0.0057
674,1,29,2,weather_driven,historically_calibrated,1.320222,0.224438,8.9878,8.9935,0.0,0.0057
675,1,29,3,weather_driven,historically_calibrated,1.344353,0.22854,9.0874,9.0985,0.0,0.0111
676,1,29,4,weather_driven,historically_calibrated,1.276202,0.216954,8.8029,8.8793,0.0,0.0764
677,1,29,5,weather_driven,historically_calibrated,1.311597,0.222971,8.9519,9.0283,0.0,0.0764
678,1,29,6,weather_driven,historically_calibrated,1.372071,0.233252,9.2003,9.2895,0.0,0.0892
679,1,29,7,weather_driven,historically_calibrated,1.997499,0.339575,11.4038,11.507,0.0,0.1032
680,1,29,8,weather_driven,historically_calibrated,2.03521,0.345986,11.5194,11.5958,0.0,0.0764
681,1,29,9,weather_driven,historically_calibrated,1.938503,0.329546,11.2196,11.2782,0.0039,0.0548
682,1,29,10,weather_driven,historically_calibrated,1.723737,0.293035,10.5116,10.6194,0.0428,0.065
683,1,29,11,weather_driven,historically_calibrated,1.452796,0.246975,9.5205,9.6699,0.0946,0.0548
684,1,29,12,weather_driven,historically_calibrated,1.296637,0.220428,8.8892,9.1755,0.1322,0.1541
685,1,29,13,weather_driven,historically_calibrated,1.154322,0.196235,8.2679,8.8136,0.1076,0.4381
686,1,29,14,weather_driven,historically_calibrated,1.139638,0.193738,8.201,8.9905,0.1283,0.6611
687,1,29,15,weather_driven,historically_calibrated,1.03351,0.175697,7.7005,9.0727,0.0609,1.3112
688,1,29,16,weather_driven,historically_calibrated,1.021916,0.173726,7.644,9.4288,0.0298,1.755
689,1,29,17,weather_driven,historically_calibrated,1.053858,0.179156,7.7989,9.9878,0.0143,2.1746
690,1,29,18,weather_driven,historically_calibrated,1.069685,0.181846,7.8746,10.5322,0.0013,2.6563
691,1,29,19,weather_driven,historically_calibrated,0.750745,0.127627,6.1941,10.5299,0.0,4.3358
692,1,29,20,weather_driven,historically_calibrated,0.720247,0.122442,6.0136,10.1736,0.0,4.16
693,1,29,21,weather_driven,historically_calibrated,1.009211,0.171566,7.5815,9.8705,0.0,2.289
694,1,29,22,weather_driven,historically_calibrated,1.100957,0.187163,8.0222,9.5893,0.0,1.5671
695,1,29,23,weather_driven,historically_calibrated,0.962323,0.163595,7.3467,9.1017,0.0,1.755
696,1,29,24,weather_driven,historically_calibrated,0.701149,0.119195,5.8986,7.2917,0.0,1.3932
697,1,30,1,weather_driven,historically_calibrated,0.276108,0.046938,2.797,6.957,0.0,4.16
698,1,30,2,weather_driven,historically_calibrated,0.299855,0.050975,3.0052,7.1652,0.0,4.16
699,1,30,3,weather_driven,historically_calibrated,0.326856,0.055565,3.2357,7.2247,0.0,3.9891
700,1,30,4,weather_driven,historically_calibrated,0.189568,0.032227,1.9897,7.2788,0.0,5.2891
701,1,30,5,weather_driven,historically_calibrated,-0.045783,-0.007783,-0.7241,7.4009,0.0,8.125
702,1,30,6,weather_driven,historically_calibrated,-0.033145,-0.005635,-0.5529,7.5721,0.0,8.125
703,1,30,7,weather_driven,historically_calibrated,0.508629,0.086467,4.6375,9.5301,0.0,4.8926
704,1,30,8,weather_driven,historically_calibrated,0.748142,0.127184,6.1789,9.8402,0.0,3.6614
705,1,30,9,weather_driven,historically_calibrated,0.75652,0.128608,6.2278,9.8918,0.0026,3.6614
706,1,30,10,weather_driven,historically_calibrated,0.565921,0.096207,5.0336,9.5759,0.0259,4.5164
707,1,30,11,weather_driven,historically_calibrated,0.074293,0.01263,0.7727,8.9729,0.0752,8.125
708,1,30,12,weather_driven,historically_calibrated,0.165785,0.028183,1.7531,9.8034,0.1931,7.8572
709,1,30,13,weather_driven,historically_calibrated,0.248004,0.042161,2.5435,9.3309,0.1814,6.6059
710,1,30,14,weather_driven,historically_calibrated,0.129555,0.022024,1.3789,9.3034,0.0674,7.8572
711,1,30,15,weather_driven,historically_calibrated,0.366166,0.062248,3.56,9.8762,0.1711,6.1452
712,1,30,16,weather_driven,historically_calibrated,0.66326,0.112754,5.6653,10.4865,0.1192,4.702
713,1,30,17,weather_driven,historically_calibrated,1.066389,0.181286,7.8589,10.9729,0.0531,3.0608
714,1,30,18,weather_driven,historically_calibrated,1.523183,0.258941,9.7898,11.5474,0.0026,1.755
715,1,30,19,weather_driven,historically_calibrated,1.668734,0.283685,10.3199,11.9792,0.0,1.6593
716,1,30,20,weather_driven,historically_calibrated,1.925642,0.327359,11.1789,12.2637,0.0,1.0848
717,1,30,21,weather_driven,historically_calibrated,2.124792,0.361215,11.7875,12.188,0.0,0.4005
718,1,30,22,weather_driven,historically_calibrated,1.901324,0.323225,11.1014,11.8147,0.0,0.7133
719,1,30,23,weather_driven,historically_calibrated,1.405606,0.238953,9.3348,11.2922,0.0,1.9573
720,1,30,24,weather_driven,historically_calibrated,0.718822,0.1222,6.0051,8.6614,0.0,2.6563
721,1,31,1,weather_driven,historically_calibrated,0.574437,0.097654,5.0909,8.0126,0.0,2.9217
722,1,31,2,weather_driven,historically_calibrated,0.723671,0.123024,6.0341,7.6934,0.0,1.6593
723,1,31,3,weather_driven,historically_calibrated,0.606992,0.103189,5.3061,7.7136,0.0,2.4074
724,1,31,4,weather_driven,historically_calibrated,0.521928,0.088728,4.7312,7.9354,0.0,3.2043
725,1,31,5,weather_driven,historically_calibrated,0.531673,0.090384,4.7991,7.8599,0.0,3.0608
726,1,31,6,weather_driven,historically_calibrated,0.776271,0.131966,6.3421,8.0014,0.0,1.6593
727,1,31,7,weather_driven,historically_calibrated,0.846569,0.143917,6.7364,9.7972,0.0,3.0608
728,1,31,8,weather_driven,historically_calibrated,1.269935,0.215889,8.7762,10.1694,0.0,1.3932
729,1,31,9,weather_driven,historically_calibrated,1.20344,0.204585,8.4878,10.4464,0.0013,1.9573
730,1,31,10,weather_driven,historically_calibrated,1.419703,0.24135,9.3908,10.2899,0.013,0.8861
731,1,31,11,weather_driven,historically_calibrated,1.272082,0.216254,8.7854,10.0452,0.0272,1.2326
732,1,31,12,weather_driven,historically_calibrated,1.391642,0.236579,9.2791,10.1696,0.0648,0.8257
733,1,31,13,weather_driven,historically_calibrated,1.353225,0.230048,9.1237,10.1586,0.0855,0.9494
734,1,31,14,weather_driven,historically_calibrated,1.274713,0.216701,8.7966,9.9294,0.048,1.0848
735,1,31,15,weather_driven,historically_calibrated,1.340895,0.227952,9.0732,10.1977,0.1089,1.0156
736,1,31,16,weather_driven,historically_calibrated,1.646542,0.279912,10.2413,10.7649,0.0855,0.4381
737,1,31,17,weather_driven,historically_calibrated,2.008847,0.341504,11.4387,11.7262,0.0428,0.2447
738,1,31,18,weather_driven,historically_calibrated,2.295104,0.390168,12.2742,12.3237,0.0039,0.0457
739,1,31,19,weather_driven,historically_calibrated,2.408578,0.409458,12.583,12.5831,0.0,0.0001
740,1,31,20,weather_driven,historically_calibrated,2.421074,0.411583,12.6163,12.622,0.0,0.0057
741,1,31,21,weather_driven,historically_calibrated,2.362294,0.40159,12.4585,12.4777,0.0,0.0193
742,1,31,22,weather_driven,historically_calibrated,2.225219,0.378287,12.078,12.0928,0.0,0.0148
743,1,31,23,weather_driven,historically_calibrated,2.081971,0.353935,11.6604,11.6661,0.0,0.0057
744,1,31,24,weather_driven,historically_calibrated,1.451994,0.246839,9.5174,9.5174,0.0,0.0
745,2,1,1,weather_driven,historically_calibrated,1.276113,0.216939,8.8025,8.9057,0.0,0.1032
746,2,1,2,weather_driven,historically_calibrated,1.290569,0.219397,8.8637,8.9528,0.0,0.0892
747,2,1,3,weather_driven,historically_calibrated,1.298812,0.220798,8.8984,9.017,0.0,0.1187
748,2,1,4,weather_driven,historically_calibrated,1.310889,0.222851,8.9489,9.0845,0.0,0.1356
749,2,1,5,weather_driven,historically_calibrated,1.347764,0.22912,9.1013,9.237,0.0,0.1356
750,2,1,6,weather_driven,historically_calibrated,1.387926,0.235947,9.2642,9.4183,0.0,0.1541
751,2,1,7,weather_driven,historically_calibrated,1.991836,0.338612,11.3863,11.5604,0.0,0.1741
752,2,1,8,weather_driven,historically_calibrated,2.050084,0.348514,11.5645,11.7604,0.0,0.1959
753,2,1,9,weather_driven,historically_calibrated,1.971154,0.335096,11.322,11.5001,0.0039,0.1741
754,2,1,10,weather_driven,historically_calibrated,1.75156,0.297765,10.6069,10.839,0.0363,0.1959
755,2,1,11,weather_driven,historically_calibrated,1.502115,0.255359,9.7101,9.9916,0.0855,0.1959
756,2,1,12,weather_driven,historically_calibrated,1.338512,0.227547,9.0634,9.3325,0.1335,0.1356
757,2,1,13,weather_driven,historically_calibrated,1.202217,0.204377,8.4824,8.7618,0.1439,0.1356
758,2,1,14,weather_driven,historically_calibrated,1.180916,0.200756,8.3877,8.6775,0.1542,0.1356
759,2,1,15,weather_driven,historically_calibrated,1.2443,0.211531,8.6662,8.912,0.1426,0.1032
760,2,1,16,weather_driven,historically_calibrated,1.408127,0.239382,9.3449,9.5401,0.092,0.1032
761,2,1,17,weather_driven,historically_calibrated,1.590357,0.270361,10.0388,10.1616,0.0337,0.0892
762,2,1,18,weather_driven,historically_calibrated,1.747862,0.297137,10.5943,10.6516,0.0026,0.0548
763,2,1,19,weather_driven,historically_calibrated,1.835463,0.312029,10.8876,10.9526,0.0,0.065
764,2,1,20,weather_driven,historically_calibrated,1.904943,0.32384,11.1129,11.2485,0.0,0.1356
765,2,1,21,weather_driven,historically_calibrated,1.851489,0.314753,10.9401,11.0293,0.0,0.0892
766,2,1,22,weather_driven,historically_calibrated,1.740725,0.295923,10.5699,10.6463,0.0,0.0764
767,2,1,23,weather_driven,historically_calibrated,1.683652,0.286221,10.3724,10.4374,0.0,0.065
768,2,1,24,weather_driven,historically_calibrated,1.182017,0.200943,8.3926,8.4474,0.0,0.0548
769,2,2,1,weather_driven,historically_calibrated,1.087247,0.184832,7.9578,8.0126,0.0,0.0548
770,2,2,2,weather_driven,historically_calibrated,1.105829,0.187991,8.0449,8.0997,0.0,0.0548
771,2,2,3,weather_driven,historically_calibrated,1.101651,0.187281,8.0254,8.0802,0.0,0.0548
772,2,2,4,weather_driven,historically_calibrated,1.161444,0.197445,8.3002,8.3458,0.0,0.0457
773,2,2,5,weather_driven,historically_calibrated,1.23067,0.209214,8.6071,8.6528,0.0,0.0457
774,2,2,6,weather_driven,historically_calibrated,1.246693,0.211938,8.6765,8.7313,0.0,0.0548
775,2,2,7,weather_driven,historically_calibrated,1.764494,0.299964,10.6508,10.7055,0.0,0.0548
776,2,2,8,weather_driven,historically_calibrated,1.822542,0.309832,10.845,10.8826,0.0,0.0376
777,2,2,9,weather_driven,historically_calibrated,1.677485,0.285172,10.3507,10.4464,0.0065,0.0892
778,2,2,10,weather_driven,historically_calibrated,1.555381,0.264415,9.9101,10.0153,0.0402,0.065
779,2,2,11,weather_driven,historically_calibrated,1.486283,0.252668,9.6497,9.8307,0.0778,0.1032
780,2,2,12,weather_driven,historically_calibrated,1.367185,0.232421,9.1805,9.3848,0.0687,0.1356
781,2,2,13,weather_driven,historically_calibrated,1.27695,0.217082,8.8061,9.0722,0.092,0.1741
782,2,2,14,weather_driven,historically_calibrated,1.247815,0.212129,8.6814,9.0426,0.0894,0.2718
783,2,2,15,weather_driven,historically_calibrated,1.314733,0.223505,8.9649,9.2334,0.0726,0.1959
784,2,2,16,weather_driven,historically_calibrated,1.430151,0.243126,9.4319,9.6515,0.0454,0.1741
785,2,2,17,weather_driven,historically_calibrated,1.652273,0.280886,10.2617,10.3934,0.0285,0.1032
786,2,2,18,weather_driven,historically_calibrated,1.81259,0.30814,10.812,10.9502,0.0026,0.1356
787,2,2,19,weather_driven,historically_calibrated,1.931119,0.32829,11.1963,11.3149,0.0,0.1187
788,2,2,20,weather_driven,historically_calibrated,2.010536,0.341791,11.4439,11.5471,0.0,0.1032
789,2,2,21,weather_driven,historically_calibrated,2.044615,0.347585,11.5479,11.6666,0.0,0.1187
790,2,2,22,weather_driven,historically_calibrated,2.007074,0.341203,11.4333,11.5365,0.0,0.1032
791,2,2,23,weather_driven,historically_calibrated,1.918613,0.326164,11.1566,11.2922,0.0,0.1356
792,2,2,24,weather_driven,historically_calibrated,1.340553,0.227894,9.0718,9.175,0.0,0.1032
793,2,3,1,weather_driven,historically_calibrated,1.11857,0.190157,8.1041,8.1933,0.0,0.0892
794,2,3,2,weather_driven,historically_calibrated,1.100766,0.18713,8.0213,8.1245,0.0,0.1032
795,2,3,3,weather_driven,historically_calibrated,1.129599,0.192032,8.155,8.2582,0.0,0.1032
796,2,3,4,weather_driven,historically_calibrated,1.159703,0.197149,8.2923,8.3955,0.0,0.1032
797,2,3,5,weather_driven,historically_calibrated,1.151536,0.195761,8.2553,8.3444,0.0,0.0892
798,2,3,6,weather_driven,historically_calibrated,1.169976,0.198896,8.3386,8.4278,0.0,0.0892
799,2,3,7,weather_driven,historically_calibrated,1.663273,0.282756,10.3006,10.3898,0.0,0.0892
800,2,3,8,weather_driven,historically_calibrated,1.749524,0.297419,10.5999,10.7186,0.0,0.1187
801,2,3,9,weather_driven,historically_calibrated,1.661781,0.282503,10.2954,10.427,0.013,0.1187
802,2,3,10,weather_driven,historically_calibrated,1.378779,0.234393,9.2274,9.4161,0.0855,0.1032
803,2,3,11,weather_driven,historically_calibrated,1.08349,0.184193,7.9401,8.2057,0.1892,0.0764
804,2,3,12,weather_driven,historically_calibrated,0.816011,0.138722,6.5674,6.9492,0.2786,0.1032
805,2,3,13,weather_driven,historically_calibrated,0.842462,0.143219,6.7139,7.1566,0.324,0.1187
806,2,3,14,weather_driven,historically_calibrated,0.726027,0.123425,6.0481,6.5437,0.3214,0.1741
807,2,3,15,weather_driven,historically_calibrated,0.896687,0.152437,7.0063,7.4105,0.2501,0.1541
808,2,3,16,weather_driven,historically_calibrated,1.076045,0.182928,7.9048,8.1623,0.1542,0.1032
809,2,3,17,weather_driven,historically_calibrated,1.304065,0.221691,8.9204,9.0821,0.0726,0.0892
810,2,3,18,weather_driven,historically_calibrated,1.468508,0.249646,9.5814,9.7445,0.0091,0.1541
811,2,3,19,weather_driven,historically_calibrated,1.571089,0.267085,9.9681,10.1875,0.0,0.2194
812,2,3,20,weather_driven,historically_calibrated,1.638855,0.278605,10.2139,10.4585,0.0,0.2447
813,2,3,21,weather_driven,historically_calibrated,1.641157,0.278997,10.2221,10.4668,0.0,0.2447
814,2,3,22,weather_driven,historically_calibrated,1.581277,0.268817,10.0055,10.3065,0.0,0.3009
815,2,3,23,weather_driven,historically_calibrated,1.559045,0.265038,9.9237,10.143,0.0,0.2194
816,2,3,24,weather_driven,historically_calibrated,1.136808,0.193257,8.1881,8.3622,0.0,0.1741
817,2,4,1,weather_driven,historically_calibrated,1.088665,0.185073,7.9645,8.1186,0.0,0.1541
818,2,4,2,weather_driven,historically_calibrated,1.129671,0.192044,8.1553,8.274,0.0,0.1187
819,2,4,3,weather_driven,historically_calibrated,1.163615,0.197815,8.31,8.4456,0.0,0.1356
820,2,4,4,weather_driven,historically_calibrated,1.241566,0.211066,8.6544,8.7731,0.0,0.1187
821,2,4,5,weather_driven,historically_calibrated,1.353304,0.230062,9.124,9.189,0.0,0.065
822,2,4,6,weather_driven,historically_calibrated,1.456698,0.247639,9.5357,9.5733,0.0,0.0376
823,2,4,7,weather_driven,historically_calibrated,2.144462,0.364558,11.8452,11.8645,0.0,0.0193
824,2,4,8,weather_driven,historically_calibrated,2.168469,0.36864,11.9151,11.93,0.0,0.0148
825,2,4,9,weather_driven,historically_calibrated,1.986974,0.337786,11.3712,11.3964,0.0104,0.0148
826,2,4,10,weather_driven,historically_calibrated,1.660115,0.28222,10.2895,10.3761,0.0674,0.0193
827,2,4,11,weather_driven,historically_calibrated,1.393089,0.236825,9.2849,9.4882,0.184,0.0193
828,2,4,12,weather_driven,historically_calibrated,1.193101,0.202827,8.442,8.7784,0.3253,0.0111
829,2,4,13,weather_driven,historically_calibrated,1.052089,0.178855,7.7904,8.2037,0.394,0.0193
830,2,4,14,weather_driven,historically_calibrated,1.033467,0.175689,7.7003,8.0793,0.3732,0.0057
831,2,4,15,weather_driven,historically_calibrated,1.13258,0.192539,8.1687,8.4455,0.276,0.0007
832,2,4,16,weather_driven,historically_calibrated,1.407811,0.239328,9.3436,9.494,0.1503,0.0
833,2,4,17,weather_driven,historically_calibrated,1.726291,0.293469,10.5204,10.5748,0.0544,0.0
834,2,4,18,weather_driven,historically_calibrated,2.027182,0.344621,11.4949,11.5027,0.0078,0.0
835,2,4,19,weather_driven,historically_calibrated,2.244304,0.381532,12.132,12.1321,0.0,0.0
836,2,4,20,weather_driven,historically_calibrated,2.314019,0.393383,12.3265,12.3265,0.0,0.0
837,2,4,21,weather_driven,historically_calibrated,2.316148,0.393745,12.3324,12.3324,0.0,0.0
838,2,4,22,weather_driven,historically_calibrated,2.250341,0.382558,12.1491,12.1491,0.0,0.0
839,2,4,23,weather_driven,historically_calibrated,2.165589,0.36815,11.9068,11.9125,0.0,0.0057
840,2,4,24,weather_driven,historically_calibrated,1.479103,0.251448,9.6222,9.6223,0.0,0.0001
841,2,5,1,weather_driven,historically_calibrated,1.623421,0.275982,10.1586,10.1643,0.0,0.0057
842,2,5,2,weather_driven,historically_calibrated,1.671697,0.284189,10.3304,10.3342,0.0,0.0038
843,2,5,3,weather_driven,historically_calibrated,1.762995,0.299709,10.6457,10.6464,0.0,0.0007
844,2,5,4,weather_driven,historically_calibrated,1.886613,0.320724,11.0541,11.0544,0.0,0.0003
845,2,5,5,weather_driven,historically_calibrated,1.958217,0.332897,11.2816,11.2816,0.0,0.0
846,2,5,6,weather_driven,historically_calibrated,2.06447,0.35096,11.6079,11.6079,0.0,0.0
847,2,5,7,weather_driven,historically_calibrated,3.117512,0.529977,14.2854,14.2854,0.0,0.0
848,2,5,8,weather_driven,historically_calibrated,3.245609,0.551754,14.5583,14.5583,0.0,0.0
849,2,5,9,weather_driven,historically_calibrated,3.030659,0.515212,14.095,14.1066,0.0117,0.0
850,2,5,10,weather_driven,historically_calibrated,2.636977,0.448286,13.1712,13.2555,0.0842,0.0
851,2,5,11,weather_driven,historically_calibrated,2.227465,0.378669,12.0844,12.2969,0.2125,0.0
852,2,5,12,weather_driven,historically_calibrated,1.768212,0.300596,10.6634,11.0068,0.3434,0.0
853,2,5,13,weather_driven,historically_calibrated,1.457289,0.247739,9.538,9.9517,0.4134,0.0003
854,2,5,14,weather_driven,historically_calibrated,1.377843,0.234233,9.2236,9.6164,0.3914,0.0014
855,2,5,15,weather_driven,historically_calibrated,1.526642,0.259529,9.8028,10.0905,0.2877,0.0
856,2,5,16,weather_driven,historically_calibrated,1.974703,0.3357,11.3331,11.4886,0.1555,0.0
857,2,5,17,weather_driven,historically_calibrated,2.547263,0.433035,12.9452,13.001,0.0557,0.0
858,2,5,18,weather_driven,historically_calibrated,3.036323,0.516175,14.1075,14.1153,0.0078,0.0
859,2,5,19,weather_driven,historically_calibrated,3.282696,0.558058,14.6357,14.6364,0.0,0.0007
860,2,5,20,weather_driven,historically_calibrated,3.402262,0.578385,14.8802,14.8913,0.0,0.0111
861,2,5,21,weather_driven,historically_calibrated,3.416977,0.580886,14.9097,14.9111,0.0,0.0014
862,2,5,22,weather_driven,historically_calibrated,3.158415,0.536931,14.3735,14.3738,0.0,0.0003
863,2,5,23,weather_driven,historically_calibrated,2.874761,0.488709,13.7416,13.7497,0.0,0.0081
864,2,5,24,weather_driven,historically_calibrated,1.847172,0.314019,10.926,10.9298,0.0,0.0038
865,2,6,1,weather_driven,historically_calibrated,1.634736,0.277905,10.1992,10.2049,0.0,0.0057
866,2,6,2,weather_driven,historically_calibrated,1.61512,0.27457,10.1286,10.1311,0.0,0.0024
867,2,6,3,weather_driven,historically_calibrated,1.585379,0.269514,10.0206,10.0354,0.0,0.0148
868,2,6,4,weather_driven,historically_calibrated,1.65279,0.280974,10.2635,10.2747,0.0,0.0111
869,2,6,5,weather_driven,historically_calibrated,1.53613,0.261142,9.8384,9.8629,0.0,0.0245
870,2,6,6,weather_driven,historically_calibrated,1.515018,0.257553,9.759,9.8047,0.0,0.0457
871,2,6,7,weather_driven,historically_calibrated,2.144476,0.364561,11.8453,11.9344,0.0,0.0892
872,2,6,8,weather_driven,historically_calibrated,2.115619,0.359655,11.7605,11.9798,0.0,0.2194
873,2,6,9,weather_driven,historically_calibrated,1.973739,0.335536,11.3301,11.611,0.0091,0.2718
874,2,6,10,weather_driven,historically_calibrated,1.749165,0.297358,10.5987,10.9489,0.0492,0.3009
875,2,6,11,weather_driven,historically_calibrated,1.48003,0.251605,9.6258,10.206,0.1024,0.4779
876,2,6,12,weather_driven,historically_calibrated,1.233402,0.209678,8.619,9.6464,0.1413,0.8861
877,2,6,13,weather_driven,historically_calibrated,1.084988,0.184448,7.9472,9.2274,0.1231,1.1571
878,2,6,14,weather_driven,historically_calibrated,1.019123,0.173251,7.6303,9.2513,0.1426,1.4784
879,2,6,15,weather_driven,historically_calibrated,1.141948,0.194131,8.2116,9.7691,0.0791,1.4784
880,2,6,16,weather_driven,historically_calibrated,1.289232,0.219169,8.858,10.2082,0.0389,1.3112
881,2,6,17,weather_driven,historically_calibrated,1.397112,0.237509,9.301,10.6252,0.013,1.3112
882,2,6,18,weather_driven,historically_calibrated,1.401092,0.238186,9.3169,10.7113,0.0013,1.3932
883,2,6,19,weather_driven,historically_calibrated,1.442006,0.245141,9.4784,10.711,0.0,1.2326
884,2,6,20,weather_driven,historically_calibrated,1.377121,0.234111,9.2207,10.5319,0.0,1.3112
885,2,6,21,weather_driven,historically_calibrated,1.376283,0.233968,9.2173,10.4499,0.0,1.2326
886,2,6,22,weather_driven,historically_calibrated,1.237059,0.2103,8.6349,9.8675,0.0,1.2326
887,2,6,23,weather_driven,historically_calibrated,1.037659,0.176402,7.7207,9.4757,0.0,1.755
888,2,6,24,weather_driven,historically_calibrated,0.706679,0.120135,5.9321,7.5913,0.0,1.6593
889,2,7,1,weather_driven,historically_calibrated,0.699634,0.118938,5.8894,7.2006,0.0,1.3112
890,2,7,2,weather_driven,historically_calibrated,0.536931,0.091278,4.8356,7.1246,0.0,2.289
891,2,7,3,weather_driven,historically_calibrated,0.544422,0.092552,4.8872,7.0618,0.0,2.1746
892,2,7,4,weather_driven,historically_calibrated,0.540175,0.09183,4.858,7.0326,0.0,2.1746
893,2,7,5,weather_driven,historically_calibrated,0.517691,0.088007,4.7014,7.1089,0.0,2.4074
894,2,7,6,weather_driven,historically_calibrated,0.585483,0.099532,5.1646,7.2286,0.0,2.0641
895,2,7,7,weather_driven,historically_calibrated,0.939431,0.159703,7.2296,8.8889,0.0,1.6593
896,2,7,8,weather_driven,historically_calibrated,1.000592,0.170101,7.5388,9.0173,0.0,1.4784
897,2,7,9,weather_driven,historically_calibrated,0.986364,0.167682,7.4679,8.949,0.0026,1.4784
898,2,7,10,weather_driven,historically_calibrated,0.951656,0.161782,7.2924,8.6972,0.0117,1.3932
899,2,7,11,weather_driven,historically_calibrated,0.685341,0.116508,5.8021,7.6862,0.0298,1.8543
900,2,7,12,weather_driven,historically_calibrated,0.552492,0.093924,4.9425,7.3965,0.0467,2.4074
901,2,7,13,weather_driven,historically_calibrated,0.499229,0.084869,4.5706,7.8306,0.0557,3.2043
902,2,7,14,weather_driven,historically_calibrated,0.364767,0.06201,3.5486,7.1127,0.0596,3.5045
903,2,7,15,weather_driven,historically_calibrated,0.370422,0.062972,3.5943,7.3049,0.0492,3.6614
904,2,7,16,weather_driven,historically_calibrated,0.514069,0.087392,4.6759,8.371,0.0337,3.6614
905,2,7,17,weather_driven,historically_calibrated,0.575098,0.097767,5.0953,8.7709,0.0143,3.6614
906,2,7,18,weather_driven,historically_calibrated,0.65155,0.110763,5.5919,9.0989,0.0026,3.5045
907,2,7,19,weather_driven,historically_calibrated,0.729291,0.12398,6.0676,8.5974,0.0,2.5298
908,2,7,20,weather_driven,historically_calibrated,0.803518,0.136598,6.4972,8.5613,0.0,2.0641
909,2,7,21,weather_driven,historically_calibrated,0.670091,0.113916,5.7079,8.3641,0.0,2.6563
910,2,7,22,weather_driven,historically_calibrated,0.585622,0.099556,5.1655,8.0872,0.0,2.9217
911,2,7,23,weather_driven,historically_calibrated,0.484868,0.082428,4.4674,7.8195,0.0,3.3521
912,2,7,24,weather_driven,historically_calibrated,0.294092,0.049996,2.9552,6.3073,0.0,3.3521
913,2,8,1,weather_driven,historically_calibrated,0.339952,0.057792,3.3452,6.2669,0.0,2.9217
914,2,8,2,weather_driven,historically_calibrated,0.419783,0.071363,3.9824,6.2714,0.0,2.289
915,2,8,3,weather_driven,historically_calibrated,0.380159,0.064627,3.6723,6.3286,0.0,2.6563
916,2,8,4,weather_driven,historically_calibrated,0.341282,0.058018,3.3562,6.417,0.0,3.0608
917,2,8,5,weather_driven,historically_calibrated,0.301585,0.051269,3.0202,6.5247,0.0,3.5045
918,2,8,6,weather_driven,historically_calibrated,0.423932,0.072068,4.0142,6.6705,0.0,2.6563
919,2,8,7,weather_driven,historically_calibrated,0.736021,0.125124,6.1075,8.5149,0.0,2.4074
920,2,8,8,weather_driven,historically_calibrated,0.665961,0.113213,5.6822,8.743,0.0,3.0608
921,2,8,9,weather_driven,historically_calibrated,0.726321,0.123475,6.0499,8.8381,0.0013,2.7869
922,2,8,10,weather_driven,historically_calibrated,0.572294,0.09729,5.0765,8.7521,0.0143,3.6614
923,2,8,11,weather_driven,historically_calibrated,0.23504,0.039957,2.4239,8.5976,0.0285,6.1452
924,2,8,12,weather_driven,historically_calibrated,0.189,0.03213,1.9842,8.3907,0.0337,6.3728
925,2,8,13,weather_driven,historically_calibrated,0.008657,0.001472,-0.0112,8.141,0.0272,8.125
926,2,8,14,weather_driven,historically_calibrated,0.013091,0.002225,0.0442,8.2081,0.0389,8.125
927,2,8,15,weather_driven,historically_calibrated,0.037739,0.006416,0.3455,8.4834,0.013,8.125
928,2,8,16,weather_driven,historically_calibrated,1.006996,0.171189,7.5706,9.6515,0.0168,2.0641
929,2,8,17,weather_driven,historically_calibrated,1.60806,0.27337,10.1031,10.3355,0.013,0.2194
930,2,8,18,weather_driven,historically_calibrated,0.364605,0.061983,3.5473,10.8905,0.0039,7.3393
931,2,8,19,weather_driven,historically_calibrated,1.416669,0.240834,9.3788,11.1338,0.0,1.755
932,2,8,20,weather_driven,historically_calibrated,1.284531,0.21837,8.8382,11.368,0.0,2.5298
933,2,8,21,weather_driven,historically_calibrated,1.256943,0.21368,8.7207,11.3769,0.0,2.6563
934,2,8,22,weather_driven,historically_calibrated,1.669128,0.283752,10.3213,11.1471,0.0,0.8257
935,2,8,23,weather_driven,historically_calibrated,1.913619,0.325315,11.1406,11.5059,0.0,0.3652
936,2,8,24,weather_driven,historically_calibrated,1.258622,0.213966,8.7279,9.389,0.0,0.6611
937,2,9,1,weather_driven,historically_calibrated,1.226615,0.208525,8.5895,9.0275,0.0,0.4381
938,2,9,2,weather_driven,historically_calibrated,1.37427,0.233626,9.2092,9.481,0.0,0.2718
939,2,9,3,weather_driven,historically_calibrated,1.50916,0.256557,9.7369,9.8725,0.0,0.1356
940,2,9,4,weather_driven,historically_calibrated,1.634472,0.27786,10.1982,10.2747,0.0,0.0764
941,2,9,5,weather_driven,historically_calibrated,1.732479,0.294521,10.5417,10.5722,0.0,0.0306
942,2,9,6,weather_driven,historically_calibrated,1.906018,0.324023,11.1164,11.1356,0.0,0.0193
943,2,9,7,weather_driven,historically_calibrated,2.921785,0.496703,13.8498,13.8579,0.0,0.0081
944,2,9,8,weather_driven,historically_calibrated,3.065507,0.521136,14.1719,14.1743,0.0,0.0024
945,2,9,9,weather_driven,historically_calibrated,2.830977,0.481266,13.6395,13.663,0.022,0.0014
946,2,9,10,weather_driven,historically_calibrated,2.476786,0.421054,12.7632,12.8711,0.1076,0.0003
947,2,9,11,weather_driven,historically_calibrated,2.111526,0.358959,11.7484,11.9752,0.2268,0.0001
948,2,9,12,weather_driven,historically_calibrated,1.801095,0.306186,10.7738,11.1114,0.337,0.0007
949,2,9,13,weather_driven,historically_calibrated,1.658218,0.281897,10.2828,10.676,0.3875,0.0057
950,2,9,14,weather_driven,historically_calibrated,1.641059,0.27898,10.2217,10.6074,0.3551,0.0306
951,2,9,15,weather_driven,historically_calibrated,1.721401,0.292638,10.5035,10.8405,0.2605,0.0764
952,2,9,16,weather_driven,historically_calibrated,1.885315,0.320504,11.0499,11.3216,0.1685,0.1032
953,2,9,17,weather_driven,historically_calibrated,2.200005,0.374001,12.006,12.1318,0.0881,0.0376
954,2,9,18,weather_driven,historically_calibrated,2.473788,0.420544,12.7553,12.8015,0.0156,0.0306
955,2,9,19,weather_driven,historically_calibrated,2.444882,0.41563,12.6794,12.7039,0.0,0.0245
956,2,9,20,weather_driven,historically_calibrated,2.47963,0.421537,12.7706,12.8012,0.0,0.0306
957,2,9,21,weather_driven,historically_calibrated,2.422573,0.411837,12.6203,12.7095,0.0,0.0892
958,2,9,22,weather_driven,historically_calibrated,2.169698,0.368849,11.9187,12.0928,0.0,0.1741
959,2,9,23,weather_driven,historically_calibrated,2.091405,0.355539,11.6886,11.9333,0.0,0.2447
960,2,9,24,weather_driven,historically_calibrated,1.392015,0.236643,9.2806,9.6458,0.0,0.3652
961,2,10,1,weather_driven,historically_calibrated,1.099256,0.186874,8.0142,8.4921,0.0,0.4779
962,2,10,2,weather_driven,historically_calibrated,1.0396,0.176732,7.7301,8.4983,0.0,0.7682
963,2,10,3,weather_driven,historically_calibrated,0.899639,0.152939,7.0219,8.3332,0.0,1.3112
964,2,10,4,weather_driven,historically_calibrated,0.825991,0.140418,6.623,8.2823,0.0,1.6593
965,2,10,5,weather_driven,historically_calibrated,0.81593,0.138708,6.5669,8.4212,0.0,1.8543
966,2,10,6,weather_driven,historically_calibrated,0.826988,0.140588,6.6285,8.5858,0.0,1.9573
967,2,10,7,weather_driven,historically_calibrated,1.495822,0.25429,9.6862,10.6356,0.0,0.9494
968,2,10,8,weather_driven,historically_calibrated,1.450349,0.246559,9.511,10.6681,0.0,1.1571
969,2,10,9,weather_driven,historically_calibrated,1.543383,0.262375,9.8655,10.5801,0.0013,0.7133
970,2,10,10,weather_driven,historically_calibrated,1.513499,0.257295,9.7533,10.3256,0.0078,0.5645
971,2,10,11,weather_driven,historically_calibrated,1.407235,0.23923,9.3413,9.8334,0.0143,0.4779
972,2,10,12,weather_driven,historically_calibrated,1.222331,0.207796,8.5708,9.1154,0.0246,0.52
973,2,10,13,weather_driven,historically_calibrated,1.089396,0.185197,7.9679,8.6796,0.0505,0.6611
974,2,10,14,weather_driven,historically_calibrated,0.938834,0.159602,7.2265,7.8873,0.0492,0.6116
975,2,10,15,weather_driven,historically_calibrated,0.825135,0.140273,6.6182,8.199,0.1024,1.4784
976,2,10,16,weather_driven,historically_calibrated,0.935597,0.159052,7.2098,8.8793,0.1024,1.5671
977,2,10,17,weather_driven,historically_calibrated,0.988486,0.168043,7.4786,9.4553,0.0194,1.9573
978,2,10,18,weather_driven,historically_calibrated,1.373301,0.233461,9.2053,9.6896,0.0065,0.4779
979,2,10,19,weather_driven,historically_calibrated,1.41289,0.240191,9.3638,10.1319,0.0,0.7682
980,2,10,20,weather_driven,historically_calibrated,1.482554,0.252034,9.6355,10.4036,0.0,0.7682
981,2,10,21,weather_driven,historically_calibrated,1.527392,0.259657,9.8056,10.4668,0.0,0.6611
982,2,10,22,weather_driven,historically_calibrated,1.62171,0.275691,10.1524,10.3065,0.0,0.1541
983,2,10,23,weather_driven,historically_calibrated,1.581705,0.26889,10.0071,10.0447,0.0,0.0376
984,2,10,24,weather_driven,historically_calibrated,1.191593,0.202571,8.4353,8.441,0.0,0.0057
985,2,11,1,weather_driven,historically_calibrated,1.162274,0.197587,8.3039,8.3053,0.0,0.0014
986,2,11,2,weather_driven,historically_calibrated,1.222781,0.207873,8.5727,8.573,0.0,0.0003
987,2,11,3,weather_driven,historically_calibrated,1.271425,0.216142,8.7826,8.7829,0.0,0.0003
988,2,11,4,weather_driven,historically_calibrated,1.323054,0.224919,8.9995,8.9996,0.0,0.0001
989,2,11,5,weather_driven,historically_calibrated,1.39791,0.237645,9.3042,9.3042,0.0,0.0
990,2,11,6,weather_driven,historically_calibrated,1.48695,0.252781,9.6523,9.6523,0.0,0.0
991,2,11,7,weather_driven,historically_calibrated,2.254019,0.383183,12.1594,12.1594,0.0,0.0
992,2,11,8,weather_driven,historically_calibrated,2.335035,0.396956,12.3842,12.3842,0.0,0.0
993,2,11,9,weather_driven,historically_calibrated,2.158852,0.367005,11.8872,11.9066,0.0194,0.0
994,2,11,10,weather_driven,historically_calibrated,1.848966,0.314324,10.9319,11.033,0.1011,0.0
995,2,11,11,weather_driven,historically_calibrated,1.551616,0.263775,9.8961,10.1294,0.2333,0.0
996,2,11,12,weather_driven,historically_calibrated,1.310271,0.222746,8.9463,9.3079,0.3616,0.0
997,2,11,13,weather_driven,historically_calibrated,1.150799,0.195636,8.2519,8.6796,0.4277,0.0
998,2,11,14,weather_driven,historically_calibrated,1.118878,0.190209,8.1055,8.5112,0.4056,0.0
999,2,11,15,weather_driven,historically_calibrated,1.202719,0.204462,8.4846,8.7904,0.3059,0.0
1000,2,11,16,weather_driven,historically_calibrated,1.389144,0.236154,9.2691,9.4427,0.1737,0.0
1001,2,11,17,weather_driven,historically_calibrated,1.676199,0.284954,10.3462,10.4149,0.0687,0.0
1002,2,11,18,weather_driven,historically_calibrated,1.868412,0.31763,10.9952,11.0082,0.013,0.0
1003,2,11,19,weather_driven,historically_calibrated,1.981499,0.336855,11.3542,11.3542,0.0,0.0
1004,2,11,20,weather_driven,historically_calibrated,2.01169,0.341987,11.4475,11.4475,0.0,0.0
1005,2,11,21,weather_driven,historically_calibrated,1.953338,0.332067,11.2663,11.2663,0.0,0.0
1006,2,11,22,weather_driven,historically_calibrated,1.86122,0.316407,10.9719,10.9719,0.0,0.0
1007,2,11,23,weather_driven,historically_calibrated,1.716632,0.291827,10.4871,10.4871,0.0,0.0
1008,2,11,24,weather_driven,historically_calibrated,1.184033,0.201286,8.4016,8.4016,0.0,0.0
1009,2,12,1,weather_driven,historically_calibrated,1.252772,0.212971,8.7027,8.7027,0.0,0.0
1010,2,12,2,weather_driven,historically_calibrated,1.244819,0.211619,8.6685,8.6685,0.0,0.0
1011,2,12,3,weather_driven,historically_calibrated,1.231264,0.209315,8.6097,8.6097,0.0,0.0
1012,2,12,4,weather_driven,historically_calibrated,1.323759,0.225039,9.0024,9.0024,0.0,0.0
1013,2,12,5,weather_driven,historically_calibrated,1.360539,0.231292,9.1535,9.1535,0.0,0.0
1014,2,12,6,weather_driven,historically_calibrated,1.404988,0.238848,9.3324,9.3324,0.0,0.0
1015,2,12,7,weather_driven,historically_calibrated,1.979045,0.336438,11.3466,11.3467,0.0,0.0001
1016,2,12,8,weather_driven,historically_calibrated,1.953413,0.33208,11.2665,11.2666,0.0,0.0001
1017,2,12,9,weather_driven,historically_calibrated,1.832177,0.31147,10.8768,10.89,0.013,0.0003
1018,2,12,10,weather_driven,historically_calibrated,1.674877,0.284729,10.3416,10.3997,0.0557,0.0024
1019,2,12,11,weather_driven,historically_calibrated,1.470661,0.250012,9.5897,9.6699,0.0778,0.0024
1020,2,12,12,weather_driven,historically_calibrated,1.271952,0.216232,8.7848,8.9139,0.1179,0.0111
1021,2,12,13,weather_driven,historically_calibrated,1.132575,0.192538,8.1687,8.3997,0.1763,0.0548
1022,2,12,14,weather_driven,historically_calibrated,1.062732,0.180664,7.8415,8.1559,0.2112,0.1032
1023,2,12,15,weather_driven,historically_calibrated,1.087412,0.18486,7.9586,8.2692,0.2074,0.1032
1024,2,12,16,weather_driven,historically_calibrated,1.179837,0.200572,8.3829,8.6494,0.1309,0.1356
1025,2,12,17,weather_driven,historically_calibrated,1.367323,0.232445,9.1811,9.3504,0.0661,0.1032
1026,2,12,18,weather_driven,historically_calibrated,1.562059,0.26555,9.9348,9.9947,0.0143,0.0457
1027,2,12,19,weather_driven,historically_calibrated,1.725802,0.293386,10.5187,10.5299,0.0,0.0111
1028,2,12,20,weather_driven,historically_calibrated,1.815722,0.308673,10.8224,10.8305,0.0,0.0081
1029,2,12,21,weather_driven,historically_calibrated,1.785127,0.303472,10.7203,10.7396,0.0,0.0193
1030,2,12,22,weather_driven,historically_calibrated,1.695696,0.288268,10.4144,10.4794,0.0,0.065
1031,2,12,23,weather_driven,historically_calibrated,1.501316,0.255224,9.7071,9.7963,0.0,0.0892
1032,2,12,24,weather_driven,historically_calibrated,1.025058,0.17426,7.6593,7.7625,0.0,0.1032
1033,2,13,1,weather_driven,historically_calibrated,0.919786,0.156364,7.1277,7.2818,0.0,0.1541
1034,2,13,2,weather_driven,historically_calibrated,0.917674,0.156005,7.1167,7.2059,0.0,0.0892
1035,2,13,3,weather_driven,historically_calibrated,0.921825,0.15671,7.1384,7.184,0.0,0.0457
1036,2,13,4,weather_driven,historically_calibrated,0.936268,0.159166,7.2133,7.2378,0.0,0.0245
1037,2,13,5,weather_driven,historically_calibrated,0.966983,0.164387,7.3704,7.4009,0.0,0.0306
1038,2,13,6,weather_driven,historically_calibrated,1.001127,0.170192,7.5415,7.5721,0.0,0.0306
1039,2,13,7,weather_driven,historically_calibrated,1.406696,0.239138,9.3392,9.3698,0.0,0.0306
1040,2,13,8,weather_driven,historically_calibrated,1.488017,0.252963,9.6564,9.6756,0.0,0.0193
1041,2,13,9,weather_driven,historically_calibrated,1.518951,0.258222,9.7739,9.7809,0.0013,0.0057
1042,2,13,10,weather_driven,historically_calibrated,1.494949,0.254141,9.6828,9.6857,0.0026,0.0003
1043,2,13,11,weather_driven,historically_calibrated,1.432408,0.243509,9.4408,9.4554,0.0065,0.0081
1044,2,13,12,weather_driven,historically_calibrated,1.376315,0.233974,9.2174,9.2278,0.0104,0.0
1045,2,13,13,weather_driven,historically_calibrated,1.331574,0.226368,9.0348,9.0722,0.013,0.0245
1046,2,13,14,weather_driven,historically_calibrated,1.350719,0.229622,9.1134,9.147,0.0143,0.0193
1047,2,13,15,weather_driven,historically_calibrated,1.397969,0.237655,9.3044,9.3405,0.0117,0.0245
1048,2,13,16,weather_driven,historically_calibrated,1.498308,0.254712,9.6956,9.7071,0.0091,0.0024
1049,2,13,17,weather_driven,historically_calibrated,1.590843,0.270443,10.0405,10.0457,0.0052,0.0
1050,2,13,18,weather_driven,historically_calibrated,1.694836,0.288122,10.4114,10.4127,0.0013,0.0
1051,2,13,19,weather_driven,historically_calibrated,1.711535,0.290961,10.4695,10.4695,0.0,0.0
1052,2,13,20,weather_driven,historically_calibrated,1.678073,0.285272,10.3528,10.3528,0.0,0.0
1053,2,13,21,weather_driven,historically_calibrated,1.576059,0.26793,9.9864,9.9864,0.0,0.0
1054,2,13,22,weather_driven,historically_calibrated,1.470555,0.249994,9.5893,9.5893,0.0,0.0
1055,2,13,23,weather_driven,historically_calibrated,1.37412,0.2336,9.2086,9.2086,0.0,0.0
1056,2,13,24,weather_driven,historically_calibrated,0.968361,0.164621,7.3773,7.3773,0.0,0.0
1057,2,14,1,weather_driven,historically_calibrated,0.887413,0.15086,6.957,6.957,0.0,0.0
1058,2,14,2,weather_driven,historically_calibrated,0.888366,0.151022,6.9621,6.9621,0.0,0.0
1059,2,14,3,weather_driven,historically_calibrated,0.891796,0.151605,6.9803,6.9803,0.0,0.0
1060,2,14,4,weather_driven,historically_calibrated,0.901658,0.153282,7.0326,7.0326,0.0,0.0
1061,2,14,5,weather_driven,historically_calibrated,0.964784,0.164013,7.3592,7.3592,0.0,0.0
1062,2,14,6,weather_driven,historically_calibrated,1.016016,0.172723,7.615,7.615,0.0,0.0
1063,2,14,7,weather_driven,historically_calibrated,1.455253,0.247393,9.5301,9.5301,0.0,0.0
1064,2,14,8,weather_driven,historically_calibrated,1.436325,0.244175,9.4562,9.4562,0.0,0.0
1065,2,14,9,weather_driven,historically_calibrated,1.34377,0.228441,9.085,9.1154,0.0156,0.0148
1066,2,14,10,weather_driven,historically_calibrated,1.255371,0.213413,8.7139,8.807,0.0739,0.0193
1067,2,14,11,weather_driven,historically_calibrated,0.982012,0.166942,7.4461,7.6862,0.1944,0.0457
1068,2,14,12,weather_driven,historically_calibrated,0.896738,0.152446,7.0066,7.2919,0.2203,0.065
1069,2,14,13,weather_driven,historically_calibrated,0.818834,0.139202,6.5831,7.0546,0.3823,0.0892
1070,2,14,14,weather_driven,historically_calibrated,0.830043,0.141107,6.6454,7.1127,0.3486,0.1187
1071,2,14,15,weather_driven,historically_calibrated,0.867135,0.147413,6.8482,7.3049,0.2825,0.1741
1072,2,14,16,weather_driven,historically_calibrated,0.940172,0.159829,7.2334,7.5916,0.184,0.1741
1073,2,14,17,weather_driven,historically_calibrated,1.30725,0.222233,8.9337,9.1186,0.0816,0.1032
1074,2,14,18,weather_driven,historically_calibrated,1.56849,0.266643,9.9585,10.0544,0.0194,0.0764
1075,2,14,19,weather_driven,historically_calibrated,1.729656,0.294041,10.532,10.6506,0.0,0.1187
1076,2,14,20,weather_driven,historically_calibrated,1.843911,0.313465,10.9153,11.0694,0.0,0.1541
1077,2,14,21,weather_driven,historically_calibrated,1.860961,0.316363,10.971,11.1452,0.0,0.1741
1078,2,14,22,weather_driven,historically_calibrated,1.804243,0.306721,10.7843,10.9802,0.0,0.1959
1079,2,14,23,weather_driven,historically_calibrated,1.744782,0.296613,10.5838,10.7579,0.0,0.1741
1080,2,14,24,weather_driven,historically_calibrated,1.227405,0.208659,8.5929,8.747,0.0,0.1541
1081,2,15,1,weather_driven,historically_calibrated,1.143498,0.194395,8.2187,8.3374,0.0,0.1187
1082,2,15,2,weather_driven,historically_calibrated,1.172114,0.199259,8.3482,8.4247,0.0,0.0764
1083,2,15,3,weather_driven,historically_calibrated,1.197895,0.203642,8.4632,8.5282,0.0,0.065
1084,2,15,4,weather_driven,historically_calibrated,1.237438,0.210364,8.6365,8.6741,0.0,0.0376
1085,2,15,5,weather_driven,historically_calibrated,1.292673,0.219754,8.8726,8.9031,0.0,0.0306
1086,2,15,6,weather_driven,historically_calibrated,1.333858,0.226756,9.0442,9.0748,0.0,0.0306
1087,2,15,7,weather_driven,historically_calibrated,1.949947,0.331491,11.2557,11.2933,0.0,0.0376
1088,2,15,8,weather_driven,historically_calibrated,1.958941,0.33302,11.2839,11.3215,0.0,0.0376
1089,2,15,9,weather_driven,historically_calibrated,1.785805,0.303587,10.7226,10.7791,0.0259,0.0306
1090,2,15,10,weather_driven,historically_calibrated,1.519519,0.258318,9.776,9.9054,0.1102,0.0193
1091,2,15,11,weather_driven,historically_calibrated,1.255356,0.213411,8.7138,8.9729,0.2346,0.0245
1092,2,15,12,weather_driven,historically_calibrated,0.945841,0.160793,7.2626,7.6581,0.3499,0.0457
1093,2,15,13,weather_driven,historically_calibrated,0.974907,0.165734,7.4104,7.8823,0.4069,0.065
1094,2,15,14,weather_driven,historically_calibrated,0.974524,0.165669,7.4085,7.843,0.3797,0.0548
1095,2,15,15,weather_driven,historically_calibrated,1.064191,0.180912,7.8484,8.1085,0.1568,0.1032
1096,2,15,16,weather_driven,historically_calibrated,1.142835,0.194282,8.2156,8.538,0.0505,0.2718
1097,2,15,17,weather_driven,historically_calibrated,1.323751,0.225038,9.0024,9.1186,0.013,0.1032
1098,2,15,18,weather_driven,historically_calibrated,1.460951,0.248362,9.5522,9.7558,0.0078,0.1959
1099,2,15,19,weather_driven,historically_calibrated,1.584667,0.269393,10.018,10.1071,0.0,0.0892
1100,2,15,20,weather_driven,historically_calibrated,1.565857,0.266196,9.9488,9.9945,0.0,0.0457
1101,2,15,21,weather_driven,historically_calibrated,1.495661,0.254262,9.6856,9.6967,0.0,0.0111
1102,2,15,22,weather_driven,historically_calibrated,1.528674,0.259875,9.8104,9.8118,0.0,0.0014
1103,2,15,23,weather_driven,historically_calibrated,1.496303,0.254371,9.688,9.6894,0.0,0.0014
1104,2,15,24,weather_driven,historically_calibrated,1.175059,0.19976,8.3615,8.3618,0.0,0.0003
1105,2,16,1,weather_driven,historically_calibrated,1.142795,0.194275,8.2155,8.2156,0.0,0.0001
1106,2,16,2,weather_driven,historically_calibrated,1.254249,0.213222,8.7091,8.7091,0.0,0.0
1107,2,16,3,weather_driven,historically_calibrated,1.337154,0.227316,9.0578,9.0578,0.0,0.0
1108,2,16,4,weather_driven,historically_calibrated,1.404578,0.238778,9.3308,9.3308,0.0,0.0
1109,2,16,5,weather_driven,historically_calibrated,1.49839,0.254726,9.696,9.696,0.0,0.0
1110,2,16,6,weather_driven,historically_calibrated,1.550117,0.26352,9.8905,9.8905,0.0,0.0
1111,2,16,7,weather_driven,historically_calibrated,2.366082,0.402234,12.4687,12.4687,0.0,0.0
1112,2,16,8,weather_driven,historically_calibrated,2.513143,0.427234,12.8576,12.8576,0.0,0.0
1113,2,16,9,weather_driven,historically_calibrated,2.423181,0.411941,12.6219,12.6647,0.0428,0.0
1114,2,16,10,weather_driven,historically_calibrated,2.107371,0.358253,11.7361,11.8825,0.1464,0.0
1115,2,16,11,weather_driven,historically_calibrated,1.727618,0.293695,10.525,10.7958,0.267,0.0038
1116,2,16,12,weather_driven,historically_calibrated,1.454499,0.247265,9.5271,9.908,0.3564,0.0245
1117,2,16,13,weather_driven,historically_calibrated,1.302807,0.221477,8.9151,9.4344,0.416,0.1032
1118,2,16,14,weather_driven,historically_calibrated,1.205159,0.204877,8.4953,9.147,0.4069,0.2447
1119,2,16,15,weather_driven,historically_calibrated,1.212133,0.206063,8.5261,9.2334,0.3421,0.3652
1120,2,16,16,weather_driven,historically_calibrated,1.365317,0.232104,9.1729,9.7071,0.2333,0.3009
1121,2,16,17,weather_driven,historically_calibrated,1.629728,0.277054,10.1812,10.5093,0.1322,0.1959
1122,2,16,18,weather_driven,historically_calibrated,1.9193,0.326281,11.1587,11.3085,0.0311,0.1187
1123,2,16,19,weather_driven,historically_calibrated,2.057297,0.34974,11.5863,11.6169,0.0,0.0306
1124,2,16,20,weather_driven,historically_calibrated,2.081306,0.353822,11.6584,11.6666,0.0,0.0081
1125,2,16,21,weather_driven,historically_calibrated,1.968341,0.334618,11.3133,11.319,0.0,0.0057
1126,2,16,22,weather_driven,historically_calibrated,1.742474,0.296221,10.5759,10.5907,0.0,0.0148
1127,2,16,23,weather_driven,historically_calibrated,1.599251,0.271873,10.0712,10.1168,0.0,0.0457
1128,2,16,24,weather_driven,historically_calibrated,1.093178,0.18584,7.9857,8.0622,0.0,0.0764
1129,2,17,1,weather_driven,historically_calibrated,0.875951,0.148912,6.8957,6.9607,0.0,0.065
1130,2,17,2,weather_driven,historically_calibrated,0.880507,0.149686,6.9201,6.9658,0.0,0.0457
1131,2,17,3,weather_driven,historically_calibrated,0.881848,0.149914,6.9273,6.9466,0.0,0.0193
1132,2,17,4,weather_driven,historically_calibrated,0.900826,0.15314,7.0282,7.0363,0.0,0.0081
1133,2,17,5,weather_driven,historically_calibrated,0.945028,0.160655,7.2584,7.2695,0.0,0.0111
1134,2,17,6,weather_driven,historically_calibrated,0.99442,0.169051,7.5082,7.5193,0.0,0.0111
1135,2,17,7,weather_driven,historically_calibrated,1.407578,0.239288,9.3427,9.3575,0.0,0.0148
1136,2,17,8,weather_driven,historically_calibrated,1.483589,0.25221,9.6394,9.6587,0.0,0.0193
1137,2,17,9,weather_driven,historically_calibrated,1.50564,0.255959,9.7235,9.7637,0.0026,0.0376
1138,2,17,10,weather_driven,historically_calibrated,1.459221,0.248068,9.5455,9.6182,0.0078,0.065
1139,2,17,11,weather_driven,historically_calibrated,1.35957,0.231127,9.1496,9.2416,0.0156,0.0764
1140,2,17,12,weather_driven,historically_calibrated,1.237691,0.210407,8.6376,8.7784,0.0376,0.1032
1141,2,17,13,weather_driven,historically_calibrated,1.14987,0.195478,8.2477,8.4416,0.0583,0.1356
1142,2,17,14,weather_driven,historically_calibrated,1.127028,0.191595,8.1432,8.3672,0.07,0.1541
1143,2,17,15,weather_driven,historically_calibrated,1.155787,0.196484,8.2746,8.4947,0.0661,0.1541
1144,2,17,16,weather_driven,historically_calibrated,1.238238,0.210501,8.64,8.7769,0.0337,0.1032
1145,2,17,17,weather_driven,historically_calibrated,1.330795,0.226235,9.0316,9.0821,0.013,0.0376
1146,2,17,18,weather_driven,historically_calibrated,1.422402,0.241808,9.4014,9.4149,0.0078,0.0057
1147,2,17,19,weather_driven,historically_calibrated,1.466211,0.249256,9.5725,9.5763,0.0,0.0038
1148,2,17,20,weather_driven,historically_calibrated,1.46794,0.24955,9.5792,9.5795,0.0,0.0003
1149,2,17,21,weather_driven,historically_calibrated,1.408759,0.239489,9.3474,9.3474,0.0,0.0
1150,2,17,22,weather_driven,historically_calibrated,1.392567,0.236736,9.2828,9.2828,0.0,0.0
1151,2,17,23,weather_driven,historically_calibrated,1.338107,0.227478,9.0617,9.0617,0.0,0.0
1152,2,17,24,weather_driven,historically_calibrated,0.991967,0.168634,7.4959,7.4959,0.0,0.0
1153,2,18,1,weather_driven,historically_calibrated,0.945246,0.160692,7.2595,7.2595,0.0,0.0
1154,2,18,2,weather_driven,historically_calibrated,0.968282,0.164608,7.3769,7.3769,0.0,0.0
1155,2,18,3,weather_driven,historically_calibrated,0.98702,0.167793,7.4712,7.4712,0.0,0.0
1156,2,18,4,weather_driven,historically_calibrated,1.028895,0.174912,7.6781,7.6782,0.0,0.0001
1157,2,18,5,weather_driven,historically_calibrated,1.087765,0.18492,7.9602,7.9605,0.0,0.0003
1158,2,18,6,weather_driven,historically_calibrated,1.154204,0.196215,8.2674,8.2698,0.0,0.0024
1159,2,18,7,weather_driven,historically_calibrated,1.687006,0.286791,10.3841,10.3898,0.0,0.0057
1160,2,18,8,weather_driven,historically_calibrated,1.708958,0.290523,10.4605,10.4662,0.0,0.0057
1161,2,18,9,weather_driven,historically_calibrated,1.54454,0.262572,9.8698,9.9168,0.0389,0.0081
1162,2,18,10,weather_driven,historically_calibrated,1.339348,0.227689,9.0668,9.214,0.1361,0.0111
1163,2,18,11,weather_driven,historically_calibrated,1.104232,0.18772,8.0375,8.3537,0.2786,0.0376
1164,2,18,12,weather_driven,historically_calibrated,0.913264,0.155255,7.0936,7.6231,0.4108,0.1187
1165,2,18,13,weather_driven,historically_calibrated,0.807631,0.137297,6.5204,7.1566,0.4821,0.1541
1166,2,18,14,weather_driven,historically_calibrated,0.701261,0.119214,5.8992,6.5437,0.4251,0.2194
1167,2,18,15,weather_driven,historically_calibrated,0.743555,0.126404,6.1519,6.7205,0.2968,0.2718
1168,2,18,16,weather_driven,historically_calibrated,0.806295,0.13707,6.5129,6.9843,0.1996,0.2718
1169,2,18,17,weather_driven,historically_calibrated,1.127241,0.191631,8.1441,8.4424,0.1024,0.1959
1170,2,18,18,weather_driven,historically_calibrated,1.311682,0.222986,8.9522,9.0853,0.0298,0.1032
1171,2,18,19,weather_driven,historically_calibrated,1.419204,0.241265,9.3888,9.4652,0.0,0.0764
1172,2,18,20,weather_driven,historically_calibrated,1.448315,0.246213,9.5031,9.5795,0.0,0.0764
1173,2,18,21,weather_driven,historically_calibrated,1.470936,0.250059,9.5908,9.6672,0.0,0.0764
1174,2,18,22,weather_driven,historically_calibrated,1.430363,0.243162,9.4328,9.4875,0.0,0.0548
1175,2,18,23,weather_driven,historically_calibrated,1.42068,0.241516,9.3946,9.4058,0.0,0.0111
1176,2,18,24,weather_driven,historically_calibrated,1.039884,0.17678,7.7315,7.7322,0.0,0.0007
1177,2,19,1,weather_driven,historically_calibrated,1.133926,0.192767,8.1749,8.175,0.0,0.0001
1178,2,19,2,weather_driven,historically_calibrated,1.171041,0.199077,8.3434,8.3434,0.0,0.0
1179,2,19,3,weather_driven,historically_calibrated,1.221921,0.207727,8.569,8.569,0.0,0.0
1180,2,19,4,weather_driven,historically_calibrated,1.284534,0.218371,8.8382,8.8383,0.0,0.0001
1181,2,19,5,weather_driven,historically_calibrated,1.370644,0.23301,9.1945,9.1952,0.0,0.0007
1182,2,19,6,weather_driven,historically_calibrated,1.448511,0.246247,9.5038,9.5041,0.0,0.0003
1183,2,19,7,weather_driven,historically_calibrated,2.15662,0.366625,11.8807,11.881,0.0,0.0003
1184,2,19,8,weather_driven,historically_calibrated,2.024064,0.344091,11.4854,11.4861,0.0,0.0007
1185,2,19,9,weather_driven,historically_calibrated,1.843992,0.313479,10.9156,10.9455,0.0285,0.0014
1186,2,19,10,weather_driven,historically_calibrated,1.676066,0.284931,10.3457,10.4546,0.1089,0.0
1187,2,19,11,weather_driven,historically_calibrated,1.481279,0.251817,9.6306,9.7771,0.1452,0.0014
1188,2,19,12,weather_driven,historically_calibrated,1.376401,0.233988,9.2178,9.3848,0.1646,0.0024
1189,2,19,13,weather_driven,historically_calibrated,1.314513,0.223467,8.964,9.124,0.1542,0.0057
1190,2,19,14,weather_driven,historically_calibrated,1.442921,0.245297,9.482,9.5642,0.0674,0.0148
1191,2,19,15,weather_driven,historically_calibrated,1.510678,0.256815,9.7426,9.7691,0.0117,0.0148
1192,2,19,16,weather_driven,historically_calibrated,1.616247,0.274762,10.1327,10.1525,0.0117,0.0081
1193,2,19,17,weather_driven,historically_calibrated,1.719308,0.292282,10.4963,10.5093,0.013,0.0
1194,2,19,18,weather_driven,historically_calibrated,1.853387,0.315076,10.9463,10.9502,0.0039,0.0
1195,2,19,19,weather_driven,historically_calibrated,1.988296,0.33801,11.3753,11.3753,0.0,0.0
1196,2,19,20,weather_driven,historically_calibrated,1.994031,0.338985,11.3931,11.5471,0.0,0.1541
1197,2,19,21,weather_driven,historically_calibrated,1.955694,0.332468,11.2737,11.3769,0.0,0.1032
1198,2,19,22,weather_driven,historically_calibrated,1.756663,0.298633,10.6242,10.8689,0.0,0.2447
1199,2,19,23,weather_driven,historically_calibrated,1.72024,0.292441,10.4995,10.8648,0.0,0.3652
1200,2,19,24,weather_driven,historically_calibrated,1.225856,0.208395,8.5861,8.9182,0.0,0.332
1201,2,20,1,weather_driven,historically_calibrated,1.170902,0.199053,8.3428,8.7433,0.0,0.4005
1202,2,20,2,weather_driven,historically_calibrated,1.256308,0.213572,8.7179,9.156,0.0,0.4381
1203,2,20,3,weather_driven,historically_calibrated,1.337492,0.227374,9.0592,9.4244,0.0,0.3652
1204,2,20,4,weather_driven,historically_calibrated,1.418814,0.241198,9.3872,9.6591,0.0,0.2718
1205,2,20,5,weather_driven,historically_calibrated,1.555439,0.264425,9.9103,10.155,0.0,0.2447
1206,2,20,6,weather_driven,historically_calibrated,1.655252,0.281393,10.2722,10.4916,0.0,0.2194
1207,2,20,7,weather_driven,historically_calibrated,2.535063,0.430961,12.914,13.1099,0.0,0.1959
1208,2,20,8,weather_driven,historically_calibrated,2.479953,0.421592,12.7715,12.9673,0.0,0.1959
1209,2,20,9,weather_driven,historically_calibrated,2.220566,0.377496,12.0648,12.2765,0.0376,0.1741
1210,2,20,10,weather_driven,historically_calibrated,1.93696,0.329283,11.2147,11.4981,0.1477,0.1356
1211,2,20,11,weather_driven,historically_calibrated,1.668077,0.283573,10.3176,10.7421,0.3059,0.1187
1212,2,20,12,weather_driven,historically_calibrated,1.397899,0.237643,9.3041,9.8034,0.4536,0.0457
1213,2,20,13,weather_driven,historically_calibrated,1.233596,0.209711,8.6198,9.1757,0.5314,0.0245
1214,2,20,14,weather_driven,historically_calibrated,1.172535,0.199331,8.3501,8.8862,0.5054,0.0306
1215,2,20,15,weather_driven,historically_calibrated,1.212989,0.206208,8.5298,8.9656,0.3901,0.0457
1216,2,20,16,weather_driven,historically_calibrated,1.365759,0.232179,9.1747,9.4844,0.2333,0.0764
1217,2,20,17,weather_driven,historically_calibrated,1.756622,0.298626,10.6241,10.799,0.0985,0.0764
1218,2,20,18,weather_driven,historically_calibrated,2.132513,0.362527,11.8102,11.846,0.0246,0.0111
1219,2,20,19,weather_driven,historically_calibrated,2.380574,0.404698,12.5079,12.5227,0.0,0.0148
1220,2,20,20,weather_driven,historically_calibrated,2.522996,0.428909,12.883,12.9206,0.0,0.0376
1221,2,20,21,weather_driven,historically_calibrated,2.499599,0.424932,12.8226,12.9412,0.0,0.1187
1222,2,20,22,weather_driven,historically_calibrated,2.352909,0.399994,12.433,12.7048,0.0,0.2718
1223,2,20,23,weather_driven,historically_calibrated,2.313494,0.393294,12.3251,12.5209,0.0,0.1959
1224,2,20,24,weather_driven,historically_calibrated,1.546723,0.262943,9.8779,10.0738,0.0,0.1959
1225,2,21,1,weather_driven,historically_calibrated,1.408171,0.239389,9.3451,9.6771,0.0,0.332
1226,2,21,2,weather_driven,historically_calibrated,1.48283,0.252081,9.6365,9.9685,0.0,0.332
1227,2,21,3,weather_driven,historically_calibrated,1.551967,0.263834,9.8974,10.1983,0.0,0.3009
1228,2,21,4,weather_driven,historically_calibrated,1.607339,0.273248,10.1005,10.2747,0.0,0.1741
1229,2,21,5,weather_driven,historically_calibrated,1.699385,0.288895,10.4273,10.5305,0.0,0.1032
1230,2,21,6,weather_driven,historically_calibrated,1.786205,0.303655,10.724,10.878,0.0,0.1541
1231,2,21,7,weather_driven,historically_calibrated,2.730163,0.464128,13.3995,13.6442,0.0,0.2447
1232,2,21,8,weather_driven,historically_calibrated,2.620701,0.445519,13.1307,13.3514,0.0013,0.2194
1233,2,21,9,weather_driven,historically_calibrated,2.184058,0.37129,11.9602,12.221,0.0415,0.2194
1234,2,21,10,weather_driven,historically_calibrated,1.669939,0.28389,10.3242,10.6743,0.1542,0.1959
1235,2,21,11,weather_driven,historically_calibrated,1.266169,0.215249,8.7601,9.3482,0.3162,0.2718
1236,2,21,12,weather_driven,historically_calibrated,0.983628,0.167217,7.4542,8.286,0.4666,0.3652
1237,2,21,13,weather_driven,historically_calibrated,0.730074,0.124113,6.0722,7.0546,0.5443,0.4381
1238,2,21,14,weather_driven,historically_calibrated,0.75674,0.128646,6.2291,7.1127,0.5184,0.3652
1239,2,21,15,weather_driven,historically_calibrated,0.816916,0.138876,6.5724,7.3049,0.4005,0.332
1240,2,21,16,weather_driven,historically_calibrated,0.920694,0.156518,7.1325,7.5916,0.2398,0.2194
1241,2,21,17,weather_driven,historically_calibrated,1.358302,0.230911,9.1444,9.2924,0.1024,0.0457
1242,2,21,18,weather_driven,historically_calibrated,1.663832,0.282851,10.3026,10.353,0.0259,0.0245
1243,2,21,19,weather_driven,historically_calibrated,1.905429,0.323923,11.1145,11.1338,0.0,0.0193
1244,2,21,20,weather_driven,historically_calibrated,2.016733,0.342845,11.4629,11.4874,0.0,0.0245
1245,2,21,21,weather_driven,historically_calibrated,1.995382,0.339215,11.3972,11.4349,0.0,0.0376
1246,2,21,22,weather_driven,historically_calibrated,1.906046,0.324028,11.1165,11.1471,0.0,0.0306
1247,2,21,23,weather_driven,historically_calibrated,1.785114,0.303469,10.7203,10.7579,0.0,0.0376
1248,2,21,24,weather_driven,historically_calibrated,1.234497,0.209864,8.6238,8.6614,0.0,0.0376
1249,2,22,1,weather_driven,historically_calibrated,1.143468,0.19439,8.2185,8.2562,0.0,0.0376
1250,2,22,2,weather_driven,historically_calibrated,1.154115,0.1962,8.267,8.3434,0.0,0.0764
1251,2,22,3,weather_driven,historically_calibrated,1.183923,0.201267,8.4011,8.4468,0.0,0.0457
1252,2,22,4,weather_driven,historically_calibrated,1.20595,0.205011,8.4988,8.51,0.0,0.0111
1253,2,22,5,weather_driven,historically_calibrated,1.211934,0.206029,8.5252,8.5276,0.0,0.0024
1254,2,22,6,weather_driven,historically_calibrated,1.238941,0.21062,8.643,8.6454,0.0,0.0024
1255,2,22,7,weather_driven,historically_calibrated,1.778306,0.302312,10.6974,10.7055,0.0,0.0081
1256,2,22,8,weather_driven,historically_calibrated,1.729921,0.294087,10.5329,10.5534,0.0013,0.0193
1257,2,22,9,weather_driven,historically_calibrated,1.479308,0.251482,9.623,9.7254,0.0648,0.0376
1258,2,22,10,weather_driven,historically_calibrated,1.196346,0.203379,8.4564,8.6423,0.1711,0.0148
1259,2,22,11,weather_driven,historically_calibrated,0.916854,0.155865,7.1124,7.4717,0.3046,0.0548
1260,2,22,12,weather_driven,historically_calibrated,0.837014,0.142292,6.6839,7.1349,0.3745,0.0764
1261,2,22,13,weather_driven,historically_calibrated,0.818834,0.139202,6.5831,7.0546,0.3823,0.0892
1262,2,22,14,weather_driven,historically_calibrated,0.829558,0.141025,6.6427,7.1127,0.3668,0.1032
1263,2,22,15,weather_driven,historically_calibrated,0.873563,0.148506,6.8829,7.3049,0.3188,0.1032
1264,2,22,16,weather_driven,historically_calibrated,0.952587,0.16194,7.2971,7.5916,0.2488,0.0457
1265,2,22,17,weather_driven,historically_calibrated,1.040709,0.176921,7.7355,7.9017,0.1581,0.0081
1266,2,22,18,weather_driven,historically_calibrated,1.377405,0.234159,9.2218,9.2781,0.0505,0.0057
1267,2,22,19,weather_driven,historically_calibrated,1.463284,0.248758,9.5612,9.5636,0.0,0.0024
1268,2,22,20,weather_driven,historically_calibrated,1.482667,0.252053,9.6359,9.6362,0.0,0.0003
1269,2,22,21,weather_driven,historically_calibrated,1.409186,0.239562,9.3491,9.3491,0.0,0.0
1270,2,22,22,weather_driven,historically_calibrated,1.317708,0.22401,8.9773,8.9773,0.0,0.0
1271,2,22,23,weather_driven,historically_calibrated,1.347855,0.229135,9.1017,9.1017,0.0,0.0
1272,2,22,24,weather_driven,historically_calibrated,0.993934,0.168969,7.5057,7.5057,0.0,0.0
1273,2,23,1,weather_driven,historically_calibrated,0.96553,0.16414,7.363,7.363,0.0,0.0
1274,2,23,2,weather_driven,historically_calibrated,1.00719,0.171222,7.5715,7.5715,0.0,0.0
1275,2,23,3,weather_driven,historically_calibrated,1.053048,0.179018,7.795,7.795,0.0,0.0
1276,2,23,4,weather_driven,historically_calibrated,1.1534,0.196078,8.2637,8.2637,0.0,0.0
1277,2,23,5,weather_driven,historically_calibrated,1.250858,0.212646,8.6945,8.6945,0.0,0.0
1278,2,23,6,weather_driven,historically_calibrated,1.341287,0.228019,9.0748,9.0748,0.0,0.0
1279,2,23,7,weather_driven,historically_calibrated,1.979074,0.336443,11.3467,11.3467,0.0,0.0
1280,2,23,8,weather_driven,historically_calibrated,1.901134,0.323193,11.1007,11.102,0.0013,0.0
1281,2,23,9,weather_driven,historically_calibrated,1.645399,0.279718,10.2372,10.28,0.0428,0.0
1282,2,23,10,weather_driven,historically_calibrated,1.32045,0.224477,8.9887,9.1366,0.1477,0.0001
1283,2,23,11,weather_driven,historically_calibrated,0.942695,0.160258,7.2464,7.5253,0.2786,0.0003
1284,2,23,12,weather_driven,historically_calibrated,0.844019,0.143483,6.7224,7.1349,0.4044,0.0081
1285,2,23,13,weather_driven,historically_calibrated,0.796283,0.135368,6.4563,7.0546,0.4627,0.1356
1286,2,23,14,weather_driven,historically_calibrated,0.782236,0.13298,6.3763,7.1127,0.4355,0.3009
1287,2,23,15,weather_driven,historically_calibrated,0.814632,0.138487,6.5596,7.3049,0.3447,0.4005
1288,2,23,16,weather_driven,historically_calibrated,0.866978,0.147386,6.8474,7.5916,0.2242,0.52
1289,2,23,17,weather_driven,historically_calibrated,0.956598,0.162622,7.3176,7.9017,0.1063,0.4779
1290,2,23,18,weather_driven,historically_calibrated,1.049181,0.178361,7.7764,8.1434,0.035,0.332
1291,2,23,19,weather_driven,historically_calibrated,1.099568,0.186926,8.0157,8.4162,0.0,0.4005
1292,2,23,20,weather_driven,historically_calibrated,1.119803,0.190367,8.1098,8.4418,0.0,0.332
1293,2,23,21,weather_driven,historically_calibrated,1.032294,0.17549,7.6946,8.3062,0.0,0.6116
1294,2,23,22,weather_driven,historically_calibrated,0.888026,0.150964,6.9603,7.9759,0.0,1.0156
1295,2,23,23,weather_driven,historically_calibrated,0.742471,0.12622,6.1455,7.7127,0.0,1.5671
1296,2,23,24,weather_driven,historically_calibrated,0.484774,0.082412,4.4667,6.2217,0.0,1.755
1297,2,24,1,weather_driven,historically_calibrated,0.328088,0.055775,3.246,5.6535,0.0,2.4074
1298,2,24,2,weather_driven,historically_calibrated,0.318512,0.054147,3.1652,5.695,0.0,2.5298
1299,2,24,3,weather_driven,historically_calibrated,0.247958,0.042153,2.5431,5.7474,0.0,3.2043
1300,2,24,4,weather_driven,historically_calibrated,0.150043,0.025507,1.5926,5.7526,0.0,4.16
1301,2,24,5,weather_driven,historically_calibrated,0.121601,0.020672,1.2944,5.8107,0.0,4.5164
1302,2,24,6,weather_driven,historically_calibrated,0.123662,0.021023,1.3164,6.0183,0.0,4.702
1303,2,24,7,weather_driven,historically_calibrated,0.13527,0.022996,1.4391,7.1455,0.0,5.7064
1304,2,24,8,weather_driven,historically_calibrated,0.220264,0.037445,2.2853,7.9931,0.0013,5.7064
1305,2,24,9,weather_driven,historically_calibrated,0.143342,0.024368,1.5233,8.3861,0.0181,6.8447
1306,2,24,10,weather_driven,historically_calibrated,0.11245,0.019116,1.196,8.3046,0.0194,7.0891
1307,2,24,11,weather_driven,historically_calibrated,0.195712,0.033271,2.0498,8.4524,0.0298,6.3728
1308,2,24,12,weather_driven,historically_calibrated,0.710414,0.12077,5.9546,9.0672,0.0518,3.0608
1309,2,24,13,weather_driven,historically_calibrated,0.884847,0.150424,6.9433,8.7748,0.0765,1.755
1310,2,24,14,weather_driven,historically_calibrated,0.87749,0.149173,6.904,8.6551,0.184,1.5671
1311,2,24,15,weather_driven,historically_calibrated,0.927743,0.157716,7.1691,8.544,0.2177,1.1571
1312,2,24,16,weather_driven,historically_calibrated,1.073101,0.182427,7.8909,8.9818,0.2048,0.8861
1313,2,24,17,weather_driven,historically_calibrated,1.234283,0.209828,8.6228,9.6152,0.1063,0.8861
1314,2,24,18,weather_driven,historically_calibrated,1.415513,0.240637,9.3742,10.0742,0.0389,0.6611
1315,2,24,19,weather_driven,historically_calibrated,1.676341,0.284978,10.3467,10.5209,0.0,0.1741
1316,2,24,20,weather_driven,historically_calibrated,1.58445,0.269357,10.0172,10.6783,0.0,0.6611
1317,2,24,21,weather_driven,historically_calibrated,1.457875,0.247839,9.5402,10.2535,0.0,0.7133
1318,2,24,22,weather_driven,historically_calibrated,1.445172,0.245679,9.4908,10.2041,0.0,0.7133
1319,2,24,23,weather_driven,historically_calibrated,1.459332,0.248086,9.5459,9.9464,0.0,0.4005
1320,2,24,24,weather_driven,historically_calibrated,1.014178,0.17241,7.606,8.126,0.0,0.52
1321,2,25,1,weather_driven,historically_calibrated,0.968739,0.164686,7.3793,7.8571,0.0,0.4779
1322,2,25,2,weather_driven,historically_calibrated,0.950932,0.161658,7.2887,7.9002,0.0,0.6116
1323,2,25,3,weather_driven,historically_calibrated,0.996401,0.169388,7.518,7.9959,0.0,0.4779
1324,2,25,4,weather_driven,historically_calibrated,1.047024,0.177994,7.766,8.1312,0.0,0.3652
1325,2,25,5,weather_driven,historically_calibrated,1.049904,0.178484,7.7799,8.3444,0.0,0.5645
1326,2,25,6,weather_driven,historically_calibrated,1.102407,0.187409,8.0289,8.5068,0.0,0.4779
1327,2,25,7,weather_driven,historically_calibrated,1.631036,0.277276,10.1859,10.5864,0.0,0.4005
1328,2,25,8,weather_driven,historically_calibrated,1.602001,0.27234,10.0811,10.4158,0.0026,0.332
1329,2,25,9,weather_driven,historically_calibrated,1.460252,0.248243,9.5495,9.9678,0.0531,0.3652
1330,2,25,10,weather_driven,historically_calibrated,1.27208,0.216254,8.7854,9.4161,0.1529,0.4779
1331,2,25,11,weather_driven,historically_calibrated,1.043079,0.177323,7.747,8.7976,0.2825,0.7682
1332,2,25,12,weather_driven,historically_calibrated,0.753002,0.12801,6.2073,8.2489,0.3823,1.6593
1333,2,25,13,weather_driven,historically_calibrated,0.743155,0.126336,6.1496,8.0609,0.4329,1.4784
1334,2,25,14,weather_driven,historically_calibrated,0.775909,0.131905,6.34,8.0313,0.2981,1.3932
1335,2,25,15,weather_driven,historically_calibrated,0.860009,0.146201,6.8097,8.2483,0.2061,1.2326
1336,2,25,16,weather_driven,historically_calibrated,1.086677,0.184735,7.9551,8.572,0.1788,0.4381
1337,2,25,17,weather_driven,historically_calibrated,1.273177,0.21644,8.79,9.2421,0.0868,0.3652
1338,2,25,18,weather_driven,historically_calibrated,1.442034,0.245146,9.4785,10.0742,0.0311,0.5645
1339,2,25,19,weather_driven,historically_calibrated,1.679282,0.285478,10.357,10.5764,0.0,0.2194
1340,2,25,20,weather_driven,historically_calibrated,1.737354,0.29535,10.5584,10.6234,0.0,0.065
1341,2,25,21,weather_driven,historically_calibrated,1.692217,0.287677,10.4023,10.4135,0.0,0.0111
1342,2,25,22,weather_driven,historically_calibrated,1.607596,0.273291,10.1014,10.1017,0.0,0.0003
1343,2,25,23,weather_driven,historically_calibrated,1.512582,0.257139,9.7498,9.7498,0.0,0.0
1344,2,25,24,weather_driven,historically_calibrated,1.048115,0.17818,7.7713,7.7716,0.0,0.0003
1345,2,26,1,weather_driven,historically_calibrated,1.098906,0.186814,8.0126,8.0126,0.0,0.0
1346,2,26,2,weather_driven,historically_calibrated,1.100155,0.187026,8.0184,8.0184,0.0,0.0
1347,2,26,3,weather_driven,historically_calibrated,1.104654,0.187791,8.0394,8.0394,0.0,0.0
1348,2,26,4,weather_driven,historically_calibrated,1.236094,0.210136,8.6307,8.6331,0.0,0.0024
1349,2,26,5,weather_driven,historically_calibrated,1.242811,0.211278,8.6598,8.7362,0.0,0.0764
1350,2,26,6,weather_driven,historically_calibrated,1.208011,0.205362,8.5079,8.946,0.0,0.4381
1351,2,26,7,weather_driven,historically_calibrated,1.365041,0.232057,9.1718,11.0261,0.0,1.8543
1352,2,26,8,weather_driven,historically_calibrated,1.278282,0.217308,8.8117,11.102,0.0013,2.289
1353,2,26,9,weather_driven,historically_calibrated,1.4399,0.244783,9.4702,11.7774,0.0181,2.289
1354,2,26,10,weather_driven,historically_calibrated,1.686904,0.286774,10.3837,11.9923,0.0415,1.5671
1355,2,26,11,weather_driven,historically_calibrated,1.551049,0.263678,9.894,11.6,0.0467,1.6593
1356,2,26,12,weather_driven,historically_calibrated,1.126999,0.19159,8.143,10.8498,0.0505,2.6563
1357,2,26,13,weather_driven,historically_calibrated,1.262257,0.214584,8.7434,10.1586,0.022,1.3932
1358,2,26,14,weather_driven,historically_calibrated,1.081332,0.183826,7.9299,9.6164,0.0272,1.6593
1359,2,26,15,weather_driven,historically_calibrated,0.923482,0.156992,7.147,9.4477,0.0117,2.289
1360,2,26,16,weather_driven,historically_calibrated,0.835961,0.142113,6.6781,9.4844,0.0194,2.7869
1361,2,26,17,weather_driven,historically_calibrated,1.121566,0.190666,8.118,9.698,0.013,1.5671
1362,2,26,18,weather_driven,historically_calibrated,1.209023,0.205534,8.5124,9.9947,0.0039,1.4784
1363,2,26,19,weather_driven,historically_calibrated,1.17447,0.19966,8.3588,9.926,0.0,1.5671
1364,2,26,20,weather_driven,historically_calibrated,1.306331,0.222076,8.9299,9.7556,0.0,0.8257
1365,2,26,21,weather_driven,historically_calibrated,1.30994,0.22269,8.945,9.465,0.0,0.52
1366,2,26,22,weather_driven,historically_calibrated,1.199063,0.203841,8.4684,9.033,0.0,0.5645
1367,2,26,23,weather_driven,historically_calibrated,1.10966,0.188642,8.0628,8.6743,0.0,0.6116
1368,2,26,24,weather_driven,historically_calibrated,0.805075,0.136863,6.506,6.9065,0.0,0.4005
1369,2,27,1,weather_driven,historically_calibrated,0.722497,0.122825,6.0271,6.5916,0.0,0.5645
1370,2,27,2,weather_driven,historically_calibrated,0.730785,0.124234,6.0764,6.5964,0.0,0.52
1371,2,27,3,weather_driven,historically_calibrated,0.69975,0.118957,5.8901,6.4101,0.0,0.52
1372,2,27,4,weather_driven,historically_calibrated,0.742409,0.12621,6.1452,6.417,0.0,0.2718
1373,2,27,5,weather_driven,historically_calibrated,0.738841,0.125603,6.1241,6.5247,0.0,0.4005
1374,2,27,6,weather_driven,historically_calibrated,0.775626,0.131856,6.3384,6.6705,0.0,0.332
1375,2,27,7,weather_driven,historically_calibrated,1.143084,0.194324,8.2168,8.4615,0.0,0.2447
1376,2,27,8,weather_driven,historically_calibrated,1.154063,0.196191,8.2668,8.6333,0.0013,0.3652
1377,2,27,9,weather_driven,historically_calibrated,0.978796,0.166395,7.43,8.0062,0.0117,0.5645
1378,2,27,10,weather_driven,historically_calibrated,1.001374,0.170234,7.5427,7.8185,0.0311,0.2447
1379,2,27,11,weather_driven,historically_calibrated,0.924593,0.157181,7.1528,7.3645,0.0376,0.1741
1380,2,27,12,weather_driven,historically_calibrated,0.874551,0.148674,6.8882,7.1349,0.0726,0.1741
1381,2,27,13,weather_driven,historically_calibrated,0.993135,0.168833,7.5018,7.8306,0.057,0.2718
1382,2,27,14,weather_driven,historically_calibrated,0.837909,0.142445,6.6889,7.1127,0.0233,0.4005
1383,2,27,15,weather_driven,historically_calibrated,0.798029,0.135665,6.4662,7.3049,0.013,0.8257
1384,2,27,16,weather_driven,historically_calibrated,0.786283,0.133668,6.3995,7.5916,0.035,1.1571
1385,2,27,17,weather_driven,historically_calibrated,0.980599,0.166702,7.439,7.9017,0.0246,0.4381
1386,2,27,18,weather_driven,historically_calibrated,1.096512,0.186407,8.0014,8.1434,0.0065,0.1356
1387,2,27,19,weather_driven,historically_calibrated,1.140383,0.193865,8.2044,8.235,0.0,0.0306
1388,2,27,20,weather_driven,historically_calibrated,1.05642,0.179591,7.8112,8.1433,0.0,0.332
1389,2,27,21,weather_driven,historically_calibrated,1.096991,0.186488,8.0036,8.2483,0.0,0.2447
1390,2,27,22,weather_driven,historically_calibrated,1.003586,0.17061,7.5537,8.0315,0.0,0.4779
1391,2,27,23,weather_driven,historically_calibrated,0.826203,0.140454,6.6241,7.2853,0.0,0.6611
1392,2,27,24,weather_driven,historically_calibrated,0.587113,0.099809,5.1754,5.8365,0.0,0.6611
1393,2,28,1,weather_driven,historically_calibrated,0.582928,0.099098,5.1476,5.8609,0.0,0.7133
1394,2,28,2,weather_driven,historically_calibrated,0.62224,0.105781,5.4051,6.2308,0.0,0.8257
1395,2,28,3,weather_driven,historically_calibrated,0.682814,0.116078,5.7865,6.7359,0.0,0.9494
1396,2,28,4,weather_driven,historically_calibrated,0.707147,0.120215,5.9349,6.9505,0.0,1.0156
1397,2,28,5,weather_driven,historically_calibrated,0.751954,0.127832,6.2012,7.1506,0.0,0.9494
1398,2,28,6,weather_driven,historically_calibrated,0.787779,0.133922,6.408,7.3574,0.0,0.9494
1399,2,28,7,weather_driven,historically_calibrated,1.134621,0.192886,8.1781,9.2629,0.0,1.0848
1400,2,28,8,weather_driven,historically_calibrated,1.072485,0.182323,7.8879,9.127,0.0065,1.2326
1401,2,28,9,weather_driven,historically_calibrated,0.803827,0.136651,6.499,8.0616,0.0842,1.4784
1402,2,28,10,weather_driven,historically_calibrated,0.627914,0.106745,5.4416,7.489,0.1931,1.8543
1403,2,28,11,weather_driven,historically_calibrated,0.457386,0.077756,4.2661,7.3109,0.2579,2.7869
1404,2,28,12,weather_driven,historically_calibrated,0.233031,0.039615,2.4052,7.1349,0.394,4.3358
1405,2,28,13,weather_driven,historically_calibrated,0.082189,0.013972,0.8622,7.0546,0.486,5.7064
1406,2,28,14,weather_driven,historically_calibrated,0.012565,0.002136,0.0376,7.1127,0.4692,6.6059
1407,2,28,15,weather_driven,historically_calibrated,0.014656,0.002492,0.0637,7.3049,0.3966,6.8447
1408,2,28,16,weather_driven,historically_calibrated,0.088104,0.014978,0.9285,7.5916,0.2903,6.3728
1409,2,28,17,weather_driven,historically_calibrated,0.280157,0.047627,2.8329,7.9017,0.1763,4.8926
1410,2,28,18,weather_driven,historically_calibrated,0.54218,0.092171,4.8718,8.1434,0.0674,3.2043
1411,2,28,19,weather_driven,historically_calibrated,0.018294,0.00311,0.1087,8.235,0.0013,8.125
1412,2,28,20,weather_driven,historically_calibrated,0.011011,0.001872,0.0183,8.1433,0.0,8.125
1413,2,28,21,weather_driven,historically_calibrated,0.300182,0.051031,3.0081,7.9006,0.0,4.8926
1414,2,28,22,weather_driven,historically_calibrated,0.008848,0.001504,-0.0088,7.5865,0.0,7.5953
1415,2,28,23,weather_driven,historically_calibrated,0.210977,0.035866,2.197,7.2853,0.0,5.0882
1416,2,28,24,weather_driven,historically_calibrated,0.141172,0.023999,1.5008,5.8365,0.0,4.3358
1417,3,1,1,weather_driven,historically_calibrated,1.091264,0.185515,7.9767,8.0532,0.0,0.0764
1418,3,1,2,weather_driven,historically_calibrated,1.111022,0.188874,8.0691,8.0997,0.0,0.0306
1419,3,1,3,weather_driven,historically_calibrated,1.121375,0.190634,8.1171,8.1209,0.0,0.0038
1420,3,1,4,weather_driven,historically_calibrated,1.135388,0.193016,8.1816,8.1817,0.0,0.0001
1421,3,1,5,weather_driven,historically_calibrated,1.174884,0.19973,8.3607,8.3607,0.0,0.0
1422,3,1,6,weather_driven,historically_calibrated,1.219774,0.207362,8.5596,8.5596,0.0,0.0
1423,3,1,7,weather_driven,historically_calibrated,1.687249,0.286832,10.3849,10.3849,0.0,0.0
1424,3,1,8,weather_driven,historically_calibrated,1.68762,0.286895,10.3862,10.3888,0.0026,0.0
1425,3,1,9,weather_driven,historically_calibrated,1.610528,0.27379,10.112,10.1691,0.057,0.0
1426,3,1,10,weather_driven,historically_calibrated,1.438356,0.244521,9.4641,9.5759,0.1115,0.0003
1427,3,1,11,weather_driven,historically_calibrated,1.234413,0.20985,8.6234,8.8657,0.2385,0.0038
1428,3,1,12,weather_driven,historically_calibrated,1.084718,0.184402,7.9459,8.286,0.3253,0.0148
1429,3,1,13,weather_driven,historically_calibrated,1.003714,0.170631,7.5543,7.9341,0.3421,0.0376
1430,3,1,14,weather_driven,historically_calibrated,0.982435,0.167014,7.4483,7.8951,0.3577,0.0892
1431,3,1,15,weather_driven,historically_calibrated,1.06216,0.180567,7.8387,8.2156,0.2877,0.0892
1432,3,1,16,weather_driven,historically_calibrated,1.124207,0.191115,8.1302,8.4267,0.2074,0.0892
1433,3,1,17,weather_driven,historically_calibrated,1.34064,0.227909,9.0721,9.2924,0.1439,0.0764
1434,3,1,18,weather_driven,historically_calibrated,1.603724,0.272633,10.0874,10.2336,0.057,0.0892
1435,3,1,19,weather_driven,historically_calibrated,1.823085,0.309924,10.8468,10.9526,0.0026,0.1032
1436,3,1,20,weather_driven,historically_calibrated,1.859476,0.316111,10.9662,11.0694,0.0,0.1032
1437,3,1,21,weather_driven,historically_calibrated,1.814175,0.30841,10.8173,10.9713,0.0,0.1541
1438,3,1,22,weather_driven,historically_calibrated,1.691857,0.287616,10.4011,10.702,0.0,0.3009
1439,3,1,23,weather_driven,historically_calibrated,1.584874,0.269429,10.0187,10.3839,0.0,0.3652
1440,3,1,24,weather_driven,historically_calibrated,1.089094,0.185146,7.9665,8.4046,0.0,0.4381
1441,3,2,1,weather_driven,historically_calibrated,1.015884,0.1727,7.6144,8.1344,0.0,0.52
1442,3,2,2,weather_driven,historically_calibrated,1.024582,0.174179,7.657,8.2216,0.0,0.5645
1443,3,2,3,weather_driven,historically_calibrated,1.027705,0.17471,7.6723,8.2838,0.0,0.6116
1444,3,2,4,weather_driven,historically_calibrated,1.058733,0.179985,7.8223,8.3869,0.0,0.5645
1445,3,2,5,weather_driven,historically_calibrated,1.133515,0.192698,8.173,8.611,0.0,0.4381
1446,3,2,6,weather_driven,historically_calibrated,1.239408,0.210699,8.6451,8.946,0.0,0.3009
1447,3,2,7,weather_driven,historically_calibrated,1.787417,0.303861,10.728,10.9727,0.0,0.2447
1448,3,2,8,weather_driven,historically_calibrated,1.76549,0.300133,10.6541,10.8826,0.0091,0.2194
1449,3,2,9,weather_driven,historically_calibrated,1.640738,0.278926,10.2206,10.5573,0.092,0.2447
1450,3,2,10,weather_driven,historically_calibrated,1.395277,0.237197,9.2936,9.9054,0.2112,0.4005
1451,3,2,11,weather_driven,historically_calibrated,1.125645,0.19136,8.1368,9.0801,0.3318,0.6116
1452,3,2,12,weather_driven,historically_calibrated,0.934686,0.158897,7.2051,8.443,0.4121,0.8257
1453,3,2,13,weather_driven,historically_calibrated,0.805634,0.136958,6.5091,7.8823,0.4238,0.9494
1454,3,2,14,weather_driven,historically_calibrated,0.800473,0.13608,6.48,7.7386,0.4329,0.8257
1455,3,2,15,weather_driven,historically_calibrated,0.82774,0.140716,6.6327,7.7335,0.3875,0.7133
1456,3,2,16,weather_driven,historically_calibrated,0.970824,0.16504,7.3898,8.204,0.2942,0.52
1457,3,2,17,weather_driven,historically_calibrated,1.216943,0.20688,8.5472,9.0606,0.1814,0.332
1458,3,2,18,weather_driven,historically_calibrated,1.480082,0.251614,9.626,9.8753,0.0752,0.1741
1459,3,2,19,weather_driven,historically_calibrated,1.642284,0.279188,10.2261,10.3487,0.0039,0.1187
1460,3,2,20,weather_driven,historically_calibrated,1.601487,0.272253,10.0793,10.2334,0.0,0.1541
1461,3,2,21,weather_driven,historically_calibrated,1.483334,0.252167,9.6384,9.8126,0.0,0.1741
1462,3,2,22,weather_driven,historically_calibrated,1.370175,0.23293,9.1926,9.3668,0.0,0.1741
1463,3,2,23,weather_driven,historically_calibrated,1.367018,0.232393,9.1798,9.3154,0.0,0.1356
1464,3,2,24,weather_driven,historically_calibrated,1.0412,0.177004,7.7379,7.9338,0.0,0.1959
1465,3,3,1,weather_driven,historically_calibrated,0.919054,0.156239,7.1239,7.2595,0.0,0.1356
1466,3,3,2,weather_driven,historically_calibrated,0.935058,0.15896,7.207,7.4517,0.0,0.2447
1467,3,3,3,weather_driven,historically_calibrated,0.982393,0.167007,7.448,7.5837,0.0,0.1356
1468,3,3,4,weather_driven,historically_calibrated,0.98333,0.167166,7.4527,7.7537,0.0,0.3009
1469,3,3,5,weather_driven,historically_calibrated,0.972052,0.165249,7.396,7.9605,0.0,0.5645
1470,3,3,6,weather_driven,historically_calibrated,1.034478,0.175861,7.7053,8.2698,0.0,0.5645
1471,3,3,7,weather_driven,historically_calibrated,1.479578,0.251528,9.624,10.144,0.0,0.52
1472,3,3,8,weather_driven,historically_calibrated,1.464898,0.249033,9.5674,10.012,0.0065,0.4381
1473,3,3,9,weather_driven,historically_calibrated,1.282208,0.217975,8.8284,9.5086,0.0687,0.6116
1474,3,3,10,weather_driven,historically_calibrated,1.099343,0.186888,8.0146,8.7593,0.1801,0.5645
1475,3,3,11,weather_driven,historically_calibrated,0.790917,0.134456,6.4259,7.9591,0.3007,1.2326
1476,3,3,12,weather_driven,historically_calibrated,0.914254,0.155423,7.0988,7.6231,0.4056,0.1187
1477,3,3,13,weather_driven,historically_calibrated,0.911786,0.155004,7.0859,7.4421,0.3318,0.0245
1478,3,3,14,weather_driven,historically_calibrated,1.017407,0.172959,7.6218,7.8873,0.2631,0.0024
1479,3,3,15,weather_driven,historically_calibrated,1.134808,0.192917,8.1789,8.2483,0.0687,0.0007
1480,3,3,16,weather_driven,historically_calibrated,1.461634,0.248478,9.5548,9.6476,0.0622,0.0306
1481,3,3,17,weather_driven,historically_calibrated,1.596408,0.271389,10.0608,10.095,0.0285,0.0057
1482,3,3,18,weather_driven,historically_calibrated,1.671151,0.284096,10.3284,10.4588,0.0117,0.1187
1483,3,3,19,weather_driven,historically_calibrated,1.733717,0.294732,10.5459,10.7431,0.0013,0.1959
1484,3,3,20,weather_driven,historically_calibrated,1.772638,0.301348,10.6783,10.6783,0.0,0.0
1485,3,3,21,weather_driven,historically_calibrated,1.726196,0.293453,10.5201,10.5201,0.0,0.0
1486,3,3,22,weather_driven,historically_calibrated,1.607679,0.273306,10.1017,10.1017,0.0,0.0
1487,3,3,23,weather_driven,historically_calibrated,1.550394,0.263567,9.8916,9.8973,0.0,0.0057
1488,3,3,24,weather_driven,historically_calibrated,1.138008,0.193461,8.1936,8.2047,0.0,0.0111
1489,3,4,1,weather_driven,historically_calibrated,1.137881,0.19344,8.193,8.2306,0.0,0.0376
1490,3,4,2,weather_driven,historically_calibrated,1.155608,0.196453,8.2738,8.3114,0.0,0.0376
1491,3,4,3,weather_driven,historically_calibrated,1.177074,0.200103,8.3705,8.4081,0.0,0.0376
1492,3,4,4,weather_driven,historically_calibrated,1.206416,0.205091,8.5009,8.5465,0.0,0.0457
1493,3,4,5,weather_driven,historically_calibrated,1.248116,0.21218,8.6827,8.7283,0.0,0.0457
1494,3,4,6,weather_driven,historically_calibrated,1.338101,0.227477,9.0617,9.0993,0.0,0.0376
1495,3,4,7,weather_driven,historically_calibrated,1.849625,0.314436,10.934,10.9797,0.0,0.0457
1496,3,4,8,weather_driven,historically_calibrated,1.825296,0.3103,10.8541,10.9205,0.0117,0.0548
1497,3,4,9,weather_driven,historically_calibrated,1.711352,0.29093,10.4688,10.6821,0.0946,0.1187
1498,3,4,10,weather_driven,historically_calibrated,1.476649,0.25103,9.6128,10.2245,0.2112,0.4005
1499,3,4,11,weather_driven,historically_calibrated,1.154265,0.196225,8.2677,9.4882,0.3344,0.8861
1500,3,4,12,weather_driven,historically_calibrated,0.915655,0.155661,7.1061,8.9228,0.5054,1.3112
1501,3,4,13,weather_driven,historically_calibrated,0.736872,0.125268,6.1125,8.4416,0.5741,1.755
1502,3,4,14,weather_driven,historically_calibrated,0.606184,0.103051,5.3009,8.3672,0.5365,2.5298
1503,3,4,15,weather_driven,historically_calibrated,0.622723,0.105863,5.4082,8.4455,0.381,2.6563
1504,3,4,16,weather_driven,historically_calibrated,0.739904,0.125784,6.1304,8.8281,0.2903,2.4074
1505,3,4,17,weather_driven,historically_calibrated,0.863043,0.146717,6.8261,9.402,0.1685,2.4074
1506,3,4,18,weather_driven,historically_calibrated,1.093317,0.185864,7.9864,9.9094,0.0687,1.8543
1507,3,4,19,weather_driven,historically_calibrated,1.29957,0.220927,8.9016,10.2986,0.0039,1.3932
1508,3,4,20,weather_driven,historically_calibrated,1.337967,0.227454,9.0611,10.2937,0.0,1.2326
1509,3,4,21,weather_driven,historically_calibrated,1.188136,0.201983,8.4199,9.987,0.0,1.5671
1510,3,4,22,weather_driven,historically_calibrated,0.76705,0.130398,6.289,9.6411,0.0,3.3521
1511,3,4,23,weather_driven,historically_calibrated,0.709726,0.120653,5.9504,9.4549,0.0,3.5045
1512,3,4,24,weather_driven,historically_calibrated,0.632307,0.107492,5.4697,8.126,0.0,2.6563
1513,3,5,1,weather_driven,historically_calibrated,0.821518,0.139658,6.5981,8.6621,0.0,2.0641
1514,3,5,2,weather_driven,historically_calibrated,0.824691,0.140198,6.6157,8.7903,0.0,2.1746
1515,3,5,3,weather_driven,historically_calibrated,0.851063,0.144681,6.761,8.9356,0.0,2.1746
1516,3,5,4,weather_driven,historically_calibrated,0.904038,0.153687,7.0451,9.0024,0.0,1.9573
1517,3,5,5,weather_driven,historically_calibrated,0.891524,0.151559,6.9789,9.1535,0.0,2.1746
1518,3,5,6,weather_driven,historically_calibrated,0.982501,0.167025,7.4486,9.2036,0.0,1.755
1519,3,5,7,weather_driven,historically_calibrated,1.416472,0.2408,9.378,11.133,0.0,1.755
1520,3,5,8,weather_driven,historically_calibrated,1.542316,0.262194,9.8615,11.4312,0.0026,1.5671
1521,3,5,9,weather_driven,historically_calibrated,1.612124,0.274061,10.1178,11.4446,0.0156,1.3112
1522,3,5,10,weather_driven,historically_calibrated,1.696908,0.288474,10.4187,11.3333,0.0285,0.8861
1523,3,5,11,weather_driven,historically_calibrated,1.42742,0.242661,9.4212,10.8494,0.035,1.3932
1524,3,5,12,weather_driven,historically_calibrated,1.001661,0.170282,7.5441,10.2743,0.0739,2.6563
1525,3,5,13,weather_driven,historically_calibrated,0.938972,0.159625,7.2272,9.2792,0.0946,1.9573
1526,3,5,14,weather_driven,historically_calibrated,0.995666,0.169263,7.5144,9.2513,0.1698,1.5671
1527,3,5,15,weather_driven,historically_calibrated,1.039201,0.176664,7.7282,9.287,0.0804,1.4784
1528,3,5,16,weather_driven,historically_calibrated,1.261196,0.214403,8.7389,9.6515,0.0868,0.8257
1529,3,5,17,weather_driven,historically_calibrated,1.561654,0.265481,9.9333,10.4513,0.0402,0.4779
1530,3,5,18,weather_driven,historically_calibrated,0.983585,0.167209,7.454,10.8308,0.0246,3.3521
1531,3,5,19,weather_driven,historically_calibrated,1.395525,0.237239,9.2946,11.2545,0.0026,1.9573
1532,3,5,20,weather_driven,historically_calibrated,1.588234,0.27,10.031,11.786,0.0,1.755
1533,3,5,21,weather_driven,historically_calibrated,1.73488,0.29493,10.5499,11.7825,0.0,1.2326
1534,3,5,22,weather_driven,historically_calibrated,1.580503,0.268686,10.0027,11.314,0.0,1.3112
1535,3,5,23,weather_driven,historically_calibrated,1.487249,0.252832,9.6534,11.1319,0.0,1.4784
1536,3,5,24,weather_driven,historically_calibrated,1.049539,0.178422,7.7781,9.0894,0.0,1.3112
1537,3,6,1,weather_driven,historically_calibrated,0.978709,0.166381,7.4295,8.6621,0.0,1.2326
1538,3,6,2,weather_driven,historically_calibrated,0.916922,0.155877,7.1128,8.5059,0.0,1.3932
1539,3,6,3,weather_driven,historically_calibrated,0.905197,0.153884,7.0512,8.2838,0.0,1.2326
1540,3,6,4,weather_driven,historically_calibrated,0.947933,0.161149,7.2733,8.2227,0.0,0.9494
1541,3,6,5,weather_driven,historically_calibrated,1.011448,0.171946,7.5925,8.3607,0.0,0.7682
1542,3,6,6,weather_driven,historically_calibrated,1.088382,0.185025,7.9632,8.7313,0.0,0.7682
1543,3,6,7,weather_driven,historically_calibrated,1.547228,0.263029,9.8798,10.7055,0.0,0.8257
1544,3,6,8,weather_driven,historically_calibrated,1.742682,0.296256,10.5766,10.8277,0.0065,0.2447
1545,3,6,9,weather_driven,historically_calibrated,1.716652,0.291831,10.4872,11.0564,0.0492,0.52
1546,3,6,10,weather_driven,historically_calibrated,1.503609,0.255613,9.7158,10.894,0.0933,1.0848
1547,3,6,11,weather_driven,historically_calibrated,1.272678,0.216355,8.7879,10.6349,0.092,1.755
1548,3,6,12,weather_driven,historically_calibrated,1.353642,0.230119,9.1254,10.3266,0.0441,1.1571
1549,3,6,13,weather_driven,historically_calibrated,1.204902,0.204833,8.4942,9.8482,0.0428,1.3112
1550,3,6,14,weather_driven,historically_calibrated,1.096226,0.186358,8.0,9.6164,0.0492,1.5671
1551,3,6,15,weather_driven,historically_calibrated,1.128475,0.191841,8.1498,9.662,0.0337,1.4784
1552,3,6,16,weather_driven,historically_calibrated,1.185275,0.201497,8.4071,9.8185,0.0181,1.3932
1553,3,6,17,weather_driven,historically_calibrated,1.309073,0.222542,8.9413,10.1037,0.0052,1.1571
1554,3,6,18,weather_driven,historically_calibrated,1.438063,0.244471,9.463,10.353,0.0039,0.8861
1555,3,6,19,weather_driven,historically_calibrated,1.451182,0.246701,9.5142,10.5299,0.0,1.0156
1556,3,6,20,weather_driven,historically_calibrated,1.318791,0.224195,8.9818,10.2931,0.0,1.3112
1557,3,6,21,weather_driven,historically_calibrated,1.285814,0.218588,8.8436,9.9285,0.0,1.0848
1558,3,6,22,weather_driven,historically_calibrated,1.227174,0.20862,8.5919,9.478,0.0,0.8861
1559,3,6,23,weather_driven,historically_calibrated,1.168888,0.198711,8.3337,8.9949,0.0,0.6611
1560,3,6,24,weather_driven,historically_calibrated,0.829666,0.141043,6.6433,7.1633,0.0,0.52
1561,3,7,1,weather_driven,historically_calibrated,0.807379,0.137254,6.519,6.957,0.0,0.4381
1562,3,7,2,weather_driven,historically_calibrated,0.84941,0.1444,6.7519,7.084,0.0,0.332
1563,3,7,3,weather_driven,historically_calibrated,0.900953,0.153162,7.0289,7.2247,0.0,0.1959
1564,3,7,4,weather_driven,historically_calibrated,0.930328,0.158156,7.1826,7.4019,0.0,0.2194
1565,3,7,5,weather_driven,historically_calibrated,0.983863,0.167257,7.4554,7.6513,0.0,0.1959
1566,3,7,6,weather_driven,historically_calibrated,1.089542,0.185222,7.9686,8.0873,0.0,0.1187
1567,3,7,7,weather_driven,historically_calibrated,1.493883,0.25396,9.6788,9.7438,0.0,0.065
1568,3,7,8,weather_driven,historically_calibrated,1.441513,0.245057,9.4765,9.5659,0.013,0.0764
1569,3,7,9,weather_driven,historically_calibrated,1.377134,0.234113,9.2207,9.3927,0.0687,0.1032
1570,3,7,10,weather_driven,historically_calibrated,1.250801,0.212636,8.6943,8.9718,0.0816,0.1959
1571,3,7,11,weather_driven,historically_calibrated,1.089968,0.185295,7.9706,8.4904,0.1192,0.4005
1572,3,7,12,weather_driven,historically_calibrated,0.901956,0.153332,7.0341,7.9721,0.1698,0.7682
1573,3,7,13,weather_driven,historically_calibrated,0.803388,0.136576,6.4965,7.6754,0.1633,1.0156
1574,3,7,14,weather_driven,historically_calibrated,0.711184,0.120901,5.9592,7.4778,0.2074,1.3112
1575,3,7,15,weather_driven,historically_calibrated,0.666516,0.113308,5.6856,7.3585,0.1944,1.4784
1576,3,7,16,weather_driven,historically_calibrated,0.770688,0.131017,6.31,7.6473,0.1801,1.1571
1577,3,7,17,weather_driven,historically_calibrated,1.05231,0.178893,7.7915,8.5391,0.1361,0.6116
1578,3,7,18,weather_driven,historically_calibrated,1.242295,0.21119,8.6576,9.3378,0.0687,0.6116
1579,3,7,19,weather_driven,historically_calibrated,1.341868,0.228118,9.0772,9.7448,0.0065,0.6611
1580,3,7,20,weather_driven,historically_calibrated,1.292105,0.219658,8.8702,9.6959,0.0,0.8257
1581,3,7,21,weather_driven,historically_calibrated,1.209744,0.205656,8.5155,9.465,0.0,0.9494
1582,3,7,22,weather_driven,historically_calibrated,1.189834,0.202272,8.4275,9.0886,0.0,0.6611
1583,3,7,23,weather_driven,historically_calibrated,1.265702,0.215169,8.7582,8.8346,0.0,0.0764
1584,3,7,24,weather_driven,historically_calibrated,0.920272,0.156446,7.1303,7.2489,0.0,0.1187
1585,3,8,1,weather_driven,historically_calibrated,0.703492,0.119594,5.9128,6.9976,0.0,1.0848
1586,3,8,2,weather_driven,historically_calibrated,0.608151,0.103386,5.3137,6.8808,0.0,1.5671
1587,3,8,3,weather_driven,historically_calibrated,0.460289,0.078249,4.2876,6.8174,0.0,2.5298
1588,3,8,4,weather_driven,historically_calibrated,0.432775,0.073572,4.0815,6.8684,0.0,2.7869
1589,3,8,5,weather_driven,historically_calibrated,0.533103,0.090628,4.8091,6.9837,0.0,2.1746
1590,3,8,6,weather_driven,historically_calibrated,0.662642,0.112649,5.6615,7.2286,0.0,1.5671
1591,3,8,7,weather_driven,historically_calibrated,0.933064,0.158621,7.1967,8.6752,0.0,1.4784
1592,3,8,8,weather_driven,historically_calibrated,0.953377,0.162074,7.3012,8.4687,0.0104,1.1571
1593,3,8,9,weather_driven,historically_calibrated,0.804708,0.1368,6.5039,8.228,0.0648,1.6593
1594,3,8,10,weather_driven,historically_calibrated,0.674142,0.114604,5.733,7.7636,0.1763,1.8543
1595,3,8,11,weather_driven,historically_calibrated,0.287126,0.048811,2.8943,7.3109,0.2566,4.16
1596,3,8,12,weather_driven,historically_calibrated,0.194204,0.033015,2.0351,7.1349,0.3979,4.702
1597,3,8,13,weather_driven,historically_calibrated,0.138099,0.023477,1.4687,7.0546,0.4977,5.0882
1598,3,8,14,weather_driven,historically_calibrated,0.090271,0.015346,0.9527,7.1127,0.4536,5.7064
1599,3,8,15,weather_driven,historically_calibrated,-0.010843,-0.001843,-0.2594,7.3585,0.2786,7.3393
1600,3,8,16,weather_driven,historically_calibrated,0.145967,0.024814,1.5505,7.5916,0.1179,5.9231
1601,3,8,17,weather_driven,historically_calibrated,0.761815,0.129509,6.2586,8.4812,0.048,2.1746
1602,3,8,18,weather_driven,historically_calibrated,1.114261,0.189424,8.0841,8.8601,0.0078,0.7682
1603,3,8,19,weather_driven,historically_calibrated,1.121135,0.190593,8.116,9.6844,0.0013,1.5671
1604,3,8,20,weather_driven,historically_calibrated,0.973214,0.165446,7.4019,9.5765,0.0,2.1746
1605,3,8,21,weather_driven,historically_calibrated,0.965398,0.164118,7.3623,9.1173,0.0,1.755
1606,3,8,22,weather_driven,historically_calibrated,0.885,0.15045,6.9442,8.6992,0.0,1.755
1607,3,8,23,weather_driven,historically_calibrated,0.776448,0.131996,6.3431,8.4072,0.0,2.0641
1608,3,8,24,weather_driven,historically_calibrated,0.553482,0.094092,4.9492,6.9065,0.0,1.9573
1609,3,9,1,weather_driven,historically_calibrated,0.596135,0.101343,5.235,6.7134,0.0,1.4784
1610,3,9,2,weather_driven,historically_calibrated,0.596879,0.10147,5.2399,6.7183,0.0,1.4784
1611,3,9,3,weather_driven,historically_calibrated,0.6189,0.105213,5.3835,6.7767,0.0,1.3932
1612,3,9,4,weather_driven,historically_calibrated,0.689018,0.117133,5.8246,6.9095,0.0,1.0848
1613,3,9,5,weather_driven,historically_calibrated,0.682532,0.11603,5.7848,6.9419,0.0,1.1571
1614,3,9,6,weather_driven,historically_calibrated,0.559892,0.095182,4.9928,7.0569,0.0,2.0641
1615,3,9,7,weather_driven,historically_calibrated,0.693471,0.11789,5.8518,8.1409,0.0,2.289
1616,3,9,8,weather_driven,historically_calibrated,0.578944,0.09842,5.121,8.6333,0.0078,3.5045
1617,3,9,9,weather_driven,historically_calibrated,0.488018,0.082963,4.4901,8.3389,0.0259,3.8229
1618,3,9,10,weather_driven,historically_calibrated,0.891165,0.151498,6.977,8.6972,0.0609,1.6593
1619,3,9,11,weather_driven,historically_calibrated,0.734886,0.124931,6.1008,8.1151,0.057,1.9573
1620,3,9,12,weather_driven,historically_calibrated,0.524935,0.089239,4.7522,7.3442,0.0622,2.5298
1621,3,9,13,weather_driven,historically_calibrated,0.39605,0.067328,3.7981,7.0546,0.1957,3.0608
1622,3,9,14,weather_driven,historically_calibrated,0.433374,0.073674,4.0861,7.1127,0.2398,2.7869
1623,3,9,15,weather_driven,historically_calibrated,0.520512,0.088487,4.7213,7.3049,0.1763,2.4074
1624,3,9,16,weather_driven,historically_calibrated,0.637788,0.108424,5.5047,7.5916,0.1296,1.9573
1625,3,9,17,weather_driven,historically_calibrated,0.759499,0.129115,6.2452,7.9017,0.0894,1.5671
1626,3,9,18,weather_driven,historically_calibrated,0.869611,0.147834,6.8616,8.1434,0.0492,1.2326
1627,3,9,19,weather_driven,historically_calibrated,0.879977,0.149596,6.9173,8.235,0.0065,1.3112
1628,3,9,20,weather_driven,historically_calibrated,0.767045,0.130398,6.2889,8.1433,0.0,1.8543
1629,3,9,21,weather_driven,historically_calibrated,0.690975,0.117466,5.8366,7.9006,0.0,2.0641
1630,3,9,22,weather_driven,historically_calibrated,0.657481,0.111772,5.6292,7.5865,0.0,1.9573
1631,3,9,23,weather_driven,historically_calibrated,0.700083,0.119014,5.8921,7.2853,0.0,1.3932
1632,3,9,24,weather_driven,historically_calibrated,0.534807,0.090917,4.8209,5.8365,0.0,1.0156
1633,3,10,1,weather_driven,historically_calibrated,0.505996,0.086019,4.6188,5.28,0.0,0.6611
1634,3,10,2,weather_driven,historically_calibrated,0.529548,0.090023,4.7844,5.3959,0.0,0.6116
1635,3,10,3,weather_driven,historically_calibrated,0.535243,0.090991,4.8239,5.485,0.0,0.6611
1636,3,10,4,weather_driven,historically_calibrated,0.563311,0.095763,5.016,5.6771,0.0,0.6611
1637,3,10,5,weather_driven,historically_calibrated,0.59857,0.101757,5.251,5.9643,0.0,0.7133
1638,3,10,6,weather_driven,historically_calibrated,0.598522,0.101749,5.2507,6.1368,0.0,0.8861
1639,3,10,7,weather_driven,historically_calibrated,0.753501,0.128095,6.2102,7.0963,0.0,0.8861
1640,3,10,8,weather_driven,historically_calibrated,0.703024,0.119514,5.9099,6.8827,0.0233,0.9494
1641,3,10,9,weather_driven,historically_calibrated,0.678076,0.115273,5.7573,6.9575,0.1153,1.0848
1642,3,10,10,weather_driven,historically_calibrated,0.574225,0.097618,5.0894,6.8899,0.2333,1.5671
1643,3,10,11,weather_driven,historically_calibrated,0.397073,0.067502,3.8061,6.726,0.3901,2.5298
1644,3,10,12,weather_driven,historically_calibrated,0.26396,0.044873,2.6884,6.5641,0.5236,3.3521
1645,3,10,13,weather_driven,historically_calibrated,0.048735,0.008285,0.4764,6.5508,0.5793,5.4951
1646,3,10,14,weather_driven,historically_calibrated,0.05435,0.009239,0.5424,6.788,0.5391,5.7064
1647,3,10,15,weather_driven,historically_calibrated,0.101476,0.017251,1.0765,7.2223,0.4393,5.7064
1648,3,10,16,weather_driven,historically_calibrated,0.275724,0.046873,2.7936,7.2776,0.324,4.16
1649,3,10,17,weather_driven,historically_calibrated,0.560344,0.095259,4.9959,7.3714,0.2009,2.1746
1650,3,10,18,weather_driven,historically_calibrated,0.733288,0.124659,6.0913,7.492,0.0894,1.3112
1651,3,10,19,weather_driven,historically_calibrated,0.877872,0.149238,6.906,7.5762,0.0091,0.6611
1652,3,10,20,weather_driven,historically_calibrated,0.854274,0.145227,6.7785,7.4918,0.0,0.7133
1653,3,10,21,weather_driven,historically_calibrated,0.856522,0.145609,6.7907,7.2686,0.0,0.4779
1654,3,10,22,weather_driven,historically_calibrated,0.780777,0.132732,6.368,6.9796,0.0,0.6116
1655,3,10,23,weather_driven,historically_calibrated,0.677381,0.115155,5.753,6.7024,0.0,0.9494
1656,3,10,24,weather_driven,historically_calibrated,0.4599,0.078183,4.2847,5.3696,0.0,1.0848
1657,3,11,1,weather_driven,historically_calibrated,0.413764,0.07034,3.9361,5.0932,0.0,1.1571
1658,3,11,2,weather_driven,historically_calibrated,0.432742,0.073566,4.0813,5.0969,0.0,1.0156
1659,3,11,3,weather_driven,historically_calibrated,0.475176,0.08078,4.397,5.1103,0.0,0.7133
1660,3,11,4,weather_driven,historically_calibrated,0.507363,0.086252,4.6285,5.1485,0.0,0.52
1661,3,11,5,weather_driven,historically_calibrated,0.541876,0.092119,4.8697,5.2349,0.0,0.3652
1662,3,11,6,weather_driven,historically_calibrated,0.558857,0.095006,4.9858,5.3863,0.0,0.4005
1663,3,11,7,weather_driven,historically_calibrated,0.72499,0.123248,6.042,6.7031,0.0,0.6611
1664,3,11,8,weather_driven,historically_calibrated,0.741675,0.126085,6.1408,6.8827,0.0285,0.7133
1665,3,11,9,weather_driven,historically_calibrated,0.717685,0.122006,5.9983,6.9575,0.1335,0.8257
1666,3,11,10,weather_driven,historically_calibrated,0.666228,0.113259,5.6838,6.8899,0.2566,0.9494
1667,3,11,11,weather_driven,historically_calibrated,0.599174,0.10186,5.255,6.726,0.3862,1.0848
1668,3,11,12,weather_driven,historically_calibrated,0.623079,0.105923,5.4105,6.993,0.4977,1.0848
1669,3,11,13,weather_driven,historically_calibrated,0.632266,0.107485,5.4694,6.9748,0.556,0.9494
1670,3,11,14,weather_driven,historically_calibrated,0.700435,0.119074,5.8942,7.1544,0.5469,0.7133
1671,3,11,15,weather_driven,historically_calibrated,0.780726,0.132723,6.3677,7.3478,0.4601,0.52
1672,3,11,16,weather_driven,historically_calibrated,0.839466,0.142709,6.6974,7.5058,0.3305,0.4779
1673,3,11,17,weather_driven,historically_calibrated,0.883493,0.150194,6.9361,7.4392,0.2022,0.3009
1674,3,11,18,weather_driven,historically_calibrated,0.934231,0.158819,7.2028,7.492,0.0933,0.1959
1675,3,11,19,weather_driven,historically_calibrated,0.95705,0.162699,7.3199,7.5762,0.0117,0.2447
1676,3,11,20,weather_driven,historically_calibrated,0.863883,0.14686,6.8307,7.4918,0.0,0.6611
1677,3,11,21,weather_driven,historically_calibrated,0.736691,0.125237,6.1114,7.2686,0.0,1.1571
1678,3,11,22,weather_driven,historically_calibrated,0.579577,0.098528,5.1252,6.9796,0.0,1.8543
1679,3,11,23,weather_driven,historically_calibrated,0.461293,0.07842,4.295,6.7024,0.0,2.4074
1680,3,11,24,weather_driven,historically_calibrated,0.348069,0.059172,3.4123,5.3696,0.0,1.9573
1681,3,12,1,weather_driven,historically_calibrated,0.355353,0.06041,3.472,5.5361,0.0,2.0641
1682,3,12,2,weather_driven,historically_calibrated,0.328689,0.055877,3.2511,5.5401,0.0,2.289
1683,3,12,3,weather_driven,historically_calibrated,0.408507,0.069446,3.8954,5.5546,0.0,1.6593
1684,3,12,4,weather_driven,historically_calibrated,0.490963,0.083464,4.5114,5.5962,0.0,1.0848
1685,3,12,5,weather_driven,historically_calibrated,0.493969,0.083975,4.533,5.6901,0.0,1.1571
1686,3,12,6,weather_driven,historically_calibrated,0.381133,0.064793,3.6801,5.8547,0.0,2.1746
1687,3,12,7,weather_driven,historically_calibrated,0.432798,0.073576,4.0817,7.286,0.0,3.2043
1688,3,12,8,weather_driven,historically_calibrated,0.251658,0.042782,2.5769,7.4812,0.0117,4.8926
1689,3,12,9,weather_driven,historically_calibrated,0.381939,0.06493,3.6865,7.5625,0.0531,3.8229
1690,3,12,10,weather_driven,historically_calibrated,0.459269,0.078076,4.2801,7.7087,0.0765,3.3521
1691,3,12,11,weather_driven,historically_calibrated,0.651643,0.110779,5.5925,7.3645,0.1128,1.6593
1692,3,12,12,weather_driven,historically_calibrated,0.701951,0.119332,5.9034,7.7105,0.1477,1.6593
1693,3,12,13,weather_driven,historically_calibrated,0.501845,0.085314,4.5893,7.2098,0.0907,2.5298
1694,3,12,14,weather_driven,historically_calibrated,0.626757,0.106549,5.4341,7.1127,0.1115,1.5671
1695,3,12,15,weather_driven,historically_calibrated,0.831362,0.141332,6.6527,7.3049,0.1322,0.52
1696,3,12,16,weather_driven,historically_calibrated,0.923947,0.157071,7.1494,7.5916,0.1413,0.3009
1697,3,12,17,weather_driven,historically_calibrated,1.241756,0.211099,8.6552,8.7709,0.1076,0.0081
1698,3,12,18,weather_driven,historically_calibrated,1.432962,0.243603,9.443,9.4572,0.0143,0.0
1699,3,12,19,weather_driven,historically_calibrated,1.560837,0.265342,9.9303,9.9863,0.0013,0.0548
1700,3,12,20,weather_driven,historically_calibrated,1.562049,0.265548,9.9348,9.9348,0.0,0.0
1701,3,12,21,weather_driven,historically_calibrated,1.45341,0.24708,9.5229,9.5229,0.0,0.0
1702,3,12,22,weather_driven,historically_calibrated,1.358261,0.230904,9.1442,9.1442,0.0,0.0
1703,3,12,23,weather_driven,historically_calibrated,1.25514,0.213374,8.7129,8.7277,0.0,0.0148
1704,3,12,24,weather_driven,historically_calibrated,0.911223,0.154908,7.0829,7.1205,0.0,0.0376
1705,3,13,1,weather_driven,historically_calibrated,0.845765,0.14378,6.732,6.8352,0.0,0.1032
1706,3,13,2,weather_driven,historically_calibrated,0.844809,0.143618,6.7268,6.8808,0.0,0.1541
1707,3,13,3,weather_driven,historically_calibrated,0.924719,0.157202,7.1534,7.184,0.0,0.0306
1708,3,13,4,weather_driven,historically_calibrated,0.769691,0.130847,6.3042,7.3199,0.0,1.0156
1709,3,13,5,weather_driven,historically_calibrated,0.928201,0.157794,7.1715,7.6096,0.0,0.4381
1710,3,13,6,weather_driven,historically_calibrated,1.021869,0.173718,7.6437,7.9156,0.0,0.2718
1711,3,13,7,weather_driven,historically_calibrated,1.467586,0.24949,9.5778,9.7972,0.0,0.2194
1712,3,13,8,weather_driven,historically_calibrated,1.578994,0.268429,9.9972,10.1694,0.0181,0.1541
1713,3,13,9,weather_driven,historically_calibrated,1.545065,0.262661,9.8717,10.1136,0.1063,0.1356
1714,3,13,10,weather_driven,historically_calibrated,1.400762,0.23813,9.3155,9.6857,0.267,0.1032
1715,3,13,11,weather_driven,historically_calibrated,1.213177,0.20624,8.5306,9.0801,0.473,0.0764
1716,3,13,12,weather_driven,historically_calibrated,1.017562,0.172986,7.6226,8.3907,0.6324,0.1356
1717,3,13,13,weather_driven,historically_calibrated,0.920713,0.156521,7.1326,7.9858,0.6791,0.1741
1718,3,13,14,weather_driven,historically_calibrated,0.934068,0.158792,7.2019,7.9994,0.6234,0.1741
1719,3,13,15,weather_driven,historically_calibrated,1.00669,0.171137,7.569,8.2156,0.4925,0.1541
1720,3,13,16,weather_driven,historically_calibrated,1.203345,0.204569,8.4873,8.9277,0.3512,0.0892
1721,3,13,17,weather_driven,historically_calibrated,1.461305,0.248422,9.5535,9.8719,0.1827,0.1356
1722,3,13,18,weather_driven,historically_calibrated,1.727332,0.293646,10.524,10.7113,0.0687,0.1187
1723,3,13,19,weather_driven,historically_calibrated,2.002642,0.340449,11.4196,11.4357,0.0104,0.0057
1724,3,13,20,weather_driven,historically_calibrated,2.083785,0.354243,11.6659,11.6666,0.0,0.0007
1725,3,13,21,weather_driven,historically_calibrated,2.064718,0.351002,11.6087,11.6087,0.0,0.0
1726,3,13,22,weather_driven,historically_calibrated,1.950797,0.331635,11.2583,11.2583,0.0,0.0
1727,3,13,23,weather_driven,historically_calibrated,1.877611,0.319194,11.025,11.025,0.0,0.0
1728,3,13,24,weather_driven,historically_calibrated,1.303536,0.221601,8.9182,8.9182,0.0,0.0
1729,3,14,1,weather_driven,historically_calibrated,1.243355,0.21137,8.6621,8.6621,0.0,0.0
1730,3,14,2,weather_driven,historically_calibrated,1.263727,0.214834,8.7497,8.7497,0.0,0.0
1731,3,14,3,weather_driven,historically_calibrated,1.269097,0.215747,8.7726,8.7726,0.0,0.0
1732,3,14,4,weather_driven,historically_calibrated,1.265248,0.215092,8.7562,8.7562,0.0,0.0
1733,3,14,5,weather_driven,historically_calibrated,1.290029,0.219305,8.8614,8.8614,0.0,0.0
1734,3,14,6,weather_driven,historically_calibrated,1.341287,0.228019,9.0748,9.0748,0.0,0.0
1735,3,14,7,weather_driven,historically_calibrated,1.812705,0.30816,10.8124,10.8124,0.0,0.0
1736,3,14,8,weather_driven,historically_calibrated,1.843943,0.31347,10.9154,10.9375,0.022,0.0
1737,3,14,9,weather_driven,historically_calibrated,1.779095,0.302446,10.7001,10.7791,0.0791,0.0
1738,3,14,10,weather_driven,historically_calibrated,1.597602,0.271592,10.0652,10.2349,0.1698,0.0
1739,3,14,11,weather_driven,historically_calibrated,1.297573,0.220587,8.8932,9.1874,0.2942,0.0
1740,3,14,12,weather_driven,historically_calibrated,1.114055,0.189389,8.0832,8.4953,0.4121,0.0
1741,3,14,13,weather_driven,historically_calibrated,0.994586,0.16908,7.509,7.9341,0.4251,0.0
1742,3,14,14,weather_driven,historically_calibrated,0.967599,0.164492,7.3735,7.7908,0.4173,0.0
1743,3,14,15,weather_driven,historically_calibrated,1.008301,0.171411,7.577,7.9477,0.3707,0.0001
1744,3,14,16,weather_driven,historically_calibrated,1.126909,0.191575,8.1426,8.371,0.2281,0.0003
1745,3,14,17,weather_driven,historically_calibrated,1.286489,0.218703,8.8465,9.0027,0.1555,0.0007
1746,3,14,18,weather_driven,historically_calibrated,1.446637,0.245928,9.4965,9.5767,0.0778,0.0024
1747,3,14,19,weather_driven,historically_calibrated,1.605943,0.27301,10.0954,10.1071,0.0117,0.0
1748,3,14,20,weather_driven,historically_calibrated,1.677988,0.285258,10.3525,10.3528,0.0,0.0003
1749,3,14,21,weather_driven,historically_calibrated,1.70549,0.289933,10.4485,10.4499,0.0,0.0014
1750,3,14,22,weather_driven,historically_calibrated,1.678231,0.285299,10.3533,10.3682,0.0,0.0148
1751,3,14,23,weather_driven,historically_calibrated,1.61622,0.274757,10.1326,10.1702,0.0,0.0376
1752,3,14,24,weather_driven,historically_calibrated,1.162957,0.197703,8.307,8.3618,0.0,0.0548
1753,3,15,1,weather_driven,historically_calibrated,1.130862,0.192247,8.1608,8.2156,0.0,0.0548
1754,3,15,2,weather_driven,historically_calibrated,1.160915,0.197356,8.2978,8.3434,0.0,0.0457
1755,3,15,3,weather_driven,historically_calibrated,1.197845,0.203634,8.463,8.4875,0.0,0.0245
1756,3,15,4,weather_driven,historically_calibrated,1.246927,0.211978,8.6776,8.7152,0.0,0.0376
1757,3,15,5,weather_driven,historically_calibrated,1.298588,0.22076,8.8974,8.9866,0.0,0.0892
1758,3,15,6,weather_driven,historically_calibrated,1.411426,0.239942,9.358,9.4612,0.0,0.1032
1759,3,15,7,weather_driven,historically_calibrated,1.916766,0.32585,11.1507,11.2398,0.0,0.0892
1760,3,15,8,weather_driven,historically_calibrated,1.80109,0.306185,10.7737,10.8826,0.0324,0.0764
1761,3,15,9,weather_driven,historically_calibrated,1.618863,0.275207,10.1421,10.3354,0.1283,0.065
1762,3,15,10,weather_driven,historically_calibrated,1.295588,0.22025,8.8848,9.2464,0.2851,0.0764
1763,3,15,11,weather_driven,historically_calibrated,0.960254,0.163243,7.3362,7.9543,0.464,0.1541
1764,3,15,12,weather_driven,historically_calibrated,0.763907,0.129864,6.2708,7.1349,0.6195,0.2447
1765,3,15,13,weather_driven,historically_calibrated,0.742509,0.126227,6.1458,7.0546,0.6895,0.2194
1766,3,15,14,weather_driven,historically_calibrated,0.733143,0.124634,6.0904,7.1127,0.6571,0.3652
1767,3,15,15,weather_driven,historically_calibrated,0.804548,0.136773,6.503,7.3049,0.5301,0.2718
1768,3,15,16,weather_driven,historically_calibrated,0.893715,0.151932,6.9905,7.5916,0.3564,0.2447
1769,3,15,17,weather_driven,historically_calibrated,1.007494,0.171274,7.573,7.9017,0.1931,0.1356
1770,3,15,18,weather_driven,historically_calibrated,1.106431,0.188093,8.0477,8.1434,0.0765,0.0193
1771,3,15,19,weather_driven,historically_calibrated,1.163425,0.197782,8.3091,8.3558,0.0091,0.0376
1772,3,15,20,weather_driven,historically_calibrated,1.261733,0.214495,8.7412,8.8599,0.0,0.1187
1773,3,15,21,weather_driven,historically_calibrated,1.263239,0.214751,8.7476,8.9435,0.0,0.1959
1774,3,15,22,weather_driven,historically_calibrated,1.208511,0.205447,8.5101,8.7548,0.0,0.2447
1775,3,15,23,weather_driven,historically_calibrated,1.172298,0.199291,8.3491,8.6209,0.0,0.2718
1776,3,15,24,weather_driven,historically_calibrated,0.856114,0.145539,6.7885,7.1205,0.0,0.332
1777,3,16,1,weather_driven,historically_calibrated,0.836547,0.142213,6.6814,7.1194,0.0,0.4381
1778,3,16,2,weather_driven,historically_calibrated,0.874983,0.148747,6.8905,7.3684,0.0,0.4779
1779,3,16,3,weather_driven,historically_calibrated,0.901554,0.153264,7.032,7.5099,0.0,0.4779
1780,3,16,4,weather_driven,historically_calibrated,0.975182,0.165781,7.4118,7.8123,0.0,0.4005
1781,3,16,5,weather_driven,historically_calibrated,1.00984,0.171673,7.5846,7.9851,0.0,0.4005
1782,3,16,6,weather_driven,historically_calibrated,1.123204,0.190945,8.1255,8.3449,0.0,0.2194
1783,3,16,7,weather_driven,historically_calibrated,1.462191,0.248572,9.557,9.9575,0.0,0.4005
1784,3,16,8,weather_driven,historically_calibrated,1.289557,0.219225,8.8594,9.5659,0.0454,0.6611
1785,3,16,9,weather_driven,historically_calibrated,1.112242,0.189081,8.0748,9.0599,0.1594,0.8257
1786,3,16,10,weather_driven,historically_calibrated,0.861577,0.146468,6.8182,8.2578,0.2825,1.1571
1787,3,16,11,weather_driven,historically_calibrated,0.640782,0.108933,5.5237,7.3109,0.394,1.3932
1788,3,16,12,weather_driven,historically_calibrated,0.58872,0.100082,5.186,7.1349,0.4704,1.4784
1789,3,16,13,weather_driven,historically_calibrated,0.556397,0.094587,4.9691,7.0546,0.5184,1.5671
1790,3,16,14,weather_driven,historically_calibrated,0.550833,0.093642,4.9311,7.1127,0.5223,1.6593
1791,3,16,15,weather_driven,historically_calibrated,0.58107,0.098782,5.1352,7.3049,0.4147,1.755
1792,3,16,16,weather_driven,historically_calibrated,0.585891,0.099601,5.1673,7.5916,0.3603,2.0641
1793,3,16,17,weather_driven,historically_calibrated,0.718631,0.122167,6.004,7.9017,0.2385,1.6593
1794,3,16,18,weather_driven,historically_calibrated,0.779563,0.132526,6.361,8.1434,0.1231,1.6593
1795,3,16,19,weather_driven,historically_calibrated,0.996461,0.169398,7.5183,9.0201,0.0233,1.4784
1796,3,16,20,weather_driven,historically_calibrated,1.177451,0.200167,8.3722,9.457,0.0,1.0848
1797,3,16,21,weather_driven,historically_calibrated,1.091852,0.185615,7.9795,9.6388,0.0,1.6593
1798,3,16,22,weather_driven,historically_calibrated,1.293213,0.219846,8.8748,9.7006,0.0,0.8257
1799,3,16,23,weather_driven,historically_calibrated,1.213544,0.206302,8.5323,9.6894,0.0,1.1571
1800,3,16,24,weather_driven,historically_calibrated,0.853929,0.145168,6.7766,7.9338,0.0,1.1571
1801,3,17,1,weather_driven,historically_calibrated,0.722593,0.122841,6.0277,7.1848,0.0,1.1571
1802,3,17,2,weather_driven,historically_calibrated,0.786149,0.133645,6.3987,7.4143,0.0,1.0156
1803,3,17,3,weather_driven,historically_calibrated,0.810934,0.137859,6.5389,7.6961,0.0,1.1571
1804,3,17,4,weather_driven,historically_calibrated,0.855525,0.145439,6.7853,7.9424,0.0,1.1571
1805,3,17,5,weather_driven,historically_calibrated,0.922989,0.156908,7.1444,8.2293,0.0,1.0848
1806,3,17,6,weather_driven,historically_calibrated,1.04579,0.177784,7.7601,8.5858,0.0,0.8257
1807,3,17,7,weather_driven,historically_calibrated,1.448471,0.24624,9.5037,10.3898,0.0,0.8861
1808,3,17,8,weather_driven,historically_calibrated,1.472522,0.250329,9.5969,10.5167,0.0337,0.8861
1809,3,17,9,weather_driven,historically_calibrated,1.470471,0.24998,9.589,10.325,0.1244,0.6116
1810,3,17,10,weather_driven,historically_calibrated,1.150852,0.195645,8.2522,9.9214,0.276,1.3932
1811,3,17,11,weather_driven,historically_calibrated,0.871903,0.148223,6.8739,9.1922,0.464,1.8543
1812,3,17,12,weather_driven,historically_calibrated,0.711077,0.120883,5.9586,8.4415,0.6286,1.8543
1813,3,17,13,weather_driven,historically_calibrated,0.464963,0.079044,4.3221,7.9657,0.7219,2.9217
1814,3,17,14,weather_driven,historically_calibrated,0.342144,0.058164,3.3633,7.8873,0.7011,3.8229
1815,3,17,15,weather_driven,historically_calibrated,0.404267,0.068725,3.8624,8.1005,0.5767,3.6614
1816,3,17,16,weather_driven,historically_calibrated,0.52872,0.089882,4.7786,8.6745,0.3914,3.5045
1817,3,17,17,weather_driven,historically_calibrated,0.658779,0.111992,5.6373,9.5086,0.21,3.6614
1818,3,17,18,weather_driven,historically_calibrated,0.889376,0.151194,6.9675,10.4038,0.0842,3.3521
1819,3,17,19,weather_driven,historically_calibrated,1.150157,0.195527,8.249,11.1876,0.0168,2.9217
1820,3,17,20,weather_driven,historically_calibrated,1.116677,0.189835,8.0953,11.4475,0.0,3.3521
1821,3,17,21,weather_driven,historically_calibrated,1.155938,0.19651,8.2753,11.4795,0.0,3.2043
1822,3,17,22,weather_driven,historically_calibrated,1.22776,0.208719,8.5944,11.3813,0.0,2.7869
1823,3,17,23,weather_driven,historically_calibrated,1.291142,0.219494,8.8661,11.2735,0.0,2.4074
1824,3,17,24,weather_driven,historically_calibrated,0.690993,0.117469,5.8367,8.2441,0.0,2.4074
1825,3,18,1,weather_driven,historically_calibrated,0.947817,0.161129,7.2727,9.127,0.0,1.8543
1826,3,18,2,weather_driven,historically_calibrated,1.088725,0.185083,7.9648,9.3579,0.0,1.3932
1827,3,18,3,weather_driven,historically_calibrated,1.210016,0.205703,8.5167,9.5324,0.0,1.0156
1828,3,18,4,weather_driven,historically_calibrated,1.072274,0.182287,7.8869,8.7731,0.0,0.8861
1829,3,18,5,weather_driven,historically_calibrated,1.136725,0.193243,8.1877,9.0738,0.0,0.8861
1830,3,18,6,weather_driven,historically_calibrated,1.192468,0.20272,8.4392,9.4548,0.0,1.0156
1831,3,18,7,weather_driven,historically_calibrated,1.687582,0.286889,10.3861,11.6187,0.0,1.2326
1832,3,18,8,weather_driven,historically_calibrated,1.592408,0.270709,10.0462,11.4757,0.0363,1.3932
1833,3,18,9,weather_driven,historically_calibrated,1.389892,0.236282,9.2721,10.9882,0.149,1.5671
1834,3,18,10,weather_driven,historically_calibrated,1.335329,0.227006,9.0503,11.2351,0.3305,1.8543
1835,3,18,11,weather_driven,historically_calibrated,1.036317,0.176174,7.7142,10.4253,0.5365,2.1746
1836,3,18,12,weather_driven,historically_calibrated,0.788824,0.1341,6.414,9.6449,0.7011,2.5298
1837,3,18,13,weather_driven,historically_calibrated,0.629369,0.106993,5.4509,9.0128,0.775,2.7869
1838,3,18,14,weather_driven,historically_calibrated,0.650468,0.110579,5.585,8.8471,0.7322,2.5298
1839,3,18,15,weather_driven,historically_calibrated,0.687861,0.116936,5.8175,8.9383,0.591,2.5298
1840,3,18,16,weather_driven,historically_calibrated,0.798069,0.135672,6.4664,9.3915,0.3953,2.5298
1841,3,18,17,weather_driven,historically_calibrated,1.023548,0.174003,7.6519,10.1483,0.2074,2.289
1842,3,18,18,weather_driven,historically_calibrated,1.252042,0.212847,8.6996,10.9533,0.0791,2.1746
1843,3,18,19,weather_driven,historically_calibrated,1.532781,0.260573,9.8258,11.7987,0.0156,1.9573
1844,3,18,20,weather_driven,historically_calibrated,1.576426,0.267992,9.9877,12.0518,0.0,2.0641
1845,3,18,21,weather_driven,historically_calibrated,1.636159,0.278147,10.2042,11.9592,0.0,1.755
1846,3,18,22,weather_driven,historically_calibrated,1.714448,0.291456,10.4795,11.7908,0.0,1.3112
1847,3,18,23,weather_driven,historically_calibrated,1.394848,0.237124,9.2919,10.2413,0.0,0.9494
1848,3,18,24,weather_driven,historically_calibrated,1.016064,0.172731,7.6152,8.441,0.0,0.8257
1849,3,19,1,weather_driven,historically_calibrated,1.434991,0.243948,9.451,10.1643,0.0,0.7133
1850,3,19,2,weather_driven,historically_calibrated,1.516138,0.257743,9.7632,10.3748,0.0,0.6116
1851,3,19,3,weather_driven,historically_calibrated,1.288167,0.218988,8.8536,9.4651,0.0,0.6116
1852,3,19,4,weather_driven,historically_calibrated,1.366224,0.232258,9.1766,9.7411,0.0,0.5645
1853,3,19,5,weather_driven,historically_calibrated,1.438633,0.244568,9.4652,10.0298,0.0,0.5645
1854,3,19,6,weather_driven,historically_calibrated,1.536885,0.26127,9.8412,10.4058,0.0,0.5645
1855,3,19,7,weather_driven,historically_calibrated,2.303637,0.391618,12.2978,12.7359,0.0,0.4381
1856,3,19,8,weather_driven,historically_calibrated,2.112124,0.359061,11.7501,12.309,0.0389,0.52
1857,3,19,9,weather_driven,historically_calibrated,2.229683,0.379046,12.0907,12.7202,0.1516,0.4779
1858,3,19,10,weather_driven,historically_calibrated,1.81742,0.308961,10.828,11.7727,0.3331,0.6116
1859,3,19,11,weather_driven,historically_calibrated,1.444906,0.245634,9.4898,10.7958,0.5378,0.7682
1860,3,19,12,weather_driven,historically_calibrated,1.216078,0.206733,8.5434,10.0127,0.7011,0.7682
1861,3,19,13,weather_driven,historically_calibrated,1.030697,0.175219,7.6869,9.2274,0.7724,0.7682
1862,3,19,14,weather_driven,historically_calibrated,1.022734,0.173865,7.648,8.9905,0.7309,0.6116
1863,3,19,15,weather_driven,historically_calibrated,1.078921,0.183417,7.9185,9.0727,0.5897,0.5645
1864,3,19,16,weather_driven,historically_calibrated,1.266403,0.215289,8.7611,9.5958,0.3966,0.4381
1865,3,19,17,weather_driven,historically_calibrated,1.57113,0.267092,9.9683,10.4513,0.2112,0.2718
1866,3,19,18,weather_driven,historically_calibrated,1.954059,0.33219,11.2686,11.428,0.0829,0.0764
1867,3,19,19,weather_driven,historically_calibrated,2.297409,0.39056,12.2806,12.4019,0.0181,0.1032
1868,3,19,20,weather_driven,historically_calibrated,2.447651,0.416101,12.6867,12.7415,0.0,0.0548
1869,3,19,21,weather_driven,historically_calibrated,2.448981,0.416327,12.6902,12.7095,0.0,0.0193
1870,3,19,22,weather_driven,historically_calibrated,2.405303,0.408902,12.5743,12.5935,0.0,0.0193
1871,3,19,23,weather_driven,historically_calibrated,2.399792,0.407965,12.5595,12.5744,0.0,0.0148
1872,3,19,24,weather_driven,historically_calibrated,1.375453,0.233827,9.214,9.2178,0.0,0.0038
1873,3,20,1,weather_driven,historically_calibrated,1.634736,0.277905,10.1992,10.2049,0.0,0.0057
1874,3,20,2,weather_driven,historically_calibrated,1.705328,0.289906,10.4479,10.4561,0.0,0.0081
1875,3,20,3,weather_driven,historically_calibrated,1.458891,0.248011,9.5442,9.5466,0.0,0.0024
1876,3,20,4,weather_driven,historically_calibrated,1.510104,0.256718,9.7404,9.7411,0.0,0.0007
1877,3,20,5,weather_driven,historically_calibrated,1.565095,0.266066,9.946,9.9463,0.0,0.0003
1878,3,20,6,weather_driven,historically_calibrated,1.632398,0.277508,10.1908,10.1911,0.0,0.0003
1879,3,20,7,weather_driven,historically_calibrated,2.345908,0.398804,12.4139,12.4153,0.0,0.0014
1880,3,20,8,weather_driven,historically_calibrated,2.44876,0.416289,12.6896,12.7479,0.0544,0.0038
1881,3,20,9,weather_driven,historically_calibrated,2.21403,0.376385,12.0461,12.221,0.1711,0.0038
1882,3,20,10,weather_driven,historically_calibrated,1.867581,0.317489,10.9925,11.3333,0.337,0.0038
1883,3,20,11,weather_driven,historically_calibrated,1.538146,0.261485,9.8459,10.3668,0.5171,0.0038
1884,3,20,12,weather_driven,historically_calibrated,1.282374,0.218004,8.8291,9.4894,0.6597,0.0007
1885,3,20,13,weather_driven,historically_calibrated,1.11559,0.18965,8.0903,8.8136,0.7232,0.0001
1886,3,20,14,weather_driven,historically_calibrated,1.071326,0.182125,7.8824,8.5732,0.6908,0.0
1887,3,20,15,weather_driven,historically_calibrated,1.11178,0.189003,8.0726,8.6441,0.5715,0.0
1888,3,20,16,weather_driven,historically_calibrated,1.237916,0.210446,8.6386,9.0391,0.4005,0.0
1889,3,20,17,weather_driven,historically_calibrated,1.467622,0.249496,9.578,9.8139,0.2359,0.0001
1890,3,20,18,weather_driven,historically_calibrated,1.783665,0.303223,10.7154,10.8308,0.1153,0.0
1891,3,20,19,weather_driven,historically_calibrated,2.078503,0.353345,11.6501,11.6773,0.0272,0.0
1892,3,20,20,weather_driven,historically_calibrated,2.227539,0.378682,12.0846,12.0846,0.0,0.0
1893,3,20,21,weather_driven,historically_calibrated,2.264209,0.384916,12.188,12.188,0.0,0.0
1894,3,20,22,weather_driven,historically_calibrated,2.191482,0.372552,11.9816,11.9816,0.0,0.0
1895,3,20,23,weather_driven,historically_calibrated,2.138034,0.363466,11.8264,11.8264,0.0,0.0
1896,3,20,24,weather_driven,historically_calibrated,1.507719,0.256312,9.7314,9.7314,0.0,0.0
1897,3,21,1,weather_driven,historically_calibrated,1.451301,0.246721,9.5147,9.5147,0.0,0.0
1898,3,21,2,weather_driven,historically_calibrated,1.495289,0.254199,9.6841,9.6841,0.0,0.0
1899,3,21,3,weather_driven,historically_calibrated,1.534353,0.26084,9.8317,9.8317,0.0,0.0
1900,3,21,4,weather_driven,historically_calibrated,1.587502,0.269875,10.0283,10.0284,0.0,0.0001
1901,3,21,5,weather_driven,historically_calibrated,1.657455,0.281767,10.2801,10.2801,0.0,0.0001
1902,3,21,6,weather_driven,historically_calibrated,1.742858,0.296286,10.5772,10.5775,0.0,0.0003
1903,3,21,7,weather_driven,historically_calibrated,2.425329,0.412306,12.6276,12.629,0.0013,0.0001
1904,3,21,8,weather_driven,historically_calibrated,2.289902,0.389283,12.2598,12.309,0.0492,0.0
1905,3,21,9,weather_driven,historically_calibrated,1.928688,0.327877,11.1885,11.3337,0.1452,0.0
1906,3,21,10,weather_driven,historically_calibrated,1.638538,0.278552,10.2127,10.5095,0.2968,0.0
1907,3,21,11,weather_driven,historically_calibrated,1.297719,0.220612,8.8938,9.4018,0.508,0.0
1908,3,21,12,weather_driven,historically_calibrated,1.057188,0.179722,7.8149,8.4953,0.6804,0.0
1909,3,21,13,weather_driven,historically_calibrated,0.911945,0.155031,7.0867,7.8306,0.7439,0.0
1910,3,21,14,weather_driven,historically_calibrated,0.853233,0.14505,6.7728,7.4778,0.705,0.0
1911,3,21,15,weather_driven,historically_calibrated,0.883714,0.150231,6.9373,7.5192,0.5819,0.0
1912,3,21,16,weather_driven,historically_calibrated,0.964063,0.163891,7.3556,7.7586,0.4031,0.0
1913,3,21,17,weather_driven,historically_calibrated,1.17529,0.199799,8.3625,8.5971,0.2346,0.0
1914,3,21,18,weather_driven,historically_calibrated,1.515603,0.257653,9.7612,9.8753,0.114,0.0
1915,3,21,19,weather_driven,historically_calibrated,1.773886,0.301561,10.6825,10.711,0.0285,0.0
1916,3,21,20,weather_driven,historically_calibrated,1.891367,0.321532,11.0694,11.0694,0.0,0.0
1917,3,21,21,weather_driven,historically_calibrated,1.915035,0.325556,11.1452,11.1452,0.0,0.0
1918,3,21,22,weather_driven,historically_calibrated,1.86377,0.316841,10.9802,10.9802,0.0,0.0
1919,3,21,23,weather_driven,historically_calibrated,1.844785,0.313613,10.9182,10.9182,0.0,0.0
1920,3,21,24,weather_driven,historically_calibrated,1.303536,0.221601,8.9182,8.9182,0.0,0.0
1921,3,22,1,weather_driven,historically_calibrated,1.233986,0.209778,8.6215,8.6215,0.0,0.0
1922,3,22,2,weather_driven,historically_calibrated,1.254249,0.213222,8.7091,8.7091,0.0,0.0
1923,3,22,3,weather_driven,historically_calibrated,1.307695,0.222308,8.9356,8.9356,0.0,0.0
1924,3,22,4,weather_driven,historically_calibrated,1.353685,0.230126,9.1256,9.1256,0.0,0.0
1925,3,22,5,weather_driven,historically_calibrated,1.412475,0.240121,9.3621,9.3621,0.0,0.0
1926,3,22,6,weather_driven,historically_calibrated,1.493118,0.25383,9.6759,9.6759,0.0,0.0
1927,3,22,7,weather_driven,historically_calibrated,1.978657,0.336372,11.3454,11.3467,0.0013,0.0
1928,3,22,8,weather_driven,historically_calibrated,1.780705,0.30272,10.7055,10.7729,0.0674,0.0
1929,3,22,9,weather_driven,historically_calibrated,1.484919,0.252436,9.6445,9.8363,0.1918,0.0
1930,3,22,10,weather_driven,historically_calibrated,1.226507,0.208506,8.589,8.9169,0.3279,0.0
1931,3,22,11,weather_driven,historically_calibrated,1.056845,0.179664,7.8133,8.2759,0.4627,0.0
1932,3,22,12,weather_driven,historically_calibrated,0.92517,0.157279,7.1558,7.7105,0.5547,0.0
1933,3,22,13,weather_driven,historically_calibrated,0.804207,0.136715,6.5011,7.1063,0.6052,0.0
1934,3,22,14,weather_driven,historically_calibrated,0.808335,0.137417,6.5243,7.1127,0.5884,0.0
1935,3,22,15,weather_driven,historically_calibrated,0.853844,0.145154,6.7761,7.3049,0.5288,0.0
1936,3,22,16,weather_driven,historically_calibrated,0.930233,0.15814,7.1821,7.5916,0.4095,0.0
1937,3,22,17,weather_driven,historically_calibrated,1.054791,0.179314,7.8034,8.0756,0.2722,0.0
1938,3,22,18,weather_driven,historically_calibrated,1.341538,0.228061,9.0758,9.2184,0.1426,0.0
1939,3,22,19,weather_driven,historically_calibrated,1.550928,0.263658,9.8936,9.926,0.0324,0.0
1940,3,22,20,weather_driven,historically_calibrated,1.661132,0.282392,10.2931,10.2931,0.0,0.0
1941,3,22,21,weather_driven,historically_calibrated,1.672738,0.284365,10.334,10.334,0.0,0.0
1942,3,22,22,weather_driven,historically_calibrated,1.635329,0.278006,10.2013,10.2013,0.0,0.0
1943,3,22,23,weather_driven,historically_calibrated,1.58248,0.269022,10.01,10.01,0.0,0.0
1944,3,22,24,weather_driven,historically_calibrated,1.146719,0.194942,8.2334,8.2334,0.0,0.0
1945,3,23,1,weather_driven,historically_calibrated,1.12512,0.19127,8.1344,8.1344,0.0,0.0
1946,3,23,2,weather_driven,historically_calibrated,1.189212,0.202166,8.4247,8.4247,0.0,0.0
1947,3,23,3,weather_driven,historically_calibrated,1.221924,0.207727,8.569,8.569,0.0,0.0
1948,3,23,4,weather_driven,historically_calibrated,1.294282,0.220028,8.8793,8.8793,0.0,0.0
1949,3,23,5,weather_driven,historically_calibrated,1.381154,0.234796,9.237,9.237,0.0,0.0
1950,3,23,6,weather_driven,historically_calibrated,1.481898,0.251923,9.6329,9.6329,0.0,0.0
1951,3,23,7,weather_driven,historically_calibrated,1.961527,0.33346,11.292,11.2933,0.0013,0.0
1952,3,23,8,weather_driven,historically_calibrated,1.785334,0.303507,10.721,10.7729,0.0518,0.0
1953,3,23,9,weather_driven,historically_calibrated,1.549885,0.26348,9.8897,10.0582,0.1685,0.0
1954,3,23,10,weather_driven,historically_calibrated,1.247351,0.21205,8.6794,9.0267,0.3473,0.0
1955,3,23,11,weather_driven,historically_calibrated,0.964723,0.164003,7.3589,7.9006,0.5417,0.0
1956,3,23,12,weather_driven,historically_calibrated,0.79345,0.134887,6.4403,7.1349,0.6947,0.0
1957,3,23,13,weather_driven,historically_calibrated,0.769017,0.130733,6.3003,7.0546,0.7543,0.0
1958,3,23,14,weather_driven,historically_calibrated,0.791141,0.134494,6.4271,7.1127,0.6856,0.0
1959,3,23,15,weather_driven,historically_calibrated,0.850518,0.144588,6.758,7.3049,0.5469,0.0
1960,3,23,16,weather_driven,historically_calibrated,0.933738,0.158735,7.2002,7.5916,0.3914,0.0
1961,3,23,17,weather_driven,historically_calibrated,1.030111,0.175119,7.684,7.9017,0.2177,0.0
1962,3,23,18,weather_driven,historically_calibrated,1.104169,0.187709,8.0372,8.1434,0.1063,0.0
1963,3,23,19,weather_driven,historically_calibrated,1.322391,0.224806,8.9968,9.0201,0.0233,0.0
1964,3,23,20,weather_driven,historically_calibrated,1.467231,0.249429,9.5765,9.5765,0.0,0.0
1965,3,23,21,weather_driven,historically_calibrated,1.529246,0.259972,9.8126,9.8126,0.0,0.0
1966,3,23,22,weather_driven,historically_calibrated,1.529045,0.259938,9.8118,9.8118,0.0,0.0
1967,3,23,23,weather_driven,historically_calibrated,1.482692,0.252058,9.636,9.636,0.0,0.0
1968,3,23,24,weather_driven,historically_calibrated,1.08215,0.183966,7.9338,7.9338,0.0,0.0
1969,3,24,1,weather_driven,historically_calibrated,0.937988,0.159458,7.2222,7.2222,0.0,0.0
1970,3,24,2,weather_driven,historically_calibrated,0.968282,0.164608,7.3769,7.3769,0.0,0.0
1971,3,24,3,weather_driven,historically_calibrated,1.002071,0.170352,7.5462,7.5462,0.0,0.0
1972,3,24,4,weather_driven,historically_calibrated,1.044468,0.17756,7.7537,7.7537,0.0,0.0
1973,3,24,5,weather_driven,historically_calibrated,1.095997,0.186319,7.9989,7.9989,0.0,0.0
1974,3,24,6,weather_driven,historically_calibrated,1.154735,0.196305,8.2698,8.2698,0.0,0.0
1975,3,24,7,weather_driven,historically_calibrated,1.499196,0.254863,9.699,9.7016,0.0026,0.0
1976,3,24,8,weather_driven,historically_calibrated,1.421326,0.241625,9.3972,9.4568,0.0596,0.0
1977,3,24,9,weather_driven,historically_calibrated,1.187385,0.201856,8.4166,8.5902,0.1737,0.0
1978,3,24,10,weather_driven,historically_calibrated,0.926828,0.157561,7.1644,7.4962,0.3318,0.0
1979,3,24,11,weather_driven,historically_calibrated,0.754389,0.128246,6.2154,6.726,0.5106,0.0
1980,3,24,12,weather_driven,historically_calibrated,0.706617,0.120125,5.9317,6.5641,0.6324,0.0
1981,3,24,13,weather_driven,historically_calibrated,0.681758,0.115899,5.78,6.4902,0.7102,0.0
1982,3,24,14,weather_driven,historically_calibrated,0.695564,0.118246,5.8646,6.5437,0.6791,0.0
1983,3,24,15,weather_driven,historically_calibrated,0.745261,0.126694,6.1619,6.7205,0.5586,0.0
1984,3,24,16,weather_driven,historically_calibrated,0.818957,0.139223,6.5838,6.9843,0.4005,0.0
1985,3,24,17,weather_driven,historically_calibrated,0.903101,0.153527,7.0402,7.2696,0.2294,0.0
1986,3,24,18,weather_driven,historically_calibrated,0.970268,0.164946,7.387,7.492,0.105,0.0
1987,3,24,19,weather_driven,historically_calibrated,1.002119,0.17036,7.5464,7.5762,0.0298,0.0
1988,3,24,20,weather_driven,historically_calibrated,1.105031,0.187855,8.0412,8.0412,0.0,0.0
1989,3,24,21,weather_driven,historically_calibrated,1.14555,0.194744,8.228,8.228,0.0,0.0
1990,3,24,22,weather_driven,historically_calibrated,1.163691,0.197827,8.3103,8.3103,0.0,0.0
1991,3,24,23,weather_driven,historically_calibrated,1.166821,0.19836,8.3244,8.3244,0.0,0.0
1992,3,24,24,weather_driven,historically_calibrated,0.877735,0.149215,6.9053,6.9053,0.0,0.0
1993,3,25,1,weather_driven,historically_calibrated,0.867213,0.147426,6.8487,6.8487,0.0,0.0
1994,3,25,2,weather_driven,historically_calibrated,0.896098,0.152337,7.0032,7.0032,0.0,0.0
1995,3,25,3,weather_driven,historically_calibrated,0.928182,0.157791,7.1714,7.1714,0.0,0.0
1996,3,25,4,weather_driven,historically_calibrated,0.953268,0.162056,7.3006,7.3006,0.0,0.0
1997,3,25,5,weather_driven,historically_calibrated,1.016023,0.172724,7.615,7.615,0.0,0.0
1998,3,25,6,weather_driven,historically_calibrated,1.07804,0.183267,7.9143,7.9143,0.0,0.0
1999,3,25,7,weather_driven,historically_calibrated,1.386043,0.235627,9.2566,9.2592,0.0026,0.0
2000,3,25,8,weather_driven,historically_calibrated,1.11526,0.189594,8.0888,8.1445,0.0557,0.0
2001,3,25,9,weather_driven,historically_calibrated,0.883889,0.150261,6.9382,7.1106,0.1724,0.0
2002,3,25,10,weather_driven,historically_calibrated,0.809036,0.137536,6.5283,6.8899,0.3616,0.0
2003,3,25,11,weather_driven,historically_calibrated,0.745536,0.126741,6.1636,6.726,0.5625,0.0
2004,3,25,12,weather_driven,historically_calibrated,0.692112,0.117659,5.8435,6.5641,0.7206,0.0
2005,3,25,13,weather_driven,historically_calibrated,0.669383,0.113795,5.7035,6.4902,0.7867,0.0001
2006,3,25,14,weather_driven,historically_calibrated,0.685378,0.116514,5.8023,6.5437,0.74,0.0014
2007,3,25,15,weather_driven,historically_calibrated,0.737374,0.125354,6.1155,6.7205,0.6026,0.0024
2008,3,25,16,weather_driven,historically_calibrated,0.814719,0.138502,6.5601,6.9843,0.416,0.0081
2009,3,25,17,weather_driven,historically_calibrated,0.899699,0.152949,7.0222,7.2696,0.2281,0.0193
2010,3,25,18,weather_driven,historically_calibrated,0.969641,0.164839,7.3838,7.492,0.0933,0.0148
2011,3,25,19,weather_driven,historically_calibrated,1.003146,0.170535,7.5515,7.5762,0.0233,0.0014
2012,3,25,20,weather_driven,historically_calibrated,1.035279,0.175997,7.7091,7.7116,0.0,0.0024
2013,3,25,21,weather_driven,historically_calibrated,1.098169,0.186689,8.0091,8.0148,0.0,0.0057
2014,3,25,22,weather_driven,historically_calibrated,1.113608,0.189313,8.0811,8.1056,0.0,0.0245
2015,3,25,23,weather_driven,historically_calibrated,1.126205,0.191455,8.1394,8.177,0.0,0.0376
2016,3,25,24,weather_driven,historically_calibrated,0.861962,0.146534,6.8203,6.8659,0.0,0.0457
2017,3,26,1,weather_driven,historically_calibrated,0.976771,0.166051,7.4198,7.4848,0.0,0.065
2018,3,26,2,weather_driven,historically_calibrated,1.024699,0.174199,7.6576,7.734,0.0,0.0764
2019,3,26,3,weather_driven,historically_calibrated,1.058742,0.179986,7.8224,7.958,0.0,0.1356
2020,3,26,4,weather_driven,historically_calibrated,1.096934,0.186479,8.0033,8.2227,0.0,0.2194
2021,3,26,5,weather_driven,historically_calibrated,1.157631,0.196797,8.2829,8.5276,0.0,0.2447
2022,3,26,6,weather_driven,historically_calibrated,1.203187,0.204542,8.4866,8.7313,0.0,0.2447
2023,3,26,7,weather_driven,historically_calibrated,1.587833,0.269932,10.0295,10.2781,0.0039,0.2447
2024,3,26,8,weather_driven,historically_calibrated,1.424167,0.242108,9.4084,9.6208,0.0583,0.1541
2025,3,26,9,weather_driven,historically_calibrated,1.220394,0.207467,8.5623,8.8381,0.1866,0.0892
2026,3,26,10,weather_driven,historically_calibrated,0.894351,0.15204,6.9939,7.5439,0.3758,0.1741
2027,3,26,11,weather_driven,historically_calibrated,0.809895,0.137682,6.5331,7.3109,0.5819,0.1959
2028,3,26,12,weather_driven,historically_calibrated,0.761483,0.129452,6.2567,7.1349,0.7426,0.1356
2029,3,26,13,weather_driven,historically_calibrated,0.741767,0.1261,6.1414,7.0546,0.81,0.1032
2030,3,26,14,weather_driven,historically_calibrated,0.763833,0.129852,6.2703,7.1127,0.7659,0.0764
2031,3,26,15,weather_driven,historically_calibrated,0.826914,0.140575,6.6281,7.3049,0.6221,0.0548
2032,3,26,16,weather_driven,historically_calibrated,0.919761,0.156359,7.1276,7.5916,0.4264,0.0376
2033,3,26,17,weather_driven,historically_calibrated,1.020407,0.173469,7.6366,7.9017,0.2346,0.0306
2034,3,26,18,weather_driven,historically_calibrated,1.104372,0.187743,8.0381,8.1434,0.0972,0.0081
2035,3,26,19,weather_driven,historically_calibrated,1.141247,0.194012,8.2084,8.235,0.0259,0.0007
2036,3,26,20,weather_driven,historically_calibrated,1.179512,0.200517,8.3814,8.3821,0.0,0.0007
2037,3,26,21,weather_driven,historically_calibrated,1.241112,0.210989,8.6524,8.6538,0.0,0.0014
2038,3,26,22,weather_driven,historically_calibrated,1.264351,0.21494,8.7524,8.7548,0.0,0.0024
2039,3,26,23,weather_driven,historically_calibrated,1.245292,0.2117,8.6705,8.6743,0.0,0.0038
2040,3,26,24,weather_driven,historically_calibrated,0.926487,0.157503,7.1626,7.1633,0.0,0.0007
2041,3,27,1,weather_driven,historically_calibrated,0.910423,0.154772,7.0787,7.0788,0.0,0.0001
2042,3,27,2,weather_driven,historically_calibrated,0.942441,0.160215,7.2451,7.2465,0.0,0.0014
2043,3,27,3,weather_driven,historically_calibrated,0.977725,0.166213,7.4246,7.4284,0.0,0.0038
2044,3,27,4,weather_driven,historically_calibrated,1.004938,0.17084,7.5604,7.5661,0.0,0.0057
2045,3,27,5,weather_driven,historically_calibrated,1.037872,0.176438,7.7217,7.7765,0.0,0.0548
2046,3,27,6,weather_driven,historically_calibrated,1.082715,0.184062,7.9364,8.0014,0.0,0.065
2047,3,27,7,weather_driven,historically_calibrated,1.360787,0.231334,9.1545,9.2629,0.0052,0.1032
2048,3,27,8,weather_driven,historically_calibrated,1.087959,0.184953,7.9612,8.2492,0.0687,0.2194
2049,3,27,9,weather_driven,historically_calibrated,0.882605,0.150043,6.9314,7.5625,0.1931,0.4381
2050,3,27,10,weather_driven,historically_calibrated,0.778348,0.132319,6.3541,7.489,0.3668,0.7682
2051,3,27,11,weather_driven,historically_calibrated,0.617139,0.104914,5.3721,7.3109,0.5456,1.3932
2052,3,27,12,weather_driven,historically_calibrated,0.460949,0.078361,4.2925,7.1349,0.5534,2.289
2053,3,27,13,weather_driven,historically_calibrated,0.228944,0.03892,2.367,7.0546,0.6985,3.9891
2054,3,27,14,weather_driven,historically_calibrated,-0.02148,-0.003652,-0.3981,7.1127,0.6661,6.8447
2055,3,27,15,weather_driven,historically_calibrated,-0.067485,-0.011472,-1.0266,7.3049,0.4743,7.8572
2056,3,27,16,weather_driven,historically_calibrated,-0.054142,-0.009204,-0.8393,7.5916,0.3059,8.125
2057,3,27,17,weather_driven,historically_calibrated,-0.018923,-0.003217,-0.3645,7.9017,0.1413,8.125
2058,3,27,18,weather_driven,historically_calibrated,0.006889,0.001171,-0.0334,8.1434,0.0518,8.125
2059,3,27,19,weather_driven,historically_calibrated,0.037492,0.006374,0.3425,8.4766,0.0091,8.125
2060,3,27,20,weather_driven,historically_calibrated,0.092164,0.015668,0.9737,9.0987,0.0,8.125
2061,3,27,21,weather_driven,historically_calibrated,0.187587,0.03189,1.9703,9.0594,0.0,7.0891
2062,3,27,22,weather_driven,historically_calibrated,0.211759,0.035999,2.2045,8.8104,0.0,6.6059
2063,3,27,23,weather_driven,historically_calibrated,0.128859,0.021906,1.3715,8.4606,0.0,7.0891
2064,3,27,24,weather_driven,historically_calibrated,-0.02411,-0.004099,-0.4328,6.9065,0.0,7.3393
2065,3,28,1,weather_driven,historically_calibrated,0.277498,0.047175,2.8094,6.6322,0.0,3.8229
2066,3,28,2,weather_driven,historically_calibrated,0.342491,0.058223,3.3662,6.7183,0.0,3.3521
2067,3,28,3,weather_driven,historically_calibrated,0.36659,0.06232,3.5634,7.2247,0.0,3.6614
2068,3,28,4,weather_driven,historically_calibrated,0.236901,0.040273,2.4412,7.7302,0.0,5.2891
2069,3,28,5,weather_driven,historically_calibrated,0.019853,0.003375,0.128,7.9851,0.0,7.8572
2070,3,28,6,weather_driven,historically_calibrated,0.020345,0.003459,0.134,8.259,0.0,8.125
2071,3,28,7,weather_driven,historically_calibrated,0.357008,0.060691,3.4856,10.3315,0.0013,6.8447
2072,3,28,8,weather_driven,historically_calibrated,0.480695,0.081718,4.4371,10.6083,0.0259,6.1452
2073,3,28,9,weather_driven,historically_calibrated,0.167473,0.02847,1.7701,10.0027,0.1076,8.125
2074,3,28,10,weather_driven,historically_calibrated,0.125899,0.021403,1.3401,9.4111,0.2138,7.8572
2075,3,28,11,weather_driven,historically_calibrated,0.205915,0.035006,2.1485,8.7585,0.2372,6.3728
2076,3,28,12,weather_driven,historically_calibrated,0.216706,0.03684,2.2516,8.129,0.3823,5.4951
2077,3,28,13,weather_driven,historically_calibrated,0.310152,0.052726,3.0939,7.8306,0.5767,4.16
2078,3,28,14,weather_driven,historically_calibrated,0.384261,0.065324,3.705,7.8951,0.5288,3.6614
2079,3,28,15,weather_driven,historically_calibrated,0.614828,0.104521,5.3571,7.9477,0.416,2.1746
2080,3,28,16,weather_driven,historically_calibrated,0.671909,0.114225,5.7192,8.5937,0.3447,2.5298
2081,3,28,17,weather_driven,historically_calibrated,0.862446,0.146616,6.8229,9.3504,0.2385,2.289
2082,3,28,18,weather_driven,historically_calibrated,1.180333,0.200657,8.3851,9.8156,0.1192,1.3112
2083,3,28,19,weather_driven,historically_calibrated,1.320729,0.224524,8.9899,10.1071,0.0324,1.0848
2084,3,28,20,weather_driven,historically_calibrated,1.174492,0.199664,8.3589,10.1139,0.0,1.755
2085,3,28,21,weather_driven,historically_calibrated,1.412923,0.240197,9.3639,9.9285,0.0,0.5645
2086,3,28,22,weather_driven,historically_calibrated,1.61825,0.275102,10.1399,10.1456,0.0,0.0057
2087,3,28,23,weather_driven,historically_calibrated,1.656616,0.281625,10.2771,10.2771,0.0,0.0
2088,3,28,24,weather_driven,historically_calibrated,1.156138,0.196543,8.2762,8.2762,0.0,0.0
2089,3,29,1,weather_driven,historically_calibrated,1.063363,0.180772,7.8445,7.8502,0.0,0.0057
2090,3,29,2,weather_driven,historically_calibrated,1.045886,0.177801,7.7605,7.8153,0.0,0.0548
2091,3,29,3,weather_driven,historically_calibrated,0.619538,0.105321,5.3876,7.795,0.0,2.4074
2092,3,29,4,weather_driven,historically_calibrated,0.017096,0.002906,0.0939,7.6892,0.0,7.5953
2093,3,29,5,weather_driven,historically_calibrated,0.142979,0.024306,1.5195,7.4427,0.0,5.9231
2094,3,29,6,weather_driven,historically_calibrated,0.265067,0.045061,2.6984,7.4003,0.0,4.702
2095,3,29,7,weather_driven,historically_calibrated,0.586409,0.09969,5.1707,8.6752,0.0,3.5045
2096,3,29,8,weather_driven,historically_calibrated,0.734905,0.124934,6.1009,8.6333,0.0026,2.5298
2097,3,29,9,weather_driven,historically_calibrated,0.828243,0.140801,6.6354,8.5053,0.0156,1.8543
2098,3,29,10,weather_driven,historically_calibrated,0.764587,0.12998,6.2747,7.9832,0.0492,1.6593
2099,3,29,11,weather_driven,historically_calibrated,0.544969,0.092645,4.891,7.3109,0.1309,2.289
2100,3,29,12,weather_driven,historically_calibrated,0.469614,0.079834,4.3563,7.1349,0.2488,2.5298
2101,3,29,13,weather_driven,historically_calibrated,0.341469,0.05805,3.3577,7.0546,0.3447,3.3521
2102,3,29,14,weather_driven,historically_calibrated,0.422319,0.071794,4.0018,7.1127,0.324,2.7869
2103,3,29,15,weather_driven,historically_calibrated,0.470426,0.079972,4.3622,7.3049,0.2864,2.6563
2104,3,29,16,weather_driven,historically_calibrated,0.59701,0.101492,5.2407,7.5916,0.1763,2.1746
2105,3,29,17,weather_driven,historically_calibrated,0.71953,0.12232,6.0093,7.9017,0.1374,1.755
2106,3,29,18,weather_driven,historically_calibrated,0.879308,0.149482,6.9137,8.1434,0.0726,1.1571
2107,3,29,19,weather_driven,historically_calibrated,0.982271,0.166986,7.4474,8.235,0.0194,0.7682
2108,3,29,20,weather_driven,historically_calibrated,0.967918,0.164546,7.3751,8.1433,0.0,0.7682
2109,3,29,21,weather_driven,historically_calibrated,1.024075,0.174093,7.6545,8.1324,0.0,0.4779
2110,3,29,22,weather_driven,historically_calibrated,0.995099,0.169167,7.5115,8.0315,0.0,0.52
2111,3,29,23,weather_driven,historically_calibrated,0.925913,0.157405,7.1596,7.8729,0.0,0.7133
2112,3,29,24,weather_driven,historically_calibrated,0.703375,0.119574,5.9121,6.3501,0.0,0.4381
2113,3,30,1,weather_driven,historically_calibrated,0.705567,0.119946,5.9253,6.2263,0.0,0.3009
2114,3,30,2,weather_driven,historically_calibrated,0.660955,0.112362,5.6509,6.3121,0.0,0.6611
2115,3,30,3,weather_driven,historically_calibrated,0.557507,0.094776,4.9766,6.2879,0.0,1.3112
2116,3,30,4,weather_driven,historically_calibrated,0.550891,0.093651,4.9315,6.0887,0.0,1.1571
2117,3,30,5,weather_driven,historically_calibrated,0.59056,0.100395,5.1982,6.0239,0.0,0.8257
2118,3,30,6,weather_driven,historically_calibrated,0.610575,0.103798,5.3295,6.1552,0.0,0.8257
2119,3,30,7,weather_driven,historically_calibrated,0.656467,0.111599,5.6228,7.286,0.0039,1.6593
2120,3,30,8,weather_driven,historically_calibrated,0.847229,0.144029,6.74,8.5235,0.0285,1.755
2121,3,30,9,weather_driven,historically_calibrated,1.057987,0.179858,7.8187,8.6717,0.0272,0.8257
2122,3,30,10,weather_driven,historically_calibrated,0.861877,0.146519,6.8198,8.3128,0.0998,1.3932
2123,3,30,11,weather_driven,historically_calibrated,0.61243,0.104113,5.3416,7.847,0.2164,2.289
2124,3,30,12,weather_driven,historically_calibrated,0.423241,0.071951,4.0089,7.7628,0.4018,3.3521
2125,3,30,13,weather_driven,historically_calibrated,0.163311,0.027763,1.7281,7.6237,0.4005,5.4951
2126,3,30,14,weather_driven,historically_calibrated,0.173834,0.029552,1.834,7.1127,0.1905,5.0882
2127,3,30,15,weather_driven,historically_calibrated,0.31123,0.052909,3.1031,7.3049,0.5404,3.6614
2128,3,30,16,weather_driven,historically_calibrated,0.480345,0.081659,4.4346,7.87,0.3745,3.0608
2129,3,30,17,weather_driven,historically_calibrated,0.894134,0.152003,6.9928,8.4232,0.1192,1.3112
2130,3,30,18,weather_driven,historically_calibrated,0.704702,0.119799,5.9201,9.0392,0.0583,3.0608
2131,3,30,19,weather_driven,historically_calibrated,0.99306,0.16882,7.5014,10.0467,0.0156,2.5298
2132,3,30,20,weather_driven,historically_calibrated,1.299176,0.22086,8.8999,10.2931,0.0,1.3932
2133,3,30,21,weather_driven,historically_calibrated,1.330271,0.226146,9.0294,10.5078,0.0,1.4784
2134,3,30,22,weather_driven,historically_calibrated,1.29344,0.219885,8.8758,10.5351,0.0,1.6593
2135,3,30,23,weather_driven,historically_calibrated,1.460705,0.24832,9.5512,10.4374,0.0,0.8861
2136,3,30,24,weather_driven,historically_calibrated,1.031268,0.175316,7.6896,8.5758,0.0,0.8861
2137,3,31,1,weather_driven,historically_calibrated,0.81301,0.138212,6.5506,7.7077,0.0,1.1571
2138,3,31,2,weather_driven,historically_calibrated,0.860042,0.146207,6.8098,7.8255,0.0,1.0156
2139,3,31,3,weather_driven,historically_calibrated,1.004422,0.170752,7.5578,7.9959,0.0,0.4381
2140,3,31,4,weather_driven,historically_calibrated,1.031446,0.175346,7.6905,8.0557,0.0,0.3652
2141,3,31,5,weather_driven,historically_calibrated,1.07554,0.182842,7.9025,8.2677,0.0,0.3652
2142,3,31,6,weather_driven,historically_calibrated,1.147073,0.195002,8.235,8.5068,0.0,0.2718
2143,3,31,7,weather_driven,historically_calibrated,1.509607,0.256633,9.7386,9.9474,0.013,0.1959
2144,3,31,8,weather_driven,historically_calibrated,1.449513,0.246417,9.5077,9.911,0.1024,0.3009
2145,3,31,9,weather_driven,historically_calibrated,1.302773,0.221471,8.915,9.7637,0.2372,0.6116
2146,3,31,10,weather_driven,historically_calibrated,1.119609,0.190333,8.1089,9.2646,0.3875,0.7682
2147,3,31,11,weather_driven,historically_calibrated,0.964085,0.163895,7.3557,8.6003,0.5314,0.7133
2148,3,31,12,weather_driven,historically_calibrated,0.840476,0.142881,6.703,8.0082,0.6441,0.6611
2149,3,31,13,weather_driven,historically_calibrated,0.78129,0.132819,6.3709,7.5373,0.7284,0.4381
2150,3,31,14,weather_driven,historically_calibrated,0.78674,0.133746,6.4021,7.4555,0.6882,0.3652
2151,3,31,15,weather_driven,historically_calibrated,0.842897,0.143293,6.7163,7.5583,0.5702,0.2718
2152,3,31,16,weather_driven,historically_calibrated,0.968093,0.164576,7.376,7.9574,0.4458,0.1356
2153,3,31,17,weather_driven,historically_calibrated,1.136908,0.193274,8.1885,8.549,0.2955,0.065
2154,3,31,18,weather_driven,historically_calibrated,1.312129,0.223062,8.9541,9.1402,0.1555,0.0306
2155,3,31,19,weather_driven,historically_calibrated,1.425585,0.24235,9.414,9.4652,0.0505,0.0007
2156,3,31,20,weather_driven,historically_calibrated,1.442503,0.245225,9.4804,9.6344,0.0,0.1541
2157,3,31,21,weather_driven,historically_calibrated,1.487937,0.252949,9.6561,9.6672,0.0,0.0111
2158,3,31,22,weather_driven,historically_calibrated,1.45748,0.247772,9.5387,9.5387,0.0,0.0
2159,3,31,23,weather_driven,historically_calibrated,1.423503,0.241996,9.4058,9.4058,0.0,0.0
2160,3,31,24,weather_driven,historically_calibrated,1.040031,0.176805,7.7322,7.7322,0.0,0.0
2161,4,1,1,weather_driven,historically_calibrated,0.296035,0.050326,2.9721,6.1764,0.0,3.2043
2162,4,1,2,weather_driven,historically_calibrated,0.336835,0.057262,3.3192,6.1061,0.0,2.7869
2163,4,1,3,weather_driven,historically_calibrated,0.380773,0.064731,3.6772,6.0846,0.0,2.4074
2164,4,1,4,weather_driven,historically_calibrated,0.465204,0.079085,4.3239,6.2812,0.0,1.9573
2165,4,1,5,weather_driven,historically_calibrated,0.554333,0.094237,4.955,6.3482,0.0,1.3932
2166,4,1,6,weather_driven,historically_calibrated,0.587973,0.099955,5.1811,6.4923,0.0,1.3112
2167,4,1,7,weather_driven,historically_calibrated,0.848604,0.144263,6.7475,7.8337,0.0013,1.0848
2168,4,1,8,weather_driven,historically_calibrated,0.767345,0.130449,6.2907,7.5388,0.0156,1.2326
2169,4,1,9,weather_driven,historically_calibrated,0.638048,0.108468,5.5063,7.1616,0.0881,1.5671
2170,4,1,10,weather_driven,historically_calibrated,0.510765,0.08683,4.6526,6.8899,0.2799,1.9573
2171,4,1,11,weather_driven,historically_calibrated,0.407604,0.069293,3.8883,6.726,0.4303,2.4074
2172,4,1,12,weather_driven,historically_calibrated,0.358667,0.060973,3.4991,6.5641,0.5352,2.5298
2173,4,1,13,weather_driven,historically_calibrated,0.38625,0.065663,3.7208,6.4902,0.5949,2.1746
2174,4,1,14,weather_driven,historically_calibrated,0.453414,0.07708,4.2366,6.5437,0.5521,1.755
2175,4,1,15,weather_driven,historically_calibrated,0.572425,0.097312,5.0774,6.7205,0.486,1.1571
2176,4,1,16,weather_driven,historically_calibrated,0.653551,0.111104,5.6045,6.9843,0.3642,1.0156
2177,4,1,17,weather_driven,historically_calibrated,0.742818,0.126279,6.1476,7.2696,0.2359,0.8861
2178,4,1,18,weather_driven,historically_calibrated,0.829529,0.14102,6.6426,7.492,0.1361,0.7133
2179,4,1,19,weather_driven,historically_calibrated,0.913355,0.15527,7.0941,7.5762,0.0441,0.4381
2180,4,1,20,weather_driven,historically_calibrated,0.947509,0.161076,7.2711,7.4918,0.0013,0.2194
2181,4,1,21,weather_driven,historically_calibrated,0.929724,0.158053,7.1794,7.2686,0.0,0.0892
2182,4,1,22,weather_driven,historically_calibrated,0.884585,0.150379,6.9419,6.9796,0.0,0.0376
2183,4,1,23,weather_driven,historically_calibrated,0.834826,0.14192,6.6719,6.7024,0.0,0.0306
2184,4,1,24,weather_driven,historically_calibrated,0.615496,0.104634,5.3615,5.3696,0.0,0.0081
2185,4,2,1,weather_driven,historically_calibrated,0.654981,0.111347,5.6135,5.6173,0.0,0.0038
2186,4,2,2,weather_driven,historically_calibrated,0.695538,0.118241,5.8644,5.8652,0.0,0.0007
2187,4,2,3,weather_driven,historically_calibrated,0.72524,0.123291,6.0435,6.0435,0.0,0.0
2188,4,2,4,weather_driven,historically_calibrated,0.78217,0.132969,6.376,6.376,0.0,0.0
2189,4,2,5,weather_driven,historically_calibrated,0.830843,0.141243,6.6498,6.6498,0.0,0.0
2190,4,2,6,weather_driven,historically_calibrated,0.881988,0.149938,6.9281,6.9281,0.0,0.0
2191,4,2,7,weather_driven,historically_calibrated,0.999815,0.169969,7.535,7.5531,0.0181,0.0
2192,4,2,8,weather_driven,historically_calibrated,0.967621,0.164495,7.3736,7.4812,0.1076,0.0
2193,4,2,9,weather_driven,historically_calibrated,0.960668,0.163314,7.3383,7.5625,0.2242,0.0
2194,4,2,10,weather_driven,historically_calibrated,0.923682,0.157026,7.148,7.489,0.3396,0.0014
2195,4,2,11,weather_driven,historically_calibrated,0.854698,0.145299,6.7808,7.3109,0.4925,0.0376
2196,4,2,12,weather_driven,historically_calibrated,0.867766,0.14752,6.8516,7.6011,0.6947,0.0548
2197,4,2,13,weather_driven,historically_calibrated,0.878852,0.149405,6.9113,7.713,0.6985,0.1032
2198,4,2,14,weather_driven,historically_calibrated,0.921883,0.15672,7.1387,7.9757,0.683,0.1541
2199,4,2,15,weather_driven,historically_calibrated,0.968672,0.164674,7.3789,8.089,0.556,0.1541
2200,4,2,16,weather_driven,historically_calibrated,1.064765,0.18101,7.8512,8.4419,0.346,0.2447
2201,4,2,17,weather_driven,historically_calibrated,1.149174,0.19536,8.2445,8.8236,0.2138,0.3652
2202,4,2,18,weather_driven,historically_calibrated,1.196895,0.203472,8.4588,8.7895,0.1348,0.1959
2203,4,2,19,weather_driven,historically_calibrated,1.102444,0.187415,8.0291,8.235,0.0518,0.1541
2204,4,2,20,weather_driven,historically_calibrated,1.107521,0.188279,8.0528,8.1433,0.0013,0.0892
2205,4,2,21,weather_driven,historically_calibrated,1.067249,0.181432,7.863,7.9006,0.0,0.0376
2206,4,2,22,weather_driven,historically_calibrated,1.005263,0.170895,7.562,7.5865,0.0,0.0245
2207,4,2,23,weather_driven,historically_calibrated,0.948093,0.161176,7.2741,7.2853,0.0,0.0111
2208,4,2,24,weather_driven,historically_calibrated,0.68914,0.117154,5.8254,5.8365,0.0,0.0111
2209,4,3,1,weather_driven,historically_calibrated,0.639696,0.108748,5.5168,5.5361,0.0,0.0193
2210,4,3,2,weather_driven,historically_calibrated,0.638551,0.108554,5.5095,5.5401,0.0,0.0306
2211,4,3,3,weather_driven,historically_calibrated,0.643315,0.109364,5.5398,5.5546,0.0,0.0148
2212,4,3,4,weather_driven,historically_calibrated,0.651334,0.110727,5.5905,5.5962,0.0,0.0057
2213,4,3,5,weather_driven,historically_calibrated,0.665447,0.113126,5.679,5.6901,0.0,0.0111
2214,4,3,6,weather_driven,historically_calibrated,0.693314,0.117863,5.8509,5.8547,0.0,0.0038
2215,4,3,7,weather_driven,historically_calibrated,0.935726,0.159073,7.2105,7.286,0.0207,0.0548
2216,4,3,8,weather_driven,historically_calibrated,0.956333,0.162577,7.3162,7.4812,0.1102,0.0548
2217,4,3,9,weather_driven,historically_calibrated,0.940711,0.159921,7.2362,7.5625,0.2372,0.0892
2218,4,3,10,weather_driven,historically_calibrated,0.992954,0.168802,7.5009,8.153,0.3512,0.3009
2219,4,3,11,weather_driven,historically_calibrated,0.923652,0.157021,7.1479,8.2662,0.5067,0.6116
2220,4,3,12,weather_driven,historically_calibrated,0.887934,0.150949,6.9598,8.3669,0.6389,0.7682
2221,4,3,13,weather_driven,historically_calibrated,0.993501,0.168895,7.5036,8.7994,0.6843,0.6116
2222,4,3,14,weather_driven,historically_calibrated,1.114848,0.189524,8.0869,9.1043,0.6169,0.4005
2223,4,3,15,weather_driven,historically_calibrated,1.241389,0.211036,8.6536,9.4185,0.5689,0.1959
2224,4,3,16,weather_driven,historically_calibrated,1.308582,0.222459,8.9393,9.611,0.4523,0.2194
2225,4,3,17,weather_driven,historically_calibrated,1.382452,0.235017,9.2422,9.7823,0.2955,0.2447
2226,4,3,18,weather_driven,historically_calibrated,1.244581,0.211579,8.6674,9.2455,0.1776,0.4005
2227,4,3,19,weather_driven,historically_calibrated,1.104179,0.18771,8.0372,8.235,0.0622,0.1356
2228,4,3,20,weather_driven,historically_calibrated,1.121181,0.190601,8.1162,8.1433,0.0026,0.0245
2229,4,3,21,weather_driven,historically_calibrated,1.072034,0.182246,7.8858,7.9006,0.0,0.0148
2230,4,3,22,weather_driven,historically_calibrated,1.007962,0.171353,7.5753,7.5865,0.0,0.0111
2231,4,3,23,weather_driven,historically_calibrated,0.948683,0.161276,7.2771,7.2853,0.0,0.0081
2232,4,3,24,weather_driven,historically_calibrated,0.690962,0.117463,5.8365,5.8365,0.0,0.0
2233,4,4,1,weather_driven,historically_calibrated,0.642728,0.109264,5.5361,5.5361,0.0,0.0
2234,4,4,2,weather_driven,historically_calibrated,0.643365,0.109372,5.5401,5.5401,0.0,0.0
2235,4,4,3,weather_driven,historically_calibrated,0.645052,0.109659,5.5508,5.5546,0.0,0.0038
2236,4,4,4,weather_driven,historically_calibrated,0.652018,0.110843,5.5948,5.5962,0.0,0.0014
2237,4,4,5,weather_driven,historically_calibrated,0.655014,0.111352,5.6137,5.6901,0.0,0.0764
2238,4,4,6,weather_driven,historically_calibrated,0.658464,0.111939,5.6353,5.8547,0.0,0.2194
2239,4,4,7,weather_driven,historically_calibrated,0.894503,0.152066,6.9947,7.286,0.0194,0.2718
2240,4,4,8,weather_driven,historically_calibrated,0.890914,0.151455,6.9757,7.4812,0.105,0.4005
2241,4,4,9,weather_driven,historically_calibrated,0.898644,0.15277,7.0167,7.5625,0.2138,0.332
2242,4,4,10,weather_driven,historically_calibrated,0.930503,0.158186,7.1835,8.0132,0.3097,0.52
2243,4,4,11,weather_driven,historically_calibrated,0.867221,0.147427,6.8487,7.9932,0.4834,0.6611
2244,4,4,12,weather_driven,historically_calibrated,0.799592,0.135931,6.4751,7.934,0.5728,0.8861
2245,4,4,13,weather_driven,historically_calibrated,0.909007,0.154531,7.0713,8.0093,0.5728,0.3652
2246,4,4,14,weather_driven,historically_calibrated,1.092407,0.185709,7.9821,9.0047,0.6221,0.4005
2247,4,4,15,weather_driven,historically_calibrated,1.139703,0.19375,8.2013,9.3162,0.5949,0.52
2248,4,4,16,weather_driven,historically_calibrated,1.204352,0.20474,8.4918,9.5401,0.4368,0.6116
2249,4,4,17,weather_driven,historically_calibrated,1.358119,0.23088,9.1436,9.8561,0.2346,0.4779
2250,4,4,18,weather_driven,historically_calibrated,1.281015,0.217773,8.8233,9.2455,0.1776,0.2447
2251,4,4,19,weather_driven,historically_calibrated,1.110018,0.188703,8.0644,8.235,0.0674,0.1032
2252,4,4,20,weather_driven,historically_calibrated,1.122312,0.190793,8.1214,8.1433,0.0026,0.0193
2253,4,4,21,weather_driven,historically_calibrated,1.073446,0.182486,7.8925,7.9006,0.0,0.0081
2254,4,4,22,weather_driven,historically_calibrated,1.009937,0.171689,7.5851,7.5865,0.0,0.0014
2255,4,4,23,weather_driven,historically_calibrated,0.950269,0.161546,7.2853,7.2853,0.0,0.0
2256,4,4,24,weather_driven,historically_calibrated,0.690962,0.117463,5.8365,5.8365,0.0,0.0
2257,4,5,1,weather_driven,historically_calibrated,0.642728,0.109264,5.5361,5.5361,0.0,0.0
2258,4,5,2,weather_driven,historically_calibrated,0.624786,0.106214,5.4215,5.5401,0.0,0.1187
2259,4,5,3,weather_driven,historically_calibrated,0.618437,0.105134,5.3805,5.5546,0.0,0.1741
2260,4,5,4,weather_driven,historically_calibrated,0.640158,0.108827,5.5198,5.5962,0.0,0.0764
2261,4,5,5,weather_driven,historically_calibrated,0.666319,0.113274,5.6844,5.6901,0.0,0.0057
2262,4,5,6,weather_driven,historically_calibrated,0.693941,0.11797,5.8547,5.8547,0.0,0.0
2263,4,5,7,weather_driven,historically_calibrated,0.946868,0.160968,7.2678,7.286,0.0181,0.0
2264,4,5,8,weather_driven,historically_calibrated,0.967109,0.164408,7.371,7.4812,0.1102,0.0
2265,4,5,9,weather_driven,historically_calibrated,0.965262,0.164095,7.3616,7.5625,0.2009,0.0
2266,4,5,10,weather_driven,historically_calibrated,0.932689,0.158557,7.1948,7.489,0.2942,0.0
2267,4,5,11,weather_driven,historically_calibrated,0.889141,0.151154,6.9662,7.3109,0.3408,0.0038
2268,4,5,12,weather_driven,historically_calibrated,0.828104,0.140778,6.6347,7.1349,0.4238,0.0764
2269,4,5,13,weather_driven,historically_calibrated,0.821674,0.139685,6.599,7.0875,0.4121,0.0764
2270,4,5,14,weather_driven,historically_calibrated,0.743001,0.12631,6.1487,7.2123,0.2955,0.7682
2271,4,5,15,weather_driven,historically_calibrated,0.929585,0.158029,7.1787,7.4413,0.2514,0.0111
2272,4,5,16,weather_driven,historically_calibrated,0.936935,0.159279,7.2167,7.5916,0.3201,0.0548
2273,4,5,17,weather_driven,historically_calibrated,1.027017,0.174593,7.6689,7.9017,0.1296,0.1032
2274,4,5,18,weather_driven,historically_calibrated,1.001186,0.170202,7.5418,8.1434,0.0816,0.52
2275,4,5,19,weather_driven,historically_calibrated,0.814033,0.138386,6.5563,8.235,0.0194,1.6593
2276,4,5,20,weather_driven,historically_calibrated,1.126768,0.191551,8.142,8.1433,0.0013,0.0
2277,4,5,21,weather_driven,historically_calibrated,1.075157,0.182777,7.9006,7.9006,0.0,0.0
2278,4,5,22,weather_driven,historically_calibrated,1.010218,0.171737,7.5865,7.5865,0.0,0.0
2279,4,5,23,weather_driven,historically_calibrated,0.971281,0.165118,7.3921,7.3921,0.0,0.0
2280,4,5,24,weather_driven,historically_calibrated,0.748152,0.127186,6.1789,6.1789,0.0,0.0
2281,4,6,1,weather_driven,historically_calibrated,0.763233,0.12975,6.2669,6.2669,0.0,0.0
2282,4,6,2,weather_driven,historically_calibrated,0.799505,0.135916,6.4746,6.4746,0.0,0.0
2283,4,6,3,weather_driven,historically_calibrated,0.809747,0.137657,6.5323,6.5323,0.0,0.0
2284,4,6,4,weather_driven,historically_calibrated,0.825853,0.140395,6.6222,6.6222,0.0,0.0
2285,4,6,5,weather_driven,historically_calibrated,0.861317,0.146424,6.8168,6.8168,0.0,0.0
2286,4,6,6,weather_driven,historically_calibrated,0.873981,0.148577,6.8851,6.8851,0.0,0.0
2287,4,6,7,weather_driven,historically_calibrated,0.998771,0.169791,7.5298,7.5531,0.0233,0.0
2288,4,6,8,weather_driven,historically_calibrated,0.965318,0.164104,7.3619,7.4812,0.1192,0.0
2289,4,6,9,weather_driven,historically_calibrated,0.958121,0.162881,7.3254,7.5625,0.2372,0.0
2290,4,6,10,weather_driven,historically_calibrated,0.914515,0.155468,7.1002,7.489,0.3888,0.0
2291,4,6,11,weather_driven,historically_calibrated,0.849003,0.144331,6.7497,7.3109,0.5612,0.0
2292,4,6,12,weather_driven,historically_calibrated,0.792798,0.134776,6.4366,7.1349,0.696,0.0024
2293,4,6,13,weather_driven,historically_calibrated,0.814791,0.138514,6.5605,7.318,0.7426,0.0148
2294,4,6,14,weather_driven,historically_calibrated,0.913433,0.155284,7.0945,7.8098,0.6908,0.0245
2295,4,6,15,weather_driven,historically_calibrated,0.993753,0.168938,7.5048,8.1231,0.5806,0.0376
2296,4,6,16,weather_driven,historically_calibrated,1.094027,0.185985,7.9897,8.4773,0.4419,0.0457
2297,4,6,17,weather_driven,historically_calibrated,1.15868,0.196976,8.2877,8.6392,0.2968,0.0548
2298,4,6,18,weather_driven,historically_calibrated,1.131362,0.192332,8.1631,8.3335,0.1555,0.0148
2299,4,6,19,weather_driven,historically_calibrated,1.125302,0.191301,8.1352,8.235,0.0622,0.0376
2300,4,6,20,weather_driven,historically_calibrated,1.093089,0.185825,7.9853,8.1433,0.0039,0.1541
2301,4,6,21,weather_driven,historically_calibrated,1.02437,0.174143,7.656,7.9006,0.0,0.2447
2302,4,6,22,weather_driven,historically_calibrated,0.979277,0.166477,7.4324,7.5865,0.0,0.1541
2303,4,6,23,weather_driven,historically_calibrated,0.927251,0.157633,7.1666,7.2853,0.0,0.1187
2304,4,6,24,weather_driven,historically_calibrated,0.632555,0.107534,5.4713,5.8365,0.0,0.3652
2305,4,7,1,weather_driven,historically_calibrated,0.530685,0.090217,4.7923,5.0932,0.0,0.3009
2306,4,7,2,weather_driven,historically_calibrated,0.54961,0.093434,4.9228,5.0969,0.0,0.1741
2307,4,7,3,weather_driven,historically_calibrated,0.561995,0.095539,5.0071,5.1103,0.0,0.1032
2308,4,7,4,weather_driven,historically_calibrated,0.569744,0.096856,5.0594,5.1485,0.0,0.0892
2309,4,7,5,weather_driven,historically_calibrated,0.580545,0.098693,5.1317,5.2349,0.0,0.1032
2310,4,7,6,weather_driven,historically_calibrated,0.598527,0.10175,5.2507,5.3863,0.0,0.1356
2311,4,7,7,weather_driven,historically_calibrated,0.80524,0.136891,6.5069,6.7031,0.022,0.1741
2312,4,7,8,weather_driven,historically_calibrated,0.83671,0.142241,6.6823,6.8827,0.0972,0.1032
2313,4,7,9,weather_driven,historically_calibrated,0.792749,0.134767,6.4363,6.9575,0.2203,0.3009
2314,4,7,10,weather_driven,historically_calibrated,0.78575,0.133577,6.3964,6.8899,0.2216,0.2718
2315,4,7,11,weather_driven,historically_calibrated,0.86109,0.146385,6.8155,7.291,0.3214,0.1541
2316,4,7,12,weather_driven,historically_calibrated,0.731577,0.124368,6.0811,7.1768,0.3823,0.7133
2317,4,7,13,weather_driven,historically_calibrated,0.677045,0.115098,5.751,6.7325,0.2683,0.7133
2318,4,7,14,weather_driven,historically_calibrated,0.760968,0.129365,6.2537,7.0934,0.2281,0.6116
2319,4,7,15,weather_driven,historically_calibrated,0.73446,0.124858,6.0982,7.285,0.3007,0.8861
2320,4,7,16,weather_driven,historically_calibrated,0.745031,0.126655,6.1606,7.245,0.1983,0.8861
2321,4,7,17,weather_driven,historically_calibrated,0.787823,0.13393,6.4082,7.3714,0.1374,0.8257
2322,4,7,18,weather_driven,historically_calibrated,0.922228,0.156779,7.1405,7.5269,0.0544,0.332
2323,4,7,19,weather_driven,historically_calibrated,0.993455,0.168887,7.5034,7.5762,0.0272,0.0457
2324,4,7,20,weather_driven,historically_calibrated,0.988645,0.16807,7.4794,7.4918,0.0013,0.0111
2325,4,7,21,weather_driven,historically_calibrated,0.870808,0.148037,6.8681,7.2686,0.0,0.4005
2326,4,7,22,weather_driven,historically_calibrated,0.855224,0.145388,6.7837,6.9796,0.0,0.1959
2327,4,7,23,weather_driven,historically_calibrated,0.838353,0.14252,6.6913,6.7024,0.0,0.0111
2328,4,7,24,weather_driven,historically_calibrated,0.61675,0.104848,5.3696,5.3696,0.0,0.0
2329,4,8,1,weather_driven,historically_calibrated,0.574578,0.097678,5.0918,5.0932,0.0,0.0014
2330,4,8,2,weather_driven,historically_calibrated,0.571689,0.097187,5.0724,5.0969,0.0,0.0245
2331,4,8,3,weather_driven,historically_calibrated,0.571723,0.097193,5.0727,5.1103,0.0,0.0376
2332,4,8,4,weather_driven,historically_calibrated,0.582862,0.099087,5.1471,5.1485,0.0,0.0014
2333,4,8,5,weather_driven,historically_calibrated,0.596078,0.101333,5.2346,5.2349,0.0,0.0003
2334,4,8,6,weather_driven,historically_calibrated,0.656536,0.111611,5.6232,5.6233,0.0,0.0001
2335,4,8,7,weather_driven,historically_calibrated,0.839426,0.142702,6.6972,6.7031,0.0052,0.0007
2336,4,8,8,weather_driven,historically_calibrated,0.85955,0.146124,6.8072,6.8827,0.0207,0.0548
2337,4,8,9,weather_driven,historically_calibrated,0.878802,0.149396,6.911,6.9575,0.022,0.0245
2338,4,8,10,weather_driven,historically_calibrated,0.885991,0.150618,6.9494,7.0414,0.0156,0.0764
2339,4,8,11,weather_driven,historically_calibrated,0.885802,0.150586,6.9484,7.0713,0.0337,0.0892
2340,4,8,12,weather_driven,historically_calibrated,0.865909,0.147205,6.8416,6.9492,0.07,0.0376
2341,4,8,13,weather_driven,historically_calibrated,0.831849,0.141414,6.6554,6.7758,0.0959,0.0245
2342,4,8,14,weather_driven,historically_calibrated,0.846094,0.143836,6.7338,6.7836,0.035,0.0148
2343,4,8,15,weather_driven,historically_calibrated,0.96045,0.163276,7.3372,7.4105,0.0726,0.0007
2344,4,8,16,weather_driven,historically_calibrated,0.98977,0.168261,7.485,7.4965,0.0091,0.0024
2345,4,8,17,weather_driven,historically_calibrated,1.026899,0.174573,7.6683,7.6961,0.022,0.0057
2346,4,8,18,weather_driven,historically_calibrated,1.075851,0.182895,7.9039,7.9315,0.0194,0.0081
2347,4,8,19,weather_driven,historically_calibrated,1.14533,0.194706,8.227,8.2429,0.0078,0.0081
2348,4,8,20,weather_driven,historically_calibrated,1.127635,0.191698,8.146,8.1511,0.0013,0.0038
2349,4,8,21,weather_driven,historically_calibrated,1.094163,0.186008,7.9903,8.0148,0.0,0.0245
2350,4,8,22,weather_driven,historically_calibrated,1.040086,0.176815,7.7325,7.7473,0.0,0.0148
2351,4,8,23,weather_driven,historically_calibrated,0.989784,0.168263,7.485,7.4889,0.0,0.0038
2352,4,8,24,weather_driven,historically_calibrated,0.724088,0.123095,6.0366,6.039,0.0,0.0024
2353,4,9,1,weather_driven,historically_calibrated,0.783505,0.133196,6.3836,6.4292,0.0,0.0457
2354,4,9,2,weather_driven,historically_calibrated,0.785733,0.133575,6.3963,6.4339,0.0,0.0376
2355,4,9,3,weather_driven,historically_calibrated,0.787472,0.13387,6.4062,6.4101,0.0,0.0038
2356,4,9,4,weather_driven,historically_calibrated,0.788936,0.134119,6.4146,6.417,0.0,0.0024
2357,4,9,5,weather_driven,historically_calibrated,0.792945,0.134801,6.4374,6.4412,0.0,0.0038
2358,4,9,6,weather_driven,historically_calibrated,0.802771,0.136471,6.493,6.4987,0.0,0.0057
2359,4,9,7,weather_driven,historically_calibrated,1.01156,0.171965,7.5931,7.6066,0.0078,0.0057
2360,4,9,8,weather_driven,historically_calibrated,0.986156,0.167647,7.4669,7.4812,0.0143,0.0
2361,4,9,9,weather_driven,historically_calibrated,0.999097,0.169846,7.5314,7.5625,0.0311,0.0
2362,4,9,10,weather_driven,historically_calibrated,0.97584,0.165893,7.4151,7.489,0.0739,0.0
2363,4,9,11,weather_driven,historically_calibrated,0.931527,0.15836,7.1888,7.3109,0.1218,0.0003
2364,4,9,12,weather_driven,historically_calibrated,0.903403,0.153579,7.0418,7.1349,0.0907,0.0024
2365,4,9,13,weather_driven,historically_calibrated,0.855477,0.145431,6.785,7.0546,0.2696,0.0
2366,4,9,14,weather_driven,historically_calibrated,0.860926,0.146357,6.8146,7.1127,0.2981,0.0
2367,4,9,15,weather_driven,historically_calibrated,0.904886,0.153831,7.0496,7.3049,0.2553,0.0
2368,4,9,16,weather_driven,historically_calibrated,0.996602,0.169422,7.519,7.5916,0.0726,0.0
2369,4,9,17,weather_driven,historically_calibrated,1.065583,0.181149,7.8551,7.9017,0.0467,0.0
2370,4,9,18,weather_driven,historically_calibrated,1.122313,0.190793,8.1214,8.1434,0.022,0.0
2371,4,9,19,weather_driven,historically_calibrated,1.143673,0.194424,8.2195,8.235,0.0156,0.0
2372,4,9,20,weather_driven,historically_calibrated,1.127049,0.191598,8.1433,8.1433,0.0,0.0
2373,4,9,21,weather_driven,historically_calibrated,1.075157,0.182777,7.9006,7.9006,0.0,0.0
2374,4,9,22,weather_driven,historically_calibrated,1.01022,0.171737,7.5865,7.5865,0.0,0.0
2375,4,9,23,weather_driven,historically_calibrated,0.950269,0.161546,7.2853,7.2853,0.0,0.0
2376,4,9,24,weather_driven,historically_calibrated,0.690962,0.117463,5.8365,5.8365,0.0,0.0
2377,4,10,1,weather_driven,historically_calibrated,0.662068,0.112552,5.6579,5.6579,0.0,0.0
2378,4,10,2,weather_driven,historically_calibrated,0.669249,0.113772,5.7026,5.7026,0.0,0.0
2379,4,10,3,weather_driven,historically_calibrated,0.69813,0.118682,5.8802,5.8805,0.0,0.0003
2380,4,10,4,weather_driven,historically_calibrated,0.739667,0.125743,6.129,6.1297,0.0,0.0007
2381,4,10,5,weather_driven,historically_calibrated,0.807379,0.137254,6.519,6.5247,0.0,0.0057
2382,4,10,6,weather_driven,historically_calibrated,0.846176,0.14385,6.7343,6.7993,0.0,0.065
2383,4,10,7,weather_driven,historically_calibrated,1.101266,0.187215,8.0236,8.0874,0.0091,0.0548
2384,4,10,8,weather_driven,historically_calibrated,1.146996,0.194989,8.2346,8.3041,0.0389,0.0306
2385,4,10,9,weather_driven,historically_calibrated,1.17487,0.199728,8.3606,8.4499,0.07,0.0193
2386,4,10,10,weather_driven,historically_calibrated,1.119524,0.190319,8.1085,8.2578,0.1037,0.0457
2387,4,10,11,weather_driven,historically_calibrated,1.055207,0.179385,7.8054,8.0079,0.1568,0.0457
2388,4,10,12,weather_driven,historically_calibrated,0.947641,0.161099,7.2718,7.5012,0.1529,0.0764
2389,4,10,13,weather_driven,historically_calibrated,0.85077,0.144631,6.7594,7.0546,0.2061,0.0892
2390,4,10,14,weather_driven,historically_calibrated,0.84225,0.143183,6.7127,7.1127,0.2644,0.1356
2391,4,10,15,weather_driven,historically_calibrated,0.864311,0.146933,6.833,7.3049,0.276,0.1959
2392,4,10,16,weather_driven,historically_calibrated,0.91769,0.156007,7.1168,7.5916,0.3007,0.1741
2393,4,10,17,weather_driven,historically_calibrated,0.985213,0.167486,7.4622,7.9017,0.2436,0.1959
2394,4,10,18,weather_driven,historically_calibrated,1.033122,0.175631,7.6987,8.1434,0.1439,0.3009
2395,4,10,19,weather_driven,historically_calibrated,1.249544,0.212423,8.6888,9.0805,0.0596,0.332
2396,4,10,20,weather_driven,historically_calibrated,1.315586,0.22365,8.9685,9.3376,0.0039,0.3652
2397,4,10,21,weather_driven,historically_calibrated,1.334411,0.22685,9.0465,9.2911,0.0,0.2447
2398,4,10,22,weather_driven,historically_calibrated,1.323031,0.224915,8.9994,9.0886,0.0,0.0892
2399,4,10,23,weather_driven,historically_calibrated,1.280407,0.217669,8.8207,8.9949,0.0,0.1741
2400,4,10,24,weather_driven,historically_calibrated,0.950839,0.161643,7.2882,7.3773,0.0,0.0892
2401,4,11,1,weather_driven,historically_calibrated,0.924452,0.157157,7.152,7.2412,0.0,0.0892
2402,4,11,2,weather_driven,historically_calibrated,0.951258,0.161714,7.2903,7.409,0.0,0.1187
2403,4,11,3,weather_driven,historically_calibrated,0.937295,0.15934,7.2186,7.5506,0.0,0.332
2404,4,11,4,weather_driven,historically_calibrated,0.935892,0.159102,7.2113,7.6892,0.0,0.4779
2405,4,11,5,weather_driven,historically_calibrated,1.001404,0.170239,7.5429,7.9434,0.0,0.4005
2406,4,11,6,weather_driven,historically_calibrated,1.045107,0.177668,7.7568,8.0014,0.0,0.2447
2407,4,11,7,weather_driven,historically_calibrated,1.335308,0.227002,9.0502,9.4766,0.0259,0.4005
2408,4,11,8,weather_driven,historically_calibrated,1.199294,0.20388,8.4694,9.2916,0.1089,0.7133
2409,4,11,9,weather_driven,historically_calibrated,0.903812,0.153648,7.0439,8.6717,0.2346,1.3932
2410,4,11,10,weather_driven,historically_calibrated,0.599376,0.101894,5.2563,7.7636,0.4432,2.0641
2411,4,11,11,weather_driven,historically_calibrated,0.456477,0.077601,4.2594,7.3109,0.6441,2.4074
2412,4,11,12,weather_driven,historically_calibrated,0.3487,0.059279,3.4175,7.1349,0.7957,2.9217
2413,4,11,13,weather_driven,historically_calibrated,0.301217,0.051207,3.017,7.0546,0.8333,3.2043
2414,4,11,14,weather_driven,historically_calibrated,0.347893,0.059142,3.4108,7.1127,0.7802,2.9217
2415,4,11,15,weather_driven,historically_calibrated,0.417606,0.070993,3.9657,7.3049,0.683,2.6563
2416,4,11,16,weather_driven,historically_calibrated,0.499047,0.084838,4.5693,7.5916,0.4925,2.5298
2417,4,11,17,weather_driven,historically_calibrated,0.572286,0.097289,5.0764,7.9017,0.2955,2.5298
2418,4,11,18,weather_driven,historically_calibrated,0.709772,0.120661,5.9507,8.3823,0.1426,2.289
2419,4,11,19,weather_driven,historically_calibrated,0.925213,0.157286,7.156,9.3824,0.0518,2.1746
2420,4,11,20,weather_driven,historically_calibrated,1.042902,0.177293,7.7461,9.8153,0.0052,2.0641
2421,4,11,21,weather_driven,historically_calibrated,1.055431,0.179423,7.8065,9.8705,0.0,2.0641
2422,4,11,22,weather_driven,historically_calibrated,1.110957,0.188863,8.0688,9.9231,0.0,1.8543
2423,4,11,23,weather_driven,historically_calibrated,1.227166,0.208618,8.5919,9.9031,0.0,1.3112
2424,4,11,24,weather_driven,historically_calibrated,0.857808,0.145827,6.7977,8.2762,0.0,1.4784
2425,4,12,1,weather_driven,historically_calibrated,0.79703,0.135495,6.4606,8.2156,0.0,1.755
2426,4,12,2,weather_driven,historically_calibrated,0.779496,0.132514,6.3606,8.4247,0.0,2.0641
2427,4,12,3,weather_driven,historically_calibrated,0.831303,0.141322,6.6524,8.6097,0.0,1.9573
2428,4,12,4,weather_driven,historically_calibrated,0.892479,0.151722,6.984,8.8383,0.0,1.8543
2429,4,12,5,weather_driven,historically_calibrated,0.952991,0.162009,7.2992,9.1535,0.0,1.8543
2430,4,12,6,weather_driven,historically_calibrated,0.971301,0.165121,7.3922,9.2465,0.0,1.8543
2431,4,12,7,weather_driven,historically_calibrated,1.294134,0.220003,8.8787,10.8658,0.0298,1.9573
2432,4,12,8,weather_driven,historically_calibrated,1.272308,0.216292,8.7863,10.6631,0.1218,1.755
2433,4,12,9,weather_driven,historically_calibrated,1.154017,0.196183,8.2665,10.1136,0.2799,1.5671
2434,4,12,10,weather_driven,historically_calibrated,0.873773,0.148541,6.884,9.0267,0.4834,1.6593
2435,4,12,11,weather_driven,historically_calibrated,0.5994,0.101898,5.2564,7.9006,0.6869,1.9573
2436,4,12,12,weather_driven,historically_calibrated,0.407855,0.069335,3.8903,7.1349,0.8372,2.4074
2437,4,12,13,weather_driven,historically_calibrated,0.359443,0.061105,3.5054,7.0546,0.8929,2.6563
2438,4,12,14,weather_driven,historically_calibrated,0.37304,0.063417,3.6154,7.1127,0.8411,2.6563
2439,4,12,15,weather_driven,historically_calibrated,0.416091,0.070735,3.954,7.3049,0.6947,2.6563
2440,4,12,16,weather_driven,historically_calibrated,0.498684,0.084776,4.5667,7.5916,0.4951,2.5298
2441,4,12,17,weather_driven,historically_calibrated,0.590851,0.100445,5.2001,7.9017,0.2942,2.4074
2442,4,12,18,weather_driven,historically_calibrated,0.725693,0.123368,6.0462,8.1434,0.14,1.9573
2443,4,12,19,weather_driven,historically_calibrated,0.871771,0.148201,6.8732,8.235,0.0505,1.3112
2444,4,12,20,weather_driven,historically_calibrated,0.977759,0.166219,7.4248,8.1433,0.0052,0.7133
2445,4,12,21,weather_driven,historically_calibrated,1.023521,0.173999,7.6518,8.538,0.0,0.8861
2446,4,12,22,weather_driven,historically_calibrated,1.069841,0.181873,7.8754,8.6435,0.0,0.7682
2447,4,12,23,weather_driven,historically_calibrated,1.129454,0.192007,8.1543,8.6743,0.0,0.52
2448,4,12,24,weather_driven,historically_calibrated,0.860233,0.14624,6.8109,7.2489,0.0,0.4381
2449,4,13,1,weather_driven,historically_calibrated,0.866303,0.147271,6.8437,7.2818,0.0,0.4381
2450,4,13,2,weather_driven,historically_calibrated,0.905536,0.153941,7.053,7.5309,0.0,0.4779
2451,4,13,3,weather_driven,historically_calibrated,0.923869,0.157058,7.149,7.7136,0.0,0.5645
2452,4,13,4,weather_driven,historically_calibrated,0.935892,0.159102,7.2113,7.6892,0.0,0.4779
2453,4,13,5,weather_driven,historically_calibrated,0.960691,0.163318,7.3384,7.7765,0.0,0.4381
2454,4,13,6,weather_driven,historically_calibrated,0.944837,0.160622,7.2574,7.6579,0.0,0.4005
2455,4,13,7,weather_driven,historically_calibrated,1.173352,0.19947,8.3538,8.7286,0.0428,0.332
2456,4,13,8,weather_driven,historically_calibrated,1.114499,0.189465,8.0852,8.5235,0.1374,0.3009
2457,4,13,9,weather_driven,historically_calibrated,1.067641,0.181499,7.8649,8.3389,0.2294,0.2447
2458,4,13,10,weather_driven,historically_calibrated,0.951328,0.161726,7.2907,7.7636,0.3188,0.1541
2459,4,13,11,weather_driven,historically_calibrated,0.855742,0.145476,6.7865,7.3109,0.4212,0.1032
2460,4,13,12,weather_driven,historically_calibrated,0.814376,0.138444,6.5582,7.1349,0.5003,0.0764
2461,4,13,13,weather_driven,historically_calibrated,0.826009,0.140421,6.6231,7.0546,0.3551,0.0764
2462,4,13,14,weather_driven,historically_calibrated,0.821953,0.139732,6.6005,7.1127,0.4666,0.0457
2463,4,13,15,weather_driven,historically_calibrated,0.865241,0.147091,6.838,7.3049,0.4588,0.0081
2464,4,13,16,weather_driven,historically_calibrated,1.055821,0.179489,7.8083,8.371,0.3668,0.1959
2465,4,13,17,weather_driven,historically_calibrated,1.136017,0.193123,8.1845,8.713,0.1633,0.3652
2466,4,13,18,weather_driven,historically_calibrated,1.235206,0.209985,8.6268,9.0392,0.1115,0.3009
2467,4,13,19,weather_driven,historically_calibrated,1.302862,0.221487,8.9154,9.6844,0.0557,0.7133
2468,4,13,20,weather_driven,historically_calibrated,1.44901,0.246332,9.5058,9.7556,0.0052,0.2447
2469,4,13,21,weather_driven,historically_calibrated,1.462652,0.248651,9.5588,9.7546,0.0,0.1959
2470,4,13,22,weather_driven,historically_calibrated,1.401672,0.238284,9.3192,9.4224,0.0,0.1032
2471,4,13,23,weather_driven,historically_calibrated,1.308781,0.222493,8.9401,8.9949,0.0,0.0548
2472,4,13,24,weather_driven,historically_calibrated,0.951064,0.161681,7.2893,7.2917,0.0,0.0024
2473,4,14,1,weather_driven,historically_calibrated,0.833024,0.141614,6.6619,6.6619,0.0,0.0
2474,4,14,2,weather_driven,historically_calibrated,0.833904,0.141764,6.6668,6.6668,0.0,0.0
2475,4,14,3,weather_driven,historically_calibrated,0.878446,0.149336,6.9091,6.9091,0.0,0.0
2476,4,14,4,weather_driven,historically_calibrated,0.89521,0.152186,6.9985,6.9986,0.0,0.0001
2477,4,14,5,weather_driven,historically_calibrated,0.91748,0.155972,7.1157,7.116,0.0,0.0003
2478,4,14,6,weather_driven,historically_calibrated,0.980709,0.166721,7.4396,7.4403,0.0,0.0007
2479,4,14,7,weather_driven,historically_calibrated,1.296754,0.220448,8.8897,8.9151,0.0143,0.0111
2480,4,14,8,weather_driven,historically_calibrated,1.303785,0.221643,8.9192,9.053,0.0881,0.0457
2481,4,14,9,weather_driven,historically_calibrated,1.224153,0.208106,8.5787,8.7433,0.0881,0.0764
2482,4,14,10,weather_driven,historically_calibrated,1.070919,0.182056,7.8805,8.2035,0.2683,0.0548
2483,4,14,11,weather_driven,historically_calibrated,0.908625,0.154466,7.0693,7.4659,0.359,0.0376
2484,4,14,12,weather_driven,historically_calibrated,0.810965,0.137864,6.5391,6.9492,0.3953,0.0148
2485,4,14,13,weather_driven,historically_calibrated,0.77503,0.131755,6.335,6.8234,0.4692,0.0193
2486,4,14,14,weather_driven,historically_calibrated,0.788679,0.134075,6.4131,7.0716,0.2579,0.4005
2487,4,14,15,weather_driven,historically_calibrated,0.796236,0.13536,6.4561,6.9669,0.1788,0.332
2488,4,14,16,weather_driven,historically_calibrated,0.817648,0.139,6.5765,7.2404,0.1439,0.52
2489,4,14,17,weather_driven,historically_calibrated,0.878254,0.149303,6.9081,7.6428,0.1231,0.6116
2490,4,14,18,weather_driven,historically_calibrated,0.957282,0.162738,7.3211,8.3161,0.1089,0.8861
2491,4,14,19,weather_driven,historically_calibrated,1.189659,0.202242,8.4267,9.1319,0.0441,0.6611
2492,4,14,20,weather_driven,historically_calibrated,1.298866,0.220807,8.8986,9.4696,0.0065,0.5645
2493,4,14,21,weather_driven,historically_calibrated,1.281982,0.217937,8.8274,9.3474,0.0,0.52
2494,4,14,22,weather_driven,historically_calibrated,1.246923,0.211977,8.6775,9.0781,0.0,0.4005
2495,4,14,23,weather_driven,historically_calibrated,1.209624,0.205636,8.515,8.8159,0.0,0.3009
2496,4,14,24,weather_driven,historically_calibrated,0.896707,0.15244,7.0064,7.3384,0.0,0.332
2497,4,15,1,weather_driven,historically_calibrated,0.897513,0.152577,7.0107,7.1848,0.0,0.1741
2498,4,15,2,weather_driven,historically_calibrated,0.93272,0.158562,7.1949,7.4143,0.0,0.2194
2499,4,15,3,weather_driven,historically_calibrated,0.978303,0.166311,7.4275,7.5462,0.0,0.1187
2500,4,15,4,weather_driven,historically_calibrated,0.95467,0.162294,7.3078,7.5271,0.0,0.2194
2501,4,15,5,weather_driven,historically_calibrated,0.948408,0.161229,7.2757,7.5767,0.0,0.3009
2502,4,15,6,weather_driven,historically_calibrated,1.015672,0.172664,7.6133,7.6378,0.0,0.0245
2503,4,15,7,weather_driven,historically_calibrated,1.351995,0.229839,9.1187,9.1609,0.0117,0.0306
2504,4,15,8,weather_driven,historically_calibrated,1.177979,0.200256,8.3745,9.1539,0.0661,0.7133
2505,4,15,9,weather_driven,historically_calibrated,1.107,0.18819,8.0504,8.9474,0.2359,0.6611
2506,4,15,10,weather_driven,historically_calibrated,0.965253,0.164093,7.3616,8.3046,0.3784,0.5645
2507,4,15,11,weather_driven,historically_calibrated,0.763479,0.129791,6.2683,7.5152,0.5858,0.6611
2508,4,15,12,weather_driven,historically_calibrated,0.644374,0.109544,5.5465,7.0936,0.661,0.8861
2509,4,15,13,weather_driven,historically_calibrated,0.576337,0.097977,5.1036,6.7282,0.6752,0.9494
2510,4,15,14,weather_driven,historically_calibrated,0.591701,0.100589,5.2057,6.8796,0.7245,0.9494
2511,4,15,15,weather_driven,historically_calibrated,0.656315,0.111574,5.6218,7.3119,0.6052,1.0848
2512,4,15,16,weather_driven,historically_calibrated,0.708915,0.120516,5.9455,7.7013,0.4445,1.3112
2513,4,15,17,weather_driven,historically_calibrated,0.801874,0.136319,6.4879,7.9626,0.3175,1.1571
2514,4,15,18,weather_driven,historically_calibrated,1.001302,0.170221,7.5424,8.2611,0.1542,0.5645
2515,4,15,19,weather_driven,historically_calibrated,1.299091,0.220845,8.8995,9.1319,0.013,0.2194
2516,4,15,20,weather_driven,historically_calibrated,1.14724,0.195031,8.2357,9.4696,0.0013,1.2326
2517,4,15,21,weather_driven,historically_calibrated,1.435691,0.244068,9.4537,9.454,0.0,0.0003
2518,4,15,22,weather_driven,historically_calibrated,1.210597,0.205802,8.5193,9.1804,0.0,0.6611
2519,4,15,23,weather_driven,historically_calibrated,1.171952,0.199232,8.3475,8.6193,0.0,0.2718
2520,4,15,24,weather_driven,historically_calibrated,0.813749,0.138337,6.5547,6.8265,0.0,0.2718
2521,4,16,1,weather_driven,historically_calibrated,0.891963,0.151634,6.9812,7.2006,0.0,0.2194
2522,4,16,2,weather_driven,historically_calibrated,0.926817,0.157559,7.1643,7.409,0.0,0.2447
2523,4,16,3,weather_driven,historically_calibrated,0.930559,0.158195,7.1838,7.4284,0.0,0.2447
2524,4,16,4,weather_driven,historically_calibrated,0.942825,0.16028,7.2471,7.443,0.0,0.1959
2525,4,16,5,weather_driven,historically_calibrated,0.985704,0.16757,7.4646,7.5679,0.0,0.1032
2526,4,16,6,weather_driven,historically_calibrated,1.046247,0.177862,7.7623,7.7867,0.0,0.0245
2527,4,16,7,weather_driven,historically_calibrated,1.40344,0.238585,9.3262,9.3698,0.013,0.0306
2528,4,16,8,weather_driven,historically_calibrated,1.464462,0.248958,9.5658,9.6208,0.0402,0.0148
2529,4,16,9,weather_driven,historically_calibrated,1.404738,0.238805,9.3314,9.3927,0.0531,0.0081
2530,4,16,10,weather_driven,historically_calibrated,1.228139,0.208784,8.5961,8.6972,0.1011,0.0
2531,4,16,11,weather_driven,historically_calibrated,1.134515,0.192867,8.1776,8.4368,0.2592,0.0
2532,4,16,12,weather_driven,historically_calibrated,1.07079,0.182034,7.8799,8.2337,0.3538,0.0
2533,4,16,13,weather_driven,historically_calibrated,1.020578,0.173498,7.6374,7.8823,0.2449,0.0
2534,4,16,14,weather_driven,historically_calibrated,1.024906,0.174234,7.6586,7.9994,0.3408,0.0
2535,4,16,15,weather_driven,historically_calibrated,1.055164,0.179378,7.8052,8.1085,0.3033,0.0
2536,4,16,16,weather_driven,historically_calibrated,1.121637,0.190678,8.1183,8.371,0.2527,0.0
2537,4,16,17,weather_driven,historically_calibrated,1.209631,0.205637,8.5151,8.655,0.14,0.0
2538,4,16,18,weather_driven,historically_calibrated,1.262839,0.214683,8.7459,8.8601,0.1128,0.0014
2539,4,16,19,weather_driven,historically_calibrated,1.329589,0.22603,9.0266,9.0805,0.0428,0.0111
2540,4,16,20,weather_driven,historically_calibrated,1.331046,0.226278,9.0326,9.039,0.0026,0.0038
2541,4,16,21,weather_driven,historically_calibrated,1.32352,0.224998,9.0015,9.0015,0.0,0.0
2542,4,16,22,weather_driven,historically_calibrated,1.358261,0.230904,9.1442,9.1442,0.0,0.0
2543,4,16,23,weather_driven,historically_calibrated,1.37412,0.2336,9.2086,9.2086,0.0,0.0
2544,4,16,24,weather_driven,historically_calibrated,1.011209,0.171905,7.5913,7.5913,0.0,0.0
2545,4,17,1,weather_driven,historically_calibrated,0.997883,0.16964,7.5254,7.5254,0.0,0.0
2546,4,17,2,weather_driven,historically_calibrated,1.040407,0.176869,7.734,7.734,0.0,0.0
2547,4,17,3,weather_driven,historically_calibrated,1.087279,0.184837,7.958,7.958,0.0,0.0
2548,4,17,4,weather_driven,historically_calibrated,1.126479,0.191502,8.1406,8.1406,0.0,0.0
2549,4,17,5,weather_driven,historically_calibrated,1.156372,0.196583,8.2772,8.2772,0.0,0.0
2550,4,17,6,weather_driven,historically_calibrated,1.123942,0.19107,8.1289,8.1302,0.0013,0.0
2551,4,17,7,weather_driven,historically_calibrated,1.39941,0.2379,9.3102,9.3698,0.0596,0.0
2552,4,17,8,weather_driven,historically_calibrated,1.264273,0.214926,8.752,8.9076,0.1555,0.0
2553,4,17,9,weather_driven,historically_calibrated,1.052436,0.178914,7.7921,8.0616,0.2696,0.0
2554,4,17,10,weather_driven,historically_calibrated,0.907846,0.154334,7.0652,7.489,0.4238,0.0
2555,4,17,11,weather_driven,historically_calibrated,0.859233,0.14607,6.8055,7.3109,0.5054,0.0
2556,4,17,12,weather_driven,historically_calibrated,0.80261,0.136444,6.4921,7.1349,0.6428,0.0
2557,4,17,13,weather_driven,historically_calibrated,0.786399,0.133688,6.4001,7.0546,0.6545,0.0
2558,4,17,14,weather_driven,historically_calibrated,0.795706,0.13527,6.4531,7.1127,0.6597,0.0
2559,4,17,15,weather_driven,historically_calibrated,0.85408,0.145194,6.7774,7.3049,0.5275,0.0
2560,4,17,16,weather_driven,historically_calibrated,0.928984,0.157927,7.1756,7.5916,0.416,0.0
2561,4,17,17,weather_driven,historically_calibrated,1.020565,0.173496,7.6373,7.9017,0.2644,0.0
2562,4,17,18,weather_driven,historically_calibrated,1.086638,0.184729,7.9549,8.1434,0.1737,0.0148
2563,4,17,19,weather_driven,historically_calibrated,1.12957,0.192027,8.1549,8.235,0.0778,0.0024
2564,4,17,20,weather_driven,historically_calibrated,1.1248,0.191216,8.1329,8.1433,0.0104,0.0
2565,4,17,21,weather_driven,historically_calibrated,1.135524,0.193039,8.1822,8.1903,0.0,0.0081
2566,4,17,22,weather_driven,historically_calibrated,1.108679,0.188475,8.0582,8.2541,0.0,0.1959
2567,4,17,23,weather_driven,historically_calibrated,1.137989,0.193458,8.1935,8.1935,0.0,0.0
2568,4,17,24,weather_driven,historically_calibrated,0.862084,0.146554,6.8209,6.8209,0.0,0.0
2569,4,18,1,weather_driven,historically_calibrated,0.857238,0.14573,6.7946,6.7946,0.0,0.0
2570,4,18,2,weather_driven,historically_calibrated,0.880042,0.149607,6.9176,6.9215,0.0,0.0038
2571,4,18,3,weather_driven,historically_calibrated,0.900431,0.153073,7.0261,7.1025,0.0,0.0764
2572,4,18,4,weather_driven,historically_calibrated,0.953267,0.162055,7.3006,7.3199,0.0,0.0193
2573,4,18,5,weather_driven,historically_calibrated,0.991059,0.16848,7.4914,7.5679,0.0,0.0764
2574,4,18,6,weather_driven,historically_calibrated,1.023836,0.174052,7.6534,7.7438,0.0013,0.0892
2575,4,18,7,weather_driven,historically_calibrated,1.372407,0.233309,9.2016,9.2629,0.0531,0.0081
2576,4,18,8,weather_driven,historically_calibrated,1.341519,0.228058,9.0757,9.2367,0.1607,0.0003
2577,4,18,9,weather_driven,historically_calibrated,1.206365,0.205082,8.5007,8.7826,0.2812,0.0007
2578,4,18,10,weather_driven,historically_calibrated,1.051193,0.178703,7.7861,8.2578,0.4717,0.0
2579,4,18,11,weather_driven,historically_calibrated,0.886171,0.150649,6.9504,7.579,0.6286,0.0
2580,4,18,12,weather_driven,historically_calibrated,0.79231,0.134693,6.4338,7.1349,0.7011,0.0
2581,4,18,13,weather_driven,historically_calibrated,0.776215,0.131957,6.3418,7.0546,0.7128,0.0
2582,4,18,14,weather_driven,historically_calibrated,0.785228,0.133489,6.3934,7.1127,0.7193,0.0
2583,4,18,15,weather_driven,historically_calibrated,0.836346,0.142179,6.6802,7.3049,0.6247,0.0
2584,4,18,16,weather_driven,historically_calibrated,0.923248,0.156952,7.1458,7.5916,0.4458,0.0
2585,4,18,17,weather_driven,historically_calibrated,1.008447,0.171436,7.5777,7.9017,0.324,0.0
2586,4,18,18,weather_driven,historically_calibrated,1.083465,0.184189,7.94,8.1434,0.2035,0.0
2587,4,18,19,weather_driven,historically_calibrated,1.154839,0.196323,8.2703,8.3558,0.0855,0.0
2588,4,18,20,weather_driven,historically_calibrated,1.217202,0.206924,8.5483,8.5613,0.013,0.0
2589,4,18,21,weather_driven,historically_calibrated,1.212991,0.206209,8.5298,8.538,0.0,0.0081
2590,4,18,22,weather_driven,historically_calibrated,1.163557,0.197805,8.3097,8.3097,0.0,0.0
2591,4,18,23,weather_driven,historically_calibrated,1.149631,0.195437,8.2466,8.2469,0.0,0.0003
2592,4,18,24,weather_driven,historically_calibrated,0.844888,0.143631,6.7272,6.7353,0.0,0.0081
2593,4,19,1,weather_driven,historically_calibrated,0.823254,0.139953,6.6077,6.6322,0.0,0.0245
2594,4,19,2,weather_driven,historically_calibrated,0.841241,0.143011,6.7072,6.7183,0.0,0.0111
2595,4,19,3,weather_driven,historically_calibrated,0.868711,0.147681,6.8567,6.8581,0.0,0.0014
2596,4,19,4,weather_driven,historically_calibrated,0.917266,0.155935,7.1146,7.1147,0.0,0.0001
2597,4,19,5,weather_driven,historically_calibrated,0.956305,0.162572,7.3161,7.3175,0.0,0.0014
2598,4,19,6,weather_driven,historically_calibrated,0.995134,0.169173,7.5117,7.5291,0.0026,0.0148
2599,4,19,7,weather_driven,historically_calibrated,1.302906,0.221494,8.9155,8.9958,0.0557,0.0245
2600,4,19,8,weather_driven,historically_calibrated,1.221452,0.207647,8.5669,8.743,0.1568,0.0193
2601,4,19,9,weather_driven,historically_calibrated,1.070348,0.181959,7.8778,8.228,0.2955,0.0548
2602,4,19,10,weather_driven,historically_calibrated,0.900259,0.153044,7.0252,7.489,0.4445,0.0193
2603,4,19,11,weather_driven,historically_calibrated,0.84326,0.143354,6.7183,7.3109,0.5845,0.0081
2604,4,19,12,weather_driven,historically_calibrated,0.798608,0.135763,6.4695,7.1349,0.6506,0.0148
2605,4,19,13,weather_driven,historically_calibrated,0.762838,0.129682,6.2646,7.0546,0.7789,0.0111
2606,4,19,14,weather_driven,historically_calibrated,0.763256,0.129753,6.267,7.1127,0.7271,0.1187
2607,4,19,15,weather_driven,historically_calibrated,0.818222,0.139098,6.5797,7.3049,0.6065,0.1187
2608,4,19,16,weather_driven,historically_calibrated,0.889724,0.151253,6.9693,7.5916,0.4264,0.1959
2609,4,19,17,weather_driven,historically_calibrated,0.952922,0.161997,7.2988,7.9017,0.302,0.3009
2610,4,19,18,weather_driven,historically_calibrated,1.035234,0.17599,7.7089,8.1434,0.2151,0.2194
2611,4,19,19,weather_driven,historically_calibrated,1.042153,0.177166,7.7425,8.235,0.092,0.4005
2612,4,19,20,weather_driven,historically_calibrated,1.023912,0.174065,7.6537,8.1433,0.0117,0.4779
2613,4,19,21,weather_driven,historically_calibrated,0.941353,0.16003,7.2395,7.9006,0.0,0.6611
2614,4,19,22,weather_driven,historically_calibrated,0.943992,0.160479,7.2531,7.8646,0.0,0.6116
2615,4,19,23,weather_driven,historically_calibrated,0.933996,0.158779,7.2015,7.7661,0.0,0.5645
2616,4,19,24,weather_driven,historically_calibrated,0.739167,0.125658,6.1261,6.5641,0.0,0.4381
2617,4,20,1,weather_driven,historically_calibrated,0.736826,0.12526,6.1122,6.6322,0.0,0.52
2618,4,20,2,weather_driven,historically_calibrated,0.749706,0.12745,6.188,6.7996,0.0,0.6116
2619,4,20,3,weather_driven,historically_calibrated,0.788044,0.133968,6.4095,7.0211,0.0,0.6116
2620,4,20,4,weather_driven,historically_calibrated,0.835909,0.142105,6.6778,7.1557,0.0,0.4779
2621,4,20,5,weather_driven,historically_calibrated,0.888514,0.151047,6.9629,7.4009,0.0,0.4381
2622,4,20,6,weather_driven,historically_calibrated,0.879544,0.149522,6.915,7.5291,0.0026,0.6116
2623,4,20,7,weather_driven,historically_calibrated,1.151905,0.195824,8.257,8.8889,0.0674,0.5645
2624,4,20,8,weather_driven,historically_calibrated,1.018534,0.173151,7.6274,8.6333,0.1801,0.8257
2625,4,20,9,weather_driven,historically_calibrated,0.788508,0.134046,6.4121,8.0616,0.3383,1.3112
2626,4,20,10,weather_driven,historically_calibrated,0.577457,0.098168,5.1111,7.489,0.5236,1.8543
2627,4,20,11,weather_driven,historically_calibrated,0.487222,0.082828,4.4844,7.3109,0.6519,2.1746
2628,4,20,12,weather_driven,historically_calibrated,0.462808,0.078677,4.3062,7.1349,0.7646,2.0641
2629,4,20,13,weather_driven,historically_calibrated,0.487943,0.08295,4.4896,7.0546,0.81,1.755
2630,4,20,14,weather_driven,historically_calibrated,0.513501,0.087295,4.6719,7.1127,0.7815,1.6593
2631,4,20,15,weather_driven,historically_calibrated,0.503439,0.085585,4.6006,7.3049,0.6402,2.0641
2632,4,20,16,weather_driven,historically_calibrated,0.517044,0.087898,4.6969,7.5916,0.4873,2.4074
2633,4,20,17,weather_driven,historically_calibrated,0.58401,0.099282,5.1548,7.9017,0.3396,2.4074
2634,4,20,18,weather_driven,historically_calibrated,0.622028,0.105745,5.4037,8.1434,0.21,2.5298
2635,4,20,19,weather_driven,historically_calibrated,0.7471,0.127007,6.1727,8.235,0.105,1.9573
2636,4,20,20,weather_driven,historically_calibrated,0.710167,0.120728,5.9531,8.1433,0.0156,2.1746
2637,4,20,21,weather_driven,historically_calibrated,0.775206,0.131785,6.336,8.1903,0.0,1.8543
2638,4,20,22,weather_driven,historically_calibrated,0.794012,0.134982,6.4434,8.1984,0.0,1.755
2639,4,20,23,weather_driven,historically_calibrated,0.878087,0.149275,6.9072,8.3003,0.0,1.3932
2640,4,20,24,weather_driven,historically_calibrated,0.589976,0.100296,5.1943,6.9493,0.0,1.755
2641,4,21,1,weather_driven,historically_calibrated,0.523355,0.08897,4.7412,6.4005,0.0,1.6593
2642,4,21,2,weather_driven,historically_calibrated,0.502973,0.085505,4.5973,6.5546,0.0,1.9573
2643,4,21,3,weather_driven,historically_calibrated,0.561572,0.095467,5.0042,6.7592,0.0,1.755
2644,4,21,4,weather_driven,historically_calibrated,0.561467,0.095449,5.0035,6.9608,0.0,1.9573
2645,4,21,5,weather_driven,historically_calibrated,0.52969,0.090047,4.7854,7.1928,0.0,2.4074
2646,4,21,6,weather_driven,historically_calibrated,0.593204,0.100845,5.2157,7.2823,0.0026,2.0641
2647,4,21,7,weather_driven,historically_calibrated,0.763594,0.129811,6.2689,8.6202,0.0622,2.289
2648,4,21,8,weather_driven,historically_calibrated,0.578358,0.098321,5.1171,8.3464,0.1685,3.0608
2649,4,21,9,weather_driven,historically_calibrated,0.484604,0.082383,4.4655,7.7228,0.3357,2.9217
2650,4,21,10,weather_driven,historically_calibrated,0.283873,0.048258,2.8657,6.8899,0.5197,3.5045
2651,4,21,11,weather_driven,historically_calibrated,0.276285,0.046968,2.7986,6.726,0.7232,3.2043
2652,4,21,12,weather_driven,historically_calibrated,0.244318,0.041534,2.5097,6.5641,0.8502,3.2043
2653,4,21,13,weather_driven,historically_calibrated,0.200682,0.034116,2.098,6.4902,0.8878,3.5045
2654,4,21,14,weather_driven,historically_calibrated,0.179077,0.030443,1.8862,6.5437,0.8346,3.8229
2655,4,21,15,weather_driven,historically_calibrated,0.326017,0.055423,3.2286,6.7205,0.705,2.7869
2656,4,21,16,weather_driven,historically_calibrated,0.519772,0.088361,4.7161,6.9843,0.5132,1.755
2657,4,21,17,weather_driven,historically_calibrated,0.669663,0.113843,5.7052,7.2696,0.3318,1.2326
2658,4,21,18,weather_driven,historically_calibrated,0.766508,0.130306,6.2858,7.492,0.1905,1.0156
2659,4,21,19,weather_driven,historically_calibrated,0.821748,0.139697,6.5994,7.5762,0.0907,0.8861
2660,4,21,20,weather_driven,historically_calibrated,0.870181,0.147931,6.8647,7.4918,0.0156,0.6116
2661,4,21,21,weather_driven,historically_calibrated,0.783304,0.133162,6.3824,7.2686,0.0,0.8861
2662,4,21,22,weather_driven,historically_calibrated,0.77281,0.131378,6.3222,7.3378,0.0,1.0156
2663,4,21,23,weather_driven,historically_calibrated,0.790605,0.134403,6.4241,7.4397,0.0,1.0156
2664,4,21,24,weather_driven,historically_calibrated,0.577543,0.098182,5.1117,6.1965,0.0,1.0848
2665,4,22,1,weather_driven,historically_calibrated,0.648891,0.110311,5.5751,6.2884,0.0,0.7133
2666,4,22,2,weather_driven,historically_calibrated,0.655507,0.111436,5.6168,6.4425,0.0,0.8257
2667,4,22,3,weather_driven,historically_calibrated,0.674438,0.114654,5.7348,6.6842,0.0,0.9494
2668,4,22,4,weather_driven,historically_calibrated,0.69021,0.117336,5.8319,6.8475,0.0,1.0156
2669,4,22,5,weather_driven,historically_calibrated,0.770595,0.131001,6.3094,7.0776,0.0,0.7682
2670,4,22,6,weather_driven,historically_calibrated,0.803796,0.136645,6.4988,7.1638,0.0039,0.6611
2671,4,22,7,weather_driven,historically_calibrated,1.083829,0.184251,7.9417,8.571,0.0648,0.5645
2672,4,22,8,weather_driven,historically_calibrated,1.049918,0.178486,7.78,8.3464,0.1659,0.4005
2673,4,22,9,weather_driven,historically_calibrated,0.934955,0.158942,7.2065,7.7739,0.3227,0.2447
2674,4,22,10,weather_driven,historically_calibrated,0.749129,0.127352,6.1846,6.8899,0.5093,0.1959
2675,4,22,11,weather_driven,historically_calibrated,0.697702,0.118609,5.8776,6.726,0.7128,0.1356
2676,4,22,12,weather_driven,historically_calibrated,0.659225,0.112068,5.6401,6.5641,0.8476,0.0764
2677,4,22,13,weather_driven,historically_calibrated,0.650719,0.110622,5.5866,6.4902,0.858,0.0457
2678,4,22,14,weather_driven,historically_calibrated,0.669394,0.113797,5.7035,6.5437,0.832,0.0081
2679,4,22,15,weather_driven,historically_calibrated,0.730292,0.12415,6.0735,6.7205,0.6467,0.0003
2680,4,22,16,weather_driven,historically_calibrated,0.804394,0.136747,6.5022,6.9843,0.4821,0.0
2681,4,22,17,weather_driven,historically_calibrated,0.88697,0.150785,6.9547,7.2696,0.3149,0.0
2682,4,22,18,weather_driven,historically_calibrated,0.954196,0.162213,7.3053,7.492,0.1866,0.0
2683,4,22,19,weather_driven,historically_calibrated,0.987732,0.167914,7.4748,7.5762,0.0933,0.0081
2684,4,22,20,weather_driven,historically_calibrated,0.985881,0.1676,7.4655,7.4918,0.0181,0.0081
2685,4,22,21,weather_driven,historically_calibrated,0.946544,0.160913,7.2662,7.2686,0.0,0.0024
2686,4,22,22,weather_driven,historically_calibrated,0.807096,0.137206,6.5174,7.0819,0.0,0.5645
2687,4,22,23,weather_driven,historically_calibrated,0.867644,0.1475,6.851,7.0957,0.0,0.2447
2688,4,22,24,weather_driven,historically_calibrated,0.694317,0.118034,5.857,5.8815,0.0,0.0245
2689,4,23,1,weather_driven,historically_calibrated,0.801521,0.136259,6.486,6.5104,0.0,0.0245
2690,4,23,2,weather_driven,historically_calibrated,0.820974,0.139566,6.5951,6.5964,0.0,0.0014
2691,4,23,3,weather_driven,historically_calibrated,0.846481,0.143902,6.7359,6.7359,0.0,0.0
2692,4,23,4,weather_driven,historically_calibrated,0.886188,0.150652,6.9505,6.9505,0.0,0.0
2693,4,23,5,weather_driven,historically_calibrated,0.931746,0.158397,7.1899,7.1923,0.0,0.0024
2694,4,23,6,weather_driven,historically_calibrated,0.946831,0.160961,7.2676,7.2715,0.0039,0.0
2695,4,23,7,weather_driven,historically_calibrated,1.13738,0.193355,8.1907,8.2477,0.057,0.0
2696,4,23,8,weather_driven,historically_calibrated,1.00159,0.17027,7.5438,7.7006,0.1568,0.0
2697,4,23,9,weather_driven,historically_calibrated,0.948987,0.161328,7.2787,7.5625,0.2838,0.0
2698,4,23,10,weather_driven,historically_calibrated,0.910296,0.15475,7.0781,7.489,0.4108,0.0001
2699,4,23,11,weather_driven,historically_calibrated,0.853277,0.145057,6.7731,7.3109,0.5378,0.0
2700,4,23,12,weather_driven,historically_calibrated,0.817154,0.138916,6.5737,7.1349,0.5612,0.0
2701,4,23,13,weather_driven,historically_calibrated,0.838901,0.142613,6.6943,7.0546,0.3603,0.0
2702,4,23,14,weather_driven,historically_calibrated,0.864036,0.146886,6.8315,7.1127,0.2812,0.0
2703,4,23,15,weather_driven,historically_calibrated,0.895845,0.152294,7.0018,7.3049,0.2838,0.0193
2704,4,23,16,weather_driven,historically_calibrated,0.988287,0.168009,7.4776,7.7586,0.2618,0.0193
2705,4,23,17,weather_driven,historically_calibrated,1.131969,0.192435,8.1659,8.3653,0.1801,0.0193
2706,4,23,18,weather_driven,historically_calibrated,1.129964,0.192094,8.1567,8.2629,0.1024,0.0038
2707,4,23,19,weather_driven,historically_calibrated,1.265969,0.215215,8.7593,8.8389,0.0648,0.0148
2708,4,23,20,weather_driven,historically_calibrated,1.327245,0.225632,9.0169,9.039,0.0207,0.0014
2709,4,23,21,weather_driven,historically_calibrated,1.282039,0.217947,8.8276,8.8276,0.0,0.0
2710,4,23,22,weather_driven,historically_calibrated,1.175926,0.199907,8.3653,8.3653,0.0,0.0
2711,4,23,23,weather_driven,historically_calibrated,1.137989,0.193458,8.1935,8.1935,0.0,0.0
2712,4,23,24,weather_driven,historically_calibrated,0.807798,0.137326,6.5213,6.5213,0.0,0.0
2713,4,24,1,weather_driven,historically_calibrated,0.791512,0.134557,6.4292,6.4292,0.0,0.0
2714,4,24,2,weather_driven,historically_calibrated,0.792338,0.134697,6.4339,6.4339,0.0,0.0
2715,4,24,3,weather_driven,historically_calibrated,0.834619,0.141885,6.6707,6.6952,0.0,0.0245
2716,4,24,4,weather_driven,historically_calibrated,0.855275,0.145397,6.7839,6.7863,0.0,0.0024
2717,4,24,5,weather_driven,historically_calibrated,0.876734,0.149045,6.8999,6.9002,0.0,0.0003
2718,4,24,6,weather_driven,historically_calibrated,0.879421,0.149502,6.9143,6.9281,0.0026,0.0111
2719,4,24,7,weather_driven,historically_calibrated,1.027523,0.174679,7.6714,7.7134,0.0272,0.0148
2720,4,24,8,weather_driven,historically_calibrated,0.945555,0.160744,7.2611,7.4812,0.1309,0.0892
2721,4,24,9,weather_driven,historically_calibrated,0.939956,0.159792,7.2323,7.5625,0.2411,0.0892
2722,4,24,10,weather_driven,historically_calibrated,0.885533,0.150541,6.947,7.489,0.2411,0.3009
2723,4,24,11,weather_driven,historically_calibrated,0.830344,0.141158,6.6471,7.3109,0.3318,0.332
2724,4,24,12,weather_driven,historically_calibrated,0.807697,0.137309,6.5208,7.2919,0.3331,0.4381
2725,4,24,13,weather_driven,historically_calibrated,0.849663,0.144443,6.7533,7.3133,0.1594,0.4005
2726,4,24,14,weather_driven,historically_calibrated,0.966251,0.164263,7.3667,7.7908,0.2048,0.2194
2727,4,24,15,weather_driven,historically_calibrated,1.151898,0.195823,8.2569,8.6441,0.1426,0.2447
2728,4,24,16,weather_driven,historically_calibrated,1.241257,0.211014,8.6531,9.0947,0.0765,0.3652
2729,4,24,17,weather_driven,historically_calibrated,1.200932,0.204159,8.4767,9.3504,0.048,0.8257
2730,4,24,18,weather_driven,historically_calibrated,1.464631,0.248987,9.5664,9.6364,0.07,0.0
2731,4,24,19,weather_driven,historically_calibrated,1.652106,0.280858,10.2611,10.2883,0.0272,0.0
2732,4,24,20,weather_driven,historically_calibrated,1.692911,0.287795,10.4047,10.4125,0.0078,0.0
2733,4,24,21,weather_driven,historically_calibrated,1.555735,0.264475,9.9114,10.7975,0.0,0.8861
2734,4,24,22,weather_driven,historically_calibrated,1.541719,0.262092,9.8593,10.4238,0.0,0.5645
2735,4,24,23,weather_driven,historically_calibrated,1.428448,0.242836,9.4252,9.9031,0.0,0.4779
2736,4,24,24,weather_driven,historically_calibrated,0.888351,0.15102,6.962,7.8482,0.0,0.8861
2737,4,25,1,weather_driven,historically_calibrated,0.803086,0.136525,6.4948,7.4442,0.0,0.9494
2738,4,25,2,weather_driven,historically_calibrated,0.833875,0.141759,6.6666,7.3277,0.0,0.6611
2739,4,25,3,weather_driven,historically_calibrated,0.965612,0.164154,7.3634,7.4284,0.0,0.065
2740,4,25,4,weather_driven,historically_calibrated,0.976291,0.16597,7.4174,7.6892,0.0,0.2718
2741,4,25,5,weather_driven,historically_calibrated,0.947646,0.1611,7.2718,7.9851,0.0,0.7133
2742,4,25,6,weather_driven,historically_calibrated,0.963814,0.163848,7.3543,8.1302,0.0078,0.7682
2743,4,25,7,weather_driven,historically_calibrated,1.381441,0.234845,9.2381,9.5301,0.0726,0.2194
2744,4,25,8,weather_driven,historically_calibrated,1.263825,0.21485,8.7501,9.2916,0.1763,0.3652
2745,4,25,9,weather_driven,historically_calibrated,0.957649,0.1628,7.3229,8.8381,0.2825,1.2326
2746,4,25,10,weather_driven,historically_calibrated,0.549501,0.093415,4.922,8.862,0.4355,3.5045
2747,4,25,11,weather_driven,historically_calibrated,0.184117,0.0313,1.9361,8.544,0.4627,6.1452
2748,4,25,12,weather_driven,historically_calibrated,0.447823,0.07613,4.1949,9.1755,0.2786,4.702
2749,4,25,13,weather_driven,historically_calibrated,0.442794,0.075275,4.1572,7.7789,0.2696,3.3521
2750,4,25,14,weather_driven,historically_calibrated,0.032892,0.005592,0.2871,7.217,0.324,6.6059
2751,4,25,15,weather_driven,historically_calibrated,-0.086037,-0.014626,-1.2944,7.3049,0.4743,8.125
2752,4,25,16,weather_driven,historically_calibrated,0.03429,0.005829,0.304,7.8143,0.4212,7.0891
2753,4,25,17,weather_driven,historically_calibrated,0.454087,0.077195,4.2416,8.5391,0.3084,3.9891
2754,4,25,18,weather_driven,historically_calibrated,0.415234,0.07059,3.9474,9.2184,0.1827,5.0882
2755,4,25,19,weather_driven,historically_calibrated,0.754051,0.128189,6.2134,9.5032,0.0855,3.2043
2756,4,25,20,weather_driven,historically_calibrated,1.158548,0.196953,8.2871,10.5917,0.0156,2.289
2757,4,25,21,weather_driven,historically_calibrated,1.449567,0.246426,9.5079,10.2761,0.0,0.7682
2758,4,25,22,weather_driven,historically_calibrated,1.168809,0.198698,8.3334,9.8118,0.0,1.4784
2759,4,25,23,weather_driven,historically_calibrated,1.13731,0.193343,8.1904,9.8497,0.0,1.6593
2760,4,25,24,weather_driven,historically_calibrated,0.671456,0.114148,5.7164,7.891,0.0,2.1746
2761,4,26,1,weather_driven,historically_calibrated,0.504096,0.085696,4.6053,7.8096,0.0,3.2043
2762,4,26,2,weather_driven,historically_calibrated,0.399635,0.067938,3.8262,7.8153,0.0,3.9891
2763,4,26,3,weather_driven,historically_calibrated,0.157421,0.026762,1.6682,7.5914,0.0,5.9231
2764,4,26,4,weather_driven,historically_calibrated,0.188856,0.032106,1.9828,7.6892,0.0,5.7064
2765,4,26,5,weather_driven,historically_calibrated,0.250994,0.042669,2.5709,7.8599,0.0,5.2891
2766,4,26,6,weather_driven,historically_calibrated,0.094018,0.015983,0.9943,8.0873,0.0039,7.0891
2767,4,26,7,weather_driven,historically_calibrated,0.251056,0.04268,2.5714,9.6904,0.0298,7.0891
2768,4,26,8,weather_driven,historically_calibrated,0.1581,0.026877,1.6751,9.4013,0.1309,7.5953
2769,4,26,9,weather_driven,historically_calibrated,0.044428,0.007553,0.4254,8.8381,0.2877,8.125
2770,4,26,10,weather_driven,historically_calibrated,-0.023713,-0.004031,-0.4275,8.2029,0.5054,8.125
2771,4,26,11,weather_driven,historically_calibrated,-0.075298,-0.012801,-1.1383,7.579,0.5923,8.125
2772,4,26,12,weather_driven,historically_calibrated,-0.106589,-0.01812,-1.6018,7.1349,0.6117,8.125
2773,4,26,13,weather_driven,historically_calibrated,-0.119273,-0.020276,-1.7975,7.0546,0.7271,8.125
2774,4,26,14,weather_driven,historically_calibrated,-0.116456,-0.019798,-1.7536,7.1127,0.7413,8.125
2775,4,26,15,weather_driven,historically_calibrated,-0.088943,-0.01512,-1.3372,7.3049,0.5171,8.125
2776,4,26,16,weather_driven,historically_calibrated,0.01078,0.001833,0.0154,8.3153,0.175,8.125
2777,4,26,17,weather_driven,historically_calibrated,0.170513,0.028987,1.8007,8.9448,0.2994,6.8447
2778,4,26,18,weather_driven,historically_calibrated,0.746404,0.126889,6.1687,9.935,0.105,3.6614
2779,4,26,19,weather_driven,historically_calibrated,0.985844,0.167593,7.4653,10.4091,0.022,2.9217
2780,4,26,20,weather_driven,historically_calibrated,1.16084,0.197343,8.2974,10.5917,0.0052,2.289
2781,4,26,21,weather_driven,historically_calibrated,0.787391,0.133856,6.4058,10.5658,0.0,4.16
2782,4,26,22,weather_driven,historically_calibrated,0.688059,0.11697,5.8187,9.9787,0.0,4.16
2783,4,26,23,weather_driven,historically_calibrated,0.554964,0.094344,4.9593,9.4757,0.0,4.5164
2784,4,26,24,weather_driven,historically_calibrated,0.274686,0.046697,2.7844,7.6769,0.0,4.8926
2785,4,27,1,weather_driven,historically_calibrated,0.290954,0.049462,2.9278,7.4442,0.0,4.5164
2786,4,27,2,weather_driven,historically_calibrated,0.399977,0.067996,3.8289,7.4903,0.0,3.6614
2787,4,27,3,weather_driven,historically_calibrated,0.575599,0.097852,5.0987,7.3877,0.0,2.289
2788,4,27,4,weather_driven,historically_calibrated,0.621482,0.105652,5.4002,7.6892,0.0,2.289
2789,4,27,5,weather_driven,historically_calibrated,0.698168,0.118689,5.8804,7.7348,0.0,1.8543
2790,4,27,6,weather_driven,historically_calibrated,0.747368,0.127053,6.1743,7.6579,0.0052,1.4784
2791,4,27,7,weather_driven,historically_calibrated,1.071773,0.182201,7.8846,9.1026,0.0609,1.1571
2792,4,27,8,weather_driven,historically_calibrated,1.022957,0.173903,7.6491,8.9076,0.1737,1.0848
2793,4,27,9,weather_driven,historically_calibrated,0.859274,0.146077,6.8057,8.3389,0.3007,1.2326
2794,4,27,10,weather_driven,historically_calibrated,0.811205,0.137905,6.5404,7.8185,0.4523,0.8257
2795,4,27,11,weather_driven,historically_calibrated,0.747535,0.127081,6.1753,7.3109,0.6156,0.52
2796,4,27,12,weather_driven,historically_calibrated,0.739,0.12563,6.1251,7.1349,0.7089,0.3009
2797,4,27,13,weather_driven,historically_calibrated,0.747361,0.127051,6.1743,7.0546,0.661,0.2194
2798,4,27,14,weather_driven,historically_calibrated,0.748447,0.127236,6.1806,7.1127,0.6312,0.3009
2799,4,27,15,weather_driven,historically_calibrated,0.807189,0.137222,6.5179,7.3049,0.5676,0.2194
2800,4,27,16,weather_driven,historically_calibrated,0.916153,0.155746,7.1087,7.5916,0.3642,0.1187
2801,4,27,17,weather_driven,historically_calibrated,1.01935,0.173289,7.6314,7.9017,0.2398,0.0306
2802,4,27,18,weather_driven,historically_calibrated,1.062039,0.180547,7.8381,8.1434,0.1866,0.1187
2803,4,27,19,weather_driven,historically_calibrated,1.092002,0.18564,7.9802,8.235,0.1192,0.1356
2804,4,27,20,weather_driven,historically_calibrated,1.063581,0.180809,7.8455,8.1433,0.0259,0.2718
2805,4,27,21,weather_driven,historically_calibrated,0.805335,0.136907,6.5075,7.9006,0.0,1.3932
2806,4,27,22,weather_driven,historically_calibrated,0.961355,0.16343,7.3418,7.5865,0.0,0.2447
2807,4,27,23,weather_driven,historically_calibrated,0.893208,0.151845,6.9878,7.5524,0.0,0.5645
2808,4,27,24,weather_driven,historically_calibrated,0.53793,0.091448,4.8425,6.9065,0.0,2.0641
2809,4,28,1,weather_driven,historically_calibrated,0.28563,0.048557,2.8812,5.8029,0.0,2.9217
2810,4,28,2,weather_driven,historically_calibrated,0.171373,0.029133,1.8093,5.4707,0.0,3.6614
2811,4,28,3,weather_driven,historically_calibrated,0.038892,0.006612,0.3593,5.4476,0.0,5.0882
2812,4,28,4,weather_driven,historically_calibrated,0.068878,0.011709,0.7108,5.4128,0.0,4.702
2813,4,28,5,weather_driven,historically_calibrated,0.019505,0.003316,0.1237,5.6188,0.0,5.4951
2814,4,28,6,weather_driven,historically_calibrated,-0.012283,-0.002088,-0.2781,6.0973,0.0026,6.3728
2815,4,28,7,weather_driven,historically_calibrated,0.061254,0.010413,0.6229,7.4896,0.022,6.8447
2816,4,28,8,weather_driven,historically_calibrated,0.590326,0.100355,5.1966,7.5388,0.0531,2.289
2817,4,28,9,weather_driven,historically_calibrated,0.577129,0.098112,5.1089,7.2637,0.0907,2.0641
2818,4,28,10,weather_driven,historically_calibrated,0.127034,0.021596,1.3522,7.6477,0.1503,6.1452
2819,4,28,11,weather_driven,historically_calibrated,0.260563,0.044296,2.6578,7.0713,0.0778,4.3358
2820,4,28,12,weather_driven,historically_calibrated,0.337152,0.057316,3.3219,6.5641,0.1814,3.0608
2821,4,28,13,weather_driven,historically_calibrated,0.272639,0.046349,2.7662,6.4902,0.372,3.3521
2822,4,28,14,weather_driven,historically_calibrated,0.369099,0.062747,3.5836,6.5437,0.4303,2.5298
2823,4,28,15,weather_driven,historically_calibrated,0.354906,0.060334,3.4684,6.7205,0.4653,2.7869
2824,4,28,16,weather_driven,historically_calibrated,0.30273,0.051464,3.0301,6.9843,0.4497,3.5045
2825,4,28,17,weather_driven,historically_calibrated,0.334501,0.056865,3.2998,7.2696,0.3084,3.6614
2826,4,28,18,weather_driven,historically_calibrated,0.360128,0.061222,3.511,7.492,0.1581,3.8229
2827,4,28,19,weather_driven,historically_calibrated,0.460304,0.078252,4.2877,7.5762,0.0842,3.2043
2828,4,28,20,weather_driven,historically_calibrated,0.587922,0.099947,5.1807,7.4918,0.022,2.289
2829,4,28,21,weather_driven,historically_calibrated,0.589739,0.100256,5.1928,7.4818,0.0,2.289
2830,4,28,22,weather_driven,historically_calibrated,0.642028,0.109145,5.5317,7.2867,0.0,1.755
2831,4,28,23,weather_driven,historically_calibrated,0.715912,0.121705,5.9877,7.1448,0.0,1.1571
2832,4,28,24,weather_driven,historically_calibrated,0.555152,0.094376,4.9606,6.1177,0.0,1.1571
2833,4,29,1,weather_driven,historically_calibrated,0.569218,0.096767,5.0558,6.2884,0.0,1.2326
2834,4,29,2,weather_driven,historically_calibrated,0.653671,0.111124,5.6052,6.5546,0.0,0.9494
2835,4,29,3,weather_driven,historically_calibrated,0.740773,0.125931,6.1355,6.7967,0.0,0.6611
2836,4,29,4,weather_driven,historically_calibrated,0.821507,0.139656,6.598,6.9986,0.0,0.4005
2837,4,29,5,weather_driven,historically_calibrated,0.88574,0.150576,6.9481,7.1928,0.0,0.2447
2838,4,29,6,weather_driven,historically_calibrated,0.907181,0.154221,7.0617,7.1638,0.013,0.0892
2839,4,29,7,weather_driven,historically_calibrated,1.150071,0.195512,8.2486,8.4236,0.0985,0.0764
2840,4,29,8,weather_driven,historically_calibrated,1.04425,0.177522,7.7526,8.1445,0.2177,0.1741
2841,4,29,9,weather_driven,historically_calibrated,0.901537,0.153261,7.0319,7.6718,0.3681,0.2718
2842,4,29,10,weather_driven,historically_calibrated,0.739718,0.125752,6.1293,7.0414,0.5469,0.3652
2843,4,29,11,weather_driven,historically_calibrated,0.662977,0.112706,5.6636,6.726,0.6972,0.3652
2844,4,29,12,weather_driven,historically_calibrated,0.630133,0.107123,5.4558,6.5641,0.8074,0.3009
2845,4,29,13,weather_driven,historically_calibrated,0.605494,0.102934,5.2964,6.4902,0.8618,0.332
2846,4,29,14,weather_driven,historically_calibrated,0.621744,0.105696,5.4019,6.5437,0.7413,0.4005
2847,4,29,15,weather_driven,historically_calibrated,0.595959,0.101313,5.2338,6.7205,0.661,0.8257
2848,4,29,16,weather_driven,historically_calibrated,0.699896,0.118982,5.891,6.9843,0.5288,0.5645
2849,4,29,17,weather_driven,historically_calibrated,0.845156,0.143677,6.7287,7.2696,0.3668,0.1741
2850,4,29,18,weather_driven,historically_calibrated,0.78384,0.133253,6.3855,7.492,0.2203,0.8861
2851,4,29,19,weather_driven,historically_calibrated,0.977918,0.166246,7.4256,7.5762,0.0959,0.0548
2852,4,29,20,weather_driven,historically_calibrated,0.987761,0.167919,7.4749,7.4918,0.0168,0.0
2853,4,29,21,weather_driven,historically_calibrated,0.947014,0.160992,7.2686,7.2686,0.0,0.0
2854,4,29,22,weather_driven,historically_calibrated,0.891647,0.15158,6.9796,6.9796,0.0,0.0
2855,4,29,23,weather_driven,historically_calibrated,0.885759,0.150579,6.9482,6.9482,0.0,0.0
2856,4,29,24,weather_driven,historically_calibrated,0.66635,0.113279,5.6846,5.6846,0.0,0.0
2857,4,30,1,weather_driven,historically_calibrated,0.763233,0.12975,6.2669,6.2669,0.0,0.0
2858,4,30,2,weather_driven,historically_calibrated,0.771048,0.131078,6.3121,6.3121,0.0,0.0
2859,4,30,3,weather_driven,historically_calibrated,0.795308,0.135202,6.4508,6.4508,0.0,0.0
2860,4,30,4,weather_driven,historically_calibrated,0.833263,0.141655,6.6632,6.6632,0.0,0.0
2861,4,30,5,weather_driven,historically_calibrated,0.869034,0.147736,6.8585,6.8585,0.0,0.0
2862,4,30,6,weather_driven,historically_calibrated,0.864577,0.146978,6.8344,6.8422,0.0078,0.0
2863,4,30,7,weather_driven,historically_calibrated,1.024988,0.174248,7.659,7.7134,0.0544,0.0
2864,4,30,8,weather_driven,historically_calibrated,1.020605,0.173503,7.6375,7.7555,0.1179,0.0
2865,4,30,9,weather_driven,historically_calibrated,0.978555,0.166354,7.4288,7.618,0.1892,0.0
2866,4,30,10,weather_driven,historically_calibrated,0.939968,0.159795,7.2324,7.489,0.2566,0.0
2867,4,30,11,weather_driven,historically_calibrated,0.898597,0.152761,7.0164,7.3109,0.2942,0.0003
2868,4,30,12,weather_driven,historically_calibrated,0.853084,0.145024,6.772,7.1349,0.3253,0.0376
2869,4,30,13,weather_driven,historically_calibrated,0.835232,0.141989,6.6741,7.0546,0.3694,0.0111
2870,4,30,14,weather_driven,historically_calibrated,0.843711,0.143431,6.7207,7.1127,0.3771,0.0148
2871,4,30,15,weather_driven,historically_calibrated,0.800571,0.136097,6.4806,7.3049,0.4238,0.4005
2872,4,30,16,weather_driven,historically_calibrated,0.848183,0.144191,6.7452,7.5916,0.4458,0.4005
2873,4,30,17,weather_driven,historically_calibrated,0.979938,0.166589,7.4357,7.9017,0.3473,0.1187
2874,4,30,18,weather_driven,historically_calibrated,1.056611,0.179624,7.8121,8.1434,0.1957,0.1356
2875,4,30,19,weather_driven,historically_calibrated,1.269566,0.215826,8.7746,8.9597,0.0959,0.0892
2876,4,30,20,weather_driven,historically_calibrated,1.382603,0.235042,9.2428,9.3376,0.0298,0.065
2877,4,30,21,weather_driven,historically_calibrated,1.418946,0.241221,9.3878,9.407,0.0,0.0193
2878,4,30,22,weather_driven,historically_calibrated,1.347781,0.229123,9.1014,9.2555,0.0,0.1541
2879,4,30,23,weather_driven,historically_calibrated,1.325747,0.225377,9.0107,9.0483,0.0,0.0376
2880,4,30,24,weather_driven,historically_calibrated,0.953326,0.162065,7.3009,7.3773,0.0,0.0764
2881,5,1,1,weather_driven,historically_calibrated,0.642726,0.109263,5.5361,5.5361,0.0,0.0
2882,5,1,2,weather_driven,historically_calibrated,0.695655,0.118261,5.8652,5.8652,0.0,0.0
2883,5,1,3,weather_driven,historically_calibrated,0.752848,0.127984,6.2064,6.2064,0.0,0.0
2884,5,1,4,weather_driven,historically_calibrated,0.78217,0.132969,6.376,6.376,0.0,0.0
2885,5,1,5,weather_driven,historically_calibrated,0.838403,0.142529,6.6916,6.6916,0.0,0.0
2886,5,1,6,weather_driven,historically_calibrated,0.840247,0.142842,6.7017,6.7134,0.0117,0.0
2887,5,1,7,weather_driven,historically_calibrated,0.955851,0.162495,7.3138,7.3928,0.0791,0.0
2888,5,1,8,weather_driven,historically_calibrated,0.952335,0.161897,7.2958,7.4812,0.1853,0.0
2889,5,1,9,weather_driven,historically_calibrated,0.939402,0.159698,7.2295,7.5625,0.3331,0.0
2890,5,1,10,weather_driven,historically_calibrated,0.897564,0.152586,7.0109,7.489,0.4588,0.0193
2891,5,1,11,weather_driven,historically_calibrated,0.864249,0.146922,6.8326,7.3109,0.4406,0.0376
2892,5,1,12,weather_driven,historically_calibrated,0.790991,0.134468,6.4263,7.1349,0.464,0.2447
2893,5,1,13,weather_driven,historically_calibrated,0.709959,0.120693,5.9518,7.0546,0.4912,0.6116
2894,5,1,14,weather_driven,historically_calibrated,0.725118,0.12327,6.0427,7.1127,0.5054,0.5645
2895,5,1,15,weather_driven,historically_calibrated,0.789906,0.134284,6.4201,7.3049,0.4069,0.4779
2896,5,1,16,weather_driven,historically_calibrated,0.834249,0.141822,6.6687,7.5916,0.2618,0.6611
2897,5,1,17,weather_driven,historically_calibrated,0.948231,0.161199,7.2748,7.9017,0.149,0.4779
2898,5,1,18,weather_driven,historically_calibrated,0.90571,0.153971,7.0539,8.1434,0.0739,1.0156
2899,5,1,19,weather_driven,historically_calibrated,1.026377,0.174484,7.6658,8.235,0.0492,0.52
2900,5,1,20,weather_driven,historically_calibrated,0.653331,0.111066,5.6031,8.1433,0.0104,2.5298
2901,5,1,21,weather_driven,historically_calibrated,0.410599,0.069802,3.9116,7.9006,0.0,3.9891
2902,5,1,22,weather_driven,historically_calibrated,0.58767,0.099904,5.1791,7.5865,0.0,2.4074
2903,5,1,23,weather_driven,historically_calibrated,0.626262,0.106465,5.4309,7.2853,0.0,1.8543
2904,5,1,24,weather_driven,historically_calibrated,0.445462,0.075728,4.1772,5.8365,0.0,1.6593
2905,5,2,1,weather_driven,historically_calibrated,0.406118,0.06904,3.8768,5.5361,0.0,1.6593
2906,5,2,2,weather_driven,historically_calibrated,0.368998,0.06273,3.5828,5.5401,0.0,1.9573
2907,5,2,3,weather_driven,historically_calibrated,0.316403,0.053788,3.1472,5.5546,0.0,2.4074
2908,5,2,4,weather_driven,historically_calibrated,0.262417,0.044611,2.6745,5.5962,0.0,2.9217
2909,5,2,5,weather_driven,historically_calibrated,0.33246,0.056518,3.2827,5.6901,0.0,2.4074
2910,5,2,6,weather_driven,historically_calibrated,0.408769,0.069491,3.8974,5.8547,0.0,1.9573
2911,5,2,7,weather_driven,historically_calibrated,0.713329,0.121266,5.9721,7.286,0.0026,1.3112
2912,5,2,8,weather_driven,historically_calibrated,0.758524,0.128949,6.2395,7.4812,0.0091,1.2326
2913,5,2,9,weather_driven,historically_calibrated,0.732026,0.124444,6.0838,7.5625,0.0855,1.3932
2914,5,2,10,weather_driven,historically_calibrated,0.626299,0.106471,5.4312,7.489,0.2035,1.8543
2915,5,2,11,weather_driven,historically_calibrated,0.569872,0.096878,5.0602,7.3109,0.1866,2.0641
2916,5,2,12,weather_driven,historically_calibrated,0.387059,0.0658,3.7272,7.1349,0.2035,3.2043
2917,5,2,13,weather_driven,historically_calibrated,0.284639,0.048389,2.8724,7.0546,0.1931,3.9891
2918,5,2,14,weather_driven,historically_calibrated,0.155761,0.026479,1.6513,7.1127,0.1724,5.2891
2919,5,2,15,weather_driven,historically_calibrated,0.166522,0.028309,1.7605,7.3049,0.0492,5.4951
2920,5,2,16,weather_driven,historically_calibrated,0.311965,0.053034,3.1094,7.5916,0.1464,4.3358
2921,5,2,17,weather_driven,historically_calibrated,0.437319,0.074344,4.1159,7.9017,0.1244,3.6614
2922,5,2,18,weather_driven,historically_calibrated,0.630902,0.107253,5.4607,8.1434,0.1529,2.5298
2923,5,2,19,weather_driven,historically_calibrated,0.786093,0.133636,6.3984,8.235,0.0816,1.755
2924,5,2,20,weather_driven,historically_calibrated,0.830267,0.141145,6.6467,8.1433,0.0181,1.4784
2925,5,2,21,weather_driven,historically_calibrated,0.873959,0.148573,6.885,7.9006,0.0,1.0156
2926,5,2,22,weather_driven,historically_calibrated,1.011507,0.171956,7.5928,7.8646,0.0,0.2718
2927,5,2,23,weather_driven,historically_calibrated,1.018718,0.173182,7.6283,7.8729,0.0,0.2447
2928,5,2,24,weather_driven,historically_calibrated,0.779778,0.132562,6.3623,6.6069,0.0,0.2447
2929,5,3,1,weather_driven,historically_calibrated,0.799926,0.135987,6.4769,6.6728,0.0,0.1959
2930,5,3,2,weather_driven,historically_calibrated,0.840772,0.142931,6.7046,6.8402,0.0,0.1356
2931,5,3,3,weather_driven,historically_calibrated,0.884809,0.150418,6.9431,7.0618,0.0,0.1187
2932,5,3,4,weather_driven,historically_calibrated,0.979763,0.16656,7.4348,7.443,0.0,0.0081
2933,5,3,5,weather_driven,historically_calibrated,1.031473,0.17535,7.6906,7.693,0.0,0.0024
2934,5,3,6,weather_driven,historically_calibrated,1.025367,0.174312,7.6608,7.7009,0.0156,0.0245
2935,5,3,7,weather_driven,historically_calibrated,1.259516,0.214118,8.7317,8.8355,0.1024,0.0014
2936,5,3,8,weather_driven,historically_calibrated,1.173033,0.199416,8.3524,8.5784,0.2203,0.0057
2937,5,3,9,weather_driven,historically_calibrated,0.999567,0.169926,7.5338,7.8953,0.3577,0.0038
2938,5,3,10,weather_driven,historically_calibrated,0.883636,0.150218,6.9369,7.489,0.5521,0.0
2939,5,3,11,weather_driven,historically_calibrated,0.816873,0.138868,6.5722,7.3109,0.7387,0.0
2940,5,3,12,weather_driven,historically_calibrated,0.768785,0.130693,6.299,7.1349,0.8359,0.0
2941,5,3,13,weather_driven,historically_calibrated,0.746979,0.126986,6.172,7.0546,0.8826,0.0
2942,5,3,14,weather_driven,historically_calibrated,0.766515,0.130308,6.2859,7.1127,0.8268,0.0
2943,5,3,15,weather_driven,historically_calibrated,0.823706,0.14003,6.6103,7.3049,0.6947,0.0
2944,5,3,16,weather_driven,historically_calibrated,0.909618,0.154635,7.0745,7.5916,0.5171,0.0
2945,5,3,17,weather_driven,historically_calibrated,0.997461,0.169568,7.5233,7.9017,0.3784,0.0
2946,5,3,18,weather_driven,historically_calibrated,1.077439,0.183165,7.9115,8.1434,0.232,0.0
2947,5,3,19,weather_driven,historically_calibrated,1.122781,0.190873,8.1236,8.235,0.1115,0.0
2948,5,3,20,weather_driven,historically_calibrated,1.12059,0.1905,8.1134,8.1433,0.0298,0.0
2949,5,3,21,weather_driven,historically_calibrated,1.075157,0.182777,7.9006,7.9006,0.0,0.0
2950,5,3,22,weather_driven,historically_calibrated,1.009937,0.171689,7.5851,7.5865,0.0,0.0014
2951,5,3,23,weather_driven,historically_calibrated,0.967475,0.164471,7.3729,7.3921,0.0,0.0193
2952,5,3,24,weather_driven,historically_calibrated,0.73711,0.125309,6.1139,6.1789,0.0,0.065
2953,5,4,1,weather_driven,historically_calibrated,0.753883,0.12816,6.2124,6.348,0.0,0.1356
2954,5,4,2,weather_driven,historically_calibrated,0.795626,0.135256,6.4526,6.5558,0.0,0.1032
2955,5,4,3,weather_driven,historically_calibrated,0.792541,0.134732,6.4351,6.6545,0.0,0.2194
2956,5,4,4,weather_driven,historically_calibrated,0.783893,0.133262,6.3858,6.7863,0.0,0.4005
2957,5,4,5,weather_driven,historically_calibrated,0.874714,0.148701,6.8891,6.9002,0.0,0.0111
2958,5,4,6,weather_driven,historically_calibrated,0.851698,0.144789,6.7644,6.7993,0.0156,0.0193
2959,5,4,7,weather_driven,historically_calibrated,0.980644,0.166709,7.4393,7.5531,0.0946,0.0193
2960,5,4,8,weather_driven,historically_calibrated,0.955381,0.162415,7.3114,7.4812,0.1698,0.0
2961,5,4,9,weather_driven,historically_calibrated,0.957117,0.16271,7.3202,7.5625,0.2385,0.0038
2962,5,4,10,weather_driven,historically_calibrated,0.919951,0.156392,7.1286,7.489,0.359,0.0014
2963,5,4,11,weather_driven,historically_calibrated,0.860188,0.146232,6.8106,7.3109,0.5003,0.0
2964,5,4,12,weather_driven,historically_calibrated,0.804678,0.136795,6.5038,7.1349,0.6312,0.0
2965,5,4,13,weather_driven,historically_calibrated,0.799389,0.135896,6.4739,7.0546,0.5806,0.0001
2966,5,4,14,weather_driven,historically_calibrated,0.818551,0.139154,6.5815,7.1127,0.5288,0.0024
2967,5,4,15,weather_driven,historically_calibrated,0.879139,0.149454,6.9128,7.3049,0.3914,0.0007
2968,5,4,16,weather_driven,historically_calibrated,0.953151,0.162036,7.3,7.5916,0.2916,0.0
2969,5,4,17,weather_driven,historically_calibrated,1.01898,0.173227,7.6296,7.9017,0.2722,0.0
2970,5,4,18,weather_driven,historically_calibrated,1.087861,0.184936,7.9607,8.1434,0.1827,0.0
2971,5,4,19,weather_driven,historically_calibrated,1.122987,0.190908,8.1245,8.235,0.1024,0.0081
2972,5,4,20,weather_driven,historically_calibrated,1.119229,0.190269,8.1071,8.1433,0.0337,0.0024
2973,5,4,21,weather_driven,historically_calibrated,1.075157,0.182777,7.9006,7.9006,0.0,0.0
2974,5,4,22,weather_driven,historically_calibrated,1.01022,0.171737,7.5865,7.5865,0.0,0.0
2975,5,4,23,weather_driven,historically_calibrated,0.950269,0.161546,7.2853,7.2853,0.0,0.0
2976,5,4,24,weather_driven,historically_calibrated,0.690962,0.117463,5.8365,5.8365,0.0,0.0
2977,5,5,1,weather_driven,historically_calibrated,0.574786,0.097714,5.0932,5.0932,0.0,0.0
2978,5,5,2,weather_driven,historically_calibrated,0.575341,0.097808,5.0969,5.0969,0.0,0.0
2979,5,5,3,weather_driven,historically_calibrated,0.617107,0.104908,5.3719,5.3726,0.0,0.0007
2980,5,5,4,weather_driven,historically_calibrated,0.670991,0.114068,5.7135,5.7149,0.0,0.0014
2981,5,5,5,weather_driven,historically_calibrated,0.718419,0.122131,6.0027,6.0027,0.0,0.0
2982,5,5,6,weather_driven,historically_calibrated,0.695631,0.118257,5.865,5.8998,0.0156,0.0193
2983,5,5,7,weather_driven,historically_calibrated,0.825254,0.140293,6.6189,6.7031,0.0842,0.0
2984,5,5,8,weather_driven,historically_calibrated,0.836189,0.142152,6.6794,6.8827,0.2009,0.0024
2985,5,5,9,weather_driven,historically_calibrated,0.820665,0.139513,6.5933,6.9575,0.3642,0.0
2986,5,5,10,weather_driven,historically_calibrated,0.773882,0.13156,6.3284,6.8899,0.5612,0.0003
2987,5,5,11,weather_driven,historically_calibrated,0.836459,0.142198,6.6809,7.3852,0.6895,0.0148
2988,5,5,12,weather_driven,historically_calibrated,0.844072,0.143492,6.7227,7.4525,0.7296,0.0001
2989,5,5,13,weather_driven,historically_calibrated,0.827028,0.140595,6.6287,7.4594,0.8307,0.0
2990,5,5,14,weather_driven,historically_calibrated,0.958266,0.162905,7.3261,8.1011,0.775,0.0
2991,5,5,15,weather_driven,historically_calibrated,1.046504,0.177906,7.7635,8.4141,0.6506,0.0
2992,5,5,16,weather_driven,historically_calibrated,1.156464,0.196599,8.2776,8.7769,0.499,0.0003
2993,5,5,17,weather_driven,historically_calibrated,1.263342,0.214768,8.7481,9.0676,0.3188,0.0007
2994,5,5,18,weather_driven,historically_calibrated,1.306649,0.22213,8.9312,9.1352,0.1983,0.0057
2995,5,5,19,weather_driven,historically_calibrated,0.999356,0.169891,7.5327,7.6116,0.0765,0.0024
2996,5,5,20,weather_driven,historically_calibrated,0.987621,0.167896,7.4742,7.4918,0.0168,0.0007
2997,5,5,21,weather_driven,historically_calibrated,0.947014,0.160992,7.2686,7.2686,0.0,0.0
2998,5,5,22,weather_driven,historically_calibrated,0.796852,0.135465,6.4596,6.9796,0.0,0.52
2999,5,5,23,weather_driven,historically_calibrated,0.805174,0.13688,6.5066,6.7024,0.0,0.1959
3000,5,5,24,weather_driven,historically_calibrated,0.605,0.10285,5.2931,5.3696,0.0,0.0764
3001,5,6,1,weather_driven,historically_calibrated,0.56799,0.096558,5.0476,5.0932,0.0,0.0457
3002,5,6,2,weather_driven,historically_calibrated,0.574128,0.097602,5.0888,5.0969,0.0,0.0081
3003,5,6,3,weather_driven,historically_calibrated,0.575671,0.097864,5.0991,5.1103,0.0,0.0111
3004,5,6,4,weather_driven,historically_calibrated,0.581851,0.098915,5.1404,5.1485,0.0,0.0081
3005,5,6,5,weather_driven,historically_calibrated,0.596124,0.101341,5.2349,5.2349,0.0,0.0
3006,5,6,6,weather_driven,historically_calibrated,0.616933,0.104879,5.3708,5.3863,0.0156,0.0
3007,5,6,7,weather_driven,historically_calibrated,0.825359,0.140311,6.6194,6.7031,0.0829,0.0007
3008,5,6,8,weather_driven,historically_calibrated,-0.092342,-0.015698,-1.3875,6.8827,0.1452,8.125
3009,5,6,9,weather_driven,historically_calibrated,0.618248,0.105102,5.3793,6.9575,0.0998,1.4784
3010,5,6,10,weather_driven,historically_calibrated,0.800837,0.136142,6.4821,6.8899,0.2722,0.1356
3011,5,6,11,weather_driven,historically_calibrated,0.73235,0.124499,6.0857,6.726,0.2398,0.4005
3012,5,6,12,weather_driven,historically_calibrated,0.731316,0.124324,6.0796,6.5641,0.4653,0.0193
3013,5,6,13,weather_driven,historically_calibrated,0.708761,0.120489,5.9446,6.4902,0.5456,0.0
3014,5,6,14,weather_driven,historically_calibrated,0.758225,0.128898,6.2378,6.5437,0.3059,0.0001
3015,5,6,15,weather_driven,historically_calibrated,0.799124,0.135851,6.4724,6.7205,0.2333,0.0148
3016,5,6,16,weather_driven,historically_calibrated,0.869191,0.147762,6.8593,6.9843,0.1192,0.0057
3017,5,6,17,weather_driven,historically_calibrated,0.92735,0.15765,7.1671,7.2696,0.1011,0.0014
3018,5,6,18,weather_driven,historically_calibrated,0.968201,0.164594,7.3765,7.492,0.1153,0.0001
3019,5,6,19,weather_driven,historically_calibrated,0.994554,0.169074,7.5088,7.5762,0.0674,0.0
3020,5,6,20,weather_driven,historically_calibrated,0.985174,0.16748,7.462,7.4918,0.0298,0.0
3021,5,6,21,weather_driven,historically_calibrated,0.947014,0.160992,7.2686,7.2686,0.0,0.0
3022,5,6,22,weather_driven,historically_calibrated,0.891513,0.151557,6.9788,6.9796,0.0,0.0007
3023,5,6,23,weather_driven,historically_calibrated,0.840376,0.142864,6.7024,6.7024,0.0,0.0
3024,5,6,24,weather_driven,historically_calibrated,0.640931,0.108958,5.5247,5.5271,0.0,0.0024
3025,5,7,1,weather_driven,historically_calibrated,0.733007,0.124611,6.0896,6.1045,0.0,0.0148
3026,5,7,2,weather_driven,historically_calibrated,0.743664,0.126423,6.1526,6.1902,0.0,0.0376
3027,5,7,3,weather_driven,historically_calibrated,0.6956,0.118252,5.8648,6.0842,0.0,0.2194
3028,5,7,4,weather_driven,historically_calibrated,0.625663,0.106363,5.4271,6.2528,0.0,0.8257
3029,5,7,5,weather_driven,historically_calibrated,0.487152,0.082816,4.4839,6.4412,0.0,1.9573
3030,5,7,6,weather_driven,historically_calibrated,0.579057,0.09844,5.1218,6.3699,0.0156,1.2326
3031,5,7,7,weather_driven,historically_calibrated,0.712831,0.121181,5.9691,7.286,0.0842,1.2326
3032,5,7,8,weather_driven,historically_calibrated,0.644907,0.109634,5.5499,7.4812,0.1763,1.755
3033,5,7,9,weather_driven,historically_calibrated,0.537973,0.091455,4.8428,7.5625,0.3123,2.4074
3034,5,7,10,weather_driven,historically_calibrated,0.410868,0.069848,3.9137,7.489,0.5145,3.0608
3035,5,7,11,weather_driven,historically_calibrated,0.268287,0.045609,2.7273,7.3109,0.7608,3.8229
3036,5,7,12,weather_driven,historically_calibrated,0.162808,0.027677,1.723,7.1349,0.8955,4.5164
3037,5,7,13,weather_driven,historically_calibrated,0.096953,0.016482,1.0268,7.0546,0.9396,5.0882
3038,5,7,14,weather_driven,historically_calibrated,0.04934,0.008388,0.4835,7.1127,0.9228,5.7064
3039,5,7,15,weather_driven,historically_calibrated,0.174649,0.02969,1.8421,7.3049,0.5702,4.8926
3040,5,7,16,weather_driven,historically_calibrated,0.417952,0.071052,3.9683,7.5916,0.5625,3.0608
3041,5,7,17,weather_driven,historically_calibrated,0.780682,0.132716,6.3674,7.9017,0.3771,1.1571
3042,5,7,18,weather_driven,historically_calibrated,0.732118,0.12446,6.0844,8.1434,0.2048,1.8543
3043,5,7,19,weather_driven,historically_calibrated,0.93221,0.158476,7.1923,8.235,0.0933,0.9494
3044,5,7,20,weather_driven,historically_calibrated,1.091778,0.185602,7.9791,8.1433,0.0285,0.1356
3045,5,7,21,weather_driven,historically_calibrated,1.071104,0.182088,7.8814,7.9006,0.0,0.0193
3046,5,7,22,weather_driven,historically_calibrated,1.00099,0.170168,7.5408,7.5865,0.0,0.0457
3047,5,7,23,weather_driven,historically_calibrated,1.007943,0.17135,7.5752,7.6058,0.0,0.0306
3048,5,7,24,weather_driven,historically_calibrated,0.777243,0.132131,6.3477,6.3501,0.0,0.0024
3049,5,8,1,weather_driven,historically_calibrated,0.805186,0.136882,6.5066,6.5104,0.0,0.0038
3050,5,8,2,weather_driven,historically_calibrated,0.85771,0.145811,6.7972,6.7996,0.0,0.0024
3051,5,8,3,weather_driven,historically_calibrated,0.899346,0.152889,7.0204,7.0211,0.0,0.0007
3052,5,8,4,weather_driven,historically_calibrated,0.949007,0.161331,7.2788,7.2788,0.0,0.0
3053,5,8,5,weather_driven,historically_calibrated,0.981322,0.166825,7.4427,7.4427,0.0,0.0
3054,5,8,6,weather_driven,historically_calibrated,0.961109,0.163389,7.3406,7.3574,0.0168,0.0
3055,5,8,7,weather_driven,historically_calibrated,1.096905,0.186474,8.0032,8.0874,0.0842,0.0
3056,5,8,8,weather_driven,historically_calibrated,0.947273,0.161036,7.2699,7.4812,0.2112,0.0
3057,5,8,9,weather_driven,historically_calibrated,0.927375,0.157654,7.1672,7.5625,0.3953,0.0
3058,5,8,10,weather_driven,historically_calibrated,0.872743,0.148366,6.8785,7.489,0.6104,0.0001
3059,5,8,11,weather_driven,historically_calibrated,0.804384,0.136745,6.5021,7.3109,0.8087,0.0001
3060,5,8,12,weather_driven,historically_calibrated,0.755782,0.128483,6.2235,7.1349,0.9111,0.0003
3061,5,8,13,weather_driven,historically_calibrated,0.728751,0.123888,6.0644,7.0546,0.9888,0.0014
3062,5,8,14,weather_driven,historically_calibrated,0.749137,0.127353,6.1847,7.1127,0.9266,0.0014
3063,5,8,15,weather_driven,historically_calibrated,0.811047,0.137878,6.5396,7.3049,0.7646,0.0007
3064,5,8,16,weather_driven,historically_calibrated,0.897573,0.152587,7.011,7.5916,0.5806,0.0
3065,5,8,17,weather_driven,historically_calibrated,0.997461,0.169568,7.5233,7.9017,0.3784,0.0
3066,5,8,18,weather_driven,historically_calibrated,1.082642,0.184049,7.9361,8.1434,0.2074,0.0
3067,5,8,19,weather_driven,historically_calibrated,1.126715,0.191542,8.1417,8.235,0.0933,0.0
3068,5,8,20,weather_driven,historically_calibrated,1.108508,0.188446,8.0574,8.1433,0.0311,0.0548
3069,5,8,21,weather_driven,historically_calibrated,1.083327,0.184166,7.9393,7.9586,0.0,0.0193
3070,5,8,22,weather_driven,historically_calibrated,1.099791,0.186964,8.0167,8.0315,0.0,0.0148
3071,5,8,23,weather_driven,historically_calibrated,1.088765,0.18509,7.965,7.9798,0.0,0.0148
3072,5,8,24,weather_driven,historically_calibrated,0.806784,0.137153,6.5156,6.5213,0.0,0.0057
3073,5,9,1,weather_driven,historically_calibrated,0.805437,0.136924,6.508,6.5104,0.0,0.0024
3074,5,9,2,weather_driven,historically_calibrated,0.828482,0.140842,6.6368,6.6371,0.0,0.0003
3075,5,9,3,weather_driven,historically_calibrated,0.853925,0.145167,6.7766,6.7767,0.0,0.0001
3076,5,9,4,weather_driven,historically_calibrated,0.88619,0.150652,6.9505,6.9505,0.0,0.0
3077,5,9,5,weather_driven,historically_calibrated,0.892422,0.151712,6.9837,6.9837,0.0,0.0
3078,5,9,6,weather_driven,historically_calibrated,0.845472,0.14373,6.7304,6.7563,0.0259,0.0
3079,5,9,7,weather_driven,historically_calibrated,0.92828,0.157808,7.1719,7.286,0.114,0.0
3080,5,9,8,weather_driven,historically_calibrated,0.941974,0.160136,7.2427,7.4812,0.2385,0.0
3081,5,9,9,weather_driven,historically_calibrated,0.926628,0.157527,7.1634,7.5625,0.3992,0.0
3082,5,9,10,weather_driven,historically_calibrated,0.881214,0.149806,6.9239,7.489,0.5651,0.0
3083,5,9,11,weather_driven,historically_calibrated,0.818033,0.139066,6.5787,7.3109,0.7322,0.0
3084,5,9,12,weather_driven,historically_calibrated,0.762741,0.129666,6.264,7.1349,0.8709,0.0
3085,5,9,13,weather_driven,historically_calibrated,0.764449,0.129956,6.2739,7.1863,0.9124,0.0
3086,5,9,14,weather_driven,historically_calibrated,0.802964,0.136504,6.4941,7.3119,0.8178,0.0
3087,5,9,15,weather_driven,historically_calibrated,0.864784,0.147013,6.8355,7.5095,0.6739,0.0
3088,5,9,16,weather_driven,historically_calibrated,0.947246,0.161032,7.2698,7.7687,0.499,0.0
3089,5,9,17,weather_driven,historically_calibrated,1.004895,0.170832,7.5602,7.9386,0.3784,0.0
3090,5,9,18,weather_driven,historically_calibrated,1.076619,0.183025,7.9076,8.1434,0.2359,0.0
3091,5,9,19,weather_driven,historically_calibrated,1.118297,0.19011,8.1028,8.235,0.1322,0.0
3092,5,9,20,weather_driven,historically_calibrated,1.11721,0.189926,8.0978,8.1433,0.0454,0.0001
3093,5,9,21,weather_driven,historically_calibrated,1.07465,0.182691,7.8982,7.9006,0.0,0.0024
3094,5,9,22,weather_driven,historically_calibrated,1.007215,0.171227,7.5716,7.5865,0.0,0.0148
3095,5,9,23,weather_driven,historically_calibrated,0.932944,0.1586,7.1961,7.2853,0.0,0.0892
3096,5,9,24,weather_driven,historically_calibrated,0.703845,0.119654,5.9149,6.0505,0.0,0.1356
3097,5,10,1,weather_driven,historically_calibrated,0.738655,0.125571,6.123,6.2263,0.0,0.1032
3098,5,10,2,weather_driven,historically_calibrated,0.77986,0.132576,6.3627,6.3933,0.0,0.0306
3099,5,10,3,weather_driven,historically_calibrated,0.813577,0.138308,6.5537,6.573,0.0,0.0193
3100,5,10,4,weather_driven,historically_calibrated,0.852994,0.145009,6.7715,6.7863,0.0,0.0148
3101,5,10,5,weather_driven,historically_calibrated,0.890325,0.151355,6.9725,6.9837,0.0,0.0111
3102,5,10,6,weather_driven,historically_calibrated,0.8767,0.149039,6.8997,6.9281,0.0259,0.0024
3103,5,10,7,weather_driven,historically_calibrated,0.929641,0.158039,7.179,7.286,0.1063,0.0007
3104,5,10,8,weather_driven,historically_calibrated,0.9436,0.160412,7.2511,7.4812,0.2294,0.0007
3105,5,10,9,weather_driven,historically_calibrated,0.925481,0.157332,7.1574,7.5625,0.394,0.0111
3106,5,10,10,weather_driven,historically_calibrated,0.98184,0.166913,7.4453,8.0831,0.5728,0.065
3107,5,10,11,weather_driven,historically_calibrated,1.019557,0.173325,7.6324,8.5391,0.7711,0.1356
3108,5,10,12,weather_driven,historically_calibrated,1.040602,0.176902,7.735,8.7664,0.8774,0.1541
3109,5,10,13,weather_driven,historically_calibrated,1.129067,0.191941,8.1525,9.2603,0.8631,0.2447
3110,5,10,14,weather_driven,historically_calibrated,1.237429,0.210363,8.6365,9.6354,0.7271,0.2718
3111,5,10,15,weather_driven,historically_calibrated,1.270059,0.21591,8.7767,9.7594,0.6817,0.3009
3112,5,10,16,weather_driven,historically_calibrated,1.392574,0.236738,9.2828,9.8944,0.4575,0.1541
3113,5,10,17,weather_driven,historically_calibrated,1.541726,0.262093,9.8593,10.188,0.3175,0.0111
3114,5,10,18,weather_driven,historically_calibrated,1.55682,0.264659,9.9154,10.1576,0.2398,0.0024
3115,5,10,19,weather_driven,historically_calibrated,1.148761,0.195289,8.2427,8.3503,0.1076,0.0001
3116,5,10,20,weather_driven,historically_calibrated,1.120851,0.190545,8.1147,8.1433,0.0285,0.0001
3117,5,10,21,weather_driven,historically_calibrated,1.07281,0.182378,7.8895,7.9006,0.0,0.0111
3118,5,10,22,weather_driven,historically_calibrated,1.009063,0.171541,7.5808,7.5865,0.0,0.0057
3119,5,10,23,weather_driven,historically_calibrated,0.949523,0.161419,7.2814,7.2853,0.0,0.0038
3120,5,10,24,weather_driven,historically_calibrated,0.688538,0.117051,5.8217,5.8365,0.0,0.0148
3121,5,11,1,weather_driven,historically_calibrated,0.618671,0.105174,5.382,5.5361,0.0,0.1541
3122,5,11,2,weather_driven,historically_calibrated,0.643365,0.109372,5.5401,5.5401,0.0,0.0
3123,5,11,3,weather_driven,historically_calibrated,0.645656,0.109762,5.5546,5.5546,0.0,0.0
3124,5,11,4,weather_driven,historically_calibrated,0.652239,0.110881,5.5962,5.5962,0.0,0.0
3125,5,11,5,weather_driven,historically_calibrated,0.667012,0.113392,5.6887,5.6901,0.0,0.0014
3126,5,11,6,weather_driven,historically_calibrated,0.691,0.11747,5.8367,5.8547,0.0156,0.0024
3127,5,11,7,weather_driven,historically_calibrated,0.93619,0.159152,7.2129,7.286,0.0674,0.0057
3128,5,11,8,weather_driven,historically_calibrated,0.957959,0.162853,7.3245,7.4812,0.1374,0.0193
3129,5,11,9,weather_driven,historically_calibrated,1.049943,0.17849,7.7801,8.0919,0.2812,0.0306
3130,5,11,10,weather_driven,historically_calibrated,1.062743,0.180666,7.8415,8.2578,0.3616,0.0548
3131,5,11,11,weather_driven,historically_calibrated,1.052227,0.178879,7.7911,8.3685,0.4588,0.1187
3132,5,11,12,weather_driven,historically_calibrated,0.959422,0.163102,7.332,8.3003,0.7724,0.1959
3133,5,11,13,weather_driven,historically_calibrated,1.03861,0.176564,7.7253,8.569,0.7672,0.0764
3134,5,11,14,weather_driven,historically_calibrated,0.901459,0.153248,7.0315,7.7434,0.7037,0.0081
3135,5,11,15,weather_driven,historically_calibrated,1.025072,0.174262,7.6594,8.1572,0.4977,0.0001
3136,5,11,16,weather_driven,historically_calibrated,1.062235,0.18058,7.8391,8.5127,0.429,0.2447
3137,5,11,17,weather_driven,historically_calibrated,1.173094,0.199426,8.3526,8.713,0.3227,0.0376
3138,5,11,18,weather_driven,historically_calibrated,1.212451,0.206117,8.5275,8.7515,0.2048,0.0193
3139,5,11,19,weather_driven,historically_calibrated,1.119572,0.190327,8.1087,8.235,0.1115,0.0148
3140,5,11,20,weather_driven,historically_calibrated,1.115148,0.189575,8.0882,8.1433,0.0402,0.0148
3141,5,11,21,weather_driven,historically_calibrated,1.074734,0.182705,7.8986,7.9006,0.0013,0.0007
3142,5,11,22,weather_driven,historically_calibrated,1.010218,0.171737,7.5865,7.5865,0.0,0.0
3143,5,11,23,weather_driven,historically_calibrated,0.950269,0.161546,7.2853,7.2853,0.0,0.0
3144,5,11,24,weather_driven,historically_calibrated,0.690962,0.117463,5.8365,5.8365,0.0,0.0
3145,5,12,1,weather_driven,historically_calibrated,0.574786,0.097714,5.0932,5.0932,0.0,0.0
3146,5,12,2,weather_driven,historically_calibrated,0.575341,0.097808,5.0969,5.0969,0.0,0.0
3147,5,12,3,weather_driven,historically_calibrated,0.577337,0.098147,5.1103,5.1103,0.0,0.0
3148,5,12,4,weather_driven,historically_calibrated,0.583071,0.099122,5.1485,5.1485,0.0,0.0
3149,5,12,5,weather_driven,historically_calibrated,0.596124,0.101341,5.2349,5.2349,0.0,0.0
3150,5,12,6,weather_driven,historically_calibrated,0.615318,0.104604,5.3603,5.3863,0.0246,0.0014
3151,5,12,7,weather_driven,historically_calibrated,0.818441,0.139135,6.5809,6.7031,0.114,0.0081
3152,5,12,8,weather_driven,historically_calibrated,0.827284,0.140638,6.6301,6.8827,0.2333,0.0193
3153,5,12,9,weather_driven,historically_calibrated,0.915301,0.155601,7.1043,7.477,0.3421,0.0306
3154,5,12,10,weather_driven,historically_calibrated,0.967571,0.164487,7.3733,7.8866,0.4756,0.0376
3155,5,12,11,weather_driven,historically_calibrated,0.965627,0.164157,7.3635,7.9815,0.5936,0.0245
3156,5,12,12,weather_driven,historically_calibrated,0.970968,0.165065,7.3905,8.0957,0.6402,0.065
3157,5,12,13,weather_driven,historically_calibrated,1.027704,0.17471,7.6723,8.3984,0.718,0.0081
3158,5,12,14,weather_driven,historically_calibrated,1.079402,0.183498,7.9208,8.5592,0.6078,0.0306
3159,5,12,15,weather_driven,historically_calibrated,1.148199,0.195194,8.2401,8.7591,0.5041,0.0148
3160,5,12,16,weather_driven,historically_calibrated,1.274552,0.216674,8.7959,9.168,0.3072,0.065
3161,5,12,17,weather_driven,historically_calibrated,1.383154,0.235136,9.245,9.4747,0.184,0.0457
3162,5,12,18,weather_driven,historically_calibrated,1.388286,0.236009,9.2656,9.4499,0.1192,0.065
3163,5,12,19,weather_driven,historically_calibrated,1.003765,0.17064,7.5546,7.6469,0.0842,0.0081
3164,5,12,20,weather_driven,historically_calibrated,0.983001,0.16711,7.4511,7.4918,0.035,0.0057
3165,5,12,21,weather_driven,historically_calibrated,0.926766,0.15755,7.1641,7.2686,0.0013,0.1032
3166,5,12,22,weather_driven,historically_calibrated,0.789009,0.134132,6.415,6.9796,0.0,0.5645
3167,5,12,23,weather_driven,historically_calibrated,0.655639,0.111459,5.6176,6.7024,0.0,1.0848
3168,5,12,24,weather_driven,historically_calibrated,0.42972,0.073052,4.0583,5.3696,0.0,1.3112
3169,5,13,1,weather_driven,historically_calibrated,0.413764,0.07034,3.9361,5.0932,0.0,1.1571
3170,5,13,2,weather_driven,historically_calibrated,0.522004,0.088741,4.7317,5.0969,0.0,0.3652
3171,5,13,3,weather_driven,historically_calibrated,0.551564,0.093766,4.9361,5.1103,0.0,0.1741
3172,5,13,4,weather_driven,historically_calibrated,0.567656,0.096502,5.0453,5.1485,0.0,0.1032
3173,5,13,5,weather_driven,historically_calibrated,0.582654,0.099051,5.1457,5.2349,0.0,0.0892
3174,5,13,6,weather_driven,historically_calibrated,0.60614,0.103044,5.3006,5.3863,0.0207,0.065
3175,5,13,7,weather_driven,historically_calibrated,1.01545,0.172626,7.6122,7.7354,0.0855,0.0376
3176,5,13,8,weather_driven,historically_calibrated,1.120627,0.190507,8.1136,8.3601,0.2009,0.0457
3177,5,13,9,weather_driven,historically_calibrated,1.221609,0.207673,8.5676,9.003,0.359,0.0764
3178,5,13,10,weather_driven,historically_calibrated,1.237553,0.210384,8.637,9.3013,0.5456,0.1187
3179,5,13,11,weather_driven,historically_calibrated,1.207911,0.205345,8.5075,9.4254,0.6985,0.2194
3180,5,13,12,weather_driven,historically_calibrated,1.12483,0.191221,8.133,9.4436,0.7906,0.52
3181,5,13,13,weather_driven,historically_calibrated,1.119939,0.19039,8.1104,9.8219,0.762,0.9494
3182,5,13,14,weather_driven,historically_calibrated,1.127642,0.191699,8.146,9.9028,0.8074,0.9494
3183,5,13,15,weather_driven,historically_calibrated,1.189102,0.202147,8.4242,10.0449,0.6713,0.9494
3184,5,13,16,weather_driven,historically_calibrated,1.392753,0.236768,9.2835,10.3414,0.5378,0.52
3185,5,13,17,weather_driven,historically_calibrated,1.581159,0.268797,10.0051,10.5603,0.381,0.1741
3186,5,13,18,weather_driven,historically_calibrated,1.663619,0.282815,10.3019,10.5687,0.2475,0.0193
3187,5,13,19,weather_driven,historically_calibrated,1.259499,0.214115,8.7316,8.849,0.1063,0.0111
3188,5,13,20,weather_driven,historically_calibrated,1.213972,0.206375,8.5341,8.5756,0.0415,0.0
3189,5,13,21,weather_driven,historically_calibrated,1.113666,0.189323,8.0814,8.0827,0.0013,0.0
3190,5,13,22,weather_driven,historically_calibrated,1.019268,0.173276,7.631,7.631,0.0,0.0
3191,5,13,23,weather_driven,historically_calibrated,0.945658,0.160762,7.2616,7.2654,0.0,0.0038
3192,5,13,24,weather_driven,historically_calibrated,0.692464,0.117719,5.8457,5.8457,0.0,0.0
3193,5,14,1,weather_driven,historically_calibrated,0.726573,0.123517,6.0514,6.0528,0.0,0.0014
3194,5,14,2,weather_driven,historically_calibrated,0.71667,0.121834,5.9922,6.0572,0.0,0.065
3195,5,14,3,weather_driven,historically_calibrated,-0.13532,-0.023004,-2.0519,6.0731,0.0,8.125
3196,5,14,4,weather_driven,historically_calibrated,0.378195,0.064293,3.6567,5.8313,0.0,2.1746
3197,5,14,5,weather_driven,historically_calibrated,0.648312,0.110213,5.5714,5.6901,0.0,0.1187
3198,5,14,6,weather_driven,historically_calibrated,0.628061,0.10677,5.4425,5.8547,0.0117,0.4005
3199,5,14,7,weather_driven,historically_calibrated,0.885378,0.150514,6.9462,7.286,0.0078,0.332
3200,5,14,8,weather_driven,historically_calibrated,0.915697,0.155669,7.1064,7.4812,0.0739,0.3009
3201,5,14,9,weather_driven,historically_calibrated,0.959611,0.163134,7.3329,7.5625,0.0337,0.1959
3202,5,14,10,weather_driven,historically_calibrated,0.951675,0.161785,7.2925,7.489,0.0609,0.1356
3203,5,14,11,weather_driven,historically_calibrated,0.886942,0.15078,6.9545,7.3109,0.2799,0.0764
3204,5,14,12,weather_driven,historically_calibrated,0.812062,0.13805,6.5453,7.1349,0.5132,0.0764
3205,5,14,13,weather_driven,historically_calibrated,0.755048,0.128358,6.2192,7.0546,0.7167,0.1187
3206,5,14,14,weather_driven,historically_calibrated,0.801085,0.136185,6.4835,7.2787,0.6765,0.1187
3207,5,14,15,weather_driven,historically_calibrated,0.900019,0.153003,7.0239,7.8163,0.6182,0.1741
3208,5,14,16,weather_driven,historically_calibrated,0.985925,0.167607,7.4657,8.123,0.4614,0.1959
3209,5,14,17,weather_driven,historically_calibrated,0.927817,0.157729,7.1695,8.1598,0.3292,0.6611
3210,5,14,18,weather_driven,historically_calibrated,1.060124,0.180221,7.829,8.1434,0.2112,0.1032
3211,5,14,19,weather_driven,historically_calibrated,1.105307,0.187902,8.0425,8.235,0.0739,0.1187
3212,5,14,20,weather_driven,historically_calibrated,1.117956,0.190053,8.1013,8.1433,0.0363,0.0057
3213,5,14,21,weather_driven,historically_calibrated,1.074884,0.18273,7.8993,7.9006,0.0013,0.0
3214,5,14,22,weather_driven,historically_calibrated,1.01022,0.171737,7.5865,7.5865,0.0,0.0
3215,5,14,23,weather_driven,historically_calibrated,0.950269,0.161546,7.2853,7.2853,0.0,0.0
3216,5,14,24,weather_driven,historically_calibrated,0.680374,0.115664,5.7715,5.8365,0.0,0.065
3217,5,15,1,weather_driven,historically_calibrated,0.642728,0.109264,5.5361,5.5361,0.0,0.0
3218,5,15,2,weather_driven,historically_calibrated,0.643363,0.109372,5.5401,5.5401,0.0,0.0
3219,5,15,3,weather_driven,historically_calibrated,0.645642,0.109759,5.5546,5.5546,0.0,0.0001
3220,5,15,4,weather_driven,historically_calibrated,0.647393,0.110057,5.5656,5.5962,0.0,0.0306
3221,5,15,5,weather_driven,historically_calibrated,0.664146,0.112905,5.6709,5.6901,0.0,0.0193
3222,5,15,6,weather_driven,historically_calibrated,0.688313,0.117013,5.8203,5.8547,0.0337,0.0007
3223,5,15,7,weather_driven,historically_calibrated,0.926533,0.157511,7.1629,7.286,0.1231,0.0
3224,5,15,8,weather_driven,historically_calibrated,0.94298,0.160307,7.2479,7.4812,0.2333,0.0
3225,5,15,9,weather_driven,historically_calibrated,0.931623,0.158376,7.1893,7.5625,0.3732,0.0
3226,5,15,10,weather_driven,historically_calibrated,0.896563,0.152416,7.0056,7.489,0.4795,0.0038
3227,5,15,11,weather_driven,historically_calibrated,0.945392,0.160717,7.2603,7.8568,0.5884,0.0081
3228,5,15,12,weather_driven,historically_calibrated,0.880832,0.149741,6.9219,7.6677,0.7309,0.0148
3229,5,15,13,weather_driven,historically_calibrated,0.843043,0.143317,6.7171,7.2851,0.5132,0.0548
3230,5,15,14,weather_driven,historically_calibrated,0.840227,0.142839,6.7016,7.2787,0.3577,0.2194
3231,5,15,15,weather_driven,historically_calibrated,0.849887,0.144481,6.7546,7.4072,0.534,0.1187
3232,5,15,16,weather_driven,historically_calibrated,0.872385,0.148305,6.8765,7.5916,0.4432,0.2718
3233,5,15,17,weather_driven,historically_calibrated,0.994859,0.169126,7.5103,7.9017,0.3149,0.0764
3234,5,15,18,weather_driven,historically_calibrated,1.078526,0.183349,7.9166,8.1434,0.1892,0.0376
3235,5,15,19,weather_driven,historically_calibrated,1.102693,0.187458,8.0303,8.235,0.1283,0.0764
3236,5,15,20,weather_driven,historically_calibrated,1.108014,0.188362,8.0551,8.1433,0.0505,0.0376
3237,5,15,21,weather_driven,historically_calibrated,1.063387,0.180776,7.8446,7.9006,0.0013,0.0548
3238,5,15,22,weather_driven,historically_calibrated,0.999156,0.169856,7.5317,7.5865,0.0,0.0548
3239,5,15,23,weather_driven,historically_calibrated,0.945493,0.160734,7.2608,7.2853,0.0,0.0245
3240,5,15,24,weather_driven,historically_calibrated,0.680374,0.115664,5.7715,5.8365,0.0,0.065
3241,5,16,1,weather_driven,historically_calibrated,0.628751,0.106888,5.4469,5.5361,0.0,0.0892
3242,5,16,2,weather_driven,historically_calibrated,0.601207,0.102205,5.2683,5.5401,0.0,0.2718
3243,5,16,3,weather_driven,historically_calibrated,0.54534,0.092708,4.8935,5.5546,0.0,0.6611
3244,5,16,4,weather_driven,historically_calibrated,0.533456,0.090688,4.8115,5.6373,0.0,0.8257
3245,5,16,5,weather_driven,historically_calibrated,0.56793,0.096548,5.0471,5.8153,0.0,0.7682
3246,5,16,6,weather_driven,historically_calibrated,0.533693,0.090728,4.8132,5.8547,0.0259,1.0156
3247,5,16,7,weather_driven,historically_calibrated,0.593832,0.100951,5.2198,7.286,0.1089,1.9573
3248,5,16,8,weather_driven,historically_calibrated,0.502718,0.085462,4.5955,7.4812,0.2294,2.6563
3249,5,16,9,weather_driven,historically_calibrated,0.345492,0.058734,3.391,7.5625,0.3486,3.8229
3250,5,16,10,weather_driven,historically_calibrated,0.304327,0.051736,3.0439,7.489,0.2851,4.16
3251,5,16,11,weather_driven,historically_calibrated,0.253346,0.043069,2.5923,7.3109,0.5586,4.16
3252,5,16,12,weather_driven,historically_calibrated,0.247474,0.042071,2.5387,7.1349,0.2605,4.3358
3253,5,16,13,weather_driven,historically_calibrated,0.358499,0.060945,3.4977,7.0546,0.2048,3.3521
3254,5,16,14,weather_driven,historically_calibrated,0.461453,0.078447,4.2962,7.1127,0.5275,2.289
3255,5,16,15,weather_driven,historically_calibrated,0.412936,0.070199,3.9297,7.3049,0.5884,2.7869
3256,5,16,16,weather_driven,historically_calibrated,0.622638,0.105848,5.4076,7.5916,0.429,1.755
3257,5,16,17,weather_driven,historically_calibrated,0.526386,0.089486,4.7623,7.9017,0.3525,2.7869
3258,5,16,18,weather_driven,historically_calibrated,0.757583,0.128789,6.234,8.1434,0.2501,1.6593
3259,5,16,19,weather_driven,historically_calibrated,0.628494,0.106844,5.4453,8.235,0.1335,2.6563
3260,5,16,20,weather_driven,historically_calibrated,0.832498,0.141525,6.659,8.5613,0.048,1.8543
3261,5,16,21,weather_driven,historically_calibrated,0.820517,0.139488,6.5925,8.7697,0.0026,2.1746
3262,5,16,22,weather_driven,historically_calibrated,1.128359,0.191821,8.1493,8.8104,0.0,0.6611
3263,5,16,23,weather_driven,historically_calibrated,1.213867,0.206357,8.5337,8.8346,0.0,0.3009
3264,5,16,24,weather_driven,historically_calibrated,0.896306,0.152372,7.0043,7.2489,0.0,0.2447
3265,5,17,1,weather_driven,historically_calibrated,0.911345,0.154929,7.0836,7.16,0.0,0.0764
3266,5,17,2,weather_driven,historically_calibrated,0.930123,0.158121,7.1815,7.2465,0.0,0.065
3267,5,17,3,weather_driven,historically_calibrated,0.980505,0.166686,7.4386,7.4692,0.0,0.0306
3268,5,17,4,weather_driven,historically_calibrated,1.021609,0.173674,7.6425,7.6482,0.0,0.0057
3269,5,17,5,weather_driven,historically_calibrated,1.005677,0.170965,7.564,7.5679,0.0,0.0038
3270,5,17,6,weather_driven,historically_calibrated,0.982263,0.166985,7.4474,7.4862,0.035,0.0038
3271,5,17,7,weather_driven,historically_calibrated,1.210129,0.205722,8.5172,8.6752,0.1387,0.0193
3272,5,17,8,weather_driven,historically_calibrated,1.087355,0.18485,7.9583,8.3041,0.2566,0.0892
3273,5,17,9,weather_driven,historically_calibrated,0.967389,0.164456,7.3724,7.8398,0.3642,0.1032
3274,5,17,10,weather_driven,historically_calibrated,0.873752,0.148538,6.8839,7.489,0.451,0.1541
3275,5,17,11,weather_driven,historically_calibrated,0.814886,0.138531,6.5611,7.3109,0.6312,0.1187
3276,5,17,12,weather_driven,historically_calibrated,0.774145,0.131605,6.3299,7.1349,0.74,0.065
3277,5,17,13,weather_driven,historically_calibrated,0.767941,0.13055,6.2941,7.0546,0.6713,0.0892
3278,5,17,14,weather_driven,historically_calibrated,0.764892,0.130032,6.2765,7.1127,0.7815,0.0548
3279,5,17,15,weather_driven,historically_calibrated,0.815982,0.138717,6.5672,7.3049,0.6921,0.0457
3280,5,17,16,weather_driven,historically_calibrated,0.901595,0.153271,7.0322,7.5916,0.5482,0.0111
3281,5,17,17,weather_driven,historically_calibrated,0.992929,0.168798,7.5007,7.9017,0.3953,0.0057
3282,5,17,18,weather_driven,historically_calibrated,1.073381,0.182475,7.8922,8.1434,0.2488,0.0024
3283,5,17,19,weather_driven,historically_calibrated,1.118423,0.190132,8.1034,8.235,0.1309,0.0007
3284,5,17,20,weather_driven,historically_calibrated,1.115831,0.189691,8.0914,8.1433,0.0518,0.0
3285,5,17,21,weather_driven,historically_calibrated,1.074611,0.182684,7.898,7.9006,0.0026,0.0
3286,5,17,22,weather_driven,historically_calibrated,1.01022,0.171737,7.5865,7.5865,0.0,0.0
3287,5,17,23,weather_driven,historically_calibrated,1.014147,0.172405,7.6058,7.6058,0.0,0.0
3288,5,17,24,weather_driven,historically_calibrated,0.762829,0.129681,6.2645,6.2645,0.0,0.0
3289,5,18,1,weather_driven,historically_calibrated,0.721857,0.122716,6.0233,6.0233,0.0,0.0
3290,5,18,2,weather_driven,historically_calibrated,0.709057,0.12054,5.9464,5.9464,0.0,0.0
3291,5,18,3,weather_driven,historically_calibrated,0.69818,0.118691,5.8805,5.8805,0.0,0.0
3292,5,18,4,weather_driven,historically_calibrated,0.691934,0.117629,5.8424,5.8424,0.0,0.0
3293,5,18,5,weather_driven,historically_calibrated,0.694322,0.118035,5.857,5.857,0.0,0.0
3294,5,18,6,weather_driven,historically_calibrated,0.700142,0.119024,5.8924,5.8976,0.0052,0.0
3295,5,18,7,weather_driven,historically_calibrated,0.944091,0.160495,7.2536,7.286,0.0324,0.0
3296,5,18,8,weather_driven,historically_calibrated,0.96583,0.164191,7.3645,7.4812,0.1166,0.0
3297,5,18,9,weather_driven,historically_calibrated,0.938145,0.159485,7.223,7.5625,0.3396,0.0
3298,5,18,10,weather_driven,historically_calibrated,0.888498,0.151045,6.9628,7.489,0.5262,0.0
3299,5,18,11,weather_driven,historically_calibrated,0.984455,0.167357,7.4584,8.1297,0.6713,0.0
3300,5,18,12,weather_driven,historically_calibrated,0.966667,0.164333,7.3688,8.1671,0.7983,0.0
3301,5,18,13,weather_driven,historically_calibrated,0.963463,0.163789,7.3525,8.1081,0.7556,0.0
3302,5,18,14,weather_driven,historically_calibrated,1.109508,0.188616,8.062,8.7724,0.7089,0.0014
3303,5,18,15,weather_driven,historically_calibrated,1.19774,0.203616,8.4626,9.1117,0.6467,0.0024
3304,5,18,16,weather_driven,historically_calibrated,1.311162,0.222898,8.9501,9.5047,0.5508,0.0038
3305,5,18,17,weather_driven,historically_calibrated,1.434109,0.243798,9.4475,9.8561,0.4005,0.0081
3306,5,18,18,weather_driven,historically_calibrated,1.526469,0.2595,9.8022,10.0816,0.2683,0.0111
3307,5,18,19,weather_driven,historically_calibrated,1.127941,0.19175,8.1474,8.3119,0.1607,0.0038
3308,5,18,20,weather_driven,historically_calibrated,1.112312,0.189093,8.0751,8.1433,0.057,0.0111
3309,5,18,21,weather_driven,historically_calibrated,1.066706,0.18134,7.8604,7.9006,0.0026,0.0376
3310,5,18,22,weather_driven,historically_calibrated,1.008573,0.171457,7.5783,7.5865,0.0,0.0081
3311,5,18,23,weather_driven,historically_calibrated,0.941375,0.160034,7.2396,7.2853,0.0,0.0457
3312,5,18,24,weather_driven,historically_calibrated,0.647242,0.110031,5.5647,5.8365,0.0,0.2718
3313,5,19,1,weather_driven,historically_calibrated,0.521474,0.088651,4.728,5.0932,0.0,0.3652
3314,5,19,2,weather_driven,historically_calibrated,0.570782,0.097033,5.0663,5.0969,0.0,0.0306
3315,5,19,3,weather_driven,historically_calibrated,0.54496,0.092643,4.8909,5.1103,0.0,0.2194
3316,5,19,4,weather_driven,historically_calibrated,0.550541,0.093592,4.9291,5.1485,0.0,0.2194
3317,5,19,5,weather_driven,historically_calibrated,0.563247,0.095752,5.0155,5.2349,0.0,0.2194
3318,5,19,6,weather_driven,historically_calibrated,0.590222,0.100338,5.196,5.3863,0.0363,0.1541
3319,5,19,7,weather_driven,historically_calibrated,0.794176,0.13501,6.4444,6.7031,0.1231,0.1356
3320,5,19,8,weather_driven,historically_calibrated,0.963138,0.163733,7.3509,7.7499,0.2449,0.1541
3321,5,19,9,weather_driven,historically_calibrated,1.049564,0.178426,7.7783,8.4835,0.4044,0.3009
3322,5,19,10,weather_driven,historically_calibrated,1.132829,0.192581,8.1698,8.9476,0.5819,0.1959
3323,5,19,11,weather_driven,historically_calibrated,1.17452,0.199668,8.359,9.2057,0.6273,0.2194
3324,5,19,12,weather_driven,historically_calibrated,1.20706,0.2052,8.5037,9.4436,0.6389,0.3009
3325,5,19,13,weather_driven,historically_calibrated,1.258008,0.213861,8.7252,9.8219,0.7957,0.3009
3326,5,19,14,weather_driven,historically_calibrated,1.34464,0.228589,9.0885,10.1471,0.8139,0.2447
3327,5,19,15,weather_driven,historically_calibrated,1.459929,0.248188,9.5482,10.5154,0.7478,0.2194
3328,5,19,16,weather_driven,historically_calibrated,1.48735,0.25285,9.6538,10.7977,0.5793,0.5645
3329,5,19,17,weather_driven,historically_calibrated,1.495766,0.25428,9.686,10.9674,0.3953,0.8861
3330,5,19,18,weather_driven,historically_calibrated,1.382244,0.234981,9.2413,10.7085,0.2346,1.2326
3331,5,19,19,weather_driven,historically_calibrated,0.978786,0.166394,7.4299,8.7076,0.1205,1.1571
3332,5,19,20,weather_driven,historically_calibrated,0.926725,0.157543,7.1639,7.9813,0.0492,0.7682
3333,5,19,21,weather_driven,historically_calibrated,0.839961,0.142793,6.7001,7.2686,0.0039,0.5645
3334,5,19,22,weather_driven,historically_calibrated,0.82444,0.140155,6.6143,6.9796,0.0,0.3652
3335,5,19,23,weather_driven,historically_calibrated,0.79654,0.135412,6.4578,6.7024,0.0,0.2447
3336,5,19,24,weather_driven,historically_calibrated,0.593181,0.100841,5.2155,5.3696,0.0,0.1541
3337,5,20,1,weather_driven,historically_calibrated,0.559475,0.095111,4.99,5.0932,0.0,0.1032
3338,5,20,2,weather_driven,historically_calibrated,0.565672,0.096164,5.0319,5.0969,0.0,0.065
3339,5,20,3,weather_driven,historically_calibrated,0.569174,0.09676,5.0555,5.1103,0.0,0.0548
3340,5,20,4,weather_driven,historically_calibrated,0.616376,0.104784,5.3672,5.4128,0.0,0.0457
3341,5,20,5,weather_driven,historically_calibrated,0.648582,0.110259,5.5731,5.6188,0.0,0.0457
3342,5,20,6,weather_driven,historically_calibrated,0.618062,0.105071,5.3781,5.5048,0.0376,0.0892
3343,5,20,7,weather_driven,historically_calibrated,0.805602,0.136952,6.509,6.7031,0.105,0.0892
3344,5,20,8,weather_driven,historically_calibrated,0.809453,0.137607,6.5306,6.8827,0.2488,0.1032
3345,5,20,9,weather_driven,historically_calibrated,0.786049,0.133628,6.3981,6.9575,0.4238,0.1356
3346,5,20,10,weather_driven,historically_calibrated,0.736091,0.125135,6.1079,6.8899,0.6078,0.1741
3347,5,20,11,weather_driven,historically_calibrated,0.674131,0.114602,5.7329,6.726,0.7737,0.2194
3348,5,20,12,weather_driven,historically_calibrated,0.693626,0.117916,5.8528,6.993,0.8955,0.2447
3349,5,20,13,weather_driven,historically_calibrated,0.679195,0.115463,5.7642,6.9446,0.9085,0.2718
3350,5,20,14,weather_driven,historically_calibrated,0.715479,0.121631,5.9851,7.1239,0.867,0.2718
3351,5,20,15,weather_driven,historically_calibrated,0.771313,0.131123,6.3136,7.3164,0.7582,0.2447
3352,5,20,16,weather_driven,historically_calibrated,0.848586,0.14426,6.7474,7.5384,0.5715,0.2194
3353,5,20,17,weather_driven,historically_calibrated,0.889656,0.151242,6.969,7.541,0.3979,0.1741
3354,5,20,18,weather_driven,historically_calibrated,0.928594,0.157861,7.1736,7.5619,0.2527,0.1356
3355,5,20,19,weather_driven,historically_calibrated,0.959631,0.163137,7.333,7.5762,0.14,0.1032
3356,5,20,20,weather_driven,historically_calibrated,0.970946,0.165061,7.3904,7.4918,0.0557,0.0457
3357,5,20,21,weather_driven,historically_calibrated,0.944085,0.160494,7.2535,7.2686,0.0039,0.0111
3358,5,20,22,weather_driven,historically_calibrated,0.890928,0.151458,6.9757,6.9796,0.0,0.0038
3359,5,20,23,weather_driven,historically_calibrated,0.840125,0.142821,6.7011,6.7024,0.0,0.0014
3360,5,20,24,weather_driven,historically_calibrated,0.616535,0.104811,5.3682,5.3696,0.0,0.0014
3361,5,21,1,weather_driven,historically_calibrated,0.642615,0.109245,5.5354,5.5361,0.0,0.0007
3362,5,21,2,weather_driven,historically_calibrated,0.688887,0.117111,5.8238,5.8245,0.0,0.0007
3363,5,21,3,weather_driven,historically_calibrated,0.73204,0.124447,6.0839,6.0842,0.0,0.0003
3364,5,21,4,weather_driven,historically_calibrated,0.789234,0.13417,6.4163,6.417,0.0,0.0007
3365,5,21,5,weather_driven,historically_calibrated,0.822635,0.139848,6.6043,6.6081,0.0,0.0038
3366,5,21,6,weather_driven,historically_calibrated,0.78206,0.13295,6.3753,6.4128,0.0337,0.0038
3367,5,21,7,weather_driven,historically_calibrated,0.928511,0.157847,7.1731,7.286,0.1115,0.0014
3368,5,21,8,weather_driven,historically_calibrated,0.940061,0.15981,7.2328,7.4812,0.2372,0.0111
3369,5,21,9,weather_driven,historically_calibrated,0.915381,0.155615,7.1047,7.5625,0.4031,0.0548
3370,5,21,10,weather_driven,historically_calibrated,0.864356,0.146941,6.8332,7.489,0.5793,0.0764
3371,5,21,11,weather_driven,historically_calibrated,0.859017,0.146033,6.8043,7.8227,0.7737,0.2447
3372,5,21,12,weather_driven,historically_calibrated,0.843722,0.143433,6.7208,7.8674,0.8748,0.2718
3373,5,21,13,weather_driven,historically_calibrated,0.733967,0.124774,6.0953,7.2851,0.7517,0.4381
3374,5,21,14,weather_driven,historically_calibrated,0.780124,0.132621,6.3642,7.3119,0.6156,0.332
3375,5,21,15,weather_driven,historically_calibrated,0.877424,0.149162,6.9036,7.8163,0.5806,0.332
3376,5,21,16,weather_driven,historically_calibrated,0.891294,0.15152,6.9777,7.7333,0.3551,0.4005
3377,5,21,17,weather_driven,historically_calibrated,0.968423,0.164632,7.3777,7.9017,0.3499,0.1741
3378,5,21,18,weather_driven,historically_calibrated,1.004963,0.170844,7.5605,8.1434,0.2177,0.3652
3379,5,21,19,weather_driven,historically_calibrated,0.961483,0.163452,7.3425,8.235,0.1244,0.7682
3380,5,21,20,weather_driven,historically_calibrated,1.033655,0.175721,7.7012,8.1433,0.0415,0.4005
3381,5,21,21,weather_driven,historically_calibrated,1.042194,0.177173,7.7427,7.9006,0.0039,0.1541
3382,5,21,22,weather_driven,historically_calibrated,1.00099,0.170168,7.5408,7.5865,0.0,0.0457
3383,5,21,23,weather_driven,historically_calibrated,0.946511,0.160907,7.266,7.2853,0.0,0.0193
3384,5,21,24,weather_driven,historically_calibrated,0.7179,0.122043,5.9996,6.0077,0.0,0.0081
3385,5,22,1,weather_driven,historically_calibrated,0.728263,0.123805,6.0615,6.0639,0.0,0.0024
3386,5,22,2,weather_driven,historically_calibrated,0.743137,0.126333,6.1495,6.1495,0.0,0.0001
3387,5,22,3,weather_driven,historically_calibrated,0.718424,0.122132,6.0027,6.0027,0.0,0.0
3388,5,22,4,weather_driven,historically_calibrated,0.725943,0.12341,6.0476,6.0476,0.0,0.0
3389,5,22,5,weather_driven,historically_calibrated,0.72897,0.123925,6.0657,6.0657,0.0,0.0
3390,5,22,6,weather_driven,historically_calibrated,0.689911,0.117285,5.8301,5.8547,0.0246,0.0
3391,5,22,7,weather_driven,historically_calibrated,0.930779,0.158232,7.1849,7.286,0.1011,0.0
3392,5,22,8,weather_driven,historically_calibrated,0.945252,0.160693,7.2595,7.4812,0.2216,0.0
3393,5,22,9,weather_driven,historically_calibrated,0.927127,0.157612,7.1659,7.5625,0.3966,0.0
3394,5,22,10,weather_driven,historically_calibrated,1.000301,0.170051,7.5374,8.153,0.6156,0.0
3395,5,22,11,weather_driven,historically_calibrated,0.995869,0.169298,7.5154,8.2321,0.7167,0.0
3396,5,22,12,weather_driven,historically_calibrated,1.009112,0.171549,7.581,8.3003,0.7193,0.0
3397,5,22,13,weather_driven,historically_calibrated,1.093841,0.185953,7.9888,8.7665,0.7763,0.0014
3398,5,22,14,weather_driven,historically_calibrated,1.127008,0.191591,8.1431,8.9715,0.8281,0.0003
3399,5,22,15,weather_driven,historically_calibrated,1.194401,0.203048,8.4477,9.2821,0.7452,0.0892
3400,5,22,16,weather_driven,historically_calibrated,1.27887,0.217408,8.8142,9.611,0.5521,0.2447
3401,5,22,17,weather_driven,historically_calibrated,1.47384,0.250553,9.602,10.0773,0.3862,0.0892
3402,5,22,18,weather_driven,historically_calibrated,1.552963,0.264004,9.9011,10.1576,0.232,0.0245
3403,5,22,19,weather_driven,historically_calibrated,1.120462,0.190479,8.1129,8.235,0.114,0.0081
3404,5,22,20,weather_driven,historically_calibrated,1.116405,0.189789,8.0941,8.1433,0.0454,0.0038
3405,5,22,21,weather_driven,historically_calibrated,1.055662,0.179463,7.8076,7.9006,0.0039,0.0892
3406,5,22,22,weather_driven,historically_calibrated,0.970979,0.165066,7.3906,7.5865,0.0,0.1959
3407,5,22,23,weather_driven,historically_calibrated,0.903179,0.15354,7.0406,7.2853,0.0,0.2447
3408,5,22,24,weather_driven,historically_calibrated,0.642647,0.10925,5.5356,5.8365,0.0,0.3009
3409,5,23,1,weather_driven,historically_calibrated,0.591447,0.100546,5.2041,5.5361,0.0,0.332
3410,5,23,2,weather_driven,historically_calibrated,0.596776,0.101452,5.2392,5.5401,0.0,0.3009
3411,5,23,3,weather_driven,historically_calibrated,0.611463,0.103949,5.3353,5.5546,0.0,0.2194
3412,5,23,4,weather_driven,historically_calibrated,0.624881,0.10623,5.4221,5.5962,0.0,0.1741
3413,5,23,5,weather_driven,historically_calibrated,0.654808,0.111317,5.6124,5.6901,0.0013,0.0764
3414,5,23,6,weather_driven,historically_calibrated,0.68601,0.116622,5.8062,5.8547,0.0337,0.0148
3415,5,23,7,weather_driven,historically_calibrated,0.928761,0.157889,7.1744,7.286,0.1102,0.0014
3416,5,23,8,weather_driven,historically_calibrated,1.083652,0.184221,7.9408,8.1794,0.2385,0.0001
3417,5,23,9,weather_driven,historically_calibrated,1.194484,0.203062,8.4481,8.8683,0.4199,0.0003
3418,5,23,10,weather_driven,historically_calibrated,1.254528,0.21327,8.7103,9.3412,0.6286,0.0024
3419,5,23,11,weather_driven,historically_calibrated,1.243532,0.211401,8.6629,9.4944,0.8204,0.0111
3420,5,23,12,weather_driven,historically_calibrated,1.221548,0.207663,8.5673,9.5655,0.9526,0.0457
3421,5,23,13,weather_driven,historically_calibrated,1.279984,0.217597,8.8189,9.9188,0.9966,0.1032
3422,5,23,14,weather_driven,historically_calibrated,1.336393,0.227187,9.0547,10.1001,0.9422,0.1032
3423,5,23,15,weather_driven,historically_calibrated,1.447282,0.246038,9.499,10.4071,0.8048,0.1032
3424,5,23,16,weather_driven,historically_calibrated,1.600826,0.27214,10.0769,10.7446,0.613,0.0548
3425,5,23,17,weather_driven,historically_calibrated,1.729735,0.294055,10.5322,10.9623,0.4108,0.0193
3426,5,23,18,weather_driven,historically_calibrated,1.802308,0.306392,10.7778,11.0316,0.2346,0.0193
3427,5,23,19,weather_driven,historically_calibrated,1.348288,0.229209,9.1035,9.2342,0.1115,0.0193
3428,5,23,20,weather_driven,historically_calibrated,1.245192,0.211683,8.6701,8.7893,0.0428,0.0764
3429,5,23,21,weather_driven,historically_calibrated,1.096109,0.186338,7.9995,8.1587,0.0052,0.1541
3430,5,23,22,weather_driven,historically_calibrated,0.997094,0.169506,7.5215,7.5865,0.0,0.065
3431,5,23,23,weather_driven,historically_calibrated,0.947374,0.161054,7.2704,7.2853,0.0,0.0148
3432,5,23,24,weather_driven,historically_calibrated,0.688538,0.117051,5.8217,5.8365,0.0,0.0148
3433,5,24,1,weather_driven,historically_calibrated,0.639696,0.108748,5.5168,5.5361,0.0,0.0193
3434,5,24,2,weather_driven,historically_calibrated,0.642465,0.109219,5.5344,5.5401,0.0,0.0057
3435,5,24,3,weather_driven,historically_calibrated,0.645609,0.109753,5.5543,5.5546,0.0,0.0003
3436,5,24,4,weather_driven,historically_calibrated,0.651857,0.110816,5.5938,5.5962,0.0,0.0024
3437,5,24,5,weather_driven,historically_calibrated,0.666979,0.113386,5.6885,5.6901,0.0013,0.0003
3438,5,24,6,weather_driven,historically_calibrated,0.68737,0.116853,5.8145,5.8547,0.0402,0.0
3439,5,24,7,weather_driven,historically_calibrated,1.054313,0.179233,7.8011,7.932,0.1309,0.0
3440,5,24,8,weather_driven,historically_calibrated,1.213157,0.206237,8.5306,8.7729,0.2424,0.0
3441,5,24,9,weather_driven,historically_calibrated,1.353655,0.230121,9.1254,9.5389,0.4134,0.0
3442,5,24,10,weather_driven,historically_calibrated,1.434555,0.243874,9.4492,10.0402,0.591,0.0
3443,5,24,11,weather_driven,historically_calibrated,1.462596,0.248641,9.5585,10.2791,0.7206,0.0
3444,5,24,12,weather_driven,historically_calibrated,1.433116,0.24363,9.4436,10.3314,0.8878,0.0
3445,5,24,13,weather_driven,historically_calibrated,1.533945,0.260771,9.8302,10.7089,0.8787,0.0
3446,5,24,14,weather_driven,historically_calibrated,1.594616,0.271085,10.0543,10.8967,0.8424,0.0
3447,5,24,15,weather_driven,historically_calibrated,1.720966,0.292564,10.502,11.2252,0.7232,0.0
3448,5,24,16,weather_driven,historically_calibrated,1.895999,0.32232,11.0843,11.5949,0.5106,0.0
3449,5,24,17,weather_driven,historically_calibrated,2.027772,0.344721,11.4967,11.8842,0.3875,0.0
3450,5,24,18,weather_driven,historically_calibrated,2.125306,0.361302,11.789,12.0197,0.2307,0.0
3451,5,24,19,weather_driven,historically_calibrated,1.641039,0.278977,10.2217,10.3487,0.127,0.0
3452,5,24,20,weather_driven,historically_calibrated,1.557893,0.264842,9.9194,9.9673,0.048,0.0
3453,5,24,21,weather_driven,historically_calibrated,1.452077,0.246853,9.5177,9.5229,0.0052,0.0
3454,5,24,22,weather_driven,historically_calibrated,1.315277,0.223597,8.9672,8.9672,0.0,0.0
3455,5,24,23,weather_driven,historically_calibrated,1.216035,0.206726,8.5432,8.5432,0.0,0.0
3456,5,24,24,weather_driven,historically_calibrated,0.821458,0.139648,6.5977,6.5991,0.0,0.0014
3457,5,25,1,weather_driven,historically_calibrated,0.748436,0.127234,6.1806,6.182,0.0,0.0014
3458,5,25,2,weather_driven,historically_calibrated,0.693232,0.11785,5.8504,5.8504,0.0,0.0
3459,5,25,3,weather_driven,historically_calibrated,0.708569,0.120457,5.9435,5.9435,0.0,0.0
3460,5,25,4,weather_driven,historically_calibrated,0.720319,0.122454,6.0141,6.0141,0.0,0.0
3461,5,25,5,weather_driven,historically_calibrated,0.75516,0.128377,6.2199,6.2212,0.0013,0.0
3462,5,25,6,weather_driven,historically_calibrated,0.790025,0.134304,6.4208,6.4558,0.035,0.0
3463,5,25,7,weather_driven,historically_calibrated,1.372649,0.23335,9.2026,9.2921,0.0894,0.0
3464,5,25,8,weather_driven,historically_calibrated,1.529784,0.260063,9.8146,10.0297,0.2151,0.0
3465,5,25,9,weather_driven,historically_calibrated,1.590215,0.270337,10.0382,10.3859,0.3473,0.0003
3466,5,25,10,weather_driven,historically_calibrated,1.684035,0.286286,10.3737,10.8091,0.4316,0.0038
3467,5,25,11,weather_driven,historically_calibrated,1.655265,0.281395,10.2723,10.9273,0.6402,0.0148
3468,5,25,12,weather_driven,historically_calibrated,1.646963,0.279984,10.2428,11.0306,0.7685,0.0193
3469,5,25,13,weather_driven,historically_calibrated,1.665121,0.283071,10.3072,11.1698,0.8515,0.0111
3470,5,25,14,weather_driven,historically_calibrated,1.736129,0.295142,10.5542,11.2286,0.6687,0.0057
3471,5,25,15,weather_driven,historically_calibrated,1.90483,0.323821,11.1126,11.5661,0.4497,0.0038
3472,5,25,16,weather_driven,historically_calibrated,2.075221,0.352788,11.6402,12.0555,0.4095,0.0057
3473,5,25,17,weather_driven,historically_calibrated,2.193442,0.372885,11.9872,12.3636,0.3707,0.0057
3474,5,25,18,weather_driven,historically_calibrated,1.088977,0.185126,7.966,8.3715,0.2514,0.1541
3475,5,25,19,weather_driven,historically_calibrated,1.120755,0.190528,8.1142,8.235,0.0752,0.0457
3476,5,25,20,weather_driven,historically_calibrated,1.122273,0.190786,8.1212,8.1433,0.022,0.0
3477,5,25,21,weather_driven,historically_calibrated,1.098069,0.186672,8.0087,8.0112,0.0026,0.0
3478,5,25,22,weather_driven,historically_calibrated,1.024638,0.174188,7.6573,7.6573,0.0,0.0
3479,5,25,23,weather_driven,historically_calibrated,0.955807,0.162487,7.3136,7.3193,0.0,0.0057
3480,5,25,24,weather_driven,historically_calibrated,0.690962,0.117463,5.8365,5.8365,0.0,0.0
3481,5,26,1,weather_driven,historically_calibrated,0.574426,0.097653,5.0908,5.0932,0.0,0.0024
3482,5,26,2,weather_driven,historically_calibrated,0.568542,0.096652,5.0513,5.0969,0.0,0.0457
3483,5,26,3,weather_driven,historically_calibrated,0.577337,0.098147,5.1103,5.1103,0.0,0.0
3484,5,26,4,weather_driven,historically_calibrated,0.583071,0.099122,5.1485,5.1485,0.0,0.0
3485,5,26,5,weather_driven,historically_calibrated,0.595561,0.101245,5.2312,5.2349,0.0013,0.0024
3486,5,26,6,weather_driven,historically_calibrated,0.613963,0.104374,5.3515,5.3863,0.0324,0.0024
3487,5,26,7,weather_driven,historically_calibrated,0.980006,0.166601,7.4361,7.5164,0.0804,0.0
3488,5,26,8,weather_driven,historically_calibrated,1.089558,0.185225,7.9687,8.0711,0.1024,0.0
3489,5,26,9,weather_driven,historically_calibrated,1.117314,0.189943,8.0983,8.3212,0.2229,0.0
3490,5,26,10,weather_driven,historically_calibrated,1.158596,0.196961,8.2873,8.5296,0.2424,0.0
3491,5,26,11,weather_driven,historically_calibrated,1.169484,0.198812,8.3364,8.6721,0.3357,0.0
3492,5,26,12,weather_driven,historically_calibrated,1.19837,0.203723,8.4653,8.9228,0.4575,0.0
3493,5,26,13,weather_driven,historically_calibrated,1.246831,0.211961,8.6771,9.307,0.6299,0.0
3494,5,26,14,weather_driven,historically_calibrated,1.285897,0.218603,8.844,9.4142,0.5702,0.0
3495,5,26,15,weather_driven,historically_calibrated,1.25483,0.213321,8.7116,9.6372,0.4056,0.52
3496,5,26,16,weather_driven,historically_calibrated,1.253373,0.213073,8.7053,9.168,0.4251,0.0376
3497,5,26,17,weather_driven,historically_calibrated,0.792362,0.134701,6.4341,7.4053,0.2579,0.7133
3498,5,26,18,weather_driven,historically_calibrated,0.838448,0.142536,6.6918,7.492,0.0868,0.7133
3499,5,26,19,weather_driven,historically_calibrated,0.808792,0.137495,6.5269,7.5762,0.0337,1.0156
3500,5,26,20,weather_driven,historically_calibrated,0.589683,0.100246,5.1924,7.4918,0.0104,2.289
3501,5,26,21,weather_driven,historically_calibrated,0.270784,0.046033,2.7496,7.2686,0.0026,4.5164
3502,5,26,22,weather_driven,historically_calibrated,0.295738,0.050275,2.9695,7.3053,0.0,4.3358
3503,5,26,23,weather_driven,historically_calibrated,0.672057,0.11425,5.7201,6.9527,0.0,1.2326
3504,5,26,24,weather_driven,historically_calibrated,0.487089,0.082805,4.4834,5.3696,0.0,0.8861
3505,5,27,1,weather_driven,historically_calibrated,0.511123,0.086891,4.6551,5.0932,0.0,0.4381
3506,5,27,2,weather_driven,historically_calibrated,0.567191,0.096422,5.0422,5.0969,0.0,0.0548
3507,5,27,3,weather_driven,historically_calibrated,0.57512,0.09777,5.0954,5.1103,0.0,0.0148
3508,5,27,4,weather_driven,historically_calibrated,0.581397,0.098838,5.1374,5.1485,0.0,0.0111
3509,5,27,5,weather_driven,historically_calibrated,0.595912,0.101305,5.2335,5.2349,0.0,0.0014
3510,5,27,6,weather_driven,historically_calibrated,0.617534,0.104981,5.3747,5.3863,0.0117,0.0
3511,5,27,7,weather_driven,historically_calibrated,0.836496,0.142204,6.6811,6.7031,0.022,0.0
3512,5,27,8,weather_driven,historically_calibrated,0.851513,0.144757,6.7634,6.8827,0.1192,0.0
3513,5,27,9,weather_driven,historically_calibrated,0.958168,0.162888,7.3256,7.5744,0.2488,0.0
3514,5,27,10,weather_driven,historically_calibrated,0.971153,0.165096,7.3915,7.7258,0.3344,0.0
3515,5,27,11,weather_driven,historically_calibrated,0.856266,0.145565,6.7893,7.1341,0.3447,0.0
3516,5,27,12,weather_driven,historically_calibrated,0.784479,0.133361,6.3892,6.5641,0.175,0.0
3517,5,27,13,weather_driven,historically_calibrated,0.779127,0.132452,6.3585,6.5205,0.162,0.0
3518,5,27,14,weather_driven,historically_calibrated,0.865116,0.14707,6.8373,7.0628,0.2255,0.0
3519,5,27,15,weather_driven,historically_calibrated,0.930398,0.158168,7.1829,7.4732,0.2903,0.0
3520,5,27,16,weather_driven,historically_calibrated,0.988311,0.168013,7.4777,7.7991,0.3214,0.0
3521,5,27,17,weather_driven,historically_calibrated,1.081085,0.183784,7.9287,8.1516,0.2229,0.0
3522,5,27,18,weather_driven,historically_calibrated,1.17519,0.199782,8.362,8.4709,0.1089,0.0
3523,5,27,19,weather_driven,historically_calibrated,0.994554,0.169074,7.5088,7.5762,0.0674,0.0
3524,5,27,20,weather_driven,historically_calibrated,0.974277,0.165627,7.4072,7.4918,0.0298,0.0548
3525,5,27,21,weather_driven,historically_calibrated,0.504717,0.085802,4.6097,7.2686,0.0026,2.6563
3526,5,27,22,weather_driven,historically_calibrated,0.499442,0.084905,4.5721,6.9796,0.0,2.4074
3527,5,27,23,weather_driven,historically_calibrated,0.358557,0.060955,3.4982,6.7024,0.0,3.2043
3528,5,27,24,weather_driven,historically_calibrated,0.335192,0.056983,3.3055,5.3696,0.0,2.0641
3529,5,28,1,weather_driven,historically_calibrated,0.355353,0.06041,3.472,5.5361,0.0,2.0641
3530,5,28,2,weather_driven,historically_calibrated,0.483195,0.082143,4.4553,5.5401,0.0,1.0848
3531,5,28,3,weather_driven,historically_calibrated,0.529854,0.090075,4.7865,5.5546,0.0,0.7682
3532,5,28,4,weather_driven,historically_calibrated,0.59018,0.100331,5.1957,5.5962,0.0,0.4005
3533,5,28,5,weather_driven,historically_calibrated,0.60967,0.103644,5.3236,5.6901,0.0013,0.3652
3534,5,28,6,weather_driven,historically_calibrated,0.619818,0.105369,5.3894,5.8547,0.0272,0.4381
3535,5,28,7,weather_driven,historically_calibrated,0.801501,0.136255,6.4858,7.286,0.0868,0.7133
3536,5,28,8,weather_driven,historically_calibrated,0.792086,0.134655,6.4325,7.4812,0.2229,0.8257
3537,5,28,9,weather_driven,historically_calibrated,0.820651,0.139511,6.5933,7.5625,0.3577,0.6116
3538,5,28,10,weather_driven,historically_calibrated,0.810253,0.137743,6.5351,7.489,0.5158,0.4381
3539,5,28,11,weather_driven,historically_calibrated,0.871402,0.148138,6.8713,7.7885,0.6726,0.2447
3540,5,28,12,weather_driven,historically_calibrated,0.847814,0.144128,6.7432,7.7675,0.8502,0.1741
3541,5,28,13,weather_driven,historically_calibrated,0.823875,0.140059,6.6112,7.5813,0.8515,0.1187
3542,5,28,14,weather_driven,historically_calibrated,0.84102,0.142973,6.706,7.6438,0.8022,0.1356
3543,5,28,15,weather_driven,historically_calibrated,0.917981,0.156057,7.1183,7.8844,0.7011,0.065
3544,5,28,16,weather_driven,historically_calibrated,1.034922,0.175937,7.7074,8.2647,0.5197,0.0376
3545,5,28,17,weather_driven,historically_calibrated,1.032725,0.175563,7.6967,8.123,0.4018,0.0245
3546,5,28,18,weather_driven,historically_calibrated,1.069021,0.181734,7.8715,8.1434,0.2527,0.0193
3547,5,28,19,weather_driven,historically_calibrated,1.115934,0.189709,8.0919,8.235,0.1283,0.0148
3548,5,28,20,weather_driven,historically_calibrated,1.115207,0.189585,8.0885,8.1433,0.0544,0.0003
3549,5,28,21,weather_driven,historically_calibrated,1.07352,0.182498,7.8929,7.9006,0.0078,0.0
3550,5,28,22,weather_driven,historically_calibrated,1.01022,0.171737,7.5865,7.5865,0.0,0.0
3551,5,28,23,weather_driven,historically_calibrated,0.950269,0.161546,7.2853,7.2853,0.0,0.0
3552,5,28,24,weather_driven,historically_calibrated,0.690962,0.117463,5.8365,5.8365,0.0,0.0
3553,5,29,1,weather_driven,historically_calibrated,0.662068,0.112552,5.6579,5.6579,0.0,0.0
3554,5,29,2,weather_driven,historically_calibrated,0.682386,0.116006,5.7839,5.7839,0.0,0.0
3555,5,29,3,weather_driven,historically_calibrated,0.69145,0.117546,5.8395,5.8398,0.0,0.0003
3556,5,29,4,weather_driven,historically_calibrated,0.691818,0.117609,5.8417,5.8424,0.0,0.0007
3557,5,29,5,weather_driven,historically_calibrated,0.714739,0.121506,5.9806,5.9822,0.0013,0.0003
3558,5,29,6,weather_driven,historically_calibrated,0.684205,0.116315,5.7951,5.8547,0.0596,0.0
3559,5,29,7,weather_driven,historically_calibrated,0.921055,0.156579,7.1343,7.286,0.1516,0.0
3560,5,29,8,weather_driven,historically_calibrated,0.935188,0.158982,7.2077,7.4812,0.2735,0.0
3561,5,29,9,weather_driven,historically_calibrated,0.938338,0.159517,7.224,7.5625,0.3383,0.0003
3562,5,29,10,weather_driven,historically_calibrated,0.898443,0.152735,7.0156,7.489,0.4653,0.0081
3563,5,29,11,weather_driven,historically_calibrated,0.913569,0.155307,7.0952,7.7544,0.556,0.1032
3564,5,29,12,weather_driven,historically_calibrated,0.86517,0.147079,6.8376,7.701,0.6674,0.1959
3565,5,29,13,weather_driven,historically_calibrated,0.664659,0.112992,5.6741,7.6143,0.7076,1.2326
3566,5,29,14,weather_driven,historically_calibrated,0.584444,0.099356,5.1577,7.1791,0.7102,1.3112
3567,5,29,15,weather_driven,historically_calibrated,0.705727,0.119974,5.9263,7.3049,0.4925,0.8861
3568,5,29,16,weather_driven,historically_calibrated,0.917249,0.155932,7.1145,7.5916,0.2812,0.1959
3569,5,29,17,weather_driven,historically_calibrated,0.85179,0.144804,6.7649,7.9017,0.311,0.8257
3570,5,29,18,weather_driven,historically_calibrated,0.111164,0.018898,1.1821,8.1434,0.1166,6.8447
3571,5,29,19,weather_driven,historically_calibrated,1.07472,0.182702,7.8986,8.4766,0.14,0.4381
3572,5,29,20,weather_driven,historically_calibrated,0.943167,0.160338,7.2488,8.621,0.0609,1.3112
3573,5,29,21,weather_driven,historically_calibrated,1.052919,0.178996,7.7944,8.3641,0.0052,0.5645
3574,5,29,22,weather_driven,historically_calibrated,1.117686,0.190007,8.1,8.2541,0.0,0.1541
3575,5,29,23,weather_driven,historically_calibrated,1.132968,0.192605,8.1705,8.2469,0.0,0.0764
3576,5,29,24,weather_driven,historically_calibrated,0.86547,0.14713,6.8392,6.8637,0.0,0.0245
3577,5,30,1,weather_driven,historically_calibrated,0.855191,0.145383,6.7835,6.7946,0.0,0.0111
3578,5,30,2,weather_driven,historically_calibrated,0.869608,0.147833,6.8616,6.8808,0.0,0.0193
3579,5,30,3,weather_driven,historically_calibrated,0.897375,0.152554,7.0099,7.0211,0.0,0.0111
3580,5,30,4,weather_driven,historically_calibrated,0.932601,0.158542,7.1943,7.1967,0.0,0.0024
3581,5,30,5,weather_driven,historically_calibrated,0.907587,0.15429,7.0638,7.0671,0.0026,0.0007
3582,5,30,6,weather_driven,historically_calibrated,0.889038,0.151137,6.9657,7.0139,0.048,0.0003
3583,5,30,7,weather_driven,historically_calibrated,1.019081,0.173244,7.6301,7.7669,0.1361,0.0007
3584,5,30,8,weather_driven,historically_calibrated,0.937734,0.159415,7.2208,7.4812,0.2579,0.0024
3585,5,30,9,weather_driven,historically_calibrated,0.923527,0.157,7.1472,7.5625,0.4005,0.0148
3586,5,30,10,weather_driven,historically_calibrated,0.877199,0.149124,6.9024,7.489,0.556,0.0306
3587,5,30,11,weather_driven,historically_calibrated,0.796875,0.135469,6.4597,7.3109,0.762,0.0892
3588,5,30,12,weather_driven,historically_calibrated,0.752249,0.127882,6.2029,7.1349,0.7361,0.1959
3589,5,30,13,weather_driven,historically_calibrated,0.758881,0.12901,6.2416,7.0875,0.5741,0.2718
3590,5,30,14,weather_driven,historically_calibrated,0.720742,0.122526,6.0166,7.3451,0.9279,0.4005
3591,5,30,15,weather_driven,historically_calibrated,0.819852,0.139375,6.5888,7.8844,0.8178,0.4779
3592,5,30,16,weather_driven,historically_calibrated,0.885339,0.150508,6.946,8.1939,0.6363,0.6116
3593,5,30,17,weather_driven,historically_calibrated,0.957064,0.162701,7.32,8.1598,0.4393,0.4005
3594,5,30,18,weather_driven,historically_calibrated,1.010116,0.17172,7.586,8.2194,0.2683,0.3652
3595,5,30,19,weather_driven,historically_calibrated,1.089815,0.185269,7.9699,8.235,0.1464,0.1187
3596,5,30,20,weather_driven,historically_calibrated,1.1044,0.187748,8.0382,8.1433,0.0674,0.0376
3597,5,30,21,weather_driven,historically_calibrated,1.072911,0.182395,7.89,7.9006,0.0104,0.0003
3598,5,30,22,weather_driven,historically_calibrated,1.01022,0.171737,7.5865,7.5865,0.0,0.0
3599,5,30,23,weather_driven,historically_calibrated,0.950269,0.161546,7.2853,7.2853,0.0,0.0
3600,5,30,24,weather_driven,historically_calibrated,0.690962,0.117463,5.8365,5.8365,0.0,0.0
3601,5,31,1,weather_driven,historically_calibrated,0.642615,0.109245,5.5354,5.5361,0.0,0.0007
3602,5,31,2,weather_driven,historically_calibrated,0.642084,0.109154,5.532,5.5401,0.0,0.0081
3603,5,31,3,weather_driven,historically_calibrated,0.640834,0.108942,5.5241,5.5546,0.0,0.0306
3604,5,31,4,weather_driven,historically_calibrated,0.651507,0.110756,5.5916,5.6373,0.0,0.0457
3605,5,31,5,weather_driven,historically_calibrated,0.685164,0.116478,5.801,5.857,0.0013,0.0548
3606,5,31,6,weather_driven,historically_calibrated,0.835535,0.142041,6.6758,6.7563,0.0156,0.065
3607,5,31,7,weather_driven,historically_calibrated,1.095527,0.18624,7.9967,8.0874,0.0143,0.0764
3608,5,31,8,weather_driven,historically_calibrated,1.10841,0.18843,8.0569,8.2492,0.0181,0.1741
3609,5,31,9,weather_driven,historically_calibrated,1.112494,0.189124,8.0759,8.2835,0.0117,0.1959
3610,5,31,10,weather_driven,historically_calibrated,1.031776,0.175402,7.6921,7.9283,0.0168,0.2194
3611,5,31,11,weather_driven,historically_calibrated,0.811226,0.137908,6.5406,7.3109,0.057,0.7133
3612,5,31,12,weather_driven,historically_calibrated,0.661158,0.112397,5.6522,7.1349,0.3979,1.0848
3613,5,31,13,weather_driven,historically_calibrated,0.563638,0.095818,5.0182,7.0546,0.3771,1.6593
3614,5,31,14,weather_driven,historically_calibrated,0.605928,0.103008,5.2992,7.1127,0.1542,1.6593
3615,5,31,15,weather_driven,historically_calibrated,0.662316,0.112594,5.6594,7.3049,0.6299,1.0156
3616,5,31,16,weather_driven,historically_calibrated,0.846482,0.143902,6.7359,7.5916,0.3357,0.52
3617,5,31,17,weather_driven,historically_calibrated,0.928056,0.157769,7.1708,7.9017,0.2929,0.4381
3618,5,31,18,weather_driven,historically_calibrated,0.993886,0.168961,7.5055,8.1434,0.1179,0.52
3619,5,31,19,weather_driven,historically_calibrated,1.036817,0.176259,7.7166,8.235,0.0804,0.4381
3620,5,31,20,weather_driven,historically_calibrated,1.078453,0.183337,7.9163,8.1433,0.0311,0.1959
3621,5,31,21,weather_driven,historically_calibrated,1.065619,0.181155,7.8552,7.9006,0.0078,0.0376
3622,5,31,22,weather_driven,historically_calibrated,1.050864,0.178647,7.7845,7.809,0.0,0.0245
3623,5,31,23,weather_driven,historically_calibrated,1.066994,0.181389,7.8618,7.8729,0.0,0.0111
3624,5,31,24,weather_driven,historically_calibrated,0.822978,0.139906,6.6062,6.6069,0.0,0.0007
3625,6,1,1,weather_driven,historically_calibrated,0.805738,0.136975,6.5097,6.5104,0.0,0.0007
3626,6,1,2,weather_driven,historically_calibrated,0.858151,0.145886,6.7996,6.7996,0.0,0.0
3627,6,1,3,weather_driven,historically_calibrated,0.907205,0.154225,7.0618,7.0618,0.0,0.0
3628,6,1,4,weather_driven,historically_calibrated,0.941017,0.159973,7.2378,7.2378,0.0,0.0
3629,6,1,5,weather_driven,historically_calibrated,0.947908,0.161144,7.2732,7.2758,0.0026,0.0
3630,6,1,6,weather_driven,historically_calibrated,0.856692,0.145638,6.7916,6.8422,0.0505,0.0
3631,6,1,7,weather_driven,historically_calibrated,1.050609,0.178603,7.7833,7.9271,0.1439,0.0
3632,6,1,8,weather_driven,historically_calibrated,0.932682,0.158556,7.1947,7.4812,0.2864,0.0
3633,6,1,9,weather_driven,historically_calibrated,0.913711,0.155331,7.096,7.5625,0.4666,0.0
3634,6,1,10,weather_driven,historically_calibrated,0.864353,0.14694,6.8332,7.489,0.6558,0.0
3635,6,1,11,weather_driven,historically_calibrated,0.801413,0.13624,6.4853,7.3109,0.8256,0.0
3636,6,1,12,weather_driven,historically_calibrated,0.750953,0.127662,6.1953,7.1349,0.9396,0.0
3637,6,1,13,weather_driven,historically_calibrated,0.753712,0.128131,6.2114,7.2521,1.0407,0.0
3638,6,1,14,weather_driven,historically_calibrated,0.815169,0.138579,6.5626,7.5774,1.0148,0.0
3639,6,1,15,weather_driven,historically_calibrated,0.904017,0.153683,7.045,7.9185,0.8735,0.0
3640,6,1,16,weather_driven,historically_calibrated,1.01031,0.171753,7.5869,8.2647,0.6778,0.0
3641,6,1,17,weather_driven,historically_calibrated,1.10132,0.187224,8.0239,8.4917,0.4679,0.0
3642,6,1,18,weather_driven,historically_calibrated,1.148098,0.195177,8.2396,8.5235,0.2838,0.0
3643,6,1,19,weather_driven,historically_calibrated,1.137425,0.193362,8.1909,8.3503,0.1594,0.0
3644,6,1,20,weather_driven,historically_calibrated,1.112759,0.189169,8.0772,8.1433,0.0661,0.0
3645,6,1,21,weather_driven,historically_calibrated,1.071501,0.182155,7.8833,7.9006,0.0117,0.0057
3646,6,1,22,weather_driven,historically_calibrated,1.010075,0.171713,7.5858,7.5865,0.0,0.0007
3647,6,1,23,weather_driven,historically_calibrated,0.950267,0.161545,7.2853,7.2853,0.0,0.0
3648,6,1,24,weather_driven,historically_calibrated,0.690962,0.117463,5.8365,5.8365,0.0,0.0
3649,6,2,1,weather_driven,historically_calibrated,0.574786,0.097714,5.0932,5.0932,0.0,0.0
3650,6,2,2,weather_driven,historically_calibrated,0.575341,0.097808,5.0969,5.0969,0.0,0.0
3651,6,2,3,weather_driven,historically_calibrated,0.577337,0.098147,5.1103,5.1103,0.0,0.0
3652,6,2,4,weather_driven,historically_calibrated,0.583071,0.099122,5.1485,5.1485,0.0,0.0
3653,6,2,5,weather_driven,historically_calibrated,0.595533,0.101241,5.231,5.2349,0.0039,0.0
3654,6,2,6,weather_driven,historically_calibrated,0.611142,0.103894,5.3332,5.3863,0.0531,0.0
3655,6,2,7,weather_driven,historically_calibrated,0.81456,0.138475,6.5592,6.7031,0.1439,0.0
3656,6,2,8,weather_driven,historically_calibrated,0.821189,0.139602,6.5963,6.8827,0.2864,0.0
3657,6,2,9,weather_driven,historically_calibrated,0.895761,0.152279,7.0014,7.477,0.4756,0.0
3658,6,2,10,weather_driven,historically_calibrated,0.933642,0.158719,7.1997,7.8866,0.6869,0.0
3659,6,2,11,weather_driven,historically_calibrated,0.945302,0.160701,7.2598,8.1385,0.8787,0.0
3660,6,2,12,weather_driven,historically_calibrated,0.959274,0.163077,7.3312,8.3408,1.0096,0.0
3661,6,2,13,weather_driven,historically_calibrated,0.958425,0.162932,7.3269,8.3378,1.0109,0.0
3662,6,2,14,weather_driven,historically_calibrated,1.007575,0.171288,7.5734,8.3759,0.8022,0.0003
3663,6,2,15,weather_driven,historically_calibrated,1.116215,0.189757,8.0932,8.6964,0.5975,0.0057
3664,6,2,16,weather_driven,historically_calibrated,1.156616,0.196625,8.2783,8.9399,0.6467,0.0148
3665,6,2,17,weather_driven,historically_calibrated,1.23259,0.20954,8.6155,9.0676,0.4329,0.0193
3666,6,2,18,weather_driven,historically_calibrated,1.279818,0.217569,8.8182,9.1002,0.2709,0.0111
3667,6,2,19,weather_driven,historically_calibrated,1.27905,0.217438,8.815,8.9905,0.1698,0.0057
3668,6,2,20,weather_driven,historically_calibrated,1.19034,0.202358,8.4297,8.5406,0.0804,0.0306
3669,6,2,21,weather_driven,historically_calibrated,1.118801,0.190196,8.1052,8.1844,0.0143,0.065
3670,6,2,22,weather_driven,historically_calibrated,1.018146,0.173085,7.6255,7.7287,0.0,0.1032
3671,6,2,23,weather_driven,historically_calibrated,0.917443,0.155965,7.1155,7.2342,0.0,0.1187
3672,6,2,24,weather_driven,historically_calibrated,0.629444,0.107005,5.4514,5.57,0.0,0.1187
3673,6,3,1,weather_driven,historically_calibrated,0.561549,0.095463,5.004,5.0932,0.0,0.0892
3674,6,3,2,weather_driven,historically_calibrated,0.568542,0.096652,5.0513,5.0969,0.0,0.0457
3675,6,3,3,weather_driven,historically_calibrated,0.57368,0.097526,5.0858,5.1103,0.0,0.0245
3676,6,3,4,weather_driven,historically_calibrated,0.58018,0.098631,5.1293,5.1485,0.0,0.0193
3677,6,3,5,weather_driven,historically_calibrated,0.592809,0.100778,5.2131,5.2349,0.0026,0.0193
3678,6,3,6,weather_driven,historically_calibrated,0.611859,0.104016,5.3378,5.3863,0.0428,0.0057
3679,6,3,7,weather_driven,historically_calibrated,0.825796,0.140385,6.6219,6.7657,0.14,0.0038
3680,6,3,8,weather_driven,historically_calibrated,0.920293,0.15645,7.1304,7.3966,0.2605,0.0057
3681,6,3,9,weather_driven,historically_calibrated,1.052109,0.178859,7.7905,8.1913,0.3927,0.0081
3682,6,3,10,weather_driven,historically_calibrated,1.121639,0.190679,8.1183,8.6904,0.5573,0.0148
3683,6,3,11,weather_driven,historically_calibrated,1.146405,0.194889,8.2319,8.9546,0.6921,0.0306
3684,6,3,12,weather_driven,historically_calibrated,1.201771,0.204301,8.4804,9.2904,0.7724,0.0376
3685,6,3,13,weather_driven,historically_calibrated,1.257702,0.213809,8.7239,9.6402,0.8398,0.0764
3686,6,3,14,weather_driven,historically_calibrated,1.323381,0.224975,9.0009,10.0555,0.7828,0.2718
3687,6,3,15,weather_driven,historically_calibrated,1.505782,0.255983,9.7241,10.7035,0.7348,0.2447
3688,6,3,16,weather_driven,historically_calibrated,1.614017,0.274383,10.1247,11.1236,0.6337,0.3652
3689,6,3,17,weather_driven,historically_calibrated,1.640578,0.278898,10.22,11.1709,0.473,0.4779
3690,6,3,18,weather_driven,historically_calibrated,1.757274,0.298737,10.6263,11.3728,0.3084,0.4381
3691,6,3,19,weather_driven,historically_calibrated,1.665161,0.283077,10.3073,10.5461,0.184,0.0548
3692,6,3,20,weather_driven,historically_calibrated,1.509074,0.256543,9.7365,10.1139,0.0765,0.3009
3693,6,3,21,weather_driven,historically_calibrated,1.394085,0.236994,9.2889,9.4734,0.0104,0.1741
3694,6,3,22,weather_driven,historically_calibrated,1.271429,0.216143,8.7826,8.9013,0.0,0.1187
3695,6,3,23,weather_driven,historically_calibrated,1.145703,0.194769,8.2287,8.2663,0.0,0.0376
3696,6,3,24,weather_driven,historically_calibrated,0.75759,0.12879,6.2341,6.2717,0.0,0.0376
3697,6,4,1,weather_driven,historically_calibrated,0.714488,0.121463,5.9791,6.3111,0.0,0.332
3698,6,4,2,weather_driven,historically_calibrated,0.569259,0.096774,5.0561,6.0055,0.0,0.9494
3699,6,4,3,weather_driven,historically_calibrated,0.552582,0.093939,4.9431,5.5546,0.0,0.6116
3700,6,4,4,weather_driven,historically_calibrated,0.578546,0.098353,5.1184,5.5962,0.0,0.4779
3701,6,4,5,weather_driven,historically_calibrated,0.647732,0.110115,5.5678,5.7432,0.0013,0.1741
3702,6,4,6,weather_driven,historically_calibrated,0.48694,0.08278,4.4824,5.882,0.0065,1.3932
3703,6,4,7,weather_driven,historically_calibrated,0.654198,0.111214,5.6085,7.286,0.0181,1.6593
3704,6,4,8,weather_driven,historically_calibrated,0.723363,0.122972,6.0323,7.4812,0.0557,1.3932
3705,6,4,9,weather_driven,historically_calibrated,0.610083,0.103714,5.3263,7.8801,0.1464,2.4074
3706,6,4,10,weather_driven,historically_calibrated,0.563161,0.095737,5.015,7.5239,0.3344,2.1746
3707,6,4,11,weather_driven,historically_calibrated,0.61108,0.103884,5.3328,7.3109,0.3188,1.6593
3708,6,4,12,weather_driven,historically_calibrated,0.570561,0.096995,5.0649,7.1349,0.1128,1.9573
3709,6,4,13,weather_driven,historically_calibrated,0.63741,0.10836,5.5023,7.0546,0.0739,1.4784
3710,6,4,14,weather_driven,historically_calibrated,0.741489,0.126053,6.1397,7.1127,0.0868,0.8861
3711,6,4,15,weather_driven,historically_calibrated,0.856654,0.145631,6.7914,7.3049,0.1814,0.332
3712,6,4,16,weather_driven,historically_calibrated,0.921967,0.156734,7.1391,7.5916,0.2566,0.1959
3713,6,4,17,weather_driven,historically_calibrated,1.001472,0.17025,7.5432,7.9017,0.2229,0.1356
3714,6,4,18,weather_driven,historically_calibrated,1.0826,0.184042,7.9359,8.1434,0.1426,0.065
3715,6,4,19,weather_driven,historically_calibrated,1.116073,0.189732,8.0925,8.235,0.1387,0.0038
3716,6,4,20,weather_driven,historically_calibrated,1.111362,0.188931,8.0707,8.1433,0.0726,0.0
3717,6,4,21,weather_driven,historically_calibrated,1.063936,0.180869,7.8472,7.9006,0.0078,0.0457
3718,6,4,22,weather_driven,historically_calibrated,1.009063,0.171541,7.5808,7.5865,0.0,0.0057
3719,6,4,23,weather_driven,historically_calibrated,0.950211,0.161536,7.285,7.2853,0.0,0.0003
3720,6,4,24,weather_driven,historically_calibrated,0.690962,0.117463,5.8365,5.8365,0.0,0.0
3721,6,5,1,weather_driven,historically_calibrated,0.642728,0.109264,5.5361,5.5361,0.0,0.0
3722,6,5,2,weather_driven,historically_calibrated,0.643365,0.109372,5.5401,5.5401,0.0,0.0
3723,6,5,3,weather_driven,historically_calibrated,0.658591,0.11196,5.6361,5.6361,0.0,0.0
3724,6,5,4,weather_driven,historically_calibrated,0.685235,0.11649,5.8014,5.8014,0.0,0.0
3725,6,5,5,weather_driven,historically_calibrated,0.680079,0.115613,5.7697,5.7736,0.0039,0.0
3726,6,5,6,weather_driven,historically_calibrated,0.684627,0.116387,5.7977,5.8547,0.057,0.0
3727,6,5,7,weather_driven,historically_calibrated,0.91882,0.156199,7.1227,7.286,0.1633,0.0
3728,6,5,8,weather_driven,historically_calibrated,0.93093,0.158258,7.1857,7.4812,0.2955,0.0
3729,6,5,9,weather_driven,historically_calibrated,0.915939,0.15571,7.1076,7.5625,0.4549,0.0
3730,6,5,10,weather_driven,historically_calibrated,0.878794,0.149395,6.911,7.489,0.578,0.0
3731,6,5,11,weather_driven,historically_calibrated,0.827192,0.140623,6.6296,7.345,0.7154,0.0
3732,6,5,12,weather_driven,historically_calibrated,0.865907,0.147204,6.8416,7.6011,0.7595,0.0
3733,6,5,13,weather_driven,historically_calibrated,0.851252,0.144713,6.762,7.4826,0.7206,0.0
3734,6,5,14,weather_driven,historically_calibrated,0.94049,0.159883,7.2351,7.677,0.4419,0.0
3735,6,5,15,weather_driven,historically_calibrated,0.989812,0.168268,7.4852,7.8844,0.3992,0.0001
3736,6,5,16,weather_driven,historically_calibrated,1.02657,0.174517,7.6667,8.0167,0.3499,0.0001
3737,6,5,17,weather_driven,historically_calibrated,1.067756,0.181519,7.8654,8.2336,0.3668,0.0014
3738,6,5,18,weather_driven,historically_calibrated,1.090644,0.18541,7.9738,8.2574,0.2644,0.0193
3739,6,5,19,weather_driven,historically_calibrated,1.107246,0.188232,8.0515,8.235,0.1529,0.0306
3740,6,5,20,weather_driven,historically_calibrated,1.108329,0.188416,8.0566,8.1433,0.0622,0.0245
3741,6,5,21,weather_driven,historically_calibrated,1.065076,0.181063,7.8527,7.9006,0.0104,0.0376
3742,6,5,22,weather_driven,historically_calibrated,0.970979,0.165066,7.3906,7.5865,0.0,0.1959
3743,6,5,23,weather_driven,historically_calibrated,0.932944,0.1586,7.1961,7.2853,0.0,0.0892
3744,6,5,24,weather_driven,historically_calibrated,0.680374,0.115664,5.7715,5.8365,0.0,0.065
3745,6,6,1,weather_driven,historically_calibrated,0.630735,0.107225,5.4596,5.5361,0.0,0.0764
3746,6,6,2,weather_driven,historically_calibrated,0.641027,0.108975,5.5253,5.5401,0.0,0.0148
3747,6,6,3,weather_driven,historically_calibrated,0.645276,0.109697,5.5522,5.5546,0.0,0.0024
3748,6,6,4,weather_driven,historically_calibrated,0.652126,0.110861,5.5955,5.5962,0.0,0.0007
3749,6,6,5,weather_driven,historically_calibrated,0.665515,0.113138,5.6794,5.6901,0.0026,0.0081
3750,6,6,6,weather_driven,historically_calibrated,0.678686,0.115377,5.7611,5.8547,0.048,0.0457
3751,6,6,7,weather_driven,historically_calibrated,0.919454,0.156307,7.126,7.286,0.1452,0.0148
3752,6,6,8,weather_driven,historically_calibrated,0.926718,0.157542,7.1638,7.4812,0.2981,0.0193
3753,6,6,9,weather_driven,historically_calibrated,0.996486,0.169403,7.5184,8.0566,0.4834,0.0548
3754,6,6,10,weather_driven,historically_calibrated,1.056602,0.179622,7.8121,8.5724,0.6571,0.1032
3755,6,6,11,weather_driven,historically_calibrated,1.070983,0.182067,7.8808,8.9827,0.8009,0.3009
3756,6,6,12,weather_driven,historically_calibrated,1.109797,0.188666,8.0634,9.2326,0.9733,0.1959
3757,6,6,13,weather_driven,historically_calibrated,1.176431,0.199993,8.3676,9.4579,1.0355,0.0548
3758,6,6,14,weather_driven,historically_calibrated,1.351387,0.229736,9.1162,10.0337,0.9137,0.0038
3759,6,6,15,weather_driven,historically_calibrated,1.457054,0.247699,9.5371,10.373,0.8359,0.0
3760,6,6,16,weather_driven,historically_calibrated,1.5983,0.271711,10.0677,10.7092,0.6415,0.0
3761,6,6,17,weather_driven,historically_calibrated,1.665454,0.283127,10.3083,10.8148,0.4173,0.0892
3762,6,6,18,weather_driven,historically_calibrated,0.230253,0.039143,2.3793,10.8036,0.2994,8.125
3763,6,6,19,weather_driven,historically_calibrated,1.180516,0.200688,8.3859,10.4255,0.1853,1.8543
3764,6,6,20,weather_driven,historically_calibrated,0.819537,0.139321,6.587,8.1433,0.0778,1.4784
3765,6,6,21,weather_driven,historically_calibrated,0.773195,0.131443,6.3244,7.9006,0.0091,1.5671
3766,6,6,22,weather_driven,historically_calibrated,0.674005,0.114581,5.7322,7.5865,0.0,1.8543
3767,6,6,23,weather_driven,historically_calibrated,0.313823,0.05335,3.1253,7.2853,0.0,4.16
3768,6,6,24,weather_driven,historically_calibrated,0.364624,0.061986,3.5475,5.8365,0.0,2.289
3769,6,7,1,weather_driven,historically_calibrated,0.299977,0.050996,3.0063,5.5361,0.0,2.5298
3770,6,7,2,weather_driven,historically_calibrated,0.368998,0.06273,3.5828,5.5401,0.0,1.9573
3771,6,7,3,weather_driven,historically_calibrated,0.559493,0.095114,4.9901,5.5546,0.0,0.5645
3772,6,7,4,weather_driven,historically_calibrated,0.522185,0.088771,4.733,5.9656,0.0,1.2326
3773,6,7,5,weather_driven,historically_calibrated,0.299512,0.050917,3.0023,6.0657,0.0026,3.0608
3774,6,7,6,weather_driven,historically_calibrated,0.55755,0.094784,4.9769,6.1123,0.0505,1.0848
3775,6,7,7,weather_driven,historically_calibrated,0.781596,0.132871,6.3727,7.6066,0.149,1.0848
3776,6,7,8,weather_driven,historically_calibrated,0.769103,0.130748,6.3008,7.4812,0.2942,0.8861
3777,6,7,9,weather_driven,historically_calibrated,0.654595,0.111281,5.611,7.5625,0.473,1.4784
3778,6,7,10,weather_driven,historically_calibrated,0.671392,0.114137,5.716,7.489,0.6882,1.0848
3779,6,7,11,weather_driven,historically_calibrated,0.577342,0.098148,5.1103,7.3109,0.8074,1.3932
3780,6,7,12,weather_driven,historically_calibrated,0.442104,0.075158,4.152,7.1349,0.9189,2.0641
3781,6,7,13,weather_driven,historically_calibrated,0.549204,0.093365,4.92,7.0546,0.902,1.2326
3782,6,7,14,weather_driven,historically_calibrated,0.662758,0.112669,5.6622,7.1127,0.9305,0.52
3783,6,7,15,weather_driven,historically_calibrated,0.7833,0.133161,6.3824,7.3049,0.8333,0.0892
3784,6,7,16,weather_driven,historically_calibrated,0.920299,0.156451,7.1304,7.5916,0.4419,0.0193
3785,6,7,17,weather_driven,historically_calibrated,1.015919,0.172706,7.6145,7.9017,0.2566,0.0306
3786,6,7,18,weather_driven,historically_calibrated,1.094476,0.186061,7.9918,8.1434,0.1516,0.0
3787,6,7,19,weather_driven,historically_calibrated,1.125852,0.191395,8.1377,8.235,0.0972,0.0001
3788,6,7,20,weather_driven,historically_calibrated,1.119469,0.19031,8.1083,8.1433,0.035,0.0
3789,6,7,21,weather_driven,historically_calibrated,1.074065,0.182591,7.8954,7.9006,0.0052,0.0
3790,6,7,22,weather_driven,historically_calibrated,1.01022,0.171737,7.5865,7.5865,0.0,0.0
3791,6,7,23,weather_driven,historically_calibrated,0.950269,0.161546,7.2853,7.2853,0.0,0.0
3792,6,7,24,weather_driven,historically_calibrated,0.687816,0.116929,5.8172,5.8365,0.0,0.0193
3793,6,8,1,weather_driven,historically_calibrated,0.637916,0.108446,5.5055,5.5361,0.0,0.0306
3794,6,8,2,weather_driven,historically_calibrated,0.638551,0.108554,5.5095,5.5401,0.0,0.0306
3795,6,8,3,weather_driven,historically_calibrated,0.640834,0.108942,5.5241,5.5546,0.0,0.0306
3796,6,8,4,weather_driven,historically_calibrated,0.649185,0.110361,5.577,5.5962,0.0,0.0193
3797,6,8,5,weather_driven,historically_calibrated,0.609471,0.10361,5.3223,5.6901,0.0026,0.3652
3798,6,8,6,weather_driven,historically_calibrated,0.362712,0.061661,3.532,5.8547,0.0337,2.289
3799,6,8,7,weather_driven,historically_calibrated,0.477097,0.081106,4.411,7.286,0.0881,2.7869
3800,6,8,8,weather_driven,historically_calibrated,0.775891,0.131901,6.3399,7.4812,0.1918,0.9494
3801,6,8,9,weather_driven,historically_calibrated,0.824611,0.140184,6.6153,7.5625,0.3357,0.6116
3802,6,8,10,weather_driven,historically_calibrated,0.769496,0.130814,6.3031,7.8734,0.5547,1.0156
3803,6,8,11,weather_driven,historically_calibrated,0.697957,0.118653,5.8792,8.0956,0.6493,1.5671
3804,6,8,12,weather_driven,historically_calibrated,0.494154,0.084006,4.5343,8.1338,0.6778,2.9217
3805,6,8,13,weather_driven,historically_calibrated,0.346486,0.058903,3.3992,8.0752,0.6869,3.9891
3806,6,8,14,weather_driven,historically_calibrated,0.390518,0.066388,3.7545,8.5068,0.5923,4.16
3807,6,8,15,weather_driven,historically_calibrated,0.486368,0.082682,4.4782,8.8389,0.5378,3.8229
3808,6,8,16,weather_driven,historically_calibrated,0.488318,0.083014,4.4923,9.115,0.4627,4.16
3809,6,8,17,weather_driven,historically_calibrated,0.501951,0.085332,4.59,9.4136,0.3072,4.5164
3810,6,8,18,weather_driven,historically_calibrated,0.552497,0.093925,4.9425,9.5115,0.2333,4.3358
3811,6,8,19,weather_driven,historically_calibrated,0.547877,0.093139,4.9109,9.3879,0.1413,4.3358
3812,6,8,20,weather_driven,historically_calibrated,0.603043,0.102517,5.2803,9.1693,0.0661,3.8229
3813,6,8,21,weather_driven,historically_calibrated,0.625028,0.106255,5.423,8.7855,0.0104,3.3521
3814,6,8,22,weather_driven,historically_calibrated,0.673551,0.114504,5.7293,8.2591,0.0,2.5298
3815,6,8,23,weather_driven,historically_calibrated,0.679349,0.115489,5.7652,7.8292,0.0,2.0641
3816,6,8,24,weather_driven,historically_calibrated,0.463189,0.078742,4.309,6.1633,0.0,1.8543
3817,6,9,1,weather_driven,historically_calibrated,0.365276,0.062097,3.5527,5.212,0.0,1.6593
3818,6,9,2,weather_driven,historically_calibrated,0.423532,0.072,4.0111,5.1683,0.0,1.1571
3819,6,9,3,weather_driven,historically_calibrated,0.485642,0.082559,4.473,5.1341,0.0,0.6611
3820,6,9,4,weather_driven,historically_calibrated,0.472902,0.080393,4.3804,5.1485,0.0,0.7682
3821,6,9,5,weather_driven,historically_calibrated,0.484601,0.082382,4.4655,5.2349,0.0013,0.7682
3822,6,9,6,weather_driven,historically_calibrated,0.536317,0.091174,4.8313,5.3863,0.035,0.52
3823,6,9,7,weather_driven,historically_calibrated,0.820754,0.139528,6.5938,6.9221,0.1089,0.2194
3824,6,9,8,weather_driven,historically_calibrated,0.839491,0.142714,6.6976,7.3002,0.1646,0.4381
3825,6,9,9,weather_driven,historically_calibrated,0.850439,0.144575,6.7576,7.542,0.2644,0.52
3826,6,9,10,weather_driven,historically_calibrated,0.850714,0.144621,6.7591,7.5972,0.3603,0.4779
3827,6,9,11,weather_driven,historically_calibrated,0.900298,0.153051,7.0254,7.6991,0.3084,0.3652
3828,6,9,12,weather_driven,historically_calibrated,0.91706,0.1559,7.1135,7.6363,0.3486,0.1741
3829,6,9,13,weather_driven,historically_calibrated,0.895856,0.152296,7.0019,7.8835,0.3616,0.52
3830,6,9,14,weather_driven,historically_calibrated,0.917048,0.155898,7.1134,8.6202,0.4912,1.0156
3831,6,9,15,weather_driven,historically_calibrated,1.08224,0.183981,7.9342,9.1354,0.5897,0.6116
3832,6,9,16,weather_driven,historically_calibrated,1.346496,0.228904,9.0962,9.7221,0.5495,0.0764
3833,6,9,17,weather_driven,historically_calibrated,0.740476,0.125881,6.1338,7.2696,0.4225,0.7133
3834,6,9,18,weather_driven,historically_calibrated,0.775495,0.131834,6.3377,7.492,0.1387,1.0156
3835,6,9,19,weather_driven,historically_calibrated,0.700392,0.119067,5.894,7.6116,0.0583,1.6593
3836,6,9,20,weather_driven,historically_calibrated,0.413858,0.070356,3.9368,7.4918,0.0505,3.5045
3837,6,9,21,weather_driven,historically_calibrated,0.681293,0.11582,5.7772,7.5399,0.0078,1.755
3838,6,9,22,weather_driven,historically_calibrated,0.896595,0.152421,7.0058,7.3378,0.0,0.332
3839,6,9,23,weather_driven,historically_calibrated,0.814321,0.138435,6.5579,6.8588,0.0,0.3009
3840,6,9,24,weather_driven,historically_calibrated,0.593936,0.100969,5.2205,5.3946,0.0,0.1741
3841,6,10,1,weather_driven,historically_calibrated,0.563428,0.095783,5.0168,5.0932,0.0,0.0764
3842,6,10,2,weather_driven,historically_calibrated,0.543016,0.092313,4.8775,5.0969,0.0,0.2194
3843,6,10,3,weather_driven,historically_calibrated,0.54496,0.092643,4.8909,5.1103,0.0,0.2194
3844,6,10,4,weather_driven,historically_calibrated,0.567656,0.096502,5.0453,5.1485,0.0,0.1032
3845,6,10,5,weather_driven,historically_calibrated,0.595346,0.101209,5.2298,5.2349,0.0013,0.0038
3846,6,10,6,weather_driven,historically_calibrated,0.614933,0.104539,5.3578,5.3863,0.0285,0.0
3847,6,10,7,weather_driven,historically_calibrated,0.883874,0.150259,6.9381,7.0159,0.0778,0.0
3848,6,10,8,weather_driven,historically_calibrated,0.996962,0.169484,7.5208,7.6535,0.127,0.0057
3849,6,10,9,weather_driven,historically_calibrated,1.054537,0.179271,7.8022,8.029,0.2268,0.0
3850,6,10,10,weather_driven,historically_calibrated,1.11458,0.189479,8.0856,8.4653,0.3797,0.0
3851,6,10,11,weather_driven,historically_calibrated,1.1446,0.194582,8.2237,8.829,0.6052,0.0001
3852,6,10,12,weather_driven,historically_calibrated,1.167185,0.198421,8.3261,9.1679,0.8411,0.0007
3853,6,10,13,weather_driven,historically_calibrated,1.16803,0.198565,8.3299,9.307,0.9733,0.0038
3854,6,10,14,weather_driven,historically_calibrated,1.241973,0.211135,8.6562,9.5058,0.8385,0.0111
3855,6,10,15,weather_driven,historically_calibrated,1.150676,0.195615,8.2514,9.6059,0.6934,0.6611
3856,6,10,16,weather_driven,historically_calibrated,1.363698,0.231829,9.1663,9.5917,0.4251,0.0003
3857,6,10,17,weather_driven,historically_calibrated,1.116055,0.189729,8.0925,9.7122,0.1413,1.4784
3858,6,10,18,weather_driven,historically_calibrated,0.89743,0.152563,7.0102,8.4709,0.2281,1.2326
3859,6,10,19,weather_driven,historically_calibrated,0.749348,0.127389,6.1859,7.5762,0.0791,1.3112
3860,6,10,20,weather_driven,historically_calibrated,0.803253,0.136553,6.4957,7.4918,0.0467,0.9494
3861,6,10,21,weather_driven,historically_calibrated,0.772282,0.131288,6.3192,7.2686,0.0,0.9494
3862,6,10,22,weather_driven,historically_calibrated,0.753704,0.12813,6.2114,6.9796,0.0,0.7682
3863,6,10,23,weather_driven,historically_calibrated,0.716158,0.121747,5.9891,6.7024,0.0,0.7133
3864,6,10,24,weather_driven,historically_calibrated,0.511283,0.086918,4.6563,5.3696,0.0,0.7133
3865,6,11,1,weather_driven,historically_calibrated,0.510389,0.086766,4.65,5.5361,0.0,0.8861
3866,6,11,2,weather_driven,historically_calibrated,0.519534,0.088321,4.7144,5.5401,0.0,0.8257
3867,6,11,3,weather_driven,historically_calibrated,0.583913,0.099265,5.1541,5.5546,0.0,0.4005
3868,6,11,4,weather_driven,historically_calibrated,0.584521,0.099368,5.1582,5.5962,0.0,0.4381
3869,6,11,5,weather_driven,historically_calibrated,0.609272,0.103576,5.321,5.6901,0.0039,0.3652
3870,6,11,6,weather_driven,historically_calibrated,0.597429,0.101563,5.2435,5.8547,0.0467,0.5645
3871,6,11,7,weather_driven,historically_calibrated,0.786813,0.133758,6.4025,7.286,0.1153,0.7682
3872,6,11,8,weather_driven,historically_calibrated,0.787836,0.133932,6.4083,7.5161,0.2216,0.8861
3873,6,11,9,weather_driven,historically_calibrated,0.823073,0.139922,6.6067,7.8801,0.324,0.9494
3874,6,11,10,weather_driven,historically_calibrated,0.906849,0.154164,7.0599,8.5025,0.3577,1.0848
3875,6,11,11,weather_driven,historically_calibrated,0.846302,0.143871,6.7349,8.6074,0.5612,1.3112
3876,6,11,12,weather_driven,historically_calibrated,0.778514,0.132347,6.355,8.5999,0.6778,1.5671
3877,6,11,13,weather_driven,historically_calibrated,0.673388,0.114476,5.7283,8.6019,0.9163,1.9573
3878,6,11,14,weather_driven,historically_calibrated,0.721022,0.122574,6.0183,9.0711,0.6454,2.4074
3879,6,11,15,weather_driven,historically_calibrated,0.589625,0.100236,5.192,9.1117,0.7154,3.2043
3880,6,11,16,weather_driven,historically_calibrated,0.489537,0.083221,4.5011,8.9733,0.6493,3.8229
3881,6,11,17,weather_driven,historically_calibrated,0.47227,0.080286,4.3757,8.8236,0.4588,3.9891
3882,6,11,18,weather_driven,historically_calibrated,0.466089,0.079235,4.3304,8.4475,0.2942,3.8229
3883,6,11,19,weather_driven,historically_calibrated,0.498758,0.084789,4.5673,8.235,0.1633,3.5045
3884,6,11,20,weather_driven,historically_calibrated,0.540648,0.09191,4.8612,8.1433,0.0778,3.2043
3885,6,11,21,weather_driven,historically_calibrated,0.575146,0.097775,5.0956,7.9006,0.0181,2.7869
3886,6,11,22,weather_driven,historically_calibrated,0.623297,0.10596,5.4119,7.5865,0.0,2.1746
3887,6,11,23,weather_driven,historically_calibrated,0.626262,0.106465,5.4309,7.2853,0.0,1.8543
3888,6,11,24,weather_driven,historically_calibrated,0.43277,0.073571,4.0815,5.8365,0.0,1.755
3889,6,12,1,weather_driven,historically_calibrated,0.429628,0.073037,4.0576,5.5361,0.0,1.4784
3890,6,12,2,weather_driven,historically_calibrated,0.483195,0.082143,4.4553,5.5401,0.0,1.0848
3891,6,12,3,weather_driven,historically_calibrated,0.513015,0.087213,4.6685,5.5546,0.0,0.8861
3892,6,12,4,weather_driven,historically_calibrated,0.527553,0.089684,4.7705,5.5962,0.0,0.8257
3893,6,12,5,weather_driven,historically_calibrated,0.556773,0.094651,4.9716,5.6901,0.0052,0.7133
3894,6,12,6,weather_driven,historically_calibrated,0.565701,0.096169,5.0321,5.8547,0.0544,0.7682
3895,6,12,7,weather_driven,historically_calibrated,0.726689,0.123537,6.0521,7.286,0.149,1.0848
3896,6,12,8,weather_driven,historically_calibrated,0.682941,0.1161,5.7873,7.4812,0.3007,1.3932
3897,6,12,9,weather_driven,historically_calibrated,0.648835,0.110302,5.5747,7.5625,0.5093,1.4784
3898,6,12,10,weather_driven,historically_calibrated,0.600358,0.102061,5.2627,7.489,0.7478,1.4784
3899,6,12,11,weather_driven,historically_calibrated,0.539447,0.091706,4.853,7.3791,0.959,1.5671
3900,6,12,12,weather_driven,historically_calibrated,0.556081,0.094534,4.9669,7.6344,1.1003,1.5671
3901,6,12,13,weather_driven,historically_calibrated,0.537962,0.091453,4.8427,7.746,1.1483,1.755
3902,6,12,14,weather_driven,historically_calibrated,0.545599,0.092752,4.8953,7.9425,1.0899,1.9573
3903,6,12,15,weather_driven,historically_calibrated,0.568345,0.096619,5.0499,8.0549,0.9409,2.0641
3904,6,12,16,weather_driven,historically_calibrated,0.556265,0.094565,4.9682,7.875,0.7322,2.1746
3905,6,12,17,weather_driven,historically_calibrated,0.610199,0.103734,5.327,7.9017,0.5106,2.0641
3906,6,12,18,weather_driven,historically_calibrated,0.730291,0.124149,6.0735,8.1434,0.3149,1.755
3907,6,12,19,weather_driven,historically_calibrated,0.864492,0.146964,6.834,8.235,0.1685,1.2326
3908,6,12,20,weather_driven,historically_calibrated,0.963654,0.163821,7.3535,8.1433,0.0765,0.7133
3909,6,12,21,weather_driven,historically_calibrated,0.989166,0.168158,7.482,7.9006,0.0181,0.4005
3910,6,12,22,weather_driven,historically_calibrated,0.95602,0.162523,7.3146,7.5865,0.0,0.2718
3911,6,12,23,weather_driven,historically_calibrated,0.907981,0.154357,7.0659,7.2853,0.0,0.2194
3912,6,12,24,weather_driven,historically_calibrated,0.655564,0.111446,5.6171,5.8365,0.0,0.2194
3913,6,13,1,weather_driven,historically_calibrated,0.623507,0.105996,5.4132,5.6579,0.0,0.2447
3914,6,13,2,weather_driven,historically_calibrated,0.662585,0.11264,5.6611,5.9058,0.0,0.2447
3915,6,13,3,weather_driven,historically_calibrated,0.702302,0.119391,5.9056,6.1249,0.0,0.2194
3916,6,13,4,weather_driven,historically_calibrated,0.748481,0.127242,6.1808,6.3349,0.0,0.1541
3917,6,13,5,weather_driven,historically_calibrated,0.764746,0.130007,6.2756,6.3995,0.0052,0.1187
3918,6,13,6,weather_driven,historically_calibrated,0.736168,0.125149,6.1083,6.284,0.057,0.1187
3919,6,13,7,weather_driven,historically_calibrated,0.949394,0.161397,7.2808,7.6066,0.1516,0.1741
3920,6,13,8,weather_driven,historically_calibrated,0.882956,0.150102,6.9332,7.4812,0.3033,0.2447
3921,6,13,9,weather_driven,historically_calibrated,0.855756,0.145479,6.7866,7.5625,0.5041,0.2718
3922,6,13,10,weather_driven,historically_calibrated,0.807076,0.137203,6.5173,7.489,0.7271,0.2447
3923,6,13,11,weather_driven,historically_calibrated,0.745099,0.126667,6.161,7.3109,0.9305,0.2194
3924,6,13,12,weather_driven,historically_calibrated,0.687802,0.116926,5.8172,7.1349,1.0731,0.2447
3925,6,13,13,weather_driven,historically_calibrated,0.705103,0.119868,5.9225,7.318,1.1236,0.2718
3926,6,13,14,weather_driven,historically_calibrated,0.764186,0.129912,6.2724,7.6438,1.0705,0.3009
3927,6,13,15,weather_driven,historically_calibrated,0.862106,0.146558,6.821,8.0208,0.9279,0.2718
3928,6,13,16,weather_driven,historically_calibrated,0.965699,0.164169,7.3639,8.3356,0.7271,0.2447
3929,6,13,17,weather_driven,historically_calibrated,1.018478,0.173141,7.6271,8.3811,0.5093,0.2447
3930,6,13,18,weather_driven,historically_calibrated,1.048114,0.178179,7.7713,8.3335,0.3175,0.2447
3931,6,13,19,weather_driven,historically_calibrated,1.078269,0.183306,7.9154,8.235,0.184,0.1356
3932,6,13,20,weather_driven,historically_calibrated,1.090579,0.185398,7.9735,8.1433,0.0933,0.0764
3933,6,13,21,weather_driven,historically_calibrated,1.054532,0.17927,7.8022,7.9006,0.022,0.0764
3934,6,13,22,weather_driven,historically_calibrated,0.986334,0.167677,7.4678,7.5865,0.0,0.1187
3935,6,13,23,weather_driven,historically_calibrated,0.923994,0.157079,7.1497,7.2853,0.0,0.1356
3936,6,13,24,weather_driven,historically_calibrated,0.666002,0.11322,5.6824,5.8365,0.0,0.1541
3937,6,14,1,weather_driven,historically_calibrated,0.624158,0.106107,5.4174,5.5361,0.0,0.1187
3938,6,14,2,weather_driven,historically_calibrated,0.631366,0.107332,5.4637,5.5401,0.0,0.0764
3939,6,14,3,weather_driven,historically_calibrated,0.639728,0.108754,5.517,5.5546,0.0,0.0376
3940,6,14,4,weather_driven,historically_calibrated,0.670141,0.113924,5.7082,5.7193,0.0,0.0111
3941,6,14,5,weather_driven,historically_calibrated,0.67273,0.114364,5.7243,5.7318,0.0052,0.0024
3942,6,14,6,weather_driven,historically_calibrated,0.684578,0.116378,5.7974,5.8547,0.057,0.0003
3943,6,14,7,weather_driven,historically_calibrated,0.921038,0.156576,7.1343,7.286,0.1516,0.0001
3944,6,14,8,weather_driven,historically_calibrated,0.929927,0.158088,7.1805,7.4812,0.3007,0.0
3945,6,14,9,weather_driven,historically_calibrated,0.954834,0.162322,7.3086,7.8096,0.5003,0.0007
3946,6,14,10,weather_driven,historically_calibrated,1.042524,0.177229,7.7443,8.4675,0.7219,0.0014
3947,6,14,11,weather_driven,historically_calibrated,1.064833,0.181022,7.8515,8.7779,0.924,0.0024
3948,6,14,12,weather_driven,historically_calibrated,1.080525,0.183689,7.9261,8.9995,1.0653,0.0081
3949,6,14,13,weather_driven,historically_calibrated,1.12069,0.190517,8.1139,9.2603,1.1159,0.0306
3950,6,14,14,weather_driven,historically_calibrated,1.170077,0.198913,8.3391,9.4694,1.0653,0.065
3951,6,14,15,weather_driven,historically_calibrated,1.2789,0.217413,8.8143,9.8275,0.924,0.0892
3952,6,14,16,weather_driven,historically_calibrated,1.401635,0.238278,9.319,10.1778,0.7232,0.1356
3953,6,14,17,weather_driven,historically_calibrated,1.512207,0.257075,9.7484,10.4092,0.5067,0.1541
3954,6,14,18,weather_driven,historically_calibrated,1.557838,0.264833,9.9192,10.3856,0.3123,0.1541
3955,6,14,19,weather_driven,historically_calibrated,1.520811,0.258538,9.7809,10.0028,0.1672,0.0548
3956,6,14,20,weather_driven,historically_calibrated,1.364408,0.231949,9.1692,9.2833,0.0765,0.0376
3957,6,14,21,weather_driven,historically_calibrated,1.148862,0.195306,8.2431,8.3799,0.0181,0.1187
3958,6,14,22,weather_driven,historically_calibrated,1.011438,0.171945,7.5925,7.7281,0.0,0.1356
3959,6,14,23,weather_driven,historically_calibrated,0.935403,0.159019,7.2088,7.2853,0.0,0.0764
3960,6,14,24,weather_driven,historically_calibrated,0.682037,0.115946,5.7817,5.8365,0.0,0.0548
3961,6,15,1,weather_driven,historically_calibrated,0.635552,0.108044,5.4904,5.5361,0.0,0.0457
3962,6,15,2,weather_driven,historically_calibrated,0.633155,0.107636,5.4751,5.5401,0.0,0.065
3963,6,15,3,weather_driven,historically_calibrated,0.631647,0.10738,5.4655,5.5546,0.0,0.0892
3964,6,15,4,weather_driven,historically_calibrated,0.635954,0.108112,5.493,5.5962,0.0,0.1032
3965,6,15,5,weather_driven,historically_calibrated,0.654189,0.111212,5.6085,5.6901,0.0052,0.0764
3966,6,15,6,weather_driven,historically_calibrated,0.677217,0.115127,5.752,5.8547,0.057,0.0457
3967,6,15,7,weather_driven,historically_calibrated,0.916118,0.15574,7.1086,7.286,0.1529,0.0245
3968,6,15,8,weather_driven,historically_calibrated,0.991547,0.168563,7.4938,7.8303,0.3059,0.0306
3969,6,15,9,weather_driven,historically_calibrated,1.150264,0.195545,8.2495,8.7977,0.5106,0.0376
3970,6,15,10,weather_driven,historically_calibrated,1.257679,0.213805,8.7238,9.516,0.7374,0.0548
3971,6,15,11,weather_driven,historically_calibrated,1.314092,0.223396,8.9623,9.9721,0.9448,0.065
3972,6,15,12,weather_driven,historically_calibrated,1.360234,0.23124,9.1523,10.3314,1.0899,0.0892
3973,6,15,13,weather_driven,historically_calibrated,1.430234,0.24314,9.4323,10.676,1.1405,0.1032
3974,6,15,14,weather_driven,historically_calibrated,1.534897,0.260933,9.8338,10.9963,1.086,0.0764
3975,6,15,15,weather_driven,historically_calibrated,1.675639,0.284859,10.3442,11.3616,0.9409,0.0764
3976,6,15,16,weather_driven,historically_calibrated,1.853205,0.315045,10.9457,11.7366,0.7361,0.0548
3977,6,15,17,weather_driven,historically_calibrated,1.98323,0.337149,11.3596,11.9211,0.5158,0.0457
3978,6,15,18,weather_driven,historically_calibrated,2.005531,0.34094,11.4285,11.7917,0.3175,0.0457
3979,6,15,19,weather_driven,historically_calibrated,1.809076,0.307543,10.8003,11.002,0.1711,0.0306
3980,6,15,20,weather_driven,historically_calibrated,1.625659,0.276362,10.1666,10.3094,0.0778,0.065
3981,6,15,21,weather_driven,historically_calibrated,1.413125,0.240231,9.3647,9.4492,0.0194,0.065
3982,6,15,22,weather_driven,historically_calibrated,1.192464,0.202719,8.4391,8.5424,0.0,0.1032
3983,6,15,23,weather_driven,historically_calibrated,1.041656,0.177081,7.7401,7.8292,0.0,0.0892
3984,6,15,24,weather_driven,historically_calibrated,0.72297,0.122905,6.0299,6.0544,0.0,0.0245
3985,6,16,1,weather_driven,historically_calibrated,0.577485,0.098172,5.1113,5.117,0.0,0.0057
3986,6,16,2,weather_driven,historically_calibrated,0.575133,0.097773,5.0955,5.0969,0.0,0.0014
3987,6,16,3,weather_driven,historically_calibrated,0.576766,0.09805,5.1065,5.1103,0.0,0.0038
3988,6,16,4,weather_driven,historically_calibrated,0.581851,0.098915,5.1404,5.1485,0.0,0.0081
3989,6,16,5,weather_driven,historically_calibrated,0.611734,0.103995,5.337,5.3571,0.0052,0.0148
3990,6,16,6,weather_driven,historically_calibrated,0.707879,0.120339,5.9393,6.0399,0.07,0.0306
3991,6,16,7,weather_driven,historically_calibrated,1.115646,0.18966,8.0906,8.2672,0.1685,0.0081
3992,6,16,8,weather_driven,historically_calibrated,1.273612,0.216514,8.7919,9.0989,0.2825,0.0245
3993,6,16,9,weather_driven,historically_calibrated,1.458843,0.248003,9.544,10.0096,0.4199,0.0457
3994,6,16,10,weather_driven,historically_calibrated,1.495041,0.254157,9.6832,10.3302,0.6013,0.0457
3995,6,16,11,weather_driven,historically_calibrated,1.404137,0.238703,9.329,10.1787,0.7465,0.1032
3996,6,16,12,weather_driven,historically_calibrated,1.398657,0.237772,9.3071,10.0869,0.6441,0.1356
3997,6,16,13,weather_driven,historically_calibrated,1.417431,0.240963,9.3818,10.2762,0.6985,0.1959
3998,6,16,14,weather_driven,historically_calibrated,1.451232,0.246709,9.5144,10.5746,0.6597,0.4005
3999,6,16,15,weather_driven,historically_calibrated,1.527752,0.259718,9.807,11.1113,0.591,0.7133
4000,6,16,16,weather_driven,historically_calibrated,1.582439,0.269015,10.0098,11.6125,0.5871,1.0156
4001,6,16,17,weather_driven,historically_calibrated,1.746918,0.296976,10.591,11.8833,0.4666,0.8257
4002,6,16,18,weather_driven,historically_calibrated,0.367246,0.062432,3.5687,12.0021,0.3084,8.125
4003,6,16,19,weather_driven,historically_calibrated,0.954037,0.162186,7.3045,7.5762,0.1685,0.1032
4004,6,16,20,weather_driven,historically_calibrated,1.040115,0.176819,7.7326,7.7715,0.0389,0.0
4005,6,16,21,weather_driven,historically_calibrated,1.157492,0.196774,8.2823,8.2862,0.0039,0.0
4006,6,16,22,weather_driven,historically_calibrated,0.954182,0.162211,7.3053,7.3053,0.0,0.0
4007,6,16,23,weather_driven,historically_calibrated,0.876361,0.148981,6.8979,6.9527,0.0,0.0548
4008,6,16,24,weather_driven,historically_calibrated,0.590143,0.100324,5.1954,5.3696,0.0,0.1741
4009,6,17,1,weather_driven,historically_calibrated,0.574784,0.097713,5.0932,5.0932,0.0,0.0
4010,6,17,2,weather_driven,historically_calibrated,0.555257,0.094394,4.9613,5.0969,0.0,0.1356
4011,6,17,3,weather_driven,historically_calibrated,0.489205,0.083165,4.4987,5.1103,0.0,0.6116
4012,6,17,4,weather_driven,historically_calibrated,0.439566,0.074726,4.1329,5.1485,0.0,1.0156
4013,6,17,5,weather_driven,historically_calibrated,0.50645,0.086096,4.622,5.2349,0.0013,0.6116
4014,6,17,6,weather_driven,historically_calibrated,0.594736,0.101105,5.2258,5.3863,0.0065,0.1541
4015,6,17,7,weather_driven,historically_calibrated,0.807194,0.137223,6.5179,6.7031,0.0311,0.1541
4016,6,17,8,weather_driven,historically_calibrated,0.802189,0.136372,6.4897,6.8827,0.0609,0.332
4017,6,17,9,weather_driven,historically_calibrated,0.635152,0.107976,5.4879,6.9575,0.0765,1.3932
4018,6,17,10,weather_driven,historically_calibrated,0.707387,0.120256,5.9363,6.8899,0.0674,0.8861
4019,6,17,11,weather_driven,historically_calibrated,0.500557,0.085095,4.5801,6.726,0.2916,1.8543
4020,6,17,12,weather_driven,historically_calibrated,0.325138,0.055274,3.2212,6.5641,0.4212,2.9217
4021,6,17,13,weather_driven,historically_calibrated,0.171544,0.029163,1.811,6.4902,0.3434,4.3358
4022,6,17,14,weather_driven,historically_calibrated,0.279161,0.047457,2.8241,6.5437,0.2151,3.5045
4023,6,17,15,weather_driven,historically_calibrated,0.369051,0.062739,3.5833,6.7205,0.0765,3.0608
4024,6,17,16,weather_driven,historically_calibrated,0.415885,0.0707,3.9524,6.9843,0.1102,2.9217
4025,6,17,17,weather_driven,historically_calibrated,0.405864,0.068997,3.8748,7.2696,0.1905,3.2043
4026,6,17,18,weather_driven,historically_calibrated,0.49719,0.084522,4.556,7.492,0.149,2.7869
4027,6,17,19,weather_driven,historically_calibrated,0.516001,0.08772,4.6896,7.5762,0.0998,2.7869
4028,6,17,20,weather_driven,historically_calibrated,0.603328,0.102566,5.2822,7.4918,0.035,2.1746
4029,6,17,21,weather_driven,historically_calibrated,0.573742,0.097536,5.0862,7.2686,0.0078,2.1746
4030,6,17,22,weather_driven,historically_calibrated,0.637225,0.108328,5.5011,6.9796,0.0,1.4784
4031,6,17,23,weather_driven,historically_calibrated,0.70705,0.120199,5.9343,6.7024,0.0,0.7682
4032,6,17,24,weather_driven,historically_calibrated,0.525767,0.08938,4.758,5.3696,0.0,0.6116
4033,6,18,1,weather_driven,historically_calibrated,0.586436,0.099694,5.1709,5.5361,0.0,0.3652
4034,6,18,2,weather_driven,historically_calibrated,0.613662,0.104322,5.3496,5.6214,0.0,0.2718
4035,6,18,3,weather_driven,historically_calibrated,0.645615,0.109755,5.5544,5.7991,0.0,0.2447
4036,6,18,4,weather_driven,historically_calibrated,0.676274,0.114967,5.7462,5.9656,0.0,0.2194
4037,6,18,5,weather_driven,historically_calibrated,0.669661,0.113842,5.7052,5.9822,0.0052,0.2718
4038,6,18,6,weather_driven,historically_calibrated,0.650288,0.110549,5.5839,5.9406,0.0557,0.3009
4039,6,18,7,weather_driven,historically_calibrated,0.88801,0.150962,6.9602,7.286,0.1516,0.1741
4040,6,18,8,weather_driven,historically_calibrated,0.888912,0.151115,6.965,7.4812,0.2968,0.2194
4041,6,18,9,weather_driven,historically_calibrated,0.858986,0.146028,6.8041,7.5625,0.4575,0.3009
4042,6,18,10,weather_driven,historically_calibrated,0.807998,0.13736,6.5224,7.489,0.7219,0.2447
4043,6,18,11,weather_driven,historically_calibrated,0.757591,0.128791,6.2341,7.3109,0.9228,0.1541
4044,6,18,12,weather_driven,historically_calibrated,0.720665,0.122513,6.0161,7.1349,1.064,0.0548
4045,6,18,13,weather_driven,historically_calibrated,0.688066,0.116971,5.8188,7.0546,1.1172,0.1187
4046,6,18,14,weather_driven,historically_calibrated,0.653914,0.111165,5.6068,7.1127,1.0679,0.4381
4047,6,18,15,weather_driven,historically_calibrated,0.761536,0.129461,6.257,7.3049,0.9292,0.1187
4048,6,18,16,weather_driven,historically_calibrated,0.844496,0.143564,6.725,7.5916,0.7309,0.1356
4049,6,18,17,weather_driven,historically_calibrated,0.862406,0.146609,6.8227,7.9017,0.5145,0.5645
4050,6,18,18,weather_driven,historically_calibrated,1.05165,0.178781,7.7883,8.1434,0.3175,0.0376
4051,6,18,19,weather_driven,historically_calibrated,1.032873,0.175588,7.6974,8.235,0.1724,0.3652
4052,6,18,20,weather_driven,historically_calibrated,1.102853,0.187485,8.031,8.1433,0.0816,0.0306
4053,6,18,21,weather_driven,historically_calibrated,1.064378,0.180944,7.8493,7.9006,0.0207,0.0306
4054,6,18,22,weather_driven,historically_calibrated,1.005263,0.170895,7.562,7.5865,0.0,0.0245
4055,6,18,23,weather_driven,historically_calibrated,0.950269,0.161546,7.2853,7.2853,0.0,0.0
4056,6,18,24,weather_driven,historically_calibrated,0.690962,0.117463,5.8365,5.8365,0.0,0.0
4057,6,19,1,weather_driven,historically_calibrated,0.642728,0.109264,5.5361,5.5361,0.0,0.0
4058,6,19,2,weather_driven,historically_calibrated,0.643365,0.109372,5.5401,5.5401,0.0,0.0
4059,6,19,3,weather_driven,historically_calibrated,0.645656,0.109762,5.5546,5.5546,0.0,0.0
4060,6,19,4,weather_driven,historically_calibrated,0.652239,0.110881,5.5962,5.5962,0.0,0.0
4061,6,19,5,weather_driven,historically_calibrated,0.666819,0.113359,5.6875,5.6901,0.0026,0.0
4062,6,19,6,weather_driven,historically_calibrated,0.691394,0.117537,5.8391,5.8547,0.0156,0.0
4063,6,19,7,weather_driven,historically_calibrated,0.94283,0.160281,7.2471,7.286,0.0389,0.0
4064,6,19,8,weather_driven,historically_calibrated,0.977119,0.16611,7.4215,7.4812,0.0596,0.0
4065,6,19,9,weather_driven,historically_calibrated,0.986099,0.167637,7.4666,7.5625,0.0959,0.0
4066,6,19,10,weather_driven,historically_calibrated,0.953036,0.162016,7.2994,7.489,0.1814,0.0081
4067,6,19,11,weather_driven,historically_calibrated,0.908337,0.154417,7.0678,7.3109,0.232,0.0111
4068,6,19,12,weather_driven,historically_calibrated,0.872506,0.148326,6.8772,7.1349,0.2553,0.0024
4069,6,19,13,weather_driven,historically_calibrated,0.853205,0.145045,6.7727,7.0546,0.2812,0.0007
4070,6,19,14,weather_driven,historically_calibrated,0.847399,0.144058,6.741,7.1127,0.3694,0.0024
4071,6,19,15,weather_driven,historically_calibrated,0.8706,0.148002,6.8669,7.3049,0.4342,0.0038
4072,6,19,16,weather_driven,historically_calibrated,0.920494,0.156484,7.1314,7.5916,0.4588,0.0014
4073,6,19,17,weather_driven,historically_calibrated,0.931862,0.158416,7.1905,7.9017,0.4666,0.2447
4074,6,19,18,weather_driven,historically_calibrated,1.028021,0.174764,7.6738,8.1434,0.2955,0.1741
4075,6,19,19,weather_driven,historically_calibrated,1.092233,0.18568,7.9813,8.235,0.1646,0.0892
4076,6,19,20,weather_driven,historically_calibrated,1.104714,0.187801,8.0397,8.1433,0.0791,0.0245
4077,6,19,21,weather_driven,historically_calibrated,1.069087,0.181745,7.8718,7.9006,0.0207,0.0081
4078,6,19,22,weather_driven,historically_calibrated,1.009445,0.171606,7.5826,7.5865,0.0,0.0038
4079,6,19,23,weather_driven,historically_calibrated,0.912453,0.155117,7.0894,7.2853,0.0,0.1959
4080,6,19,24,weather_driven,historically_calibrated,0.71675,0.121848,5.9927,6.2645,0.0,0.2718
4081,6,20,1,weather_driven,historically_calibrated,0.688135,0.116983,5.8192,6.0639,0.0,0.2447
4082,6,20,2,weather_driven,historically_calibrated,0.736113,0.125139,6.108,6.3527,0.0,0.2447
4083,6,20,3,weather_driven,historically_calibrated,0.799729,0.135954,6.4758,6.6952,0.0,0.2194
4084,6,20,4,weather_driven,historically_calibrated,0.849897,0.144482,6.7546,6.9505,0.0,0.1959
4085,6,20,5,weather_driven,historically_calibrated,0.862729,0.146664,6.8244,6.9837,0.0052,0.1541
4086,6,20,6,weather_driven,historically_calibrated,0.812025,0.138044,6.545,6.7993,0.0583,0.1959
4087,6,20,7,weather_driven,historically_calibrated,1.030513,0.175187,7.686,8.0874,0.1568,0.2447
4088,6,20,8,weather_driven,historically_calibrated,0.876191,0.148952,6.897,7.4812,0.3123,0.2718
4089,6,20,9,weather_driven,historically_calibrated,0.841898,0.143123,6.7108,7.5625,0.5197,0.332
4090,6,20,10,weather_driven,historically_calibrated,0.78172,0.132892,6.3734,7.489,0.7504,0.3652
4091,6,20,11,weather_driven,historically_calibrated,0.696894,0.118472,5.8727,7.3109,0.9603,0.4779
4092,6,20,12,weather_driven,historically_calibrated,0.644556,0.109574,5.5477,7.1349,1.1094,0.4779
4093,6,20,13,weather_driven,historically_calibrated,0.638889,0.108611,5.5117,7.1534,1.1638,0.4779
4094,6,20,14,weather_driven,historically_calibrated,0.68522,0.116487,5.8013,7.4778,1.112,0.5645
4095,6,20,15,weather_driven,historically_calibrated,0.743726,0.126433,6.1529,7.7822,0.9681,0.6611
4096,6,20,16,weather_driven,historically_calibrated,0.79123,0.134509,6.4276,8.0167,0.7633,0.8257
4097,6,20,17,weather_driven,historically_calibrated,0.854809,0.145318,6.7814,8.0861,0.5365,0.7682
4098,6,20,18,weather_driven,historically_calibrated,0.903976,0.153676,7.0448,8.1434,0.3305,0.7682
4099,6,20,19,weather_driven,historically_calibrated,1.000316,0.170054,7.5375,8.235,0.1776,0.52
4100,6,20,20,weather_driven,historically_calibrated,1.017754,0.173018,7.6235,8.1433,0.0816,0.4381
4101,6,20,21,weather_driven,historically_calibrated,0.937329,0.159346,7.2188,7.9006,0.0207,0.6611
4102,6,20,22,weather_driven,historically_calibrated,0.839994,0.142799,6.7003,7.5865,0.0,0.8861
4103,6,20,23,weather_driven,historically_calibrated,0.751825,0.12781,6.2004,7.2853,0.0,1.0848
4104,6,20,24,weather_driven,historically_calibrated,0.55365,0.094121,4.9504,5.8365,0.0,0.8861
4105,6,21,1,weather_driven,historically_calibrated,0.535082,0.090964,4.8228,5.5361,0.0,0.7133
4106,6,21,2,weather_driven,historically_calibrated,0.550456,0.093577,4.9286,5.5401,0.0,0.6116
4107,6,21,3,weather_driven,historically_calibrated,0.572129,0.097262,5.0754,5.5954,0.0,0.52
4108,6,21,4,weather_driven,historically_calibrated,0.63438,0.107845,5.483,5.8835,0.0,0.4005
4109,6,21,5,weather_driven,historically_calibrated,0.662399,0.112608,5.6599,6.0657,0.0052,0.4005
4110,6,21,6,weather_driven,historically_calibrated,0.645161,0.109677,5.5515,5.9406,0.057,0.332
4111,6,21,7,weather_driven,historically_calibrated,0.852796,0.144975,6.7704,7.286,0.1503,0.3652
4112,6,21,8,weather_driven,historically_calibrated,0.861283,0.146418,6.8166,7.4812,0.2994,0.3652
4113,6,21,9,weather_driven,historically_calibrated,0.819762,0.139359,6.5883,7.5625,0.4964,0.4779
4114,6,21,10,weather_driven,historically_calibrated,0.769586,0.13083,6.3036,7.7336,0.7167,0.7133
4115,6,21,11,weather_driven,historically_calibrated,0.772558,0.131335,6.3208,8.0615,0.915,0.8257
4116,6,21,12,weather_driven,historically_calibrated,0.740464,0.125879,6.1337,8.2004,1.0511,1.0156
4117,6,21,13,weather_driven,historically_calibrated,0.695636,0.118258,5.865,8.2727,1.0964,1.3112
4118,6,21,14,weather_driven,historically_calibrated,0.698999,0.11883,5.8855,8.4072,1.0433,1.4784
4119,6,21,15,weather_driven,historically_calibrated,0.708542,0.120452,5.9433,8.6003,0.902,1.755
4120,6,21,16,weather_driven,historically_calibrated,0.797524,0.135579,6.4634,8.8316,0.7089,1.6593
4121,6,21,17,weather_driven,historically_calibrated,0.874534,0.148671,6.8881,8.7867,0.5054,1.3932
4122,6,21,18,weather_driven,historically_calibrated,0.985067,0.167461,7.4615,8.6755,0.3279,0.8861
4123,6,21,19,weather_driven,historically_calibrated,1.091743,0.185596,7.979,8.5425,0.1983,0.3652
4124,6,21,20,weather_driven,historically_calibrated,1.072516,0.182328,7.8881,8.1433,0.1011,0.1541
4125,6,21,21,weather_driven,historically_calibrated,0.893835,0.151952,6.9912,7.9006,0.0233,0.8861
4126,6,21,22,weather_driven,historically_calibrated,0.839994,0.142799,6.7003,7.5865,0.0,0.8861
4127,6,21,23,weather_driven,historically_calibrated,0.786225,0.133658,6.3991,7.2853,0.0,0.8861
4128,6,21,24,weather_driven,historically_calibrated,0.579272,0.098476,5.1232,5.8365,0.0,0.7133
4129,6,22,1,weather_driven,historically_calibrated,0.563329,0.095766,5.0161,5.5361,0.0,0.52
4130,6,22,2,weather_driven,historically_calibrated,0.563927,0.095868,5.0201,5.5401,0.0,0.52
4131,6,22,3,weather_driven,historically_calibrated,0.578282,0.098308,5.1166,5.5546,0.0,0.4381
4132,6,22,4,weather_driven,historically_calibrated,0.595531,0.10124,5.231,5.5962,0.0,0.3652
4133,6,22,5,weather_driven,historically_calibrated,0.618979,0.105227,5.384,5.6901,0.0052,0.3009
4134,6,22,6,weather_driven,historically_calibrated,0.644783,0.109613,5.5491,5.8547,0.0609,0.2447
4135,6,22,7,weather_driven,historically_calibrated,0.877367,0.149152,6.9033,7.286,0.1633,0.2194
4136,6,22,8,weather_driven,historically_calibrated,0.87102,0.148073,6.8692,7.4812,0.2799,0.332
4137,6,22,9,weather_driven,historically_calibrated,0.858985,0.146027,6.8041,7.5625,0.4264,0.332
4138,6,22,10,weather_driven,historically_calibrated,0.862174,0.14657,6.8214,7.8035,0.6169,0.3652
4139,6,22,11,weather_driven,historically_calibrated,0.900952,0.153162,7.0288,8.0615,0.788,0.2447
4140,6,22,12,weather_driven,historically_calibrated,0.913744,0.155336,7.0961,8.2337,0.8657,0.2718
4141,6,22,13,weather_driven,historically_calibrated,0.904972,0.153845,7.0501,8.3056,0.8904,0.3652
4142,6,22,14,weather_driven,historically_calibrated,0.958384,0.162925,7.3267,8.54,0.8813,0.332
4143,6,22,15,weather_driven,historically_calibrated,1.017148,0.172915,7.6206,8.8049,0.8191,0.3652
4144,6,22,16,weather_driven,historically_calibrated,1.125831,0.191391,8.1376,9.0796,0.6972,0.2447
4145,6,22,17,weather_driven,historically_calibrated,1.148838,0.195302,8.243,9.1555,0.5119,0.4005
4146,6,22,18,weather_driven,historically_calibrated,1.181233,0.20081,8.3891,9.0555,0.3344,0.332
4147,6,22,19,weather_driven,historically_calibrated,1.183457,0.201188,8.399,8.9268,0.1957,0.332
4148,6,22,20,weather_driven,historically_calibrated,1.176968,0.200085,8.37,8.5233,0.0985,0.0548
4149,6,22,21,weather_driven,historically_calibrated,1.060328,0.180256,7.83,8.0112,0.0272,0.1541
4150,6,22,22,weather_driven,historically_calibrated,0.966338,0.164277,7.3671,7.5865,0.0,0.2194
4151,6,22,23,weather_driven,historically_calibrated,0.903179,0.15354,7.0406,7.2853,0.0,0.2447
4152,6,22,24,weather_driven,historically_calibrated,0.659308,0.112082,5.6406,5.8365,0.0,0.1959
4153,6,23,1,weather_driven,historically_calibrated,0.554711,0.094301,4.9576,5.0932,0.0,0.1356
4154,6,23,2,weather_driven,historically_calibrated,0.53122,0.090307,4.796,5.0969,0.0,0.3009
4155,6,23,3,weather_driven,historically_calibrated,0.528669,0.089874,4.7782,5.1103,0.0,0.332
4156,6,23,4,weather_driven,historically_calibrated,0.542893,0.092292,4.8767,5.1485,0.0,0.2718
4157,6,23,5,weather_driven,historically_calibrated,0.569182,0.096761,5.0556,5.2349,0.0052,0.1741
4158,6,23,6,weather_driven,historically_calibrated,0.602356,0.102401,5.2758,5.3863,0.0557,0.0548
4159,6,23,7,weather_driven,historically_calibrated,0.811414,0.13794,6.5416,6.7031,0.1503,0.0111
4160,6,23,8,weather_driven,historically_calibrated,0.816208,0.138755,6.5685,6.8827,0.2994,0.0148
4161,6,23,9,weather_driven,historically_calibrated,0.78302,0.133113,6.3808,6.9575,0.5003,0.0764
4162,6,23,10,weather_driven,historically_calibrated,0.793877,0.134959,6.4427,7.34,0.7232,0.1741
4163,6,23,11,weather_driven,historically_calibrated,0.794095,0.134996,6.4439,7.5421,0.924,0.1741
4164,6,23,12,weather_driven,historically_calibrated,0.808451,0.137437,6.525,7.7282,1.029,0.1741
4165,6,23,13,weather_driven,historically_calibrated,0.801973,0.136335,6.4885,7.7623,1.1197,0.1541
4166,6,23,14,weather_driven,historically_calibrated,0.856436,0.145594,6.7903,7.9484,1.0549,0.1032
4167,6,23,15,weather_driven,historically_calibrated,0.975241,0.165791,7.4121,8.4141,0.937,0.065
4168,6,23,16,weather_driven,historically_calibrated,0.963993,0.163879,7.3552,8.1576,0.7374,0.065
4169,6,23,17,weather_driven,historically_calibrated,0.996285,0.169368,7.5174,8.0838,0.4899,0.0764
4170,6,23,18,weather_driven,historically_calibrated,0.776022,0.131924,6.3407,7.8766,0.3033,1.2326
4171,6,23,19,weather_driven,historically_calibrated,0.795037,0.135156,6.4493,7.5762,0.1776,0.9494
4172,6,23,20,weather_driven,historically_calibrated,0.897559,0.152585,7.0109,7.4918,0.0804,0.4005
4173,6,23,21,weather_driven,historically_calibrated,0.909467,0.154609,7.0737,7.2686,0.0207,0.1741
4174,6,23,22,weather_driven,historically_calibrated,0.862926,0.146697,6.8255,6.9796,0.0,0.1541
4175,6,23,23,weather_driven,historically_calibrated,0.824249,0.140122,6.6133,6.7024,0.0,0.0892
4176,6,23,24,weather_driven,historically_calibrated,0.605,0.10285,5.2931,5.3696,0.0,0.0764
4177,6,24,1,weather_driven,historically_calibrated,0.559475,0.095111,4.99,5.0932,0.0,0.1032
4178,6,24,2,weather_driven,historically_calibrated,0.557746,0.094817,4.9782,5.0969,0.0,0.1187
4179,6,24,3,weather_driven,historically_calibrated,0.559714,0.095151,4.9916,5.1103,0.0,0.1187
4180,6,24,4,weather_driven,historically_calibrated,0.590347,0.100359,5.1968,5.2618,0.0,0.065
4181,6,24,5,weather_driven,historically_calibrated,0.604099,0.102697,5.2872,5.3117,0.0052,0.0193
4182,6,24,6,weather_driven,historically_calibrated,0.610131,0.103722,5.3266,5.3863,0.0583,0.0014
4183,6,24,7,weather_driven,historically_calibrated,0.81294,0.1382,6.5502,6.7031,0.1529,0.0
4184,6,24,8,weather_driven,historically_calibrated,0.819097,0.139246,6.5846,6.8827,0.2981,0.0
4185,6,24,9,weather_driven,historically_calibrated,0.798509,0.135747,6.4689,6.9575,0.4886,0.0
4186,6,24,10,weather_driven,historically_calibrated,0.791529,0.13456,6.4293,7.1149,0.6856,0.0
4187,6,24,11,weather_driven,historically_calibrated,0.828175,0.14079,6.6351,7.4166,0.7815,0.0
4188,6,24,12,weather_driven,historically_calibrated,0.84295,0.143302,6.7166,7.6056,0.8891,0.0
4189,6,24,13,weather_driven,historically_calibrated,0.833635,0.141718,6.6653,7.6412,0.9759,0.0
4190,6,24,14,weather_driven,historically_calibrated,0.947867,0.161137,7.273,8.1011,0.8281,0.0
4191,6,24,15,weather_driven,historically_calibrated,0.993315,0.168864,7.5027,8.3827,0.88,0.0001
4192,6,24,16,weather_driven,historically_calibrated,1.110856,0.188845,8.0683,8.7443,0.6648,0.0111
4193,6,24,17,weather_driven,historically_calibrated,1.144814,0.194618,8.2247,8.7962,0.4951,0.0764
4194,6,24,18,weather_driven,historically_calibrated,1.170289,0.198949,8.34,8.7506,0.3214,0.0892
4195,6,24,19,weather_driven,historically_calibrated,1.137479,0.193371,8.1912,8.5662,0.2009,0.1741
4196,6,24,20,weather_driven,historically_calibrated,1.141951,0.194132,8.2116,8.3309,0.0816,0.0376
4197,6,24,21,weather_driven,historically_calibrated,1.052049,0.178848,7.7902,7.8113,0.013,0.0081
4198,6,24,22,weather_driven,historically_calibrated,0.95371,0.162131,7.3029,7.3053,0.0,0.0024
4199,6,24,23,weather_driven,historically_calibrated,0.855495,0.145434,6.7851,6.7963,0.0,0.0111
4200,6,24,24,weather_driven,historically_calibrated,0.614461,0.104458,5.3547,5.3696,0.0,0.0148
4201,6,25,1,weather_driven,historically_calibrated,0.639696,0.108748,5.5168,5.5361,0.0,0.0193
4202,6,25,2,weather_driven,historically_calibrated,0.640331,0.108856,5.5209,5.5401,0.0,0.0193
4203,6,25,3,weather_driven,historically_calibrated,0.638465,0.108539,5.509,5.5546,0.0,0.0457
4204,6,25,4,weather_driven,historically_calibrated,0.64196,0.109133,5.5312,5.5962,0.0,0.065
4205,6,25,5,weather_driven,historically_calibrated,0.65663,0.111627,5.6238,5.6901,0.0013,0.065
4206,6,25,6,weather_driven,historically_calibrated,0.685634,0.116558,5.8039,5.8547,0.0052,0.0457
4207,6,25,7,weather_driven,historically_calibrated,0.93815,0.159485,7.223,7.286,0.0324,0.0306
4208,6,25,8,weather_driven,historically_calibrated,0.975233,0.16579,7.412,7.5161,0.0959,0.0081
4209,6,25,9,weather_driven,historically_calibrated,0.963155,0.163736,7.351,7.5625,0.1568,0.0548
4210,6,25,10,weather_driven,historically_calibrated,0.934993,0.158949,7.2067,7.5589,0.0804,0.2718
4211,6,25,11,weather_driven,historically_calibrated,0.857346,0.145749,6.7952,7.345,0.0298,0.52
4212,6,25,12,weather_driven,historically_calibrated,0.862322,0.146595,6.8222,7.2681,0.0454,0.4005
4213,6,25,13,weather_driven,historically_calibrated,0.908014,0.154362,7.0661,7.746,0.1153,0.5645
4214,6,25,14,weather_driven,historically_calibrated,0.787195,0.133823,6.4047,8.0753,0.438,1.2326
4215,6,25,15,weather_driven,historically_calibrated,1.030499,0.175185,7.6859,8.3276,0.4458,0.1959
4216,6,25,16,weather_driven,historically_calibrated,1.129845,0.192074,8.1561,8.619,0.3979,0.065
4217,6,25,17,weather_driven,historically_calibrated,1.257983,0.213857,8.7251,9.0817,0.2916,0.065
4218,6,25,18,weather_driven,historically_calibrated,1.303357,0.221571,8.9174,9.2455,0.2631,0.065
4219,6,25,19,weather_driven,historically_calibrated,1.299437,0.220904,8.901,9.1189,0.1529,0.065
4220,6,25,20,weather_driven,historically_calibrated,1.236938,0.210279,8.6344,8.7513,0.0713,0.0457
4221,6,25,21,weather_driven,historically_calibrated,1.164745,0.198007,8.3151,8.3431,0.0168,0.0111
4222,6,25,22,weather_driven,historically_calibrated,1.08307,0.184122,7.9381,7.9405,0.0,0.0024
4223,6,25,23,weather_driven,historically_calibrated,1.00382,0.170649,7.5548,7.5572,0.0,0.0024
4224,6,25,24,weather_driven,historically_calibrated,0.713302,0.121261,5.972,5.9727,0.0,0.0007
4225,6,26,1,weather_driven,historically_calibrated,0.642508,0.109226,5.5347,5.5361,0.0,0.0014
4226,6,26,2,weather_driven,historically_calibrated,0.64335,0.10937,5.54,5.5401,0.0,0.0001
4227,6,26,3,weather_driven,historically_calibrated,0.645656,0.109762,5.5546,5.5546,0.0,0.0
4228,6,26,4,weather_driven,historically_calibrated,0.652239,0.110881,5.5962,5.5962,0.0,0.0
4229,6,26,5,weather_driven,historically_calibrated,0.667028,0.113395,5.6888,5.6901,0.0013,0.0
4230,6,26,6,weather_driven,historically_calibrated,0.689911,0.117285,5.8301,5.8547,0.0246,0.0
4231,6,26,7,weather_driven,historically_calibrated,0.953123,0.162031,7.2999,7.388,0.0881,0.0
4232,6,26,8,weather_driven,historically_calibrated,1.045254,0.177693,7.7575,7.935,0.1776,0.0
4233,6,26,9,weather_driven,historically_calibrated,1.107741,0.188316,8.0538,8.3389,0.2851,0.0
4234,6,26,10,weather_driven,historically_calibrated,1.153128,0.196032,8.2625,8.6772,0.4147,0.0
4235,6,26,11,weather_driven,historically_calibrated,1.188878,0.202109,8.4232,9.0168,0.5936,0.0
4236,6,26,12,weather_driven,historically_calibrated,1.204528,0.20477,8.4926,9.2326,0.74,0.0
4237,6,26,13,weather_driven,historically_calibrated,1.162265,0.197585,8.3039,9.0957,0.7919,0.0
4238,6,26,14,weather_driven,historically_calibrated,1.280311,0.217653,8.8203,9.3698,0.5495,0.0
4239,6,26,15,weather_driven,historically_calibrated,1.332383,0.226505,9.0381,9.5889,0.5508,0.0
4240,6,26,16,weather_driven,historically_calibrated,1.393611,0.236914,9.287,9.7172,0.4303,0.0
4241,6,26,17,weather_driven,historically_calibrated,1.566001,0.26622,9.9494,10.2617,0.3123,0.0
4242,6,26,18,weather_driven,historically_calibrated,1.625164,0.276278,10.1648,10.4616,0.2968,0.0
4243,6,26,19,weather_driven,historically_calibrated,1.616244,0.274762,10.1327,10.3103,0.1776,0.0
4244,6,26,20,weather_driven,historically_calibrated,1.476424,0.250992,9.6119,9.7013,0.0894,0.0
4245,6,26,21,weather_driven,historically_calibrated,1.318857,0.224206,8.9821,9.0067,0.0246,0.0
4246,6,26,22,weather_driven,historically_calibrated,1.183841,0.201253,8.4008,8.4008,0.0,0.0
4247,6,26,23,weather_driven,historically_calibrated,1.07444,0.182655,7.8972,7.8972,0.0,0.0
4248,6,26,24,weather_driven,historically_calibrated,0.773601,0.131512,6.3268,6.3268,0.0,0.0
4249,6,27,1,weather_driven,historically_calibrated,0.679904,0.115584,5.7686,5.7686,0.0,0.0
4250,6,27,2,weather_driven,historically_calibrated,0.668061,0.11357,5.6953,5.6953,0.0,0.0
4251,6,27,3,weather_driven,historically_calibrated,0.674643,0.114689,5.7361,5.7361,0.0,0.0
4252,6,27,4,weather_driven,historically_calibrated,0.677135,0.115113,5.7515,5.7529,0.0,0.0014
4253,6,27,5,weather_driven,historically_calibrated,0.692638,0.117749,5.8468,5.8494,0.0013,0.0014
4254,6,27,6,weather_driven,historically_calibrated,0.768913,0.130715,6.2997,6.3192,0.0194,0.0
4255,6,27,7,weather_driven,historically_calibrated,1.15272,0.195962,8.2607,8.306,0.0454,0.0
4256,6,27,8,weather_driven,historically_calibrated,1.200586,0.2041,8.4751,8.6333,0.1581,0.0
4257,6,27,9,weather_driven,historically_calibrated,1.325195,0.225283,9.0084,9.1859,0.1776,0.0
4258,6,27,10,weather_driven,historically_calibrated,1.303054,0.221519,8.9162,9.2714,0.3551,0.0001
4259,6,27,11,weather_driven,historically_calibrated,1.305262,0.221895,8.9254,9.2215,0.2812,0.0148
4260,6,27,12,weather_driven,historically_calibrated,1.136029,0.193125,8.1845,8.5667,0.3629,0.0193
4261,6,27,13,weather_driven,historically_calibrated,1.02539,0.174316,7.661,7.9764,0.3097,0.0057
4262,6,27,14,weather_driven,historically_calibrated,1.148475,0.195241,8.2414,8.6396,0.1788,0.2194
4263,6,27,15,weather_driven,historically_calibrated,1.196299,0.203371,8.4562,9.3162,0.2955,0.5645
4264,6,27,16,weather_driven,historically_calibrated,1.43261,0.243544,9.4416,10.0007,0.3849,0.1741
4265,6,27,17,weather_driven,historically_calibrated,1.045041,0.177657,7.7564,8.5286,0.4069,0.3652
4266,6,27,18,weather_driven,historically_calibrated,1.320259,0.224444,8.9879,9.8156,0.2631,0.5645
4267,6,27,19,weather_driven,historically_calibrated,1.406481,0.239102,9.3383,9.7722,0.0687,0.3652
4268,6,27,20,weather_driven,historically_calibrated,1.349215,0.229367,9.1073,9.3973,0.0454,0.2447
4269,6,27,21,weather_driven,historically_calibrated,1.094861,0.186126,7.9936,8.3062,0.0117,0.3009
4270,6,27,22,weather_driven,historically_calibrated,0.986334,0.167677,7.4678,7.5865,0.0,0.1187
4271,6,27,23,weather_driven,historically_calibrated,0.932944,0.1586,7.1961,7.2853,0.0,0.0892
4272,6,27,24,weather_driven,historically_calibrated,0.666002,0.11322,5.6824,5.8365,0.0,0.1541
4273,6,28,1,weather_driven,historically_calibrated,0.624158,0.106107,5.4174,5.5361,0.0,0.1187
4274,6,28,2,weather_driven,historically_calibrated,0.633155,0.107636,5.4751,5.5401,0.0,0.065
4275,6,28,3,weather_driven,historically_calibrated,0.641794,0.109105,5.5302,5.5546,0.0,0.0245
4276,6,28,4,weather_driven,historically_calibrated,0.638159,0.108487,5.5071,5.5962,0.0,0.0892
4277,6,28,5,weather_driven,historically_calibrated,0.660586,0.1123,5.6486,5.6901,0.0039,0.0376
4278,6,28,6,weather_driven,historically_calibrated,0.679149,0.115455,5.7639,5.8547,0.0531,0.0376
4279,6,28,7,weather_driven,historically_calibrated,0.885633,0.150558,6.9475,7.286,0.1426,0.1959
4280,6,28,8,weather_driven,historically_calibrated,0.912387,0.155106,7.089,7.4812,0.2735,0.1187
4281,6,28,9,weather_driven,historically_calibrated,0.903159,0.153537,7.0405,7.5625,0.4329,0.0892
4282,6,28,10,weather_driven,historically_calibrated,0.924926,0.157237,7.1545,7.9433,0.6856,0.1032
4283,6,28,11,weather_driven,historically_calibrated,0.927426,0.157662,7.1675,8.0615,0.8048,0.0892
4284,6,28,12,weather_driven,historically_calibrated,0.951518,0.161758,7.2917,8.267,0.8567,0.1187
4285,6,28,13,weather_driven,historically_calibrated,0.898428,0.152733,7.0155,8.0752,0.9564,0.1032
4286,6,28,14,weather_driven,historically_calibrated,0.928996,0.157929,7.1756,8.0421,0.7478,0.1187
4287,6,28,15,weather_driven,historically_calibrated,0.988651,0.168071,7.4794,8.2594,0.626,0.1541
4288,6,28,16,weather_driven,historically_calibrated,1.015898,0.172703,7.6144,8.4773,0.6182,0.2447
4289,6,28,17,weather_driven,historically_calibrated,0.859088,0.146045,6.8047,8.2336,0.4795,0.9494
4290,6,28,18,weather_driven,historically_calibrated,0.950918,0.161656,7.2886,8.1434,0.2903,0.5645
4291,6,28,19,weather_driven,historically_calibrated,0.992923,0.168797,7.5007,8.235,0.1698,0.5645
4292,6,28,20,weather_driven,historically_calibrated,1.072656,0.182352,7.8888,8.1433,0.0804,0.1741
4293,6,28,21,weather_driven,historically_calibrated,1.069087,0.181745,7.8718,7.9006,0.0207,0.0081
4294,6,28,22,weather_driven,historically_calibrated,1.010218,0.171737,7.5865,7.5865,0.0,0.0
4295,6,28,23,weather_driven,historically_calibrated,0.950269,0.161546,7.2853,7.2853,0.0,0.0
4296,6,28,24,weather_driven,historically_calibrated,0.690962,0.117463,5.8365,5.8365,0.0,0.0
4297,6,29,1,weather_driven,historically_calibrated,0.642728,0.109264,5.5361,5.5361,0.0,0.0
4298,6,29,2,weather_driven,historically_calibrated,0.643365,0.109372,5.5401,5.5401,0.0,0.0
4299,6,29,3,weather_driven,historically_calibrated,0.645656,0.109762,5.5546,5.5546,0.0,0.0
4300,6,29,4,weather_driven,historically_calibrated,0.658772,0.111991,5.6373,5.6373,0.0,0.0
4301,6,29,5,weather_driven,historically_calibrated,0.666611,0.113324,5.6862,5.6901,0.0039,0.0
4302,6,29,6,weather_driven,historically_calibrated,0.684838,0.116422,5.799,5.8547,0.0557,0.0
4303,6,29,7,weather_driven,historically_calibrated,0.921801,0.156706,7.1382,7.286,0.1477,0.0
4304,6,29,8,weather_driven,historically_calibrated,0.933183,0.158641,7.1973,7.4812,0.2838,0.0
4305,6,29,9,weather_driven,historically_calibrated,0.915443,0.155625,7.105,7.5625,0.4575,0.0
4306,6,29,10,weather_driven,historically_calibrated,0.977766,0.16622,7.4248,8.0831,0.6545,0.0038
4307,6,29,11,weather_driven,historically_calibrated,1.004665,0.170793,7.559,8.4027,0.8398,0.0038
4308,6,29,12,weather_driven,historically_calibrated,1.022365,0.173802,7.6462,8.5999,0.95,0.0038
4309,6,29,13,weather_driven,historically_calibrated,1.022853,0.173885,7.6485,8.7665,0.9824,0.1356
4310,6,29,14,weather_driven,historically_calibrated,1.130301,0.192151,8.1582,9.1043,0.8696,0.0764
4311,6,29,15,weather_driven,historically_calibrated,1.242079,0.211153,8.6566,9.4526,0.7309,0.065
4312,6,29,16,weather_driven,historically_calibrated,1.335042,0.226957,9.0491,9.6818,0.5871,0.0457
4313,6,29,17,weather_driven,historically_calibrated,1.397321,0.237545,9.3018,9.8192,0.4717,0.0457
4314,6,29,18,weather_driven,historically_calibrated,1.367346,0.232449,9.1811,9.5495,0.3136,0.0548
4315,6,29,19,weather_driven,historically_calibrated,1.32714,0.225614,9.0164,9.2342,0.1801,0.0376
4316,6,29,20,weather_driven,historically_calibrated,1.198756,0.203789,8.4671,8.5993,0.0946,0.0376
4317,6,29,21,weather_driven,historically_calibrated,1.066863,0.181367,7.8612,7.9006,0.0246,0.0148
4318,6,29,22,weather_driven,historically_calibrated,1.009445,0.171606,7.5826,7.5865,0.0,0.0038
4319,6,29,23,weather_driven,historically_calibrated,0.950252,0.161543,7.2852,7.2853,0.0,0.0001
4320,6,29,24,weather_driven,historically_calibrated,0.690962,0.117463,5.8365,5.8365,0.0,0.0
4321,6,30,1,weather_driven,historically_calibrated,0.574786,0.097714,5.0932,5.0932,0.0,0.0
4322,6,30,2,weather_driven,historically_calibrated,0.575341,0.097808,5.0969,5.0969,0.0,0.0
4323,6,30,3,weather_driven,historically_calibrated,0.577337,0.098147,5.1103,5.1103,0.0,0.0
4324,6,30,4,weather_driven,historically_calibrated,0.583071,0.099122,5.1485,5.1485,0.0,0.0
4325,6,30,5,weather_driven,historically_calibrated,0.595533,0.101241,5.231,5.2349,0.0039,0.0
4326,6,30,6,weather_driven,historically_calibrated,0.610943,0.10386,5.3319,5.3863,0.0544,0.0
4327,6,30,7,weather_driven,historically_calibrated,0.815024,0.138554,6.5618,6.7031,0.1413,0.0
4328,6,30,8,weather_driven,historically_calibrated,0.840762,0.14293,6.7046,6.9469,0.2424,0.0
4329,6,30,9,weather_driven,historically_calibrated,0.95517,0.162379,7.3103,7.7043,0.394,0.0
4330,6,30,10,weather_driven,historically_calibrated,1.038065,0.176471,7.7227,8.3046,0.5819,0.0
4331,6,30,11,weather_driven,historically_calibrated,1.065424,0.181122,7.8543,8.6721,0.8178,0.0
4332,6,30,12,weather_driven,historically_calibrated,1.048482,0.178242,7.773,8.7697,0.9966,0.0
4333,6,30,13,weather_driven,historically_calibrated,1.086241,0.184661,7.9531,9.0041,1.0511,0.0
4334,6,30,14,weather_driven,historically_calibrated,1.157817,0.196829,8.2838,9.2921,1.0083,0.0
4335,6,30,15,weather_driven,historically_calibrated,1.267917,0.215546,8.7676,9.6372,0.8696,0.0
4336,6,30,16,weather_driven,historically_calibrated,1.404278,0.238727,9.3296,10.0154,0.6856,0.0003
4337,6,30,17,weather_driven,historically_calibrated,1.531696,0.260388,9.8218,10.3228,0.4899,0.0111
4338,6,30,18,weather_driven,historically_calibrated,1.569929,0.266888,9.9638,10.289,0.3059,0.0193
4339,6,30,19,weather_driven,historically_calibrated,1.468957,0.249723,9.5831,9.7683,0.1659,0.0193
4340,6,30,20,weather_driven,historically_calibrated,1.353486,0.230093,9.1247,9.2049,0.0778,0.0024
4341,6,30,21,weather_driven,historically_calibrated,1.214581,0.206479,8.5368,8.5575,0.0207,0.0
4342,6,30,22,weather_driven,historically_calibrated,1.107866,0.188337,8.0544,8.0544,0.0,0.0
4343,6,30,23,weather_driven,historically_calibrated,0.958642,0.162969,7.328,7.328,0.0,0.0
4344,6,30,24,weather_driven,historically_calibrated,0.676155,0.114946,5.7455,5.7455,0.0,0.0
4345,7,1,1,weather_driven,historically_calibrated,0.657361,0.111751,5.6284,5.7825,0.0,0.1541
4346,7,1,2,weather_driven,historically_calibrated,0.588413,0.10003,5.184,5.2872,0.0,0.1032
4347,7,1,3,weather_driven,historically_calibrated,0.565613,0.096154,5.0315,5.2057,0.0,0.1741
4348,7,1,4,weather_driven,historically_calibrated,0.557592,0.094791,4.9772,5.1966,0.0,0.2194
4349,7,1,5,weather_driven,historically_calibrated,0.593885,0.10096,5.2202,5.3571,0.0013,0.1356
4350,7,1,6,weather_driven,historically_calibrated,0.627782,0.106723,5.4407,5.5623,0.0324,0.0892
4351,7,1,7,weather_driven,historically_calibrated,0.943523,0.160399,7.2507,7.4226,0.0687,0.1032
4352,7,1,8,weather_driven,historically_calibrated,1.031106,0.175288,7.6888,7.9426,0.1646,0.0892
4353,7,1,9,weather_driven,historically_calibrated,1.0935,0.185895,7.9872,8.3861,0.3097,0.0892
4354,7,1,10,weather_driven,historically_calibrated,1.088975,0.185126,7.9659,8.5939,0.5093,0.1187
4355,7,1,11,weather_driven,historically_calibrated,1.035762,0.176079,7.7115,8.4838,0.6182,0.1541
4356,7,1,12,weather_driven,historically_calibrated,1.017949,0.173051,7.6245,8.494,0.7154,0.1541
4357,7,1,13,weather_driven,historically_calibrated,1.042013,0.177142,7.7418,8.6407,0.7802,0.1187
4358,7,1,14,weather_driven,historically_calibrated,1.045712,0.177771,7.7597,8.6508,0.7724,0.1187
4359,7,1,15,weather_driven,historically_calibrated,1.136297,0.193171,8.1857,8.8532,0.591,0.0764
4360,7,1,16,weather_driven,historically_calibrated,1.173546,0.199503,8.3547,9.0376,0.6065,0.0764
4361,7,1,17,weather_driven,historically_calibrated,1.237056,0.2103,8.6349,9.1354,0.4458,0.0548
4362,7,1,18,weather_driven,historically_calibrated,0.653367,0.111072,5.6033,8.5758,0.3162,2.6563
4363,7,1,19,weather_driven,historically_calibrated,0.637067,0.108301,5.5001,8.2126,0.1827,2.5298
4364,7,1,20,weather_driven,historically_calibrated,0.71095,0.120861,5.9578,8.0162,0.1011,1.9573
4365,7,1,21,weather_driven,historically_calibrated,0.737766,0.12542,6.1178,7.7095,0.0246,1.5671
4366,7,1,22,weather_driven,historically_calibrated,0.755249,0.128392,6.2204,7.3053,0.0,1.0848
4367,7,1,23,weather_driven,historically_calibrated,0.75136,0.127731,6.1977,6.8588,0.0,0.6611
4368,7,1,24,weather_driven,historically_calibrated,0.532522,0.090529,4.805,5.3696,0.0,0.5645
4369,7,2,1,weather_driven,historically_calibrated,0.549865,0.093477,4.9245,5.5361,0.0,0.6116
4370,7,2,2,weather_driven,historically_calibrated,0.550456,0.093577,4.9286,5.5401,0.0,0.6116
4371,7,2,3,weather_driven,historically_calibrated,0.583913,0.099265,5.1541,5.5546,0.0,0.4005
4372,7,2,4,weather_driven,historically_calibrated,0.605329,0.102906,5.2953,5.5962,0.0,0.3009
4373,7,2,5,weather_driven,historically_calibrated,0.628521,0.106849,5.4455,5.6901,0.0,0.2447
4374,7,2,6,weather_driven,historically_calibrated,0.654335,0.111237,5.6094,5.8547,0.0259,0.2194
4375,7,2,7,weather_driven,historically_calibrated,0.890101,0.151317,6.9713,7.286,0.07,0.2447
4376,7,2,8,weather_driven,historically_calibrated,0.863934,0.146869,6.8309,7.4812,0.1724,0.4779
4377,7,2,9,weather_driven,historically_calibrated,0.83709,0.142305,6.6843,7.5625,0.3136,0.5645
4378,7,2,10,weather_driven,historically_calibrated,0.768575,0.130658,6.2978,7.489,0.5301,0.6611
4379,7,2,11,weather_driven,historically_calibrated,0.797046,0.135498,6.4606,7.7885,0.7633,0.5645
4380,7,2,12,weather_driven,historically_calibrated,0.748714,0.127281,6.1822,7.934,0.9837,0.7682
4381,7,2,13,weather_driven,historically_calibrated,0.639459,0.108708,5.5153,7.9764,1.0679,1.3932
4382,7,2,14,weather_driven,historically_calibrated,0.599564,0.101926,5.2575,8.2413,1.0264,1.9573
4383,7,2,15,weather_driven,historically_calibrated,0.691265,0.117515,5.8384,8.3958,0.8981,1.6593
4384,7,2,16,weather_driven,historically_calibrated,0.810985,0.137867,6.5392,8.7253,0.7076,1.4784
4385,7,2,17,weather_driven,historically_calibrated,0.935513,0.159037,7.2094,8.7867,0.4925,1.0848
4386,7,2,18,weather_driven,historically_calibrated,0.940189,0.159832,7.2335,8.5615,0.3123,1.0156
4387,7,2,19,weather_driven,historically_calibrated,0.753403,0.128078,6.2096,8.235,0.1711,1.8543
4388,7,2,20,weather_driven,historically_calibrated,0.735922,0.125107,6.1069,8.1433,0.0791,1.9573
4389,7,2,21,weather_driven,historically_calibrated,0.84384,0.143453,6.7215,7.9006,0.022,1.1571
4390,7,2,22,weather_driven,historically_calibrated,0.816635,0.138828,6.5708,7.5865,0.0,1.0156
4391,7,2,23,weather_driven,historically_calibrated,0.763713,0.129831,6.2696,7.2853,0.0,1.0156
4392,7,2,24,weather_driven,historically_calibrated,0.562542,0.095632,5.0108,5.8365,0.0,0.8257
4393,7,3,1,weather_driven,historically_calibrated,0.510389,0.086766,4.65,5.5361,0.0,0.8861
4394,7,3,2,weather_driven,historically_calibrated,0.543227,0.092349,4.879,5.5401,0.0,0.6611
4395,7,3,3,weather_driven,historically_calibrated,0.572338,0.097298,5.0768,5.5546,0.0,0.4779
4396,7,3,4,weather_driven,historically_calibrated,0.620706,0.10552,5.3952,5.7604,0.0,0.3652
4397,7,3,5,weather_driven,historically_calibrated,0.630292,0.10715,5.4568,5.8988,0.0039,0.4381
4398,7,3,6,weather_driven,historically_calibrated,0.636542,0.108212,5.4967,5.8547,0.057,0.3009
4399,7,3,7,weather_driven,historically_calibrated,0.858655,0.145971,6.8023,7.286,0.1516,0.332
4400,7,3,8,weather_driven,historically_calibrated,0.848617,0.144265,6.7476,7.4812,0.2955,0.4381
4401,7,3,9,weather_driven,historically_calibrated,0.817551,0.138984,6.576,7.5625,0.4666,0.52
4402,7,3,10,weather_driven,historically_calibrated,0.762426,0.129612,6.2622,7.489,0.6623,0.5645
4403,7,3,11,weather_driven,historically_calibrated,0.70553,0.11994,5.9251,7.345,0.8554,0.5645
4404,7,3,12,weather_driven,historically_calibrated,0.736834,0.125262,6.1123,7.6677,0.8942,0.6611
4405,7,3,13,weather_driven,historically_calibrated,0.730677,0.124215,6.0758,7.6801,0.9927,0.6116
4406,7,3,14,weather_driven,historically_calibrated,0.7538,0.128146,6.212,7.9093,0.9292,0.7682
4407,7,3,15,weather_driven,historically_calibrated,0.857579,0.145788,6.7965,8.1231,0.762,0.5645
4408,7,3,16,weather_driven,historically_calibrated,0.914149,0.155405,7.0983,8.4064,0.5949,0.7133
4409,7,3,17,weather_driven,historically_calibrated,0.973023,0.165414,7.4009,8.5286,0.4666,0.6611
4410,7,3,18,weather_driven,historically_calibrated,1.046451,0.177897,7.7632,8.5995,0.3162,0.52
4411,7,3,19,weather_driven,historically_calibrated,1.124453,0.191157,8.1313,8.5425,0.1918,0.2194
4412,7,3,20,weather_driven,historically_calibrated,1.06347,0.18079,7.845,8.1433,0.1024,0.1959
4413,7,3,21,weather_driven,historically_calibrated,1.033514,0.175697,7.7006,7.9006,0.0259,0.1741
4414,7,3,22,weather_driven,historically_calibrated,0.975288,0.165799,7.4123,7.5865,0.0,0.1741
4415,7,3,23,weather_driven,historically_calibrated,0.903179,0.15354,7.0406,7.2853,0.0,0.2447
4416,7,3,24,weather_driven,historically_calibrated,0.637754,0.108418,5.5045,5.8365,0.0,0.332
4417,7,4,1,weather_driven,historically_calibrated,0.591447,0.100546,5.2041,5.5361,0.0,0.332
4418,7,4,2,weather_driven,historically_calibrated,0.587045,0.099798,5.1749,5.5401,0.0,0.3652
4419,7,4,3,weather_driven,historically_calibrated,0.594258,0.101024,5.2226,5.5546,0.0,0.332
4420,7,4,4,weather_driven,historically_calibrated,0.584521,0.099368,5.1582,5.5962,0.0,0.4381
4421,7,4,5,weather_driven,historically_calibrated,0.614576,0.104478,5.3555,5.6901,0.0026,0.332
4422,7,4,6,weather_driven,historically_calibrated,0.63309,0.107625,5.4747,5.8547,0.048,0.332
4423,7,4,7,weather_driven,historically_calibrated,0.872429,0.148313,6.8768,7.286,0.1374,0.2718
4424,7,4,8,weather_driven,historically_calibrated,0.877047,0.149098,6.9016,7.4812,0.2786,0.3009
4425,7,4,9,weather_driven,historically_calibrated,0.943945,0.160471,7.2528,8.0566,0.4717,0.332
4426,7,4,10,weather_driven,historically_calibrated,1.022604,0.173843,7.6473,8.6073,0.6882,0.2718
4427,7,4,11,weather_driven,historically_calibrated,1.065755,0.181178,7.8559,9.0168,0.8891,0.2718
4428,7,4,12,weather_driven,historically_calibrated,1.068242,0.181601,7.8678,9.2659,1.0329,0.3652
4429,7,4,13,weather_driven,historically_calibrated,1.074656,0.182691,7.8983,9.425,1.0886,0.4381
4430,7,4,14,weather_driven,historically_calibrated,1.150597,0.195601,8.251,9.7349,1.0459,0.4381
4431,7,4,15,weather_driven,historically_calibrated,1.255796,0.213485,8.7157,10.0662,0.9124,0.4381
4432,7,4,16,weather_driven,historically_calibrated,1.388991,0.236128,9.2685,10.4258,0.7193,0.4381
4433,7,4,17,weather_driven,historically_calibrated,1.465076,0.249063,9.5681,10.5936,0.5054,0.52
4434,7,4,18,weather_driven,historically_calibrated,1.511606,0.256973,9.7461,10.5376,0.3136,0.4779
4435,7,4,19,weather_driven,historically_calibrated,1.459721,0.248153,9.5474,10.1565,0.1711,0.4381
4436,7,4,20,weather_driven,historically_calibrated,1.274339,0.216638,8.795,9.5873,0.0791,0.7133
4437,7,4,21,weather_driven,historically_calibrated,1.080504,0.183686,7.926,8.8961,0.0207,0.9494
4438,7,4,22,weather_driven,historically_calibrated,0.908397,0.154427,7.0681,8.1529,0.0,1.0848
4439,7,4,23,weather_driven,historically_calibrated,0.839481,0.142712,6.6975,7.5233,0.0,0.8257
4440,7,4,24,weather_driven,historically_calibrated,0.571082,0.097084,5.0684,5.8365,0.0,0.7682
4441,7,5,1,weather_driven,historically_calibrated,0.549865,0.093477,4.9245,5.5361,0.0,0.6116
4442,7,5,2,weather_driven,historically_calibrated,0.563927,0.095868,5.0201,5.5401,0.0,0.52
4443,7,5,3,weather_driven,historically_calibrated,0.578282,0.098308,5.1166,5.5546,0.0,0.4381
4444,7,5,4,weather_driven,historically_calibrated,0.59018,0.100331,5.1957,5.5962,0.0,0.4005
4445,7,5,5,weather_driven,historically_calibrated,0.609471,0.10361,5.3223,5.6901,0.0026,0.3652
4446,7,5,6,weather_driven,historically_calibrated,0.631672,0.107384,5.4656,5.8547,0.057,0.332
4447,7,5,7,weather_driven,historically_calibrated,0.923084,0.156924,7.1449,7.626,0.149,0.332
4448,7,5,8,weather_driven,historically_calibrated,1.070077,0.181913,7.8765,8.5634,0.2864,0.4005
4449,7,5,9,weather_driven,historically_calibrated,1.201642,0.204279,8.4798,9.3624,0.4445,0.4381
4450,7,5,10,weather_driven,historically_calibrated,1.231295,0.20932,8.6098,9.8305,0.6091,0.6116
4451,7,5,11,weather_driven,historically_calibrated,1.203784,0.204643,8.4893,10.1426,0.7672,0.8861
4452,7,5,12,weather_driven,historically_calibrated,1.161766,0.1975,8.3016,10.2315,0.845,1.0848
4453,7,5,13,weather_driven,historically_calibrated,1.150178,0.19553,8.2491,10.4455,0.8852,1.3112
4454,7,5,14,weather_driven,historically_calibrated,1.136975,0.193286,8.1889,10.7307,0.8826,1.6593
4455,7,5,15,weather_driven,historically_calibrated,1.161746,0.197497,8.3015,10.9866,0.8307,1.8543
4456,7,5,16,weather_driven,historically_calibrated,1.381712,0.234891,9.2392,11.3115,0.6791,1.3932
4457,7,5,17,weather_driven,historically_calibrated,1.443006,0.245311,9.4823,11.5523,0.5028,1.5671
4458,7,5,18,weather_driven,historically_calibrated,1.532364,0.260502,9.8243,11.6397,0.337,1.4784
4459,7,5,19,weather_driven,historically_calibrated,1.493811,0.253948,9.6785,11.0404,0.2048,1.1571
4460,7,5,20,weather_driven,historically_calibrated,1.37163,0.233177,9.1985,10.5374,0.1063,1.2326
4461,7,5,21,weather_driven,historically_calibrated,1.262381,0.214605,8.744,9.8547,0.0259,1.0848
4462,7,5,22,weather_driven,historically_calibrated,1.142096,0.194156,8.2123,9.038,0.0,0.8257
4463,7,5,23,weather_driven,historically_calibrated,1.039141,0.176654,7.7279,8.4412,0.0,0.7133
4464,7,5,24,weather_driven,historically_calibrated,0.698675,0.118775,5.8835,6.5447,0.0,0.6611
4465,7,6,1,weather_driven,historically_calibrated,0.619837,0.105372,5.3896,6.0011,0.0,0.6116
4466,7,6,2,weather_driven,historically_calibrated,0.58428,0.099328,5.1566,5.7211,0.0,0.5645
4467,7,6,3,weather_driven,historically_calibrated,0.564032,0.095886,5.0208,5.6324,0.0,0.6116
4468,7,6,4,weather_driven,historically_calibrated,0.59018,0.100331,5.1957,5.5962,0.0,0.4005
4469,7,6,5,weather_driven,historically_calibrated,0.62279,0.105874,5.4086,5.7432,0.0026,0.332
4470,7,6,6,weather_driven,historically_calibrated,0.688933,0.117119,5.8241,6.3192,0.057,0.4381
4471,7,6,7,weather_driven,historically_calibrated,1.035755,0.176078,7.7115,8.374,0.1426,0.52
4472,7,6,8,weather_driven,historically_calibrated,1.261829,0.214511,8.7416,9.4013,0.2592,0.4005
4473,7,6,9,weather_driven,historically_calibrated,1.304163,0.221708,8.9208,10.0329,0.451,0.6611
4474,7,6,10,weather_driven,historically_calibrated,1.407175,0.23922,9.3411,10.7741,0.5469,0.8861
4475,7,6,11,weather_driven,historically_calibrated,1.401708,0.23829,9.3193,10.7568,0.7763,0.6611
4476,7,6,12,weather_driven,historically_calibrated,1.375743,0.233876,9.2151,10.6976,0.8709,0.6116
4477,7,6,13,weather_driven,historically_calibrated,1.443075,0.245323,9.4826,10.7747,0.8541,0.4381
4478,7,6,14,weather_driven,historically_calibrated,1.544148,0.262505,9.8683,11.2286,0.7957,0.5645
4479,7,6,15,weather_driven,historically_calibrated,1.657379,0.281754,10.2798,11.532,0.7322,0.52
4480,7,6,16,weather_driven,historically_calibrated,1.870758,0.318029,11.0028,11.9492,0.6143,0.332
4481,7,6,17,weather_driven,historically_calibrated,2.029479,0.345011,11.5019,12.1423,0.4445,0.1959
4482,7,6,18,weather_driven,historically_calibrated,2.1752,0.369784,11.9346,12.3617,0.3084,0.1187
4483,7,6,19,weather_driven,historically_calibrated,1.969431,0.334803,11.3167,11.6169,0.197,0.1032
4484,7,6,20,weather_driven,historically_calibrated,1.821801,0.309706,10.8425,11.1074,0.0907,0.1741
4485,7,6,21,weather_driven,historically_calibrated,1.635142,0.277974,10.2006,10.5184,0.0168,0.3009
4486,7,6,22,weather_driven,historically_calibrated,1.451628,0.246777,9.516,9.8169,0.0,0.3009
4487,7,6,23,weather_driven,historically_calibrated,1.3017,0.221289,8.9105,9.1551,0.0,0.2447
4488,7,6,24,weather_driven,historically_calibrated,0.885719,0.150572,6.948,7.1439,0.0,0.1959
4489,7,7,1,weather_driven,historically_calibrated,0.697719,0.118612,5.8777,5.9964,0.0,0.1187
4490,7,7,2,weather_driven,historically_calibrated,0.687751,0.116918,5.8168,5.8818,0.0,0.065
4491,7,7,3,weather_driven,historically_calibrated,0.671489,0.114153,5.7166,5.7542,0.0,0.0376
4492,7,7,4,weather_driven,historically_calibrated,0.66336,0.112771,5.666,5.6771,0.0,0.0111
4493,7,7,5,weather_driven,historically_calibrated,0.67148,0.114152,5.7165,5.7235,0.0013,0.0057
4494,7,7,6,weather_driven,historically_calibrated,0.711949,0.121031,5.9638,6.0147,0.0428,0.0081
4495,7,7,7,weather_driven,historically_calibrated,1.079506,0.183516,7.9212,8.0482,0.1231,0.0038
4496,7,7,8,weather_driven,historically_calibrated,1.246011,0.211822,8.6736,8.9383,0.2644,0.0003
4497,7,7,9,weather_driven,historically_calibrated,1.391347,0.236529,9.2779,9.7173,0.4393,0.0001
4498,7,7,10,weather_driven,historically_calibrated,1.456915,0.247676,9.5365,10.1373,0.6,0.0007
4499,7,7,11,weather_driven,historically_calibrated,1.448236,0.2462,9.5028,10.2729,0.7698,0.0003
4500,7,7,12,weather_driven,historically_calibrated,1.407356,0.239251,9.3418,10.24,0.8981,0.0001
4501,7,7,13,weather_driven,historically_calibrated,1.546123,0.262841,9.8757,10.7002,0.8243,0.0003
4502,7,7,14,weather_driven,historically_calibrated,1.581222,0.268808,10.0053,10.9411,0.9357,0.0
4503,7,7,15,weather_driven,historically_calibrated,1.696312,0.288373,10.4166,11.2681,0.8515,0.0
4504,7,7,16,weather_driven,historically_calibrated,1.865738,0.317175,10.9865,11.6125,0.626,0.0
4505,7,7,17,weather_driven,historically_calibrated,2.029316,0.344984,11.5014,11.9512,0.4497,0.0001
4506,7,7,18,weather_driven,historically_calibrated,2.108359,0.358421,11.739,12.0721,0.3331,0.0
4507,7,7,19,weather_driven,historically_calibrated,1.893318,0.321864,11.0757,11.2532,0.1776,0.0
4508,7,7,20,weather_driven,historically_calibrated,1.790003,0.304301,10.7367,10.8132,0.0765,0.0
4509,7,7,21,weather_driven,historically_calibrated,1.640216,0.278837,10.2187,10.2535,0.0156,0.0193
4510,7,7,22,weather_driven,historically_calibrated,1.463765,0.24884,9.5631,9.6178,0.0,0.0548
4511,7,7,23,weather_driven,historically_calibrated,1.328921,0.225916,9.0238,9.0483,0.0,0.0245
4512,7,7,24,weather_driven,historically_calibrated,0.898879,0.152809,7.0179,7.0485,0.0,0.0306
4513,7,8,1,weather_driven,historically_calibrated,0.785458,0.133528,6.3948,6.4005,0.0,0.0057
4514,7,8,2,weather_driven,historically_calibrated,0.758375,0.128924,6.2386,6.2386,0.0,0.0
4515,7,8,3,weather_driven,historically_calibrated,0.736768,0.125251,6.1119,6.1119,0.0,0.0
4516,7,8,4,weather_driven,historically_calibrated,0.716209,0.121756,5.9894,5.9894,0.0,0.0
4517,7,8,5,weather_driven,historically_calibrated,0.745039,0.126657,6.1606,6.1632,0.0026,0.0
4518,7,8,6,weather_driven,historically_calibrated,0.816028,0.138725,6.5675,6.618,0.0505,0.0
4519,7,8,7,weather_driven,historically_calibrated,1.297959,0.220653,8.8948,9.0179,0.1231,0.0
4520,7,8,8,weather_driven,historically_calibrated,1.453314,0.247063,9.5225,9.7092,0.1866,0.0
4521,7,8,9,weather_driven,historically_calibrated,1.50932,0.256584,9.7375,10.042,0.3046,0.0
4522,7,8,10,weather_driven,historically_calibrated,1.53823,0.261499,9.8462,10.2337,0.3875,0.0
4523,7,8,11,weather_driven,historically_calibrated,1.513742,0.257336,9.7542,10.2415,0.4873,0.0
4524,7,8,12,weather_driven,historically_calibrated,1.492205,0.253675,9.6724,10.24,0.5676,0.0
4525,7,8,13,weather_driven,historically_calibrated,1.576655,0.268031,9.9886,10.6094,0.6208,0.0
4526,7,8,14,weather_driven,historically_calibrated,1.652355,0.2809,10.262,10.9411,0.6791,0.0
4527,7,8,15,weather_driven,historically_calibrated,1.779664,0.302543,10.702,11.4562,0.7543,0.0
4528,7,8,16,weather_driven,historically_calibrated,1.94077,0.329931,11.2268,11.9059,0.6791,0.0
4529,7,8,17,weather_driven,historically_calibrated,2.130548,0.362193,11.8044,12.2904,0.486,0.0
4530,7,8,18,weather_driven,historically_calibrated,2.250948,0.382661,12.1508,12.4566,0.3059,0.0
4531,7,8,19,weather_driven,historically_calibrated,2.019811,0.343368,11.4724,11.6421,0.1698,0.0
4532,7,8,20,weather_driven,historically_calibrated,1.851503,0.314755,10.9402,11.0229,0.0804,0.0024
4533,7,8,21,weather_driven,historically_calibrated,1.654499,0.281265,10.2696,10.3553,0.0207,0.065
4534,7,8,22,weather_driven,historically_calibrated,1.52068,0.258516,9.7804,9.7807,0.0,0.0003
4535,7,8,23,weather_driven,historically_calibrated,1.365263,0.232095,9.1727,9.1734,0.0,0.0007
4536,7,8,24,weather_driven,historically_calibrated,0.92275,0.156868,7.1432,7.1738,0.0,0.0306
4537,7,9,1,weather_driven,historically_calibrated,0.921462,0.156649,7.1365,7.1379,0.0,0.0014
4538,7,9,2,weather_driven,historically_calibrated,0.902943,0.1535,7.0394,7.0397,0.0,0.0003
4539,7,9,3,weather_driven,historically_calibrated,0.87723,0.149129,6.9026,6.9026,0.0,0.0
4540,7,9,4,weather_driven,historically_calibrated,0.871815,0.148209,6.8735,6.8759,0.0,0.0024
4541,7,9,5,weather_driven,historically_calibrated,0.918811,0.156198,7.1226,7.124,0.0013,0.0001
4542,7,9,6,weather_driven,historically_calibrated,1.02586,0.174396,7.6633,7.7126,0.0492,0.0001
4543,7,9,7,weather_driven,historically_calibrated,1.755984,0.298517,10.6219,10.7541,0.1322,0.0
4544,7,9,8,weather_driven,historically_calibrated,1.925988,0.327418,11.18,11.4262,0.2462,0.0
4545,7,9,9,weather_driven,historically_calibrated,1.939578,0.329728,11.223,11.8681,0.4005,0.2447
4546,7,9,10,weather_driven,historically_calibrated,1.870655,0.318011,11.0025,11.8226,0.5754,0.2447
4547,7,9,11,weather_driven,historically_calibrated,1.797755,0.305618,10.7626,11.5073,0.6091,0.1356
4548,7,9,12,weather_driven,historically_calibrated,1.721146,0.292595,10.5027,11.4301,0.7919,0.1356
4549,7,9,13,weather_driven,historically_calibrated,1.796576,0.305418,10.7587,11.6636,0.8502,0.0548
4550,7,9,14,weather_driven,historically_calibrated,1.912941,0.3252,11.1385,11.8261,0.6869,0.0007
4551,7,9,15,weather_driven,historically_calibrated,2.06539,0.351116,11.6107,12.1797,0.5676,0.0014
4552,7,9,16,weather_driven,historically_calibrated,2.186617,0.371725,11.9676,12.5869,0.6,0.0193
4553,7,9,17,weather_driven,historically_calibrated,2.250522,0.382589,12.1496,12.7323,0.4471,0.1356
4554,7,9,18,weather_driven,historically_calibrated,2.334423,0.396852,12.3825,12.8558,0.2773,0.1959
4555,7,9,19,weather_driven,historically_calibrated,2.118327,0.360116,11.7685,12.0012,0.114,0.1187
4556,7,9,20,weather_driven,historically_calibrated,2.001252,0.340213,11.4154,11.5634,0.0933,0.0548
4557,7,9,21,weather_driven,historically_calibrated,1.816593,0.308821,10.8253,10.9608,0.0168,0.1187
4558,7,9,22,weather_driven,historically_calibrated,1.678348,0.285319,10.3538,10.4188,0.0,0.065
4559,7,9,23,weather_driven,historically_calibrated,1.467897,0.249542,9.579,9.7331,0.0,0.1541
4560,7,9,24,weather_driven,historically_calibrated,0.949346,0.161389,7.2805,7.5252,0.0,0.2447
4561,7,10,1,weather_driven,historically_calibrated,0.81656,0.138815,6.5704,6.7245,0.0,0.1541
4562,7,10,2,weather_driven,historically_calibrated,0.765141,0.130074,6.2779,6.5226,0.0,0.2447
4563,7,10,3,weather_driven,historically_calibrated,0.781609,0.132874,6.3727,6.4619,0.0,0.0892
4564,7,10,4,weather_driven,historically_calibrated,0.79314,0.134834,6.4385,6.4841,0.0,0.0457
4565,7,10,5,weather_driven,historically_calibrated,0.832574,0.141538,6.6594,6.7257,0.0013,0.065
4566,7,10,6,weather_driven,historically_calibrated,0.928208,0.157795,7.1716,7.2754,0.0389,0.065
4567,7,10,7,weather_driven,historically_calibrated,1.50649,0.256103,9.7267,9.8701,0.1322,0.0111
4568,7,10,8,weather_driven,historically_calibrated,1.716263,0.291765,10.4858,10.728,0.2398,0.0024
4569,7,10,9,weather_driven,historically_calibrated,1.898345,0.322719,11.0918,11.4446,0.3525,0.0003
4570,7,10,10,weather_driven,historically_calibrated,2.00037,0.340063,11.4126,11.9274,0.5145,0.0003
4571,7,10,11,weather_driven,historically_calibrated,1.927004,0.327591,11.1832,11.9168,0.7335,0.0
4572,7,10,12,weather_driven,historically_calibrated,1.857442,0.315765,10.9595,11.8297,0.8644,0.0057
4573,7,10,13,weather_driven,historically_calibrated,1.920423,0.326472,11.1623,12.0257,0.8631,0.0003
4574,7,10,14,weather_driven,historically_calibrated,2.00563,0.340957,11.4288,12.2244,0.7932,0.0024
4575,7,10,15,weather_driven,historically_calibrated,2.192904,0.372794,11.9857,12.657,0.6713,0.0
4576,7,10,16,weather_driven,historically_calibrated,2.448528,0.41625,12.689,13.2954,0.5819,0.0245
4577,7,10,17,weather_driven,historically_calibrated,2.610131,0.443722,13.1043,13.5804,0.4704,0.0057
4578,7,10,18,weather_driven,historically_calibrated,2.701753,0.459298,13.3306,13.6158,0.2851,0.0001
4579,7,10,19,weather_driven,historically_calibrated,2.345137,0.398673,12.4118,12.6161,0.1737,0.0306
4580,7,10,20,weather_driven,historically_calibrated,2.139737,0.363755,11.8314,11.9434,0.0972,0.0148
4581,7,10,21,weather_driven,historically_calibrated,1.913228,0.325249,11.1394,11.182,0.0181,0.0245
4582,7,10,22,weather_driven,historically_calibrated,1.701571,0.289267,10.4349,10.4542,0.0,0.0193
4583,7,10,23,weather_driven,historically_calibrated,1.521071,0.258582,9.7819,9.8011,0.0,0.0193
4584,7,10,24,weather_driven,historically_calibrated,0.965028,0.164055,7.3605,7.6614,0.0,0.3009
4585,7,11,1,weather_driven,historically_calibrated,0.828135,0.140783,6.6348,6.8795,0.0,0.2447
4586,7,11,2,weather_driven,historically_calibrated,0.80997,0.137695,6.5335,6.7294,0.0,0.1959
4587,7,11,3,weather_driven,historically_calibrated,0.793985,0.134977,6.4433,6.6174,0.0,0.1741
4588,7,11,4,weather_driven,historically_calibrated,0.767383,0.130455,6.2909,6.5103,0.0,0.2194
4589,7,11,5,weather_driven,historically_calibrated,0.8002,0.136034,6.4785,6.6992,0.0013,0.2194
4590,7,11,6,weather_driven,historically_calibrated,0.875599,0.148852,6.8938,7.0842,0.0363,0.1541
4591,7,11,7,weather_driven,historically_calibrated,1.397067,0.237501,9.3008,9.5981,0.1231,0.1741
4592,7,11,8,weather_driven,historically_calibrated,1.615592,0.274651,10.1303,10.4836,0.2346,0.1187
4593,7,11,9,weather_driven,historically_calibrated,1.789708,0.30425,10.7357,11.1623,0.3616,0.065
4594,7,11,10,weather_driven,historically_calibrated,1.836479,0.312201,10.8909,11.4382,0.4925,0.0548
4595,7,11,11,weather_driven,historically_calibrated,1.820401,0.309468,10.8379,11.4732,0.5897,0.0457
4596,7,11,12,weather_driven,historically_calibrated,1.768273,0.300606,10.6636,11.3968,0.6441,0.0892
4597,7,11,13,weather_driven,historically_calibrated,1.850404,0.314569,10.9366,11.6636,0.6506,0.0764
4598,7,11,14,weather_driven,historically_calibrated,1.888251,0.321003,11.0594,11.7929,0.6571,0.0764
4599,7,11,15,weather_driven,historically_calibrated,2.030697,0.345218,11.5056,12.1797,0.6091,0.065
4600,7,11,16,weather_driven,historically_calibrated,2.192747,0.372767,11.9852,12.5869,0.5469,0.0548
4601,7,11,17,weather_driven,historically_calibrated,2.346602,0.398922,12.4158,12.8798,0.4264,0.0376
4602,7,11,18,weather_driven,historically_calibrated,2.422782,0.411873,12.6209,12.9318,0.2864,0.0245
4603,7,11,19,weather_driven,historically_calibrated,2.10668,0.358136,11.734,12.0012,0.2022,0.065
4604,7,11,20,weather_driven,historically_calibrated,1.951993,0.331839,11.2621,11.4114,0.1037,0.0457
4605,7,11,21,weather_driven,historically_calibrated,1.755347,0.298409,10.6197,10.8133,0.0194,0.1741
4606,7,11,22,weather_driven,historically_calibrated,1.658328,0.281916,10.2831,10.4188,0.0,0.1356
4607,7,11,23,weather_driven,historically_calibrated,1.502593,0.255441,9.7119,9.8011,0.0,0.0892
4608,7,11,24,weather_driven,historically_calibrated,1.018395,0.173127,7.6267,7.7159,0.0,0.0892
4609,7,12,1,weather_driven,historically_calibrated,0.892523,0.151729,6.9842,7.0087,0.0,0.0245
4610,7,12,2,weather_driven,historically_calibrated,0.836984,0.142287,6.6838,6.7294,0.0,0.0457
4611,7,12,3,weather_driven,historically_calibrated,0.806687,0.137137,6.5151,6.5915,0.0,0.0764
4612,7,12,4,weather_driven,historically_calibrated,0.812492,0.138124,6.5477,6.5625,0.0,0.0148
4613,7,12,5,weather_driven,historically_calibrated,0.829908,0.141084,6.6447,6.6461,0.0013,0.0001
4614,7,12,6,weather_driven,historically_calibrated,0.883004,0.150111,6.9335,6.9749,0.0376,0.0038
4615,7,12,7,weather_driven,historically_calibrated,1.355708,0.23047,9.1338,9.2581,0.1218,0.0024
4616,7,12,8,weather_driven,historically_calibrated,1.510226,0.256738,9.7409,9.9599,0.219,0.0
4617,7,12,9,weather_driven,historically_calibrated,1.729762,0.294059,10.5323,10.8447,0.3123,0.0
4618,7,12,10,weather_driven,historically_calibrated,1.806082,0.307034,10.7904,11.2634,0.473,0.0
4619,7,12,11,weather_driven,historically_calibrated,1.810459,0.307778,10.8049,11.405,0.6,0.0
4620,7,12,12,weather_driven,historically_calibrated,1.782037,0.302946,10.71,11.3968,0.6869,0.0
4621,7,12,13,weather_driven,historically_calibrated,1.834035,0.311786,10.8829,11.6307,0.7478,0.0
4622,7,12,14,weather_driven,historically_calibrated,1.949173,0.331359,11.2532,11.9257,0.67,0.0024
4623,7,12,15,weather_driven,historically_calibrated,2.087886,0.354941,11.6781,12.3161,0.6299,0.0081
4624,7,12,16,weather_driven,historically_calibrated,2.285026,0.388454,12.2462,12.764,0.5171,0.0007
4625,7,12,17,weather_driven,historically_calibrated,2.464484,0.418962,12.731,13.1379,0.4069,0.0
4626,7,12,18,weather_driven,historically_calibrated,2.592965,0.440804,13.0612,13.3118,0.2449,0.0057
4627,7,12,19,weather_driven,historically_calibrated,2.327146,0.395615,12.3626,12.5392,0.1685,0.0081
4628,7,12,20,weather_driven,historically_calibrated,2.213015,0.376212,12.0432,12.1334,0.0791,0.0111
4629,7,12,21,weather_driven,historically_calibrated,1.982009,0.336942,11.3558,11.4032,0.0168,0.0306
4630,7,12,22,weather_driven,historically_calibrated,1.721998,0.29274,10.5056,10.5604,0.0,0.0548
4631,7,12,23,weather_driven,historically_calibrated,1.504261,0.255724,9.7183,9.7331,0.0,0.0148
4632,7,12,24,weather_driven,historically_calibrated,1.024696,0.174198,7.6576,7.6614,0.0,0.0038
4633,7,13,1,weather_driven,historically_calibrated,0.906664,0.154133,7.059,7.0604,0.0,0.0014
4634,7,13,2,weather_driven,historically_calibrated,0.893172,0.151839,6.9876,6.988,0.0,0.0003
4635,7,13,3,weather_driven,historically_calibrated,0.87723,0.149129,6.9026,6.9026,0.0,0.0
4636,7,13,4,weather_driven,historically_calibrated,0.881998,0.14994,6.9281,6.9281,0.0,0.0
4637,7,13,5,weather_driven,historically_calibrated,0.934411,0.15885,7.2037,7.2037,0.0,0.0
4638,7,13,6,weather_driven,historically_calibrated,1.044883,0.17763,7.7557,7.7946,0.0389,0.0
4639,7,13,7,weather_driven,historically_calibrated,1.777236,0.30213,10.6938,10.8221,0.1283,0.0
4640,7,13,8,weather_driven,historically_calibrated,1.935781,0.329083,11.211,11.4611,0.2501,0.0
4641,7,13,9,weather_driven,historically_calibrated,2.011839,0.342013,11.4479,11.8328,0.3849,0.0
4642,7,13,10,weather_driven,historically_calibrated,2.047039,0.347997,11.5553,12.1022,0.5469,0.0
4643,7,13,11,weather_driven,historically_calibrated,2.061807,0.350507,11.5999,12.292,0.6921,0.0001
4644,7,13,12,weather_driven,historically_calibrated,2.023859,0.344056,11.4847,12.3624,0.8774,0.0003
4645,7,13,13,weather_driven,historically_calibrated,2.1179,0.360043,11.7672,12.6842,0.9163,0.0007
4646,7,13,14,weather_driven,historically_calibrated,2.231132,0.379292,12.0948,12.9878,0.8916,0.0014
4647,7,13,15,weather_driven,historically_calibrated,2.427959,0.412753,12.6346,13.441,0.8061,0.0003
4648,7,13,16,weather_driven,historically_calibrated,2.726575,0.463518,13.3909,14.004,0.613,0.0001
4649,7,13,17,weather_driven,historically_calibrated,2.714754,0.461508,13.3622,13.8017,0.438,0.0014
4650,7,13,18,weather_driven,historically_calibrated,2.712158,0.461067,13.3559,13.6538,0.2786,0.0193
4651,7,13,19,weather_driven,historically_calibrated,2.326352,0.39548,12.3604,12.5392,0.175,0.0038
4652,7,13,20,weather_driven,historically_calibrated,2.125405,0.361319,11.7893,11.9054,0.0855,0.0306
4653,7,13,21,weather_driven,historically_calibrated,1.822694,0.309858,10.8455,11.1083,0.0181,0.2447
4654,7,13,22,weather_driven,historically_calibrated,1.62019,0.275432,10.1469,10.4188,0.0,0.2718
4655,7,13,23,weather_driven,historically_calibrated,1.465835,0.249192,9.5711,9.9031,0.0,0.332
4656,7,13,24,weather_driven,historically_calibrated,0.976161,0.165947,7.4167,7.6614,0.0,0.2447
4657,7,14,1,weather_driven,historically_calibrated,0.706112,0.120039,5.9286,6.3292,0.0,0.4005
4658,7,14,2,weather_driven,historically_calibrated,0.67191,0.114225,5.7192,6.1197,0.0,0.4005
4659,7,14,3,weather_driven,historically_calibrated,0.653619,0.111115,5.6049,5.8496,0.0,0.2447
4660,7,14,4,weather_driven,historically_calibrated,0.630435,0.107174,5.4577,5.6771,0.0,0.2194
4661,7,14,5,weather_driven,historically_calibrated,0.662002,0.11254,5.6575,5.7479,0.0013,0.0892
4662,7,14,6,weather_driven,historically_calibrated,0.745086,0.126665,6.1609,6.2661,0.0402,0.065
4663,7,14,7,weather_driven,historically_calibrated,1.125185,0.191282,8.1347,8.361,0.1231,0.1032
4664,7,14,8,weather_driven,historically_calibrated,1.258768,0.213991,8.7285,9.1631,0.2605,0.1741
4665,7,14,9,weather_driven,historically_calibrated,1.371489,0.233153,9.1979,9.9771,0.4471,0.332
4666,7,14,10,weather_driven,historically_calibrated,1.450167,0.246528,9.5103,10.3945,0.6648,0.2194
4667,7,14,11,weather_driven,historically_calibrated,1.472783,0.250373,9.5979,10.5554,0.8683,0.0892
4668,7,14,12,weather_driven,historically_calibrated,1.438339,0.244518,9.4641,10.6995,1.0161,0.2194
4669,7,14,13,weather_driven,historically_calibrated,1.540229,0.261839,9.8537,11.0637,1.0744,0.1356
4670,7,14,14,weather_driven,historically_calibrated,1.648374,0.280224,10.2478,11.3686,1.0316,0.0892
4671,7,14,15,weather_driven,historically_calibrated,1.825926,0.310407,10.8562,11.8012,0.8994,0.0457
4672,7,14,16,weather_driven,historically_calibrated,2.051494,0.348754,11.5688,12.297,0.7037,0.0245
4673,7,14,17,weather_driven,historically_calibrated,2.202497,0.374424,12.0132,12.6636,0.4964,0.1541
4674,7,14,18,weather_driven,historically_calibrated,2.327011,0.395592,12.3622,12.7713,0.3059,0.1032
4675,7,14,19,weather_driven,historically_calibrated,2.091442,0.355545,11.6887,11.8896,0.1633,0.0376
4676,7,14,20,weather_driven,historically_calibrated,1.873724,0.318533,11.0125,11.1628,0.0739,0.0764
4677,7,14,21,weather_driven,historically_calibrated,1.630614,0.277204,10.1844,10.3553,0.0168,0.1541
4678,7,14,22,weather_driven,historically_calibrated,1.376746,0.234047,9.2192,9.5201,0.0,0.3009
4679,7,14,23,weather_driven,historically_calibrated,1.17613,0.199942,8.3663,8.7668,0.0,0.4005
4680,7,14,24,weather_driven,historically_calibrated,0.781532,0.13286,6.3723,6.7728,0.0,0.4005
4681,7,15,1,weather_driven,historically_calibrated,0.659753,0.112158,5.6434,6.0439,0.0,0.4005
4682,7,15,2,weather_driven,historically_calibrated,0.628493,0.106844,5.4453,5.8105,0.0,0.3652
4683,7,15,3,weather_driven,historically_calibrated,0.57494,0.09774,5.0942,5.6588,0.0,0.5645
4684,7,15,4,weather_driven,historically_calibrated,0.584262,0.099324,5.1564,5.557,0.0,0.4005
4685,7,15,5,weather_driven,historically_calibrated,0.551487,0.093753,4.9356,5.6502,0.0013,0.7133
4686,7,15,6,weather_driven,historically_calibrated,0.626855,0.106565,5.4348,5.9645,0.0518,0.4779
4687,7,15,7,weather_driven,historically_calibrated,0.918934,0.156219,7.1233,7.9856,0.149,0.7133
4688,7,15,8,weather_driven,historically_calibrated,1.009694,0.171648,7.5839,8.9383,0.2696,1.0848
4689,7,15,9,weather_driven,historically_calibrated,1.241452,0.211047,8.6539,9.8147,0.3927,0.7682
4690,7,15,10,weather_driven,historically_calibrated,1.369675,0.232845,9.1906,10.3623,0.5106,0.6611
4691,7,15,11,weather_driven,historically_calibrated,1.292822,0.21978,8.8732,10.6809,0.6506,1.1571
4692,7,15,12,weather_driven,historically_calibrated,1.288198,0.218994,8.8537,10.9752,0.7284,1.3932
4693,7,15,13,weather_driven,historically_calibrated,1.618407,0.275129,10.1405,11.518,0.7659,0.6116
4694,7,15,14,weather_driven,historically_calibrated,1.729381,0.293995,10.531,11.8266,0.8178,0.4779
4695,7,15,15,weather_driven,historically_calibrated,1.977607,0.336193,11.3421,12.1776,0.6998,0.1356
4696,7,15,16,weather_driven,historically_calibrated,2.242742,0.381266,12.1276,12.7207,0.5625,0.0306
4697,7,15,17,weather_driven,historically_calibrated,2.485196,0.422483,12.7851,13.2064,0.4212,0.0001
4698,7,15,18,weather_driven,historically_calibrated,1.907966,0.324354,11.1226,13.2957,0.3188,1.8543
4699,7,15,19,weather_driven,historically_calibrated,1.575089,0.267765,9.9828,12.3492,0.1918,2.1746
4700,7,15,20,weather_driven,historically_calibrated,1.552705,0.26396,9.9002,11.827,0.0726,1.8543
4701,7,15,21,weather_driven,historically_calibrated,1.619733,0.275355,10.1453,11.4747,0.0181,1.3112
4702,7,15,22,weather_driven,historically_calibrated,1.221506,0.207656,8.5671,9.8784,0.0,1.3112
4703,7,15,23,weather_driven,historically_calibrated,1.205539,0.204942,8.497,9.017,0.0,0.52
4704,7,15,24,weather_driven,historically_calibrated,0.853182,0.145041,6.7725,6.7728,0.0,0.0003
4705,7,16,1,weather_driven,historically_calibrated,0.804808,0.136817,6.5045,6.5695,0.0,0.065
4706,7,16,2,weather_driven,historically_calibrated,0.793284,0.134858,6.4393,6.445,0.0,0.0057
4707,7,16,3,weather_driven,historically_calibrated,0.783358,0.133171,6.3828,6.3841,0.0,0.0014
4708,7,16,4,weather_driven,historically_calibrated,0.772309,0.131293,6.3193,6.3275,0.0,0.0081
4709,7,16,5,weather_driven,historically_calibrated,0.683283,0.116158,5.7894,6.354,0.0,0.5645
4710,7,16,6,weather_driven,historically_calibrated,0.818637,0.139168,6.582,6.5924,0.0104,0.0
4711,7,16,7,weather_driven,historically_calibrated,1.167827,0.198531,8.329,8.408,0.0791,0.0
4712,7,16,8,weather_driven,historically_calibrated,1.228897,0.208913,8.5994,8.7031,0.1037,0.0
4713,7,16,9,weather_driven,historically_calibrated,1.26967,0.215844,8.7751,8.9389,0.1581,0.0057
4714,7,16,10,weather_driven,historically_calibrated,1.117638,0.189998,8.0998,8.3277,0.2035,0.0245
4715,7,16,11,weather_driven,historically_calibrated,0.895965,0.152314,7.0025,7.3109,0.232,0.0764
4716,7,16,12,weather_driven,historically_calibrated,1.030024,0.175104,7.6836,8.0006,0.1814,0.1356
4717,7,16,13,weather_driven,historically_calibrated,1.092124,0.185661,7.9808,8.569,0.4342,0.1541
4718,7,16,14,weather_driven,historically_calibrated,1.183978,0.201276,8.4014,9.0379,0.4406,0.1959
4719,7,16,15,weather_driven,historically_calibrated,1.125536,0.191341,8.1363,9.5889,0.2955,1.1571
4720,7,16,16,weather_driven,historically_calibrated,1.366809,0.232358,9.179,10.2841,0.337,0.7682
4721,7,16,17,weather_driven,historically_calibrated,1.332539,0.226532,9.0388,10.9254,0.4082,1.4784
4722,7,16,18,weather_driven,historically_calibrated,1.632776,0.277572,10.1921,11.2597,0.2994,0.7682
4723,7,16,19,weather_driven,historically_calibrated,1.708268,0.290406,10.4581,10.8098,0.1776,0.1741
4724,7,16,20,weather_driven,historically_calibrated,1.408927,0.239518,9.3481,10.3094,0.0752,0.8861
4725,7,16,21,weather_driven,historically_calibrated,0.966081,0.164234,7.3658,9.6704,0.0156,2.289
4726,7,16,22,weather_driven,historically_calibrated,1.308181,0.222391,8.9376,9.0026,0.0,0.065
4727,7,16,23,weather_driven,historically_calibrated,1.206382,0.205085,8.5007,8.5772,0.0,0.0764
4728,7,16,24,weather_driven,historically_calibrated,0.749757,0.127459,6.1883,6.6264,0.0,0.4381
4729,7,17,1,weather_driven,historically_calibrated,0.673648,0.11452,5.7299,6.2078,0.0,0.4779
4730,7,17,2,weather_driven,historically_calibrated,0.616292,0.10477,5.3666,6.1348,0.0,0.7682
4731,7,17,3,weather_driven,historically_calibrated,0.653623,0.111116,5.6049,6.1249,0.0,0.52
4732,7,17,4,weather_driven,historically_calibrated,0.660929,0.112358,5.6508,6.1708,0.0,0.52
4733,7,17,5,weather_driven,historically_calibrated,0.682262,0.115985,5.7831,6.2212,0.0,0.4381
4734,7,17,6,weather_driven,historically_calibrated,0.748082,0.127174,6.1785,6.5377,0.0272,0.332
4735,7,17,7,weather_driven,historically_calibrated,1.110113,0.188719,8.0649,8.408,0.0985,0.2447
4736,7,17,8,weather_driven,historically_calibrated,1.235196,0.209983,8.6268,8.9824,0.1814,0.1741
4737,7,17,9,weather_driven,historically_calibrated,1.2703,0.215951,8.7778,9.2918,0.4108,0.1032
4738,7,17,10,weather_driven,historically_calibrated,1.262568,0.214637,8.7448,9.3762,0.5858,0.0457
4739,7,17,11,weather_driven,historically_calibrated,1.2912,0.219504,8.8663,9.5626,0.6882,0.0081
4740,7,17,12,weather_driven,historically_calibrated,1.039367,0.176692,7.729,9.6987,0.8126,1.1571
4741,7,17,13,weather_driven,historically_calibrated,1.044203,0.177514,7.7524,9.5896,0.8878,0.9494
4742,7,17,14,weather_driven,historically_calibrated,1.237389,0.210356,8.6363,9.3366,0.5262,0.1741
4743,7,17,15,weather_driven,historically_calibrated,1.152049,0.195848,8.2576,9.7594,0.1905,1.3112
4744,7,17,16,weather_driven,historically_calibrated,1.231291,0.209319,8.6098,10.1778,0.4108,1.1571
4745,7,17,17,weather_driven,historically_calibrated,1.215098,0.206567,8.5391,9.893,0.3383,1.0156
4746,7,17,18,weather_driven,historically_calibrated,1.268027,0.215565,8.7681,9.4355,0.2294,0.4381
4747,7,17,19,weather_driven,historically_calibrated,1.118914,0.190215,8.1057,9.3111,0.1205,1.0848
4748,7,17,20,weather_driven,historically_calibrated,1.206448,0.205096,8.501,8.8273,0.0544,0.2718
4749,7,17,21,weather_driven,historically_calibrated,1.130327,0.192156,8.1583,8.2693,0.0078,0.1032
4750,7,17,22,weather_driven,historically_calibrated,1.064802,0.181016,7.8513,7.9405,0.0,0.0892
4751,7,17,23,weather_driven,historically_calibrated,0.990704,0.16842,7.4896,7.6252,0.0,0.1356
4752,7,17,24,weather_driven,historically_calibrated,0.673339,0.114468,5.728,5.9727,0.0,0.2447
4753,7,18,1,weather_driven,historically_calibrated,0.618671,0.105174,5.382,5.5361,0.0,0.1541
4754,7,18,2,weather_driven,historically_calibrated,0.633155,0.107636,5.4751,5.5401,0.0,0.065
4755,7,18,3,weather_driven,historically_calibrated,0.637035,0.108296,5.4999,5.5546,0.0,0.0548
4756,7,18,4,weather_driven,historically_calibrated,0.647393,0.110057,5.5656,5.5962,0.0,0.0306
4757,7,18,5,weather_driven,historically_calibrated,0.628521,0.106849,5.4455,5.6901,0.0,0.2447
4758,7,18,6,weather_driven,historically_calibrated,0.655985,0.111517,5.6198,5.8547,0.0156,0.2194
4759,7,18,7,weather_driven,historically_calibrated,0.877626,0.149196,6.9047,7.286,0.0492,0.332
4760,7,18,8,weather_driven,historically_calibrated,0.927705,0.15771,7.1689,7.551,0.1374,0.2447
4761,7,18,9,weather_driven,historically_calibrated,0.987319,0.167844,7.4727,7.8801,0.2333,0.1741
4762,7,18,10,weather_driven,historically_calibrated,1.075911,0.182905,7.9042,8.3277,0.3344,0.0892
4763,7,18,11,weather_driven,historically_calibrated,1.125603,0.191352,8.1366,8.7097,0.5275,0.0457
4764,7,18,12,weather_driven,historically_calibrated,1.11437,0.189443,8.0846,8.9662,0.8359,0.0457
4765,7,18,13,weather_driven,historically_calibrated,1.171621,0.199175,8.346,9.2933,0.9228,0.0245
4766,7,18,14,weather_driven,historically_calibrated,1.24876,0.212289,8.6855,9.6354,0.9461,0.0038
4767,7,18,15,weather_driven,historically_calibrated,1.378825,0.2344,9.2276,10.0662,0.8385,0.0001
4768,7,18,16,weather_driven,historically_calibrated,1.511732,0.256994,9.7466,10.4258,0.6778,0.0014
4769,7,18,17,weather_driven,historically_calibrated,1.667255,0.283433,10.3147,10.8148,0.4756,0.0245
4770,7,18,18,weather_driven,historically_calibrated,1.777142,0.302114,10.6935,11.1076,0.2955,0.1187
4771,7,18,19,weather_driven,historically_calibrated,1.666238,0.28326,10.3111,10.5024,0.1607,0.0306
4772,7,18,20,weather_driven,historically_calibrated,1.44985,0.246474,9.509,9.5873,0.0726,0.0057
4773,7,18,21,weather_driven,historically_calibrated,1.286446,0.218696,8.8463,8.8592,0.013,0.0
4774,7,18,22,weather_driven,historically_calibrated,1.152385,0.195906,8.2591,8.2591,0.0,0.0
4775,7,18,23,weather_driven,historically_calibrated,1.067294,0.18144,7.8632,7.8632,0.0,0.0
4776,7,18,24,weather_driven,historically_calibrated,0.759465,0.129109,6.245,6.2451,0.0,0.0001
4777,7,19,1,weather_driven,historically_calibrated,0.652644,0.110949,5.5988,5.6136,0.0,0.0148
4778,7,19,2,weather_driven,historically_calibrated,0.640331,0.108856,5.5209,5.5401,0.0,0.0193
4779,7,19,3,weather_driven,historically_calibrated,0.645436,0.109724,5.5533,5.5546,0.0,0.0014
4780,7,19,4,weather_driven,historically_calibrated,0.652192,0.110873,5.5959,5.5962,0.0,0.0003
4781,7,19,5,weather_driven,historically_calibrated,0.682596,0.116041,5.7852,5.7963,0.0,0.0111
4782,7,19,6,weather_driven,historically_calibrated,0.769139,0.130754,6.301,6.3738,0.0078,0.065
4783,7,19,7,weather_driven,historically_calibrated,1.083577,0.184208,7.9405,8.034,0.0285,0.065
4784,7,19,8,weather_driven,historically_calibrated,1.152372,0.195903,8.2591,8.3889,0.0648,0.065
4785,7,19,9,weather_driven,historically_calibrated,0.922374,0.156804,7.1412,8.4448,0.1464,1.1571
4786,7,19,10,weather_driven,historically_calibrated,1.189523,0.202219,8.4261,8.5724,0.1218,0.0245
4787,7,19,11,weather_driven,historically_calibrated,0.897784,0.152623,7.0121,7.3109,0.2981,0.0007
4788,7,19,12,weather_driven,historically_calibrated,0.864508,0.146966,6.834,7.1349,0.2359,0.065
4789,7,19,13,weather_driven,historically_calibrated,0.853363,0.145072,6.7735,7.0546,0.127,0.1541
4790,7,19,14,weather_driven,historically_calibrated,0.898179,0.15269,7.0142,7.1127,0.0609,0.0376
4791,7,19,15,weather_driven,historically_calibrated,0.825992,0.140419,6.623,7.3049,0.3499,0.332
4792,7,19,16,weather_driven,historically_calibrated,0.867458,0.147468,6.85,7.5916,0.2216,0.52
4793,7,19,17,weather_driven,historically_calibrated,0.946552,0.160914,7.2662,8.0123,0.2683,0.4779
4794,7,19,18,weather_driven,historically_calibrated,1.059447,0.180106,7.8257,8.4855,0.2592,0.4005
4795,7,19,19,weather_driven,historically_calibrated,1.125163,0.191278,8.1346,8.5425,0.1361,0.2718
4796,7,19,20,weather_driven,historically_calibrated,1.098265,0.186705,8.0096,8.1433,0.0687,0.065
4797,7,19,21,weather_driven,historically_calibrated,1.071625,0.182176,7.8839,7.9006,0.013,0.0038
4798,7,19,22,weather_driven,historically_calibrated,1.010159,0.171727,7.5862,7.5865,0.0,0.0003
4799,7,19,23,weather_driven,historically_calibrated,0.950269,0.161546,7.2853,7.2853,0.0,0.0
4800,7,19,24,weather_driven,historically_calibrated,0.690962,0.117463,5.8365,5.8365,0.0,0.0
4801,7,20,1,weather_driven,historically_calibrated,0.642728,0.109264,5.5361,5.5361,0.0,0.0
4802,7,20,2,weather_driven,historically_calibrated,0.643365,0.109372,5.5401,5.5401,0.0,0.0
4803,7,20,3,weather_driven,historically_calibrated,0.645656,0.109762,5.5546,5.5546,0.0,0.0
4804,7,20,4,weather_driven,historically_calibrated,0.685235,0.11649,5.8014,5.8014,0.0,0.0
4805,7,20,5,weather_driven,historically_calibrated,0.694322,0.118035,5.857,5.857,0.0,0.0
4806,7,20,6,weather_driven,historically_calibrated,0.68716,0.116817,5.8132,5.8547,0.0415,0.0
4807,7,20,7,weather_driven,historically_calibrated,0.923789,0.157044,7.1486,7.286,0.1374,0.0
4808,7,20,8,weather_driven,historically_calibrated,0.93965,0.159741,7.2307,7.4812,0.2501,0.0003
4809,7,20,9,weather_driven,historically_calibrated,0.942939,0.1603,7.2477,7.5625,0.311,0.0038
4810,7,20,10,weather_driven,historically_calibrated,0.925769,0.157381,7.1589,7.5938,0.4044,0.0306
4811,7,20,11,weather_driven,historically_calibrated,0.852035,0.144846,6.7663,7.3109,0.499,0.0457
4812,7,20,12,weather_driven,historically_calibrated,0.861852,0.146515,6.8197,7.1349,0.2605,0.0548
4813,7,20,13,weather_driven,historically_calibrated,1.010907,0.171854,7.5899,7.8118,0.1672,0.0548
4814,7,20,14,weather_driven,historically_calibrated,1.007593,0.171291,7.5735,8.2413,0.613,0.0548
4815,7,20,15,weather_driven,historically_calibrated,1.149857,0.195476,8.2476,8.8389,0.5365,0.0548
4816,7,20,16,weather_driven,historically_calibrated,1.300845,0.221144,8.9069,9.5047,0.543,0.0548
4817,7,20,17,weather_driven,historically_calibrated,1.442104,0.245158,9.4788,9.9298,0.451,0.0
4818,7,20,18,weather_driven,historically_calibrated,1.534897,0.260932,9.8338,10.1576,0.3214,0.0024
4819,7,20,19,weather_driven,historically_calibrated,1.52834,0.259818,9.8092,10.0028,0.1879,0.0057
4820,7,20,20,weather_driven,historically_calibrated,1.450316,0.246554,9.5109,9.5873,0.0765,0.0
4821,7,20,21,weather_driven,historically_calibrated,1.358165,0.230888,9.1438,9.1542,0.0104,0.0
4822,7,20,22,weather_driven,historically_calibrated,1.223937,0.208069,8.5778,8.5778,0.0,0.0
4823,7,20,23,weather_driven,historically_calibrated,1.081615,0.183875,7.9312,7.9312,0.0,0.0
4824,7,20,24,weather_driven,historically_calibrated,0.75948,0.129112,6.2451,6.2451,0.0,0.0
4825,7,21,1,weather_driven,historically_calibrated,0.574786,0.097714,5.0932,5.0932,0.0,0.0
4826,7,21,2,weather_driven,historically_calibrated,0.575341,0.097808,5.0969,5.0969,0.0,0.0
4827,7,21,3,weather_driven,historically_calibrated,0.577337,0.098147,5.1103,5.1103,0.0,0.0
4828,7,21,4,weather_driven,historically_calibrated,0.583071,0.099122,5.1485,5.1485,0.0,0.0
4829,7,21,5,weather_driven,historically_calibrated,0.596124,0.101341,5.2349,5.2349,0.0,0.0
4830,7,21,6,weather_driven,historically_calibrated,0.617334,0.104947,5.3734,5.3863,0.013,0.0
4831,7,21,7,weather_driven,historically_calibrated,0.831364,0.141332,6.6527,6.7344,0.0816,0.0
4832,7,21,8,weather_driven,historically_calibrated,1.003714,0.170631,7.5543,7.6535,0.0985,0.0007
4833,7,21,9,weather_driven,historically_calibrated,1.144599,0.194582,8.2237,8.5485,0.3136,0.0111
4834,7,21,10,weather_driven,historically_calibrated,1.175259,0.199794,8.3624,8.9476,0.5547,0.0306
4835,7,21,11,weather_driven,historically_calibrated,1.110731,0.188824,8.0677,8.8604,0.6571,0.1356
4836,7,21,12,weather_driven,historically_calibrated,1.057914,0.179845,7.8184,8.5859,0.4666,0.3009
4837,7,21,13,weather_driven,historically_calibrated,1.104626,0.187786,8.0393,8.8527,0.2488,0.5645
4838,7,21,14,weather_driven,historically_calibrated,1.161504,0.197456,8.3004,9.231,0.4925,0.4381
4839,7,21,15,weather_driven,historically_calibrated,1.249875,0.212479,8.6903,9.355,0.5106,0.1541
4840,7,21,16,weather_driven,historically_calibrated,1.219977,0.207396,8.5605,9.168,0.2424,0.3652
4841,7,21,17,weather_driven,historically_calibrated,1.257914,0.213845,8.7248,9.2372,0.3383,0.1741
4842,7,21,18,weather_driven,historically_calibrated,1.291119,0.21949,8.866,9.2401,0.2709,0.1032
4843,7,21,19,weather_driven,historically_calibrated,1.264705,0.215,8.7539,8.9551,0.1464,0.0548
4844,7,21,20,weather_driven,historically_calibrated,1.236563,0.210216,8.6327,8.6805,0.0454,0.0024
4845,7,21,21,weather_driven,historically_calibrated,1.120148,0.190425,8.1114,8.1166,0.0052,0.0
4846,7,21,22,weather_driven,historically_calibrated,1.006042,0.171027,7.5658,7.5658,0.0,0.0
4847,7,21,23,weather_driven,historically_calibrated,0.928219,0.157797,7.1716,7.1716,0.0,0.0
4848,7,21,24,weather_driven,historically_calibrated,0.628413,0.10683,5.4448,5.4448,0.0,0.0
4849,7,22,1,weather_driven,historically_calibrated,0.574786,0.097714,5.0932,5.0932,0.0,0.0
4850,7,22,2,weather_driven,historically_calibrated,0.575341,0.097808,5.0969,5.0969,0.0,0.0
4851,7,22,3,weather_driven,historically_calibrated,0.577337,0.098147,5.1103,5.1103,0.0,0.0
4852,7,22,4,weather_driven,historically_calibrated,0.583071,0.099122,5.1485,5.1485,0.0,0.0
4853,7,22,5,weather_driven,historically_calibrated,0.596124,0.101341,5.2349,5.2349,0.0,0.0
4854,7,22,6,weather_driven,historically_calibrated,0.614134,0.104403,5.3526,5.3863,0.0337,0.0
4855,7,22,7,weather_driven,historically_calibrated,0.819897,0.139383,6.5891,6.7031,0.114,0.0
4856,7,22,8,weather_driven,historically_calibrated,0.873158,0.148437,6.8807,7.1075,0.2268,0.0
4857,7,22,9,weather_driven,historically_calibrated,0.966399,0.164288,7.3674,7.7368,0.3694,0.0
4858,7,22,10,weather_driven,historically_calibrated,1.019303,0.173282,7.6312,8.2403,0.6091,0.0
4859,7,22,11,weather_driven,historically_calibrated,1.030137,0.175123,7.6841,8.4838,0.7996,0.0
4860,7,22,12,weather_driven,historically_calibrated,1.038248,0.176502,7.7236,8.6165,0.8929,0.0
4861,7,22,13,weather_driven,historically_calibrated,1.087106,0.184808,7.9571,8.8527,0.8955,0.0
4862,7,22,14,weather_driven,historically_calibrated,1.14699,0.194988,8.2346,9.0783,0.8437,0.0
4863,7,22,15,weather_driven,historically_calibrated,1.260642,0.214309,8.7365,9.4804,0.7439,0.0
4864,7,22,16,weather_driven,historically_calibrated,1.337201,0.227324,9.058,9.6243,0.5664,0.0
4865,7,22,17,weather_driven,historically_calibrated,1.461575,0.248468,9.5546,9.9836,0.429,0.0
4866,7,22,18,weather_driven,historically_calibrated,1.547154,0.263016,9.8795,10.1841,0.3046,0.0
4867,7,22,19,weather_driven,historically_calibrated,1.413356,0.240271,9.3656,9.5561,0.1905,0.0
4868,7,22,20,weather_driven,historically_calibrated,1.325726,0.225373,9.0106,9.1,0.0894,0.0
4869,7,22,21,weather_driven,historically_calibrated,1.200403,0.204069,8.4743,8.4897,0.013,0.0024
4870,7,22,22,weather_driven,historically_calibrated,1.05283,0.178981,7.794,7.859,0.0,0.065
4871,7,22,23,weather_driven,historically_calibrated,0.920404,0.156469,7.131,7.2342,0.0,0.1032
4872,7,22,24,weather_driven,historically_calibrated,0.633359,0.107671,5.4764,5.5951,0.0,0.1187
4873,7,23,1,weather_driven,historically_calibrated,0.621531,0.10566,5.4005,5.5361,0.0,0.1356
4874,7,23,2,weather_driven,historically_calibrated,0.629381,0.106995,5.451,5.5401,0.0,0.0892
4875,7,23,3,weather_driven,historically_calibrated,0.638465,0.108539,5.509,5.5546,0.0,0.0457
4876,7,23,4,weather_driven,historically_calibrated,0.648357,0.110221,5.5717,5.5962,0.0,0.0245
4877,7,23,5,weather_driven,historically_calibrated,0.667187,0.113422,5.6898,5.6901,0.0,0.0003
4878,7,23,6,weather_driven,historically_calibrated,0.687991,0.116959,5.8183,5.8547,0.0363,0.0001
4879,7,23,7,weather_driven,historically_calibrated,1.048055,0.178169,7.771,7.898,0.127,0.0
4880,7,23,8,weather_driven,historically_calibrated,1.269007,0.215731,8.7723,9.0173,0.2449,0.0001
4881,7,23,9,weather_driven,historically_calibrated,1.417899,0.241043,9.3836,9.7859,0.3966,0.0057
4882,7,23,10,weather_driven,historically_calibrated,1.458359,0.247921,9.5421,10.1101,0.5599,0.0081
4883,7,23,11,weather_driven,historically_calibrated,1.486863,0.252767,9.652,10.3815,0.705,0.0245
4884,7,23,12,weather_driven,historically_calibrated,1.46148,0.248452,9.5542,10.3979,0.8061,0.0376
4885,7,23,13,weather_driven,historically_calibrated,1.506833,0.256162,9.728,10.643,0.8774,0.0376
4886,7,23,14,weather_driven,historically_calibrated,1.5781,0.268277,9.9939,10.8967,0.8722,0.0306
4887,7,23,15,weather_driven,historically_calibrated,1.678333,0.285317,10.3537,11.157,0.7841,0.0193
4888,7,23,16,weather_driven,historically_calibrated,1.76722,0.300427,10.66,11.3469,0.6493,0.0376
4889,7,23,17,weather_driven,historically_calibrated,1.737751,0.295418,10.5597,11.2573,0.4782,0.2194
4890,7,23,18,weather_driven,historically_calibrated,1.588079,0.269973,10.0304,10.9556,0.3136,0.6116
4891,7,23,19,weather_driven,historically_calibrated,1.426304,0.242472,9.4168,10.3103,0.1801,0.7133
4892,7,23,20,weather_driven,historically_calibrated,1.331579,0.226369,9.0348,9.5493,0.0765,0.4381
4893,7,23,21,weather_driven,historically_calibrated,1.20447,0.20476,8.4923,8.7486,0.0117,0.2447
4894,7,23,22,weather_driven,historically_calibrated,1.069913,0.181885,7.8757,8.0113,0.0,0.1356
4895,7,23,23,weather_driven,historically_calibrated,0.970998,0.16507,7.3907,7.4213,0.0,0.0306
4896,7,23,24,weather_driven,historically_calibrated,0.690568,0.117397,5.8341,5.8365,0.0,0.0024
4897,7,24,1,weather_driven,historically_calibrated,0.642726,0.109263,5.5361,5.5361,0.0,0.0
4898,7,24,2,weather_driven,historically_calibrated,0.643363,0.109372,5.5401,5.5401,0.0,0.0
4899,7,24,3,weather_driven,historically_calibrated,0.645654,0.109761,5.5546,5.5546,0.0,0.0
4900,7,24,4,weather_driven,historically_calibrated,0.652238,0.11088,5.5962,5.5962,0.0,0.0
4901,7,24,5,weather_driven,historically_calibrated,0.667234,0.11343,5.6901,5.6901,0.0,0.0
4902,7,24,6,weather_driven,historically_calibrated,0.689062,0.117141,5.8249,5.8547,0.0298,0.0
4903,7,24,7,weather_driven,historically_calibrated,0.929029,0.157935,7.1758,7.286,0.1102,0.0
4904,7,24,8,weather_driven,historically_calibrated,1.010897,0.171852,7.5898,7.8303,0.2398,0.0007
4905,7,24,9,weather_driven,historically_calibrated,1.107596,0.188291,8.0531,8.4801,0.4121,0.0148
4906,7,24,10,weather_driven,historically_calibrated,1.179838,0.200573,8.3829,8.9219,0.5145,0.0245
4907,7,24,11,weather_driven,historically_calibrated,1.221256,0.207614,8.5661,9.1532,0.5858,0.0014
4908,7,24,12,weather_driven,historically_calibrated,1.246749,0.211947,8.6768,9.4324,0.7556,0.0
4909,7,24,13,weather_driven,historically_calibrated,1.290108,0.219318,8.8617,9.7871,0.9253,0.0
4910,7,24,14,weather_driven,historically_calibrated,1.370627,0.233007,9.1944,10.1664,0.972,0.0
4911,7,24,15,weather_driven,historically_calibrated,1.535838,0.261092,9.8373,10.6798,0.8411,0.0014
4912,7,24,16,weather_driven,historically_calibrated,1.672069,0.284252,10.3317,10.9926,0.661,0.0
4913,7,24,17,weather_driven,historically_calibrated,1.638182,0.278491,10.2115,10.7411,0.4264,0.1032
4914,7,24,18,weather_driven,historically_calibrated,1.52032,0.258454,9.779,10.4996,0.2825,0.4381
4915,7,24,19,weather_driven,historically_calibrated,1.53557,0.261047,9.8363,10.0797,0.1542,0.0892
4916,7,24,20,weather_driven,historically_calibrated,1.451015,0.246672,9.5136,9.6253,0.0661,0.0457
4917,7,24,21,weather_driven,historically_calibrated,1.358483,0.230942,9.1451,9.1542,0.0091,0.0
4918,7,24,22,weather_driven,historically_calibrated,1.231741,0.209396,8.6118,8.6132,0.0,0.0014
4919,7,24,23,weather_driven,historically_calibrated,1.124782,0.191213,8.1328,8.1352,0.0,0.0024
4920,7,24,24,weather_driven,historically_calibrated,0.778287,0.132309,6.3537,6.354,0.0,0.0003
4921,7,25,1,weather_driven,historically_calibrated,0.717755,0.122018,5.9987,6.0011,0.0,0.0024
4922,7,25,2,weather_driven,historically_calibrated,0.676009,0.114922,5.7446,5.747,0.0,0.0024
4923,7,25,3,weather_driven,historically_calibrated,0.64971,0.110451,5.5803,5.5806,0.0,0.0003
4924,7,25,4,weather_driven,historically_calibrated,0.652238,0.11088,5.5962,5.5962,0.0,0.0
4925,7,25,5,weather_driven,historically_calibrated,0.667236,0.11343,5.6901,5.6901,0.0,0.0
4926,7,25,6,weather_driven,historically_calibrated,0.689487,0.117213,5.8275,5.8547,0.0272,0.0
4927,7,25,7,weather_driven,historically_calibrated,0.9894,0.168198,7.4831,7.592,0.1089,0.0
4928,7,25,8,weather_driven,historically_calibrated,1.094131,0.186002,7.9902,8.1794,0.1892,0.0
4929,7,25,9,weather_driven,historically_calibrated,1.182637,0.201048,8.3954,8.7272,0.3318,0.0
4930,7,25,10,weather_driven,historically_calibrated,1.216348,0.206779,8.5446,9.0617,0.5171,0.0
4931,7,25,11,weather_driven,historically_calibrated,1.25325,0.213053,8.7048,9.2556,0.5508,0.0
4932,7,25,12,weather_driven,historically_calibrated,1.245222,0.211688,8.6702,9.3325,0.6623,0.0
4933,7,25,13,weather_driven,historically_calibrated,1.249719,0.212452,8.6896,9.3591,0.6584,0.0111
4934,7,25,14,weather_driven,historically_calibrated,1.359325,0.231085,9.1486,9.6686,0.5197,0.0003
4935,7,25,15,weather_driven,historically_calibrated,1.425009,0.242252,9.4117,10.1344,0.7115,0.0111
4936,7,25,16,weather_driven,historically_calibrated,1.591935,0.270629,10.0445,10.7446,0.6545,0.0457
4937,7,25,17,weather_driven,historically_calibrated,1.737859,0.295436,10.5601,11.0361,0.4679,0.0081
4938,7,25,18,weather_driven,historically_calibrated,1.802495,0.306424,10.7784,11.1076,0.2916,0.0376
4939,7,25,19,weather_driven,historically_calibrated,1.555889,0.264501,9.912,10.0797,0.162,0.0057
4940,7,25,20,weather_driven,historically_calibrated,1.437288,0.244339,9.46,9.5493,0.0855,0.0038
4941,7,25,21,weather_driven,historically_calibrated,1.295428,0.220223,8.8841,8.8961,0.0117,0.0003
4942,7,25,22,weather_driven,historically_calibrated,1.09834,0.186718,8.0099,8.0113,0.0,0.0014
4943,7,25,23,weather_driven,historically_calibrated,0.950267,0.161545,7.2853,7.2853,0.0,0.0
4944,7,25,24,weather_driven,historically_calibrated,0.690337,0.117357,5.8327,5.8365,0.0,0.0038
4945,7,26,1,weather_driven,historically_calibrated,0.642348,0.109199,5.5337,5.5361,0.0,0.0024
4946,7,26,2,weather_driven,historically_calibrated,0.643252,0.109353,5.5394,5.5401,0.0,0.0007
4947,7,26,3,weather_driven,historically_calibrated,0.645654,0.109761,5.5546,5.5546,0.0,0.0
4948,7,26,4,weather_driven,historically_calibrated,0.652239,0.110881,5.5962,5.5962,0.0,0.0
4949,7,26,5,weather_driven,historically_calibrated,0.667236,0.11343,5.6901,5.6901,0.0,0.0
4950,7,26,6,weather_driven,historically_calibrated,0.689487,0.117213,5.8275,5.8547,0.0272,0.0
4951,7,26,7,weather_driven,historically_calibrated,0.975844,0.165894,7.4151,7.524,0.1089,0.0
4952,7,26,8,weather_driven,historically_calibrated,1.151507,0.195756,8.2551,8.4936,0.2385,0.0
4953,7,26,9,weather_driven,historically_calibrated,1.32445,0.225156,9.0053,9.433,0.4277,0.0
4954,7,26,10,weather_driven,historically_calibrated,1.402786,0.238474,9.3236,9.9703,0.6467,0.0
4955,7,26,11,weather_driven,historically_calibrated,1.453902,0.247163,9.5248,10.3815,0.8567,0.0
4956,7,26,12,weather_driven,historically_calibrated,1.453396,0.247077,9.5228,10.5311,1.0083,0.0
4957,7,26,13,weather_driven,historically_calibrated,1.517605,0.257993,9.7688,10.8406,1.0718,0.0
4958,7,26,14,weather_driven,historically_calibrated,1.643425,0.279382,10.2302,11.2618,1.0316,0.0
4959,7,26,15,weather_driven,historically_calibrated,1.800042,0.306007,10.7703,11.6684,0.8981,0.0
4960,7,26,16,weather_driven,historically_calibrated,2.016398,0.342788,11.4619,12.1617,0.6998,0.0
4961,7,26,17,weather_driven,historically_calibrated,2.246511,0.381907,12.1383,12.6217,0.4834,0.0
4962,7,26,18,weather_driven,historically_calibrated,2.317997,0.39406,12.3375,12.6278,0.2903,0.0
4963,7,26,19,weather_driven,historically_calibrated,2.069005,0.351731,11.6216,11.7706,0.149,0.0
4964,7,26,20,weather_driven,historically_calibrated,1.89566,0.322262,11.0832,11.1454,0.0622,0.0
4965,7,26,21,weather_driven,historically_calibrated,1.722372,0.292803,10.5069,10.5184,0.0091,0.0024
4966,7,26,22,weather_driven,historically_calibrated,1.517041,0.257897,9.7667,9.7815,0.0,0.0148
4967,7,26,23,weather_driven,historically_calibrated,1.321885,0.22472,8.9947,9.0192,0.0,0.0245
4968,7,26,24,weather_driven,historically_calibrated,0.848638,0.144268,6.7477,6.7626,0.0,0.0148
4969,7,27,1,weather_driven,historically_calibrated,0.731379,0.124335,6.08,6.1045,0.0,0.0245
4970,7,27,2,weather_driven,historically_calibrated,0.707001,0.12019,5.934,5.9796,0.0,0.0457
4971,7,27,3,weather_driven,historically_calibrated,0.666525,0.113309,5.6857,5.7102,0.0,0.0245
4972,7,27,4,weather_driven,historically_calibrated,0.654562,0.111276,5.6108,5.6484,0.0,0.0376
4973,7,27,5,weather_driven,historically_calibrated,0.684745,0.116407,5.7984,5.8229,0.0,0.0245
4974,7,27,6,weather_driven,historically_calibrated,0.813433,0.138284,6.5529,6.5924,0.0246,0.0148
4975,7,27,7,weather_driven,historically_calibrated,1.394153,0.237006,9.2891,9.3941,0.1011,0.0038
4976,7,27,8,weather_driven,historically_calibrated,1.792268,0.304686,10.7443,10.9724,0.2281,0.0
4977,7,27,9,weather_driven,historically_calibrated,2.120956,0.360563,11.7762,12.1857,0.4095,0.0
4978,7,27,10,weather_driven,historically_calibrated,2.273956,0.386572,12.2153,12.8361,0.6208,0.0
4979,7,27,11,weather_driven,historically_calibrated,2.227508,0.378676,12.0845,12.9062,0.8217,0.0
4980,7,27,12,weather_driven,historically_calibrated,2.218066,0.377071,12.0576,13.0284,0.9707,0.0
4981,7,27,13,weather_driven,historically_calibrated,2.369095,0.402746,12.4769,13.5072,1.0303,0.0
4982,7,27,14,weather_driven,historically_calibrated,2.476488,0.421003,12.7624,13.7513,0.9888,0.0
4983,7,27,15,weather_driven,historically_calibrated,2.702223,0.459378,13.3318,14.191,0.8592,0.0
4984,7,27,16,weather_driven,historically_calibrated,2.991822,0.50861,14.0084,14.6771,0.6687,0.0
4985,7,27,17,weather_driven,historically_calibrated,3.196901,0.543473,14.4556,14.9079,0.4523,0.0
4986,7,27,18,weather_driven,historically_calibrated,2.943314,0.500363,13.8989,14.1859,0.2722,0.0148
4987,7,27,19,weather_driven,historically_calibrated,2.309758,0.392659,12.3147,12.6545,0.1439,0.1959
4988,7,27,20,weather_driven,historically_calibrated,2.017833,0.343032,11.4663,11.8294,0.0622,0.3009
4989,7,27,21,weather_driven,historically_calibrated,1.806515,0.307107,10.7918,11.0714,0.0078,0.2718
4990,7,27,22,weather_driven,historically_calibrated,1.671193,0.284103,10.3286,10.3833,0.0,0.0548
4991,7,27,23,weather_driven,historically_calibrated,1.524672,0.259194,9.7954,9.8011,0.0,0.0057
4992,7,27,24,weather_driven,historically_calibrated,1.010459,0.171778,7.5877,7.6069,0.0,0.0193
4993,7,28,1,weather_driven,historically_calibrated,0.768712,0.130681,6.2986,6.3292,0.0,0.0306
4994,7,28,2,weather_driven,historically_calibrated,0.75698,0.128687,6.2305,6.2386,0.0,0.0081
4995,7,28,3,weather_driven,historically_calibrated,0.742519,0.126228,6.1458,6.1834,0.0,0.0376
4996,7,28,4,weather_driven,historically_calibrated,0.71661,0.121824,5.9918,6.0375,0.0,0.0457
4997,7,28,5,weather_driven,historically_calibrated,0.713466,0.121289,5.973,5.9922,0.0,0.0193
4998,7,28,6,weather_driven,historically_calibrated,0.724612,0.123184,6.0397,6.2158,0.022,0.1541
4999,7,28,7,weather_driven,historically_calibrated,1.128766,0.19189,8.1512,8.2984,0.0441,0.1032
5000,7,28,8,weather_driven,historically_calibrated,1.194512,0.203067,8.4482,8.7135,0.162,0.1032
5001,7,28,9,weather_driven,historically_calibrated,1.285397,0.218517,8.8418,9.1654,0.1879,0.1356
5002,7,28,10,weather_driven,historically_calibrated,1.153881,0.19616,8.2659,8.9155,0.3486,0.3009
5003,7,28,11,weather_driven,historically_calibrated,1.208972,0.205525,8.5122,9.3312,0.381,0.4381
5004,7,28,12,weather_driven,historically_calibrated,0.982904,0.167094,7.4506,8.6165,0.6013,0.5645
5005,7,28,13,weather_driven,historically_calibrated,0.699194,0.118863,5.8867,8.0955,0.5495,1.6593
5006,7,28,14,weather_driven,historically_calibrated,0.66704,0.113397,5.6889,7.2766,0.3551,1.2326
5007,7,28,15,weather_driven,historically_calibrated,0.666025,0.113224,5.6826,7.2223,0.3072,1.2326
5008,7,28,16,weather_driven,historically_calibrated,0.761358,0.129431,6.256,7.3754,0.2333,0.8861
5009,7,28,17,weather_driven,historically_calibrated,0.855295,0.1454,6.784,8.2534,0.1581,1.3112
5010,7,28,18,weather_driven,historically_calibrated,0.936811,0.159258,7.2161,8.2262,0.2968,0.7133
5011,7,28,19,weather_driven,historically_calibrated,0.98644,0.167695,7.4683,7.8944,0.1814,0.2447
5012,7,28,20,weather_driven,historically_calibrated,0.850295,0.14455,6.7568,7.4918,0.0739,0.6611
5013,7,28,21,weather_driven,historically_calibrated,0.919302,0.156281,7.1252,7.2686,0.0078,0.1356
5014,7,28,22,weather_driven,historically_calibrated,0.884585,0.150379,6.9419,6.9796,0.0,0.0376
5015,7,28,23,weather_driven,historically_calibrated,0.838353,0.14252,6.6913,6.7024,0.0,0.0111
5016,7,28,24,weather_driven,historically_calibrated,0.615496,0.104634,5.3615,5.3696,0.0,0.0081
5017,7,29,1,weather_driven,historically_calibrated,0.563428,0.095783,5.0168,5.0932,0.0,0.0764
5018,7,29,2,weather_driven,historically_calibrated,0.563978,0.095876,5.0205,5.0969,0.0,0.0764
5019,7,29,3,weather_driven,historically_calibrated,0.565955,0.096212,5.0338,5.1103,0.0,0.0764
5020,7,29,4,weather_driven,historically_calibrated,0.588618,0.100065,5.1853,5.2618,0.0,0.0764
5021,7,29,5,weather_driven,historically_calibrated,0.59364,0.100919,5.2185,5.2733,0.0,0.0548
5022,7,29,6,weather_driven,historically_calibrated,0.61054,0.103792,5.3293,5.3863,0.0194,0.0376
5023,7,29,7,weather_driven,historically_calibrated,0.818063,0.139071,6.5788,6.7031,0.0998,0.0245
5024,7,29,8,weather_driven,historically_calibrated,0.821596,0.139671,6.5985,6.8827,0.2294,0.0548
5025,7,29,9,weather_driven,historically_calibrated,0.81325,0.138253,6.5519,6.99,0.4005,0.0376
5026,7,29,10,weather_driven,historically_calibrated,0.859337,0.146087,6.806,7.4365,0.6156,0.0148
5027,7,29,11,weather_driven,historically_calibrated,0.870697,0.148019,6.8675,7.6677,0.7854,0.0148
5028,7,29,12,weather_driven,historically_calibrated,0.868182,0.147591,6.8539,7.7894,0.9163,0.0193
5029,7,29,13,weather_driven,historically_calibrated,0.857869,0.145838,6.798,7.8532,0.9901,0.065
5030,7,29,14,weather_driven,historically_calibrated,0.895618,0.152255,7.0006,8.0706,0.9513,0.1187
5031,7,29,15,weather_driven,historically_calibrated,0.9521,0.161857,7.2946,8.4141,0.8748,0.2447
5032,7,29,16,weather_driven,historically_calibrated,0.873285,0.148458,6.8814,8.125,0.6791,0.5645
5033,7,29,17,weather_driven,historically_calibrated,0.90024,0.153041,7.0251,8.0838,0.4471,0.6116
5034,7,29,18,weather_driven,historically_calibrated,0.863717,0.146832,6.8298,7.8766,0.2786,0.7682
5035,7,29,19,weather_driven,historically_calibrated,0.862301,0.146591,6.8221,7.5762,0.1426,0.6116
5036,7,29,20,weather_driven,historically_calibrated,0.901727,0.153294,7.0329,7.4918,0.0583,0.4005
5037,7,29,21,weather_driven,historically_calibrated,0.916016,0.155723,7.108,7.2686,0.0065,0.1541
5038,7,29,22,weather_driven,historically_calibrated,0.87496,0.148743,6.8904,6.9796,0.0,0.0892
5039,7,29,23,weather_driven,historically_calibrated,0.834826,0.14192,6.6719,6.7024,0.0,0.0306
5040,7,29,24,weather_driven,historically_calibrated,0.612974,0.104206,5.3451,5.3696,0.0,0.0245
5041,7,30,1,weather_driven,historically_calibrated,0.640972,0.108965,5.5249,5.5361,0.0,0.0111
5042,7,30,2,weather_driven,historically_calibrated,0.639509,0.108717,5.5156,5.5401,0.0,0.0245
5043,7,30,3,weather_driven,historically_calibrated,0.639728,0.108754,5.517,5.5546,0.0,0.0376
5044,7,30,4,weather_driven,historically_calibrated,0.649886,0.110481,5.5814,5.5962,0.0,0.0148
5045,7,30,5,weather_driven,historically_calibrated,0.667187,0.113422,5.6898,5.6901,0.0,0.0003
5046,7,30,6,weather_driven,historically_calibrated,0.690318,0.117354,5.8326,5.8547,0.0207,0.0014
5047,7,30,7,weather_driven,historically_calibrated,0.927514,0.157677,7.168,7.286,0.1179,0.0001
5048,7,30,8,weather_driven,historically_calibrated,0.942224,0.160178,7.244,7.4812,0.2372,0.0
5049,7,30,9,weather_driven,historically_calibrated,0.92636,0.157481,7.162,7.5625,0.3992,0.0014
5050,7,30,10,weather_driven,historically_calibrated,0.981027,0.166775,7.4412,7.9783,0.5314,0.0057
5051,7,30,11,weather_driven,historically_calibrated,1.02559,0.17435,7.6619,8.3344,0.648,0.0245
5052,7,30,12,weather_driven,historically_calibrated,1.045813,0.177788,7.7602,8.5334,0.7426,0.0306
5053,7,30,13,weather_driven,historically_calibrated,1.048951,0.178322,7.7753,8.7007,0.8878,0.0376
5054,7,30,14,weather_driven,historically_calibrated,1.144596,0.194581,8.2237,9.0711,0.8281,0.0193
5055,7,30,15,weather_driven,historically_calibrated,1.220741,0.207526,8.5638,9.3503,0.7672,0.0193
5056,7,30,16,weather_driven,historically_calibrated,1.32197,0.224735,8.995,9.6464,0.6208,0.0306
5057,7,30,17,weather_driven,historically_calibrated,1.381834,0.234912,9.2397,9.7455,0.451,0.0548
5058,7,30,18,weather_driven,historically_calibrated,1.359353,0.23109,9.1487,9.5875,0.3033,0.1356
5059,7,30,19,weather_driven,historically_calibrated,1.2807,0.217719,8.822,9.2726,0.1788,0.2718
5060,7,30,20,weather_driven,historically_calibrated,1.235967,0.210114,8.6301,8.7893,0.07,0.0892
5061,7,30,21,weather_driven,historically_calibrated,1.123496,0.190994,8.1269,8.3062,0.0052,0.1741
5062,7,30,22,weather_driven,historically_calibrated,1.051261,0.178714,7.7864,7.9405,0.0,0.1541
5063,7,30,23,weather_driven,historically_calibrated,0.956686,0.162637,7.318,7.4213,0.0,0.1032
5064,7,30,24,weather_driven,historically_calibrated,0.671694,0.114188,5.7178,5.8365,0.0,0.1187
5065,7,31,1,weather_driven,historically_calibrated,0.615571,0.104647,5.3619,5.5361,0.0,0.1741
5066,7,31,2,weather_driven,historically_calibrated,0.609232,0.103569,5.3208,5.5401,0.0,0.2194
5067,7,31,3,weather_driven,historically_calibrated,0.624411,0.10615,5.419,5.5546,0.0,0.1356
5068,7,31,4,weather_driven,historically_calibrated,0.640158,0.108827,5.5198,5.5962,0.0,0.0764
5069,7,31,5,weather_driven,historically_calibrated,0.659923,0.112187,5.6445,5.6901,0.0,0.0457
5070,7,31,6,weather_driven,historically_calibrated,0.681203,0.115805,5.7766,5.8547,0.0233,0.0548
5071,7,31,7,weather_driven,historically_calibrated,0.917765,0.15602,7.1172,7.286,0.114,0.0548
5072,7,31,8,weather_driven,historically_calibrated,0.976709,0.16604,7.4195,7.6906,0.2255,0.0457
5073,7,31,9,weather_driven,historically_calibrated,1.108206,0.188395,8.056,8.4448,0.3512,0.0376
5074,7,31,10,weather_driven,historically_calibrated,1.184847,0.201424,8.4052,8.9568,0.521,0.0306
5075,7,31,11,weather_driven,historically_calibrated,1.206411,0.20509,8.5009,9.2215,0.683,0.0376
5076,7,31,12,weather_driven,historically_calibrated,1.254924,0.213337,8.712,9.4989,0.7413,0.0457
5077,7,31,13,weather_driven,historically_calibrated,1.265013,0.215052,8.7552,9.7542,0.9098,0.0892
5078,7,31,14,weather_driven,historically_calibrated,1.392178,0.23667,9.2812,10.1996,0.8152,0.1032
5079,7,31,15,weather_driven,historically_calibrated,1.492999,0.25381,9.6754,10.6116,0.762,0.1741
5080,7,31,16,weather_driven,historically_calibrated,1.619121,0.275251,10.1431,11.0635,0.5884,0.332
5081,7,31,17,weather_driven,historically_calibrated,1.770693,0.301018,10.6717,11.5154,0.4056,0.4381
5082,7,31,18,weather_driven,historically_calibrated,1.794214,0.305016,10.7508,11.5637,0.2929,0.52
5083,7,31,19,weather_driven,historically_calibrated,1.684804,0.286417,10.3764,11.002,0.1477,0.4779
5084,7,31,20,weather_driven,historically_calibrated,1.654927,0.281338,10.2711,10.5754,0.0596,0.2447
5085,7,31,21,weather_driven,historically_calibrated,1.469902,0.249883,9.5868,9.8916,0.0039,0.3009
5086,7,31,22,weather_driven,historically_calibrated,1.181275,0.200817,8.3893,9.215,0.0,0.8257
5087,7,31,23,weather_driven,historically_calibrated,1.020913,0.173555,7.639,8.4072,0.0,0.7682
5088,7,31,24,weather_driven,historically_calibrated,0.676461,0.114998,5.7473,6.4085,0.0,0.6611
5089,8,1,1,weather_driven,historically_calibrated,0.608564,0.103456,5.3164,5.7169,0.0,0.4005
5090,8,1,2,weather_driven,historically_calibrated,0.609118,0.10355,5.32,5.5918,0.0,0.2718
5091,8,1,3,weather_driven,historically_calibrated,0.60758,0.103289,5.31,5.5546,0.0,0.2447
5092,8,1,4,weather_driven,historically_calibrated,0.613969,0.104375,5.3516,5.5962,0.0,0.2447
5093,8,1,5,weather_driven,historically_calibrated,0.645634,0.109758,5.5545,5.6901,0.0,0.1356
5094,8,1,6,weather_driven,historically_calibrated,0.671285,0.114118,5.7153,5.8547,0.0207,0.1187
5095,8,1,7,weather_driven,historically_calibrated,1.017663,0.173003,7.6231,7.83,0.1037,0.1032
5096,8,1,8,weather_driven,historically_calibrated,1.163027,0.197715,8.3073,8.7031,0.2216,0.1741
5097,8,1,9,weather_driven,historically_calibrated,1.298958,0.220823,8.899,9.4683,0.3499,0.2194
5098,8,1,10,weather_driven,historically_calibrated,1.370885,0.23305,9.1955,10.0402,0.4795,0.3652
5099,8,1,11,weather_driven,historically_calibrated,1.346247,0.228862,9.0951,10.3132,0.6065,0.6116
5100,8,1,12,weather_driven,historically_calibrated,1.329336,0.225987,9.0255,10.2981,0.661,0.6116
5101,8,1,13,weather_driven,historically_calibrated,1.313014,0.223212,8.9578,10.5114,0.6674,0.8861
5102,8,1,14,weather_driven,historically_calibrated,1.311195,0.222903,8.9502,10.7307,0.6234,1.1571
5103,8,1,15,weather_driven,historically_calibrated,1.367989,0.232558,9.1838,10.9866,0.5702,1.2326
5104,8,1,16,weather_driven,historically_calibrated,1.500823,0.25514,9.7052,11.3823,0.4445,1.2326
5105,8,1,17,weather_driven,historically_calibrated,1.612144,0.274064,10.1179,11.7367,0.3862,1.2326
5106,8,1,18,weather_driven,historically_calibrated,1.73785,0.295434,10.5601,11.8297,0.254,1.0156
5107,8,1,19,weather_driven,historically_calibrated,1.712257,0.291084,10.472,11.2326,0.149,0.6116
5108,8,1,20,weather_driven,historically_calibrated,1.578039,0.268267,9.9937,10.7274,0.0726,0.6611
5109,8,1,21,weather_driven,historically_calibrated,1.414826,0.24052,9.3715,10.0391,0.0065,0.6611
5110,8,1,22,weather_driven,historically_calibrated,1.214654,0.206491,8.5371,9.2504,0.0,0.7133
5111,8,1,23,weather_driven,historically_calibrated,1.032142,0.175464,7.6939,8.4072,0.0,0.7133
5112,8,1,24,weather_driven,historically_calibrated,0.676833,0.115062,5.7496,6.463,0.0,0.7133
5113,8,2,1,weather_driven,historically_calibrated,0.654442,0.111255,5.6101,5.9753,0.0,0.3652
5114,8,2,2,weather_driven,historically_calibrated,0.587756,0.099919,5.1796,5.6177,0.0,0.4381
5115,8,2,3,weather_driven,historically_calibrated,0.598985,0.101827,5.2537,5.5546,0.0,0.3009
5116,8,2,4,weather_driven,historically_calibrated,0.624881,0.10623,5.4221,5.5962,0.0,0.1741
5117,8,2,5,weather_driven,historically_calibrated,0.64272,0.109262,5.536,5.6901,0.0,0.1541
5118,8,2,6,weather_driven,historically_calibrated,0.675839,0.114893,5.7435,5.8547,0.022,0.0892
5119,8,2,7,weather_driven,historically_calibrated,1.037566,0.176386,7.7202,7.898,0.1128,0.065
5120,8,2,8,weather_driven,historically_calibrated,1.215638,0.206658,8.5414,8.7729,0.2009,0.0306
5121,8,2,9,weather_driven,historically_calibrated,1.372704,0.23336,9.2028,9.5389,0.3279,0.0081
5122,8,2,10,weather_driven,historically_calibrated,1.587255,0.269833,10.0274,10.5295,0.4964,0.0057
5123,8,2,11,weather_driven,historically_calibrated,1.595783,0.271283,10.0585,10.825,0.7608,0.0057
5124,8,2,12,weather_driven,historically_calibrated,1.576393,0.267987,9.9876,10.8308,0.8126,0.0306
5125,8,2,13,weather_driven,historically_calibrated,1.675916,0.284906,10.3452,11.1698,0.7698,0.0548
5126,8,2,14,weather_driven,historically_calibrated,1.822191,0.309772,10.8438,11.5605,0.6791,0.0376
5127,8,2,15,weather_driven,historically_calibrated,1.933223,0.328648,11.2029,11.9752,0.7478,0.0245
5128,8,2,16,weather_driven,historically_calibrated,2.125604,0.361353,11.7899,12.4452,0.6441,0.0111
5129,8,2,17,weather_driven,historically_calibrated,2.326549,0.395513,12.361,12.8429,0.4575,0.0245
5130,8,2,18,weather_driven,historically_calibrated,2.407281,0.409238,12.5796,12.8938,0.2994,0.0148
5131,8,2,19,weather_driven,historically_calibrated,2.156511,0.366607,11.8804,12.0396,0.1568,0.0024
5132,8,2,20,weather_driven,historically_calibrated,2.03814,0.346484,11.5283,11.6014,0.0583,0.0148
5133,8,2,21,weather_driven,historically_calibrated,1.842894,0.313292,10.912,11.0346,0.0039,0.1187
5134,8,2,22,weather_driven,historically_calibrated,1.633261,0.277654,10.1939,10.3479,0.0,0.1541
5135,8,2,23,weather_driven,historically_calibrated,1.429026,0.242934,9.4275,9.5631,0.0,0.1356
5136,8,2,24,weather_driven,historically_calibrated,0.915612,0.155654,7.1059,7.2801,0.0,0.1741
5137,8,3,1,weather_driven,historically_calibrated,0.759776,0.129162,6.2468,6.4662,0.0,0.2194
5138,8,3,2,weather_driven,historically_calibrated,0.716889,0.121871,5.9935,6.2382,0.0,0.2447
5139,8,3,3,weather_driven,historically_calibrated,0.685412,0.11652,5.8025,6.0472,0.0,0.2447
5140,8,3,4,weather_driven,historically_calibrated,0.644386,0.109546,5.5466,5.7007,0.0,0.1541
5141,8,3,5,weather_driven,historically_calibrated,0.663492,0.112794,5.6668,5.7432,0.0,0.0764
5142,8,3,6,weather_driven,historically_calibrated,0.766191,0.130252,6.284,6.3465,0.0168,0.0457
5143,8,3,7,weather_driven,historically_calibrated,1.303273,0.221556,8.9171,9.02,0.0881,0.0148
5144,8,3,8,weather_driven,historically_calibrated,1.520016,0.258403,9.7779,9.9948,0.2112,0.0057
5145,8,3,9,weather_driven,historically_calibrated,1.733253,0.294653,10.5443,10.9505,0.3914,0.0148
5146,8,3,10,weather_driven,historically_calibrated,1.818878,0.309209,10.8329,11.4731,0.6026,0.0376
5147,8,3,11,weather_driven,historically_calibrated,1.816196,0.308753,10.824,11.7462,0.8035,0.1187
5148,8,3,12,weather_driven,historically_calibrated,1.759787,0.299164,10.6348,11.7964,0.9422,0.2194
5149,8,3,13,weather_driven,historically_calibrated,1.846628,0.313927,10.9242,12.1245,1.0044,0.1959
5150,8,3,14,weather_driven,historically_calibrated,1.957341,0.332748,11.2789,12.3904,0.9759,0.1356
5151,8,3,15,weather_driven,historically_calibrated,2.143541,0.364402,11.8425,12.7933,0.8476,0.1032
5152,8,3,16,weather_driven,historically_calibrated,2.440343,0.414858,12.6674,13.4017,0.6156,0.1187
5153,8,3,17,weather_driven,historically_calibrated,2.521404,0.428639,12.8789,13.6542,0.4432,0.332
5154,8,3,18,weather_driven,historically_calibrated,1.854276,0.315227,10.9492,13.6158,0.2592,2.4074
5155,8,3,19,weather_driven,historically_calibrated,1.473232,0.250449,9.5996,12.3855,0.1296,2.6563
5156,8,3,20,weather_driven,historically_calibrated,1.555328,0.264406,9.9099,11.7154,0.0505,1.755
5157,8,3,21,weather_driven,historically_calibrated,1.373345,0.233469,9.2054,10.7765,0.0039,1.5671
5158,8,3,22,weather_driven,historically_calibrated,1.193704,0.20293,8.4447,9.9231,0.0,1.4784
5159,8,3,23,weather_driven,historically_calibrated,1.031345,0.175329,7.69,9.2571,0.0,1.5671
5160,8,3,24,weather_driven,historically_calibrated,0.666526,0.113309,5.6857,7.2528,0.0,1.5671
5161,8,4,1,weather_driven,historically_calibrated,0.510503,0.086785,4.6508,6.0439,0.0,1.3932
5162,8,4,2,weather_driven,historically_calibrated,0.51029,0.086749,4.6493,5.8818,0.0,1.2326
5163,8,4,3,weather_driven,historically_calibrated,0.571207,0.097105,5.0692,5.7303,0.0,0.6611
5164,8,4,4,weather_driven,historically_calibrated,0.577153,0.098116,5.109,5.629,0.0,0.52
5165,8,4,5,weather_driven,historically_calibrated,0.563051,0.095719,5.0142,5.6258,0.0,0.6116
5166,8,4,6,weather_driven,historically_calibrated,0.555009,0.094352,4.9596,5.8639,0.0181,0.8861
5167,8,4,7,weather_driven,historically_calibrated,0.748312,0.127213,6.1798,7.6728,0.0998,1.3932
5168,8,4,8,weather_driven,historically_calibrated,0.761583,0.129469,6.2573,8.328,0.2164,1.8543
5169,8,4,9,weather_driven,historically_calibrated,0.902689,0.153457,7.038,9.068,0.3707,1.6593
5170,8,4,10,weather_driven,historically_calibrated,1.052146,0.178865,7.7907,9.5585,0.5352,1.2326
5171,8,4,11,weather_driven,historically_calibrated,1.119493,0.190314,8.1084,9.8334,0.6402,1.0848
5172,8,4,12,weather_driven,historically_calibrated,1.262185,0.214571,8.7431,10.2094,0.753,0.7133
5173,8,4,13,weather_driven,historically_calibrated,1.321891,0.224721,8.9947,10.6094,1.0031,0.6116
5174,8,4,14,weather_driven,historically_calibrated,1.398568,0.237756,9.3068,10.88,0.9616,0.6116
5175,8,4,15,weather_driven,historically_calibrated,1.451624,0.246776,9.5159,11.2367,0.8346,0.8861
5176,8,4,16,weather_driven,historically_calibrated,1.556318,0.264574,9.9136,11.6451,0.6467,1.0848
5177,8,4,17,weather_driven,historically_calibrated,1.719278,0.292277,10.4962,11.9512,0.4393,1.0156
5178,8,4,18,weather_driven,historically_calibrated,1.494392,0.254047,9.6807,11.8972,0.2592,1.9573
5179,8,4,19,weather_driven,historically_calibrated,1.303688,0.221627,8.9188,11.0057,0.1296,1.9573
5180,8,4,20,weather_driven,historically_calibrated,1.351344,0.229728,9.116,10.3237,0.0505,1.1571
5181,8,4,21,weather_driven,historically_calibrated,1.233006,0.209611,8.6173,9.5073,0.0039,0.8861
5182,8,4,22,weather_driven,historically_calibrated,1.031385,0.175335,7.6902,8.7058,0.0,1.0156
5183,8,4,23,weather_driven,historically_calibrated,0.863336,0.146767,6.8277,7.9848,0.0,1.1571
5184,8,4,24,weather_driven,historically_calibrated,0.555677,0.094465,4.9642,6.1213,0.0,1.1571
5185,8,5,1,weather_driven,historically_calibrated,0.480425,0.081672,4.4352,5.5923,0.0,1.1571
5186,8,5,2,weather_driven,historically_calibrated,0.415854,0.070695,3.9522,5.2634,0.0,1.3112
5187,8,5,3,weather_driven,historically_calibrated,0.396168,0.067349,3.799,5.1103,0.0,1.3112
5188,8,5,4,weather_driven,historically_calibrated,0.439566,0.074726,4.1329,5.1485,0.0,1.0156
5189,8,5,5,weather_driven,historically_calibrated,0.476848,0.081064,4.4092,5.2349,0.0,0.8257
5190,8,5,6,weather_driven,historically_calibrated,0.503899,0.085663,4.6039,5.3863,0.0143,0.7682
5191,8,5,7,weather_driven,historically_calibrated,0.726167,0.123448,6.049,6.7969,0.0868,0.6611
5192,8,5,8,weather_driven,historically_calibrated,0.854804,0.145317,6.7814,7.5572,0.2112,0.5645
5193,8,5,9,weather_driven,historically_calibrated,1.024688,0.174197,7.6575,8.3861,0.3966,0.332
5194,8,5,10,weather_driven,historically_calibrated,1.137634,0.193398,8.1919,9.1084,0.6156,0.3009
5195,8,5,11,weather_driven,historically_calibrated,1.187941,0.20195,8.419,9.6451,0.8256,0.4005
5196,8,5,12,weather_driven,historically_calibrated,1.146316,0.194874,8.2315,9.8724,0.9798,0.6611
5197,8,5,13,weather_driven,historically_calibrated,1.198242,0.203701,8.4648,10.2762,1.0433,0.7682
5198,8,5,14,weather_driven,historically_calibrated,1.256286,0.213569,8.7178,10.5441,1.0005,0.8257
5199,8,5,15,weather_driven,historically_calibrated,1.349827,0.229471,9.1098,10.8604,0.8644,0.8861
5200,8,5,16,weather_driven,historically_calibrated,1.432303,0.243491,9.4404,11.1888,0.6636,1.0848
5201,8,5,17,weather_driven,historically_calibrated,1.50939,0.256596,9.7377,11.578,0.4471,1.3932
5202,8,5,18,weather_driven,historically_calibrated,1.275427,0.216823,8.7996,10.9183,0.2644,1.8543
5203,8,5,19,weather_driven,historically_calibrated,1.156004,0.196521,8.2756,10.0865,0.1516,1.6593
5204,8,5,20,weather_driven,historically_calibrated,1.239835,0.210772,8.6469,9.9391,0.0596,1.2326
5205,8,5,21,weather_driven,historically_calibrated,1.179451,0.200507,8.3811,9.2699,0.0026,0.8861
5206,8,5,22,weather_driven,historically_calibrated,1.0179,0.173043,7.6243,8.5104,0.0,0.8861
5207,8,5,23,weather_driven,historically_calibrated,0.838497,0.142544,6.6921,7.5782,0.0,0.8861
5208,8,5,24,weather_driven,historically_calibrated,0.54037,0.091863,4.8593,5.7455,0.0,0.8861
5209,8,6,1,weather_driven,historically_calibrated,0.518959,0.088223,4.7103,5.5361,0.0,0.8257
5210,8,6,2,weather_driven,historically_calibrated,0.51096,0.086863,4.654,5.5401,0.0,0.8861
5211,8,6,3,weather_driven,historically_calibrated,0.513015,0.087213,4.6685,5.5546,0.0,0.8861
5212,8,6,4,weather_driven,historically_calibrated,0.527553,0.089684,4.7705,5.5962,0.0,0.8257
5213,8,6,5,weather_driven,historically_calibrated,0.549491,0.093414,4.922,5.6901,0.0,0.7682
5214,8,6,6,weather_driven,historically_calibrated,0.595207,0.101185,5.2289,5.8547,0.0143,0.6116
5215,8,6,7,weather_driven,historically_calibrated,0.820097,0.139417,6.5902,7.286,0.0842,0.6116
5216,8,6,8,weather_driven,historically_calibrated,0.861649,0.14648,6.8186,7.7954,0.2087,0.7682
5217,8,6,9,weather_driven,historically_calibrated,1.0064,0.171088,7.5676,8.7272,0.3914,0.7682
5218,8,6,10,weather_driven,historically_calibrated,1.085769,0.184581,7.9508,9.4461,0.6091,0.8861
5219,8,6,11,weather_driven,historically_calibrated,1.144861,0.194626,8.2249,9.8697,0.8191,0.8257
5220,8,6,12,weather_driven,historically_calibrated,1.22373,0.208034,8.5769,10.2648,0.9746,0.7133
5221,8,6,13,weather_driven,historically_calibrated,1.332937,0.226599,9.0404,10.643,1.0381,0.5645
5222,8,6,14,weather_driven,historically_calibrated,1.450823,0.24664,9.5128,11.0295,0.9966,0.52
5223,8,6,15,weather_driven,historically_calibrated,1.601279,0.272217,10.0785,11.6002,0.8605,0.6611
5224,8,6,16,weather_driven,historically_calibrated,1.798828,0.305801,10.7662,12.0909,0.6636,0.6611
5225,8,6,17,weather_driven,historically_calibrated,1.901762,0.3233,11.1028,12.4373,0.4484,0.8861
5226,8,6,18,weather_driven,historically_calibrated,1.886306,0.320672,11.0531,12.3997,0.2618,1.0848
5227,8,6,19,weather_driven,historically_calibrated,1.755573,0.298447,10.6205,11.5784,0.1322,0.8257
5228,8,6,20,weather_driven,historically_calibrated,1.491493,0.253554,9.6697,10.9554,0.0531,1.2326
5229,8,6,21,weather_driven,historically_calibrated,1.320398,0.224468,8.9885,10.0759,0.0026,1.0848
5230,8,6,22,weather_driven,historically_calibrated,1.213237,0.20625,8.5309,9.3566,0.0,0.8257
5231,8,6,23,weather_driven,historically_calibrated,1.074577,0.182678,7.8979,8.6112,0.0,0.7133
5232,8,6,24,weather_driven,historically_calibrated,0.685109,0.116469,5.8006,6.6264,0.0,0.8257
5233,8,7,1,weather_driven,historically_calibrated,0.581914,0.098925,5.1408,6.027,0.0,0.8861
5234,8,7,2,weather_driven,historically_calibrated,0.507278,0.086237,4.6279,5.6435,0.0,1.0156
5235,8,7,3,weather_driven,historically_calibrated,0.513015,0.087213,4.6685,5.5546,0.0,0.8861
5236,8,7,4,weather_driven,historically_calibrated,0.535845,0.091094,4.8281,5.5962,0.0,0.7682
5237,8,7,5,weather_driven,historically_calibrated,0.5726,0.097342,5.0785,5.6901,0.0,0.6116
5238,8,7,6,weather_driven,historically_calibrated,0.609184,0.103561,5.3204,5.8547,0.0143,0.52
5239,8,7,7,weather_driven,historically_calibrated,0.881229,0.149809,6.924,7.49,0.0881,0.4779
5240,8,7,8,weather_driven,historically_calibrated,1.035956,0.176112,7.7124,8.354,0.2035,0.4381
5241,8,7,9,weather_driven,historically_calibrated,1.209367,0.205592,8.5139,9.3624,0.3707,0.4779
5242,8,7,10,weather_driven,historically_calibrated,1.31754,0.223982,8.9766,10.1101,0.5689,0.5645
5243,8,7,11,weather_driven,historically_calibrated,1.375258,0.233794,9.2132,10.6885,0.762,0.7133
5244,8,7,12,weather_driven,historically_calibrated,1.406146,0.239045,9.337,10.964,0.9137,0.7133
5245,8,7,13,weather_driven,historically_calibrated,1.560624,0.265306,9.9295,11.4332,0.9837,0.52
5246,8,7,14,weather_driven,historically_calibrated,1.683952,0.286272,10.3734,11.7265,0.9526,0.4005
5247,8,7,15,weather_driven,historically_calibrated,1.888082,0.320974,11.0588,12.2138,0.823,0.332
5248,8,7,16,weather_driven,historically_calibrated,2.082282,0.353988,11.6614,12.6577,0.6312,0.3652
5249,8,7,17,weather_driven,historically_calibrated,2.257889,0.383841,12.1703,13.0642,0.416,0.4779
5250,8,7,18,weather_driven,historically_calibrated,2.409334,0.409587,12.5851,13.1978,0.2475,0.3652
5251,8,7,19,weather_driven,historically_calibrated,2.165288,0.368099,11.9059,12.3086,0.1309,0.2718
5252,8,7,20,weather_driven,historically_calibrated,1.969117,0.33475,11.3157,11.5634,0.0518,0.1959
5253,8,7,21,weather_driven,historically_calibrated,1.43929,0.244679,9.4678,10.5552,0.0026,1.0848
5254,8,7,22,weather_driven,historically_calibrated,1.217337,0.206947,8.5489,9.7815,0.0,1.2326
5255,8,7,23,weather_driven,historically_calibrated,1.049076,0.178343,7.7759,9.0872,0.0,1.3112
5256,8,7,24,weather_driven,historically_calibrated,0.646509,0.109907,5.56,6.9532,0.0,1.3932
5257,8,8,1,weather_driven,historically_calibrated,0.520073,0.088412,4.7182,6.2853,0.0,1.5671
5258,8,8,2,weather_driven,historically_calibrated,0.527746,0.089717,4.7718,6.0831,0.0,1.3112
5259,8,8,3,weather_driven,historically_calibrated,0.506913,0.086175,4.6253,5.7102,0.0,1.0848
5260,8,8,4,weather_driven,historically_calibrated,0.527553,0.089684,4.7705,5.5962,0.0,0.8257
5261,8,8,5,weather_driven,historically_calibrated,0.565237,0.09609,5.029,5.6901,0.0,0.6611
5262,8,8,6,weather_driven,historically_calibrated,0.602563,0.102436,5.2772,5.8547,0.013,0.5645
5263,8,8,7,weather_driven,historically_calibrated,0.904342,0.153738,7.0467,7.796,0.0881,0.6611
5264,8,8,8,weather_driven,historically_calibrated,1.054555,0.179274,7.8023,8.6682,0.2048,0.6611
5265,8,8,9,weather_driven,historically_calibrated,1.215848,0.206694,8.5424,9.5742,0.3707,0.6611
5266,8,8,10,weather_driven,historically_calibrated,1.34598,0.228817,9.094,10.4247,0.5625,0.7682
5267,8,8,11,weather_driven,historically_calibrated,1.352699,0.229959,9.1215,10.7568,0.7491,0.8861
5268,8,8,12,weather_driven,historically_calibrated,1.347526,0.229079,9.1004,10.9973,0.8813,1.0156
5269,8,8,13,weather_driven,historically_calibrated,1.485184,0.252481,9.6455,11.4661,0.9344,0.8861
5270,8,8,14,weather_driven,historically_calibrated,1.653723,0.281133,10.2668,11.8261,0.8981,0.6611
5271,8,8,15,weather_driven,historically_calibrated,1.825921,0.310407,10.8561,12.2479,0.7802,0.6116
5272,8,8,16,weather_driven,historically_calibrated,2.061233,0.35041,11.5982,12.7286,0.6104,0.52
5273,8,8,17,weather_driven,historically_calibrated,2.251869,0.382818,12.1534,13.1011,0.4277,0.52
5274,8,8,18,weather_driven,historically_calibrated,2.260706,0.38432,12.1782,13.1598,0.2683,0.7133
5275,8,8,19,weather_driven,historically_calibrated,1.96304,0.333717,11.2967,12.2702,0.1477,0.8257
5276,8,8,20,weather_driven,historically_calibrated,1.875391,0.318816,11.0179,11.6394,0.057,0.5645
5277,8,8,21,weather_driven,historically_calibrated,1.684115,0.2863,10.374,10.8133,0.0013,0.4381
5278,8,8,22,weather_driven,historically_calibrated,1.443698,0.245429,9.485,9.9231,0.0,0.4381
5279,8,8,23,weather_driven,historically_calibrated,1.160391,0.197266,8.2954,9.1212,0.0,0.8257
5280,8,8,24,weather_driven,historically_calibrated,0.676545,0.115013,5.7479,6.9805,0.0,1.2326
5281,8,9,1,weather_driven,historically_calibrated,0.568757,0.096689,5.0527,6.2853,0.0,1.2326
5282,8,9,2,weather_driven,historically_calibrated,0.539087,0.091645,4.8505,6.0831,0.0,1.2326
5283,8,9,3,weather_driven,historically_calibrated,0.467794,0.079525,4.3429,5.7361,0.0,1.3932
5284,8,9,4,weather_driven,historically_calibrated,0.480959,0.081763,4.4391,5.5962,0.0,1.1571
5285,8,9,5,weather_driven,historically_calibrated,0.52329,0.088959,4.7407,5.6901,0.0,0.9494
5286,8,9,6,weather_driven,historically_calibrated,0.554799,0.094316,4.9582,5.8547,0.0104,0.8861
5287,8,9,7,weather_driven,historically_calibrated,0.838906,0.142614,6.6943,7.728,0.0842,0.9494
5288,8,9,8,weather_driven,historically_calibrated,0.996098,0.169337,7.5165,8.5983,0.1957,0.8861
5289,8,9,9,weather_driven,historically_calibrated,1.16558,0.198149,8.3188,9.5036,0.359,0.8257
5290,8,9,10,weather_driven,historically_calibrated,1.28964,0.219239,8.8598,10.18,0.5521,0.7682
5291,8,9,11,weather_driven,historically_calibrated,1.359289,0.231079,9.1484,10.6203,0.7037,0.7682
5292,8,9,12,weather_driven,historically_calibrated,1.386121,0.235641,9.2569,10.7975,0.7724,0.7682
5293,8,9,13,weather_driven,historically_calibrated,1.483568,0.252207,9.6393,11.2356,0.8281,0.7682
5294,8,9,14,weather_driven,historically_calibrated,1.573068,0.267421,9.9754,11.5937,0.8502,0.7682
5295,8,9,15,weather_driven,historically_calibrated,1.698512,0.288747,10.4243,11.9752,0.7828,0.7682
5296,8,9,16,weather_driven,historically_calibrated,1.904359,0.323741,11.1111,12.4452,0.6208,0.7133
5297,8,9,17,weather_driven,historically_calibrated,2.08439,0.354346,11.6677,12.8061,0.4251,0.7133
5298,8,9,18,weather_driven,historically_calibrated,2.06833,0.351616,11.6195,12.8178,0.2488,0.9494
5299,8,9,19,weather_driven,historically_calibrated,1.808905,0.307514,10.7998,11.809,0.1231,0.8861
5300,8,9,20,weather_driven,historically_calibrated,1.699474,0.288911,10.4276,11.2974,0.0441,0.8257
5301,8,9,21,weather_driven,historically_calibrated,1.430484,0.243182,9.4333,10.2603,0.0013,0.8257
5302,8,9,22,weather_driven,historically_calibrated,1.234529,0.20987,8.6239,9.392,0.0,0.7682
5303,8,9,23,weather_driven,historically_calibrated,0.991245,0.168512,7.4923,8.5772,0.0,1.0848
5304,8,9,24,weather_driven,historically_calibrated,0.635022,0.107954,5.4871,6.5719,0.0,1.0848
5305,8,10,1,weather_driven,historically_calibrated,0.538146,0.091485,4.844,6.0011,0.0,1.1571
5306,8,10,2,weather_driven,historically_calibrated,0.507278,0.086237,4.6279,5.6435,0.0,1.0156
5307,8,10,3,weather_driven,historically_calibrated,0.521605,0.088673,4.7289,5.5546,0.0,0.8257
5308,8,10,4,weather_driven,historically_calibrated,0.543797,0.092445,4.8829,5.5962,0.0,0.7133
5309,8,10,5,weather_driven,historically_calibrated,0.579627,0.098537,5.1256,5.6901,0.0,0.5645
5310,8,10,6,weather_driven,historically_calibrated,0.61647,0.1048,5.3678,5.8547,0.0091,0.4779
5311,8,10,7,weather_driven,historically_calibrated,0.933858,0.158756,7.2008,7.796,0.0752,0.52
5312,8,10,8,weather_driven,historically_calibrated,1.115985,0.189717,8.0921,8.8078,0.1957,0.52
5313,8,10,9,weather_driven,historically_calibrated,1.277932,0.217248,8.8102,9.7506,0.3758,0.5645
5314,8,10,10,weather_driven,historically_calibrated,1.421246,0.241612,9.3969,10.5994,0.591,0.6116
5315,8,10,11,weather_driven,historically_calibrated,1.469616,0.249835,9.5857,10.9956,0.7983,0.6116
5316,8,10,12,weather_driven,historically_calibrated,1.460743,0.248326,9.5514,11.1638,0.9513,0.6611
5317,8,10,13,weather_driven,historically_calibrated,1.57234,0.267298,9.9727,11.5978,1.0135,0.6116
5318,8,10,14,weather_driven,historically_calibrated,1.678964,0.285424,10.3559,11.8925,0.972,0.5645
5319,8,10,15,weather_driven,historically_calibrated,1.891706,0.32159,11.0705,12.3843,0.8359,0.4779
5320,8,10,16,weather_driven,historically_calibrated,2.091979,0.355636,11.6903,12.6932,0.6376,0.3652
5321,8,10,17,weather_driven,historically_calibrated,2.113542,0.359302,11.7543,12.6586,0.4264,0.4779
5322,8,10,18,weather_driven,historically_calibrated,1.969379,0.334794,11.3165,12.1717,0.2436,0.6116
5323,8,10,19,weather_driven,historically_calibrated,1.516171,0.257749,9.7634,10.9636,0.1153,1.0848
5324,8,10,20,weather_driven,historically_calibrated,1.394726,0.237103,9.2914,10.1574,0.0402,0.8257
5325,8,10,21,weather_driven,historically_calibrated,1.196824,0.20346,8.4585,9.2279,0.0013,0.7682
5326,8,10,22,weather_driven,historically_calibrated,0.919246,0.156272,7.1249,8.4362,0.0,1.3112
5327,8,10,23,weather_driven,historically_calibrated,0.707704,0.12031,5.9382,7.6932,0.0,1.755
5328,8,10,24,weather_driven,historically_calibrated,0.629685,0.107047,5.4529,5.891,0.0,0.4381
5329,8,11,1,weather_driven,historically_calibrated,0.570229,0.096939,5.0626,5.0932,0.0,0.0306
5330,8,11,2,weather_driven,historically_calibrated,0.208699,0.035479,2.1752,5.0969,0.0,2.9217
5331,8,11,3,weather_driven,historically_calibrated,0.443284,0.075358,4.1609,5.1103,0.0,0.9494
5332,8,11,4,weather_driven,historically_calibrated,0.56286,0.095686,5.0129,5.1485,0.0,0.1356
5333,8,11,5,weather_driven,historically_calibrated,0.580545,0.098693,5.1317,5.2349,0.0,0.1032
5334,8,11,6,weather_driven,historically_calibrated,0.545819,0.092789,4.8968,5.3863,0.0117,0.4779
5335,8,11,7,weather_driven,historically_calibrated,0.840217,0.142837,6.7016,6.7969,0.0842,0.0111
5336,8,11,8,weather_driven,historically_calibrated,0.646366,0.109882,5.5591,7.3323,0.2061,1.5671
5337,8,11,9,weather_driven,historically_calibrated,0.563424,0.095782,5.0167,7.8666,0.3201,2.5298
5338,8,11,10,weather_driven,historically_calibrated,0.9241,0.157097,7.1502,8.4975,0.3979,0.9494
5339,8,11,11,weather_driven,historically_calibrated,1.036627,0.176227,7.7157,8.9232,0.4393,0.7682
5340,8,11,12,weather_driven,historically_calibrated,1.228792,0.208895,8.5989,9.1679,0.5689,0.0
5341,8,11,13,weather_driven,historically_calibrated,1.299956,0.220993,8.9032,9.4281,0.5236,0.0014
5342,8,11,14,weather_driven,historically_calibrated,1.330549,0.226193,9.0305,9.7501,0.6739,0.0457
5343,8,11,15,weather_driven,historically_calibrated,1.51813,0.258082,9.7708,10.2645,0.4899,0.0038
5344,8,11,16,weather_driven,historically_calibrated,1.446433,0.245894,9.4957,10.8303,0.4484,0.8861
5345,8,11,17,weather_driven,historically_calibrated,1.830163,0.311128,10.8701,11.3066,0.3473,0.0892
5346,8,11,18,weather_driven,historically_calibrated,1.809727,0.307654,10.8025,11.0931,0.2449,0.0457
5347,8,11,19,weather_driven,historically_calibrated,1.608283,0.273408,10.1039,10.2986,0.149,0.0457
5348,8,11,20,weather_driven,historically_calibrated,1.502747,0.255467,9.7125,9.7643,0.048,0.0038
5349,8,11,21,weather_driven,historically_calibrated,1.355798,0.230486,9.1342,9.1342,0.0,0.0
5350,8,11,22,weather_driven,historically_calibrated,1.259187,0.214062,8.7303,8.7384,0.0,0.0081
5351,8,11,23,weather_driven,historically_calibrated,1.174773,0.199711,8.3602,8.3602,0.0,0.0
5352,8,11,24,weather_driven,historically_calibrated,0.804542,0.136772,6.503,6.5223,0.0,0.0193
5353,8,12,1,weather_driven,historically_calibrated,0.692608,0.117743,5.8466,5.9013,0.0,0.0548
5354,8,12,2,weather_driven,historically_calibrated,0.667353,0.11345,5.6908,5.6916,0.0,0.0007
5355,8,12,3,weather_driven,historically_calibrated,0.647038,0.109996,5.5634,5.5634,0.0,0.0
5356,8,12,4,weather_driven,historically_calibrated,0.653638,0.111119,5.605,5.605,0.0,0.0
5357,8,12,5,weather_driven,historically_calibrated,0.603567,0.102606,5.2838,5.2838,0.0,0.0
5358,8,12,6,weather_driven,historically_calibrated,0.646042,0.109827,5.5571,5.5623,0.0052,0.0
5359,8,12,7,weather_driven,historically_calibrated,0.972729,0.165364,7.3994,7.4538,0.0544,0.0
5360,8,12,8,weather_driven,historically_calibrated,1.04533,0.177706,7.7578,7.8784,0.1205,0.0
5361,8,12,9,weather_driven,historically_calibrated,1.09612,0.18634,7.9995,8.1913,0.1918,0.0
5362,8,12,10,weather_driven,historically_calibrated,1.084538,0.184371,7.945,8.2081,0.2631,0.0
5363,8,12,11,weather_driven,historically_calibrated,1.040613,0.176904,7.735,7.9502,0.2151,0.0
5364,8,12,12,weather_driven,historically_calibrated,1.172164,0.199268,8.3485,8.4327,0.0842,0.0
5365,8,12,13,weather_driven,historically_calibrated,1.19384,0.202953,8.4453,8.8224,0.3771,0.0
5366,8,12,14,weather_driven,historically_calibrated,1.225223,0.208288,8.5834,9.1394,0.556,0.0
5367,8,12,15,weather_driven,historically_calibrated,1.356862,0.230667,9.1385,9.6686,0.5301,0.0
5368,8,12,16,weather_driven,historically_calibrated,1.480411,0.25167,9.6272,10.1132,0.486,0.0
5369,8,12,17,weather_driven,historically_calibrated,1.642591,0.27924,10.2272,10.5603,0.3331,0.0
5370,8,12,18,weather_driven,historically_calibrated,1.678653,0.285371,10.3548,10.5687,0.2138,0.0
5371,8,12,19,weather_driven,historically_calibrated,1.516741,0.257846,9.7655,10.0511,0.1115,0.1741
5372,8,12,20,weather_driven,historically_calibrated,1.158782,0.196993,8.2881,8.4707,0.0285,0.1541
5373,8,12,21,weather_driven,historically_calibrated,1.074651,0.182691,7.8982,7.9131,0.0,0.0148
5374,8,12,22,weather_driven,historically_calibrated,0.999187,0.169862,7.5319,7.5333,0.0,0.0014
5375,8,12,23,weather_driven,historically_calibrated,0.910244,0.154741,7.0778,7.0778,0.0,0.0
5376,8,12,24,weather_driven,historically_calibrated,0.664052,0.112889,5.6703,5.6703,0.0,0.0
5377,8,13,1,weather_driven,historically_calibrated,0.67572,0.114872,5.7428,5.7428,0.0,0.0
5378,8,13,2,weather_driven,historically_calibrated,0.663912,0.112865,5.6694,5.6694,0.0,0.0
5379,8,13,3,weather_driven,historically_calibrated,0.662027,0.112545,5.6576,5.6583,0.0,0.0007
5380,8,13,4,weather_driven,historically_calibrated,0.654619,0.111285,5.6112,5.6223,0.0,0.0111
5381,8,13,5,weather_driven,historically_calibrated,0.666849,0.113364,5.6877,5.6901,0.0,0.0024
5382,8,13,6,weather_driven,historically_calibrated,0.710713,0.120821,5.9564,5.964,0.0052,0.0024
5383,8,13,7,weather_driven,historically_calibrated,1.056777,0.179652,7.8129,7.864,0.0454,0.0057
5384,8,13,8,weather_driven,historically_calibrated,1.101262,0.187215,8.0236,8.1794,0.1102,0.0457
5385,8,13,9,weather_driven,historically_calibrated,1.077913,0.183245,7.9137,8.0566,0.1348,0.0081
5386,8,13,10,weather_driven,historically_calibrated,1.125373,0.191313,8.1355,8.1879,0.0376,0.0148
5387,8,13,11,weather_driven,historically_calibrated,1.08506,0.18446,7.9475,8.0615,0.1102,0.0038
5388,8,13,12,weather_driven,historically_calibrated,1.04282,0.177279,7.7457,7.9673,0.2216,0.0
5389,8,13,13,weather_driven,historically_calibrated,1.010652,0.171811,7.5886,8.0093,0.2851,0.1356
5390,8,13,14,weather_driven,historically_calibrated,0.854713,0.145301,6.7809,7.2123,0.2773,0.1541
5391,8,13,15,weather_driven,historically_calibrated,1.049026,0.178334,7.7757,8.2594,0.2644,0.2194
5392,8,13,16,weather_driven,historically_calibrated,0.912527,0.15513,7.0898,8.8316,0.3486,1.3932
5393,8,13,17,weather_driven,historically_calibrated,0.899762,0.15296,7.0226,8.7498,0.2488,1.4784
5394,8,13,18,weather_driven,historically_calibrated,0.983933,0.167269,7.4558,8.1434,0.1231,0.5645
5395,8,13,19,weather_driven,historically_calibrated,1.093791,0.185945,7.9886,8.235,0.0505,0.1959
5396,8,13,20,weather_driven,historically_calibrated,1.128641,0.191869,8.1506,8.2953,0.0091,0.1356
5397,8,13,21,weather_driven,historically_calibrated,0.996886,0.169471,7.5204,8.085,0.0,0.5645
5398,8,13,22,weather_driven,historically_calibrated,1.011438,0.171945,7.5925,7.7281,0.0,0.1356
5399,8,13,23,weather_driven,historically_calibrated,0.918951,0.156222,7.1234,7.3193,0.0,0.1959
5400,8,13,24,weather_driven,historically_calibrated,0.68597,0.116615,5.8059,5.8365,0.0,0.0306
5401,8,14,1,weather_driven,historically_calibrated,0.642728,0.109264,5.5361,5.5361,0.0,0.0
5402,8,14,2,weather_driven,historically_calibrated,0.643365,0.109372,5.5401,5.5401,0.0,0.0
5403,8,14,3,weather_driven,historically_calibrated,0.645656,0.109762,5.5546,5.5546,0.0,0.0
5404,8,14,4,weather_driven,historically_calibrated,0.652239,0.110881,5.5962,5.5962,0.0,0.0
5405,8,14,5,weather_driven,historically_calibrated,0.666319,0.113274,5.6844,5.6901,0.0,0.0057
5406,8,14,6,weather_driven,historically_calibrated,0.692863,0.117787,5.8481,5.8547,0.0052,0.0014
5407,8,14,7,weather_driven,historically_calibrated,0.938313,0.159513,7.2238,7.286,0.0583,0.0038
5408,8,14,8,weather_driven,historically_calibrated,0.949386,0.161396,7.2807,7.4812,0.0972,0.1032
5409,8,14,9,weather_driven,historically_calibrated,0.936545,0.159213,7.2147,7.5625,0.1737,0.1741
5410,8,14,10,weather_driven,historically_calibrated,0.956963,0.162684,7.3195,7.7336,0.2955,0.1187
5411,8,14,11,weather_driven,historically_calibrated,0.96562,0.164155,7.3635,8.0274,0.4445,0.2194
5412,8,14,12,weather_driven,historically_calibrated,0.877942,0.14925,6.9064,7.9007,0.4743,0.52
5413,8,14,13,weather_driven,historically_calibrated,0.78501,0.133452,6.3922,7.746,0.4044,0.9494
5414,8,14,14,weather_driven,historically_calibrated,0.724217,0.123117,6.0374,7.7102,0.3616,1.3112
5415,8,14,15,weather_driven,historically_calibrated,0.866446,0.147296,6.8445,7.9185,0.3059,0.7682
5416,8,14,16,weather_driven,historically_calibrated,0.974,0.16558,7.4058,8.1584,0.2748,0.4779
5417,8,14,17,weather_driven,historically_calibrated,0.967134,0.164413,7.3711,8.3073,0.2229,0.7133
5418,8,14,18,weather_driven,historically_calibrated,1.021877,0.173719,7.6438,8.4475,0.1426,0.6611
5419,8,14,19,weather_driven,historically_calibrated,1.084421,0.184352,7.9445,8.3887,0.0791,0.3652
5420,8,14,20,weather_driven,historically_calibrated,1.075959,0.182913,7.9044,8.1433,0.0194,0.2194
5421,8,14,21,weather_driven,historically_calibrated,1.071104,0.182088,7.8814,7.9006,0.0,0.0193
5422,8,14,22,weather_driven,historically_calibrated,1.01022,0.171737,7.5865,7.5865,0.0,0.0
5423,8,14,23,weather_driven,historically_calibrated,0.950269,0.161546,7.2853,7.2853,0.0,0.0
5424,8,14,24,weather_driven,historically_calibrated,0.690962,0.117463,5.8365,5.8365,0.0,0.0
5425,8,15,1,weather_driven,historically_calibrated,0.642728,0.109264,5.5361,5.5361,0.0,0.0
5426,8,15,2,weather_driven,historically_calibrated,0.643365,0.109372,5.5401,5.5401,0.0,0.0
5427,8,15,3,weather_driven,historically_calibrated,0.645656,0.109762,5.5546,5.5546,0.0,0.0
5428,8,15,4,weather_driven,historically_calibrated,0.652239,0.110881,5.5962,5.5962,0.0,0.0
5429,8,15,5,weather_driven,historically_calibrated,0.667236,0.11343,5.6901,5.6901,0.0,0.0
5430,8,15,6,weather_driven,historically_calibrated,0.693514,0.117897,5.8521,5.8547,0.0026,0.0
5431,8,15,7,weather_driven,historically_calibrated,0.944595,0.160581,7.2562,7.286,0.0298,0.0
5432,8,15,8,weather_driven,historically_calibrated,0.969194,0.164763,7.3816,7.4812,0.0972,0.0024
5433,8,15,9,weather_driven,historically_calibrated,0.990283,0.168348,7.4875,7.7743,0.232,0.0548
5434,8,15,10,weather_driven,historically_calibrated,1.070623,0.182006,7.8791,8.2578,0.324,0.0548
5435,8,15,11,weather_driven,historically_calibrated,1.059693,0.180148,7.8269,8.4368,0.4912,0.1187
5436,8,15,12,weather_driven,historically_calibrated,1.057415,0.179761,7.816,8.7997,0.5832,0.4005
5437,8,15,13,weather_driven,historically_calibrated,1.094364,0.186042,7.9913,9.1287,0.5728,0.5645
5438,8,15,14,weather_driven,historically_calibrated,1.196077,0.203333,8.4552,9.5358,0.7154,0.3652
5439,8,15,15,weather_driven,historically_calibrated,1.261986,0.214538,8.7423,9.7594,0.6519,0.3652
5440,8,15,16,weather_driven,historically_calibrated,1.349911,0.229485,9.1101,9.9652,0.4899,0.3652
5441,8,15,17,weather_driven,historically_calibrated,1.403131,0.238532,9.325,10.0405,0.3149,0.4005
5442,8,15,18,weather_driven,historically_calibrated,1.404317,0.238734,9.3297,9.8536,0.1918,0.332
5443,8,15,19,weather_driven,historically_calibrated,1.403563,0.238606,9.3267,9.6185,0.0959,0.1959
5444,8,15,20,weather_driven,historically_calibrated,1.329453,0.226007,9.026,9.2073,0.0272,0.1541
5445,8,15,21,weather_driven,historically_calibrated,1.21733,0.206946,8.5489,8.638,0.0,0.0892
5446,8,15,22,weather_driven,historically_calibrated,1.103544,0.187602,8.0343,8.1529,0.0,0.1187
5447,8,15,23,weather_driven,historically_calibrated,0.99753,0.16958,7.5236,7.6592,0.0,0.1356
5448,8,15,24,weather_driven,historically_calibrated,0.687449,0.116866,5.815,5.9182,0.0,0.1032
5449,8,16,1,weather_driven,historically_calibrated,0.632523,0.107529,5.4711,5.5361,0.0,0.065
5450,8,16,2,weather_driven,historically_calibrated,0.633155,0.107636,5.4751,5.5401,0.0,0.065
5451,8,16,3,weather_driven,historically_calibrated,0.635429,0.108023,5.4896,5.5546,0.0,0.065
5452,8,16,4,weather_driven,historically_calibrated,0.630886,0.107251,5.4606,5.5962,0.0,0.1356
5453,8,16,5,weather_driven,historically_calibrated,0.64272,0.109262,5.536,5.6901,0.0,0.1541
5454,8,16,6,weather_driven,historically_calibrated,0.670854,0.114045,5.7126,5.8547,0.0065,0.1356
5455,8,16,7,weather_driven,historically_calibrated,0.929523,0.158019,7.1784,7.286,0.07,0.0376
5456,8,16,8,weather_driven,historically_calibrated,0.955401,0.162418,7.3115,7.5161,0.1853,0.0193
5457,8,16,9,weather_driven,historically_calibrated,1.161653,0.197481,8.3011,8.6566,0.3473,0.0081
5458,8,16,10,weather_driven,historically_calibrated,1.260961,0.214363,8.7379,9.3063,0.5573,0.0111
5459,8,16,11,weather_driven,historically_calibrated,1.297352,0.22055,8.8922,9.665,0.7646,0.0081
5460,8,16,12,weather_driven,historically_calibrated,1.332381,0.226505,9.0381,9.9651,0.9189,0.0081
5461,8,16,13,weather_driven,historically_calibrated,1.355713,0.230471,9.1338,10.1163,0.9811,0.0014
5462,8,16,14,weather_driven,historically_calibrated,1.42151,0.241657,9.3979,10.3324,0.9331,0.0014
5463,8,16,15,weather_driven,historically_calibrated,1.519674,0.258345,9.7766,10.5775,0.8009,0.0
5464,8,16,16,weather_driven,historically_calibrated,1.66888,0.28371,10.3204,10.9218,0.6013,0.0
5465,8,16,17,weather_driven,historically_calibrated,1.802574,0.306438,10.7787,11.1836,0.3992,0.0057
5466,8,16,18,weather_driven,historically_calibrated,1.774067,0.301591,10.6831,10.9176,0.2307,0.0038
5467,8,16,19,weather_driven,historically_calibrated,1.620079,0.275413,10.1465,10.3487,0.1257,0.0764
5468,8,16,20,weather_driven,historically_calibrated,1.473959,0.250573,9.6024,9.7393,0.0337,0.1032
5469,8,16,21,weather_driven,historically_calibrated,1.243129,0.211332,8.6612,8.933,0.0,0.2718
5470,8,16,22,weather_driven,historically_calibrated,1.058901,0.180013,7.8231,8.1883,0.0,0.3652
5471,8,16,23,weather_driven,historically_calibrated,0.925351,0.15731,7.1567,7.5572,0.0,0.4005
5472,8,16,24,weather_driven,historically_calibrated,0.627044,0.106597,5.436,5.8365,0.0,0.4005
5473,8,17,1,weather_driven,historically_calibrated,0.575507,0.097836,5.098,5.5361,0.0,0.4381
5474,8,17,2,weather_driven,historically_calibrated,0.550456,0.093577,4.9286,5.5401,0.0,0.6116
5475,8,17,3,weather_driven,historically_calibrated,0.594258,0.101024,5.2226,5.5546,0.0,0.332
5476,8,17,4,weather_driven,historically_calibrated,0.630886,0.107251,5.4606,5.5962,0.0,0.1356
5477,8,17,5,weather_driven,historically_calibrated,0.652992,0.111009,5.601,5.6901,0.0,0.0892
5478,8,17,6,weather_driven,historically_calibrated,0.686944,0.11678,5.8119,5.8547,0.0052,0.0376
5479,8,17,7,weather_driven,historically_calibrated,0.917877,0.156039,7.1178,7.286,0.0791,0.0892
5480,8,17,8,weather_driven,historically_calibrated,0.947665,0.161103,7.2719,7.4812,0.1944,0.0148
5481,8,17,9,weather_driven,historically_calibrated,1.126014,0.191422,8.1385,8.4801,0.3305,0.0111
5482,8,17,10,weather_driven,historically_calibrated,1.247583,0.212089,8.6804,9.2364,0.5184,0.0376
5483,8,17,11,weather_driven,historically_calibrated,1.304225,0.221718,8.9211,9.665,0.7063,0.0376
5484,8,17,12,weather_driven,historically_calibrated,1.330723,0.226223,9.0313,9.9318,0.8813,0.0193
5485,8,17,13,weather_driven,historically_calibrated,1.341678,0.228085,9.0764,10.0505,0.9435,0.0306
5486,8,17,14,weather_driven,historically_calibrated,1.394729,0.237104,9.2914,10.266,0.8981,0.0764
5487,8,17,15,weather_driven,historically_calibrated,1.52592,0.259406,9.8001,10.5775,0.7582,0.0193
5488,8,17,16,weather_driven,historically_calibrated,1.695055,0.288159,10.4122,10.9926,0.5612,0.0193
5489,8,17,17,weather_driven,historically_calibrated,1.808009,0.307362,10.7968,11.2942,0.4082,0.0892
5490,8,17,18,weather_driven,historically_calibrated,1.840532,0.312891,10.9042,11.1837,0.2488,0.0306
5491,8,17,19,weather_driven,historically_calibrated,1.641304,0.279022,10.2226,10.3487,0.1179,0.0081
5492,8,17,20,weather_driven,historically_calibrated,1.561445,0.265446,9.9325,9.9673,0.0324,0.0024
5493,8,17,21,weather_driven,historically_calibrated,1.369609,0.232834,9.1903,9.2279,0.0,0.0376
5494,8,17,22,weather_driven,historically_calibrated,1.101075,0.187183,8.0227,8.2945,0.0,0.2718
5495,8,17,23,weather_driven,historically_calibrated,0.918923,0.156217,7.1232,7.4553,0.0,0.332
5496,8,17,24,weather_driven,historically_calibrated,0.668969,0.113725,5.7009,5.8365,0.0,0.1356
5497,8,18,1,weather_driven,historically_calibrated,0.56799,0.096558,5.0476,5.0932,0.0,0.0457
5498,8,18,2,weather_driven,historically_calibrated,0.573127,0.097432,5.0821,5.0969,0.0,0.0148
5499,8,18,3,weather_driven,historically_calibrated,0.576766,0.09805,5.1065,5.1103,0.0,0.0038
5500,8,18,4,weather_driven,historically_calibrated,0.582862,0.099087,5.1471,5.1485,0.0,0.0014
5501,8,18,5,weather_driven,historically_calibrated,0.595257,0.101194,5.2292,5.2349,0.0,0.0057
5502,8,18,6,weather_driven,historically_calibrated,0.618521,0.105149,5.381,5.3863,0.0039,0.0014
5503,8,18,7,weather_driven,historically_calibrated,0.826748,0.140547,6.6272,6.7031,0.0648,0.0111
5504,8,18,8,weather_driven,historically_calibrated,0.872488,0.148323,6.8771,7.0754,0.1983,0.0
5505,8,18,9,weather_driven,historically_calibrated,1.0174,0.172958,7.6218,7.964,0.3421,0.0001
5506,8,18,10,weather_driven,historically_calibrated,1.110718,0.188822,8.0677,8.5618,0.486,0.0081
5507,8,18,11,weather_driven,historically_calibrated,1.14979,0.195464,8.2473,8.8918,0.6363,0.0081
5508,8,18,12,weather_driven,historically_calibrated,1.186133,0.201643,8.411,9.1373,0.7206,0.0057
5509,8,18,13,weather_driven,historically_calibrated,1.2029,0.204493,8.4854,9.2767,0.7802,0.0111
5510,8,18,14,weather_driven,historically_calibrated,1.236854,0.210265,8.634,9.3531,0.6947,0.0245
5511,8,18,15,weather_driven,historically_calibrated,1.359845,0.231174,9.1507,9.7313,0.543,0.0376
5512,8,18,16,weather_driven,historically_calibrated,1.435243,0.243991,9.4519,10.0154,0.4743,0.0892
5513,8,18,17,weather_driven,historically_calibrated,1.529892,0.260082,9.815,10.2889,0.3707,0.1032
5514,8,18,18,weather_driven,historically_calibrated,1.586258,0.269664,10.0238,10.3589,0.2164,0.1187
5515,8,18,19,weather_driven,historically_calibrated,1.490183,0.253331,9.6647,9.8743,0.1205,0.0892
5516,8,18,20,weather_driven,historically_calibrated,1.448588,0.24626,9.5041,9.5545,0.0259,0.0245
5517,8,18,21,weather_driven,historically_calibrated,1.236524,0.210209,8.6326,8.9646,0.0,0.332
5518,8,18,22,weather_driven,historically_calibrated,1.091538,0.185561,7.978,8.2498,0.0,0.2718
5519,8,18,23,weather_driven,historically_calibrated,0.965894,0.164202,7.3648,7.6095,0.0,0.2447
5520,8,18,24,weather_driven,historically_calibrated,0.661027,0.112375,5.6514,5.8707,0.0,0.2194
5521,8,19,1,weather_driven,historically_calibrated,0.552544,0.093933,4.9428,5.117,0.0,0.1741
5522,8,19,2,weather_driven,historically_calibrated,0.565672,0.096164,5.0319,5.0969,0.0,0.065
5523,8,19,3,weather_driven,historically_calibrated,0.57512,0.09777,5.0954,5.1103,0.0,0.0148
5524,8,19,4,weather_driven,historically_calibrated,0.581397,0.098838,5.1374,5.1485,0.0,0.0111
5525,8,19,5,weather_driven,historically_calibrated,0.595257,0.101194,5.2292,5.2349,0.0,0.0057
5526,8,19,6,weather_driven,historically_calibrated,0.617854,0.105035,5.3767,5.3863,0.0039,0.0057
5527,8,19,7,weather_driven,historically_calibrated,0.828272,0.140806,6.6356,6.7031,0.0661,0.0014
5528,8,19,8,weather_driven,historically_calibrated,0.969067,0.164741,7.3809,7.5572,0.1763,0.0
5529,8,19,9,weather_driven,historically_calibrated,1.172894,0.199392,8.3517,8.6783,0.3266,0.0
5530,8,19,10,weather_driven,historically_calibrated,1.268711,0.215681,8.771,9.3335,0.5625,0.0
5531,8,19,11,weather_driven,historically_calibrated,1.298769,0.220791,8.8982,9.6765,0.7776,0.0007
5532,8,19,12,weather_driven,historically_calibrated,1.278911,0.217415,8.8144,9.7499,0.9331,0.0024
5533,8,19,13,weather_driven,historically_calibrated,1.308845,0.222504,8.9404,9.9733,0.9953,0.0376
5534,8,19,14,weather_driven,historically_calibrated,1.399598,0.237932,9.3109,10.2998,0.9513,0.0376
5535,8,19,15,weather_driven,historically_calibrated,1.526304,0.259472,9.8015,10.6408,0.8087,0.0306
5536,8,19,16,weather_driven,historically_calibrated,1.640809,0.278938,10.2209,10.8303,0.6091,0.0003
5537,8,19,17,weather_driven,historically_calibrated,1.741396,0.296037,10.5722,11.1031,0.3953,0.1356
5538,8,19,18,weather_driven,historically_calibrated,1.736892,0.295272,10.5568,10.8484,0.2151,0.0764
5539,8,19,19,weather_driven,historically_calibrated,1.59785,0.271635,10.0661,10.1925,0.0959,0.0306
5540,8,19,20,weather_driven,historically_calibrated,1.477229,0.251129,9.615,9.6944,0.0246,0.0548
5541,8,19,21,weather_driven,historically_calibrated,1.259975,0.214196,8.7337,9.1342,0.0,0.4005
5542,8,19,22,weather_driven,historically_calibrated,1.070167,0.181928,7.8769,8.315,0.0,0.4381
5543,8,19,23,weather_driven,historically_calibrated,0.888497,0.151044,6.9628,7.328,0.0,0.3652
5544,8,19,24,weather_driven,historically_calibrated,0.602269,0.102386,5.2753,5.5199,0.0,0.2447
5545,8,20,1,weather_driven,historically_calibrated,0.635552,0.108044,5.4904,5.5361,0.0,0.0457
5546,8,20,2,weather_driven,historically_calibrated,0.641608,0.109073,5.529,5.5401,0.0,0.0111
5547,8,20,3,weather_driven,historically_calibrated,0.644373,0.109543,5.5465,5.5546,0.0,0.0081
5548,8,20,4,weather_driven,historically_calibrated,0.65095,0.110662,5.5881,5.5962,0.0,0.0081
5549,8,20,5,weather_driven,historically_calibrated,0.666319,0.113274,5.6844,5.6901,0.0,0.0057
5550,8,20,6,weather_driven,historically_calibrated,0.691479,0.117551,5.8397,5.8547,0.0039,0.0111
5551,8,20,7,weather_driven,historically_calibrated,0.936894,0.159272,7.2165,7.286,0.0583,0.0111
5552,8,20,8,weather_driven,historically_calibrated,1.07443,0.182653,7.8972,8.0747,0.1737,0.0038
5553,8,20,9,weather_driven,historically_calibrated,1.35858,0.230959,9.1455,9.5036,0.3499,0.0081
5554,8,20,10,weather_driven,historically_calibrated,1.544267,0.262525,9.8688,10.4596,0.5664,0.0245
5555,8,20,11,weather_driven,historically_calibrated,1.55962,0.265135,9.9258,10.7226,0.7776,0.0193
5556,8,20,12,weather_driven,historically_calibrated,1.537933,0.261449,9.8451,10.7975,0.9331,0.0193
5557,8,20,13,weather_driven,historically_calibrated,1.617472,0.27497,10.1371,11.1369,0.994,0.0057
5558,8,20,14,weather_driven,historically_calibrated,1.679544,0.285523,10.358,11.3614,0.9487,0.0548
5559,8,20,15,weather_driven,historically_calibrated,1.817179,0.308921,10.8272,11.7366,0.8061,0.1032
5560,8,20,16,weather_driven,historically_calibrated,2.032846,0.345584,11.5122,12.1617,0.6039,0.0457
5561,8,20,17,weather_driven,historically_calibrated,2.220133,0.377423,12.0635,12.4742,0.3914,0.0193
5562,8,20,18,weather_driven,historically_calibrated,2.196919,0.373476,11.9972,12.2097,0.2125,0.0
5563,8,20,19,weather_driven,historically_calibrated,1.934832,0.328921,11.208,11.3094,0.0933,0.0081
5564,8,20,20,weather_driven,historically_calibrated,1.767627,0.300497,10.6614,10.8034,0.0233,0.1187
5565,8,20,21,weather_driven,historically_calibrated,1.523995,0.259079,9.7929,9.9285,0.0,0.1356
5566,8,20,22,weather_driven,historically_calibrated,1.170501,0.198985,8.341,8.861,0.0,0.52
5567,8,20,23,weather_driven,historically_calibrated,1.033047,0.175618,7.6983,7.9992,0.0,0.3009
5568,8,20,24,weather_driven,historically_calibrated,0.714374,0.121444,5.9784,6.0816,0.0,0.1032
5569,8,21,1,weather_driven,historically_calibrated,0.632523,0.107529,5.4711,5.5361,0.0,0.065
5570,8,21,2,weather_driven,historically_calibrated,0.637446,0.108366,5.5025,5.5401,0.0,0.0376
5571,8,21,3,weather_driven,historically_calibrated,0.639728,0.108754,5.517,5.5546,0.0,0.0376
5572,8,21,4,weather_driven,historically_calibrated,0.647393,0.110057,5.5656,5.5962,0.0,0.0306
5573,8,21,5,weather_driven,historically_calibrated,0.664855,0.113025,5.6753,5.6901,0.0,0.0148
5574,8,21,6,weather_driven,historically_calibrated,0.693399,0.117878,5.8514,5.8547,0.0026,0.0007
5575,8,21,7,weather_driven,historically_calibrated,0.936223,0.159158,7.2131,7.286,0.0648,0.0081
5576,8,21,8,weather_driven,historically_calibrated,1.068142,0.181584,7.8673,8.0747,0.1698,0.0376
5577,8,21,9,weather_driven,historically_calibrated,1.337672,0.227404,9.0599,9.3624,0.2968,0.0057
5578,8,21,10,weather_driven,historically_calibrated,1.566417,0.266291,9.9509,10.4247,0.473,0.0007
5579,8,21,11,weather_driven,historically_calibrated,1.597921,0.271647,10.0663,10.7909,0.7232,0.0014
5580,8,21,12,weather_driven,historically_calibrated,1.552812,0.263978,9.9005,10.7642,0.858,0.0057
5581,8,21,13,weather_driven,historically_calibrated,1.584272,0.269326,10.0165,10.8077,0.7763,0.0148
5582,8,21,14,weather_driven,historically_calibrated,1.785962,0.303613,10.7231,11.3282,0.5858,0.0193
5583,8,21,15,weather_driven,historically_calibrated,1.877274,0.319137,11.0239,11.7366,0.6934,0.0193
5584,8,21,16,weather_driven,historically_calibrated,2.031633,0.345378,11.5085,12.0909,0.5767,0.0057
5585,8,21,17,weather_driven,historically_calibrated,2.099427,0.356903,11.7125,12.2161,0.3849,0.1187
5586,8,21,18,weather_driven,historically_calibrated,2.12827,0.361806,11.7977,12.0197,0.2138,0.0081
5587,8,21,19,weather_driven,historically_calibrated,1.886837,0.320762,11.0548,11.1557,0.0985,0.0024
5588,8,21,20,weather_driven,historically_calibrated,1.71618,0.291751,10.4855,10.6134,0.0246,0.1032
5589,8,21,21,weather_driven,historically_calibrated,1.497303,0.254542,9.6918,9.781,0.0,0.0892
5590,8,21,22,weather_driven,historically_calibrated,1.285371,0.218513,8.8417,8.861,0.0,0.0193
5591,8,21,23,weather_driven,historically_calibrated,1.118594,0.190161,8.1042,8.1692,0.0,0.065
5592,8,21,24,weather_driven,historically_calibrated,0.744232,0.126519,6.1559,6.2451,0.0,0.0892
5593,8,22,1,weather_driven,historically_calibrated,0.642241,0.109181,5.533,5.5878,0.0,0.0548
5594,8,22,2,weather_driven,historically_calibrated,0.636186,0.108152,5.4945,5.5401,0.0,0.0457
5595,8,22,3,weather_driven,historically_calibrated,0.638465,0.108539,5.509,5.5546,0.0,0.0457
5596,8,22,4,weather_driven,historically_calibrated,0.64196,0.109133,5.5312,5.5962,0.0,0.065
5597,8,22,5,weather_driven,historically_calibrated,0.652992,0.111009,5.601,5.6901,0.0,0.0892
5598,8,22,6,weather_driven,historically_calibrated,0.684574,0.116378,5.7973,5.8547,0.0026,0.0548
5599,8,22,7,weather_driven,historically_calibrated,0.938883,0.15961,7.2268,7.354,0.0622,0.065
5600,8,22,8,weather_driven,historically_calibrated,1.101221,0.187208,8.0234,8.2492,0.1711,0.0548
5601,8,22,9,weather_driven,historically_calibrated,1.404031,0.238685,9.3286,9.7506,0.3188,0.1032
5602,8,22,10,weather_driven,historically_calibrated,1.572208,0.267275,9.9722,10.7392,0.5223,0.2447
5603,8,22,11,weather_driven,historically_calibrated,1.600106,0.272018,10.0743,11.1321,0.7258,0.332
5604,8,22,12,weather_driven,historically_calibrated,1.621774,0.275702,10.1526,11.2637,0.8916,0.2194
5605,8,22,13,weather_driven,historically_calibrated,1.750479,0.297581,10.6032,11.6965,0.9577,0.1356
5606,8,22,14,weather_driven,historically_calibrated,1.857087,0.315705,10.9584,11.992,0.915,0.1187
5607,8,22,15,weather_driven,historically_calibrated,2.06131,0.350423,11.5984,12.4524,0.7776,0.0764
5608,8,22,16,weather_driven,historically_calibrated,2.276946,0.387081,12.2237,12.8349,0.5806,0.0306
5609,8,22,17,weather_driven,historically_calibrated,2.471772,0.420201,12.7501,13.1379,0.3797,0.0081
5610,8,22,18,weather_driven,historically_calibrated,2.499183,0.424861,12.8215,13.0458,0.2229,0.0014
5611,8,22,19,weather_driven,historically_calibrated,2.055539,0.349442,11.581,11.6937,0.1128,0.0
5612,8,22,20,weather_driven,historically_calibrated,1.825081,0.310264,10.8534,10.8794,0.0246,0.0014
5613,8,22,21,weather_driven,historically_calibrated,1.557333,0.264747,9.9173,9.9285,0.0,0.0111
5614,8,22,22,weather_driven,historically_calibrated,1.277015,0.217093,8.8063,8.8256,0.0,0.0193
5615,8,22,23,weather_driven,historically_calibrated,1.046742,0.177946,7.7647,7.7952,0.0,0.0306
5616,8,22,24,weather_driven,historically_calibrated,0.682037,0.115946,5.7817,5.8365,0.0,0.0548
5617,8,23,1,weather_driven,historically_calibrated,0.634126,0.107801,5.4813,5.5361,0.0,0.0548
5618,8,23,2,weather_driven,historically_calibrated,0.634759,0.107909,5.4854,5.5401,0.0,0.0548
5619,8,23,3,weather_driven,historically_calibrated,0.638465,0.108539,5.509,5.5546,0.0,0.0457
5620,8,23,4,weather_driven,historically_calibrated,0.64196,0.109133,5.5312,5.5962,0.0,0.065
5621,8,23,5,weather_driven,historically_calibrated,0.659923,0.112187,5.6445,5.6901,0.0,0.0457
5622,8,23,6,weather_driven,historically_calibrated,0.688514,0.117047,5.8215,5.8547,0.0026,0.0306
5623,8,23,7,weather_driven,historically_calibrated,0.939538,0.159722,7.2302,7.286,0.0544,0.0014
5624,8,23,8,weather_driven,historically_calibrated,1.373068,0.233422,9.2043,9.3664,0.162,0.0001
5625,8,23,9,weather_driven,historically_calibrated,1.713796,0.291345,10.4773,10.8094,0.3318,0.0003
5626,8,23,10,weather_driven,historically_calibrated,1.861262,0.316415,10.972,11.543,0.5404,0.0306
5627,8,23,11,weather_driven,historically_calibrated,1.872601,0.318342,11.0088,12.0873,0.7465,0.332
5628,8,23,12,weather_driven,historically_calibrated,1.812251,0.308083,10.8109,12.1959,0.9072,0.4779
5629,8,23,13,weather_driven,historically_calibrated,1.76283,0.299681,10.6451,12.3879,0.9746,0.7682
5630,8,23,14,weather_driven,historically_calibrated,1.691092,0.287486,10.3984,12.5563,0.9253,1.2326
5631,8,23,15,weather_driven,historically_calibrated,1.878048,0.319268,11.0264,12.9638,0.7802,1.1571
5632,8,23,16,weather_driven,historically_calibrated,1.61605,0.274728,10.132,13.3663,0.578,2.6563
5633,8,23,17,weather_driven,historically_calibrated,1.652417,0.280911,10.2622,13.6911,0.3681,3.0608
5634,8,23,18,weather_driven,historically_calibrated,2.102915,0.357496,11.7228,13.5778,0.1957,1.6593
5635,8,23,19,weather_driven,historically_calibrated,2.262965,0.384704,12.1846,12.2702,0.0842,0.0014
5636,8,23,20,weather_driven,historically_calibrated,2.031244,0.345311,11.5073,11.5254,0.0181,0.0
5637,8,23,21,weather_driven,historically_calibrated,1.715016,0.291553,10.4815,10.4815,0.0,0.0
5638,8,23,22,weather_driven,historically_calibrated,1.416878,0.240869,9.3796,9.4983,0.0,0.1187
5639,8,23,23,weather_driven,historically_calibrated,1.246745,0.211947,8.6768,8.6792,0.0,0.0024
5640,8,23,24,weather_driven,historically_calibrated,0.831507,0.141356,6.6535,6.6536,0.0,0.0001
5641,8,24,1,weather_driven,historically_calibrated,0.66717,0.113419,5.6897,5.6911,0.0,0.0014
5642,8,24,2,weather_driven,historically_calibrated,0.714528,0.12147,5.9793,5.9796,0.0,0.0003
5643,8,24,3,weather_driven,historically_calibrated,0.674643,0.114689,5.7361,5.7361,0.0,0.0
5644,8,24,4,weather_driven,historically_calibrated,0.664738,0.113005,5.6746,5.6746,0.0,0.0
5645,8,24,5,weather_driven,historically_calibrated,0.667236,0.11343,5.6901,5.6901,0.0,0.0
5646,8,24,6,weather_driven,historically_calibrated,0.693334,0.117867,5.851,5.8547,0.0013,0.0024
5647,8,24,7,weather_driven,historically_calibrated,1.112706,0.18916,8.0769,8.136,0.048,0.0111
5648,8,24,8,weather_driven,historically_calibrated,1.455974,0.247516,9.5329,9.7155,0.1788,0.0038
5649,8,24,9,weather_driven,historically_calibrated,1.743025,0.296314,10.5778,10.9152,0.3318,0.0057
5650,8,24,10,weather_driven,historically_calibrated,1.93733,0.329346,11.2159,11.6828,0.4588,0.0081
5651,8,24,11,weather_driven,historically_calibrated,1.922494,0.326824,11.1689,11.8485,0.6739,0.0057
5652,8,24,12,weather_driven,historically_calibrated,1.942576,0.330238,11.2324,11.9629,0.7193,0.0111
5653,8,24,13,weather_driven,historically_calibrated,1.997983,0.339657,11.4053,12.2891,0.8074,0.0764
5654,8,24,14,weather_driven,historically_calibrated,2.064264,0.350925,11.6073,12.5563,0.7296,0.2194
5655,8,24,15,weather_driven,historically_calibrated,2.163174,0.36774,11.8998,12.9638,0.626,0.4381
5656,8,24,16,weather_driven,historically_calibrated,2.335233,0.39699,12.3848,13.3308,0.508,0.4381
5657,8,24,17,weather_driven,historically_calibrated,2.545931,0.432808,12.9418,13.5804,0.3668,0.2718
5658,8,24,18,weather_driven,historically_calibrated,2.70272,0.459462,13.333,13.6158,0.2281,0.0548
5659,8,24,19,weather_driven,historically_calibrated,2.323082,0.394924,12.3514,12.5008,0.1037,0.0457
5660,8,24,20,weather_driven,historically_calibrated,2.142629,0.364247,11.8399,11.8674,0.0194,0.0081
5661,8,24,21,weather_driven,historically_calibrated,1.97355,0.335503,11.3295,11.3295,0.0,0.0
5662,8,24,22,weather_driven,historically_calibrated,1.769165,0.300758,10.6666,10.6666,0.0,0.0
5663,8,24,23,weather_driven,historically_calibrated,1.571874,0.267219,9.971,9.9711,0.0,0.0001
5664,8,24,24,weather_driven,historically_calibrated,1.042281,0.177188,7.7431,7.7431,0.0,0.0
5665,8,25,1,weather_driven,historically_calibrated,0.786458,0.133698,6.4005,6.4005,0.0,0.0
5666,8,25,2,weather_driven,historically_calibrated,0.750225,0.127538,6.1911,6.1911,0.0,0.0
5667,8,25,3,weather_driven,historically_calibrated,0.712774,0.121172,5.9688,5.9688,0.0,0.0
5668,8,25,4,weather_driven,historically_calibrated,0.633809,0.107747,5.4793,5.9174,0.0,0.4381
5669,8,25,5,weather_driven,historically_calibrated,0.64482,0.109619,5.5494,5.7235,0.0,0.1741
5670,8,25,6,weather_driven,historically_calibrated,0.721384,0.122635,6.0204,6.1404,0.0013,0.1187
5671,8,25,7,weather_driven,historically_calibrated,1.149309,0.195383,8.2452,8.3297,0.0298,0.0548
5672,8,25,8,weather_driven,historically_calibrated,1.273171,0.216439,8.79,8.8741,0.0648,0.0193
5673,8,25,9,weather_driven,historically_calibrated,1.360132,0.231222,9.1518,9.2628,0.0998,0.0111
5674,8,25,10,weather_driven,historically_calibrated,1.568575,0.266658,9.9589,10.1051,0.127,0.0193
5675,8,25,11,weather_driven,historically_calibrated,1.547021,0.262994,9.879,10.1473,0.2307,0.0376
5676,8,25,12,weather_driven,historically_calibrated,1.618537,0.275151,10.141,10.5464,0.3162,0.0892
5677,8,25,13,weather_driven,historically_calibrated,1.785514,0.303537,10.7216,11.4271,0.5314,0.1741
5678,8,25,14,weather_driven,historically_calibrated,1.812415,0.308111,10.8114,11.7961,0.74,0.2447
5679,8,25,15,weather_driven,historically_calibrated,1.89932,0.322884,11.0949,11.9267,0.5871,0.2447
5680,8,25,16,weather_driven,historically_calibrated,2.032112,0.345459,11.5099,12.4273,0.3059,0.6116
5681,8,25,17,weather_driven,historically_calibrated,2.357432,0.400763,12.4453,12.7654,0.3201,0.0
5682,8,25,18,weather_driven,historically_calibrated,2.355799,0.400486,12.4408,12.6314,0.1892,0.0014
5683,8,25,19,weather_driven,historically_calibrated,1.978354,0.33632,11.3445,11.43,0.0855,0.0
5684,8,25,20,weather_driven,historically_calibrated,1.755862,0.298497,10.6215,10.6383,0.0168,0.0
5685,8,25,21,weather_driven,historically_calibrated,1.556532,0.26461,9.9143,9.9143,0.0,0.0
5686,8,25,22,weather_driven,historically_calibrated,1.284041,0.218287,8.8361,8.8361,0.0,0.0
5687,8,25,23,weather_driven,historically_calibrated,1.167814,0.198528,8.3289,8.3289,0.0,0.0
5688,8,25,24,weather_driven,historically_calibrated,0.834961,0.141943,6.6726,6.6726,0.0,0.0
5689,8,26,1,weather_driven,historically_calibrated,0.753518,0.128098,6.2103,6.2103,0.0,0.0
5690,8,26,2,weather_driven,historically_calibrated,0.734068,0.124792,6.0959,6.0959,0.0,0.0
5691,8,26,3,weather_driven,historically_calibrated,0.720725,0.122523,6.0165,6.0165,0.0,0.0
5692,8,26,4,weather_driven,historically_calibrated,0.716209,0.121756,5.9894,5.9894,0.0,0.0
5693,8,26,5,weather_driven,historically_calibrated,0.716673,0.121834,5.9922,5.9922,0.0,0.0
5694,8,26,6,weather_driven,historically_calibrated,0.73734,0.125348,6.1153,6.1153,0.0,0.0
5695,8,26,7,weather_driven,historically_calibrated,1.112737,0.189165,8.0771,8.1108,0.0337,0.0
5696,8,26,8,weather_driven,historically_calibrated,1.333155,0.226636,9.0413,9.1631,0.1218,0.0
5697,8,26,9,weather_driven,historically_calibrated,1.598875,0.271809,10.0698,10.3018,0.232,0.0
5698,8,26,10,weather_driven,historically_calibrated,1.699022,0.288834,10.426,10.8446,0.4186,0.0
5699,8,26,11,weather_driven,historically_calibrated,1.703819,0.289649,10.4427,10.9948,0.5521,0.0
5700,8,26,12,weather_driven,historically_calibrated,1.677064,0.285101,10.3492,10.9752,0.626,0.0
5701,8,26,13,weather_driven,historically_calibrated,1.737783,0.295423,10.5598,11.2454,0.6856,0.0
5702,8,26,14,weather_driven,historically_calibrated,1.767672,0.300504,10.6615,11.3075,0.6312,0.0148
5703,8,26,15,weather_driven,historically_calibrated,1.80313,0.306532,10.7805,11.4562,0.5016,0.1741
5704,8,26,16,weather_driven,historically_calibrated,1.870007,0.317901,11.0004,11.7755,0.3745,0.4005
5705,8,26,17,weather_driven,historically_calibrated,1.516011,0.257722,9.7628,11.2727,0.2773,1.2326
5706,8,26,18,weather_driven,historically_calibrated,1.376626,0.234026,9.2187,11.0581,0.1801,1.6593
5707,8,26,19,weather_driven,historically_calibrated,1.369939,0.23289,9.1917,10.2279,0.0868,0.9494
5708,8,26,20,weather_driven,historically_calibrated,1.465099,0.249067,9.5682,9.7993,0.0117,0.2194
5709,8,26,21,weather_driven,historically_calibrated,1.308234,0.2224,8.9378,9.2699,0.0,0.332
5710,8,26,22,weather_driven,historically_calibrated,1.20602,0.205023,8.4991,8.771,0.0,0.2718
5711,8,26,23,weather_driven,historically_calibrated,1.131369,0.192333,8.1631,8.2663,0.0,0.1032
5712,8,26,24,weather_driven,historically_calibrated,0.74901,0.127332,6.1839,6.2216,0.0,0.0376
5713,8,27,1,weather_driven,historically_calibrated,0.747288,0.127039,6.1738,6.182,0.0,0.0081
5714,8,27,2,weather_driven,historically_calibrated,0.739995,0.125799,6.1309,6.1348,0.0,0.0038
5715,8,27,3,weather_driven,historically_calibrated,0.72522,0.123287,6.0433,6.0472,0.0,0.0038
5716,8,27,4,weather_driven,historically_calibrated,0.690055,0.117309,5.831,5.8313,0.0,0.0003
5717,8,27,5,weather_driven,historically_calibrated,0.692685,0.117756,5.847,5.8494,0.0,0.0024
5718,8,27,6,weather_driven,historically_calibrated,0.721082,0.122584,6.0186,6.0186,0.0,0.0
5719,8,27,7,weather_driven,historically_calibrated,1.041902,0.177123,7.7413,7.762,0.0207,0.0
5720,8,27,8,weather_driven,historically_calibrated,1.129535,0.192021,8.1547,8.2143,0.0596,0.0
5721,8,27,9,weather_driven,historically_calibrated,1.216244,0.206762,8.5441,8.6919,0.1477,0.0
5722,8,27,10,weather_driven,historically_calibrated,1.330803,0.226237,9.0316,9.2714,0.2398,0.0
5723,8,27,11,weather_driven,historically_calibrated,1.352601,0.229942,9.1211,9.5968,0.4756,0.0
5724,8,27,12,weather_driven,historically_calibrated,1.387001,0.23579,9.2605,9.9318,0.6713,0.0
5725,8,27,13,weather_driven,historically_calibrated,1.422078,0.241753,9.4001,10.1492,0.7491,0.0
5726,8,27,14,weather_driven,historically_calibrated,1.55202,0.263843,9.8976,10.6311,0.7335,0.0
5727,8,27,15,weather_driven,historically_calibrated,1.714846,0.291524,10.4809,11.1911,0.7102,0.0
5728,8,27,16,weather_driven,historically_calibrated,1.895192,0.322183,11.0817,11.5949,0.5132,0.0
5729,8,27,17,weather_driven,historically_calibrated,2.100869,0.357148,11.7168,12.0317,0.3149,0.0
5730,8,27,18,weather_driven,historically_calibrated,1.916958,0.325883,11.1513,11.3357,0.1763,0.0081
5731,8,27,19,weather_driven,historically_calibrated,1.523445,0.258986,9.7908,10.5793,0.0752,0.7133
5732,8,27,20,weather_driven,historically_calibrated,1.556523,0.264609,9.9143,10.0813,0.013,0.1541
5733,8,27,21,weather_driven,historically_calibrated,1.385307,0.235502,9.2537,9.2648,0.0,0.0111
5734,8,27,22,weather_driven,historically_calibrated,1.19093,0.202458,8.4323,8.4362,0.0,0.0038
5735,8,27,23,weather_driven,historically_calibrated,1.010413,0.17177,7.5874,7.5912,0.0,0.0038
5736,8,27,24,weather_driven,historically_calibrated,0.690029,0.117305,5.8308,5.8365,0.0,0.0057
5737,8,28,1,weather_driven,historically_calibrated,0.642125,0.109161,5.5323,5.5361,0.0,0.0038
5738,8,28,2,weather_driven,historically_calibrated,0.641608,0.109073,5.529,5.5401,0.0,0.0111
5739,8,28,3,weather_driven,historically_calibrated,0.645654,0.109761,5.5546,5.5546,0.0,0.0
5740,8,28,4,weather_driven,historically_calibrated,0.651857,0.110816,5.5938,5.5962,0.0,0.0024
5741,8,28,5,weather_driven,historically_calibrated,0.667012,0.113392,5.6887,5.6901,0.0,0.0014
5742,8,28,6,weather_driven,historically_calibrated,0.693941,0.11797,5.8547,5.8547,0.0,0.0
5743,8,28,7,weather_driven,historically_calibrated,0.941822,0.16011,7.2419,7.286,0.0441,0.0
5744,8,28,8,weather_driven,historically_calibrated,1.105766,0.18798,8.0446,8.1794,0.1348,0.0
5745,8,28,9,weather_driven,historically_calibrated,1.19473,0.203104,8.4492,8.6566,0.2074,0.0
5746,8,28,10,weather_driven,historically_calibrated,1.250087,0.212515,8.6912,8.9219,0.2307,0.0
5747,8,28,11,weather_driven,historically_calibrated,1.27509,0.216765,8.7982,9.0509,0.2527,0.0
5748,8,28,12,weather_driven,historically_calibrated,1.25488,0.21333,8.7118,8.9995,0.2877,0.0
5749,8,28,13,weather_driven,historically_calibrated,1.288558,0.219055,8.8552,9.1287,0.2735,0.0
5750,8,28,14,weather_driven,historically_calibrated,1.369273,0.232776,9.189,9.5026,0.3136,0.0
5751,8,28,15,weather_driven,historically_calibrated,1.488549,0.253053,9.6584,9.998,0.302,0.0376
5752,8,28,16,weather_driven,historically_calibrated,1.53746,0.261368,9.8434,10.3549,0.2398,0.2718
5753,8,28,17,weather_driven,historically_calibrated,1.632949,0.277601,10.1928,10.5198,0.1529,0.1741
5754,8,28,18,weather_driven,historically_calibrated,1.647223,0.280028,10.2437,10.4236,0.0907,0.0892
5755,8,28,19,weather_driven,historically_calibrated,1.509964,0.256694,9.7399,9.8107,0.0402,0.0306
5756,8,28,20,weather_driven,historically_calibrated,1.439297,0.244681,9.4678,9.4733,0.0052,0.0003
5757,8,28,21,weather_driven,historically_calibrated,1.307074,0.222203,8.933,8.933,0.0,0.0
5758,8,28,22,weather_driven,historically_calibrated,1.144607,0.194583,8.2237,8.2237,0.0,0.0
5759,8,28,23,weather_driven,historically_calibrated,0.950269,0.161546,7.2853,7.2853,0.0,0.0
5760,8,28,24,weather_driven,historically_calibrated,0.690912,0.117455,5.8362,5.8365,0.0,0.0003
5761,8,29,1,weather_driven,historically_calibrated,0.642728,0.109264,5.5361,5.5361,0.0,0.0
5762,8,29,2,weather_driven,historically_calibrated,0.643365,0.109372,5.5401,5.5401,0.0,0.0
5763,8,29,3,weather_driven,historically_calibrated,0.645656,0.109762,5.5546,5.5546,0.0,0.0
5764,8,29,4,weather_driven,historically_calibrated,0.652239,0.110881,5.5962,5.5962,0.0,0.0
5765,8,29,5,weather_driven,historically_calibrated,0.667236,0.11343,5.6901,5.6901,0.0,0.0
5766,8,29,6,weather_driven,historically_calibrated,0.693941,0.11797,5.8547,5.8547,0.0,0.0
5767,8,29,7,weather_driven,historically_calibrated,0.941067,0.159981,7.238,7.286,0.048,0.0
5768,8,29,8,weather_driven,historically_calibrated,0.960724,0.163323,7.3386,7.4812,0.1426,0.0
5769,8,29,9,weather_driven,historically_calibrated,1.110526,0.188789,8.0668,8.3389,0.2722,0.0
5770,8,29,10,weather_driven,historically_calibrated,1.206062,0.20503,8.4993,8.9568,0.4575,0.0
5771,8,29,11,weather_driven,historically_calibrated,1.199581,0.203929,8.4707,9.085,0.6143,0.0
5772,8,29,12,weather_driven,historically_calibrated,1.186745,0.201747,8.4137,8.9995,0.5858,0.0
5773,8,29,13,weather_driven,historically_calibrated,1.214129,0.206402,8.5348,9.0299,0.4951,0.0
5774,8,29,14,weather_driven,historically_calibrated,1.36031,0.231253,9.1526,9.4362,0.2812,0.0024
5775,8,29,15,weather_driven,historically_calibrated,1.446427,0.245893,9.4957,9.9639,0.4601,0.0081
5776,8,29,16,weather_driven,historically_calibrated,1.517235,0.25793,9.7674,10.3195,0.5145,0.0376
5777,8,29,17,weather_driven,historically_calibrated,1.65377,0.281141,10.267,10.5936,0.3266,0.0
5778,8,29,18,weather_driven,historically_calibrated,1.194758,0.203109,8.4493,9.7776,0.1711,1.1571
5779,8,29,19,weather_driven,historically_calibrated,1.230398,0.209168,8.6059,9.3879,0.0687,0.7133
5780,8,29,20,weather_driven,historically_calibrated,1.266968,0.215385,8.7636,9.0173,0.0091,0.2447
5781,8,29,21,weather_driven,historically_calibrated,1.154035,0.196186,8.2666,8.3431,0.0,0.0764
5782,8,29,22,weather_driven,historically_calibrated,1.016963,0.172884,7.6197,7.6573,0.0,0.0376
5783,8,29,23,weather_driven,historically_calibrated,0.950252,0.161543,7.2852,7.2853,0.0,0.0001
5784,8,29,24,weather_driven,historically_calibrated,0.690962,0.117463,5.8365,5.8365,0.0,0.0
5785,8,30,1,weather_driven,historically_calibrated,0.642728,0.109264,5.5361,5.5361,0.0,0.0
5786,8,30,2,weather_driven,historically_calibrated,0.643365,0.109372,5.5401,5.5401,0.0,0.0
5787,8,30,3,weather_driven,historically_calibrated,0.645656,0.109762,5.5546,5.5546,0.0,0.0
5788,8,30,4,weather_driven,historically_calibrated,0.652239,0.110881,5.5962,5.5962,0.0,0.0
5789,8,30,5,weather_driven,historically_calibrated,0.667236,0.11343,5.6901,5.6901,0.0,0.0
5790,8,30,6,weather_driven,historically_calibrated,0.693941,0.11797,5.8547,5.8547,0.0,0.0
5791,8,30,7,weather_driven,historically_calibrated,0.945857,0.160796,7.2627,7.286,0.0233,0.0
5792,8,30,8,weather_driven,historically_calibrated,0.973262,0.165455,7.4021,7.4812,0.0791,0.0
5793,8,30,9,weather_driven,historically_calibrated,1.081335,0.183827,7.9299,8.0919,0.162,0.0
5794,8,30,10,weather_driven,historically_calibrated,1.144053,0.194489,8.2212,8.5374,0.3162,0.0
5795,8,30,11,weather_driven,historically_calibrated,1.175929,0.199908,8.3654,8.8462,0.4808,0.0
5796,8,30,12,weather_driven,historically_calibrated,1.165591,0.19815,8.3189,9.0661,0.7465,0.0007
5797,8,30,13,weather_driven,historically_calibrated,1.206652,0.205131,8.5019,9.3591,0.8515,0.0057
5798,8,30,14,weather_driven,historically_calibrated,1.29095,0.219462,8.8653,9.7349,0.832,0.0376
5799,8,30,15,weather_driven,historically_calibrated,1.418904,0.241214,9.3876,10.1003,0.6882,0.0245
5800,8,30,16,weather_driven,historically_calibrated,1.550052,0.263509,9.8903,10.3904,0.4977,0.0024
5801,8,30,17,weather_driven,historically_calibrated,1.717488,0.291973,10.49,10.8148,0.3136,0.0111
5802,8,30,18,weather_driven,historically_calibrated,1.720697,0.292518,10.5011,10.6896,0.1737,0.0148
5803,8,30,19,weather_driven,historically_calibrated,1.602061,0.27235,10.0814,10.1565,0.0752,0.0
5804,8,30,20,weather_driven,historically_calibrated,1.428177,0.24279,9.4242,9.5873,0.0091,0.1541
5805,8,30,21,weather_driven,historically_calibrated,1.244442,0.211555,8.6668,8.7855,0.0,0.1187
5806,8,30,22,weather_driven,historically_calibrated,1.073474,0.182491,7.8926,8.0467,0.0,0.1541
5807,8,30,23,weather_driven,historically_calibrated,0.986392,0.167687,7.4681,7.5572,0.0,0.0892
5808,8,30,24,weather_driven,historically_calibrated,0.680374,0.115664,5.7715,5.8365,0.0,0.065
5809,8,31,1,weather_driven,historically_calibrated,0.635552,0.108044,5.4904,5.5361,0.0,0.0457
5810,8,31,2,weather_driven,historically_calibrated,0.641608,0.109073,5.529,5.5401,0.0,0.0111
5811,8,31,3,weather_driven,historically_calibrated,0.645544,0.109742,5.5539,5.5546,0.0,0.0007
5812,8,31,4,weather_driven,historically_calibrated,0.652239,0.110881,5.5962,5.5962,0.0,0.0
5813,8,31,5,weather_driven,historically_calibrated,0.667236,0.11343,5.6901,5.6901,0.0,0.0
5814,8,31,6,weather_driven,historically_calibrated,0.693939,0.11797,5.8547,5.8547,0.0,0.0
5815,8,31,7,weather_driven,historically_calibrated,0.943569,0.160407,7.2509,7.286,0.035,0.0001
5816,8,31,8,weather_driven,historically_calibrated,1.021869,0.173718,7.6437,7.7605,0.1166,0.0001
5817,8,31,9,weather_driven,historically_calibrated,1.27701,0.217092,8.8063,9.0448,0.2385,0.0
5818,8,31,10,weather_driven,historically_calibrated,1.387311,0.235843,9.2617,9.7257,0.464,0.0
5819,8,31,11,weather_driven,historically_calibrated,1.371703,0.233189,9.1988,9.9038,0.705,0.0
5820,8,31,12,weather_driven,historically_calibrated,1.38328,0.235158,9.2455,10.0983,0.8528,0.0
5821,8,31,13,weather_driven,historically_calibrated,1.398188,0.237692,9.3053,10.2151,0.9098,0.0
5822,8,31,14,weather_driven,historically_calibrated,1.500559,0.255095,9.7042,10.5648,0.8605,0.0
5823,8,31,15,weather_driven,historically_calibrated,1.628112,0.276779,10.1754,10.8843,0.7089,0.0
5824,8,31,16,weather_driven,historically_calibrated,1.802871,0.306488,10.7797,11.2761,0.4964,0.0
5825,8,31,17,weather_driven,historically_calibrated,1.905396,0.323917,11.1144,11.4417,0.3266,0.0007
5826,8,31,18,weather_driven,historically_calibrated,1.902749,0.323467,11.1059,11.2977,0.1879,0.0038
5827,8,31,19,weather_driven,historically_calibrated,1.74136,0.296031,10.5721,10.6561,0.0816,0.0024
5828,8,31,20,weather_driven,historically_calibrated,1.488609,0.253064,9.6586,9.9673,0.0078,0.3009
5829,8,31,21,weather_driven,historically_calibrated,1.273299,0.216461,8.7905,9.1911,0.0,0.4005
5830,8,31,22,weather_driven,historically_calibrated,1.09627,0.186366,8.0002,8.4008,0.0,0.4005
5831,8,31,23,weather_driven,historically_calibrated,0.91704,0.155897,7.1134,7.5912,0.0,0.4779
5832,8,31,24,weather_driven,historically_calibrated,0.615062,0.104561,5.3586,5.8365,0.0,0.4779
5833,9,1,1,weather_driven,historically_calibrated,0.511123,0.086891,4.6551,5.0932,0.0,0.4381
5834,9,1,2,weather_driven,historically_calibrated,0.526752,0.089548,4.7649,5.0969,0.0,0.332
5835,9,1,3,weather_driven,historically_calibrated,0.537347,0.091349,4.8385,5.1103,0.0,0.2718
5836,9,1,4,weather_driven,historically_calibrated,0.546847,0.092964,4.9039,5.1485,0.0,0.2447
5837,9,1,5,weather_driven,historically_calibrated,0.582654,0.099051,5.1457,5.2349,0.0,0.0892
5838,9,1,6,weather_driven,historically_calibrated,0.607564,0.103286,5.3099,5.3863,0.0,0.0764
5839,9,1,7,weather_driven,historically_calibrated,0.822421,0.139812,6.6031,6.7031,0.035,0.065
5840,9,1,8,weather_driven,historically_calibrated,0.858207,0.145895,6.7999,6.9469,0.1322,0.0148
5841,9,1,9,weather_driven,historically_calibrated,1.005499,0.170935,7.5632,7.8991,0.2903,0.0457
5842,9,1,10,weather_driven,historically_calibrated,1.085039,0.184457,7.9474,8.5939,0.4925,0.1541
5843,9,1,11,weather_driven,historically_calibrated,1.115454,0.189627,8.0897,8.9546,0.6908,0.1741
5844,9,1,12,weather_driven,historically_calibrated,1.166167,0.198248,8.3215,9.2904,0.8333,0.1356
5845,9,1,13,weather_driven,historically_calibrated,1.250771,0.212631,8.6941,9.6099,0.8852,0.0306
5846,9,1,14,weather_driven,historically_calibrated,1.335002,0.22695,9.0489,9.9028,0.8346,0.0193
5847,9,1,15,weather_driven,historically_calibrated,1.471082,0.250084,9.5913,10.2958,0.6934,0.0111
5848,9,1,16,weather_driven,historically_calibrated,1.637557,0.278385,10.2092,10.6999,0.4795,0.0111
5849,9,1,17,weather_driven,historically_calibrated,1.737817,0.295429,10.5599,10.8995,0.302,0.0376
5850,9,1,18,weather_driven,historically_calibrated,1.768554,0.300654,10.6645,10.8484,0.1646,0.0193
5851,9,1,19,weather_driven,historically_calibrated,1.571125,0.267091,9.9683,10.0865,0.0726,0.0457
5852,9,1,20,weather_driven,historically_calibrated,1.412015,0.240043,9.3603,9.5196,0.0052,0.1541
5853,9,1,21,weather_driven,historically_calibrated,1.23554,0.210042,8.6283,9.0663,0.0,0.4381
5854,9,1,22,weather_driven,historically_calibrated,1.082377,0.184004,7.9348,8.4127,0.0,0.4779
5855,9,1,23,weather_driven,historically_calibrated,0.975545,0.165843,7.4136,7.6095,0.0,0.1959
5856,9,1,24,weather_driven,historically_calibrated,0.673175,0.11444,5.727,5.8457,0.0,0.1187
5857,9,2,1,weather_driven,historically_calibrated,0.664,0.11288,5.6699,5.7349,0.0,0.065
5858,9,2,2,weather_driven,historically_calibrated,0.64019,0.108832,5.52,5.5964,0.0,0.0764
5859,9,2,3,weather_driven,historically_calibrated,0.605132,0.102872,5.294,5.3488,0.0,0.0548
5860,9,2,4,weather_driven,historically_calibrated,0.576229,0.097959,5.1029,5.1485,0.0,0.0457
5861,9,2,5,weather_driven,historically_calibrated,0.59241,0.10071,5.2104,5.2349,0.0,0.0245
5862,9,2,6,weather_driven,historically_calibrated,0.618455,0.105137,5.3806,5.3863,0.0,0.0057
5863,9,2,7,weather_driven,historically_calibrated,0.83418,0.141811,6.6683,6.7031,0.0324,0.0024
5864,9,2,8,weather_driven,historically_calibrated,1.017334,0.172947,7.6215,7.7499,0.127,0.0014
5865,9,2,9,weather_driven,historically_calibrated,1.21248,0.206122,8.5276,8.8407,0.2825,0.0306
5866,9,2,10,weather_driven,historically_calibrated,1.341099,0.227987,9.074,9.5585,0.4821,0.0024
5867,9,2,11,weather_driven,historically_calibrated,1.431699,0.243389,9.438,10.1159,0.6765,0.0014
5868,9,2,12,weather_driven,historically_calibrated,1.483473,0.25219,9.639,10.4545,0.8152,0.0003
5869,9,2,13,weather_driven,historically_calibrated,1.551314,0.263723,9.895,10.7608,0.8644,0.0014
5870,9,2,14,weather_driven,historically_calibrated,1.666088,0.283235,10.3106,11.1243,0.8113,0.0024
5871,9,2,15,weather_driven,historically_calibrated,1.846534,0.313911,10.9239,11.5817,0.6571,0.0007
5872,9,2,16,weather_driven,historically_calibrated,2.064284,0.350928,11.6074,12.0688,0.4614,0.0001
5873,9,2,17,weather_driven,historically_calibrated,2.221308,0.377622,12.0669,12.3583,0.289,0.0024
5874,9,2,18,weather_driven,historically_calibrated,2.238875,0.380609,12.1167,12.2818,0.1594,0.0057
5875,9,2,19,weather_driven,historically_calibrated,1.883608,0.320213,11.0444,11.1118,0.0674,0.0
5876,9,2,20,weather_driven,historically_calibrated,1.708324,0.290415,10.4583,10.4635,0.0052,0.0
5877,9,2,21,weather_driven,historically_calibrated,1.528228,0.259799,9.8088,9.8126,0.0,0.0038
5878,9,2,22,weather_driven,historically_calibrated,1.346037,0.228826,9.0943,9.0967,0.0,0.0024
5879,9,2,23,weather_driven,historically_calibrated,1.194528,0.20307,8.4483,8.454,0.0,0.0057
5880,9,2,24,weather_driven,historically_calibrated,0.81098,0.137867,6.5392,6.5473,0.0,0.0081
5881,9,3,1,weather_driven,historically_calibrated,0.848985,0.144327,6.7496,6.7503,0.0,0.0007
5882,9,3,2,weather_driven,historically_calibrated,0.806578,0.137118,6.5145,6.5226,0.0,0.0081
5883,9,3,3,weather_driven,historically_calibrated,0.77808,0.132274,6.3525,6.3582,0.0,0.0057
5884,9,3,4,weather_driven,historically_calibrated,0.759762,0.12916,6.2467,6.2491,0.0,0.0024
5885,9,3,5,weather_driven,historically_calibrated,0.77833,0.132316,6.354,6.354,0.0,0.0
5886,9,3,6,weather_driven,historically_calibrated,0.825407,0.140319,6.6197,6.6197,0.0,0.0
5887,9,3,7,weather_driven,historically_calibrated,1.161371,0.197433,8.2998,8.34,0.0402,0.0
5888,9,3,8,weather_driven,historically_calibrated,1.40501,0.238852,9.3325,9.4711,0.1387,0.0
5889,9,3,9,weather_driven,historically_calibrated,1.702696,0.289458,10.4388,10.7035,0.2644,0.0003
5890,9,3,10,weather_driven,historically_calibrated,1.815478,0.308631,10.8216,11.2285,0.4031,0.0038
5891,9,3,11,weather_driven,historically_calibrated,1.84281,0.313278,10.9117,11.4732,0.5534,0.0081
5892,9,3,12,weather_driven,historically_calibrated,1.786178,0.30365,10.7239,11.3968,0.6648,0.0081
5893,9,3,13,weather_driven,historically_calibrated,1.825612,0.310354,10.8551,11.5319,0.6312,0.0457
5894,9,3,14,weather_driven,historically_calibrated,1.908031,0.324365,11.1228,11.8261,0.6,0.1032
5895,9,3,15,weather_driven,historically_calibrated,1.937411,0.32936,11.2161,12.1456,0.5975,0.332
5896,9,3,16,weather_driven,historically_calibrated,2.069306,0.351782,11.6225,12.4452,0.4575,0.3652
5897,9,3,17,weather_driven,historically_calibrated,2.237642,0.380399,12.1132,12.6586,0.3007,0.2447
5898,9,3,18,weather_driven,historically_calibrated,2.035833,0.346092,11.5212,12.2097,0.1685,0.52
5899,9,3,19,weather_driven,historically_calibrated,1.735366,0.295012,10.5516,11.271,0.0583,0.6611
5900,9,3,20,weather_driven,historically_calibrated,1.533599,0.260712,9.8289,10.3094,0.0026,0.4779
5901,9,3,21,weather_driven,historically_calibrated,1.238367,0.210522,8.6405,9.3017,0.0,0.6611
5902,9,3,22,weather_driven,historically_calibrated,1.026998,0.17459,7.6688,8.3299,0.0,0.6611
5903,9,3,23,weather_driven,historically_calibrated,0.878928,0.149418,6.9117,7.5233,0.0,0.6116
5904,9,3,24,weather_driven,historically_calibrated,0.625443,0.106325,5.4257,5.8637,0.0,0.4381
5905,9,4,1,weather_driven,historically_calibrated,0.650339,0.110558,5.5842,5.9495,0.0,0.3652
5906,9,4,2,weather_driven,historically_calibrated,0.651028,0.110675,5.5886,5.9538,0.0,0.3652
5907,9,4,3,weather_driven,historically_calibrated,0.638269,0.108506,5.5078,5.8398,0.0,0.332
5908,9,4,4,weather_driven,historically_calibrated,0.654729,0.111304,5.6119,5.8313,0.0,0.2194
5909,9,4,5,weather_driven,historically_calibrated,0.648195,0.110193,5.5707,6.0088,0.0,0.4381
5910,9,4,6,weather_driven,historically_calibrated,0.756363,0.128582,6.2269,6.2645,0.0,0.0376
5911,9,4,7,weather_driven,historically_calibrated,0.820145,0.139425,6.5904,7.558,0.0181,0.9494
5912,9,4,8,weather_driven,historically_calibrated,0.860422,0.146272,6.8119,7.9001,0.0726,1.0156
5913,9,4,9,weather_driven,historically_calibrated,0.947027,0.160995,7.2687,8.2331,0.1387,0.8257
5914,9,4,10,weather_driven,historically_calibrated,0.911281,0.154918,7.0832,8.5374,0.2216,1.2326
5915,9,4,11,weather_driven,historically_calibrated,0.856689,0.145637,6.7916,8.4027,0.3784,1.2326
5916,9,4,12,weather_driven,historically_calibrated,0.871799,0.148206,6.8734,8.4002,0.4419,1.0848
5917,9,4,13,weather_driven,historically_calibrated,0.905798,0.153986,7.0544,8.569,0.499,1.0156
5918,9,4,14,weather_driven,historically_calibrated,0.875831,0.148891,6.8951,8.6396,0.6597,1.0848
5919,9,4,15,weather_driven,historically_calibrated,0.840813,0.142938,6.7048,8.7367,0.5534,1.4784
5920,9,4,16,weather_driven,historically_calibrated,0.848221,0.144198,6.7454,8.7961,0.3914,1.6593
5921,9,4,17,weather_driven,historically_calibrated,0.850565,0.144596,6.7583,8.7867,0.2735,1.755
5922,9,4,18,weather_driven,historically_calibrated,0.774355,0.13164,6.3311,8.5235,0.1283,2.0641
5923,9,4,19,weather_driven,historically_calibrated,0.771042,0.131077,6.312,8.235,0.0687,1.8543
5924,9,4,20,weather_driven,historically_calibrated,0.878013,0.149262,6.9068,8.1433,0.0039,1.2326
5925,9,4,21,weather_driven,historically_calibrated,0.898237,0.1527,7.0145,7.9006,0.0,0.8861
5926,9,4,22,weather_driven,historically_calibrated,0.881479,0.149851,6.9253,7.5865,0.0,0.6611
5927,9,4,23,weather_driven,historically_calibrated,0.786225,0.133658,6.3991,7.2853,0.0,0.8861
5928,9,4,24,weather_driven,historically_calibrated,0.587113,0.099809,5.1754,5.8365,0.0,0.6611
5929,9,5,1,weather_driven,historically_calibrated,0.563329,0.095766,5.0161,5.5361,0.0,0.52
5930,9,5,2,weather_driven,historically_calibrated,0.592058,0.10065,5.2081,5.5401,0.0,0.332
5931,9,5,3,weather_driven,historically_calibrated,0.572338,0.097298,5.0768,5.5546,0.0,0.4779
5932,9,5,4,weather_driven,historically_calibrated,0.600578,0.102098,5.2642,5.5962,0.0,0.332
5933,9,5,5,weather_driven,historically_calibrated,0.598731,0.101784,5.2521,5.6901,0.0,0.4381
5934,9,5,6,weather_driven,historically_calibrated,0.624038,0.106086,5.4166,5.8547,0.0,0.4381
5935,9,5,7,weather_driven,historically_calibrated,0.838412,0.14253,6.6916,7.286,0.0298,0.5645
5936,9,5,8,weather_driven,historically_calibrated,0.763879,0.129859,6.2706,7.4812,0.1257,1.0848
5937,9,5,9,weather_driven,historically_calibrated,0.691815,0.117609,5.8417,7.5625,0.2424,1.4784
5938,9,5,10,weather_driven,historically_calibrated,0.693304,0.117862,5.8508,7.7336,0.4044,1.4784
5939,9,5,11,weather_driven,historically_calibrated,0.71733,0.121946,5.9962,7.8909,0.5016,1.3932
5940,9,5,12,weather_driven,historically_calibrated,0.753561,0.128105,6.2106,8.1338,0.5301,1.3932
5941,9,5,13,weather_driven,historically_calibrated,0.74696,0.126983,6.1719,8.3385,0.6882,1.4784
5942,9,5,14,weather_driven,historically_calibrated,0.796422,0.135392,6.4571,8.5732,0.6376,1.4784
5943,9,5,15,weather_driven,historically_calibrated,0.817043,0.138897,6.5731,8.8389,0.6065,1.6593
5944,9,5,16,weather_driven,historically_calibrated,0.931433,0.158344,7.1883,9.0441,0.4627,1.3932
5945,9,5,17,weather_driven,historically_calibrated,0.973275,0.165457,7.4022,9.2661,0.2968,1.5671
5946,9,5,18,weather_driven,historically_calibrated,0.974564,0.165676,7.4087,9.2455,0.1776,1.6593
5947,9,5,19,weather_driven,historically_calibrated,0.947805,0.161127,7.2726,8.6578,0.0739,1.3112
5948,9,5,20,weather_driven,historically_calibrated,0.800709,0.13612,6.4814,8.1433,0.0026,1.6593
5949,9,5,21,weather_driven,historically_calibrated,0.834134,0.141803,6.668,7.9006,0.0,1.2326
5950,9,5,22,weather_driven,historically_calibrated,0.851018,0.144673,6.7607,7.5865,0.0,0.8257
5951,9,5,23,weather_driven,historically_calibrated,0.816834,0.138862,6.572,7.2853,0.0,0.7133
5952,9,5,24,weather_driven,historically_calibrated,0.55365,0.094121,4.9504,5.8365,0.0,0.8861
5953,9,6,1,weather_driven,historically_calibrated,0.472707,0.08036,4.3789,5.5361,0.0,1.1571
5954,9,6,2,weather_driven,historically_calibrated,0.452377,0.076904,4.2289,5.5401,0.0,1.3112
5955,9,6,3,weather_driven,historically_calibrated,0.443365,0.075372,4.1615,5.5546,0.0,1.3932
5956,9,6,4,weather_driven,historically_calibrated,0.470615,0.080005,4.3636,5.5962,0.0,1.2326
5957,9,6,5,weather_driven,historically_calibrated,0.53237,0.090503,4.804,5.6901,0.0,0.8861
5958,9,6,6,weather_driven,historically_calibrated,0.604543,0.102772,5.2902,5.8547,0.0,0.5645
5959,9,6,7,weather_driven,historically_calibrated,0.781814,0.132908,6.3739,7.286,0.0259,0.8861
5960,9,6,8,weather_driven,historically_calibrated,0.739942,0.12579,6.1306,7.4812,0.1179,1.2326
5961,9,6,9,weather_driven,historically_calibrated,0.672774,0.114372,5.7245,7.5625,0.2709,1.5671
5962,9,6,10,weather_driven,historically_calibrated,0.626181,0.106451,5.4304,7.5589,0.4692,1.6593
5963,9,6,11,weather_driven,historically_calibrated,0.643435,0.109384,5.5406,7.9591,0.6636,1.755
5964,9,6,12,weather_driven,historically_calibrated,0.693259,0.117854,5.8505,8.1338,0.8048,1.4784
5965,9,6,13,weather_driven,historically_calibrated,0.752363,0.127902,6.2036,8.3715,0.8567,1.3112
5966,9,6,14,weather_driven,historically_calibrated,0.816765,0.13885,6.5716,8.6064,0.8022,1.2326
5967,9,6,15,weather_driven,historically_calibrated,0.896329,0.152376,7.0044,8.9753,0.6597,1.3112
5968,9,6,16,weather_driven,historically_calibrated,1.029306,0.174982,7.6801,9.2921,0.4549,1.1571
5969,9,6,17,weather_driven,historically_calibrated,1.077159,0.183117,7.9101,9.4136,0.2709,1.2326
5970,9,6,18,weather_driven,historically_calibrated,1.118652,0.190171,8.1045,9.3215,0.1322,1.0848
5971,9,6,19,weather_driven,historically_calibrated,1.115764,0.18968,8.0911,8.6578,0.0467,0.52
5972,9,6,20,weather_driven,historically_calibrated,1.106493,0.188104,8.048,8.2953,0.0026,0.2447
5973,9,6,21,weather_driven,historically_calibrated,1.02437,0.174143,7.656,7.9006,0.0,0.2447
5974,9,6,22,weather_driven,historically_calibrated,0.930981,0.158267,7.1859,7.5865,0.0,0.4005
5975,9,6,23,weather_driven,historically_calibrated,0.859593,0.146131,6.8074,7.2853,0.0,0.4779
5976,9,6,24,weather_driven,historically_calibrated,0.579272,0.098476,5.1232,5.8365,0.0,0.7133
5977,9,7,1,weather_driven,historically_calibrated,0.54264,0.092249,4.875,5.5361,0.0,0.6611
5978,9,7,2,weather_driven,historically_calibrated,0.527769,0.089721,4.772,5.5401,0.0,0.7682
5979,9,7,3,weather_driven,historically_calibrated,0.559493,0.095114,4.9901,5.5546,0.0,0.5645
5980,9,7,4,weather_driven,historically_calibrated,0.578381,0.098325,5.1173,5.6373,0.0,0.52
5981,9,7,5,weather_driven,historically_calibrated,0.674244,0.114621,5.7336,6.0657,0.0,0.332
5982,9,7,6,weather_driven,historically_calibrated,0.704493,0.119764,5.9188,6.284,0.0,0.3652
5983,9,7,7,weather_driven,historically_calibrated,0.893526,0.151899,6.9895,7.286,0.0246,0.2718
5984,9,7,8,weather_driven,historically_calibrated,0.922879,0.156889,7.1438,7.4812,0.1179,0.2194
5985,9,7,9,weather_driven,historically_calibrated,0.912931,0.155198,7.0919,7.5625,0.2748,0.1959
5986,9,7,10,weather_driven,historically_calibrated,0.877962,0.149254,6.9065,7.5589,0.4782,0.1741
5987,9,7,11,weather_driven,historically_calibrated,0.945879,0.160799,7.2628,8.1638,0.6817,0.2194
5988,9,7,12,weather_driven,historically_calibrated,0.991288,0.168519,7.4925,8.5667,0.8294,0.2447
5989,9,7,13,weather_driven,historically_calibrated,1.049515,0.178418,7.778,8.9311,0.8813,0.2718
5990,9,7,14,weather_driven,historically_calibrated,1.146972,0.194985,8.2345,9.3034,0.8243,0.2447
5991,9,7,15,weather_driven,historically_calibrated,1.281772,0.217901,8.8265,9.6571,0.6765,0.1541
5992,9,7,16,weather_driven,historically_calibrated,1.423326,0.241965,9.4051,10.0007,0.4769,0.1187
5993,9,7,17,weather_driven,historically_calibrated,1.507628,0.256297,9.7311,10.1142,0.2799,0.1032
5994,9,7,18,weather_driven,historically_calibrated,1.473716,0.250532,9.6015,9.9296,0.1322,0.1959
5995,9,7,19,weather_driven,historically_calibrated,1.303039,0.221517,8.9161,9.1573,0.0454,0.1959
5996,9,7,20,weather_driven,historically_calibrated,1.121139,0.190594,8.116,8.6373,0.0013,0.52
5997,9,7,21,weather_driven,historically_calibrated,0.920697,0.156519,7.1325,7.9006,0.0,0.7682
5998,9,7,22,weather_driven,historically_calibrated,0.899641,0.152939,7.0219,7.5865,0.0,0.5645
5999,9,7,23,weather_driven,historically_calibrated,0.903179,0.15354,7.0406,7.2853,0.0,0.2447
6000,9,7,24,weather_driven,historically_calibrated,0.678518,0.115348,5.7601,5.8365,0.0,0.0764
6001,9,8,1,weather_driven,historically_calibrated,0.571136,0.097093,5.0687,5.0932,0.0,0.0245
6002,9,8,2,weather_driven,historically_calibrated,0.567191,0.096422,5.0422,5.0969,0.0,0.0548
6003,9,8,3,weather_driven,historically_calibrated,0.57446,0.097658,5.091,5.1103,0.0,0.0193
6004,9,8,4,weather_driven,historically_calibrated,0.580844,0.098743,5.1337,5.1485,0.0,0.0148
6005,9,8,5,weather_driven,historically_calibrated,0.594432,0.101053,5.2238,5.2349,0.0,0.0111
6006,9,8,6,weather_driven,historically_calibrated,0.616361,0.104781,5.3671,5.3863,0.0,0.0193
6007,9,8,7,weather_driven,historically_calibrated,0.823585,0.14001,6.6096,6.7031,0.0285,0.065
6008,9,8,8,weather_driven,historically_calibrated,0.84805,0.144169,6.7445,6.8827,0.127,0.0111
6009,9,8,9,weather_driven,historically_calibrated,0.838253,0.142503,6.6908,6.99,0.2748,0.0245
6010,9,8,10,weather_driven,historically_calibrated,0.930619,0.158205,7.1841,7.6294,0.4342,0.0111
6011,9,8,11,weather_driven,historically_calibrated,0.97661,0.166024,7.419,7.9502,0.5119,0.0193
6012,9,8,12,weather_driven,historically_calibrated,0.996353,0.16938,7.5178,8.1264,0.578,0.0306
6013,9,8,13,weather_driven,historically_calibrated,1.094856,0.186125,7.9936,8.5801,0.5858,0.0007
6014,9,8,14,weather_driven,historically_calibrated,1.136934,0.193279,8.1887,8.8951,0.7063,0.0001
6015,9,8,15,weather_driven,historically_calibrated,1.258706,0.21398,8.7282,9.3236,0.5897,0.0057
6016,9,8,16,weather_driven,historically_calibrated,1.363372,0.231773,9.165,9.6243,0.4536,0.0057
6017,9,8,17,weather_driven,historically_calibrated,1.325404,0.225319,9.0093,9.78,0.2929,0.4779
6018,9,8,18,weather_driven,historically_calibrated,1.454084,0.247194,9.5255,9.8345,0.1348,0.1741
6019,9,8,19,weather_driven,historically_calibrated,1.376365,0.233982,9.2176,9.3087,0.0454,0.0457
6020,9,8,20,weather_driven,historically_calibrated,1.260264,0.214245,8.7349,8.8903,0.0013,0.1541
6021,9,8,21,weather_driven,historically_calibrated,1.107586,0.18829,8.0531,8.354,0.0,0.3009
6022,9,8,22,weather_driven,historically_calibrated,0.964771,0.164011,7.3592,7.631,0.0,0.2718
6023,9,8,23,weather_driven,historically_calibrated,0.83685,0.142264,6.683,6.9839,0.0,0.3009
6024,9,8,24,weather_driven,historically_calibrated,0.579214,0.098466,5.1228,5.3946,0.0,0.2718
6025,9,9,1,weather_driven,historically_calibrated,0.618005,0.105061,5.3777,5.4022,0.0,0.0245
6026,9,9,2,weather_driven,historically_calibrated,0.600755,0.102128,5.2653,5.311,0.0,0.0457
6027,9,9,3,weather_driven,historically_calibrated,0.592385,0.100705,5.2103,5.2295,0.0,0.0193
6028,9,9,4,weather_driven,historically_calibrated,0.581851,0.098915,5.1404,5.1485,0.0,0.0081
6029,9,9,5,weather_driven,historically_calibrated,0.596124,0.101341,5.2349,5.2349,0.0,0.0
6030,9,9,6,weather_driven,historically_calibrated,0.617044,0.104898,5.3715,5.3863,0.0,0.0148
6031,9,9,7,weather_driven,historically_calibrated,0.834945,0.141941,6.6725,6.7031,0.0194,0.0111
6032,9,9,8,weather_driven,historically_calibrated,0.945211,0.160686,7.2593,7.3966,0.1128,0.0245
6033,9,9,9,weather_driven,historically_calibrated,1.074513,0.182667,7.8976,8.1264,0.2281,0.0007
6034,9,9,10,weather_driven,historically_calibrated,1.070398,0.181968,7.878,8.4332,0.381,0.1741
6035,9,9,11,weather_driven,historically_calibrated,1.074405,0.182649,7.8971,8.3268,0.4186,0.0111
6036,9,9,12,weather_driven,historically_calibrated,1.037527,0.17638,7.7201,8.157,0.372,0.065
6037,9,9,13,weather_driven,historically_calibrated,1.086382,0.184685,7.9537,8.2166,0.2436,0.0193
6038,9,9,14,weather_driven,historically_calibrated,1.165296,0.1981,8.3176,8.5286,0.2087,0.0024
6039,9,9,15,weather_driven,historically_calibrated,1.215557,0.206645,8.5411,8.8845,0.3434,0.0
6040,9,9,16,weather_driven,historically_calibrated,1.284776,0.218412,8.8392,9.2332,0.394,0.0
6041,9,9,17,weather_driven,historically_calibrated,1.380951,0.234762,9.2361,9.4747,0.2385,0.0001
6042,9,9,18,weather_driven,historically_calibrated,1.41764,0.240999,9.3826,9.5198,0.1348,0.0024
6043,9,9,19,weather_driven,historically_calibrated,1.31754,0.223982,8.9766,9.0258,0.0454,0.0038
6044,9,9,20,weather_driven,historically_calibrated,1.255114,0.213369,8.7128,8.7504,0.0,0.0376
6045,9,9,21,weather_driven,historically_calibrated,1.1701,0.198917,8.3392,8.354,0.0,0.0148
6046,9,9,22,weather_driven,historically_calibrated,1.031428,0.175343,7.6904,7.6961,0.0,0.0057
6047,9,9,23,weather_driven,historically_calibrated,0.963672,0.163824,7.3536,7.3593,0.0,0.0057
6048,9,9,24,weather_driven,historically_calibrated,0.679823,0.11557,5.7681,5.7705,0.0,0.0024
6049,9,10,1,weather_driven,historically_calibrated,0.757517,0.128778,6.2336,6.2336,0.0,0.0
6050,9,10,2,weather_driven,historically_calibrated,0.739995,0.125799,6.1309,6.1348,0.0,0.0038
6051,9,10,3,weather_driven,historically_calibrated,0.681724,0.115893,5.7798,5.7879,0.0,0.0081
6052,9,10,4,weather_driven,historically_calibrated,0.654361,0.111241,5.6096,5.6746,0.0,0.065
6053,9,10,5,weather_driven,historically_calibrated,0.667234,0.11343,5.6901,5.6901,0.0,0.0
6054,9,10,6,weather_driven,historically_calibrated,0.734844,0.124923,6.1005,6.1006,0.0,0.0001
6055,9,10,7,weather_driven,historically_calibrated,0.944735,0.160605,7.2569,7.286,0.0143,0.0148
6056,9,10,8,weather_driven,historically_calibrated,0.985105,0.167468,7.4616,7.5161,0.0544,0.0
6057,9,10,9,weather_driven,historically_calibrated,0.977576,0.166188,7.4238,7.5625,0.1387,0.0
6058,9,10,10,weather_driven,historically_calibrated,1.009862,0.171677,7.5847,7.8385,0.1646,0.0892
6059,9,10,11,weather_driven,historically_calibrated,1.056767,0.17965,7.8129,8.3685,0.2838,0.2718
6060,9,10,12,weather_driven,historically_calibrated,0.918207,0.156095,7.1195,8.4668,0.3979,0.9494
6061,9,10,13,weather_driven,historically_calibrated,0.68926,0.117174,5.8261,8.4702,0.3551,2.289
6062,9,10,14,weather_driven,historically_calibrated,1.09216,0.185667,7.9809,8.8387,0.2462,0.6116
6063,9,10,15,weather_driven,historically_calibrated,0.547549,0.093083,4.9087,9.3162,0.2475,4.16
6064,9,10,16,weather_driven,historically_calibrated,0.652897,0.110992,5.6004,7.7333,0.2786,1.8543
6065,9,10,17,weather_driven,historically_calibrated,1.11684,0.189863,8.0961,8.7867,0.0791,0.6116
6066,9,10,18,weather_driven,historically_calibrated,1.313709,0.223331,8.9607,9.2455,0.0402,0.2447
6067,9,10,19,weather_driven,historically_calibrated,1.300863,0.221147,8.907,9.0805,0.0194,0.1541
6068,9,10,20,weather_driven,historically_calibrated,0.844529,0.14357,6.7252,8.7893,0.0,2.0641
6069,9,10,21,weather_driven,historically_calibrated,0.944994,0.160649,7.2582,8.3431,0.0,1.0848
6070,9,10,22,weather_driven,historically_calibrated,0.999506,0.169916,7.5335,8.0113,0.0,0.4779
6071,9,10,23,weather_driven,historically_calibrated,0.839481,0.142712,6.6975,7.5233,0.0,0.8257
6072,9,10,24,weather_driven,historically_calibrated,0.618499,0.105145,5.3809,5.9455,0.0,0.5645
6073,9,11,1,weather_driven,historically_calibrated,0.65697,0.111685,5.626,5.8978,0.0,0.2718
6074,9,11,2,weather_driven,historically_calibrated,0.669765,0.11386,5.7058,5.8245,0.0,0.1187
6075,9,11,3,weather_driven,historically_calibrated,0.662216,0.112577,5.6588,5.762,0.0,0.1032
6076,9,11,4,weather_driven,historically_calibrated,0.662694,0.112658,5.6618,5.7268,0.0,0.065
6077,9,11,5,weather_driven,historically_calibrated,0.656837,0.111662,5.6251,5.6901,0.0,0.065
6078,9,11,6,weather_driven,historically_calibrated,0.681469,0.11585,5.7783,5.8547,0.0,0.0764
6079,9,11,7,weather_driven,historically_calibrated,0.934974,0.158946,7.2066,7.286,0.0246,0.0548
6080,9,11,8,weather_driven,historically_calibrated,0.949299,0.161381,7.2803,7.4812,0.1244,0.0764
6081,9,11,9,weather_driven,historically_calibrated,0.951685,0.161786,7.2925,7.8449,0.2514,0.3009
6082,9,11,10,weather_driven,historically_calibrated,0.883771,0.150241,6.9376,8.2229,0.3992,0.8861
6083,9,11,11,weather_driven,historically_calibrated,0.81564,0.138659,6.5653,8.3344,0.5365,1.2326
6084,9,11,12,weather_driven,historically_calibrated,0.823696,0.140028,6.6102,8.3003,0.6052,1.0848
6085,9,11,13,weather_driven,historically_calibrated,0.88378,0.150243,6.9376,8.4044,0.5806,0.8861
6086,9,11,14,weather_driven,historically_calibrated,0.944267,0.160525,7.2545,8.6396,0.499,0.8861
6087,9,11,15,weather_driven,historically_calibrated,0.945235,0.16069,7.2595,9.1798,0.4419,1.4784
6088,9,11,16,weather_driven,historically_calibrated,0.927358,0.157651,7.1671,7.875,0.3758,0.332
6089,9,11,17,weather_driven,historically_calibrated,1.056047,0.179528,7.8094,8.0123,0.0842,0.1187
6090,9,11,18,weather_driven,historically_calibrated,1.119635,0.190338,8.109,8.1434,0.0337,0.0007
6091,9,11,19,weather_driven,historically_calibrated,1.145703,0.194769,8.2287,8.235,0.0039,0.0024
6092,9,11,20,weather_driven,historically_calibrated,1.127049,0.191598,8.1433,8.1433,0.0,0.0
6093,9,11,21,weather_driven,historically_calibrated,1.075157,0.182777,7.9006,7.9006,0.0,0.0
6094,9,11,22,weather_driven,historically_calibrated,1.01022,0.171737,7.5865,7.5865,0.0,0.0
6095,9,11,23,weather_driven,historically_calibrated,0.950269,0.161546,7.2853,7.2853,0.0,0.0
6096,9,11,24,weather_driven,historically_calibrated,0.690962,0.117463,5.8365,5.8365,0.0,0.0
6097,9,12,1,weather_driven,historically_calibrated,0.642348,0.109199,5.5337,5.5361,0.0,0.0024
6098,9,12,2,weather_driven,historically_calibrated,0.643145,0.109335,5.5387,5.5401,0.0,0.0014
6099,9,12,3,weather_driven,historically_calibrated,0.645656,0.109762,5.5546,5.5546,0.0,0.0
6100,9,12,4,weather_driven,historically_calibrated,0.652239,0.110881,5.5962,5.5962,0.0,0.0
6101,9,12,5,weather_driven,historically_calibrated,0.667236,0.11343,5.6901,5.6901,0.0,0.0
6102,9,12,6,weather_driven,historically_calibrated,0.693941,0.11797,5.8547,5.8547,0.0,0.0
6103,9,12,7,weather_driven,historically_calibrated,0.94712,0.16101,7.2691,7.286,0.0168,0.0
6104,9,12,8,weather_driven,historically_calibrated,0.967621,0.164495,7.3736,7.4812,0.1076,0.0
6105,9,12,9,weather_driven,historically_calibrated,0.958885,0.16301,7.3292,7.5625,0.2333,0.0
6106,9,12,10,weather_driven,historically_calibrated,0.911054,0.154879,7.082,7.489,0.4069,0.0
6107,9,12,11,weather_driven,historically_calibrated,0.916049,0.155728,7.1082,7.5838,0.4756,0.0
6108,9,12,12,weather_driven,historically_calibrated,0.92294,0.1569,7.1442,7.7675,0.6234,0.0
6109,9,12,13,weather_driven,historically_calibrated,0.962494,0.163624,7.3476,8.0422,0.6947,0.0
6110,9,12,14,weather_driven,historically_calibrated,1.026878,0.174569,7.6682,8.3408,0.6726,0.0
6111,9,12,15,weather_driven,historically_calibrated,1.123557,0.191005,8.1272,8.7026,0.5754,0.0
6112,9,12,16,weather_driven,historically_calibrated,1.231026,0.209274,8.6087,9.0441,0.4355,0.0
6113,9,12,17,weather_driven,historically_calibrated,1.303394,0.221577,8.9176,9.1923,0.2748,0.0
6114,9,12,18,weather_driven,historically_calibrated,1.290779,0.219432,8.8646,9.0175,0.1529,0.0
6115,9,12,19,weather_driven,historically_calibrated,1.136305,0.193172,8.1858,8.235,0.0492,0.0
6116,9,12,20,weather_driven,historically_calibrated,1.127049,0.191598,8.1433,8.1433,0.0,0.0
6117,9,12,21,weather_driven,historically_calibrated,1.075094,0.182766,7.9003,7.9006,0.0,0.0003
6118,9,12,22,weather_driven,historically_calibrated,1.007962,0.171353,7.5753,7.5865,0.0,0.0111
6119,9,12,23,weather_driven,historically_calibrated,0.947374,0.161054,7.2704,7.2853,0.0,0.0148
6120,9,12,24,weather_driven,historically_calibrated,0.690947,0.117461,5.8364,5.8365,0.0,0.0001
6121,9,13,1,weather_driven,historically_calibrated,0.642728,0.109264,5.5361,5.5361,0.0,0.0
6122,9,13,2,weather_driven,historically_calibrated,0.643365,0.109372,5.5401,5.5401,0.0,0.0
6123,9,13,3,weather_driven,historically_calibrated,0.645656,0.109762,5.5546,5.5546,0.0,0.0
6124,9,13,4,weather_driven,historically_calibrated,0.652239,0.110881,5.5962,5.5962,0.0,0.0
6125,9,13,5,weather_driven,historically_calibrated,0.667236,0.11343,5.6901,5.6901,0.0,0.0
6126,9,13,6,weather_driven,historically_calibrated,0.700996,0.119169,5.8976,5.8976,0.0,0.0
6127,9,13,7,weather_driven,historically_calibrated,0.947626,0.161096,7.2717,7.286,0.0143,0.0
6128,9,13,8,weather_driven,historically_calibrated,0.970952,0.165062,7.3904,7.4812,0.0907,0.0
6129,9,13,9,weather_driven,historically_calibrated,0.963219,0.163747,7.3513,7.5625,0.2112,0.0
6130,9,13,10,weather_driven,historically_calibrated,0.98942,0.168201,7.4832,7.8734,0.3901,0.0001
6131,9,13,11,weather_driven,historically_calibrated,1.005378,0.170914,7.5626,8.1638,0.5975,0.0038
6132,9,13,12,weather_driven,historically_calibrated,1.002705,0.17046,7.5493,8.3003,0.7361,0.0148
6133,9,13,13,weather_driven,historically_calibrated,1.041489,0.177053,7.7393,8.569,0.7841,0.0457
6134,9,13,14,weather_driven,historically_calibrated,1.093672,0.185924,7.988,8.8055,0.7284,0.0892
6135,9,13,15,weather_driven,historically_calibrated,1.179628,0.200537,8.3819,9.1458,0.5897,0.1741
6136,9,13,16,weather_driven,historically_calibrated,1.291525,0.219559,8.8677,9.4693,0.4056,0.1959
6137,9,13,17,weather_driven,historically_calibrated,1.392693,0.236758,9.2833,9.7086,0.2294,0.1959
6138,9,13,18,weather_driven,historically_calibrated,1.412956,0.240203,9.364,9.7396,0.1037,0.2718
6139,9,13,19,weather_driven,historically_calibrated,1.256467,0.213599,8.7186,8.9652,0.0272,0.2194
6140,9,13,20,weather_driven,historically_calibrated,1.215111,0.206569,8.5391,8.7133,0.0,0.1741
6141,9,13,21,weather_driven,historically_calibrated,1.127059,0.1916,8.1433,8.2325,0.0,0.0892
6142,9,13,22,weather_driven,historically_calibrated,1.02885,0.174904,7.6778,7.6927,0.0,0.0148
6143,9,13,23,weather_driven,historically_calibrated,0.949523,0.161419,7.2814,7.2853,0.0,0.0038
6144,9,13,24,weather_driven,historically_calibrated,0.690947,0.117461,5.8364,5.8365,0.0,0.0001
6145,9,14,1,weather_driven,historically_calibrated,0.650897,0.110653,5.5878,5.5878,0.0,0.0
6146,9,14,2,weather_driven,historically_calibrated,0.643365,0.109372,5.5401,5.5401,0.0,0.0
6147,9,14,3,weather_driven,historically_calibrated,0.645656,0.109762,5.5546,5.5546,0.0,0.0
6148,9,14,4,weather_driven,historically_calibrated,0.652239,0.110881,5.5962,5.5962,0.0,0.0
6149,9,14,5,weather_driven,historically_calibrated,0.667236,0.11343,5.6901,5.6901,0.0,0.0
6150,9,14,6,weather_driven,historically_calibrated,0.693941,0.11797,5.8547,5.8547,0.0,0.0
6151,9,14,7,weather_driven,historically_calibrated,0.947879,0.161139,7.273,7.286,0.013,0.0
6152,9,14,8,weather_driven,historically_calibrated,1.007708,0.17131,7.5741,7.6557,0.0816,0.0
6153,9,14,9,weather_driven,historically_calibrated,1.046568,0.177916,7.7638,7.9154,0.1516,0.0
6154,9,14,10,weather_driven,historically_calibrated,1.123504,0.190996,8.1269,8.2928,0.1659,0.0
6155,9,14,11,weather_driven,historically_calibrated,1.084381,0.184345,7.9443,8.4368,0.4925,0.0
6156,9,14,12,weather_driven,historically_calibrated,1.079864,0.183577,7.9229,8.5334,0.6104,0.0
6157,9,14,13,weather_driven,historically_calibrated,1.101108,0.187188,8.0229,8.7007,0.6778,0.0
6158,9,14,14,weather_driven,historically_calibrated,1.14928,0.195378,8.245,8.9383,0.6895,0.0038
6159,9,14,15,weather_driven,historically_calibrated,1.243707,0.21143,8.6637,9.2139,0.5197,0.0306
6160,9,14,16,weather_driven,historically_calibrated,1.346624,0.228926,9.0967,9.5401,0.3784,0.065
6161,9,14,17,weather_driven,historically_calibrated,1.432205,0.243475,9.44,9.7086,0.2229,0.0457
6162,9,14,18,weather_driven,historically_calibrated,1.430343,0.243158,9.4327,9.6255,0.1037,0.0892
6163,9,14,19,weather_driven,historically_calibrated,1.205012,0.204852,8.4947,8.5425,0.0285,0.0193
6164,9,14,20,weather_driven,historically_calibrated,1.101473,0.18725,8.0246,8.1433,0.0,0.1187
6165,9,14,21,weather_driven,historically_calibrated,1.018826,0.1732,7.6288,7.9006,0.0,0.2718
6166,9,14,22,weather_driven,historically_calibrated,0.961355,0.16343,7.3418,7.5865,0.0,0.2447
6167,9,14,23,weather_driven,historically_calibrated,0.880491,0.149684,6.9201,7.2853,0.0,0.3652
6168,9,14,24,weather_driven,historically_calibrated,0.621215,0.105607,5.3984,5.8365,0.0,0.4381
6169,9,15,1,weather_driven,historically_calibrated,0.511123,0.086891,4.6551,5.0932,0.0,0.4381
6170,9,15,2,weather_driven,historically_calibrated,0.516972,0.087885,4.6964,5.0969,0.0,0.4005
6171,9,15,3,weather_driven,historically_calibrated,0.528669,0.089874,4.7782,5.1103,0.0,0.332
6172,9,15,4,weather_driven,historically_calibrated,0.550541,0.093592,4.9291,5.1485,0.0,0.2194
6173,9,15,5,weather_driven,historically_calibrated,0.569953,0.096892,5.0608,5.2349,0.0,0.1741
6174,9,15,6,weather_driven,historically_calibrated,0.605616,0.102955,5.2972,5.3863,0.0,0.0892
6175,9,15,7,weather_driven,historically_calibrated,0.831092,0.141286,6.6512,6.7031,0.0143,0.0376
6176,9,15,8,weather_driven,historically_calibrated,0.854223,0.145218,6.7782,6.8827,0.0933,0.0111
6177,9,15,9,weather_driven,historically_calibrated,0.843437,0.143384,6.7192,6.9575,0.2359,0.0024
6178,9,15,10,weather_driven,historically_calibrated,0.92805,0.157768,7.1707,7.5972,0.4251,0.0014
6179,9,15,11,weather_driven,historically_calibrated,0.965357,0.164111,7.3621,7.9815,0.6156,0.0038
6180,9,15,12,weather_driven,historically_calibrated,0.981736,0.166895,7.4447,8.2183,0.7543,0.0193
6181,9,15,13,weather_driven,historically_calibrated,1.019791,0.173364,7.6335,8.4892,0.8009,0.0548
6182,9,15,14,weather_driven,historically_calibrated,1.08481,0.184418,7.9463,8.7424,0.7413,0.0548
6183,9,15,15,weather_driven,historically_calibrated,1.211888,0.206021,8.525,9.1668,0.5962,0.0457
6184,9,15,16,weather_driven,historically_calibrated,1.350997,0.22967,9.1146,9.5591,0.4069,0.0376
6185,9,15,17,weather_driven,historically_calibrated,1.447538,0.246081,9.5,9.7461,0.2268,0.0193
6186,9,15,18,weather_driven,historically_calibrated,1.462646,0.24865,9.5587,9.6596,0.0985,0.0024
6187,9,15,19,weather_driven,historically_calibrated,1.346905,0.228974,9.0978,9.1319,0.0259,0.0081
6188,9,15,20,weather_driven,historically_calibrated,1.258173,0.213889,8.7259,8.7504,0.0,0.0245
6189,9,15,21,weather_driven,historically_calibrated,1.099995,0.186999,8.0177,8.0827,0.0,0.065
6190,9,15,22,weather_driven,historically_calibrated,0.996835,0.169462,7.5202,7.5658,0.0,0.0457
6191,9,15,23,weather_driven,historically_calibrated,0.928202,0.157794,7.1715,7.1716,0.0,0.0001
6192,9,15,24,weather_driven,historically_calibrated,0.664053,0.112889,5.6703,5.6703,0.0,0.0
6193,9,16,1,weather_driven,historically_calibrated,0.66299,0.112708,5.6636,5.6636,0.0,0.0
6194,9,16,2,weather_driven,historically_calibrated,0.656054,0.111529,5.6202,5.6202,0.0,0.0
6195,9,16,3,weather_driven,historically_calibrated,0.639517,0.108718,5.5157,5.5157,0.0,0.0
6196,9,16,4,weather_driven,historically_calibrated,0.627179,0.10662,5.4368,5.4368,0.0,0.0
6197,9,16,5,weather_driven,historically_calibrated,0.622157,0.105767,5.4045,5.4059,0.0,0.0014
6198,9,16,6,weather_driven,historically_calibrated,0.6451,0.109667,5.5511,5.5623,0.0,0.0111
6199,9,16,7,weather_driven,historically_calibrated,0.910197,0.154734,7.0775,7.1098,0.013,0.0193
6200,9,16,8,weather_driven,historically_calibrated,1.030198,0.175134,7.6844,7.8784,0.0907,0.1032
6201,9,16,9,weather_driven,historically_calibrated,0.973408,0.165479,7.4028,8.3861,0.2151,0.7682
6202,9,16,10,weather_driven,historically_calibrated,0.751904,0.127824,6.2009,8.6904,0.3149,2.1746
6203,9,16,11,weather_driven,historically_calibrated,0.558315,0.094914,4.9821,8.7035,0.5171,3.2043
6204,9,16,12,weather_driven,historically_calibrated,0.506483,0.086102,4.6223,8.494,0.6674,3.2043
6205,9,16,13,weather_driven,historically_calibrated,-0.019978,-0.003396,-0.3784,8.4892,0.7426,8.125
6206,9,16,14,weather_driven,historically_calibrated,-0.105722,-0.017973,-1.5886,7.2155,0.6791,8.125
6207,9,16,15,weather_driven,historically_calibrated,-0.0306,-0.005202,-0.5189,7.285,0.2087,7.5953
6208,9,16,16,weather_driven,historically_calibrated,0.120237,0.02044,1.2798,7.0821,0.3072,5.4951
6209,9,16,17,weather_driven,historically_calibrated,0.025781,0.004383,0.2007,7.2696,0.2242,6.8447
6210,9,16,18,weather_driven,historically_calibrated,0.201477,0.034251,2.1057,7.492,0.0972,5.2891
6211,9,16,19,weather_driven,historically_calibrated,0.428077,0.072773,4.0458,7.5762,0.0259,3.5045
6212,9,16,20,weather_driven,historically_calibrated,0.658808,0.111997,5.6375,7.4918,0.0,1.8543
6213,9,16,21,weather_driven,historically_calibrated,0.574902,0.097733,5.094,7.2686,0.0,2.1746
6214,9,16,22,weather_driven,historically_calibrated,0.447527,0.07608,4.1927,6.9796,0.0,2.7869
6215,9,16,23,weather_driven,historically_calibrated,0.538748,0.091587,4.8481,6.7024,0.0,1.8543
6216,9,16,24,weather_driven,historically_calibrated,0.466112,0.079239,4.3306,5.4877,0.0,1.1571
6217,9,17,1,weather_driven,historically_calibrated,0.688797,0.117096,5.8233,5.8609,0.0,0.0376
6218,9,17,2,weather_driven,historically_calibrated,0.638492,0.108544,5.5092,5.987,0.0,0.4779
6219,9,17,3,weather_driven,historically_calibrated,0.631383,0.107335,5.4638,6.1249,0.0,0.6611
6220,9,17,4,weather_driven,historically_calibrated,0.714805,0.121517,5.981,6.2528,0.0,0.2718
6221,9,17,5,weather_driven,historically_calibrated,0.788538,0.134052,6.4123,6.5664,0.0,0.1541
6222,9,17,6,weather_driven,historically_calibrated,0.83,0.1411,6.6452,6.7993,0.0,0.1541
6223,9,17,7,weather_driven,historically_calibrated,1.037136,0.176313,7.7182,7.8203,0.013,0.0892
6224,9,17,8,weather_driven,historically_calibrated,0.893353,0.15187,6.9886,7.4812,0.092,0.4005
6225,9,17,9,weather_driven,historically_calibrated,0.896196,0.152353,7.0037,7.5625,0.2268,0.332
6226,9,17,10,weather_driven,historically_calibrated,0.815754,0.138678,6.5659,7.489,0.4031,0.52
6227,9,17,11,weather_driven,historically_calibrated,0.746348,0.126879,6.1683,7.3109,0.578,0.5645
6228,9,17,12,weather_driven,historically_calibrated,0.731877,0.124419,6.0829,7.1349,0.5741,0.4779
6229,9,17,13,weather_driven,historically_calibrated,0.75513,0.128372,6.2197,7.0546,0.5028,0.332
6230,9,17,14,weather_driven,historically_calibrated,0.652338,0.110897,5.5968,7.1127,0.5003,1.0156
6231,9,17,15,weather_driven,historically_calibrated,0.818533,0.139151,6.5814,7.3049,0.2035,0.52
6232,9,17,16,weather_driven,historically_calibrated,0.930548,0.158193,7.1837,7.5916,0.1361,0.2718
6233,9,17,17,weather_driven,historically_calibrated,1.012291,0.172089,7.5967,7.9017,0.1309,0.1741
6234,9,17,18,weather_driven,historically_calibrated,1.040168,0.176829,7.7329,8.1434,0.0454,0.3652
6235,9,17,19,weather_driven,historically_calibrated,1.144809,0.194618,8.2247,8.235,0.0104,0.0
6236,9,17,20,weather_driven,historically_calibrated,1.127049,0.191598,8.1433,8.1433,0.0,0.0
6237,9,17,21,weather_driven,historically_calibrated,1.075157,0.182777,7.9006,7.9006,0.0,0.0
6238,9,17,22,weather_driven,historically_calibrated,1.009937,0.171689,7.5851,7.5865,0.0,0.0014
6239,9,17,23,weather_driven,historically_calibrated,0.903179,0.15354,7.0406,7.2853,0.0,0.2447
6240,9,17,24,weather_driven,historically_calibrated,0.55693,0.094678,4.9727,5.9221,0.0,0.9494
6241,9,18,1,weather_driven,historically_calibrated,0.482638,0.082048,4.4512,5.5361,0.0,1.0848
6242,9,18,2,weather_driven,historically_calibrated,0.406638,0.069128,3.8808,5.5401,0.0,1.6593
6243,9,18,3,weather_driven,historically_calibrated,0.504085,0.085694,4.6052,5.5546,0.0,0.9494
6244,9,18,4,weather_driven,historically_calibrated,0.465513,0.079137,4.3262,5.7193,0.0,1.3932
6245,9,18,5,weather_driven,historically_calibrated,0.507464,0.086269,4.6292,5.9405,0.0,1.3112
6246,9,18,6,weather_driven,historically_calibrated,0.512524,0.087129,4.665,5.8976,0.0,1.2326
6247,9,18,7,weather_driven,historically_calibrated,0.739417,0.125701,6.1275,7.286,0.0013,1.1571
6248,9,18,8,weather_driven,historically_calibrated,0.534452,0.090857,4.8184,7.4812,0.0065,2.6563
6249,9,18,9,weather_driven,historically_calibrated,0.406085,0.069034,3.8765,7.5625,0.0246,3.6614
6250,9,18,10,weather_driven,historically_calibrated,0.28527,0.048496,2.878,7.489,0.0946,4.5164
6251,9,18,11,weather_driven,historically_calibrated,0.35864,0.060969,3.4989,7.3645,0.0428,3.8229
6252,9,18,12,weather_driven,historically_calibrated,0.549603,0.093433,4.9227,7.1349,0.0376,2.1746
6253,9,18,13,weather_driven,historically_calibrated,0.550235,0.09354,4.927,7.0546,0.0635,2.0641
6254,9,18,14,weather_driven,historically_calibrated,0.573432,0.097483,5.0841,7.1127,0.0713,1.9573
6255,9,18,15,weather_driven,historically_calibrated,0.708298,0.120411,5.9418,7.3049,0.0518,1.3112
6256,9,18,16,weather_driven,historically_calibrated,0.781974,0.132936,6.3748,7.5916,0.0596,1.1571
6257,9,18,17,weather_driven,historically_calibrated,1.01192,0.172026,7.5949,7.9017,0.0622,0.2447
6258,9,18,18,weather_driven,historically_calibrated,1.017527,0.17298,7.6224,8.1434,0.0829,0.4381
6259,9,18,19,weather_driven,historically_calibrated,1.121479,0.190651,8.1176,8.235,0.0143,0.1032
6260,9,18,20,weather_driven,historically_calibrated,1.117167,0.189918,8.0976,8.1433,0.0,0.0457
6261,9,18,21,weather_driven,historically_calibrated,1.07465,0.182691,7.8982,7.9006,0.0,0.0024
6262,9,18,22,weather_driven,historically_calibrated,1.009732,0.171654,7.5841,7.5865,0.0,0.0024
6263,9,18,23,weather_driven,historically_calibrated,0.93023,0.158139,7.182,7.2853,0.0,0.1032
6264,9,18,24,weather_driven,historically_calibrated,0.651545,0.110763,5.5918,5.8365,0.0,0.2447
6265,9,19,1,weather_driven,historically_calibrated,0.55676,0.094649,4.9715,5.5361,0.0,0.5645
6266,9,19,2,weather_driven,historically_calibrated,0.616194,0.104753,5.366,5.5401,0.0,0.1741
6267,9,19,3,weather_driven,historically_calibrated,0.627044,0.106598,5.436,5.5546,0.0,0.1187
6268,9,19,4,weather_driven,historically_calibrated,0.706001,0.12002,5.928,5.9656,0.0,0.0376
6269,9,19,5,weather_driven,historically_calibrated,0.791008,0.134471,6.4264,6.4412,0.0,0.0148
6270,9,19,6,weather_driven,historically_calibrated,0.86496,0.147043,6.8365,6.8422,0.0,0.0057
6271,9,19,7,weather_driven,historically_calibrated,1.124128,0.191102,8.1298,8.1409,0.0104,0.0007
6272,9,19,8,weather_driven,historically_calibrated,1.038236,0.1765,7.7235,7.8103,0.0868,0.0
6273,9,19,9,weather_driven,historically_calibrated,0.960158,0.163227,7.3357,7.5625,0.2268,0.0
6274,9,19,10,weather_driven,historically_calibrated,0.909573,0.154627,7.0743,7.489,0.4147,0.0
6275,9,19,11,weather_driven,historically_calibrated,0.843796,0.143445,6.7212,7.3109,0.5897,0.0
6276,9,19,12,weather_driven,historically_calibrated,0.798023,0.135664,6.4662,7.1349,0.6687,0.0
6277,9,19,13,weather_driven,historically_calibrated,0.773061,0.13142,6.3237,7.0546,0.7309,0.0
6278,9,19,14,weather_driven,historically_calibrated,0.785228,0.133489,6.3934,7.1127,0.7193,0.0
6279,9,19,15,weather_driven,historically_calibrated,0.850755,0.144628,6.7593,7.3049,0.5456,0.0
6280,9,19,16,weather_driven,historically_calibrated,0.939511,0.159717,7.23,7.5916,0.3616,0.0
6281,9,19,17,weather_driven,historically_calibrated,1.034637,0.175888,7.706,7.9017,0.1957,0.0
6282,9,19,18,weather_driven,historically_calibrated,1.104835,0.187822,8.0403,8.1434,0.092,0.0111
6283,9,19,19,weather_driven,historically_calibrated,1.143084,0.194324,8.2168,8.235,0.0168,0.0014
6284,9,19,20,weather_driven,historically_calibrated,1.120423,0.190472,8.1127,8.1433,0.0,0.0306
6285,9,19,21,weather_driven,historically_calibrated,1.073446,0.182486,7.8925,7.9006,0.0,0.0081
6286,9,19,22,weather_driven,historically_calibrated,0.999156,0.169856,7.5317,7.5865,0.0,0.0548
6287,9,19,23,weather_driven,historically_calibrated,0.945493,0.160734,7.2608,7.2853,0.0,0.0245
6288,9,19,24,weather_driven,historically_calibrated,0.684824,0.11642,5.7989,5.8365,0.0,0.0376
6289,9,20,1,weather_driven,historically_calibrated,0.632523,0.107529,5.4711,5.5361,0.0,0.065
6290,9,20,2,weather_driven,historically_calibrated,0.627191,0.106622,5.4369,5.5401,0.0,0.1032
6291,9,20,3,weather_driven,historically_calibrated,0.60758,0.103289,5.31,5.5546,0.0,0.2447
6292,9,20,4,weather_driven,historically_calibrated,0.59018,0.100331,5.1957,5.5962,0.0,0.4005
6293,9,20,5,weather_driven,historically_calibrated,0.592688,0.100757,5.2123,5.6901,0.0,0.4779
6294,9,20,6,weather_driven,historically_calibrated,0.604543,0.102772,5.2902,5.8547,0.0,0.5645
6295,9,20,7,weather_driven,historically_calibrated,0.85103,0.144675,6.7608,7.286,0.0052,0.52
6296,9,20,8,weather_driven,historically_calibrated,0.831718,0.141392,6.6547,7.4812,0.0583,0.7682
6297,9,20,9,weather_driven,historically_calibrated,0.801318,0.136224,6.4848,7.5625,0.1283,0.9494
6298,9,20,10,weather_driven,historically_calibrated,0.719298,0.122281,6.008,7.489,0.1698,1.3112
6299,9,20,11,weather_driven,historically_calibrated,0.53034,0.090158,4.7899,7.3109,0.232,2.289
6300,9,20,12,weather_driven,historically_calibrated,0.413542,0.070302,3.9343,7.3347,0.3396,3.0608
6301,9,20,13,weather_driven,historically_calibrated,0.437593,0.074391,4.118,7.6143,0.4355,3.0608
6302,9,20,14,weather_driven,historically_calibrated,0.422992,0.071909,4.007,7.9093,0.3979,3.5045
6303,9,20,15,weather_driven,historically_calibrated,0.424659,0.072192,4.0197,8.1912,0.3486,3.8229
6304,9,20,16,weather_driven,historically_calibrated,0.374187,0.063612,3.6246,8.5481,0.2216,4.702
6305,9,20,17,weather_driven,historically_calibrated,0.688708,0.11708,5.8227,8.8973,0.1529,2.9217
6306,9,20,18,weather_driven,historically_calibrated,0.872467,0.148319,6.877,9.0175,0.0765,2.0641
6307,9,20,19,weather_driven,historically_calibrated,0.943962,0.160474,7.2529,8.6578,0.0117,1.3932
6308,9,20,20,weather_driven,historically_calibrated,0.994316,0.169034,7.5076,8.5233,0.0,1.0156
6309,9,20,21,weather_driven,historically_calibrated,0.940618,0.159905,7.2357,8.1219,0.0,0.8861
6310,9,20,22,weather_driven,historically_calibrated,0.829648,0.14104,6.6432,7.7281,0.0,1.0848
6311,9,20,23,weather_driven,historically_calibrated,0.663409,0.112779,5.6663,7.4213,0.0,1.755
6312,9,20,24,weather_driven,historically_calibrated,0.308166,0.052388,3.0769,5.8637,0.0,2.7869
6313,9,21,1,weather_driven,historically_calibrated,0.376822,0.06406,3.6457,5.8203,0.0,2.1746
6314,9,21,2,weather_driven,historically_calibrated,0.347334,0.059047,3.4062,5.6953,0.0,2.289
6315,9,21,3,weather_driven,historically_calibrated,0.319455,0.054307,3.1732,5.5806,0.0,2.4074
6316,9,21,4,weather_driven,historically_calibrated,0.349204,0.059365,3.4216,5.5962,0.0,2.1746
6317,9,21,5,weather_driven,historically_calibrated,0.387769,0.065921,3.7328,5.6901,0.0,1.9573
6318,9,21,6,weather_driven,historically_calibrated,0.447891,0.076142,4.1954,5.8547,0.0,1.6593
6319,9,21,7,weather_driven,historically_calibrated,0.685176,0.11648,5.8011,7.286,0.0065,1.4784
6320,9,21,8,weather_driven,historically_calibrated,0.676985,0.115087,5.7506,7.4812,0.0713,1.6593
6321,9,21,9,weather_driven,historically_calibrated,0.63551,0.108037,5.4902,7.5978,0.1503,1.9573
6322,9,21,10,weather_driven,historically_calibrated,0.609406,0.103599,5.3219,7.6987,0.2022,2.1746
6323,9,21,11,weather_driven,historically_calibrated,0.596097,0.101337,5.2347,7.6521,0.1283,2.289
6324,9,21,12,weather_driven,historically_calibrated,0.596617,0.101425,5.2382,7.6011,0.0739,2.289
6325,9,21,13,weather_driven,historically_calibrated,0.649732,0.110454,5.5804,8.0422,0.0544,2.4074
6326,9,21,14,weather_driven,historically_calibrated,0.78057,0.132697,6.3668,8.374,0.1529,1.8543
6327,9,21,15,weather_driven,historically_calibrated,0.940463,0.159879,7.2349,8.7367,0.1905,1.3112
6328,9,21,16,weather_driven,historically_calibrated,1.111798,0.189006,8.0727,9.1504,0.1283,0.9494
6329,9,21,17,weather_driven,historically_calibrated,1.244399,0.211548,8.6666,9.3767,0.0985,0.6116
6330,9,21,18,weather_driven,historically_calibrated,1.374448,0.233656,9.2099,9.5115,0.0298,0.2718
6331,9,21,19,weather_driven,historically_calibrated,1.272227,0.216279,8.786,8.9268,0.0052,0.1356
6332,9,21,20,weather_driven,historically_calibrated,1.235044,0.209957,8.6261,8.6373,0.0,0.0111
6333,9,21,21,weather_driven,historically_calibrated,1.146364,0.194882,8.2317,8.2325,0.0,0.0007
6334,9,21,22,weather_driven,historically_calibrated,1.044193,0.177513,7.7523,7.7635,0.0,0.0111
6335,9,21,23,weather_driven,historically_calibrated,0.958793,0.162995,7.3288,7.3533,0.0,0.0245
6336,9,21,24,weather_driven,historically_calibrated,0.686963,0.116784,5.812,5.8365,0.0,0.0245
6337,9,22,1,weather_driven,historically_calibrated,0.610678,0.103815,5.3302,5.3547,0.0,0.0245
6338,9,22,2,weather_driven,historically_calibrated,0.593523,0.100899,5.2178,5.2634,0.0,0.0457
6339,9,22,3,weather_driven,historically_calibrated,0.58543,0.099523,5.1642,5.2534,0.0,0.0892
6340,9,22,4,weather_driven,historically_calibrated,0.579684,0.098546,5.1259,5.2446,0.0,0.1187
6341,9,22,5,weather_driven,historically_calibrated,0.562716,0.095662,5.0119,5.2838,0.0,0.2718
6342,9,22,6,weather_driven,historically_calibrated,0.562566,0.095636,5.0109,5.4115,0.0,0.4005
6343,9,22,7,weather_driven,historically_calibrated,0.786077,0.133633,6.3983,6.7031,0.0039,0.3009
6344,9,22,8,weather_driven,historically_calibrated,0.780419,0.132671,6.3659,6.8827,0.0389,0.4779
6345,9,22,9,weather_driven,historically_calibrated,0.719791,0.122364,6.0109,7.0549,0.0946,0.9494
6346,9,22,10,weather_driven,historically_calibrated,0.661724,0.112493,5.6557,7.3078,0.1737,1.4784
6347,9,22,11,weather_driven,historically_calibrated,0.565509,0.096137,5.0308,7.3852,0.2903,2.0641
6348,9,22,12,weather_driven,historically_calibrated,0.551354,0.09373,4.9347,7.238,0.346,1.9573
6349,9,22,13,weather_driven,historically_calibrated,0.512247,0.087082,4.6631,6.5205,0.2903,1.5671
6350,9,22,14,weather_driven,historically_calibrated,0.382857,0.065086,3.6938,6.9101,0.1555,3.0608
6351,9,22,15,weather_driven,historically_calibrated,0.490816,0.083439,4.5103,7.5046,0.0726,2.9217
6352,9,22,16,weather_driven,historically_calibrated,0.435111,0.073969,4.0992,7.8643,0.1037,3.6614
6353,9,22,17,weather_driven,historically_calibrated,0.560543,0.095292,4.9972,7.8463,0.0622,2.7869
6354,9,22,18,weather_driven,historically_calibrated,0.524759,0.089209,4.751,7.8416,0.0298,3.0608
6355,9,22,19,weather_driven,historically_calibrated,0.577782,0.098223,5.1133,7.6469,0.0039,2.5298
6356,9,22,20,weather_driven,historically_calibrated,0.090551,0.015394,0.9558,7.5617,0.0,6.6059
6357,9,22,21,weather_driven,historically_calibrated,0.515386,0.087616,4.6852,7.4721,0.0,2.7869
6358,9,22,22,weather_driven,historically_calibrated,0.094278,0.016027,0.9972,7.1424,0.0,6.1452
6359,9,22,23,weather_driven,historically_calibrated,0.209831,0.035671,2.1861,6.7024,0.0,4.5164
6360,9,22,24,weather_driven,historically_calibrated,0.12971,0.022051,1.3805,5.3696,0.0,3.9891
6361,9,23,1,weather_driven,historically_calibrated,0.072952,0.012402,0.7575,5.0932,0.0,4.3358
6362,9,23,2,weather_driven,historically_calibrated,-0.005616,-0.000955,-0.1922,5.0969,0.0,5.2891
6363,9,23,3,weather_driven,historically_calibrated,0.027175,0.00462,0.2177,5.1103,0.0,4.8926
6364,9,23,4,weather_driven,historically_calibrated,0.030319,0.005154,0.256,5.1485,0.0,4.8926
6365,9,23,5,weather_driven,historically_calibrated,-0.010903,-0.001854,-0.2602,5.2349,0.0,5.4951
6366,9,23,6,weather_driven,historically_calibrated,0.050208,0.008535,0.4938,5.3863,0.0,4.8926
6367,9,23,7,weather_driven,historically_calibrated,0.64367,0.109424,5.5421,6.7031,0.0039,1.1571
6368,9,23,8,weather_driven,historically_calibrated,0.599714,0.101951,5.2585,6.8827,0.057,1.5671
6369,9,23,9,weather_driven,historically_calibrated,0.528801,0.089896,4.7792,7.0225,0.0687,2.1746
6370,9,23,10,weather_driven,historically_calibrated,0.355908,0.060504,3.4766,6.922,0.0933,3.3521
6371,9,23,11,weather_driven,historically_calibrated,0.450543,0.076592,4.2152,7.3538,0.0778,3.0608
6372,9,23,12,weather_driven,historically_calibrated,0.224325,0.038135,2.3236,7.4831,0.4575,4.702
6373,9,23,13,weather_driven,historically_calibrated,0.175995,0.029919,1.8555,7.7926,0.648,5.2891
6374,9,23,14,weather_driven,historically_calibrated,-0.060237,-0.01024,-0.9243,7.7347,0.534,8.125
6375,9,23,15,weather_driven,historically_calibrated,0.043009,0.007311,0.4085,7.7555,0.2579,7.0891
6376,9,23,16,weather_driven,historically_calibrated,0.402633,0.068448,3.8496,7.7339,0.2229,3.6614
6377,9,23,17,weather_driven,historically_calibrated,0.804181,0.136711,6.501,7.8463,0.1128,1.2326
6378,9,23,18,weather_driven,historically_calibrated,0.060591,0.0103,0.6152,7.7367,0.0324,7.0891
6379,9,23,19,weather_driven,historically_calibrated,0.241681,0.041086,2.4854,7.5762,0.0026,5.0882
6380,9,23,20,weather_driven,historically_calibrated,0.275298,0.046801,2.7898,7.4918,0.0,4.702
6381,9,23,21,weather_driven,historically_calibrated,0.147089,0.025005,1.5621,7.2686,0.0,5.7064
6382,9,23,22,weather_driven,historically_calibrated,0.079723,0.013553,0.8343,6.9796,0.0,6.1452
6383,9,23,23,weather_driven,historically_calibrated,-0.039375,-0.006694,-0.6368,6.7024,0.0,7.3393
6384,9,23,24,weather_driven,historically_calibrated,-0.04954,-0.008422,-0.7756,5.3696,0.0,6.1452
6385,9,24,1,weather_driven,historically_calibrated,-0.076357,-0.012981,-1.1536,5.6911,0.0,6.8447
6386,9,24,2,weather_driven,historically_calibrated,-0.127435,-0.021664,-1.9259,5.6694,0.0,7.5953
6387,9,24,3,weather_driven,historically_calibrated,0.029086,0.004945,0.241,5.7361,0.0,5.4951
6388,9,24,4,weather_driven,historically_calibrated,0.200035,0.034006,2.0917,5.5962,0.0,3.5045
6389,9,24,5,weather_driven,historically_calibrated,0.193556,0.032904,2.0288,5.6901,0.0,3.6614
6390,9,24,6,weather_driven,historically_calibrated,0.16002,0.027203,1.6947,5.8547,0.0,4.16
6391,9,24,7,weather_driven,historically_calibrated,0.432627,0.073547,4.0804,7.286,0.0013,3.2043
6392,9,24,8,weather_driven,historically_calibrated,0.231439,0.039345,2.3903,7.4812,0.0026,5.0882
6393,9,24,9,weather_driven,historically_calibrated,0.318747,0.054187,3.1672,7.5625,0.0596,4.3358
6394,9,24,10,weather_driven,historically_calibrated,0.438029,0.074465,4.1213,7.489,0.0156,3.3521
6395,9,24,11,weather_driven,historically_calibrated,0.1408,0.023936,1.4969,7.3109,0.1076,5.7064
6396,9,24,12,weather_driven,historically_calibrated,0.044897,0.007633,0.4309,7.3014,0.4977,6.3728
6397,9,24,13,weather_driven,historically_calibrated,0.078128,0.013282,0.8163,7.1863,0.6636,5.7064
6398,9,24,14,weather_driven,historically_calibrated,0.111865,0.019017,1.1897,7.2123,0.5275,5.4951
6399,9,24,15,weather_driven,historically_calibrated,0.033515,0.005698,0.2946,7.3049,0.4044,6.6059
6400,9,24,16,weather_driven,historically_calibrated,0.28206,0.04795,2.8497,7.5916,0.2255,4.5164
6401,9,24,17,weather_driven,historically_calibrated,0.156039,0.026527,1.6541,7.9017,0.1024,6.1452
6402,9,24,18,weather_driven,historically_calibrated,0.36918,0.062761,3.5843,8.1434,0.0428,4.5164
6403,9,24,19,weather_driven,historically_calibrated,0.585378,0.099514,5.1639,8.235,0.0104,3.0608
6404,9,24,20,weather_driven,historically_calibrated,0.817579,0.138988,6.5761,8.1433,0.0,1.5671
6405,9,24,21,weather_driven,historically_calibrated,0.861137,0.146393,6.8158,7.9006,0.0,1.0848
6406,9,24,22,weather_driven,historically_calibrated,0.816635,0.138828,6.5708,7.5865,0.0,1.0156
6407,9,24,23,weather_driven,historically_calibrated,0.796848,0.135464,6.4595,7.2853,0.0,0.8257
6408,9,24,24,weather_driven,historically_calibrated,0.608312,0.103413,5.3148,5.8793,0.0,0.5645
6409,9,25,1,weather_driven,historically_calibrated,0.641586,0.10907,5.5288,5.8609,0.0,0.332
6410,9,25,2,weather_driven,historically_calibrated,0.671272,0.114116,5.7152,5.987,0.0,0.2718
6411,9,25,3,weather_driven,historically_calibrated,0.693679,0.117925,5.8531,6.1249,0.0,0.2718
6412,9,25,4,weather_driven,historically_calibrated,0.741498,0.126055,6.1398,6.2939,0.0,0.1541
6413,9,25,5,weather_driven,historically_calibrated,0.770747,0.131027,6.3103,6.3995,0.0,0.0892
6414,9,25,6,weather_driven,historically_calibrated,0.780539,0.132692,6.3666,6.4558,0.0,0.0892
6415,9,25,7,weather_driven,historically_calibrated,0.992413,0.16871,7.4982,7.6066,0.0052,0.1032
6416,9,25,8,weather_driven,historically_calibrated,0.952444,0.161916,7.2964,7.4812,0.0661,0.1187
6417,9,25,9,weather_driven,historically_calibrated,0.936043,0.159127,7.2121,7.5625,0.1763,0.1741
6418,9,25,10,weather_driven,historically_calibrated,0.890599,0.151402,6.974,7.489,0.3408,0.1741
6419,9,25,11,weather_driven,historically_calibrated,0.792943,0.1348,6.4374,7.3109,0.4355,0.4381
6420,9,25,12,weather_driven,historically_calibrated,0.767214,0.130426,6.2899,7.1349,0.4069,0.4381
6421,9,25,13,weather_driven,historically_calibrated,0.756284,0.128568,6.2264,7.0546,0.3901,0.4381
6422,9,25,14,weather_driven,historically_calibrated,0.729576,0.124028,6.0693,7.1127,0.3823,0.6611
6423,9,25,15,weather_driven,historically_calibrated,0.80858,0.137459,6.5257,7.3049,0.2592,0.52
6424,9,25,16,weather_driven,historically_calibrated,0.843017,0.143313,6.7169,7.5916,0.2631,0.6116
6425,9,25,17,weather_driven,historically_calibrated,0.935256,0.158994,7.2081,7.9017,0.1737,0.52
6426,9,25,18,weather_driven,historically_calibrated,1.0473,0.178041,7.7673,8.1434,0.0441,0.332
6427,9,25,19,weather_driven,historically_calibrated,1.117,0.18989,8.0968,8.235,0.0026,0.1356
6428,9,25,20,weather_driven,historically_calibrated,1.112995,0.189209,8.0783,8.1433,0.0,0.065
6429,9,25,21,weather_driven,historically_calibrated,1.071104,0.182088,7.8814,7.9006,0.0,0.0193
6430,9,25,22,weather_driven,historically_calibrated,1.007962,0.171353,7.5753,7.5865,0.0,0.0111
6431,9,25,23,weather_driven,historically_calibrated,0.948683,0.161276,7.2771,7.2853,0.0,0.0081
6432,9,25,24,weather_driven,historically_calibrated,0.690734,0.117425,5.8351,5.8365,0.0,0.0014
6433,9,26,1,weather_driven,historically_calibrated,0.642508,0.109226,5.5347,5.5361,0.0,0.0014
6434,9,26,2,weather_driven,historically_calibrated,0.643252,0.109353,5.5394,5.5401,0.0,0.0007
6435,9,26,3,weather_driven,historically_calibrated,0.658543,0.111952,5.6358,5.6361,0.0,0.0003
6436,9,26,4,weather_driven,historically_calibrated,0.705435,0.119924,5.9245,5.9245,0.0,0.0
6437,9,26,5,weather_driven,historically_calibrated,0.764518,0.129968,6.2743,6.2743,0.0,0.0
6438,9,26,6,weather_driven,historically_calibrated,0.803783,0.136643,6.4987,6.4987,0.0,0.0
6439,9,26,7,weather_driven,historically_calibrated,1.00269,0.170457,7.5492,7.5531,0.0039,0.0
6440,9,26,8,weather_driven,historically_calibrated,0.974033,0.165586,7.406,7.4812,0.0752,0.0
6441,9,26,9,weather_driven,historically_calibrated,0.965774,0.164181,7.3642,7.5625,0.1983,0.0
6442,9,26,10,weather_driven,historically_calibrated,0.926691,0.157537,7.1637,7.489,0.3253,0.0
6443,9,26,11,weather_driven,historically_calibrated,0.874348,0.148639,6.8871,7.3109,0.4238,0.0
6444,9,26,12,weather_driven,historically_calibrated,0.838658,0.142572,6.693,7.1349,0.4419,0.0
6445,9,26,13,weather_driven,historically_calibrated,0.830197,0.141134,6.6463,7.0546,0.4082,0.0001
6446,9,26,14,weather_driven,historically_calibrated,0.831381,0.141335,6.6528,7.1127,0.4575,0.0024
6447,9,26,15,weather_driven,historically_calibrated,0.879754,0.149558,6.9161,7.3049,0.3888,0.0
6448,9,26,16,weather_driven,historically_calibrated,0.953151,0.162036,7.3,7.5916,0.2916,0.0
6449,9,26,17,weather_driven,historically_calibrated,1.047216,0.178027,7.7669,7.9017,0.1348,0.0
6450,9,26,18,weather_driven,historically_calibrated,1.11643,0.189793,8.0942,8.1434,0.0492,0.0
6451,9,26,19,weather_driven,historically_calibrated,1.146515,0.194908,8.2324,8.235,0.0026,0.0
6452,9,26,20,weather_driven,historically_calibrated,1.127049,0.191598,8.1433,8.1433,0.0,0.0
6453,9,26,21,weather_driven,historically_calibrated,1.075157,0.182777,7.9006,7.9006,0.0,0.0
6454,9,26,22,weather_driven,historically_calibrated,1.01022,0.171737,7.5865,7.5865,0.0,0.0
6455,9,26,23,weather_driven,historically_calibrated,0.950269,0.161546,7.2853,7.2853,0.0,0.0
6456,9,26,24,weather_driven,historically_calibrated,0.690962,0.117463,5.8365,5.8365,0.0,0.0
6457,9,27,1,weather_driven,historically_calibrated,0.642728,0.109264,5.5361,5.5361,0.0,0.0
6458,9,27,2,weather_driven,historically_calibrated,0.643365,0.109372,5.5401,5.5401,0.0,0.0
6459,9,27,3,weather_driven,historically_calibrated,0.665107,0.113068,5.6769,5.6769,0.0,0.0
6460,9,27,4,weather_driven,historically_calibrated,0.691934,0.117629,5.8424,5.8424,0.0,0.0
6461,9,27,5,weather_driven,historically_calibrated,0.72197,0.122735,6.0239,6.0239,0.0,0.0
6462,9,27,6,weather_driven,historically_calibrated,0.758801,0.128996,6.2411,6.2411,0.0,0.0
6463,9,27,7,weather_driven,historically_calibrated,0.949396,0.161397,7.2808,7.286,0.0052,0.0
6464,9,27,8,weather_driven,historically_calibrated,0.975318,0.165804,7.4125,7.4812,0.0687,0.0
6465,9,27,9,weather_driven,historically_calibrated,0.969613,0.164834,7.3837,7.5625,0.1788,0.0
6466,9,27,10,weather_driven,historically_calibrated,0.926192,0.157453,7.1611,7.489,0.3279,0.0
6467,9,27,11,weather_driven,historically_calibrated,0.870495,0.147984,6.8664,7.3109,0.4445,0.0
6468,9,27,12,weather_driven,historically_calibrated,0.80629,0.137069,6.5128,7.1349,0.6221,0.0
6469,9,27,13,weather_driven,historically_calibrated,0.803169,0.136539,6.4953,7.0875,0.5923,0.0
6470,9,27,14,weather_driven,historically_calibrated,0.874344,0.148638,6.8871,7.3783,0.4912,0.0
6471,9,27,15,weather_driven,historically_calibrated,0.923379,0.156974,7.1465,7.6117,0.4653,0.0
6472,9,27,16,weather_driven,historically_calibrated,0.99279,0.168774,7.5,7.8396,0.3396,0.0
6473,9,27,17,weather_driven,historically_calibrated,1.032506,0.175526,7.6957,7.9017,0.2061,0.0
6474,9,27,18,weather_driven,historically_calibrated,1.109732,0.188654,8.0631,8.1434,0.0804,0.0
6475,9,27,19,weather_driven,historically_calibrated,1.145378,0.194714,8.2273,8.235,0.0078,0.0
6476,9,27,20,weather_driven,historically_calibrated,1.127049,0.191598,8.1433,8.1433,0.0,0.0
6477,9,27,21,weather_driven,historically_calibrated,1.075157,0.182777,7.9006,7.9006,0.0,0.0
6478,9,27,22,weather_driven,historically_calibrated,1.01022,0.171737,7.5865,7.5865,0.0,0.0
6479,9,27,23,weather_driven,historically_calibrated,0.950269,0.161546,7.2853,7.2853,0.0,0.0
6480,9,27,24,weather_driven,historically_calibrated,0.690962,0.117463,5.8365,5.8365,0.0,0.0
6481,9,28,1,weather_driven,historically_calibrated,0.642728,0.109264,5.5361,5.5361,0.0,0.0
6482,9,28,2,weather_driven,historically_calibrated,0.643365,0.109372,5.5401,5.5401,0.0,0.0
6483,9,28,3,weather_driven,historically_calibrated,0.645656,0.109762,5.5546,5.5546,0.0,0.0
6484,9,28,4,weather_driven,historically_calibrated,0.678569,0.115357,5.7604,5.7604,0.0,0.0
6485,9,28,5,weather_driven,historically_calibrated,0.701181,0.119201,5.8988,5.8988,0.0,0.0
6486,9,28,6,weather_driven,historically_calibrated,0.744121,0.1265,6.1552,6.1552,0.0,0.0
6487,9,28,7,weather_driven,historically_calibrated,0.949903,0.161483,7.2834,7.286,0.0026,0.0
6488,9,28,8,weather_driven,historically_calibrated,0.978665,0.166373,7.4293,7.4812,0.0518,0.0
6489,9,28,9,weather_driven,historically_calibrated,0.983771,0.167241,7.455,7.5625,0.1076,0.0
6490,9,28,10,weather_driven,historically_calibrated,0.956659,0.162632,7.3179,7.489,0.1711,0.0
6491,9,28,11,weather_driven,historically_calibrated,0.912052,0.155049,7.0873,7.3109,0.2229,0.0007
6492,9,28,12,weather_driven,historically_calibrated,0.874544,0.148672,6.8882,7.1349,0.2411,0.0057
6493,9,28,13,weather_driven,historically_calibrated,0.861715,0.146492,6.8189,7.0546,0.2333,0.0024
6494,9,28,14,weather_driven,historically_calibrated,0.884676,0.150395,6.9424,7.1127,0.1646,0.0057
6495,9,28,15,weather_driven,historically_calibrated,0.929694,0.158048,7.1793,7.3049,0.1218,0.0038
6496,9,28,16,weather_driven,historically_calibrated,0.988267,0.168005,7.4775,7.5916,0.114,0.0001
6497,9,28,17,weather_driven,historically_calibrated,1.046948,0.177981,7.7656,7.9017,0.1361,0.0
6498,9,28,18,weather_driven,historically_calibrated,1.114474,0.189461,8.0851,8.1434,0.0583,0.0
6499,9,28,19,weather_driven,historically_calibrated,1.146231,0.194859,8.2311,8.235,0.0039,0.0
6500,9,28,20,weather_driven,historically_calibrated,1.127049,0.191598,8.1433,8.1433,0.0,0.0
6501,9,28,21,weather_driven,historically_calibrated,1.075157,0.182777,7.9006,7.9006,0.0,0.0
6502,9,28,22,weather_driven,historically_calibrated,1.008573,0.171457,7.5783,7.5865,0.0,0.0081
6503,9,28,23,weather_driven,historically_calibrated,0.947374,0.161054,7.2704,7.2853,0.0,0.0148
6504,9,28,24,weather_driven,historically_calibrated,0.687816,0.116929,5.8172,5.8365,0.0,0.0193
6505,9,29,1,weather_driven,historically_calibrated,0.572573,0.097337,5.0784,5.0932,0.0,0.0148
6506,9,29,2,weather_driven,historically_calibrated,0.570782,0.097033,5.0663,5.0969,0.0,0.0306
6507,9,29,3,weather_driven,historically_calibrated,0.581728,0.098894,5.1396,5.1852,0.0,0.0457
6508,9,29,4,weather_driven,historically_calibrated,0.609162,0.103558,5.3203,5.3751,0.0,0.0548
6509,9,29,5,weather_driven,historically_calibrated,0.645522,0.109739,5.5538,5.6188,0.0,0.065
6510,9,29,6,weather_driven,historically_calibrated,0.677832,0.115231,5.7558,5.8208,0.0,0.065
6511,9,29,7,weather_driven,historically_calibrated,0.831748,0.141397,6.6549,6.7031,0.0026,0.0457
6512,9,29,8,weather_driven,historically_calibrated,0.85589,0.145501,6.7873,6.8827,0.0648,0.0306
6513,9,29,9,weather_driven,historically_calibrated,0.847418,0.144061,6.7411,6.9575,0.1788,0.0376
6514,9,29,10,weather_driven,historically_calibrated,0.800488,0.136083,6.4801,6.8899,0.3447,0.065
6515,9,29,11,weather_driven,historically_calibrated,0.734626,0.124886,6.0992,6.726,0.5236,0.1032
6516,9,29,12,weather_driven,historically_calibrated,0.68584,0.116593,5.8051,6.5641,0.6558,0.1032
6517,9,29,13,weather_driven,historically_calibrated,0.669439,0.113805,5.7038,6.4902,0.6972,0.0892
6518,9,29,14,weather_driven,historically_calibrated,0.69026,0.117344,5.8322,6.5437,0.635,0.0764
6519,9,29,15,weather_driven,historically_calibrated,0.743721,0.126433,6.1529,6.7205,0.4912,0.0764
6520,9,29,16,weather_driven,historically_calibrated,0.82082,0.139539,6.5942,6.9843,0.3136,0.0764
6521,9,29,17,weather_driven,historically_calibrated,0.902122,0.153361,7.035,7.2696,0.1581,0.0764
6522,9,29,18,weather_driven,historically_calibrated,0.97466,0.165692,7.4092,7.492,0.0583,0.0245
6523,9,29,19,weather_driven,historically_calibrated,0.9995,0.169915,7.5334,7.5762,0.0052,0.0376
6524,9,29,20,weather_driven,historically_calibrated,0.975888,0.165901,7.4153,7.4918,0.0,0.0764
6525,9,29,21,weather_driven,historically_calibrated,0.917255,0.155933,7.1145,7.2686,0.0,0.1541
6526,9,29,22,weather_driven,historically_calibrated,0.846291,0.14387,6.7349,6.9796,0.0,0.2447
6527,9,29,23,weather_driven,historically_calibrated,0.80904,0.137537,6.5283,6.7024,0.0,0.1741
6528,9,29,24,weather_driven,historically_calibrated,0.616666,0.104833,5.369,5.4877,0.0,0.1187
6529,9,30,1,weather_driven,historically_calibrated,0.614177,0.10441,5.3529,5.4294,0.0,0.0764
6530,9,30,2,weather_driven,historically_calibrated,0.635592,0.108051,5.4907,5.5454,0.0,0.0548
6531,9,30,3,weather_driven,historically_calibrated,0.636265,0.108165,5.495,5.56,0.0,0.065
6532,9,30,4,weather_driven,historically_calibrated,0.657846,0.111834,5.6314,5.6771,0.0,0.0457
6533,9,30,5,weather_driven,historically_calibrated,0.670008,0.113901,5.7074,5.7724,0.0,0.065
6534,9,30,6,weather_driven,historically_calibrated,0.690686,0.117417,5.8348,5.8998,0.0,0.065
6535,9,30,7,weather_driven,historically_calibrated,0.850667,0.144613,6.7588,6.8506,0.0026,0.0892
6536,9,30,8,weather_driven,historically_calibrated,0.853361,0.145071,6.7735,6.8827,0.0635,0.0457
6537,9,30,9,weather_driven,historically_calibrated,0.856246,0.145562,6.7892,6.9575,0.149,0.0193
6538,9,30,10,weather_driven,historically_calibrated,0.819404,0.139299,6.5863,6.8899,0.2579,0.0457
6539,9,30,11,weather_driven,historically_calibrated,0.755889,0.128501,6.2241,6.726,0.4471,0.0548
6540,9,30,12,weather_driven,historically_calibrated,0.788247,0.134002,6.4107,7.0849,0.6286,0.0457
6541,9,30,13,weather_driven,historically_calibrated,0.85067,0.144614,6.7588,7.4594,0.67,0.0306
6542,9,30,14,weather_driven,historically_calibrated,0.919643,0.156339,7.127,7.7652,0.6234,0.0148
6543,9,30,15,weather_driven,historically_calibrated,1.013154,0.172236,7.6009,8.1005,0.4847,0.0148
6544,9,30,16,weather_driven,historically_calibrated,1.108933,0.188519,8.0594,8.3858,0.3072,0.0193
6545,9,30,17,weather_driven,historically_calibrated,1.12803,0.191765,8.1478,8.3213,0.1542,0.0193
6546,9,30,18,weather_driven,historically_calibrated,1.059336,0.180087,7.8252,7.9115,0.0557,0.0306
6547,9,30,19,weather_driven,historically_calibrated,0.996312,0.169373,7.5176,7.5762,0.0039,0.0548
6548,9,30,20,weather_driven,historically_calibrated,0.978162,0.166288,7.4268,7.4918,0.0,0.065
6549,9,30,21,weather_driven,historically_calibrated,0.936373,0.159183,7.2138,7.2686,0.0,0.0548
6550,9,30,22,weather_driven,historically_calibrated,0.883081,0.150124,6.9339,6.9796,0.0,0.0457
6551,9,30,23,weather_driven,historically_calibrated,0.830452,0.141177,6.6477,6.7024,0.0,0.0548
6552,9,30,24,weather_driven,historically_calibrated,0.61378,0.104343,5.3503,5.3696,0.0,0.0193
6553,10,1,1,weather_driven,historically_calibrated,0.640972,0.108965,5.5249,5.5361,0.0,0.0111
6554,10,1,2,weather_driven,historically_calibrated,0.643145,0.109335,5.5387,5.5401,0.0,0.0014
6555,10,1,3,weather_driven,historically_calibrated,0.645609,0.109753,5.5543,5.5546,0.0,0.0003
6556,10,1,4,weather_driven,historically_calibrated,0.651633,0.110778,5.5924,5.5962,0.0,0.0038
6557,10,1,5,weather_driven,historically_calibrated,0.667236,0.11343,5.6901,5.6901,0.0,0.0
6558,10,1,6,weather_driven,historically_calibrated,0.693926,0.117967,5.8546,5.8547,0.0,0.0001
6559,10,1,7,weather_driven,historically_calibrated,0.963356,0.163771,7.352,7.354,0.0013,0.0007
6560,10,1,8,weather_driven,historically_calibrated,1.124334,0.191137,8.1307,8.1794,0.048,0.0007
6561,10,1,9,weather_driven,historically_calibrated,1.248048,0.212168,8.6824,8.7977,0.1153,0.0
6562,10,1,10,weather_driven,historically_calibrated,1.307452,0.222267,8.9346,9.1316,0.197,0.0
6563,10,1,11,weather_driven,historically_calibrated,1.292028,0.219645,8.8698,9.1874,0.3175,0.0
6564,10,1,12,weather_driven,historically_calibrated,0.956763,0.16265,7.3184,7.8008,0.4368,0.0457
6565,10,1,13,weather_driven,historically_calibrated,1.050733,0.178625,7.7839,8.0093,0.2216,0.0038
6566,10,1,14,weather_driven,historically_calibrated,1.251163,0.212698,8.6958,8.8719,0.1516,0.0245
6567,10,1,15,weather_driven,historically_calibrated,1.318303,0.224111,8.9798,9.3162,0.2177,0.1187
6568,10,1,16,weather_driven,historically_calibrated,1.308463,0.222439,8.9388,9.115,0.1724,0.0038
6569,10,1,17,weather_driven,historically_calibrated,1.351384,0.229735,9.1162,9.2292,0.1128,0.0003
6570,10,1,18,weather_driven,historically_calibrated,1.407981,0.239357,9.3443,9.3975,0.0518,0.0014
6571,10,1,19,weather_driven,historically_calibrated,1.323929,0.225068,9.0031,9.0421,0.0013,0.0376
6572,10,1,20,weather_driven,historically_calibrated,1.296452,0.220397,8.8885,8.9033,0.0,0.0148
6573,10,1,21,weather_driven,historically_calibrated,1.2293,0.208981,8.6012,8.6012,0.0,0.0
6574,10,1,22,weather_driven,historically_calibrated,1.12867,0.191874,8.1507,8.1883,0.0,0.0376
6575,10,1,23,weather_driven,historically_calibrated,0.95013,0.161522,7.2846,7.2853,0.0,0.0007
6576,10,1,24,weather_driven,historically_calibrated,0.690912,0.117455,5.8362,5.8365,0.0,0.0003
6577,10,2,1,weather_driven,historically_calibrated,0.665254,0.113093,5.6778,5.7428,0.0,0.065
6578,10,2,2,weather_driven,historically_calibrated,0.574028,0.097585,5.0881,5.566,0.0,0.4779
6579,10,2,3,weather_driven,historically_calibrated,0.516694,0.087838,4.6944,5.5806,0.0,0.8861
6580,10,2,4,weather_driven,historically_calibrated,0.425881,0.0724,4.0291,5.5962,0.0,1.5671
6581,10,2,5,weather_driven,historically_calibrated,0.420542,0.071492,3.9882,5.7432,0.0,1.755
6582,10,2,6,weather_driven,historically_calibrated,0.64492,0.109636,5.55,5.882,0.0,0.332
6583,10,2,7,weather_driven,historically_calibrated,0.763836,0.129852,6.2704,7.286,0.0,1.0156
6584,10,2,8,weather_driven,historically_calibrated,0.984122,0.167301,7.4567,7.4812,0.0052,0.0193
6585,10,2,9,weather_driven,historically_calibrated,0.942121,0.160161,7.2435,7.5625,0.0181,0.3009
6586,10,2,10,weather_driven,historically_calibrated,0.97727,0.166136,7.4223,7.489,0.0518,0.0148
6587,10,2,11,weather_driven,historically_calibrated,0.913357,0.155271,7.0941,7.3109,0.2087,0.0081
6588,10,2,12,weather_driven,historically_calibrated,0.915057,0.15556,7.103,7.2015,0.0985,0.0
6589,10,2,13,weather_driven,historically_calibrated,0.904369,0.153743,7.0469,7.3838,0.2605,0.0764
6590,10,2,14,weather_driven,historically_calibrated,1.019044,0.173238,7.6299,7.9093,0.1439,0.1356
6591,10,2,15,weather_driven,historically_calibrated,1.146037,0.194826,8.2303,8.4299,0.162,0.0376
6592,10,2,16,weather_driven,historically_calibrated,1.243044,0.211318,8.6608,9.0441,0.1387,0.2447
6593,10,2,17,weather_driven,historically_calibrated,0.085298,0.014501,0.8971,9.0817,0.0596,8.125
6594,10,2,18,weather_driven,historically_calibrated,0.918024,0.156064,7.1185,8.7895,0.0117,1.6593
6595,10,2,19,weather_driven,historically_calibrated,1.18948,0.202212,8.4259,8.4272,0.0013,0.0
6596,10,2,20,weather_driven,historically_calibrated,1.164507,0.197966,8.314,8.3333,0.0,0.0193
6597,10,2,21,weather_driven,historically_calibrated,-0.002369,-0.000403,-0.1506,7.9744,0.0,8.125
6598,10,2,22,weather_driven,historically_calibrated,1.076099,0.182937,7.9051,7.9051,0.0,0.0
6599,10,2,23,weather_driven,historically_calibrated,0.948093,0.161176,7.2741,7.2853,0.0,0.0111
6600,10,2,24,weather_driven,historically_calibrated,0.651545,0.110763,5.5918,5.8365,0.0,0.2447
6601,10,3,1,weather_driven,historically_calibrated,0.501479,0.085251,4.5867,5.5361,0.0,0.9494
6602,10,3,2,weather_driven,historically_calibrated,0.557354,0.09475,4.9756,5.5401,0.0,0.5645
6603,10,3,3,weather_driven,historically_calibrated,0.54534,0.092708,4.8935,5.5546,0.0,0.6611
6604,10,3,4,weather_driven,historically_calibrated,0.448913,0.076315,4.203,5.5962,0.0,1.3932
6605,10,3,5,weather_driven,historically_calibrated,0.661208,0.112405,5.6525,5.6901,0.0,0.0376
6606,10,3,6,weather_driven,historically_calibrated,0.67713,0.115112,5.7515,5.8547,0.0,0.1032
6607,10,3,7,weather_driven,historically_calibrated,0.95027,0.161546,7.2853,7.286,0.0,0.0007
6608,10,3,8,weather_driven,historically_calibrated,0.967624,0.164496,7.3736,7.4812,0.0311,0.0764
6609,10,3,9,weather_driven,historically_calibrated,0.817241,0.138931,6.5742,7.5625,0.0389,0.9494
6610,10,3,10,weather_driven,historically_calibrated,0.936755,0.159248,7.2158,7.489,0.0285,0.2447
6611,10,3,11,weather_driven,historically_calibrated,0.889812,0.151268,6.9698,7.3109,0.0402,0.3009
6612,10,3,12,weather_driven,historically_calibrated,0.831375,0.141334,6.6528,7.1349,0.0441,0.4381
6613,10,3,13,weather_driven,historically_calibrated,0.866499,0.147305,6.8448,7.0546,0.0557,0.1541
6614,10,3,14,weather_driven,historically_calibrated,0.869518,0.147818,6.8611,7.1127,0.0557,0.1959
6615,10,3,15,weather_driven,historically_calibrated,0.885769,0.150581,6.9483,7.3049,0.0246,0.332
6616,10,3,16,weather_driven,historically_calibrated,0.888152,0.150986,6.961,7.5916,0.0661,0.5645
6617,10,3,17,weather_driven,historically_calibrated,1.086387,0.184686,7.9538,8.0756,0.0454,0.0764
6618,10,3,18,weather_driven,historically_calibrated,1.124896,0.191232,8.1333,8.442,0.0078,0.3009
6619,10,3,19,weather_driven,historically_calibrated,1.252623,0.212946,8.7021,8.7785,0.0,0.0764
6620,10,3,20,weather_driven,historically_calibrated,1.244221,0.211517,8.6659,8.6807,0.0,0.0148
6621,10,3,21,weather_driven,historically_calibrated,1.178481,0.200342,8.3768,8.48,0.0,0.1032
6622,10,3,22,weather_driven,historically_calibrated,1.042112,0.177159,7.7423,8.1428,0.0,0.4005
6623,10,3,23,weather_driven,historically_calibrated,0.838747,0.142587,6.6935,8.0866,0.0,1.3932
6624,10,3,24,weather_driven,historically_calibrated,0.445235,0.07569,4.1755,6.3501,0.0,2.1746
6625,10,4,1,weather_driven,historically_calibrated,0.454327,0.077236,4.2434,6.3075,0.0,2.0641
6626,10,4,2,weather_driven,historically_calibrated,0.618002,0.10506,5.3777,6.3933,0.0,1.0156
6627,10,4,3,weather_driven,historically_calibrated,0.778259,0.132304,6.3535,6.6545,0.0,0.3009
6628,10,4,4,weather_driven,historically_calibrated,0.846158,0.143847,6.7342,6.7453,0.0,0.0111
6629,10,4,5,weather_driven,historically_calibrated,0.849375,0.144394,6.7518,6.8168,0.0,0.065
6630,10,4,6,weather_driven,historically_calibrated,0.802793,0.136475,6.4931,6.971,0.0,0.4779
6631,10,4,7,weather_driven,historically_calibrated,1.130405,0.192169,8.1587,8.3546,0.0,0.1959
6632,10,4,8,weather_driven,historically_calibrated,1.152036,0.195846,8.2576,8.4138,0.0376,0.1187
6633,10,4,9,weather_driven,historically_calibrated,1.066835,0.181362,7.861,8.1726,0.1374,0.1741
6634,10,4,10,weather_driven,historically_calibrated,0.905593,0.153951,7.0533,7.489,0.2398,0.1959
6635,10,4,11,weather_driven,historically_calibrated,0.775282,0.131798,6.3364,7.3109,0.3629,0.6116
6636,10,4,12,weather_driven,historically_calibrated,0.819097,0.139246,6.5846,7.1349,0.4147,0.1356
6637,10,4,13,weather_driven,historically_calibrated,0.816781,0.138853,6.5717,7.0546,0.3797,0.1032
6638,10,4,14,weather_driven,historically_calibrated,0.823463,0.139989,6.6089,7.1127,0.232,0.2718
6639,10,4,15,weather_driven,historically_calibrated,0.816033,0.138726,6.5675,7.3049,0.2994,0.4381
6640,10,4,16,weather_driven,historically_calibrated,0.863054,0.146719,6.8262,7.5916,0.2009,0.5645
6641,10,4,17,weather_driven,historically_calibrated,0.838563,0.142556,6.6925,7.9017,0.1244,1.0848
6642,10,4,18,weather_driven,historically_calibrated,0.858429,0.145933,6.8011,8.1434,0.0311,1.3112
6643,10,4,19,weather_driven,historically_calibrated,0.800472,0.13608,6.48,8.235,0.0,1.755
6644,10,4,20,weather_driven,historically_calibrated,0.833548,0.141703,6.6648,8.1433,0.0,1.4784
6645,10,4,21,weather_driven,historically_calibrated,0.886326,0.150675,6.9512,7.9006,0.0,0.9494
6646,10,4,22,weather_driven,historically_calibrated,0.950324,0.161555,7.2855,7.5865,0.0,0.3009
6647,10,4,23,weather_driven,historically_calibrated,0.947562,0.161085,7.2714,7.4455,0.0,0.1741
6648,10,4,24,weather_driven,historically_calibrated,0.690947,0.117461,5.8364,5.8365,0.0,0.0001
6649,10,5,1,weather_driven,historically_calibrated,0.657185,0.111721,5.6273,5.6579,0.0,0.0306
6650,10,5,2,weather_driven,historically_calibrated,0.540052,0.091809,4.8571,5.7433,0.0,0.8861
6651,10,5,3,weather_driven,historically_calibrated,0.646886,0.109971,5.5624,5.7583,0.0,0.1959
6652,10,5,4,weather_driven,historically_calibrated,0.692495,0.117724,5.8459,5.8835,0.0,0.0376
6653,10,5,5,weather_driven,historically_calibrated,0.725735,0.123375,6.0464,6.0657,0.0,0.0193
6654,10,5,6,weather_driven,historically_calibrated,0.759716,0.129152,6.2464,6.284,0.0,0.0376
6655,10,5,7,weather_driven,historically_calibrated,0.974561,0.165675,7.4087,7.4463,0.0,0.0376
6656,10,5,8,weather_driven,historically_calibrated,1.003817,0.170649,7.5548,7.6457,0.0259,0.065
6657,10,5,9,weather_driven,historically_calibrated,0.99052,0.168388,7.4887,7.5625,0.07,0.0038
6658,10,5,10,weather_driven,historically_calibrated,0.946378,0.160884,7.2653,7.489,0.105,0.1187
6659,10,5,11,weather_driven,historically_calibrated,0.880323,0.149655,6.9192,7.3109,0.1724,0.2194
6660,10,5,12,weather_driven,historically_calibrated,0.819536,0.139321,6.587,7.1349,0.276,0.2718
6661,10,5,13,weather_driven,historically_calibrated,0.796366,0.135382,6.4568,7.0546,0.3784,0.2194
6662,10,5,14,weather_driven,historically_calibrated,0.795079,0.135163,6.4495,7.1127,0.3914,0.2718
6663,10,5,15,weather_driven,historically_calibrated,0.847724,0.144113,6.7427,7.3049,0.3175,0.2447
6664,10,5,16,weather_driven,historically_calibrated,0.951934,0.161829,7.2938,7.5916,0.2087,0.0892
6665,10,5,17,weather_driven,historically_calibrated,1.038307,0.176512,7.7238,7.9017,0.1231,0.0548
6666,10,5,18,weather_driven,historically_calibrated,1.117869,0.190038,8.1009,8.1434,0.0402,0.0024
6667,10,5,19,weather_driven,historically_calibrated,1.14678,0.194953,8.2336,8.235,0.0013,0.0001
6668,10,5,20,weather_driven,historically_calibrated,1.127049,0.191598,8.1433,8.1433,0.0,0.0
6669,10,5,21,weather_driven,historically_calibrated,1.075157,0.182777,7.9006,7.9006,0.0,0.0
6670,10,5,22,weather_driven,historically_calibrated,1.01022,0.171737,7.5865,7.5865,0.0,0.0
6671,10,5,23,weather_driven,historically_calibrated,0.948683,0.161276,7.2771,7.2853,0.0,0.0081
6672,10,5,24,weather_driven,historically_calibrated,0.69096,0.117463,5.8365,5.8365,0.0,0.0
6673,10,6,1,weather_driven,historically_calibrated,0.574784,0.097713,5.0932,5.0932,0.0,0.0
6674,10,6,2,weather_driven,historically_calibrated,0.575341,0.097808,5.0969,5.0969,0.0,0.0
6675,10,6,3,weather_driven,historically_calibrated,0.577129,0.098112,5.1089,5.1103,0.0,0.0014
6676,10,6,4,weather_driven,historically_calibrated,0.605612,0.102954,5.2971,5.2995,0.0,0.0024
6677,10,6,5,weather_driven,historically_calibrated,0.649732,0.110455,5.5804,5.5804,0.0,0.0
6678,10,6,6,weather_driven,historically_calibrated,0.681967,0.115934,5.7813,5.7813,0.0,0.0
6679,10,6,7,weather_driven,historically_calibrated,0.840498,0.142885,6.7031,6.7031,0.0,0.0
6680,10,6,8,weather_driven,historically_calibrated,0.864633,0.146988,6.8347,6.8827,0.048,0.0
6681,10,6,9,weather_driven,historically_calibrated,0.857882,0.14584,6.7981,6.9575,0.1594,0.0
6682,10,6,10,weather_driven,historically_calibrated,0.818063,0.139071,6.5788,6.8899,0.311,0.0
6683,10,6,11,weather_driven,historically_calibrated,0.762629,0.129647,6.2634,6.726,0.4627,0.0
6684,10,6,12,weather_driven,historically_calibrated,0.724533,0.123171,6.0392,6.5641,0.5249,0.0
6685,10,6,13,weather_driven,historically_calibrated,0.729101,0.123947,6.0664,6.4902,0.4238,0.0
6686,10,6,14,weather_driven,historically_calibrated,0.748478,0.127241,6.1808,6.5437,0.3629,0.0
6687,10,6,15,weather_driven,historically_calibrated,0.785314,0.133503,6.3939,6.7205,0.3266,0.0
6688,10,6,16,weather_driven,historically_calibrated,0.849709,0.144451,6.7536,6.9843,0.2307,0.0
6689,10,6,17,weather_driven,historically_calibrated,0.919403,0.156299,7.1257,7.2696,0.1439,0.0
6690,10,6,18,weather_driven,historically_calibrated,0.981331,0.166826,7.4427,7.492,0.0492,0.0
6691,10,6,19,weather_driven,historically_calibrated,1.008144,0.171384,7.5762,7.5762,0.0,0.0
6692,10,6,20,weather_driven,historically_calibrated,0.991136,0.168493,7.4918,7.4918,0.0,0.0
6693,10,6,21,weather_driven,historically_calibrated,0.947014,0.160992,7.2686,7.2686,0.0,0.0
6694,10,6,22,weather_driven,historically_calibrated,0.891647,0.15158,6.9796,6.9796,0.0,0.0
6695,10,6,23,weather_driven,historically_calibrated,0.840378,0.142864,6.7024,6.7024,0.0,0.0
6696,10,6,24,weather_driven,historically_calibrated,0.641308,0.109022,5.5271,5.5271,0.0,0.0
6697,10,7,1,weather_driven,historically_calibrated,0.643565,0.109406,5.5414,5.5414,0.0,0.0
6698,10,7,2,weather_driven,historically_calibrated,0.674035,0.114586,5.7323,5.7323,0.0,0.0
6699,10,7,3,weather_driven,historically_calibrated,0.688642,0.117069,5.8223,5.8223,0.0,0.0
6700,10,7,4,weather_driven,historically_calibrated,0.714495,0.121464,5.9791,5.9791,0.0,0.0
6701,10,7,5,weather_driven,historically_calibrated,0.750822,0.12764,6.1946,6.1946,0.0,0.0001
6702,10,7,6,weather_driven,historically_calibrated,0.794657,0.135092,6.4471,6.4528,0.0,0.0057
6703,10,7,7,weather_driven,historically_calibrated,0.996697,0.169439,7.5195,7.5388,0.0,0.0193
6704,10,7,8,weather_driven,historically_calibrated,0.890482,0.151382,6.9734,7.0341,0.0415,0.0193
6705,10,7,9,weather_driven,historically_calibrated,0.857818,0.145829,6.7978,6.9575,0.1516,0.0081
6706,10,7,10,weather_driven,historically_calibrated,0.812526,0.138129,6.5479,6.8899,0.3175,0.0245
6707,10,7,11,weather_driven,historically_calibrated,0.744436,0.126554,6.1571,6.726,0.4925,0.0764
6708,10,7,12,weather_driven,historically_calibrated,0.686687,0.116737,5.8103,6.5641,0.6182,0.1356
6709,10,7,13,weather_driven,historically_calibrated,0.66308,0.112724,5.6642,6.4902,0.6519,0.1741
6710,10,7,14,weather_driven,historically_calibrated,0.708051,0.120369,5.9403,6.6964,0.5819,0.1741
6711,10,7,15,weather_driven,historically_calibrated,0.768802,0.130696,6.2991,6.9087,0.4355,0.1741
6712,10,7,16,weather_driven,historically_calibrated,0.819506,0.139316,6.5869,6.9843,0.2618,0.1356
6713,10,7,17,weather_driven,historically_calibrated,0.915925,0.155707,7.1076,7.2696,0.1244,0.0376
6714,10,7,18,weather_driven,historically_calibrated,0.980144,0.166624,7.4368,7.492,0.0441,0.0111
6715,10,7,19,weather_driven,historically_calibrated,1.005143,0.170874,7.5614,7.5762,0.0,0.0148
6716,10,7,20,weather_driven,historically_calibrated,0.987281,0.167838,7.4725,7.4918,0.0,0.0193
6717,10,7,21,weather_driven,historically_calibrated,0.941062,0.15998,7.238,7.2686,0.0,0.0306
6718,10,7,22,weather_driven,historically_calibrated,0.887046,0.150798,6.9551,6.9796,0.0,0.0245
6719,10,7,23,weather_driven,historically_calibrated,0.838353,0.14252,6.6913,6.7024,0.0,0.0111
6720,10,7,24,weather_driven,historically_calibrated,0.616535,0.104811,5.3682,5.3696,0.0,0.0014
6721,10,8,1,weather_driven,historically_calibrated,0.642615,0.109245,5.5354,5.5361,0.0,0.0007
6722,10,8,2,weather_driven,historically_calibrated,0.643252,0.109353,5.5394,5.5401,0.0,0.0007
6723,10,8,3,weather_driven,historically_calibrated,0.645544,0.109742,5.5539,5.5546,0.0,0.0007
6724,10,8,4,weather_driven,historically_calibrated,0.652018,0.110843,5.5948,5.5962,0.0,0.0014
6725,10,8,5,weather_driven,historically_calibrated,0.667121,0.113411,5.6894,5.6901,0.0,0.0007
6726,10,8,6,weather_driven,historically_calibrated,0.693939,0.11797,5.8547,5.8547,0.0,0.0
6727,10,8,7,weather_driven,historically_calibrated,0.950409,0.16157,7.286,7.286,0.0,0.0
6728,10,8,8,weather_driven,historically_calibrated,0.981761,0.166899,7.4449,7.4812,0.0363,0.0
6729,10,8,9,weather_driven,historically_calibrated,0.981446,0.166846,7.4433,7.5625,0.1192,0.0
6730,10,8,10,weather_driven,historically_calibrated,0.957168,0.162719,7.3205,7.489,0.1685,0.0
6731,10,8,11,weather_driven,historically_calibrated,0.918131,0.156082,7.1191,7.3109,0.1918,0.0
6732,10,8,12,weather_driven,historically_calibrated,0.875121,0.148771,6.8913,7.1349,0.2436,0.0
6733,10,8,13,weather_driven,historically_calibrated,0.861585,0.146469,6.8182,7.0546,0.2307,0.0057
6734,10,8,14,weather_driven,historically_calibrated,0.859217,0.146067,6.8054,7.1127,0.2424,0.065
6735,10,8,15,weather_driven,historically_calibrated,0.921804,0.156707,7.1383,7.3049,0.1361,0.0306
6736,10,8,16,weather_driven,historically_calibrated,0.987276,0.167837,7.4725,7.5916,0.0946,0.0245
6737,10,8,17,weather_driven,historically_calibrated,1.062435,0.180614,7.84,7.9017,0.0505,0.0111
6738,10,8,18,weather_driven,historically_calibrated,1.123997,0.19108,8.1292,8.1434,0.0143,0.0
6739,10,8,19,weather_driven,historically_calibrated,1.138845,0.193604,8.1974,8.235,0.0,0.0376
6740,10,8,20,weather_driven,historically_calibrated,1.115202,0.189584,8.0885,8.1433,0.0,0.0548
6741,10,8,21,weather_driven,historically_calibrated,1.074864,0.182727,7.8992,7.9006,0.0,0.0014
6742,10,8,22,weather_driven,historically_calibrated,1.01022,0.171737,7.5865,7.5865,0.0,0.0
6743,10,8,23,weather_driven,historically_calibrated,0.950269,0.161546,7.2853,7.2853,0.0,0.0
6744,10,8,24,weather_driven,historically_calibrated,0.690947,0.117461,5.8364,5.8365,0.0,0.0001
6745,10,9,1,weather_driven,historically_calibrated,0.64268,0.109256,5.5358,5.5361,0.0,0.0003
6746,10,9,2,weather_driven,historically_calibrated,0.643365,0.109372,5.5401,5.5401,0.0,0.0
6747,10,9,3,weather_driven,historically_calibrated,0.645436,0.109724,5.5533,5.5546,0.0,0.0014
6748,10,9,4,weather_driven,historically_calibrated,0.650471,0.11058,5.5851,5.5962,0.0,0.0111
6749,10,9,5,weather_driven,historically_calibrated,0.664855,0.113025,5.6753,5.6901,0.0,0.0148
6750,10,9,6,weather_driven,historically_calibrated,0.689933,0.117289,5.8302,5.8547,0.0,0.0245
6751,10,9,7,weather_driven,historically_calibrated,0.947513,0.161077,7.2711,7.286,0.0,0.0148
6752,10,9,8,weather_driven,historically_calibrated,0.978808,0.166397,7.43,7.4812,0.0363,0.0148
6753,10,9,9,weather_driven,historically_calibrated,0.970062,0.16491,7.3859,7.5625,0.1218,0.0548
6754,10,9,10,weather_driven,historically_calibrated,0.915844,0.155693,7.1071,7.489,0.2462,0.1356
6755,10,9,11,weather_driven,historically_calibrated,0.828569,0.140857,6.6373,7.3109,0.429,0.2447
6756,10,9,12,weather_driven,historically_calibrated,0.781812,0.132908,6.3739,7.1349,0.4601,0.3009
6757,10,9,13,weather_driven,historically_calibrated,0.730719,0.124222,6.0761,7.0546,0.578,0.4005
6758,10,9,14,weather_driven,historically_calibrated,0.765575,0.130148,6.2804,7.1127,0.5003,0.332
6759,10,9,15,weather_driven,historically_calibrated,0.869231,0.147769,6.8596,7.3049,0.3421,0.1032
6760,10,9,16,weather_driven,historically_calibrated,0.848875,0.144309,6.749,7.5916,0.1814,0.6611
6761,10,9,17,weather_driven,historically_calibrated,0.974664,0.165693,7.4092,7.9017,0.092,0.4005
6762,10,9,18,weather_driven,historically_calibrated,1.002134,0.170363,7.5465,8.1434,0.0324,0.5645
6763,10,9,19,weather_driven,historically_calibrated,0.974686,0.165697,7.4093,8.235,0.0,0.8257
6764,10,9,20,weather_driven,historically_calibrated,0.967918,0.164546,7.3751,8.1433,0.0,0.7682
6765,10,9,21,weather_driven,historically_calibrated,0.931249,0.158312,7.1873,7.9006,0.0,0.7133
6766,10,9,22,weather_driven,historically_calibrated,0.851018,0.144673,6.7607,7.5865,0.0,0.8257
6767,10,9,23,weather_driven,historically_calibrated,0.826203,0.140454,6.6241,7.2853,0.0,0.6611
6768,10,9,24,weather_driven,historically_calibrated,0.637754,0.108418,5.5045,5.8365,0.0,0.332
6769,10,10,1,weather_driven,historically_calibrated,0.611155,0.103896,5.3333,5.6985,0.0,0.3652
6770,10,10,2,weather_driven,historically_calibrated,0.649645,0.11044,5.5799,5.8245,0.0,0.2447
6771,10,10,3,weather_driven,historically_calibrated,0.660717,0.112322,5.6494,5.9213,0.0,0.2718
6772,10,10,4,weather_driven,historically_calibrated,0.669738,0.113855,5.7057,6.0066,0.0,0.3009
6773,10,10,5,weather_driven,historically_calibrated,0.702121,0.119361,5.9045,6.1491,0.0,0.2447
6774,10,10,6,weather_driven,historically_calibrated,0.753174,0.12804,6.2083,6.327,0.0,0.1187
6775,10,10,7,weather_driven,historically_calibrated,0.941211,0.160006,7.2388,7.3928,0.0,0.1541
6776,10,10,8,weather_driven,historically_calibrated,0.933988,0.158778,7.2015,7.4812,0.035,0.2447
6777,10,10,9,weather_driven,historically_calibrated,0.93193,0.158428,7.1909,7.5625,0.127,0.2447
6778,10,10,10,weather_driven,historically_calibrated,0.881166,0.149798,6.9237,7.489,0.2333,0.332
6779,10,10,11,weather_driven,historically_calibrated,0.769605,0.130833,6.3037,7.3109,0.346,0.6611
6780,10,10,12,weather_driven,historically_calibrated,0.650017,0.110503,5.5822,7.1349,0.4679,1.0848
6781,10,10,13,weather_driven,historically_calibrated,0.589512,0.100217,5.1913,7.0546,0.5521,1.3112
6782,10,10,14,weather_driven,historically_calibrated,0.656169,0.111549,5.6209,7.1127,0.4069,1.0848
6783,10,10,15,weather_driven,historically_calibrated,0.812626,0.138146,6.5484,7.3049,0.2786,0.4779
6784,10,10,16,weather_driven,historically_calibrated,0.827556,0.140685,6.6316,7.5916,0.1918,0.7682
6785,10,10,17,weather_driven,historically_calibrated,0.77213,0.131262,6.3183,7.9017,0.105,1.4784
6786,10,10,18,weather_driven,historically_calibrated,0.961567,0.163466,7.3429,8.1434,0.0324,0.7682
6787,10,10,19,weather_driven,historically_calibrated,1.088392,0.185027,7.9632,8.235,0.0,0.2718
6788,10,10,20,weather_driven,historically_calibrated,1.05642,0.179591,7.8112,8.1433,0.0,0.332
6789,10,10,21,weather_driven,historically_calibrated,0.909694,0.154648,7.0749,7.9006,0.0,0.8257
6790,10,10,22,weather_driven,historically_calibrated,0.871757,0.148199,6.8732,7.5865,0.0,0.7133
6791,10,10,23,weather_driven,historically_calibrated,0.855361,0.145411,6.7844,7.4455,0.0,0.6611
6792,10,10,24,weather_driven,historically_calibrated,0.702555,0.119434,5.9071,6.1789,0.0,0.2718
6793,10,11,1,weather_driven,historically_calibrated,0.702799,0.119476,5.9086,6.1045,0.0,0.1959
6794,10,11,2,weather_driven,historically_calibrated,0.755034,0.128356,6.2192,6.3933,0.0,0.1741
6795,10,11,3,weather_driven,historically_calibrated,0.792946,0.134801,6.4374,6.573,0.0,0.1356
6796,10,11,4,weather_driven,historically_calibrated,0.823605,0.140013,6.6097,6.7453,0.0,0.1356
6797,10,11,5,weather_driven,historically_calibrated,0.859338,0.146087,6.806,7.0254,0.0,0.2194
6798,10,11,6,weather_driven,historically_calibrated,0.903566,0.153606,7.0426,7.3145,0.0,0.2718
6799,10,11,7,weather_driven,historically_calibrated,1.140089,0.193815,8.2031,8.5683,0.0,0.3652
6800,10,11,8,weather_driven,historically_calibrated,1.052599,0.178942,7.7929,8.1944,0.0363,0.3652
6801,10,11,9,weather_driven,historically_calibrated,0.970627,0.165007,7.3888,7.8953,0.1413,0.3652
6802,10,11,10,weather_driven,historically_calibrated,0.80907,0.137542,6.5285,7.489,0.2994,0.6611
6803,10,11,11,weather_driven,historically_calibrated,0.689687,0.117247,5.8287,7.3109,0.4666,1.0156
6804,10,11,12,weather_driven,historically_calibrated,0.608584,0.103459,5.3165,7.1349,0.5858,1.2326
6805,10,11,13,weather_driven,historically_calibrated,0.579761,0.098559,5.1265,7.0546,0.6169,1.3112
6806,10,11,14,weather_driven,historically_calibrated,0.598323,0.101715,5.2494,7.1127,0.5521,1.3112
6807,10,11,15,weather_driven,historically_calibrated,0.69784,0.118633,5.8785,7.3049,0.4108,1.0156
6808,10,11,16,weather_driven,historically_calibrated,0.797252,0.135533,6.4618,7.5916,0.2436,0.8861
6809,10,11,17,weather_driven,historically_calibrated,0.910581,0.154799,7.0796,7.9017,0.1089,0.7133
6810,10,11,18,weather_driven,historically_calibrated,1.036093,0.176136,7.7131,8.1434,0.0298,0.4005
6811,10,11,19,weather_driven,historically_calibrated,1.068675,0.181675,7.8698,8.235,0.0,0.3652
6812,10,11,20,weather_driven,historically_calibrated,1.10694,0.18818,8.0501,8.3821,0.0,0.332
6813,10,11,21,weather_driven,historically_calibrated,1.132483,0.192522,8.1682,8.3641,0.0,0.1959
6814,10,11,22,weather_driven,historically_calibrated,1.096768,0.186451,8.0026,8.1984,0.0,0.1959
6815,10,11,23,weather_driven,historically_calibrated,1.077659,0.183202,7.9125,8.0866,0.0,0.1741
6816,10,11,24,weather_driven,historically_calibrated,0.803239,0.136551,6.4956,6.6497,0.0,0.1541
6817,10,12,1,weather_driven,historically_calibrated,0.79206,0.13465,6.4324,6.551,0.0,0.1187
6818,10,12,2,weather_driven,historically_calibrated,0.824579,0.140178,6.6151,6.7183,0.0,0.1032
6819,10,12,3,weather_driven,historically_calibrated,0.856967,0.145684,6.7931,6.8581,0.0,0.065
6820,10,12,4,weather_driven,historically_calibrated,0.897126,0.152511,7.0086,7.0736,0.0,0.065
6821,10,12,5,weather_driven,historically_calibrated,0.9473,0.161041,7.2701,7.3592,0.0,0.0892
6822,10,12,6,weather_driven,historically_calibrated,1.013613,0.172314,7.6032,7.6579,0.0,0.0548
6823,10,12,7,weather_driven,historically_calibrated,1.293806,0.219947,8.8773,8.9423,0.0,0.065
6824,10,12,8,weather_driven,historically_calibrated,1.152346,0.195899,8.259,8.359,0.035,0.065
6825,10,12,9,weather_driven,historically_calibrated,0.992211,0.168676,7.4972,7.6734,0.1387,0.0376
6826,10,12,10,weather_driven,historically_calibrated,0.923389,0.156976,7.1465,7.489,0.2877,0.0548
6827,10,12,11,weather_driven,historically_calibrated,0.846011,0.143822,6.7334,7.3109,0.4419,0.1356
6828,10,12,12,weather_driven,historically_calibrated,0.787721,0.133913,6.4077,7.1349,0.5314,0.1959
6829,10,12,13,weather_driven,historically_calibrated,0.772577,0.131338,6.3209,7.0546,0.5378,0.1959
6830,10,12,14,weather_driven,historically_calibrated,0.792931,0.134798,6.4373,7.1127,0.4795,0.1959
6831,10,12,15,weather_driven,historically_calibrated,0.860129,0.146222,6.8103,7.3049,0.359,0.1356
6832,10,12,16,weather_driven,historically_calibrated,0.945649,0.16076,7.2616,7.5916,0.2268,0.1032
6833,10,12,17,weather_driven,historically_calibrated,1.035174,0.17598,7.7086,7.9017,0.1166,0.0764
6834,10,12,18,weather_driven,historically_calibrated,1.114028,0.189385,8.083,8.1434,0.0298,0.0306
6835,10,12,19,weather_driven,historically_calibrated,1.14383,0.194451,8.2202,8.235,0.0,0.0148
6836,10,12,20,weather_driven,historically_calibrated,1.125811,0.191388,8.1375,8.1433,0.0,0.0057
6837,10,12,21,weather_driven,historically_calibrated,1.070005,0.181901,7.8761,7.9006,0.0,0.0245
6838,10,12,22,weather_driven,historically_calibrated,1.002611,0.170444,7.5489,7.5865,0.0,0.0376
6839,10,12,23,weather_driven,historically_calibrated,0.944305,0.160532,7.2547,7.2853,0.0,0.0306
6840,10,12,24,weather_driven,historically_calibrated,0.68597,0.116615,5.8059,5.8365,0.0,0.0306
6841,10,13,1,weather_driven,historically_calibrated,0.573123,0.097431,5.0821,5.0932,0.0,0.0111
6842,10,13,2,weather_driven,historically_calibrated,0.574981,0.097747,5.0945,5.0969,0.0,0.0024
6843,10,13,3,weather_driven,historically_calibrated,0.582747,0.099067,5.1464,5.1478,0.0,0.0014
6844,10,13,4,weather_driven,historically_calibrated,0.594364,0.101042,5.2233,5.224,0.0,0.0007
6845,10,13,5,weather_driven,historically_calibrated,0.61337,0.104273,5.3477,5.3501,0.0,0.0024
6846,10,13,6,weather_driven,historically_calibrated,0.631404,0.107339,5.4639,5.4653,0.0,0.0014
6847,10,13,7,weather_driven,historically_calibrated,0.840443,0.142875,6.7028,6.7031,0.0,0.0003
6848,10,13,8,weather_driven,historically_calibrated,0.869192,0.147763,6.8593,6.8827,0.0233,0.0
6849,10,13,9,weather_driven,historically_calibrated,0.871055,0.148079,6.8694,6.9575,0.0881,0.0
6850,10,13,10,weather_driven,historically_calibrated,0.833685,0.141726,6.6656,6.8899,0.2242,0.0001
6851,10,13,11,weather_driven,historically_calibrated,0.791999,0.13464,6.432,6.726,0.2916,0.0024
6852,10,13,12,weather_driven,historically_calibrated,0.746238,0.12686,6.1677,6.5641,0.372,0.0245
6853,10,13,13,weather_driven,historically_calibrated,0.737061,0.1253,6.1136,6.4902,0.346,0.0306
6854,10,13,14,weather_driven,historically_calibrated,0.790469,0.13438,6.4233,6.5437,0.0959,0.0245
6855,10,13,15,weather_driven,historically_calibrated,0.819948,0.139391,6.5893,6.7205,0.0855,0.0457
6856,10,13,16,weather_driven,historically_calibrated,0.854372,0.145243,6.779,6.9843,0.0311,0.1741
6857,10,13,17,weather_driven,historically_calibrated,0.935068,0.158962,7.2071,7.2696,0.0168,0.0457
6858,10,13,18,weather_driven,historically_calibrated,0.989853,0.168275,7.4854,7.492,0.0052,0.0014
6859,10,13,19,weather_driven,historically_calibrated,0.997094,0.169506,7.5215,7.5762,0.0,0.0548
6860,10,13,20,weather_driven,historically_calibrated,0.937563,0.159386,7.22,7.4918,0.0,0.2718
6861,10,13,21,weather_driven,historically_calibrated,0.88941,0.1512,6.9677,7.2686,0.0,0.3009
6862,10,13,22,weather_driven,historically_calibrated,0.789009,0.134132,6.415,6.9796,0.0,0.5645
6863,10,13,23,weather_driven,historically_calibrated,0.79654,0.135412,6.4578,6.7024,0.0,0.2447
6864,10,13,24,weather_driven,historically_calibrated,0.57953,0.09852,5.1249,5.3696,0.0,0.2447
6865,10,14,1,weather_driven,historically_calibrated,0.563428,0.095783,5.0168,5.0932,0.0,0.0764
6866,10,14,2,weather_driven,historically_calibrated,0.570782,0.097033,5.0663,5.0969,0.0,0.0306
6867,10,14,3,weather_driven,historically_calibrated,0.576977,0.098086,5.1079,5.1103,0.0,0.0024
6868,10,14,4,weather_driven,historically_calibrated,0.579397,0.098497,5.124,5.1485,0.0,0.0245
6869,10,14,5,weather_driven,historically_calibrated,0.605568,0.102947,5.2969,5.3117,0.0,0.0148
6870,10,14,6,weather_driven,historically_calibrated,0.63606,0.10813,5.4937,5.5048,0.0,0.0111
6871,10,14,7,weather_driven,historically_calibrated,0.847428,0.144063,6.7411,6.7523,0.0,0.0111
6872,10,14,8,weather_driven,historically_calibrated,0.867305,0.147442,6.8492,6.8827,0.0311,0.0024
6873,10,14,9,weather_driven,historically_calibrated,0.863138,0.146733,6.8266,6.9575,0.1309,0.0
6874,10,14,10,weather_driven,historically_calibrated,0.822946,0.139901,6.606,6.8899,0.2838,0.0
6875,10,14,11,weather_driven,historically_calibrated,0.765088,0.130065,6.2776,6.726,0.4484,0.0
6876,10,14,12,weather_driven,historically_calibrated,0.718462,0.122139,6.003,6.5641,0.5612,0.0
6877,10,14,13,weather_driven,historically_calibrated,0.7122,0.121074,5.9653,6.4902,0.5249,0.0
6878,10,14,14,weather_driven,historically_calibrated,0.725179,0.123281,6.0431,6.5437,0.4925,0.0081
6879,10,14,15,weather_driven,historically_calibrated,0.781461,0.132848,6.3719,6.7205,0.3486,0.0
6880,10,14,16,weather_driven,historically_calibrated,0.852558,0.144935,6.7691,6.9843,0.2151,0.0
6881,10,14,17,weather_driven,historically_calibrated,0.925374,0.157314,7.1568,7.2696,0.1128,0.0
6882,10,14,18,weather_driven,historically_calibrated,0.986243,0.167661,7.4673,7.492,0.0246,0.0
6883,10,14,19,weather_driven,historically_calibrated,1.008144,0.171384,7.5762,7.5762,0.0,0.0
6884,10,14,20,weather_driven,historically_calibrated,0.991136,0.168493,7.4918,7.4918,0.0,0.0
6885,10,14,21,weather_driven,historically_calibrated,0.947014,0.160992,7.2686,7.2686,0.0,0.0
6886,10,14,22,weather_driven,historically_calibrated,0.89163,0.151577,6.9795,6.9796,0.0,0.0001
6887,10,14,23,weather_driven,historically_calibrated,0.839941,0.14279,6.7,6.7024,0.0,0.0024
6888,10,14,24,weather_driven,historically_calibrated,0.615869,0.104698,5.3639,5.3696,0.0,0.0057
6889,10,15,1,weather_driven,historically_calibrated,0.674202,0.114614,5.7334,5.7391,0.0,0.0057
6890,10,15,2,weather_driven,historically_calibrated,0.681765,0.1159,5.7801,5.7839,0.0,0.0038
6891,10,15,3,weather_driven,historically_calibrated,0.689677,0.117245,5.8286,5.8398,0.0,0.0111
6892,10,15,4,weather_driven,historically_calibrated,0.69118,0.117501,5.8378,5.8835,0.0,0.0457
6893,10,15,5,weather_driven,historically_calibrated,0.693679,0.117925,5.8531,5.8988,0.0,0.0457
6894,10,15,6,weather_driven,historically_calibrated,0.69905,0.118838,5.8858,5.9406,0.0,0.0548
6895,10,15,7,weather_driven,historically_calibrated,0.937759,0.159419,7.221,7.286,0.0,0.065
6896,10,15,8,weather_driven,historically_calibrated,0.987606,0.167893,7.4742,7.4812,0.0013,0.0057
6897,10,15,9,weather_driven,historically_calibrated,1.000121,0.170021,7.5365,7.5625,0.0246,0.0014
6898,10,15,10,weather_driven,historically_calibrated,0.972995,0.165409,7.4008,7.489,0.0881,0.0001
6899,10,15,11,weather_driven,historically_calibrated,0.940349,0.159859,7.2343,7.3109,0.0752,0.0014
6900,10,15,12,weather_driven,historically_calibrated,0.910756,0.154829,7.0805,7.1349,0.0544,0.0
6901,10,15,13,weather_driven,historically_calibrated,0.891382,0.151535,6.9781,7.0546,0.0765,0.0
6902,10,15,14,weather_driven,historically_calibrated,0.909246,0.154572,7.0725,7.1127,0.0402,0.0
6903,10,15,15,weather_driven,historically_calibrated,0.944395,0.160547,7.2551,7.3049,0.0441,0.0057
6904,10,15,16,weather_driven,historically_calibrated,0.99549,0.169233,7.5135,7.5916,0.07,0.0081
6905,10,15,17,weather_driven,historically_calibrated,1.069053,0.181739,7.8716,7.9017,0.0298,0.0003
6906,10,15,18,weather_driven,historically_calibrated,1.126245,0.191462,8.1396,8.1434,0.0039,0.0
6907,10,15,19,weather_driven,historically_calibrated,1.147084,0.195004,8.235,8.235,0.0,0.0
6908,10,15,20,weather_driven,historically_calibrated,1.127049,0.191598,8.1433,8.1433,0.0,0.0
6909,10,15,21,weather_driven,historically_calibrated,1.075157,0.182777,7.9006,7.9006,0.0,0.0
6910,10,15,22,weather_driven,historically_calibrated,1.01022,0.171737,7.5865,7.5865,0.0,0.0
6911,10,15,23,weather_driven,historically_calibrated,0.950269,0.161546,7.2853,7.2853,0.0,0.0
6912,10,15,24,weather_driven,historically_calibrated,0.690734,0.117425,5.8351,5.8365,0.0,0.0014
6913,10,16,1,weather_driven,historically_calibrated,0.641828,0.109111,5.5304,5.5361,0.0,0.0057
6914,10,16,2,weather_driven,historically_calibrated,0.642762,0.10927,5.5363,5.5401,0.0,0.0038
6915,10,16,3,weather_driven,historically_calibrated,0.644755,0.109608,5.5489,5.5546,0.0,0.0057
6916,10,16,4,weather_driven,historically_calibrated,0.652239,0.110881,5.5962,5.5962,0.0,0.0
6917,10,16,5,weather_driven,historically_calibrated,0.666849,0.113364,5.6877,5.6901,0.0,0.0024
6918,10,16,6,weather_driven,historically_calibrated,0.693712,0.117931,5.8533,5.8547,0.0,0.0014
6919,10,16,7,weather_driven,historically_calibrated,0.950409,0.16157,7.286,7.286,0.0,0.0
6920,10,16,8,weather_driven,historically_calibrated,0.987711,0.167911,7.4747,7.4812,0.0065,0.0
6921,10,16,9,weather_driven,historically_calibrated,0.987135,0.167813,7.4718,7.5625,0.0907,0.0
6922,10,16,10,weather_driven,historically_calibrated,0.949742,0.161456,7.2826,7.489,0.1983,0.0081
6923,10,16,11,weather_driven,historically_calibrated,0.900015,0.153003,7.0239,7.3109,0.2722,0.0148
6924,10,16,12,weather_driven,historically_calibrated,0.846205,0.143855,6.7344,7.1349,0.3629,0.0376
6925,10,16,13,weather_driven,historically_calibrated,0.809704,0.13765,6.532,7.0546,0.4769,0.0457
6926,10,16,14,weather_driven,historically_calibrated,0.813845,0.138354,6.5552,7.1127,0.4925,0.065
6927,10,16,15,weather_driven,historically_calibrated,0.873922,0.148567,6.8848,7.3049,0.3551,0.065
6928,10,16,16,weather_driven,historically_calibrated,0.954423,0.162252,7.3065,7.5916,0.2087,0.0764
6929,10,16,17,weather_driven,historically_calibrated,1.040785,0.176933,7.7359,7.9017,0.0894,0.0764
6930,10,16,18,weather_driven,historically_calibrated,1.117579,0.189988,8.0995,8.1434,0.0194,0.0245
6931,10,16,19,weather_driven,historically_calibrated,1.145301,0.194701,8.2269,8.235,0.0,0.0081
6932,10,16,20,weather_driven,historically_calibrated,1.177182,0.200121,8.371,8.3821,0.0,0.0111
6933,10,16,21,weather_driven,historically_calibrated,1.171365,0.199132,8.3449,8.3641,0.0,0.0193
6934,10,16,22,weather_driven,historically_calibrated,1.147039,0.194997,8.2348,8.2541,0.0,0.0193
6935,10,16,23,weather_driven,historically_calibrated,1.135557,0.193045,8.1823,8.1935,0.0,0.0111
6936,10,16,24,weather_driven,historically_calibrated,0.853161,0.145037,6.7724,6.7781,0.0,0.0057
6937,10,17,1,weather_driven,historically_calibrated,0.833969,0.141775,6.6671,6.6728,0.0,0.0057
6938,10,17,2,weather_driven,historically_calibrated,0.857896,0.145842,6.7982,6.7996,0.0,0.0014
6939,10,17,3,weather_driven,historically_calibrated,0.884132,0.150302,6.9395,6.9396,0.0,0.0001
6940,10,17,4,weather_driven,historically_calibrated,0.917283,0.155938,7.1147,7.1147,0.0,0.0
6941,10,17,5,weather_driven,historically_calibrated,0.973032,0.165415,7.4009,7.4009,0.0,0.0
6942,10,17,6,weather_driven,historically_calibrated,1.016016,0.172723,7.615,7.615,0.0,0.0
6943,10,17,7,weather_driven,historically_calibrated,1.361165,0.231398,9.156,9.156,0.0,0.0
6944,10,17,8,weather_driven,historically_calibrated,1.23072,0.209222,8.6073,8.6333,0.0259,0.0
6945,10,17,9,weather_driven,historically_calibrated,1.071461,0.182148,7.8831,8.0062,0.1231,0.0
6946,10,17,10,weather_driven,historically_calibrated,0.938208,0.159495,7.2233,7.489,0.2657,0.0
6947,10,17,11,weather_driven,historically_calibrated,0.875796,0.148885,6.8949,7.3109,0.416,0.0
6948,10,17,12,weather_driven,historically_calibrated,0.827166,0.140618,6.6295,7.1349,0.5054,0.0
6949,10,17,13,weather_driven,historically_calibrated,0.81276,0.138169,6.5492,7.0546,0.5054,0.0
6950,10,17,14,weather_driven,historically_calibrated,0.837686,0.142407,6.6876,7.1127,0.4251,0.0
6951,10,17,15,weather_driven,historically_calibrated,0.898259,0.152704,7.0146,7.3049,0.2903,0.0
6952,10,17,16,weather_driven,historically_calibrated,0.975373,0.165813,7.4128,7.5916,0.1788,0.0
6953,10,17,17,weather_driven,historically_calibrated,1.052059,0.17885,7.7903,7.9017,0.1115,0.0
6954,10,17,18,weather_driven,historically_calibrated,1.122874,0.190889,8.124,8.1434,0.0194,0.0
6955,10,17,19,weather_driven,historically_calibrated,1.147084,0.195004,8.235,8.235,0.0,0.0
6956,10,17,20,weather_driven,historically_calibrated,1.127049,0.191598,8.1433,8.1433,0.0,0.0
6957,10,17,21,weather_driven,historically_calibrated,1.075157,0.182777,7.9006,7.9006,0.0,0.0
6958,10,17,22,weather_driven,historically_calibrated,1.01022,0.171737,7.5865,7.5865,0.0,0.0
6959,10,17,23,weather_driven,historically_calibrated,0.992574,0.168738,7.499,7.499,0.0,0.0
6960,10,17,24,weather_driven,historically_calibrated,0.755472,0.12843,6.2217,6.2217,0.0,0.0
6961,10,18,1,weather_driven,historically_calibrated,0.749303,0.127382,6.1857,6.1857,0.0,0.0
6962,10,18,2,weather_driven,historically_calibrated,0.778109,0.132279,6.3527,6.3527,0.0,0.0
6963,10,18,3,weather_driven,historically_calibrated,0.809747,0.137657,6.5323,6.5323,0.0,0.0
6964,10,18,4,weather_driven,historically_calibrated,0.84071,0.142921,6.7043,6.7043,0.0,0.0
6965,10,18,5,weather_driven,historically_calibrated,0.87679,0.149054,6.9002,6.9002,0.0,0.0
6966,10,18,6,weather_driven,historically_calibrated,0.922664,0.156853,7.1427,7.1427,0.0,0.0
6967,10,18,7,weather_driven,historically_calibrated,1.209592,0.205631,8.5149,8.5149,0.0,0.0
6968,10,18,8,weather_driven,historically_calibrated,1.171036,0.199076,8.3434,8.359,0.0156,0.0
6969,10,18,9,weather_driven,historically_calibrated,1.023118,0.17393,7.6498,7.7289,0.0791,0.0
6970,10,18,10,weather_driven,historically_calibrated,0.957676,0.162805,7.3231,7.489,0.1659,0.0
6971,10,18,11,weather_driven,historically_calibrated,0.881597,0.149872,6.926,7.3109,0.3849,0.0
6972,10,18,12,weather_driven,historically_calibrated,0.822017,0.139743,6.6009,7.1349,0.5327,0.0014
6973,10,18,13,weather_driven,historically_calibrated,0.800449,0.136076,6.4799,7.0546,0.5599,0.0148
6974,10,18,14,weather_driven,historically_calibrated,0.816139,0.138744,6.5681,7.1127,0.4899,0.0548
6975,10,18,15,weather_driven,historically_calibrated,0.870155,0.147926,6.8645,7.3049,0.3512,0.0892
6976,10,18,16,weather_driven,historically_calibrated,0.96097,0.163365,7.3399,7.5916,0.197,0.0548
6977,10,18,17,weather_driven,historically_calibrated,1.057076,0.179703,7.8144,7.9017,0.0816,0.0057
6978,10,18,18,weather_driven,historically_calibrated,1.123697,0.191029,8.1278,8.1434,0.0156,0.0001
6979,10,18,19,weather_driven,historically_calibrated,1.147065,0.195001,8.2349,8.235,0.0,0.0001
6980,10,18,20,weather_driven,historically_calibrated,1.126894,0.191572,8.1425,8.1433,0.0,0.0007
6981,10,18,21,weather_driven,historically_calibrated,1.099596,0.186931,8.0158,8.0165,0.0,0.0007
6982,10,18,22,weather_driven,historically_calibrated,1.067527,0.18148,7.8643,7.8646,0.0,0.0003
6983,10,18,23,weather_driven,historically_calibrated,1.047022,0.177994,7.766,7.7661,0.0,0.0001
6984,10,18,24,weather_driven,historically_calibrated,0.770224,0.130938,6.3073,6.3073,0.0,0.0
6985,10,19,1,weather_driven,historically_calibrated,0.749301,0.127381,6.1856,6.1857,0.0,0.0
6986,10,19,2,weather_driven,historically_calibrated,0.771032,0.131075,6.312,6.3121,0.0,0.0001
6987,10,19,3,weather_driven,historically_calibrated,0.780997,0.13277,6.3692,6.3693,0.0,0.0001
6988,10,19,4,weather_driven,historically_calibrated,0.796569,0.135417,6.4579,6.458,0.0,0.0001
6989,10,19,5,weather_driven,historically_calibrated,0.823193,0.139943,6.6074,6.6081,0.0,0.0007
6990,10,19,6,weather_driven,historically_calibrated,0.841674,0.143085,6.7096,6.7134,0.0,0.0038
6991,10,19,7,weather_driven,historically_calibrated,1.079547,0.183523,7.9214,7.9271,0.0,0.0057
6992,10,19,8,weather_driven,historically_calibrated,0.982807,0.167077,7.4501,7.4812,0.0272,0.0038
6993,10,19,9,weather_driven,historically_calibrated,0.979104,0.166448,7.4315,7.5625,0.1296,0.0014
6994,10,19,10,weather_driven,historically_calibrated,0.938643,0.159569,7.2255,7.489,0.2553,0.0081
6995,10,19,11,weather_driven,historically_calibrated,0.872842,0.148383,6.879,7.3109,0.3771,0.0548
6996,10,19,12,weather_driven,historically_calibrated,0.814703,0.1385,6.56,7.1349,0.4562,0.1187
6997,10,19,13,weather_driven,historically_calibrated,0.7928,0.134776,6.4366,7.0546,0.464,0.1541
6998,10,19,14,weather_driven,historically_calibrated,0.811825,0.13801,6.5439,7.1127,0.4147,0.1541
6999,10,19,15,weather_driven,historically_calibrated,0.863417,0.146781,6.8281,7.3049,0.3227,0.1541
7000,10,19,16,weather_driven,historically_calibrated,0.949907,0.161484,7.2834,7.5916,0.219,0.0892
7001,10,19,17,weather_driven,historically_calibrated,1.04806,0.17817,7.771,7.9017,0.1115,0.0193
7002,10,19,18,weather_driven,historically_calibrated,1.123,0.19091,8.1246,8.1434,0.0181,0.0007
7003,10,19,19,weather_driven,historically_calibrated,1.147084,0.195004,8.235,8.235,0.0,0.0
7004,10,19,20,weather_driven,historically_calibrated,1.127049,0.191598,8.1433,8.1433,0.0,0.0
7005,10,19,21,weather_driven,historically_calibrated,1.075157,0.182777,7.9006,7.9006,0.0,0.0
7006,10,19,22,weather_driven,historically_calibrated,1.010159,0.171727,7.5862,7.5865,0.0,0.0003
7007,10,19,23,weather_driven,historically_calibrated,0.948093,0.161176,7.2741,7.2853,0.0,0.0111
7008,10,19,24,weather_driven,historically_calibrated,0.680374,0.115664,5.7715,5.8365,0.0,0.065
7009,10,20,1,weather_driven,historically_calibrated,0.565122,0.096071,5.0282,5.0932,0.0,0.065
7010,10,20,2,weather_driven,historically_calibrated,0.548228,0.093199,4.9133,5.4333,0.0,0.52
7011,10,20,3,weather_driven,historically_calibrated,0.511355,0.08693,4.6568,5.6724,0.0,1.0156
7012,10,20,4,weather_driven,historically_calibrated,0.661467,0.112449,5.6541,6.0547,0.0,0.4005
7013,10,20,5,weather_driven,historically_calibrated,0.758754,0.128988,6.2408,6.2714,0.0,0.0306
7014,10,20,6,weather_driven,historically_calibrated,0.76806,0.13057,6.2948,6.2948,0.0,0.0
7015,10,20,7,weather_driven,historically_calibrated,0.961418,0.163441,7.3421,7.3421,0.0,0.0
7016,10,20,8,weather_driven,historically_calibrated,1.030327,0.175156,7.6851,7.6902,0.0052,0.0
7017,10,20,9,weather_driven,historically_calibrated,0.988328,0.168016,7.4778,7.5698,0.092,0.0
7018,10,20,10,weather_driven,historically_calibrated,0.895032,0.152156,6.9975,7.3446,0.2579,0.0892
7019,10,20,11,weather_driven,historically_calibrated,0.781046,0.132778,6.3695,6.9726,0.429,0.1741
7020,10,20,12,weather_driven,historically_calibrated,0.69921,0.118866,5.8868,6.5641,0.5417,0.1356
7021,10,20,13,weather_driven,historically_calibrated,0.677789,0.115224,5.7556,6.4902,0.5806,0.1541
7022,10,20,14,weather_driven,historically_calibrated,0.704404,0.119749,5.9183,6.5437,0.5067,0.1187
7023,10,20,15,weather_driven,historically_calibrated,0.770357,0.130961,6.3081,6.7205,0.3577,0.0548
7024,10,20,16,weather_driven,historically_calibrated,0.84847,0.14424,6.7468,6.9843,0.1918,0.0457
7025,10,20,17,weather_driven,historically_calibrated,1.021584,0.173669,7.6423,7.7494,0.0765,0.0306
7026,10,20,18,weather_driven,historically_calibrated,1.18573,0.201574,8.4092,8.426,0.013,0.0038
7027,10,20,19,weather_driven,historically_calibrated,1.354891,0.230331,9.1305,9.1319,0.0,0.0014
7028,10,20,20,weather_driven,historically_calibrated,1.425764,0.24238,9.4147,9.4147,0.0,0.0
7029,10,20,21,weather_driven,historically_calibrated,1.449404,0.246399,9.5073,9.5073,0.0,0.0
7030,10,20,22,weather_driven,historically_calibrated,1.431273,0.243316,9.4364,9.4364,0.0,0.0
7031,10,20,23,weather_driven,historically_calibrated,1.386463,0.235699,9.2583,9.2583,0.0,0.0
7032,10,20,24,weather_driven,historically_calibrated,1.031923,0.175427,7.6928,7.6928,0.0,0.0
7033,10,21,1,weather_driven,historically_calibrated,0.996992,0.169489,7.521,7.521,0.0,0.0
7034,10,21,2,weather_driven,historically_calibrated,1.020819,0.173539,7.6386,7.6386,0.0,0.0
7035,10,21,3,weather_driven,historically_calibrated,1.04031,0.176853,7.7336,7.7336,0.0,0.0
7036,10,21,4,weather_driven,historically_calibrated,1.068071,0.181572,7.8669,7.8669,0.0,0.0
7037,10,21,5,weather_driven,historically_calibrated,1.129057,0.19194,8.1525,8.1525,0.0,0.0
7038,10,21,6,weather_driven,historically_calibrated,1.181053,0.200779,8.3883,8.3883,0.0,0.0
7039,10,21,7,weather_driven,historically_calibrated,1.605784,0.272983,10.0949,10.0949,0.0,0.0
7040,10,21,8,weather_driven,historically_calibrated,1.51038,0.256765,9.7415,9.7596,0.0181,0.0
7041,10,21,9,weather_driven,historically_calibrated,1.371568,0.233167,9.1983,9.3045,0.1063,0.0
7042,10,21,10,weather_driven,historically_calibrated,1.153814,0.196148,8.2656,8.5067,0.2411,0.0
7043,10,21,11,weather_driven,historically_calibrated,0.94486,0.160626,7.2575,7.6632,0.4056,0.0
7044,10,21,12,weather_driven,historically_calibrated,0.825598,0.140352,6.6208,7.1418,0.521,0.0
7045,10,21,13,weather_driven,historically_calibrated,0.748559,0.127255,6.1813,6.7282,0.5469,0.0
7046,10,21,14,weather_driven,historically_calibrated,0.746722,0.126943,6.1705,6.6397,0.4692,0.0
7047,10,21,15,weather_driven,historically_calibrated,0.796027,0.135325,6.4549,6.7698,0.3149,0.0
7048,10,21,16,weather_driven,historically_calibrated,0.895486,0.152233,6.9999,7.1891,0.1892,0.0
7049,10,21,17,weather_driven,historically_calibrated,1.014842,0.172523,7.6092,7.6961,0.0868,0.0
7050,10,21,18,weather_driven,historically_calibrated,1.114653,0.189491,8.0859,8.0963,0.0104,0.0
7051,10,21,19,weather_driven,historically_calibrated,1.210921,0.205857,8.5207,8.5207,0.0,0.0
7052,10,21,20,weather_driven,historically_calibrated,1.239515,0.210718,8.6455,8.6455,0.0,0.0
7053,10,21,21,weather_driven,historically_calibrated,1.228747,0.208887,8.5987,8.6012,0.0,0.0024
7054,10,21,22,weather_driven,historically_calibrated,1.184695,0.201398,8.4046,8.4127,0.0,0.0081
7055,10,21,23,weather_driven,historically_calibrated,1.1517,0.195789,8.256,8.2753,0.0,0.0193
7056,10,21,24,weather_driven,historically_calibrated,0.845128,0.143672,6.7285,6.7478,0.0,0.0193
7057,10,22,1,weather_driven,historically_calibrated,0.93952,0.159718,7.2301,7.2412,0.0,0.0111
7058,10,22,2,weather_driven,historically_calibrated,0.930101,0.158117,7.1814,7.2059,0.0,0.0245
7059,10,22,3,weather_driven,historically_calibrated,0.918075,0.156073,7.1188,7.1433,0.0,0.0245
7060,10,22,4,weather_driven,historically_calibrated,0.935088,0.158965,7.2072,7.2378,0.0,0.0306
7061,10,22,5,weather_driven,historically_calibrated,0.977491,0.166173,7.4234,7.4427,0.0,0.0193
7062,10,22,6,weather_driven,historically_calibrated,1.019774,0.173362,7.6335,7.6579,0.0,0.0245
7063,10,22,7,weather_driven,historically_calibrated,1.365057,0.23206,9.1719,9.2095,0.0,0.0376
7064,10,22,8,weather_driven,historically_calibrated,1.306229,0.222059,8.9295,8.9624,0.0181,0.0148
7065,10,22,9,weather_driven,historically_calibrated,1.205175,0.20488,8.4954,8.6162,0.0752,0.0457
7066,10,22,10,weather_driven,historically_calibrated,1.063249,0.180752,7.8439,8.148,0.1685,0.1356
7067,10,22,11,weather_driven,historically_calibrated,0.868942,0.14772,6.858,7.4181,0.2592,0.3009
7068,10,22,12,weather_driven,historically_calibrated,0.76699,0.130388,6.2886,7.1349,0.4082,0.4381
7069,10,22,13,weather_driven,historically_calibrated,0.712972,0.121205,5.97,7.0546,0.473,0.6116
7070,10,22,14,weather_driven,historically_calibrated,0.754643,0.128289,6.2169,7.1127,0.3758,0.52
7071,10,22,15,weather_driven,historically_calibrated,0.80893,0.137518,6.5277,7.3049,0.2994,0.4779
7072,10,22,16,weather_driven,historically_calibrated,0.885623,0.150556,6.9475,7.5916,0.2061,0.4381
7073,10,22,17,weather_driven,historically_calibrated,0.998049,0.169668,7.5262,7.9017,0.1037,0.2718
7074,10,22,18,weather_driven,historically_calibrated,1.091473,0.18555,7.9777,8.1434,0.0117,0.1541
7075,10,22,19,weather_driven,historically_calibrated,1.124567,0.191176,8.1318,8.235,0.0,0.1032
7076,10,22,20,weather_driven,historically_calibrated,1.120668,0.190514,8.1138,8.203,0.0,0.0892
7077,10,22,21,weather_driven,historically_calibrated,1.083486,0.184193,7.9401,8.0165,0.0,0.0764
7078,10,22,22,weather_driven,historically_calibrated,1.028661,0.174872,7.6769,7.7534,0.0,0.0764
7079,10,22,23,weather_driven,historically_calibrated,0.996126,0.169341,7.5167,7.6058,0.0,0.0892
7080,10,22,24,weather_driven,historically_calibrated,0.723469,0.12299,6.0329,6.1361,0.0,0.1032
7081,10,23,1,weather_driven,historically_calibrated,0.693647,0.11792,5.8529,5.9421,0.0,0.0892
7082,10,23,2,weather_driven,historically_calibrated,0.709854,0.120675,5.9512,6.0277,0.0,0.0764
7083,10,23,3,weather_driven,historically_calibrated,0.716086,0.121735,5.9887,6.0435,0.0,0.0548
7084,10,23,4,weather_driven,historically_calibrated,0.726888,0.123571,6.0533,6.1297,0.0,0.0764
7085,10,23,5,weather_driven,historically_calibrated,0.760507,0.129286,6.251,6.316,0.0,0.065
7086,10,23,6,weather_driven,historically_calibrated,0.790286,0.134349,6.4223,6.4987,0.0,0.0764
7087,10,23,7,weather_driven,historically_calibrated,1.028818,0.174899,7.6777,7.7669,0.0,0.0892
7088,10,23,8,weather_driven,historically_calibrated,0.974482,0.165662,7.4083,7.4812,0.0181,0.0548
7089,10,23,9,weather_driven,historically_calibrated,0.97237,0.165303,7.3976,7.5625,0.1102,0.0548
7090,10,23,10,weather_driven,historically_calibrated,0.906824,0.15416,7.0598,7.489,0.2333,0.1959
7091,10,23,11,weather_driven,historically_calibrated,0.793348,0.134869,6.4397,7.3109,0.3512,0.52
7092,10,23,12,weather_driven,historically_calibrated,0.699192,0.118863,5.8867,7.1349,0.4225,0.8257
7093,10,23,13,weather_driven,historically_calibrated,0.619775,0.105362,5.3891,7.0546,0.4329,1.2326
7094,10,23,14,weather_driven,historically_calibrated,0.584509,0.099367,5.1581,7.1127,0.3875,1.5671
7095,10,23,15,weather_driven,historically_calibrated,0.627827,0.106731,5.441,7.3049,0.2968,1.5671
7096,10,23,16,weather_driven,historically_calibrated,0.78542,0.133521,6.3945,7.5916,0.1814,1.0156
7097,10,23,17,weather_driven,historically_calibrated,0.960925,0.163357,7.3396,7.9017,0.0842,0.4779
7098,10,23,18,weather_driven,historically_calibrated,1.066878,0.181369,7.8612,8.1434,0.0104,0.2718
7099,10,23,19,weather_driven,historically_calibrated,1.099565,0.186926,8.0157,8.235,0.0,0.2194
7100,10,23,20,weather_driven,historically_calibrated,1.097855,0.186635,8.0076,8.1433,0.0,0.1356
7101,10,23,21,weather_driven,historically_calibrated,1.04682,0.177959,7.765,7.9006,0.0,0.1356
7102,10,23,22,weather_driven,historically_calibrated,0.970979,0.165066,7.3906,7.5865,0.0,0.1959
7103,10,23,23,weather_driven,historically_calibrated,0.907981,0.154357,7.0659,7.2853,0.0,0.2194
7104,10,23,24,weather_driven,historically_calibrated,0.655564,0.111446,5.6171,5.8365,0.0,0.2194
7105,10,24,1,weather_driven,historically_calibrated,0.600591,0.1021,5.2643,5.5361,0.0,0.2718
7106,10,24,2,weather_driven,historically_calibrated,0.596776,0.101452,5.2392,5.5401,0.0,0.3009
7107,10,24,3,weather_driven,historically_calibrated,0.578282,0.098308,5.1166,5.5546,0.0,0.4381
7108,10,24,4,weather_driven,historically_calibrated,0.558689,0.094977,4.9846,5.5962,0.0,0.6116
7109,10,24,5,weather_driven,historically_calibrated,0.579627,0.098537,5.1256,5.6901,0.0,0.5645
7110,10,24,6,weather_driven,historically_calibrated,0.624038,0.106086,5.4166,5.8547,0.0,0.4381
7111,10,24,7,weather_driven,historically_calibrated,0.903314,0.153563,7.0413,7.286,0.0,0.2447
7112,10,24,8,weather_driven,historically_calibrated,0.947993,0.161159,7.2736,7.4812,0.0117,0.1959
7113,10,24,9,weather_driven,historically_calibrated,0.965116,0.16407,7.3609,7.5625,0.0829,0.1187
7114,10,24,10,weather_driven,historically_calibrated,0.937042,0.159297,7.2173,7.489,0.1685,0.1032
7115,10,24,11,weather_driven,historically_calibrated,0.884128,0.150302,6.9395,7.3109,0.2527,0.1187
7116,10,24,12,weather_driven,historically_calibrated,0.809011,0.137532,6.5281,7.1349,0.3059,0.3009
7117,10,24,13,weather_driven,historically_calibrated,0.689298,0.117181,5.8263,7.0546,0.3421,0.8861
7118,10,24,14,weather_driven,historically_calibrated,0.595872,0.101298,5.2332,7.1127,0.3123,1.5671
7119,10,24,15,weather_driven,historically_calibrated,0.715119,0.12157,5.9829,7.3049,0.2372,1.0848
7120,10,24,16,weather_driven,historically_calibrated,0.830831,0.141241,6.6498,7.5916,0.1737,0.7682
7121,10,24,17,weather_driven,historically_calibrated,0.923288,0.156959,7.146,7.9017,0.0946,0.6611
7122,10,24,18,weather_driven,historically_calibrated,0.98768,0.167906,7.4745,8.1434,0.0078,0.6611
7123,10,24,19,weather_driven,historically_calibrated,1.017735,0.173015,7.6235,8.235,0.0,0.6116
7124,10,24,20,weather_driven,historically_calibrated,1.008646,0.17147,7.5787,8.1433,0.0,0.5645
7125,10,24,21,weather_driven,historically_calibrated,0.999903,0.169983,7.5354,7.9006,0.0,0.3652
7126,10,24,22,weather_driven,historically_calibrated,0.950324,0.161555,7.2855,7.5865,0.0,0.3009
7127,10,24,23,weather_driven,historically_calibrated,0.892548,0.151733,6.9843,7.2853,0.0,0.3009
7128,10,24,24,weather_driven,historically_calibrated,0.651545,0.110763,5.5918,5.8365,0.0,0.2447
7129,10,25,1,weather_driven,historically_calibrated,0.54264,0.092249,4.875,5.5361,0.0,0.6611
7130,10,25,2,weather_driven,historically_calibrated,0.368998,0.06273,3.5828,5.5401,0.0,1.9573
7131,10,25,3,weather_driven,historically_calibrated,0.211553,0.035964,2.2025,5.5546,0.0,3.3521
7132,10,25,4,weather_driven,historically_calibrated,0.085044,0.014457,0.8942,5.5962,0.0,4.702
7133,10,25,5,weather_driven,historically_calibrated,-0.025801,-0.004386,-0.4551,5.6901,0.0,6.1452
7134,10,25,6,weather_driven,historically_calibrated,-0.03054,-0.005192,-0.5181,5.8547,0.0,6.3728
7135,10,25,7,weather_driven,historically_calibrated,0.107354,0.01825,1.1408,7.286,0.0,6.1452
7136,10,25,8,weather_driven,historically_calibrated,0.040654,0.006911,0.3804,7.4812,0.0117,7.0891
7137,10,25,9,weather_driven,historically_calibrated,-0.039722,-0.006753,-0.6415,7.5625,0.0791,8.125
7138,10,25,10,weather_driven,historically_calibrated,-0.050318,-0.008554,-0.7864,7.489,0.1503,8.125
7139,10,25,11,weather_driven,historically_calibrated,-0.066668,-0.011334,-1.015,7.3109,0.2009,8.125
7140,10,25,12,weather_driven,historically_calibrated,-0.049616,-0.008435,-0.7767,7.1349,0.0544,7.8572
7141,10,25,13,weather_driven,historically_calibrated,-0.075981,-0.012917,-1.1482,7.0546,0.0778,8.125
7142,10,25,14,weather_driven,historically_calibrated,-0.076085,-0.012935,-1.1497,7.1127,0.1374,8.125
7143,10,25,15,weather_driven,historically_calibrated,-0.063884,-0.01086,-0.9756,7.3049,0.1555,8.125
7144,10,25,16,weather_driven,historically_calibrated,-0.041495,-0.007054,-0.6656,7.5916,0.1322,8.125
7145,10,25,17,weather_driven,historically_calibrated,0.466897,0.079373,4.3363,7.9017,0.0609,3.5045
7146,10,25,18,weather_driven,historically_calibrated,0.259373,0.044093,2.647,8.1434,0.0013,5.4951
7147,10,25,19,weather_driven,historically_calibrated,0.176667,0.030033,1.8622,8.235,0.0,6.3728
7148,10,25,20,weather_driven,historically_calibrated,0.486874,0.082769,4.4819,8.1433,0.0,3.6614
7149,10,25,21,weather_driven,historically_calibrated,0.541948,0.092131,4.8702,8.0744,0.0,3.2043
7150,10,25,22,weather_driven,historically_calibrated,0.65668,0.111636,5.6241,8.0315,0.0,2.4074
7151,10,25,23,weather_driven,historically_calibrated,0.829127,0.140952,6.6404,7.8729,0.0,1.2326
7152,10,25,24,weather_driven,historically_calibrated,0.529349,0.089989,4.783,6.3501,0.0,1.5671
7153,10,26,1,weather_driven,historically_calibrated,0.448881,0.07631,4.2028,6.2669,0.0,2.0641
7154,10,26,2,weather_driven,historically_calibrated,0.567083,0.096404,5.0414,6.3527,0.0,1.3112
7155,10,26,3,weather_driven,historically_calibrated,0.617605,0.104993,5.3751,6.5323,0.0,1.1571
7156,10,26,4,weather_driven,historically_calibrated,0.600929,0.102158,5.2665,6.4991,0.0,1.2326
7157,10,26,5,weather_driven,historically_calibrated,0.542513,0.092227,4.8741,6.4412,0.0,1.5671
7158,10,26,6,weather_driven,historically_calibrated,0.489172,0.083159,4.4985,6.4558,0.0,1.9573
7159,10,26,7,weather_driven,historically_calibrated,0.572335,0.097297,5.0768,7.6066,0.0,2.5298
7160,10,26,8,weather_driven,historically_calibrated,0.377265,0.064135,3.6492,7.4812,0.0091,3.8229
7161,10,26,9,weather_driven,historically_calibrated,0.500166,0.085028,4.5773,7.5625,0.0635,2.9217
7162,10,26,10,weather_driven,historically_calibrated,0.505679,0.085965,4.6166,7.489,0.0855,2.7869
7163,10,26,11,weather_driven,historically_calibrated,0.444292,0.07553,4.1684,7.3109,0.0816,3.0608
7164,10,26,12,weather_driven,historically_calibrated,0.145701,0.024769,1.5478,7.1349,0.092,5.4951
7165,10,26,13,weather_driven,historically_calibrated,-0.067954,-0.011552,-1.0332,7.0546,0.2307,7.8572
7166,10,26,14,weather_driven,historically_calibrated,-0.082254,-0.013983,-1.2391,7.1127,0.2268,8.125
7167,10,26,15,weather_driven,historically_calibrated,-0.063425,-0.010782,-0.9691,7.3049,0.149,8.125
7168,10,26,16,weather_driven,historically_calibrated,0.066155,0.011246,0.6795,7.5916,0.0674,6.8447
7169,10,26,17,weather_driven,historically_calibrated,0.495023,0.084154,4.5405,7.9017,0.0091,3.3521
7170,10,26,18,weather_driven,historically_calibrated,0.167395,0.028457,1.7693,8.1434,0.0013,6.3728
7171,10,26,19,weather_driven,historically_calibrated,0.246374,0.041884,2.5286,8.235,0.0,5.7064
7172,10,26,20,weather_driven,historically_calibrated,0.397247,0.067532,3.8075,8.1433,0.0,4.3358
7173,10,26,21,weather_driven,historically_calibrated,0.635989,0.108118,5.4932,7.9006,0.0,2.4074
7174,10,26,22,weather_driven,historically_calibrated,0.791525,0.134559,6.4293,7.5865,0.0,1.1571
7175,10,26,23,weather_driven,historically_calibrated,0.80631,0.137073,6.5129,7.3387,0.0,0.8257
7176,10,26,24,weather_driven,historically_calibrated,0.267236,0.04543,2.7178,5.9221,0.0,3.2043
7177,10,27,1,weather_driven,historically_calibrated,0.311316,0.052924,3.1039,5.1679,0.0,2.0641
7178,10,27,2,weather_driven,historically_calibrated,0.150027,0.025505,1.5924,5.0969,0.0,3.5045
7179,10,27,3,weather_driven,historically_calibrated,0.177505,0.030176,1.8706,5.2227,0.0,3.3521
7180,10,27,4,weather_driven,historically_calibrated,0.203525,0.034599,2.1255,5.1863,0.0,3.0608
7181,10,27,5,weather_driven,historically_calibrated,0.341063,0.057981,3.3544,5.3117,0.0,1.9573
7182,10,27,6,weather_driven,historically_calibrated,0.447647,0.0761,4.1936,5.5048,0.0,1.3112
7183,10,27,7,weather_driven,historically_calibrated,0.524017,0.089083,4.7458,6.7031,0.0,1.9573
7184,10,27,8,weather_driven,historically_calibrated,0.502273,0.085386,4.5923,6.8827,0.0013,2.289
7185,10,27,9,weather_driven,historically_calibrated,0.727971,0.123755,6.0597,6.9575,0.0117,0.8861
7186,10,27,10,weather_driven,historically_calibrated,0.913945,0.155371,7.0972,7.1425,0.0415,0.0038
7187,10,27,11,weather_driven,historically_calibrated,0.924372,0.157143,7.1516,7.2686,0.0622,0.0548
7188,10,27,12,weather_driven,historically_calibrated,0.853833,0.145152,6.7761,6.9011,0.1102,0.0148
7189,10,27,13,weather_driven,historically_calibrated,0.812871,0.138188,6.5498,6.6806,0.127,0.0038
7190,10,27,14,weather_driven,historically_calibrated,0.798811,0.135798,6.4706,6.5917,0.1153,0.0057
7191,10,27,15,weather_driven,historically_calibrated,0.826757,0.140549,6.6272,6.7205,0.0933,0.0
7192,10,27,16,weather_driven,historically_calibrated,0.874825,0.14872,6.8897,6.9843,0.0946,0.0
7193,10,27,17,weather_driven,historically_calibrated,1.014543,0.172472,7.6078,7.6428,0.035,0.0
7194,10,27,18,weather_driven,historically_calibrated,1.164678,0.197995,8.3148,8.3161,0.0013,0.0
7195,10,27,19,weather_driven,historically_calibrated,1.223597,0.208012,8.5763,8.5763,0.0,0.0
7196,10,27,20,weather_driven,historically_calibrated,1.201683,0.204286,8.48,8.4807,0.0,0.0007
7197,10,27,21,weather_driven,historically_calibrated,1.122318,0.190794,8.1214,8.1214,0.0,0.0
7198,10,27,22,weather_driven,historically_calibrated,1.118889,0.190211,8.1056,8.1056,0.0,0.0
7199,10,27,23,weather_driven,historically_calibrated,1.04053,0.17689,7.7346,7.7346,0.0,0.0
7200,10,27,24,weather_driven,historically_calibrated,0.754598,0.128282,6.2166,6.2359,0.0,0.0193
7201,10,28,1,weather_driven,historically_calibrated,0.689203,0.117164,5.8257,5.9149,0.0,0.0892
7202,10,28,2,weather_driven,historically_calibrated,0.661715,0.112492,5.6557,5.9566,0.0,0.3009
7203,10,28,3,weather_driven,historically_calibrated,0.580157,0.098627,5.1291,5.8973,0.0,0.7682
7204,10,28,4,weather_driven,historically_calibrated,0.543186,0.092342,4.8787,5.8281,0.0,0.9494
7205,10,28,5,weather_driven,historically_calibrated,0.516536,0.087811,4.6933,5.9259,0.0,1.2326
7206,10,28,6,weather_driven,historically_calibrated,0.499097,0.084847,4.5697,6.1368,0.0,1.5671
7207,10,28,7,weather_driven,historically_calibrated,0.320513,0.054487,3.1821,7.3421,0.0,4.16
7208,10,28,8,weather_driven,historically_calibrated,0.331263,0.056315,3.2727,7.4379,0.0052,4.16
7209,10,28,9,weather_driven,historically_calibrated,-0.060277,-0.010247,-0.9249,7.2637,0.0635,8.125
7210,10,28,10,weather_driven,historically_calibrated,-0.067396,-0.011457,-1.0253,7.2435,0.1439,8.125
7211,10,28,11,weather_driven,historically_calibrated,-0.055262,-0.009394,-0.8548,7.4659,0.1957,8.125
7212,10,28,12,weather_driven,historically_calibrated,-0.054338,-0.009237,-0.842,7.4787,0.1957,8.125
7213,10,28,13,weather_driven,historically_calibrated,-0.08137,-0.013833,-1.2262,6.9662,0.0674,8.125
7214,10,28,14,weather_driven,historically_calibrated,-0.018261,-0.003104,-0.3559,7.0236,0.0402,7.3393
7215,10,28,15,weather_driven,historically_calibrated,0.056062,0.009531,0.5624,6.8684,0.1607,6.1452
7216,10,28,16,weather_driven,historically_calibrated,0.164487,0.027963,1.74,7.1379,0.1089,5.2891
7217,10,28,17,weather_driven,historically_calibrated,0.298086,0.050675,2.9899,7.3762,0.0505,4.3358
7218,10,28,18,weather_driven,historically_calibrated,0.844515,0.143568,6.7252,8.2062,0.0026,1.4784
7219,10,28,19,weather_driven,historically_calibrated,1.196645,0.20343,8.4577,8.6318,0.0,0.1741
7220,10,28,20,weather_driven,historically_calibrated,1.201529,0.20426,8.4793,8.4807,0.0,0.0014
7221,10,28,21,weather_driven,historically_calibrated,1.291345,0.219529,8.867,8.8677,0.0,0.0007
7222,10,28,22,weather_driven,historically_calibrated,1.303688,0.221627,8.9188,8.9245,0.0,0.0057
7223,10,28,23,weather_driven,historically_calibrated,1.270432,0.215973,8.7783,8.8159,0.0,0.0376
7224,10,28,24,weather_driven,historically_calibrated,0.917747,0.156017,7.1171,7.2203,0.0,0.1032
7225,10,29,1,weather_driven,historically_calibrated,1.004462,0.170759,7.558,7.6472,0.0,0.0892
7226,10,29,2,weather_driven,historically_calibrated,1.002751,0.170468,7.5495,7.6528,0.0,0.1032
7227,10,29,3,weather_driven,historically_calibrated,0.988377,0.168024,7.478,7.6321,0.0,0.1541
7228,10,29,4,weather_driven,historically_calibrated,0.999686,0.169947,7.5343,7.7302,0.0,0.1959
7229,10,29,5,weather_driven,historically_calibrated,1.034587,0.17588,7.7058,7.9017,0.0,0.1959
7230,10,29,6,weather_driven,historically_calibrated,1.076868,0.183068,7.9087,8.0444,0.0,0.1356
7231,10,29,7,weather_driven,historically_calibrated,1.497874,0.254639,9.694,9.7972,0.0,0.1032
7232,10,29,8,weather_driven,historically_calibrated,1.446074,0.245833,9.4943,9.6208,0.0078,0.1187
7233,10,29,9,weather_driven,historically_calibrated,1.179522,0.200519,8.3815,8.7272,0.0739,0.2718
7234,10,29,10,weather_driven,historically_calibrated,0.897407,0.152559,7.0101,7.8734,0.2022,0.6611
7235,10,29,11,weather_driven,historically_calibrated,0.659936,0.112189,5.6445,7.3109,0.3551,1.3112
7236,10,29,12,weather_driven,historically_calibrated,0.60186,0.102316,5.2726,7.1349,0.4692,1.3932
7237,10,29,13,weather_driven,historically_calibrated,0.55964,0.095139,4.9911,7.0546,0.4964,1.5671
7238,10,29,14,weather_driven,historically_calibrated,0.578673,0.098374,5.1192,7.1127,0.4264,1.5671
7239,10,29,15,weather_driven,historically_calibrated,0.642739,0.109266,5.5362,7.3049,0.2903,1.4784
7240,10,29,16,weather_driven,historically_calibrated,0.697555,0.118584,5.8767,7.5916,0.1477,1.5671
7241,10,29,17,weather_driven,historically_calibrated,0.810651,0.137811,6.5373,7.9017,0.0531,1.3112
7242,10,29,18,weather_driven,historically_calibrated,0.871357,0.148131,6.871,8.442,0.0039,1.5671
7243,10,29,19,weather_driven,historically_calibrated,0.929765,0.15806,7.1796,8.8389,0.0,1.6593
7244,10,29,20,weather_driven,historically_calibrated,0.795413,0.13522,6.4514,8.7404,0.0,2.289
7245,10,29,21,weather_driven,historically_calibrated,0.700115,0.119019,5.8923,8.4221,0.0,2.5298
7246,10,29,22,weather_driven,historically_calibrated,0.639073,0.108642,5.5129,7.9203,0.0,2.4074
7247,10,29,23,weather_driven,historically_calibrated,0.490552,0.083394,4.5084,7.7127,0.0,3.2043
7248,10,29,24,weather_driven,historically_calibrated,0.243617,0.041415,2.5032,6.0077,0.0,3.5045
7249,10,30,1,weather_driven,historically_calibrated,0.247054,0.041999,2.5348,5.7391,0.0,3.2043
7250,10,30,2,weather_driven,historically_calibrated,0.24309,0.041325,2.4984,5.7026,0.0,3.2043
7251,10,30,3,weather_driven,historically_calibrated,0.386095,0.065636,3.7195,5.6769,0.0,1.9573
7252,10,30,4,weather_driven,historically_calibrated,0.409887,0.069681,3.9061,5.7604,0.0,1.8543
7253,10,30,5,weather_driven,historically_calibrated,0.448203,0.076194,4.1977,5.857,0.0,1.6593
7254,10,30,6,weather_driven,historically_calibrated,0.477837,0.081232,4.4164,5.9835,0.0,1.5671
7255,10,30,7,weather_driven,historically_calibrated,0.686232,0.116659,5.8075,7.286,0.0,1.4784
7256,10,30,8,weather_driven,historically_calibrated,0.869485,0.147812,6.8609,7.8103,0.0,0.9494
7257,10,30,9,weather_driven,historically_calibrated,1.074276,0.182627,7.8964,8.6162,0.0065,0.7133
7258,10,30,10,weather_driven,historically_calibrated,0.922764,0.15687,7.1433,7.9832,0.0143,0.8257
7259,10,30,11,weather_driven,historically_calibrated,0.874557,0.148675,6.8882,7.6862,0.0298,0.7682
7260,10,30,12,weather_driven,historically_calibrated,0.897755,0.152618,7.0119,7.6581,0.0816,0.5645
7261,10,30,13,weather_driven,historically_calibrated,0.908187,0.154392,7.067,7.4685,0.0363,0.3652
7262,10,30,14,weather_driven,historically_calibrated,0.93169,0.158387,7.1896,7.4257,0.0402,0.1959
7263,10,30,15,weather_driven,historically_calibrated,0.999428,0.169903,7.5331,7.7335,0.0648,0.1356
7264,10,30,16,weather_driven,historically_calibrated,1.117708,0.19001,8.1001,8.204,0.0389,0.065
7265,10,30,17,weather_driven,historically_calibrated,1.177216,0.200127,8.3711,8.9448,0.0091,0.5645
7266,10,30,18,weather_driven,historically_calibrated,1.284967,0.218444,8.84,9.2781,0.0,0.4381
7267,10,30,19,weather_driven,historically_calibrated,1.402043,0.238347,9.3207,9.322,0.0,0.0014
7268,10,30,20,weather_driven,historically_calibrated,1.355743,0.230476,9.134,9.1584,0.0,0.0245
7269,10,30,21,weather_driven,historically_calibrated,1.259474,0.214111,8.7315,8.8856,0.0,0.1541
7270,10,30,22,weather_driven,historically_calibrated,1.215817,0.206689,8.5422,8.5879,0.0,0.0457
7271,10,30,23,weather_driven,historically_calibrated,1.170043,0.198907,8.3389,8.3538,0.0,0.0148
7272,10,30,24,weather_driven,historically_calibrated,0.844888,0.143631,6.7272,6.7353,0.0,0.0081
7273,10,31,1,weather_driven,historically_calibrated,0.784389,0.133346,6.3886,6.3886,0.0,0.0
7274,10,31,2,weather_driven,historically_calibrated,0.778109,0.132279,6.3527,6.3527,0.0,0.0
7275,10,31,3,weather_driven,historically_calibrated,0.802383,0.136405,6.4908,6.4915,0.0,0.0007
7276,10,31,4,weather_driven,historically_calibrated,0.824055,0.140089,6.6122,6.7863,0.0,0.1741
7277,10,31,5,weather_driven,historically_calibrated,0.762075,0.129553,6.2601,7.2758,0.0,1.0156
7278,10,31,6,weather_driven,historically_calibrated,0.829607,0.141033,6.643,7.5291,0.0,0.8861
7279,10,31,7,weather_driven,historically_calibrated,1.245292,0.2117,8.6705,8.9423,0.0,0.2718
7280,10,31,8,weather_driven,historically_calibrated,1.338182,0.227491,9.062,9.127,0.0,0.065
7281,10,31,9,weather_driven,historically_calibrated,1.347303,0.229041,9.0995,9.1154,0.0078,0.0081
7282,10,31,10,weather_driven,historically_calibrated,1.323547,0.225003,9.0016,9.0267,0.0194,0.0057
7283,10,31,11,weather_driven,historically_calibrated,1.254758,0.213309,8.7113,8.7585,0.0415,0.0057
7284,10,31,12,weather_driven,historically_calibrated,1.238328,0.210516,8.6404,8.7046,0.0635,0.0007
7285,10,31,13,weather_driven,historically_calibrated,1.17974,0.200556,8.3824,8.4514,0.0687,0.0003
7286,10,31,14,weather_driven,historically_calibrated,1.188699,0.202079,8.4224,8.4689,0.0441,0.0024
7287,10,31,15,weather_driven,historically_calibrated,1.239134,0.210653,8.6439,8.6977,0.0531,0.0007
7288,10,31,16,weather_driven,historically_calibrated,1.338817,0.227599,9.0646,9.0947,0.0298,0.0003
7289,10,31,17,weather_driven,historically_calibrated,1.450392,0.246567,9.5112,9.5242,0.0117,0.0014
7290,10,31,18,weather_driven,historically_calibrated,1.512028,0.257045,9.7477,9.7558,0.0,0.0081
7291,10,31,19,weather_driven,historically_calibrated,1.598798,0.271796,10.0695,10.1071,0.0,0.0376
7292,10,31,20,weather_driven,historically_calibrated,1.56644,0.266295,9.951,10.0542,0.0,0.1032
7293,10,31,21,weather_driven,historically_calibrated,1.501841,0.255313,9.7091,9.9285,0.0,0.2194
7294,10,31,22,weather_driven,historically_calibrated,1.429336,0.242987,9.4287,9.7006,0.0,0.2718
7295,10,31,23,weather_driven,historically_calibrated,1.352654,0.229951,9.1214,9.4223,0.0,0.3009
7296,10,31,24,weather_driven,historically_calibrated,0.951277,0.161717,7.2904,7.5913,0.0,0.3009
7297,11,1,1,weather_driven,historically_calibrated,1.295321,0.220205,8.8837,8.9869,0.0,0.1032
7298,11,1,2,weather_driven,historically_calibrated,1.3126,0.223142,8.9561,9.0747,0.0,0.1187
7299,11,1,3,weather_driven,historically_calibrated,1.353754,0.230138,9.1258,9.2615,0.0,0.1356
7300,11,1,4,weather_driven,historically_calibrated,1.378817,0.234399,9.2275,9.3308,0.0,0.1032
7301,11,1,5,weather_driven,historically_calibrated,1.432171,0.243469,9.4399,9.529,0.0,0.0892
7302,11,1,6,weather_driven,historically_calibrated,1.492255,0.253683,9.6726,9.7617,0.0,0.0892
7303,11,1,7,weather_driven,historically_calibrated,2.139673,0.363744,11.8312,11.9344,0.0,0.1032
7304,11,1,8,weather_driven,historically_calibrated,2.062645,0.35065,11.6024,11.7604,0.0039,0.1541
7305,11,1,9,weather_driven,historically_calibrated,1.743683,0.296426,10.58,10.7791,0.0635,0.1356
7306,11,1,10,weather_driven,historically_calibrated,1.402939,0.2385,9.3242,9.6308,0.1879,0.1187
7307,11,1,11,weather_driven,historically_calibrated,1.140976,0.193966,8.2072,8.6512,0.3408,0.1032
7308,11,1,12,weather_driven,historically_calibrated,0.931864,0.158417,7.1905,7.7628,0.4536,0.1187
7309,11,1,13,weather_driven,historically_calibrated,0.790064,0.134311,6.421,7.0546,0.4795,0.1541
7310,11,1,14,weather_driven,historically_calibrated,0.805765,0.13698,6.5099,7.1127,0.4069,0.1959
7311,11,1,15,weather_driven,historically_calibrated,0.871084,0.148084,6.8695,7.3585,0.2696,0.2194
7312,11,1,16,weather_driven,historically_calibrated,1.114392,0.189447,8.0847,8.371,0.1322,0.1541
7313,11,1,17,weather_driven,historically_calibrated,1.341178,0.228,9.0743,9.2345,0.0415,0.1187
7314,11,1,18,weather_driven,historically_calibrated,1.557391,0.264756,9.9175,10.0544,0.0013,0.1356
7315,11,1,19,weather_driven,historically_calibrated,1.717952,0.292052,10.4916,10.711,0.0,0.2194
7316,11,1,20,weather_driven,historically_calibrated,1.742193,0.296173,10.5749,10.7708,0.0,0.1959
7317,11,1,21,weather_driven,historically_calibrated,1.705796,0.289985,10.4496,10.6237,0.0,0.1741
7318,11,1,22,weather_driven,historically_calibrated,1.633305,0.277662,10.194,10.3682,0.0,0.1741
7319,11,1,23,weather_driven,historically_calibrated,1.515447,0.257626,9.7606,9.9565,0.0,0.1959
7320,11,1,24,weather_driven,historically_calibrated,1.023612,0.174014,7.6523,7.8482,0.0,0.1959
7321,11,2,1,weather_driven,historically_calibrated,0.943064,0.160321,7.2483,7.4442,0.0,0.1959
7322,11,2,2,weather_driven,historically_calibrated,0.920577,0.156498,7.1319,7.3277,0.0,0.1959
7323,11,2,3,weather_driven,historically_calibrated,0.928448,0.157836,7.1728,7.3469,0.0,0.1741
7324,11,2,4,weather_driven,historically_calibrated,0.94188,0.16012,7.2422,7.3609,0.0,0.1187
7325,11,2,5,weather_driven,historically_calibrated,0.949782,0.161463,7.2828,7.3592,0.0,0.0764
7326,11,2,6,weather_driven,historically_calibrated,0.941203,0.160005,7.2387,7.3574,0.0,0.1187
7327,11,2,7,weather_driven,historically_calibrated,1.265905,0.215204,8.759,8.8355,0.0,0.0764
7328,11,2,8,weather_driven,historically_calibrated,1.221439,0.207645,8.5669,8.6881,0.0026,0.1187
7329,11,2,9,weather_driven,historically_calibrated,1.179212,0.200466,8.3801,8.5053,0.022,0.1032
7330,11,2,10,weather_driven,historically_calibrated,1.088456,0.185038,7.9635,8.0931,0.0531,0.0764
7331,11,2,11,weather_driven,historically_calibrated,0.90593,0.154008,7.0551,7.3109,0.0816,0.1741
7332,11,2,12,weather_driven,historically_calibrated,0.855671,0.145464,6.7861,7.1349,0.1529,0.1959
7333,11,2,13,weather_driven,historically_calibrated,0.827224,0.140628,6.6298,7.0546,0.1801,0.2447
7334,11,2,14,weather_driven,historically_calibrated,0.85285,0.144984,6.7707,7.1127,0.1879,0.1541
7335,11,2,15,weather_driven,historically_calibrated,0.90789,0.154341,7.0654,7.3049,0.1503,0.0892
7336,11,2,16,weather_driven,historically_calibrated,0.989523,0.168219,7.4837,7.5916,0.0622,0.0457
7337,11,2,17,weather_driven,historically_calibrated,1.065611,0.181154,7.8552,7.9017,0.022,0.0245
7338,11,2,18,weather_driven,historically_calibrated,1.12626,0.191464,8.1396,8.1434,0.0,0.0038
7339,11,2,19,weather_driven,historically_calibrated,1.228361,0.208821,8.5971,8.5974,0.0,0.0003
7340,11,2,20,weather_driven,historically_calibrated,1.179604,0.200533,8.3818,8.3821,0.0,0.0003
7341,11,2,21,weather_driven,historically_calibrated,1.176365,0.199982,8.3673,8.4221,0.0,0.0548
7342,11,2,22,weather_driven,historically_calibrated,1.225703,0.208369,8.5855,8.5879,0.0,0.0024
7343,11,2,23,weather_driven,historically_calibrated,1.171536,0.199161,8.3456,8.3538,0.0,0.0081
7344,11,2,24,weather_driven,historically_calibrated,0.847318,0.144044,6.7405,6.7781,0.0,0.0376
7345,11,3,1,weather_driven,historically_calibrated,0.687719,0.116912,5.8166,5.9523,0.0,0.1356
7346,11,3,2,weather_driven,historically_calibrated,0.687751,0.116918,5.8168,5.8818,0.0,0.065
7347,11,3,3,weather_driven,historically_calibrated,0.718165,0.122088,6.0012,6.1971,0.0,0.1959
7348,11,3,4,weather_driven,historically_calibrated,0.728887,0.123911,6.0652,6.1302,0.0,0.065
7349,11,3,5,weather_driven,historically_calibrated,0.759467,0.129109,6.245,6.3482,0.0,0.1032
7350,11,3,6,weather_driven,historically_calibrated,0.775192,0.131783,6.3359,6.5318,0.0,0.1959
7351,11,3,7,weather_driven,historically_calibrated,0.922941,0.1569,7.1442,8.0303,0.0,0.8861
7352,11,3,8,weather_driven,historically_calibrated,1.10691,0.188175,8.0499,8.2959,0.0013,0.2447
7353,11,3,9,weather_driven,historically_calibrated,1.063558,0.180805,7.8454,8.3861,0.0207,0.52
7354,11,3,10,weather_driven,historically_calibrated,0.996195,0.169353,7.517,7.9509,0.0687,0.3652
7355,11,3,11,weather_driven,historically_calibrated,0.874276,0.148627,6.8867,7.5645,0.2398,0.4381
7356,11,3,12,weather_driven,historically_calibrated,0.773302,0.131461,6.3251,7.2862,0.3966,0.5645
7357,11,3,13,weather_driven,historically_calibrated,0.729818,0.124069,6.0707,7.109,0.3771,0.6611
7358,11,3,14,weather_driven,historically_calibrated,0.769203,0.130764,6.3014,7.3115,0.2968,0.7133
7359,11,3,15,weather_driven,historically_calibrated,0.850562,0.144596,6.7582,7.6076,0.1361,0.7133
7360,11,3,16,weather_driven,historically_calibrated,0.931252,0.158313,7.1873,8.0086,0.0531,0.7682
7361,11,3,17,weather_driven,historically_calibrated,1.050091,0.178516,7.7808,8.3358,0.035,0.52
7362,11,3,18,weather_driven,historically_calibrated,1.337578,0.227388,9.0595,9.1951,0.0,0.1356
7363,11,3,19,weather_driven,historically_calibrated,1.609257,0.273574,10.1075,10.1319,0.0,0.0245
7364,11,3,20,weather_driven,historically_calibrated,1.691898,0.287623,10.4012,10.4036,0.0,0.0024
7365,11,3,21,weather_driven,historically_calibrated,1.725791,0.293384,10.5187,10.5201,0.0,0.0014
7366,11,3,22,weather_driven,historically_calibrated,1.551666,0.263783,9.8963,9.897,0.0,0.0007
7367,11,3,23,weather_driven,historically_calibrated,1.423481,0.241992,9.4057,9.4058,0.0,0.0001
7368,11,3,24,weather_driven,historically_calibrated,1.007834,0.171332,7.5747,7.5747,0.0,0.0
7369,11,4,1,weather_driven,historically_calibrated,1.027316,0.174644,7.6704,7.6704,0.0,0.0
7370,11,4,2,weather_driven,historically_calibrated,1.090895,0.185452,7.975,7.975,0.0,0.0
7371,11,4,3,weather_driven,historically_calibrated,1.119479,0.190311,8.1083,8.1083,0.0,0.0
7372,11,4,4,weather_driven,historically_calibrated,1.140885,0.19395,8.2067,8.2067,0.0,0.0
7373,11,4,5,weather_driven,historically_calibrated,1.171268,0.199116,8.3444,8.3444,0.0,0.0
7374,11,4,6,weather_driven,historically_calibrated,1.216745,0.206847,8.5463,8.5463,0.0,0.0
7375,11,4,7,weather_driven,historically_calibrated,1.745564,0.296746,10.5864,10.5864,0.0,0.0
7376,11,4,8,weather_driven,historically_calibrated,1.710205,0.290735,10.4649,10.4662,0.0013,0.0001
7377,11,4,9,weather_driven,historically_calibrated,1.659209,0.282066,10.2863,10.325,0.0363,0.0024
7378,11,4,10,weather_driven,historically_calibrated,1.517574,0.257988,9.7687,9.8709,0.0829,0.0193
7379,11,4,11,weather_driven,historically_calibrated,1.36356,0.231805,9.1658,9.3895,0.1205,0.1032
7380,11,4,12,weather_driven,historically_calibrated,1.222483,0.207822,8.5714,8.9228,0.1555,0.1959
7381,11,4,13,weather_driven,historically_calibrated,1.102598,0.187442,8.0298,8.5368,0.175,0.332
7382,11,4,14,weather_driven,historically_calibrated,1.105273,0.187896,8.0423,8.5592,0.1516,0.3652
7383,11,4,15,weather_driven,historically_calibrated,1.176159,0.199947,8.3664,8.7904,0.092,0.332
7384,11,4,16,weather_driven,historically_calibrated,1.284432,0.218353,8.8378,9.1866,0.048,0.3009
7385,11,4,17,weather_driven,historically_calibrated,1.417279,0.240937,9.3812,9.6685,0.0156,0.2718
7386,11,4,18,weather_driven,historically_calibrated,1.504621,0.255786,9.7196,9.9643,0.0,0.2447
7387,11,4,19,weather_driven,historically_calibrated,1.508423,0.256432,9.7341,10.2986,0.0,0.5645
7388,11,4,20,weather_driven,historically_calibrated,1.36416,0.231907,9.1682,10.1838,0.0,1.0156
7389,11,4,21,weather_driven,historically_calibrated,1.26732,0.215444,8.7651,10.5201,0.0,1.755
7390,11,4,22,weather_driven,historically_calibrated,1.171345,0.199129,8.3448,10.4088,0.0,2.0641
7391,11,4,23,weather_driven,historically_calibrated,0.623639,0.106019,5.4141,9.7498,0.0,4.3358
7392,11,4,24,weather_driven,historically_calibrated,0.467732,0.079514,4.3425,8.1653,0.0,3.8229
7393,11,5,1,weather_driven,historically_calibrated,0.655805,0.111487,5.6186,8.5403,0.0,2.9217
7394,11,5,2,weather_driven,historically_calibrated,0.571709,0.097191,5.0726,8.4247,0.0,3.3521
7395,11,5,3,weather_driven,historically_calibrated,0.771195,0.131103,6.3129,8.4875,0.0,2.1746
7396,11,5,4,weather_driven,historically_calibrated,0.687071,0.116802,5.8127,8.4689,0.0,2.6563
7397,11,5,5,weather_driven,historically_calibrated,1.019936,0.173389,7.6343,8.4024,0.0,0.7682
7398,11,5,6,weather_driven,historically_calibrated,1.068093,0.181576,7.867,8.3449,0.0,0.4779
7399,11,5,7,weather_driven,historically_calibrated,1.382601,0.235042,9.2428,10.0109,0.0,0.7682
7400,11,5,8,weather_driven,historically_calibrated,1.436538,0.244211,9.457,9.8951,0.0,0.4381
7401,11,5,9,weather_driven,historically_calibrated,1.395871,0.237298,9.296,9.5036,0.0117,0.1959
7402,11,5,10,weather_driven,historically_calibrated,1.374896,0.233732,9.2117,9.4111,0.0454,0.1541
7403,11,5,11,weather_driven,historically_calibrated,1.147835,0.195132,8.2384,8.8121,0.0091,0.5645
7404,11,5,12,weather_driven,historically_calibrated,0.864331,0.146936,6.8331,8.443,0.0428,1.5671
7405,11,5,13,weather_driven,historically_calibrated,0.857033,0.145696,6.7935,7.9341,0.0557,1.0848
7406,11,5,14,weather_driven,historically_calibrated,0.704522,0.119769,5.919,7.9994,0.1231,1.9573
7407,11,5,15,weather_driven,historically_calibrated,0.778535,0.132351,6.3551,8.0013,0.0791,1.5671
7408,11,5,16,weather_driven,historically_calibrated,1.087915,0.184946,7.961,8.705,0.0829,0.6611
7409,11,5,17,weather_driven,historically_calibrated,1.341023,0.227974,9.0737,9.4083,0.0337,0.3009
7410,11,5,18,weather_driven,historically_calibrated,1.570005,0.266901,9.9641,9.9947,0.0,0.0306
7411,11,5,19,weather_driven,historically_calibrated,1.711132,0.290892,10.4681,10.4695,0.0,0.0014
7412,11,5,20,weather_driven,historically_calibrated,1.693504,0.287896,10.4068,10.4125,0.0,0.0057
7413,11,5,21,weather_driven,historically_calibrated,1.638454,0.278537,10.2124,10.2182,0.0,0.0057
7414,11,5,22,weather_driven,historically_calibrated,1.525096,0.259266,9.797,9.8118,0.0,0.0148
7415,11,5,23,weather_driven,historically_calibrated,1.410428,0.239773,9.354,9.3689,0.0,0.0148
7416,11,5,24,weather_driven,historically_calibrated,0.991699,0.168589,7.4946,7.5057,0.0,0.0111
7417,11,6,1,weather_driven,historically_calibrated,0.961735,0.163495,7.3437,7.363,0.0,0.0193
7418,11,6,2,weather_driven,historically_calibrated,0.987859,0.167936,7.4754,7.4903,0.0,0.0148
7419,11,6,3,weather_driven,historically_calibrated,0.988635,0.168068,7.4793,7.5099,0.0,0.0306
7420,11,6,4,weather_driven,historically_calibrated,0.968381,0.164625,7.3774,7.4019,0.0,0.0245
7421,11,6,5,weather_driven,historically_calibrated,0.976452,0.165997,7.4182,7.4427,0.0,0.0245
7422,11,6,6,weather_driven,historically_calibrated,0.997003,0.169491,7.521,7.5291,0.0,0.0081
7423,11,6,7,weather_driven,historically_calibrated,1.318574,0.224158,8.9809,8.9958,0.0,0.0148
7424,11,6,8,weather_driven,historically_calibrated,1.319967,0.224394,8.9867,9.0173,0.0,0.0306
7425,11,6,9,weather_driven,historically_calibrated,1.255609,0.213454,8.7149,8.7826,0.022,0.0457
7426,11,6,10,weather_driven,historically_calibrated,1.156766,0.19665,8.279,8.4226,0.0544,0.0892
7427,11,6,11,weather_driven,historically_calibrated,1.074423,0.182652,7.8971,8.0615,0.0752,0.0892
7428,11,6,12,weather_driven,historically_calibrated,0.960786,0.163334,7.3389,7.5535,0.0959,0.1187
7429,11,6,13,weather_driven,historically_calibrated,0.844475,0.143561,6.7249,7.0546,0.1555,0.1741
7430,11,6,14,weather_driven,historically_calibrated,0.831301,0.141321,6.6524,7.1127,0.1594,0.3009
7431,11,6,15,weather_driven,historically_calibrated,0.88006,0.14961,6.9177,7.3049,0.1153,0.2718
7432,11,6,16,weather_driven,historically_calibrated,0.960231,0.163239,7.3361,7.5916,0.0596,0.1959
7433,11,6,17,weather_driven,historically_calibrated,1.062074,0.180553,7.8383,7.9597,0.0181,0.1032
7434,11,6,18,weather_driven,historically_calibrated,1.207737,0.205315,8.5067,8.5615,0.0,0.0548
7435,11,6,19,weather_driven,historically_calibrated,1.333536,0.226701,9.0429,9.0805,0.0,0.0376
7436,11,6,20,weather_driven,historically_calibrated,1.298031,0.220665,8.8951,8.9196,0.0,0.0245
7437,11,6,21,weather_driven,historically_calibrated,1.262676,0.214655,8.7452,8.7697,0.0,0.0245
7438,11,6,22,weather_driven,historically_calibrated,1.222857,0.207886,8.573,8.5879,0.0,0.0148
7439,11,6,23,weather_driven,historically_calibrated,1.135557,0.193045,8.1823,8.1935,0.0,0.0111
7440,11,6,24,weather_driven,historically_calibrated,0.836552,0.142214,6.6814,6.6925,0.0,0.0111
7441,11,7,1,weather_driven,historically_calibrated,0.805738,0.136975,6.5097,6.5104,0.0,0.0007
7442,11,7,2,weather_driven,historically_calibrated,0.797535,0.135581,6.4634,6.4746,0.0,0.0111
7443,11,7,3,weather_driven,historically_calibrated,0.805392,0.136917,6.5078,6.5323,0.0,0.0245
7444,11,7,4,weather_driven,historically_calibrated,0.817654,0.139001,6.5765,6.6222,0.0,0.0457
7445,11,7,5,weather_driven,historically_calibrated,0.7866,0.133722,6.4013,6.7333,0.0,0.332
7446,11,7,6,weather_driven,historically_calibrated,0.779593,0.132531,6.3612,6.7993,0.0,0.4381
7447,11,7,7,weather_driven,historically_calibrated,1.062416,0.180611,7.8399,8.1409,0.0,0.3009
7448,11,7,8,weather_driven,historically_calibrated,1.097055,0.186499,8.0039,8.1395,0.0,0.1356
7449,11,7,9,weather_driven,historically_calibrated,1.02238,0.173805,7.6462,7.8398,0.0194,0.1741
7450,11,7,10,weather_driven,historically_calibrated,0.900667,0.153113,7.0273,7.489,0.1296,0.332
7451,11,7,11,weather_driven,historically_calibrated,0.809789,0.137664,6.5325,7.3109,0.2138,0.5645
7452,11,7,12,weather_driven,historically_calibrated,0.771617,0.131175,6.3153,7.1349,0.1063,0.7133
7453,11,7,13,weather_driven,historically_calibrated,0.717017,0.121893,5.9943,7.0546,0.2346,0.8257
7454,11,7,14,weather_driven,historically_calibrated,0.722482,0.122822,6.027,7.1127,0.1996,0.8861
7455,11,7,15,weather_driven,historically_calibrated,0.833124,0.141631,6.6625,7.3049,0.1646,0.4779
7456,11,7,16,weather_driven,historically_calibrated,0.897154,0.152516,7.0088,7.5916,0.105,0.4779
7457,11,7,17,weather_driven,historically_calibrated,0.972437,0.165314,7.3979,7.9017,0.0259,0.4779
7458,11,7,18,weather_driven,historically_calibrated,1.026336,0.174477,7.6656,8.1434,0.0,0.4779
7459,11,7,19,weather_driven,historically_calibrated,0.937453,0.159367,7.2194,8.235,0.0,1.0156
7460,11,7,20,weather_driven,historically_calibrated,0.864132,0.146903,6.832,8.1433,0.0,1.3112
7461,11,7,21,weather_driven,historically_calibrated,0.790271,0.134346,6.4222,7.9006,0.0,1.4784
7462,11,7,22,weather_driven,historically_calibrated,0.778317,0.132314,6.3539,7.5865,0.0,1.2326
7463,11,7,23,weather_driven,historically_calibrated,0.700083,0.119014,5.8921,7.2853,0.0,1.3932
7464,11,7,24,weather_driven,historically_calibrated,0.534807,0.090917,4.8209,5.8365,0.0,1.0156
7465,11,8,1,weather_driven,historically_calibrated,0.518959,0.088223,4.7103,5.5361,0.0,0.8257
7466,11,8,2,weather_driven,historically_calibrated,0.57611,0.097939,5.1021,5.5401,0.0,0.4381
7467,11,8,3,weather_driven,historically_calibrated,0.589236,0.10017,5.1894,5.5546,0.0,0.3652
7468,11,8,4,weather_driven,historically_calibrated,0.600578,0.102098,5.2642,5.5962,0.0,0.332
7469,11,8,5,weather_driven,historically_calibrated,0.628521,0.106849,5.4455,5.6901,0.0,0.2447
7470,11,8,6,weather_driven,historically_calibrated,0.635403,0.108019,5.4895,5.8547,0.0,0.3652
7471,11,8,7,weather_driven,historically_calibrated,0.859724,0.146153,6.8081,7.286,0.0,0.4779
7472,11,8,8,weather_driven,historically_calibrated,0.852323,0.144895,6.7679,7.4812,0.0,0.7133
7473,11,8,9,weather_driven,historically_calibrated,0.817938,0.139049,6.5781,7.5625,0.035,0.9494
7474,11,8,10,weather_driven,historically_calibrated,0.739949,0.125791,6.1307,7.489,0.1257,1.2326
7475,11,8,11,weather_driven,historically_calibrated,0.625507,0.106336,5.4261,7.3109,0.2255,1.6593
7476,11,8,12,weather_driven,historically_calibrated,0.529746,0.090057,4.7857,7.1349,0.2851,2.0641
7477,11,8,13,weather_driven,historically_calibrated,0.497727,0.084614,4.5599,7.0546,0.3201,2.1746
7478,11,8,14,weather_driven,historically_calibrated,0.554731,0.094304,4.9577,7.1127,0.3007,1.8543
7479,11,8,15,weather_driven,historically_calibrated,0.653611,0.111114,5.6048,7.3049,0.2216,1.4784
7480,11,8,16,weather_driven,historically_calibrated,0.794756,0.135109,6.4477,7.5916,0.1283,1.0156
7481,11,8,17,weather_driven,historically_calibrated,0.923722,0.157033,7.1482,7.9017,0.0402,0.7133
7482,11,8,18,weather_driven,historically_calibrated,0.967955,0.164552,7.3753,8.1434,0.0,0.7682
7483,11,8,19,weather_driven,historically_calibrated,0.924094,0.157096,7.1502,8.235,0.0,1.0848
7484,11,8,20,weather_driven,historically_calibrated,0.833548,0.141703,6.6648,8.1433,0.0,1.4784
7485,11,8,21,weather_driven,historically_calibrated,0.805335,0.136907,6.5075,7.9006,0.0,1.3932
7486,11,8,22,weather_driven,historically_calibrated,0.774311,0.131633,6.3309,7.6421,0.0,1.3112
7487,11,8,23,weather_driven,historically_calibrated,0.748601,0.127262,6.1815,7.3387,0.0,1.1571
7488,11,8,24,weather_driven,historically_calibrated,0.509931,0.086688,4.6467,5.8793,0.0,1.2326
7489,11,9,1,weather_driven,historically_calibrated,0.468299,0.079611,4.3466,5.6579,0.0,1.3112
7490,11,9,2,weather_driven,historically_calibrated,0.457753,0.077818,4.2688,5.662,0.0,1.3932
7491,11,9,3,weather_driven,historically_calibrated,0.453754,0.077138,4.2391,5.7176,0.0,1.4784
7492,11,9,4,weather_driven,historically_calibrated,0.453101,0.077027,4.2343,5.8014,0.0,1.5671
7493,11,9,5,weather_driven,historically_calibrated,0.441008,0.074971,4.1438,5.8988,0.0,1.755
7494,11,9,6,weather_driven,historically_calibrated,0.482882,0.08209,4.453,6.1123,0.0,1.6593
7495,11,9,7,weather_driven,historically_calibrated,0.697952,0.118652,5.8791,7.4463,0.0,1.5671
7496,11,9,8,weather_driven,historically_calibrated,0.755997,0.128519,6.2248,7.536,0.0,1.3112
7497,11,9,9,weather_driven,historically_calibrated,0.830486,0.141183,6.6479,7.5625,0.0285,0.8861
7498,11,9,10,weather_driven,historically_calibrated,0.806854,0.137165,6.516,7.489,0.0868,0.8861
7499,11,9,11,weather_driven,historically_calibrated,0.767,0.13039,6.2887,7.3109,0.1361,0.8861
7500,11,9,12,weather_driven,historically_calibrated,0.810439,0.137775,6.5362,7.1349,0.1607,0.4381
7501,11,9,13,weather_driven,historically_calibrated,0.760876,0.129349,6.2532,7.0546,0.0881,0.7133
7502,11,9,14,weather_driven,historically_calibrated,0.788151,0.133986,6.4101,7.1127,0.0415,0.6611
7503,11,9,15,weather_driven,historically_calibrated,0.911138,0.154893,7.0825,7.3049,0.0868,0.1356
7504,11,9,16,weather_driven,historically_calibrated,0.965914,0.164205,7.3649,7.5916,0.0726,0.1541
7505,11,9,17,weather_driven,historically_calibrated,1.043758,0.177439,7.7502,8.5391,0.0207,0.7682
7506,11,9,18,weather_driven,historically_calibrated,1.317652,0.224001,8.9771,8.9795,0.0,0.0024
7507,11,9,19,weather_driven,historically_calibrated,1.342677,0.228255,9.0805,9.0805,0.0,0.0
7508,11,9,20,weather_driven,historically_calibrated,1.376493,0.234004,9.2182,9.2182,0.0,0.0
7509,11,9,21,weather_driven,historically_calibrated,1.409186,0.239562,9.3491,9.3491,0.0,0.0
7510,11,9,22,weather_driven,historically_calibrated,1.331133,0.226293,9.033,9.033,0.0,0.0
7511,11,9,23,weather_driven,historically_calibrated,1.22158,0.207669,8.5675,8.5675,0.0,0.0
7512,11,9,24,weather_driven,historically_calibrated,0.943188,0.160342,7.2489,7.2489,0.0,0.0
7513,11,10,1,weather_driven,historically_calibrated,0.754909,0.128335,6.2184,6.4378,0.0,0.2194
7514,11,10,2,weather_driven,historically_calibrated,0.673407,0.114479,5.7284,6.293,0.0,0.5645
7515,11,10,3,weather_driven,historically_calibrated,0.730565,0.124196,6.0751,6.347,0.0,0.2718
7516,11,10,4,weather_driven,historically_calibrated,0.691712,0.117591,5.8411,6.3189,0.0,0.4779
7517,11,10,5,weather_driven,historically_calibrated,0.718358,0.122121,6.0023,6.7705,0.0,0.7682
7518,11,10,6,weather_driven,historically_calibrated,0.739032,0.125635,6.1253,6.6898,0.0,0.5645
7519,11,10,7,weather_driven,historically_calibrated,0.956484,0.162602,7.317,8.0303,0.0,0.7133
7520,11,10,8,weather_driven,historically_calibrated,0.979036,0.166436,7.4312,8.1445,0.0,0.7133
7521,11,10,9,weather_driven,historically_calibrated,0.941175,0.16,7.2386,7.9269,0.0272,0.6611
7522,11,10,10,weather_driven,historically_calibrated,0.898935,0.152819,7.0182,7.8498,0.0635,0.7682
7523,11,10,11,weather_driven,historically_calibrated,0.838994,0.142629,6.6948,7.4166,0.1102,0.6116
7524,11,10,12,weather_driven,historically_calibrated,0.765967,0.130214,6.2827,7.238,0.1296,0.8257
7525,11,10,13,weather_driven,historically_calibrated,0.695579,0.118248,5.8647,6.8234,0.0726,0.8861
7526,11,10,14,weather_driven,historically_calibrated,0.672491,0.114324,5.7228,6.7836,0.1115,0.9494
7527,11,10,15,weather_driven,historically_calibrated,0.789646,0.13424,6.4186,6.9177,0.0985,0.4005
7528,11,10,16,weather_driven,historically_calibrated,0.897778,0.152622,7.0121,7.1891,0.0415,0.1356
7529,11,10,17,weather_driven,historically_calibrated,1.035861,0.176096,7.712,7.7494,0.0181,0.0193
7530,11,10,18,weather_driven,historically_calibrated,1.225057,0.20826,8.5827,8.5908,0.0,0.0081
7531,11,10,19,weather_driven,historically_calibrated,1.361363,0.231432,9.1569,9.1874,0.0,0.0306
7532,11,10,20,weather_driven,historically_calibrated,1.379579,0.234528,9.2306,9.2499,0.0,0.0193
7533,11,10,21,weather_driven,historically_calibrated,1.308374,0.222424,8.9384,9.0276,0.0,0.0892
7534,11,10,22,weather_driven,historically_calibrated,1.176445,0.199996,8.3677,8.6686,0.0,0.3009
7535,11,10,23,weather_driven,historically_calibrated,1.108537,0.188451,8.0575,8.4227,0.0,0.3652
7536,11,10,24,weather_driven,historically_calibrated,0.763761,0.129839,6.2699,6.7478,0.0,0.4779
7537,11,11,1,weather_driven,historically_calibrated,0.68729,0.116839,5.814,6.4752,0.0,0.6611
7538,11,11,2,weather_driven,historically_calibrated,0.664706,0.113,5.6744,6.4425,0.0,0.7682
7539,11,11,3,weather_driven,historically_calibrated,0.626897,0.106573,5.435,6.3844,0.0,0.9494
7540,11,11,4,weather_driven,historically_calibrated,0.601749,0.102297,5.2719,6.3567,0.0,1.0848
7541,11,11,5,weather_driven,historically_calibrated,0.595293,0.1012,5.2294,6.3866,0.0,1.1571
7542,11,11,6,weather_driven,historically_calibrated,0.587973,0.099955,5.1811,6.4923,0.0,1.3112
7543,11,11,7,weather_driven,historically_calibrated,0.778555,0.132354,6.3552,7.8337,0.0,1.4784
7544,11,11,8,weather_driven,historically_calibrated,0.846307,0.143872,6.735,7.8921,0.0,1.1571
7545,11,11,9,weather_driven,historically_calibrated,0.854442,0.145255,6.7794,7.8759,0.0117,1.0848
7546,11,11,10,weather_driven,historically_calibrated,0.812534,0.138131,6.5479,7.5972,0.0337,1.0156
7547,11,11,11,weather_driven,historically_calibrated,0.692463,0.117719,5.8457,7.3179,0.0791,1.3932
7548,11,11,12,weather_driven,historically_calibrated,0.699314,0.118883,5.8874,7.1418,0.0972,1.1571
7549,11,11,13,weather_driven,historically_calibrated,0.670577,0.113998,5.7109,7.109,0.0868,1.3112
7550,11,11,14,weather_driven,historically_calibrated,0.689926,0.117287,5.8302,7.0716,0.0842,1.1571
7551,11,11,15,weather_driven,historically_calibrated,0.648328,0.110216,5.5715,7.1148,0.0648,1.4784
7552,11,11,16,weather_driven,historically_calibrated,0.737278,0.125337,6.1149,7.9062,0.0363,1.755
7553,11,11,17,weather_driven,historically_calibrated,0.867361,0.147451,6.8495,8.709,0.0052,1.8543
7554,11,11,18,weather_driven,historically_calibrated,0.919827,0.156371,7.1279,9.0853,0.0,1.9573
7555,11,11,19,weather_driven,historically_calibrated,1.005821,0.17099,7.5647,9.1319,0.0,1.5671
7556,11,11,20,weather_driven,historically_calibrated,0.992602,0.168742,7.4991,8.8103,0.0,1.3112
7557,11,11,21,weather_driven,historically_calibrated,0.894513,0.152067,6.9948,8.3879,0.0,1.3932
7558,11,11,22,weather_driven,historically_calibrated,0.898279,0.152707,7.0147,7.9009,0.0,0.8861
7559,11,11,23,weather_driven,historically_calibrated,0.971827,0.165211,7.3949,7.8329,0.0,0.4381
7560,11,11,24,weather_driven,historically_calibrated,0.650449,0.110576,5.5849,6.1965,0.0,0.6116
7561,11,12,1,weather_driven,historically_calibrated,0.466218,0.079257,4.3313,6.1857,0.0,1.8543
7562,11,12,2,weather_driven,historically_calibrated,0.5379,0.091443,4.8423,6.7996,0.0,1.9573
7563,11,12,3,weather_driven,historically_calibrated,0.712095,0.121056,5.9647,6.9803,0.0,1.0156
7564,11,12,4,weather_driven,historically_calibrated,0.760042,0.129207,6.2483,6.9095,0.0,0.6611
7565,11,12,5,weather_driven,historically_calibrated,0.780128,0.132622,6.3643,7.0254,0.0,0.6611
7566,11,12,6,weather_driven,historically_calibrated,0.82566,0.140362,6.6211,7.1857,0.0,0.5645
7567,11,12,7,weather_driven,historically_calibrated,1.043032,0.177315,7.7467,8.5149,0.0,0.7682
7568,11,12,8,weather_driven,historically_calibrated,1.08531,0.184503,7.9487,8.4687,0.0,0.52
7569,11,12,9,weather_driven,historically_calibrated,1.014346,0.172439,7.6068,8.2835,0.0156,0.6611
7570,11,12,10,weather_driven,historically_calibrated,0.834779,0.141912,6.6716,7.9832,0.0791,1.2326
7571,11,12,11,weather_driven,historically_calibrated,0.554969,0.094345,4.9593,7.4717,0.105,2.4074
7572,11,12,12,weather_driven,historically_calibrated,0.335136,0.056973,3.3051,7.1349,0.1685,3.6614
7573,11,12,13,weather_driven,historically_calibrated,0.356592,0.060621,3.4822,7.0546,0.2203,3.3521
7574,11,12,14,weather_driven,historically_calibrated,0.312152,0.053066,3.111,7.1127,0.1788,3.8229
7575,11,12,15,weather_driven,historically_calibrated,0.415277,0.070597,3.9477,7.3049,0.1529,3.2043
7576,11,12,16,weather_driven,historically_calibrated,0.727802,0.123726,6.0587,7.5916,0.0544,1.4784
7577,11,12,17,weather_driven,historically_calibrated,0.536579,0.091218,4.8331,7.9017,0.0078,3.0608
7578,11,12,18,weather_driven,historically_calibrated,0.71278,0.121173,5.9688,8.1434,0.0,2.1746
7579,11,12,19,weather_driven,historically_calibrated,0.799215,0.135867,6.4729,8.537,0.0,2.0641
7580,11,12,20,weather_driven,historically_calibrated,0.860991,0.146368,6.815,8.3821,0.0,1.5671
7581,11,12,21,weather_driven,historically_calibrated,0.946301,0.160871,7.2649,8.4221,0.0,1.1571
7582,11,12,22,weather_driven,historically_calibrated,0.875085,0.148764,6.8911,7.9759,0.0,1.0848
7583,11,12,23,weather_driven,historically_calibrated,0.820101,0.139417,6.5902,7.6058,0.0,1.0156
7584,11,12,24,weather_driven,historically_calibrated,0.675896,0.114902,5.7439,6.2217,0.0,0.4779
7585,11,13,1,weather_driven,historically_calibrated,0.696118,0.11834,5.868,6.0639,0.0,0.1959
7586,11,13,2,weather_driven,historically_calibrated,0.759823,0.12917,6.2471,6.3121,0.0,0.065
7587,11,13,3,weather_driven,historically_calibrated,0.803062,0.136521,6.4947,6.5323,0.0,0.0376
7588,11,13,4,weather_driven,historically_calibrated,0.834282,0.141828,6.6689,6.7453,0.0,0.0764
7589,11,13,5,weather_driven,historically_calibrated,0.847282,0.144038,6.7403,6.8168,0.0,0.0764
7590,11,13,6,weather_driven,historically_calibrated,0.885442,0.150525,6.9465,6.971,0.0,0.0245
7591,11,13,7,weather_driven,historically_calibrated,1.204037,0.204686,8.4904,8.5149,0.0,0.0245
7592,11,13,8,weather_driven,historically_calibrated,1.228034,0.208766,8.5956,8.6333,0.0,0.0376
7593,11,13,9,weather_driven,historically_calibrated,1.196568,0.203417,8.4574,8.5608,0.0143,0.0892
7594,11,13,10,weather_driven,historically_calibrated,1.127655,0.191701,8.146,8.3128,0.0635,0.1032
7595,11,13,11,weather_driven,historically_calibrated,1.010842,0.171843,7.5895,8.0079,0.1737,0.2447
7596,11,13,12,weather_driven,historically_calibrated,0.953736,0.162135,7.303,7.7628,0.2151,0.2447
7597,11,13,13,weather_driven,historically_calibrated,0.886396,0.150687,6.9516,7.5202,0.2968,0.2718
7598,11,13,14,weather_driven,historically_calibrated,0.897554,0.152584,7.0109,7.5822,0.2061,0.3652
7599,11,13,15,weather_driven,historically_calibrated,0.978651,0.166371,7.4292,7.8942,0.1931,0.2718
7600,11,13,16,weather_driven,historically_calibrated,1.163509,0.197797,8.3095,8.705,0.0946,0.3009
7601,11,13,17,weather_driven,historically_calibrated,1.30805,0.222369,8.9371,9.2924,0.0233,0.332
7602,11,13,18,weather_driven,historically_calibrated,1.534365,0.260842,9.8318,9.935,0.0,0.1032
7603,11,13,19,weather_driven,historically_calibrated,1.616665,0.274833,10.1342,10.2883,0.0,0.1541
7604,11,13,20,weather_driven,historically_calibrated,1.642832,0.279281,10.2281,10.2931,0.0,0.065
7605,11,13,21,weather_driven,historically_calibrated,1.539778,0.261762,9.852,9.9285,0.0,0.0764
7606,11,13,22,weather_driven,historically_calibrated,1.529279,0.259977,9.8127,9.8675,0.0,0.0548
7607,11,13,23,weather_driven,historically_calibrated,1.534003,0.26078,9.8304,9.8497,0.0,0.0193
7608,11,13,24,weather_driven,historically_calibrated,1.114599,0.189482,8.0857,8.105,0.0,0.0193
7609,11,14,1,weather_driven,historically_calibrated,1.056699,0.179639,7.8126,7.8502,0.0,0.0376
7610,11,14,2,weather_driven,historically_calibrated,1.102304,0.187392,8.0285,8.059,0.0,0.0306
7611,11,14,3,weather_driven,historically_calibrated,1.14061,0.193904,8.2055,8.2431,0.0,0.0376
7612,11,14,4,weather_driven,historically_calibrated,1.154379,0.196244,8.2682,8.3869,0.0,0.1187
7613,11,14,5,weather_driven,historically_calibrated,1.200652,0.204111,8.4754,8.611,0.0,0.1356
7614,11,14,6,weather_driven,historically_calibrated,1.271684,0.216186,8.7837,8.8601,0.0,0.0764
7615,11,14,7,weather_driven,historically_calibrated,1.677056,0.2851,10.3492,10.4384,0.0,0.0892
7616,11,14,8,weather_driven,historically_calibrated,1.613014,0.274212,10.121,10.2243,0.0,0.1032
7617,11,14,9,weather_driven,historically_calibrated,1.518571,0.258157,9.7724,9.9472,0.0207,0.1541
7618,11,14,10,weather_driven,historically_calibrated,1.401906,0.238324,9.3201,9.5759,0.0816,0.1741
7619,11,14,11,weather_driven,historically_calibrated,1.173828,0.199551,8.3559,8.9729,0.2164,0.4005
7620,11,14,12,weather_driven,historically_calibrated,0.916,0.15572,7.1079,8.5476,0.2825,1.1571
7621,11,14,13,weather_driven,historically_calibrated,0.792906,0.134794,6.4372,8.0893,0.1737,1.4784
7622,11,14,14,weather_driven,historically_calibrated,0.821626,0.139676,6.5987,8.0516,0.2203,1.2326
7623,11,14,15,weather_driven,historically_calibrated,1.071395,0.182137,7.8828,8.2692,0.1905,0.1959
7624,11,14,16,weather_driven,historically_calibrated,1.257398,0.213758,8.7226,9.2061,0.0829,0.4005
7625,11,14,17,weather_driven,historically_calibrated,1.426914,0.242575,9.4192,10.1037,0.0233,0.6611
7626,11,14,18,weather_driven,historically_calibrated,1.632554,0.277534,10.1913,10.7113,0.0,0.52
7627,11,14,19,weather_driven,historically_calibrated,1.776103,0.301938,10.69,11.2545,0.0,0.5645
7628,11,14,20,weather_driven,historically_calibrated,1.904765,0.32381,11.1124,11.3083,0.0,0.1959
7629,11,14,21,weather_driven,historically_calibrated,1.784986,0.303448,10.7199,10.8555,0.0,0.1356
7630,11,14,22,weather_driven,historically_calibrated,1.637104,0.278308,10.2076,10.4794,0.0,0.2718
7631,11,14,23,weather_driven,historically_calibrated,1.43453,0.24387,9.4491,9.8497,0.0,0.4005
7632,11,14,24,weather_driven,historically_calibrated,1.030661,0.175212,7.6867,7.8054,0.0,0.1187
7633,11,15,1,weather_driven,historically_calibrated,0.99851,0.169747,7.5285,7.6472,0.0,0.1187
7634,11,15,2,weather_driven,historically_calibrated,1.016084,0.172734,7.6153,7.734,0.0,0.1187
7635,11,15,3,weather_driven,historically_calibrated,1.060514,0.180287,7.8308,7.8765,0.0,0.0457
7636,11,15,4,weather_driven,historically_calibrated,1.072133,0.182263,7.8863,7.8944,0.0,0.0081
7637,11,15,5,weather_driven,historically_calibrated,1.084174,0.18431,7.9433,7.9434,0.0,0.0001
7638,11,15,6,weather_driven,historically_calibrated,1.096526,0.186409,8.0014,8.0014,0.0,0.0
7639,11,15,7,weather_driven,historically_calibrated,1.539411,0.2617,9.8506,9.8506,0.0,0.0
7640,11,15,8,weather_driven,historically_calibrated,1.55134,0.263728,9.8951,9.8951,0.0,0.0
7641,11,15,9,weather_driven,historically_calibrated,1.488516,0.253048,9.6583,9.6699,0.0117,0.0
7642,11,15,10,weather_driven,historically_calibrated,1.374177,0.23361,9.2088,9.2464,0.0376,0.0
7643,11,15,11,weather_driven,historically_calibrated,1.245085,0.211665,8.6696,8.7585,0.0881,0.0007
7644,11,15,12,weather_driven,historically_calibrated,1.110331,0.188756,8.0659,8.286,0.2009,0.0193
7645,11,15,13,weather_driven,historically_calibrated,1.007152,0.171216,7.5713,7.8823,0.2346,0.0764
7646,11,15,14,weather_driven,historically_calibrated,0.978222,0.166298,7.4271,7.843,0.2618,0.1541
7647,11,15,15,weather_driven,historically_calibrated,1.063068,0.180722,7.8431,8.2692,0.1814,0.2447
7648,11,15,16,weather_driven,historically_calibrated,1.258424,0.213932,8.727,9.0947,0.0959,0.2718
7649,11,15,17,weather_driven,historically_calibrated,1.422448,0.241816,9.4016,9.698,0.0246,0.2718
7650,11,15,18,weather_driven,historically_calibrated,1.618523,0.275149,10.1409,10.4127,0.0,0.2718
7651,11,15,19,weather_driven,historically_calibrated,1.78266,0.303052,10.712,11.013,0.0,0.3009
7652,11,15,20,weather_driven,historically_calibrated,1.73731,0.295343,10.5582,10.8902,0.0,0.332
7653,11,15,21,weather_driven,historically_calibrated,1.65317,0.281039,10.2649,10.5658,0.0,0.3009
7654,11,15,22,weather_driven,historically_calibrated,1.574834,0.267722,9.9819,10.2013,0.0,0.2194
7655,11,15,23,weather_driven,historically_calibrated,1.503153,0.255536,9.7141,9.8497,0.0,0.1356
7656,11,15,24,weather_driven,historically_calibrated,1.06045,0.180277,7.8305,7.9338,0.0,0.1032
7657,11,16,1,weather_driven,historically_calibrated,0.983284,0.167158,7.4525,7.6066,0.0,0.1541
7658,11,16,2,weather_driven,historically_calibrated,0.994088,0.168995,7.5065,7.5715,0.0,0.065
7659,11,16,3,weather_driven,historically_calibrated,0.975822,0.16589,7.415,7.5506,0.0,0.1356
7660,11,16,4,weather_driven,historically_calibrated,1.086012,0.184622,7.952,7.9765,0.0,0.0245
7661,11,16,5,weather_driven,historically_calibrated,1.185133,0.201473,8.4065,8.4441,0.0,0.0376
7662,11,16,6,weather_driven,historically_calibrated,1.185623,0.201556,8.4087,8.4737,0.0,0.065
7663,11,16,7,weather_driven,historically_calibrated,1.560424,0.265272,9.9288,10.0644,0.0,0.1356
7664,11,16,8,weather_driven,historically_calibrated,1.548931,0.263318,9.8861,10.0048,0.0,0.1187
7665,11,16,9,weather_driven,historically_calibrated,1.487501,0.252875,9.6544,9.8363,0.0078,0.1741
7666,11,16,10,weather_driven,historically_calibrated,1.400484,0.238082,9.3144,9.521,0.0324,0.1741
7667,11,16,11,weather_driven,historically_calibrated,1.263791,0.214844,8.75,9.0265,0.1024,0.1741
7668,11,16,12,weather_driven,historically_calibrated,1.114406,0.189449,8.0848,8.443,0.184,0.1741
7669,11,16,13,weather_driven,historically_calibrated,1.084681,0.184396,7.9457,8.3479,0.2281,0.1741
7670,11,16,14,weather_driven,historically_calibrated,1.095407,0.186219,7.9962,8.4689,0.2009,0.2718
7671,11,16,15,weather_driven,historically_calibrated,1.18328,0.201158,8.3982,8.8049,0.1348,0.2718
7672,11,16,16,weather_driven,historically_calibrated,1.341727,0.228094,9.0766,9.4288,0.0804,0.2718
7673,11,16,17,weather_driven,historically_calibrated,1.466883,0.24937,9.5751,9.8139,0.0194,0.2194
7674,11,16,18,weather_driven,historically_calibrated,1.615002,0.27455,10.1282,10.1739,0.0,0.0457
7675,11,16,19,weather_driven,historically_calibrated,1.516469,0.2578,9.7645,10.6506,0.0,0.8861
7676,11,16,20,weather_driven,historically_calibrated,1.011051,0.171879,7.5906,10.6514,0.0,3.0608
7677,11,16,21,weather_driven,historically_calibrated,1.328672,0.225874,9.0228,10.334,0.0,1.3112
7678,11,16,22,weather_driven,historically_calibrated,1.284547,0.218373,8.8383,9.9231,0.0,1.0848
7679,11,16,23,weather_driven,historically_calibrated,1.14886,0.195306,8.2431,9.4757,0.0,1.2326
7680,11,16,24,weather_driven,historically_calibrated,0.721862,0.122717,6.0233,7.3345,0.0,1.3112
7681,11,17,1,weather_driven,historically_calibrated,0.37282,0.063379,3.6136,6.4005,0.0,2.7869
7682,11,17,2,weather_driven,historically_calibrated,0.452597,0.076942,4.2305,6.4051,0.0,2.1746
7683,11,17,3,weather_driven,historically_calibrated,0.571803,0.097206,5.0732,6.3844,0.0,1.3112
7684,11,17,4,weather_driven,historically_calibrated,0.683729,0.116234,5.7922,6.3567,0.0,0.5645
7685,11,17,5,weather_driven,historically_calibrated,0.702207,0.119375,5.905,6.425,0.0,0.52
7686,11,17,6,weather_driven,historically_calibrated,0.73337,0.124673,6.0918,6.4923,0.0,0.4005
7687,11,17,7,weather_driven,historically_calibrated,0.995333,0.169207,7.5127,7.7845,0.0,0.2718
7688,11,17,8,weather_driven,historically_calibrated,1.017093,0.172906,7.6203,7.8921,0.0,0.2718
7689,11,17,9,weather_driven,historically_calibrated,1.036292,0.17617,7.7141,7.8759,0.0078,0.1541
7690,11,17,10,weather_driven,historically_calibrated,1.004002,0.17068,7.5557,7.6477,0.0156,0.0764
7691,11,17,11,weather_driven,historically_calibrated,0.925393,0.157317,7.1569,7.2686,0.0467,0.065
7692,11,17,12,weather_driven,historically_calibrated,0.871233,0.14811,6.8703,6.9492,0.0596,0.0193
7693,11,17,13,weather_driven,historically_calibrated,0.820229,0.139439,6.5909,6.7282,0.1335,0.0038
7694,11,17,14,weather_driven,historically_calibrated,0.847295,0.14404,6.7404,6.8316,0.0855,0.0057
7695,11,17,15,weather_driven,historically_calibrated,0.899036,0.152836,7.0187,7.1641,0.0804,0.065
7696,11,17,16,weather_driven,historically_calibrated,0.986602,0.167722,7.4691,7.5477,0.048,0.0306
7697,11,17,17,weather_driven,historically_calibrated,1.034047,0.175788,7.7032,7.8027,0.0104,0.0892
7698,11,17,18,weather_driven,historically_calibrated,1.095311,0.186203,7.9957,8.0414,0.0,0.0457
7699,11,17,19,weather_driven,historically_calibrated,1.170926,0.199057,8.3429,8.3541,0.0,0.0111
7700,11,17,20,weather_driven,historically_calibrated,1.135377,0.193014,8.1815,8.206,0.0,0.0245
7701,11,17,21,weather_driven,historically_calibrated,1.035598,0.176052,7.7107,7.7483,0.0,0.0376
7702,11,17,22,weather_driven,historically_calibrated,0.940405,0.159869,7.2346,7.3378,0.0,0.1032
7703,11,17,23,weather_driven,historically_calibrated,0.821291,0.139619,6.5968,6.9974,0.0,0.4005
7704,11,17,24,weather_driven,historically_calibrated,0.520292,0.08845,4.7197,5.6058,0.0,0.8861
7705,11,18,1,weather_driven,historically_calibrated,0.521885,0.08872,4.7309,5.392,0.0,0.6611
7706,11,18,2,weather_driven,historically_calibrated,0.554753,0.094308,4.9579,5.3959,0.0,0.4381
7707,11,18,3,weather_driven,historically_calibrated,0.435546,0.074043,4.1025,5.3351,0.0,1.2326
7708,11,18,4,weather_driven,historically_calibrated,0.200401,0.034068,2.0953,5.2995,0.0,3.2043
7709,11,18,5,weather_driven,historically_calibrated,0.014442,0.002455,0.061,5.3501,0.0,5.2891
7710,11,18,6,weather_driven,historically_calibrated,0.0338,0.005746,0.2981,5.3863,0.0,5.0882
7711,11,18,7,weather_driven,historically_calibrated,0.152206,0.025875,1.6149,6.7031,0.0,5.0882
7712,11,18,8,weather_driven,historically_calibrated,0.150138,0.025524,1.5936,6.8827,0.0,5.2891
7713,11,18,9,weather_driven,historically_calibrated,0.276164,0.046948,2.7975,6.9575,0.0,4.16
7714,11,18,10,weather_driven,historically_calibrated,0.306412,0.05209,3.0618,6.8899,0.0052,3.8229
7715,11,18,11,weather_driven,historically_calibrated,0.152798,0.025976,1.6209,6.726,0.0168,5.0882
7716,11,18,12,weather_driven,historically_calibrated,0.117377,0.019954,1.2491,6.5641,0.0259,5.2891
7717,11,18,13,weather_driven,historically_calibrated,0.204115,0.0347,2.1312,6.4902,0.0233,4.3358
7718,11,18,14,weather_driven,historically_calibrated,0.284439,0.048355,2.8707,6.5437,0.0117,3.6614
7719,11,18,15,weather_driven,historically_calibrated,0.268321,0.045615,2.7276,6.7205,0.0039,3.9891
7720,11,18,16,weather_driven,historically_calibrated,0.21967,0.037344,2.2797,6.9843,0.0026,4.702
7721,11,18,17,weather_driven,historically_calibrated,0.209338,0.035587,2.1813,7.2696,0.0,5.0882
7722,11,18,18,weather_driven,historically_calibrated,0.254123,0.043201,2.5994,7.492,0.0,4.8926
7723,11,18,19,weather_driven,historically_calibrated,0.390367,0.066362,3.7534,7.5762,0.0,3.8229
7724,11,18,20,weather_driven,historically_calibrated,0.420425,0.071472,3.9873,7.4918,0.0,3.5045
7725,11,18,21,weather_driven,historically_calibrated,0.391731,0.066594,3.7641,7.2686,0.0,3.5045
7726,11,18,22,weather_driven,historically_calibrated,0.447527,0.07608,4.1927,6.9796,0.0,2.7869
7727,11,18,23,weather_driven,historically_calibrated,0.428123,0.072781,4.0462,6.7024,0.0,2.6563
7728,11,18,24,weather_driven,historically_calibrated,0.280936,0.047759,2.8398,5.3696,0.0,2.5298
7729,11,19,1,weather_driven,historically_calibrated,0.328208,0.055795,3.2471,5.5361,0.0,2.289
7730,11,19,2,weather_driven,historically_calibrated,0.3944,0.067048,3.7851,5.5401,0.0,1.755
7731,11,19,3,weather_driven,historically_calibrated,0.42045,0.071477,3.9875,5.5546,0.0,1.5671
7732,11,19,4,weather_driven,historically_calibrated,0.437561,0.074385,4.1178,5.5962,0.0,1.4784
7733,11,19,5,weather_driven,historically_calibrated,0.438252,0.074503,4.123,5.6901,0.0,1.5671
7734,11,19,6,weather_driven,historically_calibrated,0.484057,0.08229,4.4615,5.8547,0.0,1.3932
7735,11,19,7,weather_driven,historically_calibrated,0.763836,0.129852,6.2704,7.286,0.0,1.0156
7736,11,19,8,weather_driven,historically_calibrated,0.871094,0.148086,6.8696,7.4812,0.0,0.6116
7737,11,19,9,weather_driven,historically_calibrated,0.910321,0.154754,7.0782,7.5625,0.0065,0.4779
7738,11,19,10,weather_driven,historically_calibrated,0.865817,0.147189,6.8411,7.489,0.0363,0.6116
7739,11,19,11,weather_driven,historically_calibrated,0.807763,0.13732,6.5211,7.3109,0.0765,0.7133
7740,11,19,12,weather_driven,historically_calibrated,0.790967,0.134464,6.4261,7.1349,0.0972,0.6116
7741,11,19,13,weather_driven,historically_calibrated,0.800157,0.136027,6.4782,7.0546,0.0985,0.4779
7742,11,19,14,weather_driven,historically_calibrated,0.830926,0.141257,6.6503,7.1127,0.0972,0.3652
7743,11,19,15,weather_driven,historically_calibrated,0.8922,0.151674,6.9825,7.3049,0.0778,0.2447
7744,11,19,16,weather_driven,historically_calibrated,0.97521,0.165786,7.4119,7.5916,0.0441,0.1356
7745,11,19,17,weather_driven,historically_calibrated,1.059848,0.180174,7.8277,7.9017,0.0091,0.065
7746,11,19,18,weather_driven,historically_calibrated,1.118942,0.19022,8.1058,8.1434,0.0,0.0376
7747,11,19,19,weather_driven,historically_calibrated,1.14383,0.194451,8.2202,8.235,0.0,0.0148
7748,11,19,20,weather_driven,historically_calibrated,1.123832,0.191051,8.1284,8.1433,0.0,0.0148
7749,11,19,21,weather_driven,historically_calibrated,1.071104,0.182088,7.8814,7.9006,0.0,0.0193
7750,11,19,22,weather_driven,historically_calibrated,1.008573,0.171457,7.5783,7.5865,0.0,0.0081
7751,11,19,23,weather_driven,historically_calibrated,0.949997,0.1615,7.2839,7.2853,0.0,0.0014
7752,11,19,24,weather_driven,historically_calibrated,0.740856,0.125946,6.136,6.1361,0.0,0.0001
7753,11,20,1,weather_driven,historically_calibrated,0.74239,0.126206,6.1451,6.1451,0.0,0.0
7754,11,20,2,weather_driven,historically_calibrated,0.771048,0.131078,6.3121,6.3121,0.0,0.0
7755,11,20,3,weather_driven,historically_calibrated,0.809747,0.137657,6.5323,6.5323,0.0,0.0
7756,11,20,4,weather_driven,historically_calibrated,0.833263,0.141655,6.6632,6.6632,0.0,0.0
7757,11,20,5,weather_driven,historically_calibrated,0.869034,0.147736,6.8585,6.8585,0.0,0.0
7758,11,20,6,weather_driven,historically_calibrated,0.922664,0.156853,7.1427,7.1427,0.0,0.0
7759,11,20,7,weather_driven,historically_calibrated,1.234033,0.209786,8.6217,8.6217,0.0,0.0
7760,11,20,8,weather_driven,historically_calibrated,1.236686,0.210237,8.6333,8.6333,0.0,0.0
7761,11,20,9,weather_driven,historically_calibrated,1.229486,0.209013,8.602,8.6162,0.0143,0.0
7762,11,20,10,weather_driven,historically_calibrated,1.126433,0.191494,8.1404,8.2029,0.0622,0.0003
7763,11,20,11,weather_driven,historically_calibrated,1.014021,0.172384,7.6052,7.7398,0.1322,0.0024
7764,11,20,12,weather_driven,historically_calibrated,0.881918,0.149926,6.9277,7.1872,0.2514,0.0081
7765,11,20,13,weather_driven,historically_calibrated,0.845367,0.143712,6.7298,7.0546,0.3136,0.0111
7766,11,20,14,weather_driven,historically_calibrated,0.863929,0.146868,6.8309,7.1127,0.267,0.0148
7767,11,20,15,weather_driven,historically_calibrated,0.916021,0.155724,7.1081,7.3049,0.1724,0.0245
7768,11,20,16,weather_driven,historically_calibrated,1.059619,0.180135,7.8266,7.9256,0.0842,0.0148
7769,11,20,17,weather_driven,historically_calibrated,1.195335,0.203207,8.4519,8.4812,0.0181,0.0111
7770,11,20,18,weather_driven,historically_calibrated,1.315552,0.223644,8.9684,8.9795,0.0,0.0111
7771,11,20,19,weather_driven,historically_calibrated,1.460075,0.248213,9.5488,9.5636,0.0,0.0148
7772,11,20,20,weather_driven,historically_calibrated,1.463394,0.248777,9.5616,9.5765,0.0,0.0148
7773,11,20,21,weather_driven,historically_calibrated,1.420065,0.241411,9.3922,9.407,0.0,0.0148
7774,11,20,22,weather_driven,historically_calibrated,1.33869,0.227577,9.0641,9.0886,0.0,0.0245
7775,11,20,23,weather_driven,historically_calibrated,1.28018,0.217631,8.8198,8.8346,0.0,0.0148
7776,11,20,24,weather_driven,historically_calibrated,0.925062,0.15726,7.1552,7.1633,0.0,0.0081
7777,11,21,1,weather_driven,historically_calibrated,0.875248,0.148792,6.8919,6.9164,0.0,0.0245
7778,11,21,2,weather_driven,historically_calibrated,0.875053,0.148759,6.8909,6.9215,0.0,0.0306
7779,11,21,3,weather_driven,historically_calibrated,0.878433,0.149334,6.909,6.9396,0.0,0.0306
7780,11,21,4,weather_driven,historically_calibrated,0.879153,0.149456,6.9129,6.9505,0.0,0.0376
7781,11,21,5,weather_driven,historically_calibrated,0.902409,0.15341,7.0365,7.0671,0.0,0.0306
7782,11,21,6,weather_driven,historically_calibrated,0.929361,0.157991,7.1775,7.1857,0.0,0.0081
7783,11,21,7,weather_driven,historically_calibrated,1.257905,0.213844,8.7248,8.7286,0.0,0.0038
7784,11,21,8,weather_driven,historically_calibrated,1.286616,0.218725,8.847,8.8527,0.0,0.0057
7785,11,21,9,weather_driven,historically_calibrated,1.241113,0.210989,8.6524,8.6717,0.0168,0.0024
7786,11,21,10,weather_driven,historically_calibrated,1.135607,0.193053,8.1826,8.2578,0.0739,0.0014
7787,11,21,11,weather_driven,historically_calibrated,1.048725,0.178283,7.7742,7.9006,0.1257,0.0007
7788,11,21,12,weather_driven,historically_calibrated,0.962148,0.163565,7.3458,7.5012,0.1529,0.0024
7789,11,21,13,weather_driven,historically_calibrated,0.89355,0.151903,6.9897,7.1581,0.1646,0.0038
7790,11,21,14,weather_driven,historically_calibrated,0.88418,0.150311,6.9398,7.1127,0.1581,0.0148
7791,11,21,15,weather_driven,historically_calibrated,0.939728,0.159754,7.2311,7.4121,0.1503,0.0306
7792,11,21,16,weather_driven,historically_calibrated,1.011494,0.171954,7.5928,7.7029,0.0726,0.0376
7793,11,21,17,weather_driven,historically_calibrated,1.089758,0.185259,7.9696,8.0176,0.0104,0.0376
7794,11,21,18,weather_driven,historically_calibrated,1.149944,0.19549,8.248,8.2629,0.0,0.0148
7795,11,21,19,weather_driven,historically_calibrated,1.237895,0.210442,8.6385,8.6578,0.0,0.0193
7796,11,21,20,weather_driven,historically_calibrated,1.219614,0.207334,8.5589,8.5613,0.0,0.0024
7797,11,21,21,weather_driven,historically_calibrated,1.268408,0.215629,8.7697,8.7697,0.0,0.0
7798,11,21,22,weather_driven,historically_calibrated,1.163557,0.197805,8.3097,8.3097,0.0,0.0
7799,11,21,23,weather_driven,historically_calibrated,1.209403,0.205598,8.514,8.514,0.0,0.0
7800,11,21,24,weather_driven,historically_calibrated,0.862086,0.146555,6.8209,6.8209,0.0,0.0
7801,11,22,1,weather_driven,historically_calibrated,0.857185,0.145721,6.7943,6.7946,0.0,0.0003
7802,11,22,2,weather_driven,historically_calibrated,0.865594,0.147151,6.8399,6.8402,0.0,0.0003
7803,11,22,3,weather_driven,historically_calibrated,0.875828,0.148891,6.8951,6.8989,0.0,0.0038
7804,11,22,4,weather_driven,historically_calibrated,0.878254,0.149303,6.9081,6.9095,0.0,0.0014
7805,11,22,5,weather_driven,historically_calibrated,0.884453,0.150357,6.9412,6.9419,0.0,0.0007
7806,11,22,6,weather_driven,historically_calibrated,0.905181,0.153881,7.0512,7.0569,0.0,0.0057
7807,11,22,7,weather_driven,historically_calibrated,1.178625,0.200366,8.3774,8.408,0.0,0.0306
7808,11,22,8,weather_driven,historically_calibrated,1.155552,0.196444,8.2735,8.3041,0.0,0.0306
7809,11,22,9,weather_driven,historically_calibrated,1.086177,0.18465,7.9528,8.0062,0.0078,0.0457
7810,11,22,10,weather_driven,historically_calibrated,0.979509,0.166517,7.4336,7.6537,0.0661,0.1541
7811,11,22,11,weather_driven,historically_calibrated,0.859937,0.146189,6.8093,7.3109,0.1011,0.4005
7812,11,22,12,weather_driven,historically_calibrated,0.796943,0.13548,6.4601,7.1349,0.197,0.4779
7813,11,22,13,weather_driven,historically_calibrated,0.775537,0.131841,6.3379,7.0546,0.2786,0.4381
7814,11,22,14,weather_driven,historically_calibrated,0.822531,0.13983,6.6037,7.1127,0.2372,0.2718
7815,11,22,15,weather_driven,historically_calibrated,0.885538,0.150541,6.947,7.3049,0.162,0.1959
7816,11,22,16,weather_driven,historically_calibrated,0.95992,0.163186,7.3345,7.5916,0.0829,0.1741
7817,11,22,17,weather_driven,historically_calibrated,1.043826,0.17745,7.7506,7.9017,0.0156,0.1356
7818,11,22,18,weather_driven,historically_calibrated,1.106724,0.188143,8.0491,8.2032,0.0,0.1541
7819,11,22,19,weather_driven,historically_calibrated,1.197562,0.203586,8.4618,8.5974,0.0,0.1356
7820,11,22,20,weather_driven,historically_calibrated,1.202902,0.204493,8.4854,8.621,0.0,0.1356
7821,11,22,21,weather_driven,historically_calibrated,1.17126,0.199114,8.3444,8.48,0.0,0.1356
7822,11,22,22,weather_driven,historically_calibrated,1.084938,0.184439,7.9469,8.1428,0.0,0.1959
7823,11,22,23,weather_driven,historically_calibrated,1.096704,0.18644,8.0023,8.2469,0.0,0.2447
7824,11,22,24,weather_driven,historically_calibrated,0.784197,0.133313,6.3875,6.6069,0.0,0.2194
7825,11,23,1,weather_driven,historically_calibrated,0.772393,0.131307,6.3198,6.5916,0.0,0.2718
7826,11,23,2,weather_driven,historically_calibrated,0.775231,0.131789,6.3361,6.6371,0.0,0.3009
7827,11,23,3,weather_driven,historically_calibrated,0.773873,0.131558,6.3283,6.573,0.0,0.2447
7828,11,23,4,weather_driven,historically_calibrated,0.783796,0.133245,6.3853,6.5811,0.0,0.1959
7829,11,23,5,weather_driven,historically_calibrated,0.792344,0.134699,6.434,6.6081,0.0,0.1741
7830,11,23,6,weather_driven,historically_calibrated,0.827772,0.140721,6.6328,6.6705,0.0,0.0376
7831,11,23,7,weather_driven,historically_calibrated,1.099372,0.186893,8.0147,8.034,0.0,0.0193
7832,11,23,8,weather_driven,historically_calibrated,1.136933,0.193279,8.1887,8.1944,0.0,0.0057
7833,11,23,9,weather_driven,historically_calibrated,1.143843,0.194453,8.2202,8.228,0.0078,0.0
7834,11,23,10,weather_driven,historically_calibrated,1.125768,0.191381,8.1373,8.2029,0.0544,0.0111
7835,11,23,11,weather_driven,historically_calibrated,1.069945,0.181891,7.8759,8.0079,0.1296,0.0024
7836,11,23,12,weather_driven,historically_calibrated,0.983706,0.16723,7.4546,7.7105,0.2501,0.0057
7837,11,23,13,weather_driven,historically_calibrated,0.925253,0.157293,7.1562,7.4685,0.3084,0.0038
7838,11,23,14,weather_driven,historically_calibrated,0.965857,0.164196,7.3647,7.6343,0.2696,0.0001
7839,11,23,15,weather_driven,historically_calibrated,1.049442,0.178405,7.7777,7.9477,0.1698,0.0003
7840,11,23,16,weather_driven,historically_calibrated,1.260224,0.214238,8.7347,8.8164,0.0816,0.0
7841,11,23,17,weather_driven,historically_calibrated,1.348492,0.229244,9.1043,9.1186,0.0143,0.0
7842,11,23,18,weather_driven,historically_calibrated,1.545641,0.262759,9.8739,9.8753,0.0,0.0014
7843,11,23,19,weather_driven,historically_calibrated,1.683395,0.286177,10.3715,10.4091,0.0,0.0376
7844,11,23,20,weather_driven,historically_calibrated,1.662534,0.282631,10.298,10.3528,0.0,0.0548
7845,11,23,21,weather_driven,historically_calibrated,1.548139,0.263184,9.8832,9.9864,0.0,0.1032
7846,11,23,22,weather_driven,historically_calibrated,1.443963,0.245474,9.4861,9.5893,0.0,0.1032
7847,11,23,23,weather_driven,historically_calibrated,1.33149,0.226353,9.0344,9.2086,0.0,0.1741
7848,11,23,24,weather_driven,historically_calibrated,0.942931,0.160298,7.2476,7.5485,0.0,0.3009
7849,11,24,1,weather_driven,historically_calibrated,0.737778,0.125422,6.1179,6.886,0.0,0.7682
7850,11,24,2,weather_driven,historically_calibrated,0.856905,0.145674,6.7928,6.9284,0.0,0.1356
7851,11,24,3,weather_driven,historically_calibrated,0.85174,0.144796,6.7647,6.984,0.0,0.2194
7852,11,24,4,weather_driven,historically_calibrated,0.833859,0.141756,6.6665,6.9986,0.0,0.332
7853,11,24,5,weather_driven,historically_calibrated,0.820036,0.139406,6.5898,7.1544,0.0,0.5645
7854,11,24,6,weather_driven,historically_calibrated,0.77003,0.130905,6.3062,7.3218,0.0,1.0156
7855,11,24,7,weather_driven,historically_calibrated,0.997191,0.169522,7.5219,8.9151,0.0,1.3932
7856,11,24,8,weather_driven,historically_calibrated,0.95276,0.161969,7.298,9.053,0.0,1.755
7857,11,24,9,weather_driven,historically_calibrated,0.803567,0.136606,6.4975,8.7943,0.0078,2.289
7858,11,24,10,weather_driven,historically_calibrated,0.501471,0.08525,4.5866,8.4562,0.0467,3.8229
7859,11,24,11,weather_driven,historically_calibrated,0.292326,0.049695,2.9398,8.1071,0.0791,5.0882
7860,11,24,12,weather_driven,historically_calibrated,0.080805,0.013737,0.8466,8.0082,0.0726,7.0891
7861,11,24,13,weather_driven,historically_calibrated,0.065913,0.011205,0.6767,7.5849,0.0635,6.8447
7862,11,24,14,weather_driven,historically_calibrated,-0.03526,-0.005994,-0.5813,7.5994,0.0557,8.125
7863,11,24,15,weather_driven,historically_calibrated,-0.025604,-0.004353,-0.4525,7.7062,0.0337,8.125
7864,11,24,16,weather_driven,historically_calibrated,-0.008296,-0.00141,-0.2266,7.9062,0.0078,8.125
7865,11,24,17,weather_driven,historically_calibrated,-0.00329,-0.000559,-0.1624,7.9626,0.0,8.125
7866,11,24,18,weather_driven,historically_calibrated,0.007264,0.001235,-0.0287,8.0963,0.0,8.125
7867,11,24,19,weather_driven,historically_calibrated,0.019039,0.003237,0.1179,8.2429,0.0,8.125
7868,11,24,20,weather_driven,historically_calibrated,0.002892,0.000492,-0.0838,8.0412,0.0,8.125
7869,11,24,21,weather_driven,historically_calibrated,-0.031925,-0.005427,-0.5366,7.5884,0.0,8.125
7870,11,24,22,weather_driven,historically_calibrated,-0.068645,-0.01167,-1.0431,7.0819,0.0,8.125
7871,11,24,23,weather_driven,historically_calibrated,-0.094699,-0.016099,-1.4226,6.7024,0.0,8.125
7872,11,24,24,weather_driven,historically_calibrated,-0.177162,-0.030118,-2.7554,5.3696,0.0,8.125
7873,11,25,1,weather_driven,historically_calibrated,-0.186426,-0.031692,-2.9197,5.2053,0.0,8.125
7874,11,25,2,weather_driven,historically_calibrated,-0.177789,-0.030224,-2.7664,5.3586,0.0,8.125
7875,11,25,3,weather_driven,historically_calibrated,-0.170541,-0.028992,-2.64,5.485,0.0,8.125
7876,11,25,4,weather_driven,historically_calibrated,-0.154829,-0.026321,-2.3724,5.7526,0.0,8.125
7877,11,25,5,weather_driven,historically_calibrated,-0.132533,-0.022531,-2.0071,6.1179,0.0,8.125
7878,11,25,6,weather_driven,historically_calibrated,-0.123879,-0.021059,-1.8697,6.2553,0.0,8.125
7879,11,25,7,weather_driven,historically_calibrated,-0.009505,-0.001616,-0.2422,7.8828,0.0,8.125
7880,11,25,8,weather_driven,historically_calibrated,0.015164,0.002578,0.07,8.195,0.0,8.125
7881,11,25,9,weather_driven,historically_calibrated,0.013811,0.002348,0.0532,8.182,0.0039,8.125
7882,11,25,10,weather_driven,historically_calibrated,-0.004005,-0.000681,-0.1715,8.0014,0.048,8.125
7883,11,25,11,weather_driven,historically_calibrated,-0.027176,-0.00462,-0.4733,7.7618,0.1102,8.125
7884,11,25,12,weather_driven,historically_calibrated,0.089602,0.015232,0.9452,7.4787,0.1607,6.3728
7885,11,25,13,weather_driven,historically_calibrated,0.152233,0.02588,1.6151,7.109,0.2048,5.2891
7886,11,25,14,weather_driven,historically_calibrated,0.218768,0.037191,2.2712,7.1675,0.1944,4.702
7887,11,25,15,weather_driven,historically_calibrated,0.36495,0.062041,3.5501,7.5091,0.1361,3.8229
7888,11,25,16,weather_driven,historically_calibrated,0.479572,0.081527,4.429,8.0086,0.0752,3.5045
7889,11,25,17,weather_driven,historically_calibrated,0.556447,0.094596,4.9694,8.3358,0.0143,3.3521
7890,11,25,18,weather_driven,historically_calibrated,0.681585,0.115869,5.779,8.7007,0.0,2.9217
7891,11,25,19,weather_driven,historically_calibrated,0.939532,0.159721,7.2301,9.1874,0.0,1.9573
7892,11,25,20,weather_driven,historically_calibrated,1.007462,0.171268,7.5729,9.14,0.0,1.5671
7893,11,25,21,weather_driven,historically_calibrated,0.838674,0.142575,6.6931,8.8677,0.0,2.1746
7894,11,25,22,weather_driven,historically_calibrated,1.096583,0.186419,8.0017,8.5662,0.0,0.5645
7895,11,25,23,weather_driven,historically_calibrated,1.097665,0.186603,8.0068,8.2261,0.0,0.2194
7896,11,25,24,weather_driven,historically_calibrated,0.814639,0.138489,6.5597,6.5903,0.0,0.0306
7897,11,26,1,weather_driven,historically_calibrated,0.918193,0.156093,7.1194,7.1194,0.0,0.0
7898,11,26,2,weather_driven,historically_calibrated,1.00719,0.171222,7.5715,7.5715,0.0,0.0
7899,11,26,3,weather_driven,historically_calibrated,0.983644,0.167219,7.4543,7.4692,0.0,0.0148
7900,11,26,4,weather_driven,historically_calibrated,0.976615,0.166025,7.419,7.484,0.0,0.065
7901,11,26,5,weather_driven,historically_calibrated,1.000598,0.170102,7.5389,7.7348,0.0,0.1959
7902,11,26,6,weather_driven,historically_calibrated,1.062242,0.180581,7.8391,7.9156,0.0,0.0764
7903,11,26,7,weather_driven,historically_calibrated,1.446076,0.245833,9.4943,9.5835,0.0,0.0892
7904,11,26,8,weather_driven,historically_calibrated,1.443542,0.245402,9.4844,9.7854,0.0,0.3009
7905,11,26,9,weather_driven,historically_calibrated,0.182468,0.03102,1.9198,9.7809,0.0039,7.8572
7906,11,26,10,weather_driven,historically_calibrated,0.134176,0.02281,1.4276,9.5759,0.0233,8.125
7907,11,26,11,weather_driven,historically_calibrated,0.090884,0.01545,0.9595,9.1337,0.0492,8.125
7908,11,26,12,weather_driven,historically_calibrated,0.05624,0.009561,0.5645,8.7569,0.0674,8.125
7909,11,26,13,weather_driven,historically_calibrated,0.095071,0.016162,1.006,8.3997,0.0544,7.3393
7910,11,26,14,weather_driven,historically_calibrated,0.218308,0.037112,2.2668,8.2081,0.0181,5.9231
7911,11,26,15,weather_driven,historically_calibrated,0.219269,0.037276,2.2759,7.5728,0.0078,5.2891
7912,11,26,16,weather_driven,historically_calibrated,0.076692,0.013038,0.8,7.6473,0.0026,6.8447
7913,11,26,17,weather_driven,historically_calibrated,0.322442,0.054815,3.1985,7.9017,0.0013,4.702
7914,11,26,18,weather_driven,historically_calibrated,0.122013,0.020742,1.2988,8.1434,0.0,6.8447
7915,11,26,19,weather_driven,historically_calibrated,0.297114,0.050509,2.9815,8.4766,0.0,5.4951
7916,11,26,20,weather_driven,historically_calibrated,0.191568,0.032567,2.0093,8.3821,0.0,6.3728
7917,11,26,21,weather_driven,historically_calibrated,0.053896,0.009162,0.5371,8.1324,0.0,7.5953
7918,11,26,22,weather_driven,historically_calibrated,0.189726,0.032253,1.9913,7.6977,0.0,5.7064
7919,11,26,23,weather_driven,historically_calibrated,0.148704,0.02528,1.5788,7.2853,0.0,5.7064
7920,11,26,24,weather_driven,historically_calibrated,0.124016,0.021083,1.3201,5.8365,0.0,4.5164
7921,11,27,1,weather_driven,historically_calibrated,0.016099,0.002737,0.0816,5.5767,0.0,5.4951
7922,11,27,2,weather_driven,historically_calibrated,-0.155387,-0.026416,-2.3817,5.7433,0.0,8.125
7923,11,27,3,weather_driven,historically_calibrated,-0.154489,-0.026263,-2.3667,5.7583,0.0,8.125
7924,11,27,4,weather_driven,historically_calibrated,-0.154366,-0.026242,-2.3646,5.7604,0.0,8.125
7925,11,27,5,weather_driven,historically_calibrated,-0.146028,-0.024825,-2.2262,5.8988,0.0,8.125
7926,11,27,6,weather_driven,historically_calibrated,-0.138208,-0.023495,-2.0986,6.0264,0.0,8.125
7927,11,27,7,weather_driven,historically_calibrated,0.005308,0.000902,-0.0533,7.286,0.0,7.3393
7928,11,27,8,weather_driven,historically_calibrated,-0.039892,-0.006782,-0.6438,7.4812,0.0,8.125
7929,11,27,9,weather_driven,historically_calibrated,0.50855,0.086453,4.6369,7.5625,0.0039,2.9217
7930,11,27,10,weather_driven,historically_calibrated,0.041943,0.00713,0.3958,8.5324,0.0117,8.125
7931,11,27,11,weather_driven,historically_calibrated,0.088412,0.01503,0.9319,8.3295,0.0583,7.3393
7932,11,27,12,weather_driven,historically_calibrated,0.712799,0.121176,5.969,8.3383,0.0804,2.289
7933,11,27,13,weather_driven,historically_calibrated,0.627733,0.106715,5.4404,8.3997,0.0376,2.9217
7934,11,27,14,weather_driven,historically_calibrated,1.048617,0.178265,7.7737,8.6254,0.0259,0.8257
7935,11,27,15,weather_driven,historically_calibrated,1.280773,0.217731,8.8223,8.8584,0.0117,0.0245
7936,11,27,16,weather_driven,historically_calibrated,1.380598,0.234702,9.2347,9.2618,0.0078,0.0193
7937,11,27,17,weather_driven,historically_calibrated,1.492865,0.253787,9.6749,9.698,0.0039,0.0193
7938,11,27,18,weather_driven,historically_calibrated,1.594573,0.271077,10.0541,10.0544,0.0,0.0003
7939,11,27,19,weather_driven,historically_calibrated,1.711535,0.290961,10.4695,10.4695,0.0,0.0
7940,11,27,20,weather_driven,historically_calibrated,1.800209,0.306035,10.7708,10.7708,0.0,0.0
7941,11,27,21,weather_driven,historically_calibrated,1.704791,0.289814,10.4461,10.4499,0.0,0.0038
7942,11,27,22,weather_driven,historically_calibrated,1.573319,0.267464,9.9763,9.9787,0.0,0.0024
7943,11,27,23,weather_driven,historically_calibrated,1.536056,0.261129,9.8381,9.9031,0.0,0.065
7944,11,27,24,weather_driven,historically_calibrated,1.179726,0.200553,8.3824,8.4474,0.0,0.065
7945,11,28,1,weather_driven,historically_calibrated,1.125796,0.191385,8.1375,8.2562,0.0,0.1187
7946,11,28,2,weather_driven,historically_calibrated,1.180105,0.200618,8.3841,8.3841,0.0,0.0
7947,11,28,3,weather_driven,historically_calibrated,1.166851,0.198365,8.3246,8.3246,0.0,0.0
7948,11,28,4,weather_driven,historically_calibrated,1.208479,0.205441,8.51,8.51,0.0,0.0
7949,11,28,5,weather_driven,historically_calibrated,1.299945,0.220991,8.9031,8.9031,0.0,0.0
7950,11,28,6,weather_driven,historically_calibrated,1.426597,0.242521,9.418,9.4183,0.0,0.0003
7951,11,28,7,weather_driven,historically_calibrated,2.155411,0.36642,11.8772,11.881,0.0,0.0038
7952,11,28,8,weather_driven,historically_calibrated,2.245807,0.381787,12.1363,12.1444,0.0,0.0081
7953,11,28,9,weather_driven,historically_calibrated,2.155116,0.36637,11.8763,11.8883,0.0117,0.0003
7954,11,28,10,weather_driven,historically_calibrated,1.992206,0.338675,11.3874,11.4432,0.0557,0.0
7955,11,28,11,weather_driven,historically_calibrated,1.814227,0.308419,10.8174,10.903,0.0855,0.0
7956,11,28,12,weather_driven,historically_calibrated,1.639758,0.278759,10.2171,10.4312,0.2138,0.0003
7957,11,28,13,weather_driven,historically_calibrated,1.534438,0.260854,9.832,10.1069,0.2735,0.0014
7958,11,28,14,weather_driven,historically_calibrated,1.570305,0.266952,9.9652,10.1902,0.2242,0.0007
7959,11,28,15,weather_driven,historically_calibrated,1.711887,0.291021,10.4707,10.6262,0.1555,0.0
7960,11,28,16,weather_driven,historically_calibrated,1.877053,0.319099,11.0232,11.0989,0.07,0.0057
7961,11,28,17,weather_driven,historically_calibrated,2.038615,0.346564,11.5297,11.5523,0.0078,0.0148
7962,11,28,18,weather_driven,historically_calibrated,2.11439,0.359446,11.7568,11.846,0.0,0.0892
7963,11,28,19,weather_driven,historically_calibrated,2.138526,0.363549,11.8279,11.8584,0.0,0.0306
7964,11,28,20,weather_driven,historically_calibrated,1.984061,0.33729,11.3622,11.6069,0.0,0.2447
7965,11,28,21,weather_driven,historically_calibrated,1.791301,0.304521,10.741,11.261,0.0,0.52
7966,11,28,22,weather_driven,historically_calibrated,1.576361,0.267981,9.9875,10.8132,0.0,0.8257
7967,11,28,23,weather_driven,historically_calibrated,1.308114,0.222379,8.9373,10.3305,0.0,1.3932
7968,11,28,24,weather_driven,historically_calibrated,0.809569,0.137627,6.5313,8.1906,0.0,1.6593
7969,11,29,1,weather_driven,historically_calibrated,0.670703,0.114019,5.7117,7.566,0.0,1.8543
7970,11,29,2,weather_driven,historically_calibrated,0.537365,0.091352,4.8386,7.3684,0.0,2.5298
7971,11,29,3,weather_driven,historically_calibrated,0.486419,0.082691,4.4786,7.2655,0.0,2.7869
7972,11,29,4,weather_driven,historically_calibrated,0.542124,0.092161,4.8714,7.2788,0.0,2.4074
7973,11,29,5,weather_driven,historically_calibrated,0.553862,0.094157,4.9518,7.3592,0.0,2.4074
7974,11,29,6,weather_driven,historically_calibrated,0.590406,0.100369,5.1972,7.4862,0.0,2.289
7975,11,29,7,weather_driven,historically_calibrated,0.816989,0.138888,6.5728,9.1026,0.0,2.5298
7976,11,29,8,weather_driven,historically_calibrated,0.738322,0.125515,6.1211,9.1819,0.0,3.0608
7977,11,29,9,weather_driven,historically_calibrated,0.644961,0.109643,5.5502,9.0599,0.0052,3.5045
7978,11,29,10,weather_driven,historically_calibrated,0.520764,0.08853,4.723,8.5874,0.0415,3.8229
7979,11,29,11,weather_driven,historically_calibrated,0.524318,0.089134,4.7479,8.1687,0.0687,3.3521
7980,11,29,12,weather_driven,historically_calibrated,0.451521,0.076759,4.2225,7.8151,0.0881,3.5045
7981,11,29,13,weather_driven,historically_calibrated,0.325496,0.055334,3.2242,7.4685,0.0842,4.16
7982,11,29,14,weather_driven,historically_calibrated,0.391468,0.06655,3.762,7.4778,0.0544,3.6614
7983,11,29,15,weather_driven,historically_calibrated,0.517346,0.087949,4.699,7.787,0.0272,3.0608
7984,11,29,16,weather_driven,historically_calibrated,0.6354,0.108018,5.4895,8.1483,0.0026,2.6563
7985,11,29,17,weather_driven,historically_calibrated,0.7403,0.125851,6.1327,8.3073,0.0,2.1746
7986,11,29,18,weather_driven,historically_calibrated,0.824892,0.140232,6.6169,8.6809,0.0,2.0641
7987,11,29,19,weather_driven,historically_calibrated,0.887231,0.150829,6.956,9.0201,0.0,2.0641
7988,11,29,20,weather_driven,historically_calibrated,0.888398,0.151028,6.9623,8.9196,0.0,1.9573
7989,11,29,21,weather_driven,historically_calibrated,0.749785,0.127464,6.1885,8.5959,0.0,2.4074
7990,11,29,22,weather_driven,historically_calibrated,0.652494,0.110924,5.5978,8.2541,0.0,2.6563
7991,11,29,23,weather_driven,historically_calibrated,0.597862,0.101637,5.2463,8.0332,0.0,2.7869
7992,11,29,24,weather_driven,historically_calibrated,0.377218,0.064127,3.6488,6.4357,0.0,2.7869
7993,11,30,1,weather_driven,historically_calibrated,0.372447,0.063316,3.6106,6.2669,0.0,2.6563
7994,11,30,2,weather_driven,historically_calibrated,0.361875,0.061519,3.5252,6.3121,0.0,2.7869
7995,11,30,3,weather_driven,historically_calibrated,0.357352,0.06075,3.4884,6.4101,0.0,2.9217
7996,11,30,4,weather_driven,historically_calibrated,0.368322,0.062615,3.5774,6.4991,0.0,2.9217
7997,11,30,5,weather_driven,historically_calibrated,0.339265,0.057675,3.3395,6.6916,0.0,3.3521
7998,11,30,6,weather_driven,historically_calibrated,0.330548,0.056193,3.2667,6.9281,0.0,3.6614
7999,11,30,7,weather_driven,historically_calibrated,0.508782,0.086493,4.6386,8.4615,0.0,3.8229
8000,11,30,8,weather_driven,historically_calibrated,0.564907,0.096034,5.0268,8.6881,0.0,3.6614
8001,11,30,9,weather_driven,historically_calibrated,0.506625,0.086126,4.6233,8.6162,0.0039,3.9891
8002,11,30,10,weather_driven,historically_calibrated,0.454644,0.077289,4.2458,8.4226,0.0168,4.16
8003,11,30,11,weather_driven,historically_calibrated,0.273174,0.04644,2.7709,8.3295,0.0635,5.4951
8004,11,30,12,weather_driven,historically_calibrated,0.205149,0.034875,2.1411,8.129,0.0648,5.9231
8005,11,30,13,weather_driven,historically_calibrated,0.423671,0.072024,4.0122,8.0375,0.0363,3.9891
8006,11,30,14,weather_driven,historically_calibrated,0.285362,0.048511,2.8788,7.9994,0.0324,5.0882
8007,11,30,15,weather_driven,historically_calibrated,0.418289,0.071109,3.9709,8.162,0.0311,4.16
8008,11,30,16,weather_driven,historically_calibrated,0.932656,0.158552,7.1946,8.872,0.0181,1.6593
8009,11,30,17,weather_driven,historically_calibrated,1.351902,0.229823,9.1183,9.2924,0.0,0.1741
8010,11,30,18,weather_driven,historically_calibrated,1.404616,0.238785,9.3309,9.6961,0.0,0.3652
8011,11,30,19,weather_driven,historically_calibrated,1.685494,0.286534,10.3788,10.6506,0.0,0.2718
8012,11,30,20,weather_driven,historically_calibrated,1.824067,0.310091,10.85,11.0694,0.0,0.2194
8013,11,30,21,weather_driven,historically_calibrated,1.730043,0.294107,10.5333,10.9713,0.0,0.4381
8014,11,30,22,weather_driven,historically_calibrated,1.705353,0.28991,10.448,10.8132,0.0,0.3652
8015,11,30,23,weather_driven,historically_calibrated,1.672769,0.284371,10.3341,10.4374,0.0,0.1032
8016,11,30,24,weather_driven,historically_calibrated,1.162957,0.197703,8.307,8.3618,0.0,0.0548
8017,12,1,1,weather_driven,historically_calibrated,-0.119388,-0.020296,-1.7992,6.3258,0.0,8.125
8018,12,1,2,weather_driven,historically_calibrated,-0.126228,-0.021459,-1.9068,6.2182,0.0,8.125
8019,12,1,3,weather_driven,historically_calibrated,-0.120429,-0.020473,-1.8155,6.3095,0.0,8.125
8020,12,1,4,weather_driven,historically_calibrated,0.116448,0.019796,1.2391,6.7343,0.0,5.4951
8021,12,1,5,weather_driven,historically_calibrated,0.30207,0.051352,3.0244,6.8473,0.0,3.8229
8022,12,1,6,weather_driven,historically_calibrated,0.680708,0.11572,5.7736,7.0848,0.0,1.3112
8023,12,1,7,weather_driven,historically_calibrated,1.204726,0.204803,8.4934,9.0134,0.0,0.52
8024,12,1,8,weather_driven,historically_calibrated,1.373565,0.233506,9.2063,9.5073,0.0,0.3009
8025,12,1,9,weather_driven,historically_calibrated,1.400292,0.23805,9.3137,9.5596,0.0013,0.2447
8026,12,1,10,weather_driven,historically_calibrated,1.237352,0.21035,8.6361,9.2646,0.0168,0.6116
8027,12,1,11,weather_driven,historically_calibrated,0.816297,0.13877,6.569,9.3895,0.0337,2.7869
8028,12,1,12,weather_driven,historically_calibrated,1.414395,0.240447,9.3697,9.5967,0.0311,0.1959
8029,12,1,13,weather_driven,historically_calibrated,1.468551,0.249654,9.5816,9.7267,0.0687,0.0764
8030,12,1,14,weather_driven,historically_calibrated,1.345767,0.22878,9.0932,9.7109,0.0531,0.5645
8031,12,1,15,weather_driven,historically_calibrated,1.359525,0.231119,9.1494,9.9733,0.0557,0.7682
8032,12,1,16,weather_driven,historically_calibrated,1.491016,0.253473,9.6678,10.4671,0.0311,0.7682
8033,12,1,17,weather_driven,historically_calibrated,1.507971,0.256355,9.7324,10.8947,0.0052,1.1571
8034,12,1,18,weather_driven,historically_calibrated,1.707982,0.290357,10.4572,11.2829,0.0,0.8257
8035,12,1,19,weather_driven,historically_calibrated,1.802568,0.306437,10.7787,11.2987,0.0,0.52
8036,12,1,20,weather_driven,historically_calibrated,1.74056,0.295895,10.5693,11.2826,0.0,0.7133
8037,12,1,21,weather_driven,historically_calibrated,1.48594,0.25261,9.6484,10.7333,0.0,1.0848
8038,12,1,22,weather_driven,historically_calibrated,1.37879,0.234394,9.2274,10.46,0.0,1.2326
8039,12,1,23,weather_driven,historically_calibrated,1.223509,0.207996,8.5759,10.143,0.0,1.5671
8040,12,1,24,weather_driven,historically_calibrated,0.939213,0.159666,7.2285,8.2441,0.0,1.0156
8041,12,2,1,weather_driven,historically_calibrated,0.754369,0.128243,6.2153,7.7824,0.0,1.5671
8042,12,2,2,weather_driven,historically_calibrated,0.813891,0.138362,6.5555,7.7881,0.0,1.2326
8043,12,2,3,weather_driven,historically_calibrated,0.755891,0.128501,6.2242,7.8835,0.0,1.6593
8044,12,2,4,weather_driven,historically_calibrated,0.75607,0.128532,6.2252,7.9802,0.0,1.755
8045,12,2,5,weather_driven,historically_calibrated,0.548553,0.093254,4.9155,8.2677,0.0,3.3521
8046,12,2,6,weather_driven,historically_calibrated,0.582474,0.099021,5.1445,8.3488,0.0,3.2043
8047,12,2,7,weather_driven,historically_calibrated,0.99793,0.169648,7.5256,10.5864,0.0,3.0608
8048,12,2,8,weather_driven,historically_calibrated,1.326467,0.225499,9.0137,10.971,0.0,1.9573
8049,12,2,9,weather_driven,historically_calibrated,1.878307,0.319312,11.0273,11.8556,0.0026,0.8257
8050,12,2,10,weather_driven,historically_calibrated,1.777566,0.302186,10.6949,11.4877,0.0246,0.7682
8051,12,2,11,weather_driven,historically_calibrated,1.569683,0.266846,9.9629,10.7213,0.0972,0.6611
8052,12,2,12,weather_driven,historically_calibrated,1.414596,0.240481,9.3705,10.2225,0.1387,0.7133
8053,12,2,13,weather_driven,historically_calibrated,1.40786,0.239336,9.3438,10.1075,0.2436,0.52
8054,12,2,14,weather_driven,historically_calibrated,1.298605,0.220763,8.8975,9.9988,0.2151,0.8861
8055,12,2,15,weather_driven,historically_calibrated,1.2403,0.210851,8.6489,10.5154,0.1115,1.755
8056,12,2,16,weather_driven,historically_calibrated,1.447914,0.246145,9.5015,11.0305,0.0505,1.4784
8057,12,2,17,weather_driven,historically_calibrated,1.702711,0.289461,10.4389,11.1612,0.0091,0.7133
8058,12,2,18,weather_driven,historically_calibrated,1.754399,0.298248,10.6165,11.5027,0.0,0.8861
8059,12,2,19,weather_driven,historically_calibrated,1.810866,0.307847,10.8063,11.632,0.0,0.8257
8060,12,2,20,weather_driven,historically_calibrated,1.707398,0.290258,10.4551,11.6123,0.0,1.1571
8061,12,2,21,weather_driven,historically_calibrated,1.559795,0.265165,9.9264,11.3196,0.0,1.3932
8062,12,2,22,weather_driven,historically_calibrated,1.425828,0.242391,9.4149,11.0742,0.0,1.6593
8063,12,2,23,weather_driven,historically_calibrated,1.357977,0.230856,9.1431,10.5362,0.0,1.3932
8064,12,2,24,weather_driven,historically_calibrated,0.866425,0.147292,6.8444,8.3229,0.0,1.4784
8065,12,3,1,weather_driven,historically_calibrated,0.704002,0.11968,5.9159,8.7027,0.0,2.7869
8066,12,3,2,weather_driven,historically_calibrated,0.783301,0.133161,6.3824,8.9122,0.0,2.5298
8067,12,3,3,weather_driven,historically_calibrated,1.001403,0.170239,7.5429,8.8541,0.0,1.3112
8068,12,3,4,weather_driven,historically_calibrated,0.82012,0.13942,6.5903,8.8793,0.0,2.289
8069,12,3,5,weather_driven,historically_calibrated,1.357802,0.230826,9.1424,9.1535,0.0,0.0111
8070,12,3,6,weather_driven,historically_calibrated,1.245467,0.211729,8.6713,9.3324,0.0,0.6611
8071,12,3,7,weather_driven,historically_calibrated,1.822807,0.309877,10.8459,11.507,0.0,0.6611
8072,12,3,8,weather_driven,historically_calibrated,1.883597,0.320212,11.0444,11.8701,0.0,0.8257
8073,12,3,9,weather_driven,historically_calibrated,1.944613,0.330584,11.2389,11.7219,0.0052,0.4779
8074,12,3,10,weather_driven,historically_calibrated,1.951849,0.331814,11.2616,11.6079,0.0454,0.3009
8075,12,3,11,weather_driven,historically_calibrated,1.816577,0.308818,10.8252,11.2247,0.0985,0.3009
8076,12,3,12,weather_driven,historically_calibrated,1.592302,0.270691,10.0458,10.6929,0.127,0.52
8077,12,3,13,weather_driven,historically_calibrated,1.490953,0.253462,9.6676,10.2621,0.1166,0.4779
8078,12,3,14,weather_driven,historically_calibrated,1.541027,0.261975,9.8567,10.3466,0.0894,0.4005
8079,12,3,15,weather_driven,historically_calibrated,1.691332,0.287526,10.3992,10.6262,0.0311,0.1959
8080,12,3,16,weather_driven,historically_calibrated,1.907164,0.324218,11.12,11.2659,0.0272,0.1187
8081,12,3,17,weather_driven,historically_calibrated,2.109581,0.358629,11.7426,11.7841,0.0039,0.0376
8082,12,3,18,weather_driven,historically_calibrated,2.193556,0.372905,11.9875,12.0251,0.0,0.0376
8083,12,3,19,weather_driven,historically_calibrated,2.3547,0.400299,12.4379,12.4623,0.0,0.0245
8084,12,3,20,weather_driven,historically_calibrated,2.333258,0.396654,12.3794,12.3832,0.0,0.0038
8085,12,3,21,weather_driven,historically_calibrated,2.202616,0.374445,12.0135,12.0142,0.0,0.0007
8086,12,3,22,weather_driven,historically_calibrated,2.077637,0.353198,11.6475,11.6478,0.0,0.0003
8087,12,3,23,weather_driven,historically_calibrated,1.956852,0.332665,11.2773,11.2922,0.0,0.0148
8088,12,3,24,weather_driven,historically_calibrated,1.331537,0.226361,9.0346,9.0894,0.0,0.0548
8089,12,4,1,weather_driven,historically_calibrated,1.219062,0.207241,8.5565,8.5809,0.0,0.0245
8090,12,4,2,weather_driven,historically_calibrated,1.236174,0.21015,8.631,8.7497,0.0,0.1187
8091,12,4,3,weather_driven,historically_calibrated,1.223952,0.208072,8.5778,8.7319,0.0,0.1541
8092,12,4,4,weather_driven,historically_calibrated,1.18419,0.201312,8.4023,8.6741,0.0,0.2718
8093,12,4,5,weather_driven,historically_calibrated,1.12132,0.190624,8.1168,8.778,0.0,0.6611
8094,12,4,6,weather_driven,historically_calibrated,0.824381,0.140145,6.614,8.903,0.0,2.289
8095,12,4,7,weather_driven,historically_calibrated,0.72243,0.122813,6.0267,10.9193,0.0,4.8926
8096,12,4,8,weather_driven,historically_calibrated,1.140601,0.193902,8.2054,10.9923,0.0,2.7869
8097,12,4,9,weather_driven,historically_calibrated,1.177345,0.200149,8.3717,10.7791,0.0,2.4074
8098,12,4,10,weather_driven,historically_calibrated,0.748931,0.127318,6.1835,10.3448,0.0013,4.16
8099,12,4,11,weather_driven,historically_calibrated,0.550282,0.093548,4.9274,9.4554,0.0117,4.5164
8100,12,4,12,weather_driven,historically_calibrated,0.433428,0.073683,4.0865,8.443,0.0207,4.3358
8101,12,4,13,weather_driven,historically_calibrated,0.51942,0.088301,4.7136,8.4514,0.0765,3.6614
8102,12,4,14,weather_driven,historically_calibrated,0.469406,0.079799,4.3548,8.3646,0.0207,3.9891
8103,12,4,15,weather_driven,historically_calibrated,0.068586,0.01166,0.7075,8.5906,0.0259,7.8572
8104,12,4,16,weather_driven,historically_calibrated,0.084269,0.014326,0.8856,9.0391,0.0285,8.125
8105,12,4,17,weather_driven,historically_calibrated,0.120325,0.020455,1.2807,9.4083,0.0026,8.125
8106,12,4,18,weather_driven,historically_calibrated,0.321785,0.054703,3.1929,10.5322,0.0,7.3393
8107,12,4,19,weather_driven,historically_calibrated,1.237038,0.210297,8.6348,11.5565,0.0,2.9217
8108,12,4,20,weather_driven,historically_calibrated,1.56551,0.266137,9.9476,11.6069,0.0,1.6593
8109,12,4,21,weather_driven,historically_calibrated,1.744194,0.296513,10.5818,11.6666,0.0,1.0848
8110,12,4,22,weather_driven,historically_calibrated,1.766354,0.30028,10.6571,11.4252,0.0,0.7682
8111,12,4,23,weather_driven,historically_calibrated,1.592627,0.270747,10.047,11.1319,0.0,1.0848
8112,12,4,24,weather_driven,historically_calibrated,1.063816,0.180849,7.8466,9.0038,0.0,1.1571
8113,12,5,1,weather_driven,historically_calibrated,1.044396,0.177547,7.7533,8.7027,0.0,0.9494
8114,12,5,2,weather_driven,historically_calibrated,1.097338,0.186547,8.0052,8.831,0.0,0.8257
8115,12,5,3,weather_driven,historically_calibrated,1.18631,0.201673,8.4118,8.9763,0.0,0.5645
8116,12,5,4,weather_driven,historically_calibrated,1.294655,0.220091,8.8809,9.1256,0.0,0.2447
8117,12,5,5,weather_driven,historically_calibrated,1.412926,0.240197,9.3639,9.696,0.0,0.332
8118,12,5,6,weather_driven,historically_calibrated,1.520717,0.258522,9.7805,9.9764,0.0,0.1959
8119,12,5,7,weather_driven,historically_calibrated,2.013533,0.342301,11.4531,12.4687,0.0,1.0156
8120,12,5,8,weather_driven,historically_calibrated,2.185058,0.37146,11.9631,12.9125,0.0,0.9494
8121,12,5,9,weather_driven,historically_calibrated,2.342089,0.398155,12.4035,12.8865,0.0052,0.4779
8122,12,5,10,weather_driven,historically_calibrated,2.238931,0.380618,12.1169,12.2669,0.0609,0.0892
8123,12,5,11,weather_driven,historically_calibrated,1.949395,0.331397,11.2539,11.5463,0.1568,0.1356
8124,12,5,12,weather_driven,historically_calibrated,1.66784,0.283533,10.3168,10.9545,0.2372,0.4005
8125,12,5,13,weather_driven,historically_calibrated,1.30804,0.222367,8.937,10.676,0.2605,1.4784
8126,12,5,14,weather_driven,historically_calibrated,0.993968,0.168974,7.5059,10.6596,0.232,2.9217
8127,12,5,15,weather_driven,historically_calibrated,1.198307,0.203712,8.4651,10.8941,0.14,2.289
8128,12,5,16,weather_driven,historically_calibrated,1.475714,0.250871,9.6092,11.3216,0.0531,1.6593
8129,12,5,17,weather_driven,historically_calibrated,2.07698,0.353087,11.6455,12.0159,0.0052,0.3652
8130,12,5,18,weather_driven,historically_calibrated,1.848541,0.314252,10.9305,13.2195,0.0,2.289
8131,12,5,19,weather_driven,historically_calibrated,2.46061,0.418304,12.7208,13.489,0.0,0.7682
8132,12,5,20,weather_driven,historically_calibrated,2.045189,0.347682,11.5497,12.8609,0.0,1.3112
8133,12,5,21,weather_driven,historically_calibrated,2.059754,0.350158,11.5937,12.3619,0.0,0.7682
8134,12,5,22,weather_driven,historically_calibrated,2.24206,0.38115,12.1257,12.4266,0.0,0.3009
8135,12,5,23,weather_driven,historically_calibrated,2.232881,0.37959,12.0997,12.2538,0.0,0.1541
8136,12,5,24,weather_driven,historically_calibrated,1.52147,0.25865,9.7834,9.8598,0.0,0.0764
8137,12,6,1,weather_driven,historically_calibrated,1.336309,0.227172,9.0543,9.1899,0.0,0.1356
8138,12,6,2,weather_driven,historically_calibrated,1.247731,0.212114,8.681,8.9528,0.0,0.2718
8139,12,6,3,weather_driven,historically_calibrated,1.151265,0.195715,8.254,8.7319,0.0,0.4779
8140,12,6,4,weather_driven,historically_calibrated,0.90146,0.153248,7.0315,8.51,0.0,1.4784
8141,12,6,5,weather_driven,historically_calibrated,0.93686,0.159266,7.2163,8.5276,0.0,1.3112
8142,12,6,6,weather_driven,historically_calibrated,0.894604,0.152083,6.9953,8.4737,0.0,1.4784
8143,12,6,7,weather_driven,historically_calibrated,1.09389,0.185961,7.9891,10.2781,0.0,2.289
8144,12,6,8,weather_driven,historically_calibrated,1.092267,0.185685,7.9814,10.3888,0.0,2.4074
8145,12,6,9,weather_driven,historically_calibrated,1.05499,0.179348,7.8044,10.3354,0.0013,2.5298
8146,12,6,10,weather_driven,historically_calibrated,0.976847,0.166064,7.4202,9.9603,0.0104,2.5298
8147,12,6,11,weather_driven,historically_calibrated,0.857322,0.145745,6.7951,9.3482,0.0233,2.5298
8148,12,6,12,weather_driven,historically_calibrated,0.742717,0.126262,6.147,8.8616,0.0583,2.6563
8149,12,6,13,weather_driven,historically_calibrated,0.72508,0.123264,6.0425,8.5549,0.105,2.4074
8150,12,6,14,weather_driven,historically_calibrated,0.82722,0.140627,6.6298,8.6254,0.1413,1.8543
8151,12,6,15,weather_driven,historically_calibrated,0.983871,0.167258,7.4555,9.1263,0.1037,1.5671
8152,12,6,16,weather_driven,historically_calibrated,1.099744,0.186956,8.0165,9.3731,0.0454,1.3112
8153,12,6,17,weather_driven,historically_calibrated,1.16131,0.197423,8.2996,9.8719,0.0052,1.5671
8154,12,6,18,weather_driven,historically_calibrated,1.309058,0.22254,8.9413,10.1739,0.0,1.2326
8155,12,6,19,weather_driven,historically_calibrated,1.335606,0.227053,9.0514,10.5299,0.0,1.4784
8156,12,6,20,weather_driven,historically_calibrated,1.300413,0.22107,8.9051,10.4722,0.0,1.5671
8157,12,6,21,weather_driven,historically_calibrated,0.959061,0.16304,7.3301,9.9864,0.0,2.6563
8158,12,6,22,weather_driven,historically_calibrated,0.814039,0.138387,6.5563,9.478,0.0,2.9217
8159,12,6,23,weather_driven,historically_calibrated,0.683478,0.116191,5.7906,8.9949,0.0,3.2043
8160,12,6,24,weather_driven,historically_calibrated,0.400128,0.068022,3.8301,7.3345,0.0,3.5045
8161,12,7,1,weather_driven,historically_calibrated,0.32916,0.055957,3.2551,6.9164,0.0,3.6614
8162,12,7,2,weather_driven,historically_calibrated,0.116724,0.019843,1.2421,7.1652,0.0,5.9231
8163,12,7,3,weather_driven,historically_calibrated,-0.0556,-0.009452,-0.8595,7.2655,0.0,8.125
8164,12,7,4,weather_driven,historically_calibrated,-0.05168,-0.008786,-0.8051,7.3199,0.0,8.125
8165,12,7,5,weather_driven,historically_calibrated,-0.048824,-0.0083,-0.7658,7.3592,0.0,8.125
8166,12,7,6,weather_driven,historically_calibrated,-0.055165,-0.009378,-0.8535,7.2715,0.0,8.125
8167,12,7,7,weather_driven,historically_calibrated,0.073517,0.012498,0.7639,8.8889,0.0,8.125
8168,12,7,8,weather_driven,historically_calibrated,0.05612,0.00954,0.5631,8.6881,0.0,8.125
8169,12,7,9,weather_driven,historically_calibrated,0.008818,0.001499,-0.0092,8.1171,0.0013,8.125
8170,12,7,10,weather_driven,historically_calibrated,-0.015272,-0.002596,-0.3169,7.8185,0.0104,8.125
8171,12,7,11,weather_driven,historically_calibrated,-0.054011,-0.009182,-0.8374,7.3109,0.0233,8.125
8172,12,7,12,weather_driven,historically_calibrated,-0.067379,-0.011454,-1.0251,7.1349,0.035,8.125
8173,12,7,13,weather_driven,historically_calibrated,-0.073458,-0.012488,-1.1119,7.0546,0.0415,8.125
8174,12,7,14,weather_driven,historically_calibrated,-0.069668,-0.011843,-1.0576,7.1127,0.0454,8.125
8175,12,7,15,weather_driven,historically_calibrated,-0.055374,-0.009414,-0.8564,7.3049,0.0363,8.125
8176,12,7,16,weather_driven,historically_calibrated,-0.032945,-0.005601,-0.5502,7.5916,0.0168,8.125
8177,12,7,17,weather_driven,historically_calibrated,-0.008241,-0.001401,-0.2259,7.9017,0.0026,8.125
8178,12,7,18,weather_driven,historically_calibrated,0.011026,0.001874,0.0184,8.1434,0.0,8.125
8179,12,7,19,weather_driven,historically_calibrated,0.018399,0.003128,0.11,8.235,0.0,8.125
8180,12,7,20,weather_driven,historically_calibrated,0.011011,0.001872,0.0183,8.1433,0.0,8.125
8181,12,7,21,weather_driven,historically_calibrated,-0.008124,-0.001381,-0.2244,7.9006,0.0,8.125
8182,12,7,22,weather_driven,historically_calibrated,-0.03207,-0.005452,-0.5385,7.5865,0.0,8.125
8183,12,7,23,weather_driven,historically_calibrated,-0.050315,-0.008554,-0.7863,7.3387,0.0,8.125
8184,12,7,24,weather_driven,historically_calibrated,-0.130702,-0.022219,-1.9779,5.8793,0.0,7.8572
8185,12,8,1,weather_driven,historically_calibrated,0.093419,0.015881,0.9877,5.5041,0.0,4.5164
8186,12,8,2,weather_driven,historically_calibrated,0.328579,0.055858,3.2502,5.6576,0.0,2.4074
8187,12,8,3,weather_driven,historically_calibrated,0.37217,0.063269,3.6084,5.6724,0.0,2.0641
8188,12,8,4,weather_driven,historically_calibrated,0.418665,0.071173,3.9738,5.8281,0.0,1.8543
8189,12,8,5,weather_driven,historically_calibrated,0.436532,0.07421,4.11,5.9643,0.0,1.8543
8190,12,8,6,weather_driven,historically_calibrated,0.580646,0.09871,5.1324,6.6108,0.0,1.4784
8191,12,8,7,weather_driven,historically_calibrated,0.846394,0.143887,6.7355,8.1286,0.0,1.3932
8192,12,8,8,weather_driven,historically_calibrated,0.959182,0.163061,7.3308,8.3464,0.0,1.0156
8193,12,8,9,weather_driven,historically_calibrated,1.048592,0.178261,7.7736,8.4882,0.0013,0.7133
8194,12,8,10,weather_driven,historically_calibrated,1.05891,0.180015,7.8232,8.5572,0.0207,0.7133
8195,12,8,11,weather_driven,historically_calibrated,1.01028,0.171748,7.5868,8.2057,0.0544,0.5645
8196,12,8,12,weather_driven,historically_calibrated,0.967993,0.164559,7.3755,8.0082,0.1128,0.52
8197,12,8,13,weather_driven,historically_calibrated,0.954073,0.162192,7.3047,7.9657,0.2229,0.4381
8198,12,8,14,weather_driven,historically_calibrated,0.983701,0.167229,7.4546,8.0793,0.1866,0.4381
8199,12,8,15,weather_driven,historically_calibrated,1.07006,0.18191,7.8764,8.3962,0.1192,0.4005
8200,12,8,16,weather_driven,historically_calibrated,1.260032,0.214205,8.7339,9.033,0.0544,0.2447
8201,12,8,17,weather_driven,historically_calibrated,1.405913,0.239005,9.3361,9.5619,0.0065,0.2194
8202,12,8,18,weather_driven,historically_calibrated,1.435741,0.244076,9.4539,9.8544,0.0,0.4005
8203,12,8,19,weather_driven,historically_calibrated,1.368792,0.232695,9.187,9.7986,0.0,0.6116
8204,12,8,20,weather_driven,historically_calibrated,1.166547,0.198313,8.3232,9.6344,0.0,1.3112
8205,12,8,21,weather_driven,historically_calibrated,1.12568,0.191366,8.1369,9.2941,0.0,1.1571
8206,12,8,22,weather_driven,historically_calibrated,0.898516,0.152748,7.016,8.771,0.0,1.755
8207,12,8,23,weather_driven,historically_calibrated,0.627556,0.106684,5.4393,8.2261,0.0,2.7869
8208,12,8,24,weather_driven,historically_calibrated,0.352747,0.059967,3.4507,6.5115,0.0,3.0608
8209,12,9,1,weather_driven,historically_calibrated,0.331829,0.056411,3.2774,6.0643,0.0,2.7869
8210,12,9,2,weather_driven,historically_calibrated,0.318512,0.054147,3.1652,5.695,0.0,2.5298
8211,12,9,3,weather_driven,historically_calibrated,0.247254,0.042033,2.5367,5.5975,0.0,3.0608
8212,12,9,4,weather_driven,historically_calibrated,0.21648,0.036802,2.2495,5.6016,0.0,3.3521
8213,12,9,5,weather_driven,historically_calibrated,0.157411,0.02676,1.6681,5.6572,0.0,3.9891
8214,12,9,6,weather_driven,historically_calibrated,0.231371,0.039333,2.3897,5.7418,0.0,3.3521
8215,12,9,7,weather_driven,historically_calibrated,0.253339,0.043068,2.5923,6.7523,0.0,4.16
8216,12,9,8,weather_driven,historically_calibrated,0.130376,0.022164,1.3875,6.8827,0.0,5.4951
8217,12,9,9,weather_driven,historically_calibrated,0.097527,0.01658,1.0331,6.9575,0.0013,5.9231
8218,12,9,10,weather_driven,historically_calibrated,0.226593,0.038521,2.345,6.8899,0.0285,4.5164
8219,12,9,11,weather_driven,historically_calibrated,0.053202,0.009044,0.529,6.726,0.0518,6.1452
8220,12,9,12,weather_driven,historically_calibrated,-0.106455,-0.018097,-1.5998,6.5641,0.0389,8.125
8221,12,9,13,weather_driven,historically_calibrated,-0.042402,-0.007208,-0.6779,6.4902,0.0791,7.0891
8222,12,9,14,weather_driven,historically_calibrated,-0.055476,-0.009431,-0.8578,6.5437,0.0622,7.3393
8223,12,9,15,weather_driven,historically_calibrated,0.097125,0.016511,1.0287,7.4598,0.0583,6.3728
8224,12,9,16,weather_driven,historically_calibrated,0.241218,0.041007,2.4811,8.0086,0.0324,5.4951
8225,12,9,17,weather_driven,historically_calibrated,0.482392,0.082007,4.4495,8.4424,0.0039,3.9891
8226,12,9,18,weather_driven,historically_calibrated,0.076289,0.012969,0.7954,8.9204,0.0,8.125
8227,12,9,19,weather_driven,historically_calibrated,0.095153,0.016176,1.0069,9.1319,0.0,8.125
8228,12,9,20,weather_driven,historically_calibrated,0.081125,0.013791,0.8502,8.9752,0.0,8.125
8229,12,9,21,weather_driven,historically_calibrated,0.095362,0.016212,1.0092,9.1342,0.0,8.125
8230,12,9,22,weather_driven,historically_calibrated,0.081173,0.013799,0.8507,8.9757,0.0,8.125
8231,12,9,23,weather_driven,historically_calibrated,0.075745,0.012877,0.7893,8.9143,0.0,8.125
8232,12,9,24,weather_driven,historically_calibrated,-0.067221,-0.011427,-1.0228,7.1022,0.0,8.125
8233,12,10,1,weather_driven,historically_calibrated,-0.060244,-0.010242,-0.9244,7.2006,0.0,8.125
8234,12,10,2,weather_driven,historically_calibrated,-0.062761,-0.010669,-0.9598,7.1652,0.0,8.125
8235,12,10,3,weather_driven,historically_calibrated,-0.05852,-0.009948,-0.9003,7.2247,0.0,8.125
8236,12,10,4,weather_driven,historically_calibrated,-0.048703,-0.008279,-0.7641,7.3609,0.0,8.125
8237,12,10,5,weather_driven,historically_calibrated,-0.036564,-0.006216,-0.5989,7.5261,0.0,8.125
8238,12,10,6,weather_driven,historically_calibrated,-0.013613,-0.002314,-0.2953,7.8297,0.0,8.125
8239,12,10,7,weather_driven,historically_calibrated,0.163069,0.027722,1.7256,9.8506,0.0,8.125
8240,12,10,8,weather_driven,historically_calibrated,0.2065,0.035105,2.1541,10.2791,0.0,8.125
8241,12,10,9,weather_driven,historically_calibrated,0.20084,0.034143,2.0995,10.2245,0.0,8.125
8242,12,10,10,weather_driven,historically_calibrated,0.224409,0.038149,2.3244,10.4546,0.0052,8.125
8243,12,10,11,weather_driven,historically_calibrated,0.19209,0.032655,2.0144,10.1524,0.013,8.125
8244,12,10,12,weather_driven,historically_calibrated,0.16165,0.027481,1.7113,9.8557,0.0194,8.125
8245,12,10,13,weather_driven,historically_calibrated,0.138685,0.023577,1.4748,9.6413,0.0415,8.125
8246,12,10,14,weather_driven,historically_calibrated,0.15151,0.025757,1.6077,9.7729,0.0402,8.125
8247,12,10,15,weather_driven,historically_calibrated,0.433614,0.073714,4.0879,10.037,0.0259,5.9231
8248,12,10,16,weather_driven,historically_calibrated,0.496045,0.084328,4.5479,10.4865,0.0156,5.9231
8249,12,10,17,weather_driven,historically_calibrated,0.892202,0.151674,6.9825,10.9729,0.0013,3.9891
8250,12,10,18,weather_driven,historically_calibrated,0.509407,0.086599,4.643,11.4877,0.0,6.8447
8251,12,10,19,weather_driven,historically_calibrated,1.228008,0.208761,8.5955,12.1,0.0,3.5045
8252,12,10,20,weather_driven,historically_calibrated,1.493463,0.253889,9.6772,12.0846,0.0,2.4074
8253,12,10,21,weather_driven,historically_calibrated,1.595339,0.271208,10.0569,12.0142,0.0,1.9573
8254,12,10,22,weather_driven,historically_calibrated,1.340963,0.227964,9.0735,11.4809,0.0,2.4074
8255,12,10,23,weather_driven,historically_calibrated,1.250048,0.212508,8.691,11.6127,0.0,2.9217
8256,12,10,24,weather_driven,historically_calibrated,1.235974,0.210116,8.6302,9.6458,0.0,1.0156
8257,12,11,1,weather_driven,historically_calibrated,1.292755,0.219768,8.8729,9.3929,0.0,0.52
8258,12,11,2,weather_driven,historically_calibrated,1.351295,0.22972,9.1158,9.481,0.0,0.3652
8259,12,11,3,weather_driven,historically_calibrated,1.403668,0.238624,9.3271,9.6281,0.0,0.3009
8260,12,11,4,weather_driven,historically_calibrated,1.326172,0.225449,9.0124,9.577,0.0,0.5645
8261,12,11,5,weather_driven,historically_calibrated,1.209261,0.205574,8.5134,9.529,0.0,1.0156
8262,12,11,6,weather_driven,historically_calibrated,1.297428,0.220563,8.8926,9.5041,0.0,0.6116
8263,12,11,7,weather_driven,historically_calibrated,1.787625,0.303896,10.7287,11.2933,0.0,0.5645
8264,12,11,8,weather_driven,historically_calibrated,1.560304,0.265252,9.9283,11.3215,0.0,1.3932
8265,12,11,9,weather_driven,historically_calibrated,1.191444,0.202545,8.4346,11.2228,0.0013,2.7869
8266,12,11,10,weather_driven,historically_calibrated,0.980396,0.166667,7.438,11.1136,0.0143,3.6614
8267,12,11,11,weather_driven,historically_calibrated,0.957135,0.162713,7.3203,11.0102,0.0285,3.6614
8268,12,11,12,weather_driven,historically_calibrated,0.858022,0.145864,6.7989,10.4836,0.0233,3.6614
8269,12,11,13,weather_driven,historically_calibrated,0.716259,0.121764,5.9897,10.0034,0.0246,3.9891
8270,12,11,14,weather_driven,historically_calibrated,0.734732,0.124904,6.0998,9.7729,0.0117,3.6614
8271,12,11,15,weather_driven,historically_calibrated,0.589137,0.100153,5.1888,9.7155,0.0104,4.5164
8272,12,11,16,weather_driven,historically_calibrated,0.569578,0.096828,5.0582,9.7628,0.0026,4.702
8273,12,11,17,weather_driven,historically_calibrated,0.817863,0.139037,6.5777,9.9298,0.0,3.3521
8274,12,11,18,weather_driven,historically_calibrated,1.04586,0.177796,7.7604,9.935,0.0,2.1746
8275,12,11,19,weather_driven,historically_calibrated,0.887579,0.150888,6.9579,9.7448,0.0,2.7869
8276,12,11,20,weather_driven,historically_calibrated,0.916266,0.155765,7.1093,9.5167,0.0,2.4074
8277,12,11,21,weather_driven,historically_calibrated,0.819625,0.139336,6.5875,9.1173,0.0,2.5298
8278,12,11,22,weather_driven,historically_calibrated,0.65491,0.111335,5.613,8.1428,0.0,2.5298
8279,12,11,23,weather_driven,historically_calibrated,0.615068,0.104562,5.3587,7.7661,0.0,2.4074
8280,12,11,24,weather_driven,historically_calibrated,0.356309,0.060573,3.4798,6.1361,0.0,2.6563
8281,12,12,1,weather_driven,historically_calibrated,0.14176,0.024099,1.5069,6.0233,0.0,4.5164
8282,12,12,2,weather_driven,historically_calibrated,0.067756,0.011519,0.698,5.987,0.0,5.2891
8283,12,12,3,weather_driven,historically_calibrated,0.030285,0.005149,0.2555,5.962,0.0,5.7064
8284,12,12,4,weather_driven,historically_calibrated,0.118726,0.020183,1.2636,5.9656,0.0,4.702
8285,12,12,5,weather_driven,historically_calibrated,-0.073112,-0.012429,-1.1069,5.9822,0.0,7.0891
8286,12,12,6,weather_driven,historically_calibrated,0.024838,0.004223,0.1892,6.1123,0.0,5.9231
8287,12,12,7,weather_driven,historically_calibrated,0.211051,0.035879,2.1977,7.286,0.0,5.0882
8288,12,12,8,weather_driven,historically_calibrated,0.337066,0.057301,3.3212,7.4812,0.0,4.16
8289,12,12,9,weather_driven,historically_calibrated,0.429682,0.073046,4.0581,7.5625,0.0,3.5045
8290,12,12,10,weather_driven,historically_calibrated,0.337694,0.057408,3.3264,7.489,0.0026,4.16
8291,12,12,11,weather_driven,historically_calibrated,0.335903,0.057103,3.3115,7.3109,0.0104,3.9891
8292,12,12,12,weather_driven,historically_calibrated,0.254944,0.043341,2.6069,7.1349,0.0117,4.5164
8293,12,12,13,weather_driven,historically_calibrated,0.223138,0.037933,2.3125,7.0546,0.0402,4.702
8294,12,12,14,weather_driven,historically_calibrated,0.227389,0.038656,2.3524,7.1127,0.0583,4.702
8295,12,12,15,weather_driven,historically_calibrated,0.228666,0.038873,2.3644,7.3049,0.048,4.8926
8296,12,12,16,weather_driven,historically_calibrated,0.24096,0.040963,2.4787,7.5916,0.0246,5.0882
8297,12,12,17,weather_driven,historically_calibrated,0.322289,0.054789,3.1972,7.9017,0.0026,4.702
8298,12,12,18,weather_driven,historically_calibrated,0.486899,0.082773,4.4821,8.1434,0.0,3.6614
8299,12,12,19,weather_driven,historically_calibrated,0.52184,0.088713,4.7306,8.235,0.0,3.5045
8300,12,12,20,weather_driven,historically_calibrated,0.486874,0.082769,4.4819,8.1433,0.0,3.6614
8301,12,12,21,weather_driven,historically_calibrated,0.453771,0.077141,4.2393,7.9006,0.0,3.6614
8302,12,12,22,weather_driven,historically_calibrated,0.473155,0.080436,4.3822,7.5865,0.0,3.2043
8303,12,12,23,weather_driven,historically_calibrated,0.393848,0.066954,3.7808,7.2853,0.0,3.5045
8304,12,12,24,weather_driven,historically_calibrated,0.225217,0.038287,2.332,5.8365,0.0,3.5045
8305,12,13,1,weather_driven,historically_calibrated,0.293749,0.049937,2.9522,5.7391,0.0,2.7869
8306,12,13,2,weather_driven,historically_calibrated,0.314101,0.053397,3.1276,5.7839,0.0,2.6563
8307,12,13,3,weather_driven,historically_calibrated,0.350514,0.059587,3.4324,5.8398,0.0,2.4074
8308,12,13,4,weather_driven,historically_calibrated,0.438982,0.074627,4.1285,5.8835,0.0,1.755
8309,12,13,5,weather_driven,historically_calibrated,0.402594,0.068441,3.8493,6.0239,0.0,2.1746
8310,12,13,6,weather_driven,historically_calibrated,0.400593,0.068101,3.8337,6.2411,0.0,2.4074
8311,12,13,7,weather_driven,historically_calibrated,0.511725,0.086993,4.6594,7.4463,0.0,2.7869
8312,12,13,8,weather_driven,historically_calibrated,0.441701,0.075089,4.149,7.8103,0.0,3.6614
8313,12,13,9,weather_driven,historically_calibrated,0.452877,0.076989,4.2326,7.8953,0.0013,3.6614
8314,12,13,10,weather_driven,historically_calibrated,0.404591,0.06878,3.8649,7.8734,0.0194,3.9891
8315,12,13,11,weather_driven,historically_calibrated,0.342522,0.058229,3.3665,7.7398,0.0376,4.3358
8316,12,13,12,weather_driven,historically_calibrated,0.300749,0.051127,3.013,7.6058,0.0765,4.5164
8317,12,13,13,weather_driven,historically_calibrated,0.371863,0.063217,3.6059,8.0375,0.0959,4.3358
8318,12,13,14,weather_driven,historically_calibrated,0.367456,0.062467,3.5704,7.9994,0.0933,4.3358
8319,12,13,15,weather_driven,historically_calibrated,0.442881,0.07529,4.1578,8.2156,0.0687,3.9891
8320,12,13,16,weather_driven,historically_calibrated,0.614813,0.104518,5.357,8.5937,0.0324,3.2043
8321,12,13,17,weather_driven,historically_calibrated,0.820318,0.139454,6.5914,9.0027,0.0039,2.4074
8322,12,13,18,weather_driven,historically_calibrated,0.965738,0.164175,7.3641,9.2184,0.0,1.8543
8323,12,13,19,weather_driven,historically_calibrated,0.829074,0.140943,6.6401,8.5974,0.0,1.9573
8324,12,13,20,weather_driven,historically_calibrated,0.703373,0.119573,5.912,8.4418,0.0,2.5298
8325,12,13,21,weather_driven,historically_calibrated,0.713141,0.121234,5.971,9.1753,0.0,3.2043
8326,12,13,22,weather_driven,historically_calibrated,0.54235,0.092199,4.873,9.033,0.0,4.16
8327,12,13,23,weather_driven,historically_calibrated,0.344793,0.058615,3.3852,8.6743,0.0,5.2891
8328,12,13,24,weather_driven,historically_calibrated,0.136715,0.023242,1.4542,6.9493,0.0,5.4951
8329,12,14,1,weather_driven,historically_calibrated,0.087861,0.014936,0.9258,6.6322,0.0,5.7064
8330,12,14,2,weather_driven,historically_calibrated,0.012044,0.002048,0.0311,6.6371,0.0,6.6059
8331,12,14,3,weather_driven,historically_calibrated,0.261407,0.044439,2.6654,6.6545,0.0,3.9891
8332,12,14,4,weather_driven,historically_calibrated,0.535493,0.091034,4.8256,7.1147,0.0,2.289
8333,12,14,5,weather_driven,historically_calibrated,0.605311,0.102903,5.2952,7.3592,0.0,2.0641
8334,12,14,6,weather_driven,historically_calibrated,0.7833,0.133161,6.3824,7.615,0.0,1.2326
8335,12,14,7,weather_driven,historically_calibrated,1.340701,0.227919,9.0724,9.6369,0.0,0.5645
8336,12,14,8,weather_driven,historically_calibrated,1.468614,0.249664,9.5818,10.0597,0.0,0.4779
8337,12,14,9,weather_driven,historically_calibrated,1.670834,0.284042,10.3273,10.3354,0.0,0.0081
8338,12,14,10,weather_driven,historically_calibrated,1.516699,0.257839,9.7654,10.0702,0.0039,0.3009
8339,12,14,11,weather_driven,historically_calibrated,1.452849,0.246984,9.5207,9.8307,0.0091,0.3009
8340,12,14,12,weather_driven,historically_calibrated,1.446965,0.245984,9.4978,9.8034,0.0609,0.2447
8341,12,14,13,weather_driven,historically_calibrated,1.43165,0.24338,9.4378,9.7965,0.0868,0.2718
8342,12,14,14,weather_driven,historically_calibrated,1.502137,0.255363,9.7102,9.825,0.0842,0.0306
8343,12,14,15,weather_driven,historically_calibrated,1.63693,0.278278,10.207,10.3584,0.0622,0.0892
8344,12,14,16,weather_driven,historically_calibrated,1.928151,0.327786,11.1868,11.2659,0.0415,0.0376
8345,12,14,17,weather_driven,historically_calibrated,2.185744,0.371577,11.9651,12.0159,0.0052,0.0457
8346,12,14,18,weather_driven,historically_calibrated,2.539695,0.431748,12.9259,12.9806,0.0,0.0548
8347,12,14,19,weather_driven,historically_calibrated,2.511935,0.427029,12.8545,12.8851,0.0,0.0306
8348,12,14,20,weather_driven,historically_calibrated,2.416933,0.410879,12.6053,12.6818,0.0,0.0764
8349,12,14,21,weather_driven,historically_calibrated,2.266005,0.385221,12.1931,12.5936,0.0,0.4005
8350,12,14,22,weather_driven,historically_calibrated,2.093939,0.35597,11.6961,11.8703,0.0,0.1741
8351,12,14,23,weather_driven,historically_calibrated,2.064178,0.35091,11.607,11.8264,0.0,0.2194
8352,12,14,24,weather_driven,historically_calibrated,1.271464,0.216149,8.7827,9.2606,0.0,0.4779
8353,12,15,1,weather_driven,historically_calibrated,0.948404,0.161229,7.2757,8.0439,0.0,0.7682
8354,12,15,2,weather_driven,historically_calibrated,0.948407,0.161229,7.2757,8.1619,0.0,0.8861
8355,12,15,3,weather_driven,historically_calibrated,1.042235,0.17718,7.7429,8.2207,0.0,0.4779
8356,12,15,4,weather_driven,historically_calibrated,0.957188,0.162722,7.3206,8.2067,0.0,0.8861
8357,12,15,5,weather_driven,historically_calibrated,0.939114,0.159649,7.228,8.1141,0.0,0.8861
8358,12,15,6,weather_driven,historically_calibrated,0.90623,0.154059,7.0567,8.0723,0.0,1.0156
8359,12,15,7,weather_driven,historically_calibrated,1.337426,0.227362,9.0589,10.2915,0.0,1.2326
8360,12,15,8,weather_driven,historically_calibrated,1.426072,0.242432,9.4159,10.3653,0.0,0.9494
8361,12,15,9,weather_driven,historically_calibrated,1.436938,0.244279,9.4586,10.1719,0.0,0.7133
8362,12,15,10,weather_driven,historically_calibrated,1.288294,0.21901,8.8541,9.8203,0.0168,0.9494
8363,12,15,11,weather_driven,historically_calibrated,1.046169,0.177849,7.7619,9.2909,0.0505,1.4784
8364,12,15,12,weather_driven,historically_calibrated,0.973942,0.16557,7.4055,9.1154,0.0505,1.6593
8365,12,15,13,weather_driven,historically_calibrated,0.944586,0.16058,7.2561,9.0604,0.0492,1.755
8366,12,15,14,weather_driven,historically_calibrated,0.830628,0.141207,6.6487,9.327,0.022,2.6563
8367,12,15,15,weather_driven,historically_calibrated,0.898793,0.152795,7.0174,9.7268,0.0531,2.6563
8368,12,15,16,weather_driven,historically_calibrated,0.970464,0.164979,7.388,10.6207,0.0285,3.2043
8369,12,15,17,weather_driven,historically_calibrated,1.692858,0.287786,10.4045,11.641,0.0039,1.2326
8370,12,15,18,weather_driven,historically_calibrated,2.168998,0.36873,11.9167,12.4367,0.0,0.52
8371,12,15,19,weather_driven,historically_calibrated,2.291916,0.389626,12.2654,12.7432,0.0,0.4779
8372,12,15,20,weather_driven,historically_calibrated,2.381608,0.404873,12.5107,12.8759,0.0,0.3652
8373,12,15,21,weather_driven,historically_calibrated,2.364064,0.401891,12.4633,12.5989,0.0,0.1356
8374,12,15,22,weather_driven,historically_calibrated,2.328888,0.395911,12.3674,12.405,0.0,0.0376
8375,12,15,23,weather_driven,historically_calibrated,2.250709,0.38262,12.1501,12.1582,0.0,0.0081
8376,12,15,24,weather_driven,historically_calibrated,1.526905,0.259574,9.8038,9.8586,0.0,0.0548
8377,12,16,1,weather_driven,historically_calibrated,1.444807,0.245617,9.4894,9.5005,0.0,0.0111
8378,12,16,2,weather_driven,historically_calibrated,1.53657,0.261217,9.84,9.8439,0.0,0.0038
8379,12,16,3,weather_driven,historically_calibrated,1.65797,0.281855,10.2819,10.2819,0.0,0.0
8380,12,16,4,weather_driven,historically_calibrated,1.679791,0.285564,10.3588,10.3588,0.0,0.0
8381,12,16,5,weather_driven,historically_calibrated,1.610059,0.27371,10.1104,10.1104,0.0,0.0
8382,12,16,6,weather_driven,historically_calibrated,1.69235,0.287699,10.4028,10.4028,0.0,0.0
8383,12,16,7,weather_driven,historically_calibrated,2.415592,0.410651,12.6017,12.6018,0.0,0.0001
8384,12,16,8,weather_driven,historically_calibrated,2.409617,0.409635,12.5858,12.5861,0.0,0.0003
8385,12,16,9,weather_driven,historically_calibrated,2.309204,0.392565,12.3132,12.3148,0.0013,0.0003
8386,12,16,10,weather_driven,historically_calibrated,2.135377,0.363014,11.8186,11.8414,0.022,0.0007
8387,12,16,11,weather_driven,historically_calibrated,1.953789,0.332144,11.2677,11.3132,0.0454,0.0001
8388,12,16,12,weather_driven,historically_calibrated,1.763697,0.299828,10.6481,10.7039,0.0557,0.0001
8389,12,16,13,weather_driven,historically_calibrated,1.626131,0.276442,10.1683,10.2502,0.0816,0.0003
8390,12,16,14,weather_driven,historically_calibrated,1.626226,0.276458,10.1686,10.2387,0.07,0.0001
8391,12,16,15,weather_driven,historically_calibrated,1.709075,0.290543,10.4609,10.5154,0.0544,0.0
8392,12,16,16,weather_driven,historically_calibrated,1.872091,0.318256,11.0072,11.0305,0.0233,0.0
8393,12,16,17,weather_driven,historically_calibrated,2.021821,0.34371,11.4785,11.4811,0.0026,0.0
8394,12,16,18,weather_driven,historically_calibrated,2.1969,0.373473,11.9971,11.9971,0.0,0.0
8395,12,16,19,weather_driven,historically_calibrated,2.264058,0.38489,12.1876,12.1876,0.0,0.0
8396,12,16,20,weather_driven,historically_calibrated,2.274419,0.386651,12.2166,12.2166,0.0,0.0
8397,12,16,21,weather_driven,historically_calibrated,2.146996,0.364989,11.8526,11.8526,0.0,0.0
8398,12,16,22,weather_driven,historically_calibrated,1.973752,0.335538,11.3301,11.3301,0.0,0.0
8399,12,16,23,weather_driven,historically_calibrated,1.803565,0.306606,10.782,10.782,0.0,0.0
8400,12,16,24,weather_driven,historically_calibrated,1.228688,0.208877,8.5985,8.5985,0.0,0.0
8401,12,17,1,weather_driven,historically_calibrated,1.310266,0.222745,8.9463,8.9463,0.0,0.0
8402,12,17,2,weather_driven,historically_calibrated,1.302114,0.221359,8.9122,8.9122,0.0,0.0
8403,12,17,3,weather_driven,historically_calibrated,1.307695,0.222308,8.9356,8.9356,0.0,0.0
8404,12,17,4,weather_driven,historically_calibrated,1.333684,0.226726,9.0435,9.0435,0.0,0.0
8405,12,17,5,weather_driven,historically_calibrated,1.381154,0.234796,9.237,9.237,0.0,0.0
8406,12,17,6,weather_driven,historically_calibrated,1.448566,0.246256,9.504,9.5041,0.0,0.0001
8407,12,17,7,weather_driven,historically_calibrated,2.066442,0.351295,11.6139,11.6139,0.0,0.0
8408,12,17,8,weather_driven,historically_calibrated,2.134226,0.362818,11.8152,11.8152,0.0,0.0
8409,12,17,9,weather_driven,historically_calibrated,2.083551,0.354204,11.6652,11.6665,0.0013,0.0
8410,12,17,10,weather_driven,historically_calibrated,1.950587,0.3316,11.2577,11.2784,0.0207,0.0
8411,12,17,11,weather_driven,historically_calibrated,1.827936,0.310749,10.8628,10.903,0.0402,0.0
8412,12,17,12,weather_driven,historically_calibrated,1.719042,0.292237,10.4954,10.5359,0.0402,0.0003
8413,12,17,13,weather_driven,historically_calibrated,1.661523,0.282459,10.2945,10.3138,0.0156,0.0038
8414,12,17,14,weather_driven,historically_calibrated,1.625922,0.276407,10.1675,10.1902,0.0078,0.0148
8415,12,17,15,weather_driven,historically_calibrated,1.65696,0.281683,10.2783,10.3048,0.0117,0.0148
8416,12,17,16,weather_driven,historically_calibrated,1.728036,0.293766,10.5264,10.5979,0.0065,0.065
8417,12,17,17,weather_driven,historically_calibrated,1.826744,0.310546,10.8589,10.9149,0.0013,0.0548
8418,12,17,18,weather_driven,historically_calibrated,1.911637,0.324978,11.1343,11.1891,0.0,0.0548
8419,12,17,19,weather_driven,historically_calibrated,1.916081,0.325734,11.1485,11.1941,0.0,0.0457
8420,12,17,20,weather_driven,historically_calibrated,1.840554,0.312894,10.9043,10.95,0.0,0.0457
8421,12,17,21,weather_driven,historically_calibrated,1.743115,0.29633,10.5781,10.6237,0.0,0.0457
8422,12,17,22,weather_driven,historically_calibrated,1.632713,0.277561,10.1919,10.2569,0.0,0.065
8423,12,17,23,weather_driven,historically_calibrated,1.490634,0.253408,9.6664,9.7428,0.0,0.0764
8424,12,17,24,weather_driven,historically_calibrated,1.036729,0.176244,7.7162,7.8054,0.0,0.0892
8425,12,18,1,weather_driven,historically_calibrated,0.94683,0.160961,7.2676,7.3224,0.0,0.0548
8426,12,18,2,weather_driven,historically_calibrated,0.941735,0.160095,7.2415,7.2871,0.0,0.0457
8427,12,18,3,weather_driven,historically_calibrated,0.941686,0.160087,7.2412,7.3062,0.0,0.065
8428,12,18,4,weather_driven,historically_calibrated,0.946333,0.160877,7.2651,7.3199,0.0,0.0548
8429,12,18,5,weather_driven,historically_calibrated,0.972255,0.165283,7.397,7.4427,0.0,0.0457
8430,12,18,6,weather_driven,historically_calibrated,1.009806,0.171667,7.5844,7.615,0.0,0.0306
8431,12,18,7,weather_driven,historically_calibrated,1.468689,0.249677,9.5821,9.5835,0.0,0.0014
8432,12,18,8,weather_driven,historically_calibrated,1.566157,0.266247,9.9499,9.9499,0.0,0.0
8433,12,18,9,weather_driven,historically_calibrated,1.550022,0.263504,9.8902,9.8918,0.0013,0.0003
8434,12,18,10,weather_driven,historically_calibrated,1.471835,0.250212,9.5942,9.6308,0.0363,0.0003
8435,12,18,11,weather_driven,historically_calibrated,1.345175,0.22868,9.0907,9.1874,0.0959,0.0007
8436,12,18,12,weather_driven,historically_calibrated,1.231184,0.209301,8.6094,8.7569,0.1452,0.0024
8437,12,18,13,weather_driven,historically_calibrated,1.193521,0.202899,8.4438,8.6066,0.1516,0.0111
8438,12,18,14,weather_driven,historically_calibrated,1.237097,0.210306,8.635,8.7818,0.1387,0.0081
8439,12,18,15,weather_driven,historically_calibrated,1.356422,0.230592,9.1367,9.2334,0.0855,0.0111
8440,12,18,16,weather_driven,historically_calibrated,1.515508,0.257636,9.7609,9.8185,0.0428,0.0148
8441,12,18,17,weather_driven,historically_calibrated,1.682681,0.286056,10.369,10.3934,0.0052,0.0193
8442,12,18,18,weather_driven,historically_calibrated,1.831839,0.311413,10.8757,10.8905,0.0,0.0148
8443,12,18,19,weather_driven,historically_calibrated,1.924381,0.327145,11.1749,11.1941,0.0,0.0193
8444,12,18,20,weather_driven,historically_calibrated,1.933218,0.328647,11.2029,11.2485,0.0,0.0457
8445,12,18,21,weather_driven,historically_calibrated,1.851686,0.314787,10.9408,10.9713,0.0,0.0306
8446,12,18,22,weather_driven,historically_calibrated,1.724511,0.293167,10.5143,10.5907,0.0,0.0764
8447,12,18,23,weather_driven,historically_calibrated,1.584174,0.26931,10.0162,10.1702,0.0,0.1541
8448,12,18,24,weather_driven,historically_calibrated,1.072841,0.182383,7.8896,8.1906,0.0,0.3009
8449,12,19,1,weather_driven,historically_calibrated,0.951414,0.16174,7.2911,7.769,0.0,0.4779
8450,12,19,2,weather_driven,historically_calibrated,0.976385,0.165985,7.4178,7.8559,0.0,0.4381
8451,12,19,3,weather_driven,historically_calibrated,0.996134,0.169343,7.5167,7.9172,0.0,0.4005
8452,12,19,4,weather_driven,historically_calibrated,1.000755,0.170128,7.5397,8.0175,0.0,0.4779
8453,12,19,5,weather_driven,historically_calibrated,0.990959,0.168463,7.4909,8.152,0.0,0.6611
8454,12,19,6,weather_driven,historically_calibrated,1.019393,0.173297,7.6316,8.3449,0.0,0.7133
8455,12,19,7,weather_driven,historically_calibrated,1.450079,0.246513,9.5099,10.2781,0.0,0.7682
8456,12,19,8,weather_driven,historically_calibrated,1.474374,0.250644,9.604,10.5534,0.0,0.9494
8457,12,19,9,weather_driven,historically_calibrated,1.39806,0.23767,9.3048,10.3909,0.0013,1.0848
8458,12,19,10,weather_driven,historically_calibrated,1.247446,0.212066,8.6798,9.9603,0.048,1.2326
8459,12,19,11,weather_driven,historically_calibrated,0.960141,0.163224,7.3356,9.4018,0.1089,1.9573
8460,12,19,12,weather_driven,historically_calibrated,0.655723,0.111473,5.6181,9.1232,0.1529,3.3521
8461,12,19,13,weather_driven,historically_calibrated,0.527649,0.0897,4.7711,8.917,0.1568,3.9891
8462,12,19,14,weather_driven,historically_calibrated,0.471939,0.08023,4.3733,9.0426,0.1529,4.5164
8463,12,19,15,weather_driven,historically_calibrated,0.814415,0.13845,6.5584,9.4477,0.1024,2.7869
8464,12,19,16,weather_driven,historically_calibrated,1.114233,0.18942,8.084,10.3195,0.0609,2.1746
8465,12,19,17,weather_driven,historically_calibrated,1.536575,0.261218,9.84,10.857,0.0013,1.0156
8466,12,19,18,weather_driven,historically_calibrated,1.567933,0.266549,9.9565,11.1891,0.0,1.2326
8467,12,19,19,weather_driven,historically_calibrated,1.519628,0.258337,9.7764,11.4357,0.0,1.6593
8468,12,19,20,weather_driven,historically_calibrated,1.354708,0.2303,9.1297,11.786,0.0,2.6563
8469,12,19,21,weather_driven,historically_calibrated,1.799023,0.305834,10.7669,11.7825,0.0,1.0156
8470,12,19,22,weather_driven,historically_calibrated,1.70528,0.289898,10.4478,11.759,0.0,1.3112
8471,12,19,23,weather_driven,historically_calibrated,1.560081,0.265214,9.9275,11.2387,0.0,1.3112
8472,12,19,24,weather_driven,historically_calibrated,1.352846,0.229984,9.1221,9.5602,0.0,0.4381
8473,12,20,1,weather_driven,historically_calibrated,1.400579,0.238098,9.3148,9.4335,0.0,0.1187
8474,12,20,2,weather_driven,historically_calibrated,1.544069,0.262492,9.868,9.8873,0.0,0.0193
8475,12,20,3,weather_driven,historically_calibrated,1.619261,0.275274,10.1436,10.1983,0.0,0.0548
8476,12,20,4,weather_driven,historically_calibrated,1.684066,0.286291,10.3738,10.4388,0.0,0.065
8477,12,20,5,weather_driven,historically_calibrated,1.79268,0.304756,10.7457,10.8643,0.0,0.1187
8478,12,20,6,weather_driven,historically_calibrated,1.871246,0.318112,11.0044,11.1786,0.0,0.1741
8479,12,20,7,weather_driven,historically_calibrated,2.773499,0.471495,13.5036,13.8045,0.0,0.3009
8480,12,20,8,weather_driven,historically_calibrated,2.992462,0.508719,14.0098,14.2292,0.0,0.2194
8481,12,20,9,weather_driven,historically_calibrated,2.877479,0.489171,13.7479,13.8848,0.0013,0.1356
8482,12,20,10,weather_driven,historically_calibrated,2.535208,0.430985,12.9144,13.2555,0.0402,0.3009
8483,12,20,11,weather_driven,historically_calibrated,2.143949,0.364471,11.8437,12.3505,0.1063,0.4005
8484,12,20,12,weather_driven,historically_calibrated,1.848382,0.314225,10.93,11.53,0.162,0.4381
8485,12,20,13,weather_driven,historically_calibrated,1.731793,0.294405,10.5393,11.0898,0.1853,0.3652
8486,12,20,14,weather_driven,historically_calibrated,1.600417,0.272071,10.0754,11.0769,0.1153,0.8861
8487,12,20,15,weather_driven,historically_calibrated,1.651808,0.280807,10.26,11.269,0.0596,0.9494
8488,12,20,16,weather_driven,historically_calibrated,1.660026,0.282204,10.2892,11.8783,0.022,1.5671
8489,12,20,17,weather_driven,historically_calibrated,1.631167,0.277298,10.1864,12.3636,0.0026,2.1746
8490,12,20,18,weather_driven,historically_calibrated,1.483978,0.252276,9.6409,12.5626,0.0,2.9217
8491,12,20,19,weather_driven,historically_calibrated,1.123551,0.191004,8.1271,12.6435,0.0,4.5164
8492,12,20,20,weather_driven,historically_calibrated,0.872669,0.148354,6.8781,12.8012,0.0,5.9231
8493,12,20,21,weather_driven,historically_calibrated,0.569285,0.096778,5.0563,12.6515,0.0,7.5953
8494,12,20,22,weather_driven,historically_calibrated,0.425146,0.072275,4.0235,12.1485,0.0,8.125
8495,12,20,23,weather_driven,historically_calibrated,0.357273,0.060736,3.4877,11.6127,0.0,8.125
8496,12,20,24,weather_driven,historically_calibrated,0.178302,0.030311,1.8785,9.2178,0.0,7.3393
8497,12,21,1,weather_driven,historically_calibrated,0.31873,0.054184,3.167,8.6621,0.0,5.4951
8498,12,21,2,weather_driven,historically_calibrated,0.15674,0.026646,1.6613,8.5059,0.0,6.8447
8499,12,21,3,weather_driven,historically_calibrated,0.135279,0.022997,1.4392,8.2838,0.0,6.8447
8500,12,21,4,weather_driven,historically_calibrated,0.204558,0.034775,2.1354,8.0586,0.0,5.9231
8501,12,21,5,weather_driven,historically_calibrated,0.426928,0.072578,4.0371,7.8599,0.0,3.8229
8502,12,21,6,weather_driven,historically_calibrated,0.629976,0.107096,5.4548,7.7438,0.0,2.289
8503,12,21,7,weather_driven,historically_calibrated,1.021587,0.17367,7.6423,9.2095,0.0,1.5671
8504,12,21,8,weather_driven,historically_calibrated,0.785502,0.133535,6.395,9.1819,0.0,2.7869
8505,12,21,9,weather_driven,historically_calibrated,0.914976,0.155546,7.1026,9.0599,0.0,1.9573
8506,12,21,10,weather_driven,historically_calibrated,0.930547,0.158193,7.1837,8.7521,0.0013,1.5671
8507,12,21,11,weather_driven,historically_calibrated,0.737322,0.125345,6.1152,7.6862,0.0039,1.5671
8508,12,21,12,weather_driven,historically_calibrated,0.778049,0.132268,6.3523,7.4489,0.0117,1.0848
8509,12,21,13,weather_driven,historically_calibrated,0.639002,0.10863,5.5124,7.9341,0.0143,2.4074
8510,12,21,14,weather_driven,historically_calibrated,0.687956,0.116953,5.8181,7.8951,0.013,2.0641
8511,12,21,15,weather_driven,historically_calibrated,0.451579,0.076768,4.2229,8.0549,0.0091,3.8229
8512,12,21,16,weather_driven,historically_calibrated,0.243067,0.041321,2.4982,7.5916,0.0052,5.0882
8513,12,21,17,weather_driven,historically_calibrated,0.121735,0.020695,1.2958,7.9017,0.0,6.6059
8514,12,21,18,weather_driven,historically_calibrated,0.011026,0.001874,0.0184,8.1434,0.0,8.125
8515,12,21,19,weather_driven,historically_calibrated,0.018399,0.003128,0.11,8.235,0.0,8.125
8516,12,21,20,weather_driven,historically_calibrated,0.011011,0.001872,0.0183,8.1433,0.0,8.125
8517,12,21,21,weather_driven,historically_calibrated,-0.008124,-0.001381,-0.2244,7.9006,0.0,8.125
8518,12,21,22,weather_driven,historically_calibrated,-0.03207,-0.005452,-0.5385,7.5865,0.0,8.125
8519,12,21,23,weather_driven,historically_calibrated,0.05023,0.008539,0.494,7.3387,0.0,6.8447
8520,12,21,24,weather_driven,historically_calibrated,-0.004692,-0.000798,-0.1803,5.9649,0.0,6.1452
8521,12,22,1,weather_driven,historically_calibrated,-0.072762,-0.012369,-1.1019,5.5041,0.0,6.6059
8522,12,22,2,weather_driven,historically_calibrated,-0.003181,-0.000541,-0.161,5.5454,0.0,5.7064
8523,12,22,3,weather_driven,historically_calibrated,0.031553,0.005364,0.2709,5.56,0.0,5.2891
8524,12,22,4,weather_driven,historically_calibrated,0.018111,0.003079,0.1065,5.6016,0.0,5.4951
8525,12,22,5,weather_driven,historically_calibrated,0.127755,0.021718,1.3598,5.6956,0.0,4.3358
8526,12,22,6,weather_driven,historically_calibrated,0.139667,0.023743,1.4851,5.8208,0.0,4.3358
8527,12,22,7,weather_driven,historically_calibrated,0.176507,0.030006,1.8606,6.9489,0.0,5.0882
8528,12,22,8,weather_driven,historically_calibrated,0.093613,0.015914,0.9898,7.135,0.0,6.1452
8529,12,22,9,weather_driven,historically_calibrated,0.162267,0.027585,1.7175,7.2126,0.0,5.4951
8530,12,22,10,weather_driven,historically_calibrated,0.155252,0.026393,1.6461,7.1425,0.0013,5.4951
8531,12,22,11,weather_driven,historically_calibrated,0.123341,0.020968,1.3129,7.022,0.0026,5.7064
8532,12,22,12,weather_driven,historically_calibrated,0.087758,0.014919,0.9246,6.8529,0.0052,5.9231
8533,12,22,13,weather_driven,historically_calibrated,0.083221,0.014148,0.8738,7.2518,0.0052,6.3728
8534,12,22,14,weather_driven,historically_calibrated,-0.036562,-0.006216,-0.5988,7.2635,0.0052,7.8572
8535,12,22,15,weather_driven,historically_calibrated,-0.045464,-0.007729,-0.7197,7.4105,0.0052,8.125
8536,12,22,16,weather_driven,historically_calibrated,-0.023914,-0.004065,-0.4302,7.7013,0.0065,8.125
8537,12,22,17,weather_driven,historically_calibrated,0.087838,0.014932,0.9255,8.0159,0.0013,7.0891
8538,12,22,18,weather_driven,historically_calibrated,0.020516,0.003488,0.1361,8.2611,0.0,8.125
8539,12,22,19,weather_driven,historically_calibrated,0.016946,0.002881,0.0921,7.6873,0.0,7.5953
8540,12,22,20,weather_driven,historically_calibrated,0.131699,0.022389,1.4015,7.5467,0.0,6.1452
8541,12,22,21,weather_driven,historically_calibrated,0.152263,0.025885,1.6154,7.3219,0.0,5.7064
8542,12,22,22,weather_driven,historically_calibrated,0.044382,0.007545,0.4248,7.0307,0.0,6.6059
8543,12,22,23,weather_driven,historically_calibrated,0.036421,0.006191,0.3296,6.7024,0.0,6.3728
8544,12,22,24,weather_driven,historically_calibrated,-0.065837,-0.011192,-1.0032,5.3696,0.0,6.3728
8545,12,23,1,weather_driven,historically_calibrated,-0.117627,-0.019997,-1.7718,5.3173,0.0,7.0891
8546,12,23,2,weather_driven,historically_calibrated,-0.05034,-0.008558,-0.7867,5.3586,0.0,6.1452
8547,12,23,3,weather_driven,historically_calibrated,-0.016573,-0.002817,-0.3338,5.3726,0.0,5.7064
8548,12,23,4,weather_driven,historically_calibrated,0.081879,0.013919,0.8587,5.3751,0.0,4.5164
8549,12,23,5,weather_driven,historically_calibrated,0.070103,0.011918,0.7249,5.4269,0.0,4.702
8550,12,23,6,weather_driven,historically_calibrated,0.162655,0.027651,1.7214,5.5443,0.0,3.8229
8551,12,23,7,weather_driven,historically_calibrated,0.190731,0.032424,2.0011,6.7031,0.0,4.702
8552,12,23,8,weather_driven,historically_calibrated,0.287048,0.048798,2.8936,6.8827,0.0,3.9891
8553,12,23,9,weather_driven,historically_calibrated,0.513012,0.087212,4.6685,6.9575,0.0,2.289
8554,12,23,10,weather_driven,historically_calibrated,0.469069,0.079742,4.3523,6.8899,0.0078,2.5298
8555,12,23,11,weather_driven,historically_calibrated,0.302982,0.051507,3.0323,6.726,0.0324,3.6614
8556,12,23,12,weather_driven,historically_calibrated,0.209648,0.03564,2.1843,6.5641,0.0441,4.3358
8557,12,23,13,weather_driven,historically_calibrated,0.165288,0.028099,1.7481,6.4902,0.0402,4.702
8558,12,23,14,weather_driven,historically_calibrated,0.244415,0.041551,2.5106,6.5437,0.0441,3.9891
8559,12,23,15,weather_driven,historically_calibrated,0.285148,0.048475,2.8769,6.7205,0.0207,3.8229
8560,12,23,16,weather_driven,historically_calibrated,0.373356,0.063471,3.6179,6.9843,0.0143,3.3521
8561,12,23,17,weather_driven,historically_calibrated,0.522974,0.088906,4.7385,7.2696,0.0013,2.5298
8562,12,23,18,weather_driven,historically_calibrated,0.591276,0.100517,5.2029,7.492,0.0,2.289
8563,12,23,19,weather_driven,historically_calibrated,0.604091,0.102695,5.2872,7.5762,0.0,2.289
8564,12,23,20,weather_driven,historically_calibrated,0.536924,0.091277,4.8355,7.4918,0.0,2.6563
8565,12,23,21,weather_driven,historically_calibrated,0.523016,0.088913,4.7388,7.2686,0.0,2.5298
8566,12,23,22,weather_driven,historically_calibrated,0.548547,0.093253,4.9155,6.9796,0.0,2.0641
8567,12,23,23,weather_driven,historically_calibrated,0.567337,0.096447,5.0431,6.7024,0.0,1.6593
8568,12,23,24,weather_driven,historically_calibrated,0.42972,0.073052,4.0583,5.3696,0.0,1.3112
8569,12,24,1,weather_driven,historically_calibrated,0.505266,0.085895,4.6136,5.6985,0.0,1.0848
8570,12,24,2,weather_driven,historically_calibrated,0.56988,0.09688,5.0603,5.9464,0.0,0.8861
8571,12,24,3,weather_driven,historically_calibrated,0.623259,0.105954,5.4116,6.1249,0.0,0.7133
8572,12,24,4,weather_driven,historically_calibrated,0.672584,0.114339,5.7233,6.3349,0.0,0.6116
8573,12,24,5,weather_driven,historically_calibrated,0.761196,0.129403,6.255,6.775,0.0,0.52
8574,12,24,6,weather_driven,historically_calibrated,0.810566,0.137796,6.5369,7.0569,0.0,0.52
8575,12,24,7,weather_driven,historically_calibrated,1.186146,0.201645,8.411,8.8889,0.0,0.4779
8576,12,24,8,weather_driven,historically_calibrated,1.27876,0.217389,8.8137,9.2916,0.0,0.4779
8577,12,24,9,weather_driven,historically_calibrated,1.246568,0.211916,8.676,9.1154,0.0013,0.4381
8578,12,24,10,weather_driven,historically_calibrated,1.13232,0.192494,8.1675,8.6972,0.0518,0.4779
8579,12,24,11,weather_driven,historically_calibrated,0.873922,0.148567,6.8848,7.579,0.1296,0.5645
8580,12,24,12,weather_driven,historically_calibrated,0.80644,0.137095,6.5137,7.1872,0.1957,0.4779
8581,12,24,13,weather_driven,historically_calibrated,0.784808,0.133417,6.391,7.0546,0.2255,0.4381
8582,12,24,14,weather_driven,historically_calibrated,0.79845,0.135736,6.4686,7.1127,0.2061,0.4381
8583,12,24,15,weather_driven,historically_calibrated,1.00043,0.170073,7.538,8.0549,0.1516,0.3652
8584,12,24,16,weather_driven,historically_calibrated,1.154201,0.196214,8.2674,8.5937,0.0816,0.2447
8585,12,24,17,weather_driven,historically_calibrated,1.311831,0.223011,8.9529,9.1186,0.0117,0.1541
8586,12,24,18,weather_driven,historically_calibrated,1.463106,0.248728,9.5605,9.6961,0.0,0.1356
8587,12,24,19,weather_driven,historically_calibrated,1.502473,0.25542,9.7115,9.8656,0.0,0.1541
8588,12,24,20,weather_driven,historically_calibrated,1.541617,0.262075,9.8589,9.9945,0.0,0.1356
8589,12,24,21,weather_driven,historically_calibrated,1.523995,0.259079,9.7929,9.9285,0.0,0.1356
8590,12,24,22,weather_driven,historically_calibrated,1.435689,0.244067,9.4537,9.5893,0.0,0.1356
8591,12,24,23,weather_driven,historically_calibrated,1.35804,0.230867,9.1433,9.262,0.0,0.1187
8592,12,24,24,weather_driven,historically_calibrated,0.984654,0.167391,7.4594,7.5485,0.0,0.0892
8593,12,25,1,weather_driven,historically_calibrated,0.929563,0.158026,7.1786,7.2818,0.0,0.1032
8594,12,25,2,weather_driven,historically_calibrated,0.947952,0.161152,7.2734,7.409,0.0,0.1356
8595,12,25,3,weather_driven,historically_calibrated,0.975822,0.16589,7.415,7.5506,0.0,0.1356
8596,12,25,4,weather_driven,historically_calibrated,1.00699,0.171188,7.5705,7.6892,0.0,0.1187
8597,12,25,5,weather_driven,historically_calibrated,1.041904,0.177124,7.7413,7.8599,0.0,0.1187
8598,12,25,6,weather_driven,historically_calibrated,1.095824,0.18629,7.9981,8.0873,0.0,0.0892
8599,12,25,7,weather_driven,historically_calibrated,1.587586,0.26989,10.0286,10.1178,0.0,0.0892
8600,12,25,8,weather_driven,historically_calibrated,1.710032,0.290705,10.4643,10.5534,0.0,0.0892
8601,12,25,9,weather_driven,historically_calibrated,1.643635,0.279418,10.2309,10.3354,0.0013,0.1032
8602,12,25,10,weather_driven,historically_calibrated,1.451105,0.246688,9.5139,9.6857,0.0531,0.1187
8603,12,25,11,weather_driven,historically_calibrated,1.222527,0.20783,8.5716,8.9193,0.1283,0.2194
8604,12,25,12,weather_driven,historically_calibrated,1.039369,0.176693,7.729,8.286,0.1918,0.3652
8605,12,25,13,weather_driven,historically_calibrated,0.959346,0.163089,7.3316,8.0375,0.2281,0.4779
8606,12,25,14,weather_driven,historically_calibrated,0.967663,0.164503,7.3738,8.1038,0.21,0.52
8607,12,25,15,weather_driven,historically_calibrated,0.993479,0.168891,7.5035,8.4834,0.1542,0.8257
8608,12,25,16,weather_driven,historically_calibrated,1.050836,0.178642,7.7844,9.0947,0.0778,1.2326
8609,12,25,17,weather_driven,historically_calibrated,1.097216,0.186527,8.0047,9.5822,0.0104,1.5671
8610,12,25,18,weather_driven,historically_calibrated,1.046897,0.177973,7.7654,10.0544,0.0,2.289
8611,12,25,19,weather_driven,historically_calibrated,0.881516,0.149858,6.9255,9.9863,0.0,3.0608
8612,12,25,20,weather_driven,historically_calibrated,0.864485,0.146962,6.8339,9.7556,0.0,2.9217
8613,12,25,21,weather_driven,historically_calibrated,0.66685,0.113365,5.6877,9.3491,0.0,3.6614
8614,12,25,22,weather_driven,historically_calibrated,0.491687,0.083587,4.5166,9.033,0.0,4.5164
8615,12,25,23,weather_driven,historically_calibrated,0.407922,0.069347,3.8908,8.4072,0.0,4.5164
8616,12,25,24,weather_driven,historically_calibrated,0.19694,0.03348,2.0617,6.2217,0.0,4.16
8617,12,26,1,weather_driven,historically_calibrated,0.299603,0.050933,3.0031,6.0639,0.0,3.0608
8618,12,26,2,weather_driven,historically_calibrated,0.311563,0.052966,3.106,6.0277,0.0,2.9217
8619,12,26,3,weather_driven,historically_calibrated,0.364953,0.062042,3.5501,6.2064,0.0,2.6563
8620,12,26,4,weather_driven,historically_calibrated,0.328446,0.055836,3.2491,6.1708,0.0,2.9217
8621,12,26,5,weather_driven,historically_calibrated,0.394377,0.067044,3.785,6.4412,0.0,2.6563
8622,12,26,6,weather_driven,historically_calibrated,0.423627,0.072017,4.0119,6.5417,0.0,2.5298
8623,12,26,7,weather_driven,historically_calibrated,0.641965,0.109134,5.5313,7.8203,0.0,2.289
8624,12,26,8,weather_driven,historically_calibrated,0.738242,0.125501,6.1206,7.9749,0.0,1.8543
8625,12,26,9,weather_driven,historically_calibrated,0.883514,0.150197,6.9362,8.8935,0.0,1.9573
8626,12,26,10,weather_driven,historically_calibrated,0.776044,0.131927,6.3408,8.7521,0.0039,2.4074
8627,12,26,11,weather_driven,historically_calibrated,0.844104,0.143498,6.7229,8.7048,0.0246,1.9573
8628,12,26,12,weather_driven,historically_calibrated,0.531645,0.09038,4.7989,8.4953,0.035,3.6614
8629,12,26,13,weather_driven,historically_calibrated,1.036384,0.176185,7.7145,8.1927,0.0402,0.4381
8630,12,26,14,weather_driven,historically_calibrated,1.042721,0.177263,7.7452,7.9994,0.0583,0.1959
8631,12,26,15,weather_driven,historically_calibrated,0.726639,0.123529,6.0518,8.2692,0.0428,2.1746
8632,12,26,16,weather_driven,historically_calibrated,1.160079,0.197213,8.294,8.6494,0.0233,0.332
8633,12,26,17,weather_driven,historically_calibrated,1.035366,0.176012,7.7096,8.9448,0.0026,1.2326
8634,12,26,18,weather_driven,historically_calibrated,1.088534,0.185051,7.9639,8.9795,0.0,1.0156
8635,12,26,19,weather_driven,historically_calibrated,0.843864,0.143457,6.7216,8.4766,0.0,1.755
8636,12,26,20,weather_driven,historically_calibrated,0.742856,0.126286,6.1478,8.3224,0.0,2.1746
8637,12,26,21,weather_driven,historically_calibrated,0.566406,0.096289,5.0369,7.9586,0.0,2.9217
8638,12,26,22,weather_driven,historically_calibrated,0.473155,0.080436,4.3822,7.5865,0.0,3.2043
8639,12,26,23,weather_driven,historically_calibrated,0.432704,0.07356,4.081,7.2853,0.0,3.2043
8640,12,26,24,weather_driven,historically_calibrated,0.225217,0.038287,2.332,5.8365,0.0,3.5045
8641,12,27,1,weather_driven,historically_calibrated,0.153509,0.026097,1.6282,5.6173,0.0,3.9891
8642,12,27,2,weather_driven,historically_calibrated,0.153909,0.026165,1.6323,5.6214,0.0,3.9891
8643,12,27,3,weather_driven,historically_calibrated,0.171764,0.0292,1.8132,5.6361,0.0,3.8229
8644,12,27,4,weather_driven,historically_calibrated,0.212845,0.036184,2.2149,5.7193,0.0,3.5045
8645,12,27,5,weather_driven,historically_calibrated,0.260008,0.044201,2.6528,5.857,0.0,3.2043
8646,12,27,6,weather_driven,historically_calibrated,0.295291,0.050199,2.9656,6.0264,0.0,3.0608
8647,12,27,7,weather_driven,historically_calibrated,0.470704,0.08002,4.3643,7.286,0.0,2.9217
8648,12,27,8,weather_driven,historically_calibrated,0.497667,0.084603,4.5595,7.4812,0.0,2.9217
8649,12,27,9,weather_driven,historically_calibrated,0.528296,0.08981,4.7756,7.5625,0.0,2.7869
8650,12,27,10,weather_driven,historically_calibrated,0.53371,0.090731,4.8133,7.489,0.0194,2.6563
8651,12,27,11,weather_driven,historically_calibrated,0.449138,0.076354,4.2047,7.3109,0.0454,3.0608
8652,12,27,12,weather_driven,historically_calibrated,0.368636,0.062668,3.5799,7.1349,0.0505,3.5045
8653,12,27,13,weather_driven,historically_calibrated,0.300684,0.051116,3.0124,7.0546,0.0531,3.9891
8654,12,27,14,weather_driven,historically_calibrated,0.245708,0.04177,2.5225,7.1127,0.0739,4.5164
8655,12,27,15,weather_driven,historically_calibrated,0.145214,0.024686,1.5427,7.3049,0.0557,5.7064
8656,12,27,16,weather_driven,historically_calibrated,0.217838,0.037032,2.2623,7.5916,0.0402,5.2891
8657,12,27,17,weather_driven,historically_calibrated,0.254868,0.043328,2.6062,7.9017,0.0065,5.2891
8658,12,27,18,weather_driven,historically_calibrated,0.397271,0.067536,3.8077,8.1434,0.0,4.3358
8659,12,27,19,weather_driven,historically_calibrated,0.385982,0.065617,3.7186,8.235,0.0,4.5164
8660,12,27,20,weather_driven,historically_calibrated,0.397247,0.067532,3.8075,8.1433,0.0,4.3358
8661,12,27,21,weather_driven,historically_calibrated,0.233067,0.039621,2.4055,7.9006,0.0,5.4951
8662,12,27,22,weather_driven,historically_calibrated,0.243073,0.041322,2.4982,7.5865,0.0,5.0882
8663,12,27,23,weather_driven,historically_calibrated,0.148704,0.02528,1.5788,7.2853,0.0,5.7064
8664,12,27,24,weather_driven,historically_calibrated,0.00267,0.000454,-0.0866,5.8365,0.0,5.9231
8665,12,28,1,weather_driven,historically_calibrated,-0.037325,-0.006345,-0.6091,5.5361,0.0,6.1452
8666,12,28,2,weather_driven,historically_calibrated,-0.02033,-0.003456,-0.383,5.5401,0.0,5.9231
8667,12,28,3,weather_driven,historically_calibrated,0.047891,0.008141,0.4664,5.5546,0.0,5.0882
8668,12,28,4,weather_driven,historically_calibrated,-0.016042,-0.002727,-0.3269,5.5962,0.0,5.9231
8669,12,28,5,weather_driven,historically_calibrated,-0.008795,-0.001495,-0.233,5.6901,0.0,5.9231
8670,12,28,6,weather_driven,historically_calibrated,0.021501,0.003655,0.1483,5.8547,0.0,5.7064
8671,12,28,7,weather_driven,historically_calibrated,0.148774,0.025292,1.5795,7.286,0.0,5.7064
8672,12,28,8,weather_driven,historically_calibrated,0.146692,0.024938,1.558,7.4812,0.0,5.9231
8673,12,28,9,weather_driven,historically_calibrated,0.090623,0.015406,0.9566,7.5625,0.0,6.6059
8674,12,28,10,weather_driven,historically_calibrated,0.041417,0.007041,0.3895,7.489,0.0104,7.0891
8675,12,28,11,weather_driven,historically_calibrated,-0.034774,-0.005912,-0.5748,7.3109,0.0285,7.8572
8676,12,28,12,weather_driven,historically_calibrated,-0.067926,-0.011547,-1.0329,7.1349,0.0428,8.125
8677,12,28,13,weather_driven,historically_calibrated,-0.073729,-0.012534,-1.1158,7.0546,0.0454,8.125
8678,12,28,14,weather_driven,historically_calibrated,-0.069304,-0.011782,-1.0525,7.1127,0.0402,8.125
8679,12,28,15,weather_driven,historically_calibrated,-0.053881,-0.00916,-0.8356,7.3049,0.0156,8.125
8680,12,28,16,weather_driven,historically_calibrated,-0.032074,-0.005453,-0.5386,7.5916,0.0052,8.125
8681,12,28,17,weather_driven,historically_calibrated,-0.00814,-0.001384,-0.2246,7.9017,0.0013,8.125
8682,12,28,18,weather_driven,historically_calibrated,0.483389,0.082176,4.4567,9.1587,0.0,4.702
8683,12,28,19,weather_driven,historically_calibrated,0.933594,0.158711,7.1995,9.9863,0.0,2.7869
8684,12,28,20,weather_driven,historically_calibrated,1.437186,0.244322,9.4596,10.7708,0.0,1.3112
8685,12,28,21,weather_driven,historically_calibrated,1.700565,0.289096,10.4314,10.5078,0.0,0.0764
8686,12,28,22,weather_driven,historically_calibrated,1.765564,0.300146,10.6544,10.7576,0.0,0.1032
8687,12,28,23,weather_driven,historically_calibrated,1.771333,0.301127,10.6739,10.7045,0.0,0.0306
8688,12,28,24,weather_driven,historically_calibrated,1.282636,0.218048,8.8302,8.8326,0.0,0.0024
8689,12,29,1,weather_driven,historically_calibrated,1.073794,0.182545,7.8942,7.8945,0.0,0.0003
8690,12,29,2,weather_driven,historically_calibrated,1.122981,0.190907,8.1245,8.1245,0.0,0.0
8691,12,29,3,weather_driven,historically_calibrated,1.177105,0.200108,8.3706,8.3706,0.0,0.0
8692,12,29,4,weather_driven,historically_calibrated,1.234104,0.209798,8.6221,8.6221,0.0,0.0
8693,12,29,5,weather_driven,historically_calibrated,1.294892,0.220132,8.8819,8.8819,0.0,0.0
8694,12,29,6,weather_driven,historically_calibrated,1.366642,0.232329,9.1783,9.1783,0.0,0.0
8695,12,29,7,weather_driven,historically_calibrated,2.068057,0.35157,11.6187,11.6187,0.0,0.0
8696,12,29,8,weather_driven,historically_calibrated,2.244233,0.38152,12.1318,12.1318,0.0,0.0
8697,12,29,9,weather_driven,historically_calibrated,2.218333,0.377117,12.0584,12.0597,0.0013,0.0
8698,12,29,10,weather_driven,historically_calibrated,1.977748,0.336217,11.3426,11.3866,0.0441,0.0
8699,12,29,11,weather_driven,historically_calibrated,1.704853,0.289825,10.4463,10.5733,0.127,0.0
8700,12,29,12,weather_driven,historically_calibrated,1.507408,0.256259,9.7302,9.9337,0.2035,0.0
8701,12,29,13,weather_driven,historically_calibrated,1.381929,0.234928,9.2401,9.4887,0.2462,0.0024
8702,12,29,14,weather_driven,historically_calibrated,1.352904,0.229994,9.1224,9.327,0.2022,0.0024
8703,12,29,15,weather_driven,historically_calibrated,1.435909,0.244104,9.4546,9.579,0.1244,0.0
8704,12,29,16,weather_driven,historically_calibrated,1.610086,0.273715,10.1104,10.1598,0.0492,0.0001
8705,12,29,17,weather_driven,historically_calibrated,1.772416,0.301311,10.6776,10.6814,0.0039,0.0
8706,12,29,18,weather_driven,historically_calibrated,1.921995,0.326739,11.1673,11.173,0.0,0.0057
8707,12,29,19,weather_driven,historically_calibrated,1.753068,0.298022,10.612,11.132,0.0,0.52
8708,12,29,20,weather_driven,historically_calibrated,1.35843,0.230933,9.1449,10.6234,0.0,1.4784
8709,12,29,21,weather_driven,historically_calibrated,1.103952,0.187672,8.0362,9.3474,0.0,1.3112
8710,12,29,22,weather_driven,historically_calibrated,0.969841,0.164873,7.3848,8.6174,0.0,1.2326
8711,12,29,23,weather_driven,historically_calibrated,0.894282,0.152028,6.9935,8.2261,0.0,1.2326
8712,12,29,24,weather_driven,historically_calibrated,0.667663,0.113503,5.6928,6.7084,0.0,1.0156
8713,12,30,1,weather_driven,historically_calibrated,0.5974,0.101558,5.2433,6.4005,0.0,1.1571
8714,12,30,2,weather_driven,historically_calibrated,0.457627,0.077797,4.2679,6.4425,0.0,2.1746
8715,12,30,3,weather_driven,historically_calibrated,0.556123,0.094541,4.9672,6.5343,0.0,1.5671
8716,12,30,4,weather_driven,historically_calibrated,0.557762,0.09482,4.9784,6.5455,0.0,1.5671
8717,12,30,5,weather_driven,historically_calibrated,0.679996,0.115599,5.7692,6.6553,0.0,0.8861
8718,12,30,6,weather_driven,historically_calibrated,0.667323,0.113445,5.6907,6.8478,0.0,1.1571
8719,12,30,7,weather_driven,historically_calibrated,0.984198,0.167314,7.4571,8.4727,0.0,1.0156
8720,12,30,8,weather_driven,historically_calibrated,1.101643,0.187279,8.0254,8.8511,0.0,0.8257
8721,12,30,9,weather_driven,historically_calibrated,1.180792,0.200735,8.3871,9.1004,0.0,0.7133
8722,12,30,10,weather_driven,historically_calibrated,1.211009,0.205872,8.5211,9.0119,0.013,0.4779
8723,12,30,11,weather_driven,historically_calibrated,1.171432,0.199143,8.3452,8.8963,0.0311,0.52
8724,12,30,12,weather_driven,historically_calibrated,1.056529,0.17961,7.8117,8.7303,0.0324,0.8861
8725,12,30,13,weather_driven,historically_calibrated,0.946576,0.160918,7.2663,8.4416,0.0181,1.1571
8726,12,30,14,weather_driven,historically_calibrated,1.082281,0.183988,7.9344,8.4152,0.0428,0.4381
8727,12,30,15,weather_driven,historically_calibrated,1.07443,0.182653,7.8972,8.5933,0.035,0.6611
8728,12,30,16,weather_driven,historically_calibrated,1.113412,0.18928,8.0802,8.9306,0.0246,0.8257
8729,12,30,17,weather_driven,historically_calibrated,1.185162,0.201478,8.4066,9.2954,0.0026,0.8861
8730,12,30,18,weather_driven,historically_calibrated,1.289318,0.219184,8.8584,9.7445,0.0,0.8861
8731,12,30,19,weather_driven,historically_calibrated,1.344017,0.228483,9.086,9.8541,0.0,0.7682
8732,12,30,20,weather_driven,historically_calibrated,1.24274,0.211266,8.6595,9.7443,0.0,1.0848
8733,12,30,21,weather_driven,historically_calibrated,1.066389,0.181286,7.8589,9.6139,0.0,1.755
8734,12,30,22,weather_driven,historically_calibrated,1.009322,0.171585,7.582,9.4364,0.0,1.8543
8735,12,30,23,weather_driven,historically_calibrated,0.798952,0.135822,6.4714,9.2583,0.0,2.7869
8736,12,30,24,weather_driven,historically_calibrated,0.335726,0.057073,3.31,7.2991,0.0,3.9891
8737,12,31,1,weather_driven,historically_calibrated,0.28632,0.048674,2.8872,7.4036,0.0,4.5164
8738,12,31,2,weather_driven,historically_calibrated,0.224018,0.038083,2.3208,7.409,0.0,5.0882
8739,12,31,3,weather_driven,historically_calibrated,0.162707,0.02766,1.722,7.4284,0.0,5.7064
8740,12,31,4,weather_driven,historically_calibrated,0.133537,0.022701,1.4209,7.5661,0.0,6.1452
8741,12,31,5,weather_driven,historically_calibrated,0.007365,0.001252,-0.0274,7.5679,0.0,7.5953
8742,12,31,6,weather_driven,historically_calibrated,0.05661,0.009624,0.5688,7.6579,0.0,7.0891
8743,12,31,7,weather_driven,historically_calibrated,0.188276,0.032007,1.9771,9.3163,0.0,7.3393
8744,12,31,8,weather_driven,historically_calibrated,0.135446,0.023026,1.4409,9.5659,0.0,8.125
8745,12,31,9,weather_driven,historically_calibrated,0.098682,0.016776,1.0458,9.1708,0.0,8.125
8746,12,31,10,weather_driven,historically_calibrated,0.055122,0.009371,0.5515,8.6972,0.0207,8.125
8747,12,31,11,weather_driven,historically_calibrated,-0.028967,-0.004924,-0.4971,7.6862,0.0583,8.125
8748,12,31,12,weather_driven,historically_calibrated,-0.068564,-0.011656,-1.0419,7.1349,0.0518,8.125
8749,12,31,13,weather_driven,historically_calibrated,-0.076251,-0.012963,-1.152,7.0546,0.0816,8.125
8750,12,31,14,weather_driven,historically_calibrated,0.041992,0.007139,0.3964,8.5732,0.0518,8.125
8751,12,31,15,weather_driven,historically_calibrated,0.08411,0.014299,0.8838,9.0191,0.0104,8.125
8752,12,31,16,weather_driven,historically_calibrated,0.121511,0.020657,1.2934,9.4288,0.0104,8.125
8753,12,31,17,weather_driven,historically_calibrated,0.240379,0.040864,2.4734,9.8139,0.0013,7.3393
8754,12,31,18,weather_driven,historically_calibrated,0.381326,0.064825,3.6816,10.0544,0.0,6.3728
8755,12,31,19,weather_driven,historically_calibrated,0.537239,0.091331,4.8377,9.926,0.0,5.0882
8756,12,31,20,weather_driven,historically_calibrated,0.408102,0.069377,3.8922,9.8153,0.0,5.9231
8757,12,31,21,weather_driven,historically_calibrated,0.668828,0.113701,5.7,9.5229,0.0,3.8229
8758,12,31,22,weather_driven,historically_calibrated,0.778922,0.132417,6.3574,9.1442,0.0,2.7869
8759,12,31,23,weather_driven,historically_calibrated,0.760567,0.129296,6.2514,8.7812,0.0,2.5298
8760,12,31,24,weather_driven,historically_calibrated,0.519354,0.08829,4.7131,7.1205,0.0,2.4074
