timestep,month,day,hour_epw,tariff_type,calibration_status,price_factor,price_eur_per_kWh_at_base_price,RL_GW,demand_proxy_GW,pv_proxy_GW,wind_proxy_GW
1,1,1,1,weather_driven,historically_calibrated,1.386365,0.235682,11.2056,11.2604,0.0,0.0548
2,1,1,2,weather_driven,historically_calibrated,1.342714,0.228261,11.0107,11.0655,0.0,0.0548
3,1,1,3,weather_driven,historically_calibrated,1.355877,0.230499,11.07,11.0945,0.0,0.0245
4,1,1,4,weather_driven,historically_calibrated,1.369717,0.232852,11.1319,11.1775,0.0,0.0457
5,1,1,5,weather_driven,historically_calibrated,1.412328,0.240096,11.3194,11.3651,0.0,0.0457
6,1,1,6,weather_driven,historically_calibrated,1.545181,0.262681,11.8779,11.9085,0.0,0.0306
7,1,1,7,weather_driven,historically_calibrated,2.471576,0.420168,14.9718,14.98,0.0,0.0081
8,1,1,8,weather_driven,historically_calibrated,2.62124,0.445611,15.3774,15.3813,0.0,0.0038
9,1,1,9,weather_driven,historically_calibrated,2.795054,0.475159,15.8245,15.8258,0.0013,0.0001
10,1,1,10,weather_driven,historically_calibrated,2.740459,0.465878,15.6867,15.7269,0.0402,0.0
11,1,1,11,weather_driven,historically_calibrated,2.689766,0.45726,15.5566,15.6746,0.1179,0.0
12,1,1,12,weather_driven,historically_calibrated,2.519579,0.428328,15.1042,15.2973,0.1931,0.0
13,1,1,13,weather_driven,historically_calibrated,2.19975,0.373957,14.1792,14.4008,0.2216,0.0
14,1,1,14,weather_driven,historically_calibrated,2.165402,0.368118,14.0733,14.2586,0.1853,0.0
15,1,1,15,weather_driven,historically_calibrated,2.27655,0.387013,14.4111,14.5368,0.1257,0.0
16,1,1,16,weather_driven,historically_calibrated,2.502287,0.425389,15.0567,15.1073,0.0505,0.0
17,1,1,17,weather_driven,historically_calibrated,2.799325,0.475885,15.8351,15.8403,0.0052,0.0
18,1,1,18,weather_driven,historically_calibrated,3.156947,0.536681,16.6832,16.6832,0.0,0.0
19,1,1,19,weather_driven,historically_calibrated,3.466243,0.589261,17.3515,17.3539,0.0,0.0024
20,1,1,20,weather_driven,historically_calibrated,3.338248,0.567502,17.0816,17.1008,0.0,0.0193
21,1,1,21,weather_driven,historically_calibrated,3.077457,0.523168,16.5022,16.5913,0.0,0.0892
22,1,1,22,weather_driven,historically_calibrated,2.679896,0.455582,15.5311,15.9316,0.0,0.4005
23,1,1,23,weather_driven,historically_calibrated,2.392274,0.406687,14.7485,15.8333,0.0,1.0848
24,1,1,24,weather_driven,historically_calibrated,1.290259,0.219344,10.7702,12.7275,0.0,1.9573
25,1,2,1,weather_driven,historically_calibrated,1.314098,0.223397,10.8804,12.113,0.0,1.2326
26,1,2,2,weather_driven,historically_calibrated,1.507003,0.256191,11.7213,12.1218,0.0,0.4005
27,1,2,3,weather_driven,historically_calibrated,1.391143,0.236494,11.2267,12.1128,0.0,0.8861
28,1,2,4,weather_driven,historically_calibrated,0.978217,0.166297,9.1704,11.9572,0.0,2.7869
29,1,2,5,weather_driven,historically_calibrated,1.213108,0.206228,10.4029,12.1579,0.0,1.755
30,1,2,6,weather_driven,historically_calibrated,1.30755,0.222284,10.8502,12.5095,0.0,1.6593
31,1,2,7,weather_driven,historically_calibrated,2.187861,0.371936,14.1427,15.6211,0.0,1.4784
32,1,2,8,weather_driven,historically_calibrated,2.272564,0.386336,14.3992,15.7104,0.0,1.3112
33,1,2,9,weather_driven,historically_calibrated,2.150516,0.365588,14.027,15.8813,0.0,1.8543
34,1,2,10,weather_driven,historically_calibrated,1.628802,0.276896,12.2107,15.7269,0.0117,3.5045
35,1,2,11,weather_driven,historically_calibrated,1.14006,0.19381,10.0392,15.3529,0.0246,5.2891
36,1,2,12,weather_driven,historically_calibrated,0.91286,0.155186,8.7914,14.9833,0.0467,6.1452
37,1,2,13,weather_driven,historically_calibrated,0.76009,0.129215,7.8302,14.9699,0.0505,7.0891
38,1,2,14,weather_driven,historically_calibrated,0.947264,0.161035,8.9931,14.7281,0.0285,5.7064
39,1,2,15,weather_driven,historically_calibrated,1.343215,0.228347,11.013,15.0189,0.0168,3.9891
40,1,2,16,weather_driven,historically_calibrated,1.791731,0.304594,12.8226,15.497,0.0181,2.6563
41,1,2,17,weather_driven,historically_calibrated,2.477666,0.421203,14.9888,16.3039,0.0039,1.3112
42,1,2,18,weather_driven,historically_calibrated,2.942538,0.500231,16.1854,16.6235,0.0,0.4381
43,1,2,19,weather_driven,historically_calibrated,3.065761,0.521179,16.4752,16.6293,0.0,0.1541
44,1,2,20,weather_driven,historically_calibrated,3.14012,0.53382,16.6452,16.6828,0.0,0.0376
45,1,2,21,weather_driven,historically_calibrated,2.942387,0.500206,16.1851,16.1858,0.0,0.0007
46,1,2,22,weather_driven,historically_calibrated,2.684175,0.45631,15.5421,15.5421,0.0,0.0
47,1,2,23,weather_driven,historically_calibrated,2.777291,0.47214,15.7799,15.7799,0.0,0.0
48,1,2,24,weather_driven,historically_calibrated,1.753932,0.298168,12.6847,12.6847,0.0,0.0
49,1,3,1,weather_driven,historically_calibrated,1.593629,0.270917,12.0724,12.0724,0.0,0.0
50,1,3,2,weather_driven,historically_calibrated,1.595851,0.271295,12.0812,12.0812,0.0,0.0
51,1,3,3,weather_driven,historically_calibrated,1.602888,0.272491,12.109,12.1128,0.0,0.0038
52,1,3,4,weather_driven,historically_calibrated,1.562795,0.265675,11.9491,11.9572,0.0,0.0081
53,1,3,5,weather_driven,historically_calibrated,1.540807,0.261937,11.8601,11.8658,0.0,0.0057
54,1,3,6,weather_driven,historically_calibrated,1.605496,0.272934,12.1193,12.1231,0.0,0.0038
55,1,3,7,weather_driven,historically_calibrated,2.394602,0.407082,14.7551,14.7663,0.0,0.0111
56,1,3,8,weather_driven,historically_calibrated,2.480726,0.421723,14.9972,14.9972,0.0,0.0
57,1,3,9,weather_driven,historically_calibrated,2.55928,0.435078,15.212,15.2158,0.0,0.0038
58,1,3,10,weather_driven,historically_calibrated,2.413828,0.410351,14.8098,14.8481,0.0078,0.0306
59,1,3,11,weather_driven,historically_calibrated,2.238009,0.380462,14.2955,14.3342,0.0194,0.0193
60,1,3,12,weather_driven,historically_calibrated,2.070821,0.35204,13.7744,13.8322,0.0272,0.0306
61,1,3,13,weather_driven,historically_calibrated,1.929981,0.328097,13.308,13.3661,0.0389,0.0193
62,1,3,14,weather_driven,historically_calibrated,1.886275,0.320667,13.1576,13.2154,0.0272,0.0306
63,1,3,15,weather_driven,historically_calibrated,1.818586,0.30916,12.9192,13.0368,0.0285,0.0892
64,1,3,16,weather_driven,historically_calibrated,1.818873,0.309208,12.9202,12.9918,0.0259,0.0457
65,1,3,17,weather_driven,historically_calibrated,1.920518,0.326488,13.2757,13.2907,0.0039,0.0111
66,1,3,18,weather_driven,historically_calibrated,1.976001,0.33592,13.4634,13.5181,0.0,0.0548
67,1,3,19,weather_driven,historically_calibrated,1.9881,0.337977,13.5037,13.5494,0.0,0.0457
68,1,3,20,weather_driven,historically_calibrated,1.912549,0.325133,13.2483,13.2789,0.0,0.0306
69,1,3,21,weather_driven,historically_calibrated,1.774599,0.301682,12.7604,12.8254,0.0,0.065
70,1,3,22,weather_driven,historically_calibrated,1.636048,0.278128,12.2389,12.3154,0.0,0.0764
71,1,3,23,weather_driven,historically_calibrated,1.494608,0.254083,11.6698,11.773,0.0,0.1032
72,1,3,24,weather_driven,historically_calibrated,0.986105,0.167638,9.2149,9.2606,0.0,0.0457
73,1,4,1,weather_driven,historically_calibrated,0.892032,0.151645,8.6669,8.7433,0.0,0.0764
74,1,4,2,weather_driven,historically_calibrated,0.883235,0.15015,8.6137,8.6685,0.0,0.0548
75,1,4,3,weather_driven,historically_calibrated,0.869795,0.147865,8.5318,8.6504,0.0,0.1187
76,1,4,4,weather_driven,historically_calibrated,0.784248,0.133322,7.99,8.51,0.0,0.52
77,1,4,5,weather_driven,historically_calibrated,0.799841,0.135973,8.0915,8.5693,0.0,0.4779
78,1,4,6,weather_driven,historically_calibrated,0.843029,0.143315,8.3661,8.7313,0.0,0.3652
79,1,4,7,weather_driven,historically_calibrated,1.273966,0.216574,10.694,10.759,0.0,0.065
80,1,4,8,weather_driven,historically_calibrated,1.304666,0.221793,10.8369,10.8826,0.0,0.0457
81,1,4,9,weather_driven,historically_calibrated,1.316357,0.223781,10.8907,10.9455,0.0,0.0548
82,1,4,10,weather_driven,historically_calibrated,1.257377,0.213754,10.6156,10.6743,0.0039,0.0548
83,1,4,11,weather_driven,historically_calibrated,1.187806,0.201927,10.2787,10.3668,0.0117,0.0764
84,1,4,12,weather_driven,historically_calibrated,1.093508,0.185896,9.7986,10.0127,0.0181,0.1959
85,1,4,13,weather_driven,historically_calibrated,1.010699,0.171819,9.3523,9.7448,0.0272,0.3652
86,1,4,14,weather_driven,historically_calibrated,0.974945,0.165741,9.1518,9.6686,0.0389,0.4779
87,1,4,15,weather_driven,historically_calibrated,0.991745,0.168597,9.2466,9.9298,0.022,0.6611
88,1,4,16,weather_driven,historically_calibrated,1.06481,0.181018,9.6467,10.3195,0.0117,0.6611
89,1,4,17,weather_driven,historically_calibrated,1.148969,0.195325,10.0844,10.799,0.0013,0.7133
90,1,4,18,weather_driven,historically_calibrated,1.215816,0.206689,10.4161,11.1294,0.0,0.7133
91,1,4,19,weather_driven,historically_calibrated,1.242921,0.211297,10.5468,11.3149,0.0,0.7682
92,1,4,20,weather_driven,historically_calibrated,1.216333,0.206777,10.4186,11.368,0.0,0.9494
93,1,4,21,weather_driven,historically_calibrated,1.117947,0.190051,9.9258,11.319,0.0,1.3932
94,1,4,22,weather_driven,historically_calibrated,1.03791,0.176445,9.5017,10.9802,0.0,1.4784
95,1,4,23,weather_driven,historically_calibrated,0.870092,0.147916,8.5336,10.5976,0.0,2.0641
96,1,4,24,weather_driven,historically_calibrated,0.388618,0.066065,4.8716,8.533,0.0,3.6614
97,1,5,1,weather_driven,historically_calibrated,0.256839,0.043663,3.4962,8.0126,0.0,4.5164
98,1,5,2,weather_driven,historically_calibrated,0.253787,0.043144,3.4614,7.9778,0.0,4.5164
99,1,5,3,weather_driven,historically_calibrated,0.28643,0.048693,3.8259,8.1616,0.0,4.3358
100,1,5,4,weather_driven,historically_calibrated,0.299656,0.050942,3.969,8.3048,0.0,4.3358
101,1,5,5,weather_driven,historically_calibrated,0.223948,0.038071,3.1133,8.4024,0.0,5.2891
102,1,5,6,weather_driven,historically_calibrated,0.054233,0.00922,0.7883,8.6454,0.0,7.8572
103,1,5,7,weather_driven,historically_calibrated,0.206427,0.035093,2.9018,10.759,0.0,7.8572
104,1,5,8,weather_driven,historically_calibrated,0.297481,0.050572,3.9457,11.5409,0.0,7.5953
105,1,5,9,weather_driven,historically_calibrated,0.301036,0.051176,3.9838,12.1101,0.0013,8.125
106,1,5,10,weather_driven,historically_calibrated,0.362625,0.061646,4.6181,11.9923,0.035,7.3393
107,1,5,11,weather_driven,historically_calibrated,0.293101,0.049827,3.8984,11.6,0.1063,7.5953
108,1,5,12,weather_driven,historically_calibrated,0.475827,0.080891,5.6688,11.3207,0.1568,5.4951
109,1,5,13,weather_driven,historically_calibrated,0.409815,0.069669,5.0727,10.9346,0.1555,5.7064
110,1,5,14,weather_driven,historically_calibrated,0.472199,0.080274,5.6371,11.0247,0.0985,5.2891
111,1,5,15,weather_driven,historically_calibrated,0.652855,0.110985,7.0806,11.5369,0.1205,4.3358
112,1,5,16,weather_driven,historically_calibrated,0.790267,0.134345,8.0293,12.435,0.07,4.3358
113,1,5,17,weather_driven,historically_calibrated,1.246109,0.211839,10.562,13.6384,0.0156,3.0608
114,1,5,18,weather_driven,historically_calibrated,1.637429,0.278363,12.2443,14.5333,0.0,2.289
115,1,5,19,weather_driven,historically_calibrated,1.886363,0.320682,13.1579,14.6364,0.0,1.4784
116,1,5,20,weather_driven,historically_calibrated,2.196898,0.373473,14.1704,14.8316,0.0,0.6611
117,1,5,21,weather_driven,historically_calibrated,2.197905,0.373644,14.1735,14.5056,0.0,0.332
118,1,5,22,weather_driven,historically_calibrated,2.26741,0.38546,14.3838,14.4295,0.0,0.0457
119,1,5,23,weather_driven,historically_calibrated,2.251914,0.382825,14.3374,14.3374,0.0,0.0
120,1,5,24,weather_driven,historically_calibrated,1.57543,0.267823,11.9999,11.9999,0.0,0.0
121,1,6,1,weather_driven,historically_calibrated,1.250651,0.212611,10.5837,10.5837,0.0,0.0
122,1,6,2,weather_driven,historically_calibrated,1.260148,0.214225,10.6288,10.6288,0.0,0.0
123,1,6,3,weather_driven,historically_calibrated,1.314341,0.223438,10.8815,10.8815,0.0,0.0
124,1,6,4,weather_driven,historically_calibrated,1.399856,0.237976,11.265,11.265,0.0,0.0
125,1,6,5,weather_driven,historically_calibrated,1.516568,0.257817,11.7608,11.7611,0.0,0.0003
126,1,6,6,weather_driven,historically_calibrated,1.609974,0.273696,12.1369,12.1408,0.0,0.0038
127,1,6,7,weather_driven,historically_calibrated,2.279516,0.387518,14.4199,14.4206,0.0,0.0007
128,1,6,8,weather_driven,historically_calibrated,2.39307,0.406822,14.7507,14.7564,0.0,0.0057
129,1,6,9,weather_driven,historically_calibrated,2.331112,0.396289,14.5719,14.6108,0.0013,0.0376
130,1,6,10,weather_driven,historically_calibrated,2.239749,0.380757,14.3008,14.4687,0.0492,0.1187
131,1,6,11,weather_driven,historically_calibrated,2.03446,0.345858,13.6565,14.1246,0.1361,0.332
132,1,6,12,weather_driven,historically_calibrated,1.828784,0.310893,12.9555,13.7365,0.2164,0.5645
133,1,6,13,weather_driven,historically_calibrated,1.486513,0.252707,11.636,12.9632,0.2424,1.0848
134,1,6,14,weather_driven,historically_calibrated,1.547747,0.263117,11.8883,13.022,0.2475,0.8861
135,1,6,15,weather_driven,historically_calibrated,1.630686,0.277217,12.2181,13.2753,0.1711,0.8861
136,1,6,16,weather_driven,historically_calibrated,1.895132,0.322172,13.1883,13.8475,0.0946,0.5645
137,1,6,17,weather_driven,historically_calibrated,2.192769,0.372771,14.1578,14.8396,0.0207,0.6611
138,1,6,18,weather_driven,historically_calibrated,2.334025,0.396784,14.5804,15.3485,0.0,0.7682
139,1,6,19,weather_driven,historically_calibrated,2.538022,0.431464,15.1544,15.6323,0.0,0.4779
140,1,6,20,weather_driven,historically_calibrated,2.586065,0.439631,15.2839,15.4581,0.0,0.1741
141,1,6,21,weather_driven,historically_calibrated,2.453356,0.417071,14.9211,14.9975,0.0,0.0764
142,1,6,22,weather_driven,historically_calibrated,2.271304,0.386122,14.3954,14.4011,0.0,0.0057
143,1,6,23,weather_driven,historically_calibrated,2.087952,0.354952,13.8294,13.8294,0.0,0.0
144,1,6,24,weather_driven,historically_calibrated,1.357935,0.230849,11.0792,11.0792,0.0,0.0
145,1,7,1,weather_driven,historically_calibrated,1.242827,0.211281,10.5463,10.5463,0.0,0.0
146,1,7,2,weather_driven,historically_calibrated,1.252274,0.212887,10.5914,10.5914,0.0,0.0
147,1,7,3,weather_driven,historically_calibrated,1.258118,0.21388,10.6192,10.6192,0.0,0.0
148,1,7,4,weather_driven,historically_calibrated,1.283017,0.218113,10.7364,10.7364,0.0,0.0
149,1,7,5,weather_driven,historically_calibrated,1.321989,0.224738,10.9165,10.9165,0.0,0.0
150,1,7,6,weather_driven,historically_calibrated,1.392411,0.23671,11.2323,11.2323,0.0,0.0
151,1,7,7,weather_driven,historically_calibrated,2.13493,0.362938,13.9782,13.9782,0.0,0.0
152,1,7,8,weather_driven,historically_calibrated,2.256968,0.383685,14.3526,14.3527,0.0,0.0001
153,1,7,9,weather_driven,historically_calibrated,2.343926,0.398467,14.6092,14.6108,0.0013,0.0003
154,1,7,10,weather_driven,historically_calibrated,2.386469,0.4057,14.7319,14.7719,0.0376,0.0024
155,1,7,11,weather_driven,historically_calibrated,2.139363,0.363692,13.9921,14.1246,0.1244,0.0081
156,1,7,12,weather_driven,historically_calibrated,1.983719,0.337232,13.4891,13.7365,0.2229,0.0245
157,1,7,13,weather_driven,historically_calibrated,1.676369,0.284983,12.3941,12.8204,0.2722,0.1541
158,1,7,14,weather_driven,historically_calibrated,1.54948,0.263412,11.8953,12.5421,0.2462,0.4005
159,1,7,15,weather_driven,historically_calibrated,1.602013,0.272342,12.1056,12.9796,0.1607,0.7133
160,1,7,16,weather_driven,historically_calibrated,1.774658,0.301692,12.7606,13.8475,0.0713,1.0156
161,1,7,17,weather_driven,historically_calibrated,1.915058,0.32556,13.257,14.8396,0.0156,1.5671
162,1,7,18,weather_driven,historically_calibrated,1.842599,0.313242,13.0046,15.2936,0.0,2.289
163,1,7,19,weather_driven,historically_calibrated,1.798048,0.305668,12.8454,15.6323,0.0,2.7869
164,1,7,20,weather_driven,historically_calibrated,1.60211,0.272359,12.1059,15.4581,0.0,3.3521
165,1,7,21,weather_driven,historically_calibrated,1.191209,0.202506,10.2955,14.9975,0.0,4.702
166,1,7,22,weather_driven,historically_calibrated,0.825529,0.14034,8.2559,14.4011,0.0,6.1452
167,1,7,23,weather_driven,historically_calibrated,0.658953,0.112022,7.1251,13.7311,0.0,6.6059
168,1,7,24,weather_driven,historically_calibrated,0.272751,0.046368,3.6751,10.7642,0.0,7.0891
169,1,8,1,weather_driven,historically_calibrated,0.214278,0.036427,2.9973,10.8544,0.0,7.8572
170,1,8,2,weather_driven,historically_calibrated,0.18987,0.032278,2.6967,10.8217,0.0,8.125
171,1,8,3,weather_driven,historically_calibrated,0.385903,0.065604,4.8455,10.7686,0.0,5.9231
172,1,8,4,weather_driven,historically_calibrated,0.537041,0.091297,6.1851,10.5209,0.0,4.3358
173,1,8,5,weather_driven,historically_calibrated,0.554772,0.094311,6.3288,10.4888,0.0,4.16
174,1,8,6,weather_driven,historically_calibrated,0.50271,0.085461,5.8996,10.7922,0.0,4.8926
175,1,8,7,weather_driven,historically_calibrated,0.882526,0.150029,8.6094,13.6976,0.0,5.0882
176,1,8,8,weather_driven,historically_calibrated,1.180011,0.200602,10.2401,14.2292,0.0,3.9891
177,1,8,9,weather_driven,historically_calibrated,1.177673,0.200204,10.2285,14.2175,0.0,3.9891
178,1,8,10,weather_driven,historically_calibrated,1.260092,0.214216,10.6285,14.299,0.0091,3.6614
179,1,8,11,weather_driven,historically_calibrated,1.760668,0.299313,12.7094,13.7445,0.0194,1.0156
180,1,8,12,weather_driven,historically_calibrated,1.636081,0.278134,12.2391,13.0474,0.0402,0.7682
181,1,8,13,weather_driven,historically_calibrated,1.201646,0.20428,10.3469,12.7971,0.0428,2.4074
182,1,8,14,weather_driven,historically_calibrated,1.088421,0.185032,9.7719,12.4852,0.057,2.6563
183,1,8,15,weather_driven,historically_calibrated,1.241868,0.211118,10.5417,12.8761,0.0454,2.289
184,1,8,16,weather_driven,historically_calibrated,1.393987,0.236978,11.2392,12.9361,0.0376,1.6593
185,1,8,17,weather_driven,historically_calibrated,1.739653,0.295741,12.632,13.4066,0.0065,0.7682
186,1,8,18,weather_driven,historically_calibrated,2.101379,0.357234,13.8722,14.5333,0.0,0.6611
187,1,8,19,weather_driven,historically_calibrated,2.292489,0.389723,14.4584,15.1195,0.0,0.6611
188,1,8,20,weather_driven,historically_calibrated,2.300787,0.391134,14.4829,15.369,0.0,0.8861
189,1,8,21,weather_driven,historically_calibrated,2.342991,0.398309,14.6065,15.3746,0.0,0.7682
190,1,8,22,weather_driven,historically_calibrated,2.30373,0.391634,14.4916,15.1527,0.0,0.6611
191,1,8,23,weather_driven,historically_calibrated,2.203735,0.374635,14.1914,14.7114,0.0,0.52
192,1,8,24,weather_driven,historically_calibrated,1.459471,0.24811,11.522,11.9999,0.0,0.4779
193,1,9,1,weather_driven,historically_calibrated,1.292591,0.21974,10.781,11.301,0.0,0.52
194,1,9,2,weather_driven,historically_calibrated,1.347988,0.229158,11.0345,11.5124,0.0,0.4779
195,1,9,3,weather_driven,historically_calibrated,1.403835,0.238652,11.2824,11.5833,0.0,0.3009
196,1,9,4,weather_driven,historically_calibrated,1.457984,0.247857,11.5157,11.9162,0.0,0.4005
197,1,9,5,weather_driven,historically_calibrated,1.497069,0.254502,11.68,12.1579,0.0,0.4779
198,1,9,6,weather_driven,historically_calibrated,1.572855,0.267385,11.9895,12.5095,0.0,0.52
199,1,9,7,weather_driven,historically_calibrated,2.29805,0.390668,14.4748,15.3006,0.0,0.8257
200,1,9,8,weather_driven,historically_calibrated,2.440378,0.414864,14.8847,15.7104,0.0,0.8257
201,1,9,9,weather_driven,historically_calibrated,2.456766,0.41765,14.9306,15.8813,0.0013,0.9494
202,1,9,10,weather_driven,historically_calibrated,2.412498,0.410125,14.806,15.6719,0.0402,0.8257
203,1,9,11,weather_driven,historically_calibrated,2.236282,0.380168,14.2903,15.2456,0.1296,0.8257
204,1,9,12,weather_driven,historically_calibrated,2.080795,0.353735,13.8065,14.5124,0.2281,0.4779
205,1,9,13,weather_driven,historically_calibrated,1.880093,0.319616,13.1361,13.78,0.2786,0.3652
206,1,9,14,weather_driven,historically_calibrated,1.946742,0.330946,13.3649,13.7892,0.2501,0.1741
207,1,9,15,weather_driven,historically_calibrated,2.114084,0.359394,13.9125,14.1082,0.1581,0.0376
208,1,9,16,weather_driven,historically_calibrated,2.244248,0.381522,14.3143,14.3836,0.0635,0.0057
209,1,9,17,weather_driven,historically_calibrated,2.531103,0.430287,15.1356,15.145,0.0091,0.0003
210,1,9,18,weather_driven,historically_calibrated,2.756581,0.468619,15.7276,15.7277,0.0,0.0001
211,1,9,19,weather_driven,historically_calibrated,2.951334,0.501727,16.2064,16.2065,0.0,0.0001
212,1,9,20,weather_driven,historically_calibrated,3.026607,0.514523,16.3842,16.3842,0.0,0.0
213,1,9,21,weather_driven,historically_calibrated,2.754472,0.46826,15.7223,15.7223,0.0,0.0
214,1,9,22,weather_driven,historically_calibrated,2.456616,0.417625,14.9302,14.9302,0.0,0.0
215,1,9,23,weather_driven,historically_calibrated,2.251914,0.382825,14.3374,14.3374,0.0,0.0
216,1,9,24,weather_driven,historically_calibrated,1.501933,0.255329,11.7002,11.7002,0.0,0.0
217,1,10,1,weather_driven,historically_calibrated,1.445715,0.245771,11.4634,11.4634,0.0,0.0
218,1,10,2,weather_driven,historically_calibrated,1.595851,0.271295,12.0812,12.0812,0.0,0.0
219,1,10,3,weather_driven,historically_calibrated,1.614202,0.274414,12.1536,12.1536,0.0,0.0
220,1,10,4,weather_driven,historically_calibrated,1.757,0.29869,12.6959,12.6959,0.0,0.0
221,1,10,5,weather_driven,historically_calibrated,1.839173,0.312659,12.9924,12.9924,0.0,0.0
222,1,10,6,weather_driven,historically_calibrated,2.025078,0.344263,13.6258,13.6258,0.0,0.0
223,1,10,7,weather_driven,historically_calibrated,3.020167,0.513428,16.3692,16.3692,0.0,0.0
224,1,10,8,weather_driven,historically_calibrated,2.904761,0.493809,16.0945,16.0945,0.0,0.0
225,1,10,9,weather_driven,historically_calibrated,3.000783,0.510133,16.3237,16.325,0.0013,0.0
226,1,10,10,weather_driven,historically_calibrated,2.894467,0.492059,16.0695,16.1113,0.0415,0.0003
227,1,10,11,weather_driven,historically_calibrated,2.540259,0.431844,15.1605,15.2993,0.1374,0.0014
228,1,10,12,weather_driven,historically_calibrated,2.280196,0.387633,14.4219,14.6694,0.2436,0.0038
229,1,10,13,weather_driven,historically_calibrated,2.091792,0.355605,13.8416,14.1421,0.2981,0.0024
230,1,10,14,weather_driven,historically_calibrated,2.000842,0.340143,13.546,13.8414,0.2709,0.0245
231,1,10,15,weather_driven,historically_calibrated,2.146658,0.364932,14.0149,14.2689,0.1776,0.0764
232,1,10,16,weather_driven,historically_calibrated,2.582504,0.439026,15.2744,15.4413,0.0778,0.0892
233,1,10,17,weather_driven,historically_calibrated,2.872412,0.48831,16.0158,16.188,0.0181,0.1541
234,1,10,18,weather_driven,historically_calibrated,3.106497,0.528104,16.5688,16.7429,0.0,0.1741
235,1,10,19,weather_driven,historically_calibrated,3.614172,0.614409,17.6528,17.8975,0.0,0.2447
236,1,10,20,weather_driven,historically_calibrated,3.736954,0.635282,17.8946,18.2952,0.0,0.4005
237,1,10,21,weather_driven,historically_calibrated,3.341692,0.568088,17.089,17.7501,0.0,0.6611
238,1,10,22,weather_driven,historically_calibrated,2.979813,0.506568,16.2742,17.0999,0.0,0.8257
239,1,10,23,weather_driven,historically_calibrated,2.859,0.48603,15.9829,16.421,0.0,0.4381
240,1,10,24,weather_driven,historically_calibrated,1.740604,0.295903,12.6355,13.1555,0.0,0.52
241,1,11,1,weather_driven,historically_calibrated,1.524006,0.259081,11.7914,12.5595,0.0,0.7682
242,1,11,2,weather_driven,historically_calibrated,1.472872,0.250388,11.5787,12.5281,0.0,0.9494
243,1,11,3,weather_driven,historically_calibrated,1.486054,0.252629,11.634,12.5202,0.0,0.8861
244,1,11,4,weather_driven,historically_calibrated,1.430808,0.243237,11.3994,12.2856,0.0,0.8861
245,1,11,5,weather_driven,historically_calibrated,1.352937,0.229999,11.0568,12.45,0.0,1.3932
246,1,11,6,weather_driven,historically_calibrated,1.274859,0.216726,10.6982,12.5525,0.0,1.8543
247,1,11,7,weather_driven,historically_calibrated,1.811322,0.307925,12.8931,15.3006,0.0,2.4074
248,1,11,8,weather_driven,historically_calibrated,1.330119,0.22612,10.9536,15.6556,0.0,4.702
249,1,11,9,weather_driven,historically_calibrated,1.774959,0.301743,12.7617,15.5485,0.0,2.7869
250,1,11,10,weather_driven,historically_calibrated,1.575193,0.267783,11.9989,15.6719,0.0117,3.6614
251,1,11,11,weather_driven,historically_calibrated,1.355298,0.230401,11.0674,14.924,0.0337,3.8229
252,1,11,12,weather_driven,historically_calibrated,1.633259,0.277654,12.2281,14.931,0.0467,2.6563
253,1,11,13,weather_driven,historically_calibrated,1.985934,0.337609,13.4965,15.0216,0.0467,1.4784
254,1,11,14,weather_driven,historically_calibrated,1.926155,0.327446,13.2949,14.5716,0.0441,1.2326
255,1,11,15,weather_driven,historically_calibrated,2.057343,0.349748,13.7309,14.4296,0.0376,0.6611
256,1,11,16,weather_driven,historically_calibrated,2.358109,0.400879,14.6503,14.9403,0.0181,0.2718
257,1,11,17,weather_driven,historically_calibrated,2.579765,0.43856,15.2671,15.3768,0.0065,0.1032
258,1,11,18,weather_driven,historically_calibrated,2.750017,0.467503,15.711,15.7874,0.0,0.0764
259,1,11,19,weather_driven,historically_calibrated,2.765637,0.470158,15.7505,15.9046,0.0,0.1541
260,1,11,20,weather_driven,historically_calibrated,2.505166,0.425878,15.0647,15.3093,0.0,0.2447
261,1,11,21,weather_driven,historically_calibrated,2.123112,0.360929,13.941,14.5056,0.0,0.5645
262,1,11,22,weather_driven,historically_calibrated,1.633258,0.277654,12.2281,13.5393,0.0,1.3112
263,1,11,23,weather_driven,historically_calibrated,1.489821,0.253269,11.6498,12.7346,0.0,1.0848
264,1,11,24,weather_driven,historically_calibrated,0.905132,0.153873,8.7455,9.9026,0.0,1.1571
265,1,12,1,weather_driven,historically_calibrated,0.815976,0.138716,8.1952,9.3523,0.0,1.1571
266,1,12,2,weather_driven,historically_calibrated,0.876708,0.14904,8.574,9.3998,0.0,0.8257
267,1,12,3,weather_driven,historically_calibrated,0.924433,0.157154,8.8598,9.4244,0.0,0.5645
268,1,12,4,weather_driven,historically_calibrated,0.914516,0.155468,8.8013,9.4128,0.0,0.6116
269,1,12,5,weather_driven,historically_calibrated,0.969723,0.164853,9.1221,9.4873,0.0,0.3652
270,1,12,6,weather_driven,historically_calibrated,0.990728,0.168424,9.2409,9.7188,0.0,0.4779
271,1,12,7,weather_driven,historically_calibrated,1.44676,0.245949,11.4679,11.9879,0.0,0.52
272,1,12,8,weather_driven,historically_calibrated,1.503406,0.255579,11.7064,12.1444,0.0,0.4381
273,1,12,9,weather_driven,historically_calibrated,1.544711,0.262601,11.876,12.2765,0.0,0.4005
274,1,12,10,weather_driven,historically_calibrated,1.437058,0.2443,11.4263,11.8825,0.0181,0.4381
275,1,12,11,weather_driven,historically_calibrated,1.342732,0.228264,11.0108,11.3319,0.0492,0.2718
276,1,12,12,weather_driven,historically_calibrated,1.266322,0.215275,10.658,10.9545,0.0518,0.2447
277,1,12,13,weather_driven,historically_calibrated,1.187027,0.201795,10.2749,10.8312,0.0363,0.52
278,1,12,14,weather_driven,historically_calibrated,1.207778,0.205322,10.3769,10.5553,0.0752,0.1032
279,1,12,15,weather_driven,historically_calibrated,1.3172,0.223924,10.8946,11.0012,0.0518,0.0548
280,1,12,16,weather_driven,historically_calibrated,1.419253,0.241273,11.3495,11.3773,0.013,0.0148
281,1,12,17,weather_driven,historically_calibrated,1.564663,0.265993,11.9566,11.9579,0.0013,0.0
282,1,12,18,weather_driven,historically_calibrated,1.673567,0.284506,12.3835,12.3835,0.0,0.0
283,1,12,19,weather_driven,historically_calibrated,1.789233,0.30417,12.8135,12.8247,0.0,0.0111
284,1,12,20,weather_driven,historically_calibrated,1.769632,0.300837,12.7422,12.8609,0.0,0.1187
285,1,12,21,weather_driven,historically_calibrated,1.724027,0.293085,12.5739,12.7095,0.0,0.1356
286,1,12,22,weather_driven,historically_calibrated,1.62521,0.276286,12.1967,12.3154,0.0,0.1187
287,1,12,23,weather_driven,historically_calibrated,1.521038,0.258576,11.7792,11.9333,0.0,0.1541
288,1,12,24,weather_driven,historically_calibrated,1.039471,0.17671,9.5102,9.6458,0.0,0.1356
289,1,13,1,weather_driven,historically_calibrated,0.838232,0.142499,8.336,8.4547,0.0,0.1187
290,1,13,2,weather_driven,historically_calibrated,0.85368,0.145126,8.4324,8.5356,0.0,0.1032
291,1,13,3,weather_driven,historically_calibrated,0.875594,0.148851,8.5672,8.6704,0.0,0.1032
292,1,13,4,weather_driven,historically_calibrated,0.89486,0.152126,8.6839,8.7731,0.0,0.0892
293,1,13,5,weather_driven,historically_calibrated,0.908039,0.154367,8.7628,8.9587,0.0,0.1959
294,1,13,6,weather_driven,historically_calibrated,0.92391,0.157065,8.8568,9.2573,0.0,0.4005
295,1,13,7,weather_driven,historically_calibrated,1.424927,0.242238,11.374,11.6187,0.0,0.2447
296,1,13,8,weather_driven,historically_calibrated,1.54848,0.263242,11.8913,11.9804,0.0,0.0892
297,1,13,9,weather_driven,historically_calibrated,1.644237,0.27952,12.2707,12.4679,0.0013,0.1959
298,1,13,10,weather_driven,historically_calibrated,1.608794,0.273495,12.1323,12.3466,0.0402,0.1741
299,1,13,11,weather_driven,historically_calibrated,1.431273,0.243316,11.4014,11.7078,0.1322,0.1741
300,1,13,12,weather_driven,historically_calibrated,1.246025,0.211824,10.5616,11.0409,0.2346,0.2447
301,1,13,13,weather_driven,historically_calibrated,1.155569,0.196447,10.1178,10.6786,0.289,0.2718
302,1,13,14,weather_driven,historically_calibrated,1.139545,0.193723,10.0366,10.6226,0.254,0.332
303,1,13,15,weather_driven,historically_calibrated,1.229497,0.209015,10.4823,10.9096,0.1555,0.2718
304,1,13,16,weather_driven,historically_calibrated,1.449386,0.246396,11.4791,11.7475,0.0726,0.1959
305,1,13,17,weather_driven,historically_calibrated,1.604536,0.272771,12.1155,12.1741,0.013,0.0457
306,1,13,18,weather_driven,historically_calibrated,1.878154,0.319286,13.1294,13.2058,0.0,0.0764
307,1,13,19,weather_driven,historically_calibrated,2.034642,0.345889,13.6571,13.6877,0.0,0.0306
308,1,13,20,weather_driven,historically_calibrated,2.121863,0.360717,13.9371,13.9747,0.0,0.0376
309,1,13,21,weather_driven,historically_calibrated,2.170759,0.369029,14.0899,14.1447,0.0,0.0548
310,1,13,22,weather_driven,historically_calibrated,2.067107,0.351408,13.7625,13.7869,0.0,0.0245
311,1,13,23,weather_driven,historically_calibrated,1.950874,0.331649,13.3789,13.387,0.0,0.0081
312,1,13,24,weather_driven,historically_calibrated,1.29744,0.220565,10.8035,10.8036,0.0,0.0001
313,1,14,1,weather_driven,historically_calibrated,1.196625,0.203426,10.3222,10.3222,0.0,0.0
314,1,14,2,weather_driven,historically_calibrated,1.252274,0.212887,10.5914,10.5914,0.0,0.0
315,1,14,3,weather_driven,historically_calibrated,1.372404,0.233309,11.1438,11.1438,0.0,0.0
316,1,14,4,weather_driven,historically_calibrated,1.408496,0.239444,11.3027,11.3027,0.0,0.0
317,1,14,5,weather_driven,historically_calibrated,1.452504,0.246926,11.4924,11.4924,0.0,0.0
318,1,14,6,weather_driven,historically_calibrated,1.541836,0.262112,11.8643,11.8643,0.0,0.0
319,1,14,7,weather_driven,historically_calibrated,2.415264,0.410595,14.8139,14.8139,0.0,0.0
320,1,14,8,weather_driven,historically_calibrated,2.558807,0.434997,15.2107,15.2107,0.0,0.0
321,1,14,9,weather_driven,historically_calibrated,2.61976,0.445359,15.3735,15.3761,0.0026,0.0
322,1,14,10,weather_driven,historically_calibrated,2.400472,0.40808,14.7718,14.8224,0.0505,0.0
323,1,14,11,weather_driven,historically_calibrated,2.134929,0.362938,13.9782,14.1246,0.1464,0.0
324,1,14,12,weather_driven,historically_calibrated,1.973148,0.335435,13.4538,13.6884,0.2346,0.0
325,1,14,13,weather_driven,historically_calibrated,1.768992,0.300729,12.7399,13.0108,0.2709,0.0
326,1,14,14,weather_driven,historically_calibrated,1.764606,0.299983,12.7238,12.974,0.2501,0.0
327,1,14,15,weather_driven,historically_calibrated,1.908346,0.324419,13.2339,13.4231,0.1892,0.0
328,1,14,16,weather_driven,historically_calibrated,2.11179,0.359004,13.9052,14.0011,0.0959,0.0
329,1,14,17,weather_driven,historically_calibrated,2.304067,0.391691,14.4926,14.5198,0.0272,0.0
330,1,14,18,weather_driven,historically_calibrated,2.488554,0.423054,15.0189,15.0189,0.0,0.0
331,1,14,19,weather_driven,historically_calibrated,2.719157,0.462257,15.6323,15.6323,0.0,0.0
332,1,14,20,weather_driven,historically_calibrated,2.63097,0.447265,15.4031,15.4031,0.0,0.0
333,1,14,21,weather_driven,historically_calibrated,2.461645,0.41848,14.9442,14.9442,0.0,0.0
334,1,14,22,weather_driven,historically_calibrated,2.256098,0.383537,14.35,14.35,0.0,0.0
335,1,14,23,weather_driven,historically_calibrated,2.087952,0.354952,13.8294,13.8294,0.0,0.0
336,1,14,24,weather_driven,historically_calibrated,1.402407,0.238409,11.2761,11.2761,0.0,0.0
337,1,15,1,weather_driven,historically_calibrated,1.464803,0.249017,11.5446,11.5446,0.0,0.0
338,1,15,2,weather_driven,historically_calibrated,1.52532,0.259304,11.7968,11.7968,0.0,0.0
339,1,15,3,weather_driven,historically_calibrated,1.532869,0.260588,11.8277,11.8277,0.0,0.0
340,1,15,4,weather_driven,historically_calibrated,1.554639,0.264289,11.9162,11.9162,0.0,0.0
341,1,15,5,weather_driven,historically_calibrated,1.604697,0.272798,12.1162,12.1162,0.0,0.0
342,1,15,6,weather_driven,historically_calibrated,1.706846,0.290164,12.5095,12.5095,0.0,0.0
343,1,15,7,weather_driven,historically_calibrated,2.714536,0.461471,15.6204,15.6211,0.0,0.0007
344,1,15,8,weather_driven,historically_calibrated,2.903767,0.49364,16.0921,16.0945,0.0,0.0024
345,1,15,9,weather_driven,historically_calibrated,3.194471,0.54306,16.7673,16.7686,0.0013,0.0001
346,1,15,10,weather_driven,historically_calibrated,2.915673,0.495664,16.1208,16.1662,0.0454,0.0
347,1,15,11,weather_driven,historically_calibrated,2.544083,0.432494,15.1709,15.2993,0.1283,0.0001
348,1,15,12,weather_driven,historically_calibrated,2.27,0.3859,14.3915,14.6171,0.2255,0.0
349,1,15,13,weather_driven,historically_calibrated,2.077974,0.353256,13.7974,14.0904,0.2929,0.0001
350,1,15,14,weather_driven,historically_calibrated,2.120134,0.360423,13.9316,14.2065,0.2735,0.0014
351,1,15,15,weather_driven,historically_calibrated,2.271793,0.386205,14.3969,14.5903,0.1853,0.0081
352,1,15,16,weather_driven,historically_calibrated,2.51546,0.427628,15.0929,15.2186,0.0881,0.0376
353,1,15,17,weather_driven,historically_calibrated,2.858818,0.485999,15.9825,16.0721,0.0246,0.065
354,1,15,18,weather_driven,historically_calibrated,3.149532,0.53542,16.6665,16.7429,0.0,0.0764
355,1,15,19,weather_driven,historically_calibrated,3.654917,0.621336,17.7338,17.8371,0.0,0.1032
356,1,15,20,weather_driven,historically_calibrated,3.844033,0.653486,18.0999,18.2355,0.0,0.1356
357,1,15,21,weather_driven,historically_calibrated,3.633739,0.617736,17.6918,17.866,0.0,0.1741
358,1,15,22,weather_driven,historically_calibrated,3.352805,0.569977,17.1127,17.2668,0.0,0.1541
359,1,15,23,weather_driven,historically_calibrated,3.06811,0.521579,16.4806,16.6347,0.0,0.1541
360,1,15,24,weather_driven,historically_calibrated,1.908338,0.324417,13.2339,13.3695,0.0,0.1356
361,1,16,1,weather_driven,historically_calibrated,1.782556,0.303034,12.7893,12.9249,0.0,0.1356
362,1,16,2,weather_driven,historically_calibrated,1.796957,0.305483,12.8415,13.0156,0.0,0.1741
363,1,16,3,weather_driven,historically_calibrated,1.846358,0.313881,13.0179,13.1719,0.0,0.1541
364,1,16,4,weather_driven,historically_calibrated,1.909983,0.324697,13.2395,13.3936,0.0,0.1541
365,1,16,5,weather_driven,historically_calibrated,2.001364,0.340232,13.5477,13.7018,0.0,0.1541
366,1,16,6,weather_driven,historically_calibrated,2.137727,0.363414,13.987,14.141,0.0,0.1541
367,1,16,7,weather_driven,historically_calibrated,3.468202,0.589594,17.3556,17.4912,0.0,0.1356
368,1,16,8,weather_driven,historically_calibrated,3.724589,0.63318,17.8706,17.9598,0.0,0.0892
369,1,16,9,weather_driven,historically_calibrated,3.824784,0.650213,18.0633,18.1551,0.0026,0.0892
370,1,16,10,weather_driven,historically_calibrated,3.619733,0.615355,17.6639,17.8138,0.0467,0.1032
371,1,16,11,weather_driven,historically_calibrated,3.247777,0.552122,16.8852,17.1221,0.1477,0.0892
372,1,16,12,weather_driven,historically_calibrated,2.937726,0.499414,16.1739,16.5007,0.2618,0.065
373,1,16,13,weather_driven,historically_calibrated,2.683639,0.456219,15.5408,15.9011,0.3227,0.0376
374,1,16,14,weather_driven,historically_calibrated,2.532108,0.430458,15.1383,15.4583,0.2955,0.0245
375,1,16,15,weather_driven,historically_calibrated,2.690857,0.457446,15.5594,15.7689,0.1983,0.0111
376,1,16,16,weather_driven,historically_calibrated,2.964918,0.504036,16.2388,16.3321,0.0894,0.0038
377,1,16,17,weather_driven,historically_calibrated,3.396377,0.577384,17.2053,17.231,0.0233,0.0024
378,1,16,18,weather_driven,historically_calibrated,4.046364,0.687882,18.474,18.4747,0.0,0.0007
379,1,16,19,weather_driven,historically_calibrated,4.30219,0.731372,18.9238,18.9241,0.0,0.0003
380,1,16,20,weather_driven,historically_calibrated,4.318331,0.734116,18.9514,18.9521,0.0,0.0007
381,1,16,21,weather_driven,historically_calibrated,4.062577,0.690638,18.5033,18.5033,0.0,0.0
382,1,16,22,weather_driven,historically_calibrated,3.757497,0.638774,17.9344,17.9344,0.0,0.0
383,1,16,23,weather_driven,historically_calibrated,3.455498,0.587435,17.3292,17.3292,0.0,0.0
384,1,16,24,weather_driven,historically_calibrated,2.104811,0.357818,13.8831,13.8831,0.0,0.0
385,1,17,1,weather_driven,historically_calibrated,1.960723,0.333323,13.4121,13.4121,0.0,0.0
386,1,17,2,weather_driven,historically_calibrated,1.963633,0.333818,13.4219,13.4219,0.0,0.0
387,1,17,3,weather_driven,historically_calibrated,1.998587,0.33976,13.5385,13.5385,0.0,0.0
388,1,17,4,weather_driven,historically_calibrated,1.919007,0.326231,13.2705,13.2705,0.0,0.0
389,1,17,5,weather_driven,historically_calibrated,2.035544,0.346043,13.6601,13.6601,0.0,0.0
390,1,17,6,weather_driven,historically_calibrated,2.215381,0.376615,14.2269,14.2269,0.0,0.0
391,1,17,7,weather_driven,historically_calibrated,3.640333,0.618857,17.7049,17.7049,0.0,0.0
392,1,17,8,weather_driven,historically_calibrated,3.915548,0.665643,18.2341,18.2341,0.0,0.0
393,1,17,9,weather_driven,historically_calibrated,4.083407,0.694179,18.5407,18.5433,0.0026,0.0
394,1,17,10,weather_driven,historically_calibrated,3.840282,0.652848,18.0927,18.1433,0.0505,0.0
395,1,17,11,weather_driven,historically_calibrated,3.338863,0.567607,17.0829,17.2293,0.1464,0.0
396,1,17,12,weather_driven,historically_calibrated,3.24469,0.551597,16.8784,17.1286,0.2501,0.0
397,1,17,13,weather_driven,historically_calibrated,2.914389,0.495446,16.1177,16.4184,0.3007,0.0
398,1,17,14,weather_driven,historically_calibrated,2.882397,0.490007,16.0401,16.2929,0.2527,0.0
399,1,17,15,weather_driven,historically_calibrated,2.983352,0.50717,16.2825,16.4653,0.1827,0.0
400,1,17,16,weather_driven,historically_calibrated,3.058133,0.519883,16.4575,16.5547,0.0972,0.0
401,1,17,17,weather_driven,historically_calibrated,3.421349,0.581629,17.2579,17.289,0.0311,0.0
402,1,17,18,weather_driven,historically_calibrated,3.981157,0.676797,18.3553,18.3553,0.0,0.0
403,1,17,19,weather_driven,historically_calibrated,4.197608,0.713593,18.7429,18.7429,0.0,0.0
404,1,17,20,weather_driven,historically_calibrated,4.180642,0.710709,18.7132,18.7132,0.0,0.0
405,1,17,21,weather_driven,historically_calibrated,3.935713,0.669071,18.2715,18.2715,0.0,0.0
406,1,17,22,weather_driven,historically_calibrated,3.560599,0.605302,17.545,17.545,0.0,0.0
407,1,17,23,weather_driven,historically_calibrated,3.206926,0.545177,16.795,16.795,0.0,0.0
408,1,17,24,weather_driven,historically_calibrated,1.960778,0.333332,13.4123,13.4123,0.0,0.0
409,1,18,1,weather_driven,historically_calibrated,1.83159,0.31137,12.9655,12.9655,0.0,0.0
410,1,18,2,weather_driven,historically_calibrated,1.845725,0.313773,13.0156,13.0156,0.0,0.0
411,1,18,3,weather_driven,historically_calibrated,1.902177,0.32337,13.2127,13.2127,0.0,0.0
412,1,18,4,weather_driven,historically_calibrated,1.967433,0.334464,13.4346,13.4346,0.0,0.0
413,1,18,5,weather_driven,historically_calibrated,2.087204,0.354825,13.827,13.827,0.0,0.0
414,1,18,6,weather_driven,historically_calibrated,2.078025,0.353264,13.7976,13.7976,0.0,0.0
415,1,18,7,weather_driven,historically_calibrated,3.380001,0.5746,17.1706,17.1706,0.0,0.0
416,1,18,8,weather_driven,historically_calibrated,3.630546,0.617193,17.6855,17.6855,0.0,0.0
417,1,18,9,weather_driven,historically_calibrated,3.78436,0.643341,17.9861,17.9887,0.0026,0.0
418,1,18,10,weather_driven,historically_calibrated,3.560539,0.605292,17.5449,17.5941,0.0492,0.0
419,1,18,11,weather_driven,historically_calibrated,3.418938,0.581219,17.2528,17.3902,0.1374,0.0
420,1,18,12,weather_driven,historically_calibrated,2.978051,0.506269,16.27,16.5007,0.2307,0.0
421,1,18,13,weather_driven,historically_calibrated,2.464618,0.418985,14.9525,15.2285,0.276,0.0
422,1,18,14,weather_driven,historically_calibrated,2.474432,0.420653,14.9798,15.1975,0.2177,0.0
423,1,18,15,weather_driven,historically_calibrated,2.628744,0.446886,15.3973,15.501,0.1037,0.0001
424,1,18,16,weather_driven,historically_calibrated,2.733645,0.46472,15.6693,15.7197,0.048,0.0024
425,1,18,17,weather_driven,historically_calibrated,2.984486,0.507363,16.2852,16.3039,0.013,0.0057
426,1,18,18,weather_driven,historically_calibrated,3.236293,0.55017,16.8599,16.8623,0.0,0.0024
427,1,18,19,weather_driven,historically_calibrated,3.495953,0.594312,17.4129,17.4143,0.0,0.0014
428,1,18,20,weather_driven,historically_calibrated,3.37412,0.5736,17.1581,17.1605,0.0,0.0024
429,1,18,21,weather_driven,historically_calibrated,3.113887,0.529361,16.5856,16.5913,0.0,0.0057
430,1,18,22,weather_driven,historically_calibrated,2.701394,0.459237,15.5866,15.5978,0.0,0.0111
431,1,18,23,weather_driven,historically_calibrated,2.449489,0.416413,14.9102,14.9251,0.0,0.0148
432,1,18,24,weather_driven,historically_calibrated,1.546607,0.262923,11.8837,11.9142,0.0,0.0306
433,1,19,1,weather_driven,historically_calibrated,1.381057,0.23478,11.1822,11.2198,0.0,0.0376
434,1,19,2,weather_driven,historically_calibrated,1.337921,0.227447,10.989,11.0655,0.0,0.0764
435,1,19,3,weather_driven,historically_calibrated,1.304111,0.221699,10.8344,11.0538,0.0,0.2194
436,1,19,4,weather_driven,historically_calibrated,1.2817,0.217889,10.7302,11.0954,0.0,0.3652
437,1,19,5,weather_driven,historically_calibrated,1.279167,0.217458,10.7184,11.1564,0.0,0.4381
438,1,19,6,weather_driven,historically_calibrated,1.292735,0.219765,10.7817,11.3932,0.0,0.6116
439,1,19,7,weather_driven,historically_calibrated,1.976133,0.335943,13.4638,14.2319,0.0,0.7682
440,1,19,8,weather_driven,historically_calibrated,2.019925,0.343387,13.6089,14.5583,0.0,0.9494
441,1,19,9,weather_driven,historically_calibrated,2.107278,0.358237,13.8909,14.7167,0.0,0.8257
442,1,19,10,weather_driven,historically_calibrated,2.139377,0.363694,13.9921,14.5186,0.0065,0.52
443,1,19,11,weather_driven,historically_calibrated,2.076886,0.353071,13.7939,14.1734,0.0143,0.3652
444,1,19,12,weather_driven,historically_calibrated,2.015204,0.342585,13.5934,13.8322,0.0194,0.2194
445,1,19,13,weather_driven,historically_calibrated,1.982403,0.337008,13.4847,13.5731,0.0233,0.065
446,1,19,14,weather_driven,historically_calibrated,2.016279,0.342767,13.5969,13.6327,0.0246,0.0111
447,1,19,15,weather_driven,historically_calibrated,2.116982,0.359887,13.9217,13.9475,0.022,0.0038
448,1,19,16,weather_driven,historically_calibrated,2.299481,0.390912,14.479,14.4949,0.0156,0.0003
449,1,19,17,weather_driven,historically_calibrated,2.489896,0.423282,15.0226,15.0291,0.0065,0.0
450,1,19,18,weather_driven,historically_calibrated,2.663624,0.452816,15.4887,15.4888,0.0,0.0001
451,1,19,19,weather_driven,historically_calibrated,2.754644,0.468289,15.7227,15.7234,0.0,0.0007
452,1,19,20,weather_driven,historically_calibrated,2.708171,0.460389,15.6041,15.6079,0.0,0.0038
453,1,19,21,weather_driven,historically_calibrated,2.52256,0.428835,15.1123,15.1429,0.0,0.0306
454,1,19,22,weather_driven,historically_calibrated,2.286101,0.388637,14.4394,14.4851,0.0,0.0457
455,1,19,23,weather_driven,historically_calibrated,2.092844,0.355783,13.845,13.91,0.0,0.065
456,1,19,24,weather_driven,historically_calibrated,1.355977,0.230516,11.0704,11.101,0.0,0.0306
457,1,20,1,weather_driven,historically_calibrated,1.0583,0.179911,9.6119,9.6126,0.0,0.0007
458,1,20,2,weather_driven,historically_calibrated,1.045729,0.177774,9.5441,9.5448,0.0,0.0007
459,1,20,3,weather_driven,historically_calibrated,1.042507,0.177226,9.5267,9.5324,0.0,0.0057
460,1,20,4,weather_driven,historically_calibrated,1.019345,0.173289,9.4001,9.4149,0.0,0.0148
461,1,20,5,weather_driven,historically_calibrated,1.003433,0.170584,9.312,9.3426,0.0,0.0306
462,1,20,6,weather_driven,historically_calibrated,1.027454,0.174667,9.4446,9.5338,0.0,0.0892
463,1,20,7,weather_driven,historically_calibrated,1.454304,0.247232,11.5,11.6187,0.0,0.1187
464,1,20,8,weather_driven,historically_calibrated,1.499317,0.254884,11.6894,11.7785,0.0,0.0892
465,1,20,9,weather_driven,historically_calibrated,1.51612,0.25774,11.7589,11.8046,0.0,0.0457
466,1,20,10,weather_driven,historically_calibrated,1.46298,0.248707,11.5369,11.5887,0.0143,0.0376
467,1,20,11,weather_driven,historically_calibrated,1.351982,0.229837,11.0525,11.1159,0.0389,0.0245
468,1,20,12,weather_driven,historically_calibrated,1.217598,0.206992,10.4247,10.5595,0.0583,0.0764
469,1,20,13,weather_driven,historically_calibrated,1.112068,0.189052,9.8954,10.1075,0.0765,0.1356
470,1,20,14,weather_driven,historically_calibrated,1.053982,0.179177,9.5887,9.8548,0.092,0.1741
471,1,20,15,weather_driven,historically_calibrated,1.063117,0.18073,9.6377,9.8747,0.0829,0.1541
472,1,20,16,weather_driven,historically_calibrated,1.141063,0.193981,10.0443,10.211,0.0635,0.1032
473,1,20,17,weather_driven,historically_calibrated,1.294748,0.220107,10.791,10.8947,0.0272,0.0764
474,1,20,18,weather_driven,historically_calibrated,1.596944,0.271481,12.0855,12.162,0.0,0.0764
475,1,20,19,weather_driven,historically_calibrated,1.724953,0.293242,12.5773,12.6321,0.0,0.0548
476,1,20,20,weather_driven,historically_calibrated,1.765849,0.300194,12.7284,12.766,0.0,0.0376
477,1,20,21,weather_driven,historically_calibrated,1.747193,0.297023,12.6598,12.7055,0.0,0.0457
478,1,20,22,weather_driven,historically_calibrated,1.718962,0.292224,12.555,12.6097,0.0,0.0548
479,1,20,23,weather_driven,historically_calibrated,1.690416,0.287371,12.4475,12.5023,0.0,0.0548
480,1,20,24,weather_driven,historically_calibrated,1.16542,0.198121,10.1673,10.2129,0.0,0.0457
481,1,21,1,weather_driven,historically_calibrated,1.097448,0.186566,9.8193,9.874,0.0,0.0548
482,1,21,2,weather_driven,historically_calibrated,1.123757,0.191039,9.9557,9.9934,0.0,0.0376
483,1,21,3,weather_driven,historically_calibrated,1.152325,0.195895,10.1014,10.132,0.0,0.0306
484,1,21,4,weather_driven,historically_calibrated,1.174959,0.199743,10.215,10.2456,0.0,0.0306
485,1,21,5,weather_driven,historically_calibrated,1.218968,0.207225,10.4314,10.4559,0.0,0.0245
486,1,21,6,weather_driven,historically_calibrated,1.27274,0.216366,10.6882,10.7188,0.0,0.0306
487,1,21,7,weather_driven,historically_calibrated,1.930158,0.328127,13.3086,13.3392,0.0,0.0306
488,1,21,8,weather_driven,historically_calibrated,2.006582,0.341119,13.565,13.5956,0.0,0.0306
489,1,21,9,weather_driven,historically_calibrated,2.047998,0.34816,13.7006,13.7434,0.0052,0.0376
490,1,21,10,weather_driven,historically_calibrated,1.880959,0.319763,13.1392,13.2561,0.0713,0.0457
491,1,21,11,weather_driven,historically_calibrated,1.608443,0.273435,12.1309,12.349,0.1633,0.0548
492,1,21,12,weather_driven,historically_calibrated,1.380391,0.234666,11.1792,11.5222,0.2398,0.1032
493,1,21,13,weather_driven,historically_calibrated,1.235493,0.210034,10.5112,11.0118,0.2812,0.2194
494,1,21,14,weather_driven,historically_calibrated,1.151882,0.19582,10.0992,10.8146,0.2773,0.4381
495,1,21,15,weather_driven,historically_calibrated,1.186833,0.201762,10.2739,11.0575,0.219,0.5645
496,1,21,16,weather_driven,historically_calibrated,1.316019,0.223723,10.8892,11.5427,0.1335,0.52
497,1,21,17,weather_driven,historically_calibrated,1.526086,0.259435,11.7999,12.2808,0.0428,0.4381
498,1,21,18,weather_driven,historically_calibrated,1.686918,0.286776,12.4343,12.7663,0.0,0.332
499,1,21,19,weather_driven,historically_calibrated,1.763768,0.299841,12.7208,12.9654,0.0,0.2447
500,1,21,20,weather_driven,historically_calibrated,1.731466,0.294349,12.6016,12.821,0.0,0.2194
501,1,21,21,weather_driven,historically_calibrated,1.650883,0.28065,12.2964,12.4923,0.0,0.1959
502,1,21,22,weather_driven,historically_calibrated,1.520298,0.258451,11.7761,11.9955,0.0,0.2194
503,1,21,23,weather_driven,historically_calibrated,1.389244,0.236172,11.2183,11.5193,0.0,0.3009
504,1,21,24,weather_driven,historically_calibrated,0.945668,0.160764,8.9839,9.2285,0.0,0.2447
505,1,22,1,weather_driven,historically_calibrated,1.011975,0.172036,9.3594,9.5553,0.0,0.1959
506,1,22,2,weather_driven,historically_calibrated,1.024177,0.17411,9.4267,9.5623,0.0,0.1356
507,1,22,3,weather_driven,historically_calibrated,1.04217,0.177169,9.5248,9.6281,0.0,0.1032
508,1,22,4,weather_driven,historically_calibrated,1.087767,0.18492,9.7685,9.8232,0.0,0.0548
509,1,22,5,weather_driven,historically_calibrated,1.121165,0.190598,9.9424,9.9881,0.0,0.0457
510,1,22,6,weather_driven,historically_calibrated,1.179856,0.200575,10.2393,10.2769,0.0,0.0376
511,1,22,7,weather_driven,historically_calibrated,1.738505,0.295546,12.6277,12.6825,0.0,0.0548
512,1,22,8,weather_driven,historically_calibrated,1.791936,0.304629,12.8233,12.9125,0.0,0.0892
513,1,22,9,weather_driven,historically_calibrated,1.784062,0.30329,12.7948,12.8865,0.0026,0.0892
514,1,22,10,weather_driven,historically_calibrated,1.632983,0.277607,12.227,12.3768,0.0311,0.1187
515,1,22,11,weather_driven,historically_calibrated,1.432377,0.243504,11.4062,11.6536,0.0933,0.1541
516,1,22,12,weather_driven,historically_calibrated,1.259096,0.214046,10.6238,10.9545,0.1348,0.1959
517,1,22,13,weather_driven,historically_calibrated,1.21246,0.206118,10.3997,10.676,0.0804,0.1959
518,1,22,14,weather_driven,historically_calibrated,1.16028,0.197248,10.1415,10.451,0.0648,0.2447
519,1,22,15,weather_driven,historically_calibrated,1.218208,0.207095,10.4277,10.7869,0.0583,0.3009
520,1,22,16,weather_driven,historically_calibrated,1.316739,0.223846,10.8925,11.2103,0.0168,0.3009
521,1,22,17,weather_driven,historically_calibrated,1.413128,0.240232,11.3229,11.6103,0.0156,0.2718
522,1,22,18,weather_driven,historically_calibrated,1.483803,0.252246,11.6246,12.0251,0.0,0.4005
523,1,22,19,weather_driven,historically_calibrated,1.516342,0.257778,11.7599,12.1604,0.0,0.4005
524,1,22,20,weather_driven,historically_calibrated,1.408795,0.239495,11.304,11.9652,0.0,0.6611
525,1,22,21,weather_driven,historically_calibrated,1.305515,0.221938,10.8409,11.6666,0.0,0.8257
526,1,22,22,weather_driven,historically_calibrated,1.15828,0.196908,10.1314,11.1471,0.0,1.0156
527,1,22,23,weather_driven,historically_calibrated,1.113452,0.189287,9.9026,10.9182,0.0,1.0156
528,1,22,24,weather_driven,historically_calibrated,0.782545,0.133033,7.9788,8.747,0.0,0.7682
529,1,23,1,weather_driven,historically_calibrated,0.67491,0.114735,7.2405,8.2562,0.0,1.0156
530,1,23,2,weather_driven,historically_calibrated,0.67575,0.114877,7.2466,8.2622,0.0,1.0156
531,1,23,3,weather_driven,historically_calibrated,0.669139,0.113754,7.199,8.2838,0.0,1.0848
532,1,23,4,weather_driven,historically_calibrated,0.744543,0.126572,7.7257,8.3869,0.0,0.6611
533,1,23,5,weather_driven,historically_calibrated,0.793342,0.134868,8.0493,8.5693,0.0,0.52
534,1,23,6,weather_driven,historically_calibrated,0.865909,0.147205,8.5079,8.946,0.0,0.4381
535,1,23,7,weather_driven,historically_calibrated,1.412506,0.240126,11.3202,11.7207,0.0,0.4005
536,1,23,8,weather_driven,historically_calibrated,1.593803,0.270946,12.0731,12.4736,0.0,0.4005
537,1,23,9,weather_driven,historically_calibrated,1.659895,0.282182,12.3311,12.7756,0.0065,0.4381
538,1,23,10,weather_driven,historically_calibrated,1.500413,0.25507,11.6939,12.3768,0.0713,0.6116
539,1,23,11,weather_driven,historically_calibrated,1.280509,0.217687,10.7246,11.6,0.162,0.7133
540,1,23,12,weather_driven,historically_calibrated,1.075551,0.182844,9.7039,10.9021,0.2488,0.9494
541,1,23,13,weather_driven,historically_calibrated,0.92728,0.157638,8.8766,10.2621,0.3007,1.0848
542,1,23,14,weather_driven,historically_calibrated,0.874196,0.148613,8.5587,9.9815,0.2657,1.1571
543,1,23,15,weather_driven,historically_calibrated,0.925944,0.157411,8.8687,10.1441,0.1905,1.0848
544,1,23,16,weather_driven,historically_calibrated,1.031052,0.175279,9.4643,10.5979,0.1179,1.0156
545,1,23,17,weather_driven,historically_calibrated,1.222725,0.207863,10.4496,11.3785,0.0428,0.8861
546,1,23,18,weather_driven,historically_calibrated,1.4119,0.240023,11.3175,12.1446,0.0013,0.8257
547,1,23,19,weather_driven,historically_calibrated,1.53852,0.261548,11.8508,12.4623,0.0,0.6116
548,1,23,20,weather_driven,historically_calibrated,1.58166,0.268882,12.0247,12.5026,0.0,0.4779
549,1,23,21,weather_driven,historically_calibrated,1.542226,0.262178,11.8659,12.3039,0.0,0.4381
550,1,23,22,weather_driven,historically_calibrated,1.447205,0.246025,11.4698,11.8703,0.0,0.4005
551,1,23,23,weather_driven,historically_calibrated,1.379168,0.234459,11.1738,11.5059,0.0,0.332
552,1,23,24,weather_driven,historically_calibrated,0.941499,0.160055,8.9597,9.2606,0.0,0.3009
553,1,24,1,weather_driven,historically_calibrated,0.881768,0.149901,8.6048,8.9057,0.0,0.3009
554,1,24,2,weather_driven,historically_calibrated,0.901151,0.153196,8.7217,8.9935,0.0,0.2718
555,1,24,3,weather_driven,historically_calibrated,0.913896,0.155362,8.7976,9.0985,0.0,0.3009
556,1,24,4,weather_driven,historically_calibrated,0.939452,0.159707,8.9478,9.2487,0.0,0.3009
557,1,24,5,weather_driven,historically_calibrated,0.959077,0.163043,9.0612,9.3621,0.0,0.3009
558,1,24,6,weather_driven,historically_calibrated,1.046202,0.177854,9.5467,9.8476,0.0,0.3009
559,1,24,7,weather_driven,historically_calibrated,1.618554,0.275154,12.1706,12.4153,0.0,0.2447
560,1,24,8,weather_driven,historically_calibrated,1.732889,0.294591,12.6069,12.8028,0.0,0.1959
561,1,24,9,weather_driven,historically_calibrated,1.826253,0.310463,12.9465,13.1084,0.0078,0.1541
562,1,24,10,weather_driven,historically_calibrated,1.702088,0.289355,12.4916,12.7063,0.0791,0.1356
563,1,24,11,weather_driven,historically_calibrated,1.453022,0.247014,11.4946,11.868,0.1776,0.1959
564,1,24,12,weather_driven,historically_calibrated,1.238997,0.21063,10.528,11.1114,0.2514,0.332
565,1,24,13,weather_driven,historically_calibrated,1.07833,0.183316,9.7186,10.469,0.3123,0.4381
566,1,24,14,weather_driven,historically_calibrated,1.031192,0.175303,9.4651,10.2423,0.2994,0.4779
567,1,24,15,weather_driven,historically_calibrated,1.074477,0.182661,9.6982,10.4119,0.2359,0.4779
568,1,24,16,weather_driven,historically_calibrated,1.246686,0.211937,10.5648,11.0432,0.1464,0.332
569,1,24,17,weather_driven,historically_calibrated,1.544786,0.262614,11.8763,12.1318,0.0596,0.1959
570,1,24,18,weather_driven,historically_calibrated,1.825379,0.310315,12.9434,13.1001,0.0026,0.1541
571,1,24,19,weather_driven,historically_calibrated,2.002494,0.340424,13.5515,13.6701,0.0,0.1187
572,1,24,20,weather_driven,historically_calibrated,2.065547,0.351143,13.7574,13.8761,0.0,0.1187
573,1,24,21,weather_driven,historically_calibrated,2.009847,0.341674,13.5758,13.6944,0.0,0.1187
574,1,24,22,weather_driven,historically_calibrated,1.893066,0.321821,13.1812,13.3168,0.0,0.1356
575,1,24,23,weather_driven,historically_calibrated,1.769252,0.300773,12.7408,12.8949,0.0,0.1541
576,1,24,24,weather_driven,historically_calibrated,1.180406,0.200669,10.2421,10.4162,0.0,0.1741
577,1,25,1,weather_driven,historically_calibrated,1.102911,0.187495,9.8478,10.0019,0.0,0.1541
578,1,25,2,weather_driven,historically_calibrated,1.104084,0.187694,9.8539,10.0498,0.0,0.1959
579,1,25,3,weather_driven,historically_calibrated,1.094591,0.186081,9.8043,10.0761,0.0,0.2718
580,1,25,4,weather_driven,historically_calibrated,1.105358,0.187911,9.8605,10.1926,0.0,0.332
581,1,25,5,weather_driven,historically_calibrated,1.146774,0.194952,10.0733,10.4053,0.0,0.332
582,1,25,6,weather_driven,historically_calibrated,1.194379,0.203044,10.3112,10.7492,0.0,0.4381
583,1,25,7,weather_driven,historically_calibrated,1.78895,0.304121,12.8125,13.3771,0.0,0.5645
584,1,25,8,weather_driven,historically_calibrated,1.890088,0.321315,13.1709,13.7354,0.0,0.5645
585,1,25,9,weather_driven,historically_calibrated,1.964148,0.333905,13.4236,13.8293,0.0052,0.4005
586,1,25,10,weather_driven,historically_calibrated,1.784214,0.303316,12.7953,13.2555,0.0596,0.4005
587,1,25,11,weather_driven,historically_calibrated,1.433484,0.243692,11.4109,12.1897,0.1672,0.6116
588,1,25,12,weather_driven,historically_calibrated,1.064928,0.181038,9.6473,11.1638,0.2838,1.2326
589,1,25,13,weather_driven,historically_calibrated,0.851636,0.144778,8.4197,10.5208,0.346,1.755
590,1,25,14,weather_driven,historically_calibrated,0.720735,0.122525,7.5631,10.2945,0.324,2.4074
591,1,25,15,weather_driven,historically_calibrated,0.704355,0.11974,7.4492,10.4655,0.2294,2.7869
592,1,25,16,weather_driven,historically_calibrated,0.884619,0.150385,8.6221,11.2659,0.114,2.5298
593,1,25,17,weather_driven,historically_calibrated,1.139876,0.193779,10.0382,12.3636,0.0363,2.289
594,1,25,18,weather_driven,historically_calibrated,1.273415,0.216481,10.6914,13.1001,0.0013,2.4074
595,1,25,19,weather_driven,historically_calibrated,1.26288,0.21469,10.6417,13.4286,0.0,2.7869
596,1,25,20,weather_driven,historically_calibrated,1.219168,0.207259,10.4323,13.2192,0.0,2.7869
597,1,25,21,weather_driven,historically_calibrated,1.087025,0.184794,9.7646,12.8254,0.0,3.0608
598,1,25,22,weather_driven,historically_calibrated,1.003112,0.170529,9.3102,12.371,0.0,3.0608
599,1,25,23,weather_driven,historically_calibrated,0.745248,0.126692,7.7305,11.7196,0.0,3.9891
600,1,25,24,weather_driven,historically_calibrated,0.30063,0.051107,3.9795,9.4746,0.0,5.4951
601,1,26,1,weather_driven,historically_calibrated,0.16518,0.028081,2.381,8.9869,0.0,6.6059
602,1,26,2,weather_driven,historically_calibrated,0.088682,0.015076,1.3169,8.9122,0.0,7.5953
603,1,26,3,weather_driven,historically_calibrated,0.113511,0.019297,1.6778,9.017,0.0,7.3393
604,1,26,4,weather_driven,historically_calibrated,0.2211,0.037587,3.0793,9.0024,0.0,5.9231
605,1,26,5,weather_driven,historically_calibrated,0.293818,0.049949,3.9062,9.1952,0.0,5.2891
606,1,26,6,weather_driven,historically_calibrated,0.237481,0.040372,3.273,9.4183,0.0,6.1452
607,1,26,7,weather_driven,historically_calibrated,0.478348,0.081319,5.6907,11.6139,0.0,5.9231
608,1,26,8,weather_driven,historically_calibrated,0.527744,0.089717,6.1088,11.8152,0.0,5.7064
609,1,26,9,weather_driven,historically_calibrated,0.65223,0.110879,7.076,12.1656,0.0013,5.0882
610,1,26,10,weather_driven,historically_calibrated,0.958237,0.1629,9.0564,11.9923,0.0143,2.9217
611,1,26,11,weather_driven,historically_calibrated,1.28356,0.218205,10.7389,11.6536,0.0285,0.8861
612,1,26,12,weather_driven,historically_calibrated,0.841872,0.143118,8.3589,11.3207,0.0402,2.9217
613,1,26,13,weather_driven,historically_calibrated,0.713621,0.121316,7.5138,10.9346,0.0687,3.3521
614,1,26,14,weather_driven,historically_calibrated,0.927661,0.157702,8.8788,10.8161,0.0829,1.8543
615,1,26,15,weather_driven,historically_calibrated,1.124266,0.191125,9.9584,11.0012,0.0272,1.0156
616,1,26,16,weather_driven,historically_calibrated,1.296541,0.220412,10.7993,11.4329,0.022,0.6116
617,1,26,17,weather_driven,historically_calibrated,1.35019,0.229532,11.0444,12.0159,0.022,0.9494
618,1,26,18,weather_driven,historically_calibrated,1.43191,0.243425,11.4042,12.5626,0.0013,1.1571
619,1,26,19,weather_driven,historically_calibrated,1.604891,0.272831,12.1169,12.8851,0.0,0.7682
620,1,26,20,weather_driven,historically_calibrated,1.524171,0.259109,11.7921,12.7415,0.0,0.9494
621,1,26,21,weather_driven,historically_calibrated,1.460964,0.248364,11.5283,12.4777,0.0,0.9494
622,1,26,22,weather_driven,historically_calibrated,1.465424,0.249122,11.5472,12.3154,0.0,0.7682
623,1,26,23,weather_driven,historically_calibrated,1.293875,0.219959,10.787,11.6127,0.0,0.8257
624,1,26,24,weather_driven,historically_calibrated,0.853699,0.145129,8.4325,9.5174,0.0,1.0848
625,1,27,1,weather_driven,historically_calibrated,0.724425,0.123152,7.5885,8.6041,0.0,1.0156
626,1,27,2,weather_driven,historically_calibrated,0.736263,0.125165,7.6695,8.6852,0.0,1.0156
627,1,27,3,weather_driven,historically_calibrated,0.718882,0.12221,7.5503,8.7829,0.0,1.2326
628,1,27,4,weather_driven,historically_calibrated,0.685922,0.116607,7.3192,8.8863,0.0,1.5671
629,1,27,5,weather_driven,historically_calibrated,0.688101,0.116977,7.3347,9.189,0.0,1.8543
630,1,27,6,weather_driven,historically_calibrated,0.711269,0.120916,7.4975,9.4548,0.0,1.9573
631,1,27,7,weather_driven,historically_calibrated,1.020634,0.173508,9.4072,11.4712,0.0,2.0641
632,1,27,8,weather_driven,historically_calibrated,0.986953,0.167782,9.2197,11.6271,0.0,2.4074
633,1,27,9,weather_driven,historically_calibrated,1.012066,0.172051,9.3599,11.6515,0.0026,2.289
634,1,27,10,weather_driven,historically_calibrated,1.029746,0.175057,9.4572,11.3361,0.0246,1.8543
635,1,27,11,weather_driven,historically_calibrated,0.913497,0.155295,8.7952,10.8199,0.0674,1.9573
636,1,27,12,weather_driven,historically_calibrated,0.728062,0.123771,7.6135,10.3669,0.0972,2.6563
637,1,27,13,weather_driven,historically_calibrated,0.599683,0.101946,6.6817,9.8695,0.127,3.0608
638,1,27,14,weather_driven,historically_calibrated,0.674168,0.114609,7.2352,9.7109,0.1866,2.289
639,1,27,15,weather_driven,historically_calibrated,0.736948,0.125281,7.6742,9.6776,0.149,1.8543
640,1,27,16,weather_driven,historically_calibrated,0.770813,0.131038,7.9015,10.3647,0.0557,2.4074
641,1,27,17,weather_driven,historically_calibrated,1.186748,0.201747,10.2735,11.0546,0.013,0.7682
642,1,27,18,weather_driven,historically_calibrated,1.106564,0.188116,9.8668,11.7224,0.0013,1.8543
643,1,27,19,weather_driven,historically_calibrated,1.058613,0.179964,9.6135,12.0209,0.0,2.4074
644,1,27,20,weather_driven,historically_calibrated,1.036241,0.176161,9.4926,11.6672,0.0,2.1746
645,1,27,21,weather_driven,historically_calibrated,1.012498,0.172125,9.3623,11.3196,0.0,1.9573
646,1,27,22,weather_driven,historically_calibrated,0.959863,0.163177,9.0657,11.023,0.0,1.9573
647,1,27,23,weather_driven,historically_calibrated,0.89375,0.151938,8.6772,10.6345,0.0,1.9573
648,1,27,24,weather_driven,historically_calibrated,0.659148,0.112055,7.1266,8.5197,0.0,1.3932
649,1,28,1,weather_driven,historically_calibrated,0.370095,0.062916,4.6917,8.0439,0.0,3.3521
650,1,28,2,weather_driven,historically_calibrated,-0.007923,-0.001347,-0.2622,7.8628,0.0,8.125
651,1,28,3,weather_driven,historically_calibrated,-0.023139,-0.003934,-0.5413,7.5837,0.0,8.125
652,1,28,4,weather_driven,historically_calibrated,-0.024143,-0.004104,-0.5601,7.5649,0.0,8.125
653,1,28,5,weather_driven,historically_calibrated,-0.006762,-0.001149,-0.2412,7.8838,0.0,8.125
654,1,28,6,weather_driven,historically_calibrated,0.017518,0.002978,0.1843,8.3093,0.0,8.125
655,1,28,7,weather_driven,historically_calibrated,0.198602,0.033762,2.8055,10.9305,0.0,8.125
656,1,28,8,weather_driven,historically_calibrated,0.524444,0.089156,6.0815,11.5766,0.0,5.4951
657,1,28,9,weather_driven,historically_calibrated,1.318087,0.224075,10.8987,12.0597,0.0039,1.1571
658,1,28,10,weather_driven,historically_calibrated,1.260299,0.214251,10.6295,11.8919,0.0298,1.2326
659,1,28,11,weather_driven,historically_calibrated,1.2967,0.220439,10.8001,11.5105,0.0492,0.6611
660,1,28,12,weather_driven,historically_calibrated,0.690954,0.117462,7.3549,10.8483,0.1413,3.3521
661,1,28,13,weather_driven,historically_calibrated,0.540946,0.091961,6.217,10.4406,0.2346,3.9891
662,1,28,14,weather_driven,historically_calibrated,0.974021,0.165584,9.1466,11.0545,0.1529,1.755
663,1,28,15,weather_driven,historically_calibrated,1.185257,0.201494,10.2661,11.2053,0.1711,0.7682
664,1,28,16,weather_driven,historically_calibrated,1.374482,0.233662,11.153,11.7475,0.1166,0.4779
665,1,28,17,weather_driven,historically_calibrated,1.52457,0.259177,11.7937,12.0675,0.0544,0.2194
666,1,28,18,weather_driven,historically_calibrated,1.703857,0.289656,12.4983,12.5465,0.0026,0.0457
667,1,28,19,weather_driven,historically_calibrated,1.831369,0.311333,12.9647,12.9654,0.0,0.0007
668,1,28,20,weather_driven,historically_calibrated,1.791282,0.304518,12.821,12.821,0.0,0.0
669,1,28,21,weather_driven,historically_calibrated,1.730739,0.294226,12.5989,12.5989,0.0,0.0
670,1,28,22,weather_driven,historically_calibrated,1.639271,0.278676,12.2514,12.2514,0.0,0.0
671,1,28,23,weather_driven,historically_calibrated,1.541603,0.262073,11.8633,11.8633,0.0,0.0
672,1,28,24,weather_driven,historically_calibrated,1.052916,0.178996,9.5829,9.5829,0.0,0.0
673,1,29,1,weather_driven,historically_calibrated,1.132749,0.192567,10.0019,10.0019,0.0,0.0
674,1,29,2,weather_driven,historically_calibrated,1.142146,0.194165,10.0498,10.0498,0.0,0.0
675,1,29,3,weather_driven,historically_calibrated,1.162726,0.197663,10.1538,10.1576,0.0,0.0038
676,1,29,4,weather_driven,historically_calibrated,1.19033,0.202356,10.2912,10.3157,0.0,0.0245
677,1,29,5,weather_driven,historically_calibrated,1.245144,0.211674,10.5574,10.5722,0.0,0.0148
678,1,29,6,weather_driven,historically_calibrated,1.313433,0.223284,10.8773,10.878,0.0,0.0007
679,1,29,7,weather_driven,historically_calibrated,2.01438,0.342445,13.5907,13.5908,0.0,0.0001
680,1,29,8,weather_driven,historically_calibrated,2.127409,0.36166,13.9546,13.9549,0.0,0.0003
681,1,29,9,weather_driven,historically_calibrated,2.192453,0.372717,14.1568,14.1621,0.0039,0.0014
682,1,29,10,weather_driven,historically_calibrated,2.119551,0.360324,13.9298,13.9694,0.0285,0.0111
683,1,29,11,weather_driven,historically_calibrated,1.928971,0.327925,13.3045,13.4228,0.0635,0.0548
684,1,29,12,weather_driven,historically_calibrated,1.760101,0.299217,12.7073,12.9427,0.0998,0.1356
685,1,29,13,weather_driven,historically_calibrated,1.624,0.27608,12.192,12.6936,0.1011,0.4005
686,1,29,14,weather_driven,historically_calibrated,1.53007,0.260112,11.8163,12.6938,0.0518,0.8257
687,1,29,15,weather_driven,historically_calibrated,1.544599,0.262582,11.8755,12.8226,0.0609,0.8861
688,1,29,16,weather_driven,historically_calibrated,1.637868,0.278438,12.246,13.0474,0.0881,0.7133
689,1,29,17,weather_driven,historically_calibrated,1.894925,0.322137,13.1876,13.7543,0.0467,0.52
690,1,29,18,weather_driven,historically_calibrated,2.114406,0.359449,13.9135,14.3542,0.0026,0.4381
691,1,29,19,weather_driven,historically_calibrated,2.348221,0.399198,14.6217,14.8176,0.0,0.1959
692,1,29,20,weather_driven,historically_calibrated,2.297785,0.390623,14.474,14.5927,0.0,0.1187
693,1,29,21,weather_driven,historically_calibrated,2.239665,0.380743,14.3005,14.3897,0.0,0.0892
694,1,29,22,weather_driven,historically_calibrated,2.169994,0.368899,14.0875,14.0957,0.0,0.0081
695,1,29,23,weather_driven,historically_calibrated,2.063067,0.350721,13.7494,13.7497,0.0,0.0003
696,1,29,24,weather_driven,historically_calibrated,1.391447,0.236546,11.228,11.2294,0.0,0.0014
697,1,30,1,weather_driven,historically_calibrated,1.298841,0.220803,10.81,10.8138,0.0,0.0038
698,1,30,2,weather_driven,historically_calibrated,1.354335,0.230237,11.0631,11.0655,0.0,0.0024
699,1,30,3,weather_driven,historically_calibrated,1.397974,0.237656,11.2567,11.2574,0.0,0.0007
700,1,30,4,weather_driven,historically_calibrated,1.43644,0.244195,11.4237,11.4237,0.0,0.0001
701,1,30,5,weather_driven,historically_calibrated,1.5218,0.258706,11.7823,11.7823,0.0,0.0
702,1,30,6,weather_driven,historically_calibrated,1.617382,0.274955,12.1661,12.1661,0.0,0.0
703,1,30,7,weather_driven,historically_calibrated,2.59226,0.440684,15.3005,15.3006,0.0,0.0001
704,1,30,8,weather_driven,historically_calibrated,2.882139,0.489964,16.0395,16.0396,0.0,0.0001
705,1,30,9,weather_driven,historically_calibrated,2.814721,0.478503,15.8735,15.8813,0.0078,0.0
706,1,30,10,weather_driven,historically_calibrated,2.602837,0.442482,15.3286,15.3973,0.0687,0.0
707,1,30,11,weather_driven,historically_calibrated,2.297901,0.390643,14.4744,14.6559,0.1814,0.0001
708,1,30,12,weather_driven,historically_calibrated,1.901377,0.323234,13.2099,13.5183,0.3046,0.0038
709,1,30,13,weather_driven,historically_calibrated,1.680889,0.285751,12.4114,12.7971,0.3745,0.0111
710,1,30,14,weather_driven,historically_calibrated,1.593592,0.270911,12.0722,12.433,0.3551,0.0057
711,1,30,15,weather_driven,historically_calibrated,1.623057,0.27592,12.1883,12.4476,0.2579,0.0014
712,1,30,16,weather_driven,historically_calibrated,1.80095,0.306161,12.8559,12.9918,0.1335,0.0024
713,1,30,17,weather_driven,historically_calibrated,2.25485,0.383324,14.3462,14.3917,0.0441,0.0014
714,1,30,18,weather_driven,historically_calibrated,2.612516,0.444128,15.3543,15.3694,0.0039,0.0111
715,1,30,19,weather_driven,historically_calibrated,2.753106,0.468028,15.7188,15.7838,0.0,0.065
716,1,30,20,weather_driven,historically_calibrated,2.805989,0.477018,15.8518,16.0259,0.0,0.1741
717,1,30,21,weather_driven,historically_calibrated,2.869702,0.487849,16.0092,16.1278,0.0,0.1187
718,1,30,22,weather_driven,historically_calibrated,2.66311,0.452729,15.4874,15.5421,0.0,0.0548
719,1,30,23,weather_driven,historically_calibrated,2.462978,0.418706,14.9479,14.9785,0.0,0.0306
720,1,30,24,weather_driven,historically_calibrated,1.569891,0.266881,11.9777,12.0427,0.0,0.065
721,1,31,1,weather_driven,historically_calibrated,1.433029,0.243615,11.409,11.5446,0.0,0.1356
722,1,31,2,weather_driven,historically_calibrated,1.478151,0.251286,11.6009,11.7968,0.0,0.1959
723,1,31,3,weather_driven,historically_calibrated,1.485521,0.252538,11.6318,11.8277,0.0,0.1959
724,1,31,4,weather_driven,historically_calibrated,1.498367,0.254722,11.6854,11.9572,0.0,0.2718
725,1,31,5,weather_driven,historically_calibrated,1.524318,0.259134,11.7927,12.1579,0.0,0.3652
726,1,31,6,weather_driven,historically_calibrated,1.638165,0.278488,12.2471,12.7671,0.0,0.52
727,1,31,7,weather_driven,historically_calibrated,2.354349,0.400239,14.6394,15.3006,0.0,0.6611
728,1,31,8,weather_driven,historically_calibrated,2.531095,0.430286,15.1356,15.6556,0.0,0.52
729,1,31,9,weather_driven,historically_calibrated,2.534871,0.430928,15.1459,15.7704,0.013,0.6116
730,1,31,10,weather_driven,historically_calibrated,2.179606,0.370533,14.1173,14.958,0.0726,0.7682
731,1,31,11,weather_driven,historically_calibrated,1.82618,0.310451,12.9463,14.0125,0.1801,0.8861
732,1,31,12,weather_driven,historically_calibrated,1.592223,0.270678,12.0668,13.2043,0.2514,0.8861
733,1,31,13,weather_driven,historically_calibrated,1.247346,0.212049,10.5679,11.8141,0.2968,0.9494
734,1,31,14,weather_driven,historically_calibrated,1.045395,0.177717,9.5423,11.0769,0.302,1.2326
735,1,31,15,weather_driven,historically_calibrated,1.053323,0.179065,9.5851,10.8405,0.2398,1.0156
736,1,31,16,weather_driven,historically_calibrated,1.154263,0.196225,10.1112,11.0989,0.162,0.8257
737,1,31,17,weather_driven,historically_calibrated,1.291626,0.219576,10.7765,11.7262,0.0635,0.8861
738,1,31,18,weather_driven,historically_calibrated,1.481274,0.251817,11.614,12.3835,0.0013,0.7682
739,1,31,19,weather_driven,historically_calibrated,1.556068,0.264532,11.922,12.5831,0.0,0.6611
740,1,31,20,weather_driven,historically_calibrated,1.589883,0.27028,12.0575,12.622,0.0,0.5645
741,1,31,21,weather_driven,historically_calibrated,1.502048,0.255348,11.7007,12.3619,0.0,0.6611
742,1,31,22,weather_driven,historically_calibrated,1.349157,0.229357,11.0398,11.9259,0.0,0.8861
743,1,31,23,weather_driven,historically_calibrated,1.3533,0.230061,11.0584,11.7196,0.0,0.6611
744,1,31,24,weather_driven,historically_calibrated,0.995968,0.169314,9.2703,9.389,0.0,0.1187
745,2,1,1,weather_driven,historically_calibrated,1.400592,0.238101,11.2682,11.7882,0.0,0.52
746,2,1,2,weather_driven,historically_calibrated,1.285639,0.218559,10.7486,11.2686,0.0,0.52
747,2,1,3,weather_driven,historically_calibrated,1.298643,0.220769,10.8091,11.0538,0.0,0.2447
748,2,1,4,weather_driven,historically_calibrated,1.30178,0.221303,10.8236,11.0954,0.0,0.2718
749,2,1,5,weather_driven,historically_calibrated,1.285823,0.21859,10.7495,11.1147,0.0,0.3652
750,2,1,6,weather_driven,historically_calibrated,1.367374,0.232454,11.1214,11.3932,0.0,0.2718
751,2,1,7,weather_driven,historically_calibrated,2.180312,0.370653,14.1194,14.3388,0.0,0.2194
752,2,1,8,weather_driven,historically_calibrated,2.285968,0.388615,14.4391,14.6132,0.0,0.1741
753,2,1,9,weather_driven,historically_calibrated,2.26754,0.385482,14.3842,14.6612,0.0052,0.2718
754,2,1,10,weather_driven,historically_calibrated,2.116612,0.359824,13.9205,14.1891,0.0492,0.2194
755,2,1,11,weather_driven,historically_calibrated,1.875002,0.31875,13.1184,13.6909,0.0946,0.4779
756,2,1,12,weather_driven,historically_calibrated,1.711825,0.29101,12.5282,12.9951,0.1348,0.332
757,2,1,13,weather_driven,historically_calibrated,1.578166,0.268288,12.0108,12.5901,0.1413,0.4381
758,2,1,14,weather_driven,historically_calibrated,1.575976,0.267916,12.002,12.5374,0.1348,0.4005
759,2,1,15,weather_driven,historically_calibrated,1.585601,0.269552,12.0405,12.5547,0.149,0.3652
760,2,1,16,weather_driven,historically_calibrated,1.723415,0.292981,12.5716,12.9918,0.0881,0.332
761,2,1,17,weather_driven,historically_calibrated,1.962384,0.333605,13.4177,13.5804,0.0441,0.1187
762,2,1,18,weather_driven,historically_calibrated,2.143812,0.364448,14.006,14.0556,0.0039,0.0457
763,2,1,19,weather_driven,historically_calibrated,2.265722,0.385173,14.3788,14.4552,0.0,0.0764
764,2,1,20,weather_driven,historically_calibrated,2.325365,0.395312,14.5551,14.5927,0.0,0.0376
765,2,1,21,weather_driven,historically_calibrated,2.220744,0.377526,14.2432,14.2738,0.0,0.0306
766,2,1,22,weather_driven,historically_calibrated,2.07823,0.353299,13.7982,13.8175,0.0,0.0193
767,2,1,23,weather_driven,historically_calibrated,1.927005,0.327591,13.2978,13.3223,0.0,0.0245
768,2,1,24,weather_driven,historically_calibrated,1.326037,0.225426,10.935,10.9726,0.0,0.0376
769,2,2,1,weather_driven,historically_calibrated,1.245498,0.211735,10.5591,10.5702,0.0,0.0111
770,2,2,2,weather_driven,historically_calibrated,1.237853,0.210435,10.5225,10.5373,0.0,0.0148
771,2,2,3,weather_driven,historically_calibrated,1.22341,0.20798,10.4529,10.4835,0.0,0.0306
772,2,2,4,weather_driven,historically_calibrated,1.26023,0.214239,10.6292,10.644,0.0,0.0148
773,2,2,5,weather_driven,historically_calibrated,1.357456,0.230767,11.0771,11.1147,0.0,0.0376
774,2,2,6,weather_driven,historically_calibrated,1.458708,0.24798,11.5188,11.6079,0.0,0.0892
775,2,2,7,weather_driven,historically_calibrated,2.219077,0.377243,14.2382,14.3922,0.0,0.1541
776,2,2,8,weather_driven,historically_calibrated,2.252435,0.382914,14.339,14.5583,0.0,0.2194
777,2,2,9,weather_driven,historically_calibrated,2.191874,0.372619,14.155,14.4948,0.0078,0.332
778,2,2,10,weather_driven,historically_calibrated,2.095294,0.3562,13.8528,13.9694,0.0402,0.0764
779,2,2,11,weather_driven,historically_calibrated,1.868043,0.317567,13.0941,13.3692,0.0557,0.2194
780,2,2,12,weather_driven,historically_calibrated,1.736305,0.295172,12.6195,13.2043,0.0648,0.52
781,2,2,13,weather_driven,historically_calibrated,1.722046,0.292748,12.5665,12.9005,0.0622,0.2718
782,2,2,14,weather_driven,historically_calibrated,1.691777,0.287602,12.4527,12.9025,0.0492,0.4005
783,2,2,15,weather_driven,historically_calibrated,1.747869,0.297138,12.6623,12.8226,0.0246,0.1356
784,2,2,16,weather_driven,historically_calibrated,1.729833,0.294072,12.5955,12.6577,0.0622,0.0
785,2,2,17,weather_driven,historically_calibrated,1.503589,0.25561,11.7071,13.4066,0.0402,1.6593
786,2,2,18,weather_driven,historically_calibrated,2.120238,0.36044,13.9319,13.9361,0.0039,0.0003
787,2,2,19,weather_driven,historically_calibrated,2.308105,0.392378,14.5045,14.5156,0.0,0.0111
788,2,2,20,weather_driven,historically_calibrated,2.461172,0.418399,14.9429,14.951,0.0,0.0081
789,2,2,21,weather_driven,historically_calibrated,2.512529,0.42713,15.0849,15.0849,0.0,0.0001
790,2,2,22,weather_driven,historically_calibrated,2.436732,0.414244,14.8744,14.8745,0.0,0.0001
791,2,2,23,weather_driven,historically_calibrated,2.360755,0.401328,14.6579,14.658,0.0,0.0
792,2,2,24,weather_driven,historically_calibrated,1.522657,0.258852,11.7858,11.7858,0.0,0.0
793,2,3,1,weather_driven,historically_calibrated,1.204237,0.20472,10.3596,10.3596,0.0,0.0
794,2,3,2,weather_driven,historically_calibrated,1.213443,0.206285,10.4045,10.4045,0.0,0.0
795,2,3,3,weather_driven,historically_calibrated,1.219051,0.207239,10.4318,10.4318,0.0,0.0
796,2,3,4,weather_driven,historically_calibrated,1.274939,0.21674,10.6985,10.6986,0.0,0.0001
797,2,3,5,weather_driven,historically_calibrated,1.321987,0.224738,10.9165,10.9165,0.0,0.0
798,2,3,6,weather_driven,historically_calibrated,1.383431,0.235183,11.1927,11.1928,0.0,0.0001
799,2,3,7,weather_driven,historically_calibrated,2.073042,0.352417,13.7816,13.7816,0.0,0.0
800,2,3,8,weather_driven,historically_calibrated,2.173885,0.36956,14.0996,14.1003,0.0,0.0007
801,2,3,9,weather_driven,historically_calibrated,2.185303,0.371501,14.1348,14.1516,0.013,0.0038
802,2,3,10,weather_driven,historically_calibrated,2.069055,0.351739,13.7687,13.8624,0.0855,0.0081
803,2,3,11,weather_driven,historically_calibrated,1.888283,0.321008,13.1646,13.3848,0.1957,0.0245
804,2,3,12,weather_driven,historically_calibrated,1.695767,0.28828,12.4678,12.8219,0.2994,0.0548
805,2,3,13,weather_driven,historically_calibrated,1.561579,0.265468,11.9442,12.3444,0.311,0.0892
806,2,3,14,weather_driven,historically_calibrated,1.38948,0.236212,11.2194,11.7263,0.311,0.1959
807,2,3,15,weather_driven,historically_calibrated,1.344204,0.228515,11.0175,11.5996,0.2501,0.332
808,2,3,16,weather_driven,historically_calibrated,1.392383,0.236705,11.2322,11.9012,0.149,0.52
809,2,3,17,weather_driven,historically_calibrated,1.580643,0.268709,12.0207,12.6539,0.0687,0.5645
810,2,3,18,weather_driven,historically_calibrated,1.759333,0.299087,12.7045,13.4256,0.0078,0.7133
811,2,3,19,weather_driven,historically_calibrated,1.818698,0.309179,12.9196,13.6877,0.0,0.7682
812,2,3,20,weather_driven,historically_calibrated,1.836832,0.312261,12.9841,13.8099,0.0,0.8257
813,2,3,21,weather_driven,historically_calibrated,1.852164,0.314868,13.0383,13.5583,0.0,0.52
814,2,3,22,weather_driven,historically_calibrated,1.742826,0.29628,12.6437,13.1216,0.0,0.4779
815,2,3,23,weather_driven,historically_calibrated,1.626073,0.276432,12.2001,12.6006,0.0,0.4005
816,2,3,24,weather_driven,historically_calibrated,1.079231,0.183469,9.7234,10.0554,0.0,0.332
817,2,4,1,weather_driven,historically_calibrated,0.946341,0.160878,8.9878,9.4258,0.0,0.4381
818,2,4,2,weather_driven,historically_calibrated,0.947199,0.161024,8.9927,9.3579,0.0,0.3652
819,2,4,3,weather_driven,historically_calibrated,0.963734,0.163835,9.0879,9.4199,0.0,0.332
820,2,4,4,weather_driven,historically_calibrated,1.000229,0.170039,9.2941,9.5659,0.0,0.2718
821,2,4,5,weather_driven,historically_calibrated,1.047244,0.178031,9.5523,9.7265,0.0,0.1741
822,2,4,6,weather_driven,historically_calibrated,1.096483,0.186402,9.8142,9.9683,0.0,0.1541
823,2,4,7,weather_driven,historically_calibrated,1.532794,0.260575,11.8274,12.1594,0.0,0.332
824,2,4,8,weather_driven,historically_calibrated,1.574529,0.26767,11.9962,12.1318,0.0,0.1356
825,2,4,9,weather_driven,historically_calibrated,1.497843,0.254633,11.6832,11.9577,0.0026,0.2718
826,2,4,10,weather_driven,historically_calibrated,1.36987,0.232878,11.1325,11.5887,0.0181,0.4381
827,2,4,11,weather_driven,historically_calibrated,1.19666,0.203432,10.3224,11.0172,0.0337,0.6611
828,2,4,12,weather_driven,historically_calibrated,1.06367,0.180824,9.6406,10.4632,0.0544,0.7682
829,2,4,13,weather_driven,historically_calibrated,0.924284,0.157128,8.859,10.1551,0.0635,1.2326
830,2,4,14,weather_driven,historically_calibrated,0.899757,0.152959,8.7133,10.1907,0.0842,1.3932
831,2,4,15,weather_driven,historically_calibrated,1.140921,0.193957,10.0436,10.5154,0.0713,0.4005
832,2,4,16,weather_driven,historically_calibrated,1.288941,0.21912,10.764,10.9281,0.0454,0.1187
833,2,4,17,weather_driven,historically_calibrated,1.403268,0.238555,11.2799,11.3745,0.0181,0.0764
834,2,4,18,weather_driven,historically_calibrated,1.456497,0.247604,11.5094,11.5576,0.0026,0.0457
835,2,4,19,weather_driven,historically_calibrated,1.483769,0.252241,11.6245,11.7431,0.0,0.1187
836,2,4,20,weather_driven,historically_calibrated,1.426876,0.242569,11.3825,11.4475,0.0,0.065
837,2,4,21,weather_driven,historically_calibrated,1.361514,0.231457,11.0952,11.1064,0.0,0.0111
838,2,4,22,weather_driven,historically_calibrated,1.267761,0.215519,10.6648,10.6648,0.0,0.0
839,2,4,23,weather_driven,historically_calibrated,1.116893,0.189872,9.9204,10.1922,0.0,0.2718
840,2,4,24,weather_driven,historically_calibrated,0.750335,0.127557,7.7648,8.1653,0.0,0.4005
841,2,5,1,weather_driven,historically_calibrated,0.786592,0.133721,8.0053,8.3374,0.0,0.332
842,2,5,2,weather_driven,historically_calibrated,0.832948,0.141601,8.3028,8.3028,0.0,0.0
843,2,5,3,weather_driven,historically_calibrated,0.836405,0.142189,8.3246,8.3246,0.0,0.0
844,2,5,4,weather_driven,historically_calibrated,0.886435,0.150694,8.6331,8.6331,0.0,0.0
845,2,5,5,weather_driven,historically_calibrated,1.081208,0.183805,9.7339,9.7377,0.0,0.0038
846,2,5,6,weather_driven,historically_calibrated,1.182989,0.201108,10.2549,10.3199,0.0,0.065
847,2,5,7,weather_driven,historically_calibrated,1.849157,0.314357,13.0277,13.1633,0.0,0.1356
848,2,5,8,weather_driven,historically_calibrated,1.965987,0.334218,13.4298,13.6257,0.0,0.1959
849,2,5,9,weather_driven,historically_calibrated,1.940864,0.329947,13.345,13.8293,0.0065,0.4779
850,2,5,10,weather_driven,historically_calibrated,1.671775,0.284202,12.3766,13.2555,0.0531,0.8257
851,2,5,11,weather_driven,historically_calibrated,1.40482,0.238819,11.2867,12.2433,0.1309,0.8257
852,2,5,12,weather_driven,historically_calibrated,1.251251,0.212713,10.5865,11.6347,0.162,0.8861
853,2,5,13,weather_driven,historically_calibrated,1.149172,0.195359,10.0854,11.245,0.2735,0.8861
854,2,5,14,weather_driven,historically_calibrated,0.911783,0.155003,8.785,11.129,0.2799,2.0641
855,2,5,15,weather_driven,historically_calibrated,0.953365,0.162072,9.0284,11.4298,0.2268,2.1746
856,2,5,16,weather_driven,historically_calibrated,1.177614,0.200194,10.2282,11.934,0.1387,1.5671
857,2,5,17,weather_driven,historically_calibrated,1.497704,0.25461,11.6827,12.8271,0.0596,1.0848
858,2,5,18,weather_driven,historically_calibrated,1.802591,0.30644,12.8618,13.757,0.0091,0.8861
859,2,5,19,weather_driven,historically_calibrated,2.0396,0.346732,13.6733,14.3344,0.0,0.6611
860,2,5,20,weather_driven,historically_calibrated,2.153156,0.366037,14.0352,14.4733,0.0,0.4381
861,2,5,21,weather_driven,historically_calibrated,1.954101,0.332197,13.3898,14.1579,0.0,0.7682
862,2,5,22,weather_driven,historically_calibrated,1.777028,0.302095,12.7692,13.595,0.0,0.8257
863,2,5,23,weather_driven,historically_calibrated,1.531622,0.260376,11.8226,13.0552,0.0,1.2326
864,2,5,24,weather_driven,historically_calibrated,1.009315,0.171584,9.3447,10.5018,0.0,1.1571
865,2,6,1,weather_driven,historically_calibrated,0.830515,0.141188,8.2875,10.0425,0.0,1.755
866,2,6,2,weather_driven,historically_calibrated,0.812628,0.138147,8.1737,10.1311,0.0,1.9573
867,2,6,3,weather_driven,historically_calibrated,0.86866,0.147672,8.5248,10.2798,0.0,1.755
868,2,6,4,weather_driven,historically_calibrated,0.700048,0.119008,7.419,10.4798,0.0,3.0608
869,2,6,5,weather_driven,historically_calibrated,0.683724,0.116233,7.3036,10.6557,0.0,3.3521
870,2,6,6,weather_driven,historically_calibrated,0.77105,0.131079,7.9031,10.9639,0.0,3.0608
871,2,6,7,weather_driven,historically_calibrated,1.408274,0.239407,11.3017,13.5908,0.0,2.289
872,2,6,8,weather_driven,historically_calibrated,1.979035,0.336436,13.4735,14.5583,0.0,1.0848
873,2,6,9,weather_driven,historically_calibrated,2.045455,0.347727,13.6924,14.2175,0.0052,0.52
874,2,6,10,weather_driven,historically_calibrated,1.918644,0.32617,13.2693,13.9145,0.0337,0.6116
875,2,6,11,weather_driven,historically_calibrated,1.620499,0.275485,12.1783,13.0475,0.1011,0.7682
876,2,6,12,weather_driven,historically_calibrated,1.321463,0.224649,10.9141,12.2102,0.2112,1.0848
877,2,6,13,weather_driven,historically_calibrated,1.079748,0.183557,9.7261,11.7624,0.2812,1.755
878,2,6,14,weather_driven,historically_calibrated,1.091086,0.185485,9.7859,11.755,0.3097,1.6593
879,2,6,15,weather_driven,historically_calibrated,1.043515,0.177398,9.5321,12.0726,0.2514,2.289
880,2,6,16,weather_driven,historically_calibrated,1.030524,0.175189,9.4614,12.268,0.1503,2.6563
881,2,6,17,weather_driven,historically_calibrated,0.804402,0.136748,8.1209,12.8851,0.0622,4.702
882,2,6,18,weather_driven,historically_calibrated,0.676841,0.115063,7.2544,13.6375,0.0104,6.3728
883,2,6,19,weather_driven,historically_calibrated,0.802612,0.136444,8.1094,14.0325,0.0,5.9231
884,2,6,20,weather_driven,historically_calibrated,0.492279,0.083687,5.8108,13.9358,0.0,8.125
885,2,6,21,weather_driven,historically_calibrated,0.708991,0.120528,7.4816,13.4047,0.0,5.9231
886,2,6,22,weather_driven,historically_calibrated,0.526543,0.089512,6.0989,12.7048,0.0,6.6059
887,2,6,23,weather_driven,historically_calibrated,0.711405,0.120939,7.4984,12.2004,0.0,4.702
888,2,6,24,weather_driven,historically_calibrated,0.543928,0.092468,6.2412,9.9026,0.0,3.6614
889,2,7,1,weather_driven,historically_calibrated,0.45496,0.077343,5.485,9.4741,0.0,3.9891
890,2,7,2,weather_driven,historically_calibrated,0.381413,0.06484,4.8021,9.3185,0.0,4.5164
891,2,7,3,weather_driven,historically_calibrated,0.371378,0.063134,4.7043,9.2207,0.0,4.5164
892,2,7,4,weather_driven,historically_calibrated,0.529892,0.090082,6.1265,9.3308,0.0,3.2043
893,2,7,5,weather_driven,historically_calibrated,0.749188,0.127362,7.7571,9.8211,0.0,2.0641
894,2,7,6,weather_driven,historically_calibrated,0.971148,0.165095,9.1302,10.3628,0.0,1.2326
895,2,7,7,weather_driven,historically_calibrated,1.541957,0.262133,11.8648,12.9496,0.0,1.0848
896,2,7,8,weather_driven,historically_calibrated,1.071488,0.182153,9.6823,13.1868,0.0,3.5045
897,2,7,9,weather_driven,historically_calibrated,1.243068,0.211321,10.5475,13.2193,0.0156,2.6563
898,2,7,10,weather_driven,historically_calibrated,0.848468,0.14424,8.4,12.8161,0.0804,4.3358
899,2,7,11,weather_driven,historically_calibrated,0.293139,0.049834,3.8988,12.1897,0.1659,8.125
900,2,7,12,weather_driven,historically_calibrated,0.230662,0.039213,3.193,11.5823,0.2644,8.125
901,2,7,13,weather_driven,historically_calibrated,0.493497,0.083895,5.8212,11.1933,0.2838,5.0882
902,2,7,14,weather_driven,historically_calibrated,0.368759,0.062689,4.6786,11.0247,0.2009,6.1452
903,2,7,15,weather_driven,historically_calibrated,0.737597,0.125392,7.6786,11.3762,0.1931,3.5045
904,2,7,16,weather_driven,historically_calibrated,1.380339,0.234658,11.179,11.7113,0.0544,0.4779
905,2,7,17,weather_driven,historically_calibrated,1.663628,0.282817,12.3454,12.3636,0.0181,0.0
906,2,7,18,weather_driven,historically_calibrated,1.783955,0.303272,12.7944,13.0404,0.0013,0.2447
907,2,7,19,weather_driven,historically_calibrated,1.678987,0.285428,12.4041,13.489,0.0,1.0848
908,2,7,20,weather_driven,historically_calibrated,1.507469,0.25627,11.7232,13.5775,0.0,1.8543
909,2,7,21,weather_driven,historically_calibrated,1.828244,0.310801,12.9536,13.173,0.0,0.2194
910,2,7,22,weather_driven,historically_calibrated,1.297358,0.220551,10.8031,12.7604,0.0,1.9573
911,2,7,23,weather_driven,historically_calibrated,0.781427,0.132843,7.9715,12.3072,0.0,4.3358
912,2,7,24,weather_driven,historically_calibrated,0.263592,0.044811,3.5726,9.9454,0.0,6.3728
913,2,8,1,weather_driven,historically_calibrated,0.099141,0.016854,1.4709,9.5959,0.0,8.125
914,2,8,2,weather_driven,historically_calibrated,0.096839,0.016463,1.4373,9.5623,0.0,8.125
915,2,8,3,weather_driven,historically_calibrated,0.154193,0.026213,2.2364,9.8317,0.0,7.5953
916,2,8,4,weather_driven,historically_calibrated,0.321382,0.054635,4.1989,9.9053,0.0,5.7064
917,2,8,5,weather_driven,historically_calibrated,0.549999,0.0935,6.2904,10.1132,0.0,3.8229
918,2,8,6,weather_driven,historically_calibrated,0.598724,0.101783,6.6743,10.6634,0.0,3.9891
919,2,8,7,weather_driven,historically_calibrated,1.198836,0.203802,10.3331,13.5373,0.0,3.2043
920,2,8,8,weather_driven,historically_calibrated,1.432875,0.243589,11.4083,14.0646,0.0,2.6563
921,2,8,9,weather_driven,historically_calibrated,1.721137,0.292593,12.5631,14.3285,0.0104,1.755
922,2,8,10,weather_driven,historically_calibrated,1.605176,0.27288,12.118,13.9145,0.0415,1.755
923,2,8,11,weather_driven,historically_calibrated,1.271149,0.216095,10.6807,13.0475,0.0778,2.289
924,2,8,12,weather_driven,historically_calibrated,1.113833,0.189352,9.9045,12.4195,0.1076,2.4074
925,2,8,13,weather_driven,historically_calibrated,0.953116,0.16203,9.0269,11.9693,0.1555,2.7869
926,2,8,14,weather_driven,historically_calibrated,0.951141,0.161694,9.0155,11.8071,0.2618,2.5298
927,2,8,15,weather_driven,historically_calibrated,1.056395,0.179587,9.6016,11.9654,0.1892,2.1746
928,2,8,16,weather_driven,historically_calibrated,1.268255,0.215603,10.6671,12.3794,0.1452,1.5671
929,2,8,17,weather_driven,historically_calibrated,1.647989,0.280158,12.2852,13.1169,0.0635,0.7682
930,2,8,18,weather_driven,historically_calibrated,2.123009,0.360912,13.9407,14.0556,0.0117,0.1032
931,2,8,19,weather_driven,historically_calibrated,2.191986,0.372638,14.1554,14.274,0.0,0.1187
932,2,8,20,weather_driven,historically_calibrated,2.12765,0.3617,13.9553,14.1747,0.0,0.2194
933,2,8,21,weather_driven,historically_calibrated,2.047071,0.348002,13.6976,13.7524,0.0,0.0548
934,2,8,22,weather_driven,historically_calibrated,1.850142,0.314524,13.0312,13.1499,0.0,0.1187
935,2,8,23,weather_driven,historically_calibrated,1.652228,0.280879,12.3016,12.5209,0.0,0.2194
936,2,8,24,weather_driven,historically_calibrated,0.958549,0.162953,9.0582,10.0738,0.0,1.0156
937,2,9,1,weather_driven,historically_calibrated,0.895387,0.152216,8.6871,9.6365,0.0,0.9494
938,2,9,2,weather_driven,historically_calibrated,0.96997,0.164895,9.1235,9.6435,0.0,0.52
939,2,9,3,weather_driven,historically_calibrated,0.981119,0.16679,9.1868,9.5873,0.0,0.4005
940,2,9,4,weather_driven,historically_calibrated,0.922471,0.15682,8.8483,9.4128,0.0,0.5645
941,2,9,5,weather_driven,historically_calibrated,0.988448,0.168036,9.2281,9.529,0.0,0.3009
942,2,9,6,weather_driven,historically_calibrated,1.029621,0.175036,9.4565,9.6759,0.0,0.2194
943,2,9,7,weather_driven,historically_calibrated,1.530113,0.260119,11.8164,11.8276,0.0,0.0111
944,2,9,8,weather_driven,historically_calibrated,1.541273,0.262016,11.862,11.8701,0.0,0.0081
945,2,9,9,weather_driven,historically_calibrated,1.456293,0.24757,11.5085,11.6665,0.0039,0.1541
946,2,9,10,weather_driven,historically_calibrated,1.372205,0.233275,11.1429,11.2235,0.0156,0.065
947,2,9,11,weather_driven,historically_calibrated,1.147684,0.195106,10.0779,10.5277,0.0492,0.4005
948,2,9,12,weather_driven,historically_calibrated,0.811183,0.137901,8.1645,9.908,0.0842,1.6593
949,2,9,13,weather_driven,historically_calibrated,0.811599,0.137972,8.1672,9.7965,0.0622,1.5671
950,2,9,14,weather_driven,historically_calibrated,0.832285,0.141489,8.2986,9.825,0.048,1.4784
951,2,9,15,weather_driven,historically_calibrated,0.754756,0.128308,7.7945,9.9834,0.0143,2.1746
952,2,9,16,weather_driven,historically_calibrated,0.810166,0.137728,8.158,9.9298,0.0168,1.755
953,2,9,17,weather_driven,historically_calibrated,0.873905,0.148564,8.5569,10.0457,0.0104,1.4784
954,2,9,18,weather_driven,historically_calibrated,0.93465,0.158891,8.9197,10.2336,0.0026,1.3112
955,2,9,19,weather_driven,historically_calibrated,0.778287,0.132309,7.9509,9.8052,0.0,1.8543
956,2,9,20,weather_driven,historically_calibrated,0.791388,0.134536,8.0366,9.6959,0.0,1.6593
957,2,9,21,weather_driven,historically_calibrated,0.747799,0.127126,7.7477,9.407,0.0,1.6593
958,2,9,22,weather_driven,historically_calibrated,0.706728,0.120144,7.4658,9.033,0.0,1.5671
959,2,9,23,weather_driven,historically_calibrated,0.576755,0.098048,6.5034,8.5675,0.0,2.0641
960,2,9,24,weather_driven,historically_calibrated,0.434047,0.073788,5.2966,6.8637,0.0,1.5671
961,2,10,1,weather_driven,historically_calibrated,0.339336,0.057687,4.384,6.139,0.0,1.755
962,2,10,2,weather_driven,historically_calibrated,0.289052,0.049139,3.8545,6.1435,0.0,2.289
963,2,10,3,weather_driven,historically_calibrated,0.32171,0.054691,4.2023,6.1596,0.0,1.9573
964,2,10,4,weather_driven,historically_calibrated,0.398921,0.067817,4.9699,6.2812,0.0,1.3112
965,2,10,5,weather_driven,historically_calibrated,0.430407,0.073169,5.2633,6.3482,0.0,1.0848
966,2,10,6,weather_driven,historically_calibrated,0.425426,0.072322,5.2176,6.6108,0.0,1.3932
967,2,10,7,weather_driven,historically_calibrated,0.57789,0.098241,6.5123,8.0795,0.0,1.5671
968,2,10,8,weather_driven,historically_calibrated,0.682666,0.116053,7.296,8.2454,0.0,0.9494
969,2,10,9,weather_driven,historically_calibrated,0.704132,0.119702,7.4477,8.3351,0.0013,0.8861
970,2,10,10,weather_driven,historically_calibrated,0.691875,0.117619,7.3614,8.2541,0.0065,0.8861
971,2,10,11,weather_driven,historically_calibrated,0.578489,0.098343,6.517,8.0085,0.013,1.4784
972,2,10,12,weather_driven,historically_calibrated,0.439052,0.074639,5.3421,7.4787,0.0726,2.0641
973,2,10,13,weather_driven,historically_calibrated,0.38963,0.066237,4.8813,6.7758,0.0402,1.8543
974,2,10,14,weather_driven,historically_calibrated,0.523602,0.089012,6.0746,6.7836,0.048,0.6611
975,2,10,15,weather_driven,historically_calibrated,0.391927,0.066628,4.9033,6.7205,0.0622,1.755
976,2,10,16,weather_driven,historically_calibrated,0.330336,0.056157,4.2917,6.9843,0.0363,2.6563
977,2,10,17,weather_driven,historically_calibrated,0.498601,0.084762,5.8647,7.2696,0.0117,1.3932
978,2,10,18,weather_driven,historically_calibrated,0.588626,0.100066,6.5962,7.5469,0.0013,0.9494
979,2,10,19,weather_driven,historically_calibrated,0.671172,0.114099,7.2136,8.2985,0.0,1.0848
980,2,10,20,weather_driven,historically_calibrated,0.717344,0.121948,7.5396,8.4258,0.0,0.8861
981,2,10,21,weather_driven,historically_calibrated,0.713751,0.121338,7.5147,8.228,0.0,0.7133
982,2,10,22,weather_driven,historically_calibrated,0.751634,0.127778,7.7736,8.1056,0.0,0.332
983,2,10,23,weather_driven,historically_calibrated,0.658609,0.111963,7.1226,7.7838,0.0,0.6611
984,2,10,24,weather_driven,historically_calibrated,0.394158,0.067007,4.9246,6.2359,0.0,1.3112
985,2,11,1,weather_driven,historically_calibrated,0.354235,0.06022,4.5345,6.1017,0.0,1.5671
986,2,11,2,weather_driven,historically_calibrated,0.341034,0.057976,4.4013,6.2556,0.0,1.8543
987,2,11,3,weather_driven,historically_calibrated,0.255869,0.043498,3.4851,6.272,0.0,2.7869
988,2,11,4,weather_driven,historically_calibrated,0.10662,0.018125,1.5792,6.2812,0.0,4.702
989,2,11,5,weather_driven,historically_calibrated,0.031829,0.005411,0.4251,6.3482,0.0,5.9231
990,2,11,6,weather_driven,historically_calibrated,0.170558,0.028995,2.4508,6.6108,0.0,4.16
991,2,11,7,weather_driven,historically_calibrated,0.64805,0.110169,7.0454,9.7016,0.0,2.6563
992,2,11,8,weather_driven,historically_calibrated,1.039618,0.176735,9.511,10.6681,0.0,1.1571
993,2,11,9,weather_driven,historically_calibrated,1.195554,0.203244,10.317,11.0903,0.0052,0.7682
994,2,11,10,weather_driven,historically_calibrated,1.112538,0.189131,9.8978,11.0835,0.0285,1.1571
995,2,11,11,weather_driven,historically_calibrated,1.22124,0.207611,10.4424,11.0665,0.0596,0.5645
996,2,11,12,weather_driven,historically_calibrated,1.099504,0.186916,9.83,10.5113,0.2035,0.4779
997,2,11,13,weather_driven,historically_calibrated,0.980878,0.166749,9.1854,10.0599,0.3966,0.4779
998,2,11,14,weather_driven,historically_calibrated,1.004582,0.170779,9.3184,10.0947,0.3758,0.4005
999,2,11,15,weather_driven,historically_calibrated,1.094198,0.186014,9.8022,10.4168,0.2825,0.332
1000,2,11,16,weather_driven,historically_calibrated,1.225404,0.208319,10.4625,10.9281,0.1646,0.3009
1001,2,11,17,weather_driven,historically_calibrated,1.426534,0.242511,11.381,11.6943,0.0687,0.2447
1002,2,11,18,weather_driven,historically_calibrated,1.692951,0.287802,12.4571,12.5465,0.013,0.0764
1003,2,11,19,weather_driven,historically_calibrated,1.868164,0.317588,13.0945,13.1321,0.0,0.0376
1004,2,11,20,weather_driven,historically_calibrated,1.785966,0.303614,12.8017,12.821,0.0,0.0193
1005,2,11,21,weather_driven,historically_calibrated,1.685219,0.286487,12.4278,12.439,0.0,0.0111
1006,2,11,22,weather_driven,historically_calibrated,1.598631,0.271767,12.0922,12.0979,0.0,0.0057
1007,2,11,23,weather_driven,historically_calibrated,1.481549,0.251863,11.6152,11.6176,0.0,0.0024
1008,2,11,24,weather_driven,historically_calibrated,0.974585,0.165679,9.1498,9.1498,0.0,0.0
1009,2,12,1,weather_driven,historically_calibrated,1.017985,0.173057,9.3926,9.3929,0.0,0.0003
1010,2,12,2,weather_driven,historically_calibrated,1.004171,0.170709,9.3161,9.3185,0.0,0.0024
1011,2,12,3,weather_driven,historically_calibrated,1.106088,0.188035,9.8643,9.8725,0.0,0.0081
1012,2,12,4,weather_driven,historically_calibrated,1.19033,0.202356,10.2912,10.3157,0.0,0.0245
1013,2,12,5,weather_driven,historically_calibrated,1.218232,0.207099,10.4278,10.4471,0.0,0.0193
1014,2,12,6,weather_driven,historically_calibrated,1.253228,0.213049,10.5959,10.6204,0.0,0.0245
1015,2,12,7,weather_driven,historically_calibrated,1.970908,0.335054,13.4463,13.4839,0.0,0.0376
1016,2,12,8,weather_driven,historically_calibrated,2.150511,0.365587,14.027,14.0646,0.0,0.0376
1017,2,12,9,weather_driven,historically_calibrated,2.115705,0.35967,13.9176,13.9957,0.0233,0.0548
1018,2,12,10,weather_driven,historically_calibrated,1.982452,0.337017,13.4849,13.7498,0.0907,0.1741
1019,2,12,11,weather_driven,historically_calibrated,1.91929,0.326279,13.2715,13.8517,0.1024,0.4779
1020,2,12,12,weather_driven,historically_calibrated,1.754491,0.298263,12.6867,13.4136,0.1153,0.6116
1021,2,12,13,weather_driven,historically_calibrated,1.47178,0.250203,11.5741,12.7971,0.2074,1.0156
1022,2,12,14,weather_driven,historically_calibrated,1.284728,0.218404,10.7444,12.433,0.2955,1.3932
1023,2,12,15,weather_driven,historically_calibrated,1.301989,0.221338,10.8246,12.769,0.2851,1.6593
1024,2,12,16,weather_driven,historically_calibrated,1.452308,0.246892,11.4915,13.3258,0.175,1.6593
1025,2,12,17,weather_driven,historically_calibrated,1.732031,0.294445,12.6037,14.1599,0.0778,1.4784
1026,2,12,18,weather_driven,historically_calibrated,2.166255,0.368263,14.0759,15.2499,0.0168,1.1571
1027,2,12,19,weather_driven,historically_calibrated,2.231899,0.379423,14.2771,15.8442,0.0,1.5671
1028,2,12,20,weather_driven,historically_calibrated,2.363274,0.401757,14.6652,16.3245,0.0,1.6593
1029,2,12,21,weather_driven,historically_calibrated,2.288758,0.389089,14.4473,16.3016,0.0,1.8543
1030,2,12,22,weather_driven,historically_calibrated,2.217123,0.376911,14.2322,15.9872,0.0,1.755
1031,2,12,23,weather_driven,historically_calibrated,2.090894,0.355452,13.8388,15.4059,0.0,1.5671
1032,2,12,24,weather_driven,historically_calibrated,1.414907,0.240534,11.3306,12.6419,0.0,1.3112
1033,2,13,1,weather_driven,historically_calibrated,1.352924,0.229997,11.0567,12.0724,0.0,1.0156
1034,2,13,2,weather_driven,historically_calibrated,1.397276,0.237537,11.2536,12.2031,0.0,0.9494
1035,2,13,3,weather_driven,historically_calibrated,1.414378,0.240444,11.3283,12.5609,0.0,1.2326
1036,2,13,4,weather_driven,historically_calibrated,1.408509,0.239447,11.3028,12.6959,0.0,1.3932
1037,2,13,5,weather_driven,historically_calibrated,1.405905,0.239004,11.2914,12.9507,0.0,1.6593
1038,2,13,6,weather_driven,historically_calibrated,1.481089,0.251785,11.6132,13.3682,0.0,1.755
1039,2,13,7,weather_driven,historically_calibrated,2.422891,0.411891,14.8354,16.6898,0.0,1.8543
1040,2,13,8,weather_driven,historically_calibrated,2.500809,0.425137,15.0527,16.8077,0.0,1.755
1041,2,13,9,weather_driven,historically_calibrated,2.387386,0.405856,14.7345,16.935,0.0259,2.1746
1042,2,13,10,weather_driven,historically_calibrated,2.03396,0.345773,13.6549,16.5506,0.1089,2.7869
1043,2,13,11,weather_driven,historically_calibrated,1.850273,0.314546,13.0317,15.7818,0.2203,2.5298
1044,2,13,12,weather_driven,historically_calibrated,1.565329,0.266106,11.9593,14.8787,0.2631,2.6563
1045,2,13,13,weather_driven,historically_calibrated,1.305794,0.221985,10.8421,14.0904,0.4614,2.7869
1046,2,13,14,weather_driven,historically_calibrated,1.25645,0.213596,10.6112,13.8414,0.4432,2.7869
1047,2,13,15,weather_driven,historically_calibrated,1.276928,0.217078,10.7079,14.1082,0.3396,3.0608
1048,2,13,16,weather_driven,historically_calibrated,1.436773,0.244251,11.4251,14.8289,0.1996,3.2043
1049,2,13,17,weather_driven,historically_calibrated,1.772996,0.301409,12.7545,15.8983,0.0829,3.0608
1050,2,13,18,weather_driven,historically_calibrated,2.272918,0.386396,14.4002,17.3401,0.0181,2.9217
1051,2,13,19,weather_driven,historically_calibrated,2.37299,0.403408,14.6932,17.8975,0.0,3.2043
1052,2,13,20,weather_driven,historically_calibrated,2.211729,0.375994,14.2158,17.8772,0.0,3.6614
1053,2,13,21,weather_driven,historically_calibrated,2.382203,0.404974,14.7196,17.9239,0.0,3.2043
1054,2,13,22,weather_driven,historically_calibrated,2.179906,0.370584,14.1182,17.3224,0.0,3.2043
1055,2,13,23,weather_driven,historically_calibrated,1.98214,0.336964,13.4839,16.6881,0.0,3.2043
1056,2,13,24,weather_driven,historically_calibrated,1.193873,0.202958,10.3087,13.3695,0.0,3.0608
1057,2,14,1,weather_driven,historically_calibrated,1.211516,0.205958,10.3951,12.9249,0.0,2.5298
1058,2,14,2,weather_driven,historically_calibrated,1.272262,0.216285,10.686,12.975,0.0,2.289
1059,2,14,3,weather_driven,historically_calibrated,1.271645,0.21618,10.683,13.0905,0.0,2.4074
1060,2,14,4,weather_driven,historically_calibrated,1.319278,0.224277,10.9041,13.3115,0.0,2.4074
1061,2,14,5,weather_driven,historically_calibrated,1.433909,0.243764,11.4128,13.7018,0.0,2.289
1062,2,14,6,weather_driven,historically_calibrated,1.588581,0.270059,12.0523,14.2269,0.0,2.1746
1063,2,14,7,weather_driven,historically_calibrated,2.385423,0.405522,14.7289,16.9035,0.0,2.1746
1064,2,14,8,weather_driven,historically_calibrated,2.43919,0.414662,14.8814,17.4112,0.0,2.5298
1065,2,14,9,weather_driven,historically_calibrated,2.454271,0.417226,14.9236,18.1551,0.0272,3.2043
1066,2,14,10,weather_driven,historically_calibrated,1.97923,0.336469,13.4741,17.5941,0.1309,3.9891
1067,2,14,11,weather_driven,historically_calibrated,1.691982,0.287637,12.4535,16.9077,0.2942,4.16
1068,2,14,12,weather_driven,historically_calibrated,1.006475,0.171101,9.3289,15.9251,0.451,6.1452
1069,2,14,13,weather_driven,historically_calibrated,0.706833,0.120162,7.4666,14.6077,0.5352,6.6059
1070,2,14,14,weather_driven,historically_calibrated,0.882444,0.150015,8.6089,14.2065,0.5093,5.0882
1071,2,14,15,weather_driven,historically_calibrated,0.91564,0.155659,8.8079,14.4832,0.3862,5.2891
1072,2,14,16,weather_driven,historically_calibrated,1.114651,0.189491,9.9088,15.2186,0.2216,5.0882
1073,2,14,17,weather_driven,historically_calibrated,1.476127,0.250942,11.5924,16.7675,0.0868,5.0882
1074,2,14,18,weather_driven,historically_calibrated,1.634706,0.2779,12.2337,17.3401,0.0181,5.0882
1075,2,14,19,weather_driven,historically_calibrated,2.117907,0.360044,13.9246,18.441,0.0,4.5164
1076,2,14,20,weather_driven,historically_calibrated,2.224492,0.378164,14.2546,18.4146,0.0,4.16
1077,2,14,21,weather_driven,historically_calibrated,2.067556,0.351485,13.7639,17.9239,0.0,4.16
1078,2,14,22,weather_driven,historically_calibrated,1.821915,0.309726,12.9311,17.2668,0.0,4.3358
1079,2,14,23,weather_driven,historically_calibrated,1.803554,0.306604,12.8652,16.6881,0.0,3.8229
1080,2,14,24,weather_driven,historically_calibrated,1.092572,0.185737,9.7937,13.4551,0.0,3.6614
1081,2,15,1,weather_driven,historically_calibrated,1.089159,0.185157,9.7758,13.1279,0.0,3.3521
1082,2,15,2,weather_driven,historically_calibrated,1.171672,0.199184,10.1986,13.2594,0.0,3.0608
1083,2,15,3,weather_driven,historically_calibrated,1.279374,0.217494,10.7193,13.3756,0.0,2.6563
1084,2,15,4,weather_driven,historically_calibrated,1.309769,0.222661,10.8605,13.5167,0.0,2.6563
1085,2,15,5,weather_driven,historically_calibrated,1.397689,0.237607,11.2555,13.7853,0.0,2.5298
1086,2,15,6,weather_driven,historically_calibrated,1.549389,0.263396,11.895,14.184,0.0,2.289
1087,2,15,7,weather_driven,historically_calibrated,2.619834,0.445372,15.3737,17.4378,0.0,2.0641
1088,2,15,8,weather_driven,historically_calibrated,2.94477,0.500611,16.1908,17.85,0.0,1.6593
1089,2,15,9,weather_driven,historically_calibrated,3.135789,0.533084,16.6354,17.8223,0.0298,1.1571
1090,2,15,10,weather_driven,historically_calibrated,2.865599,0.487152,15.9991,17.2097,0.1257,1.0848
1091,2,15,11,weather_driven,historically_calibrated,2.523688,0.429027,15.1154,16.2107,0.2696,0.8257
1092,2,15,12,weather_driven,historically_calibrated,2.092367,0.355702,13.8435,14.931,0.4264,0.6611
1093,2,15,13,weather_driven,historically_calibrated,1.819528,0.30932,12.9225,14.0904,0.5067,0.6611
1094,2,15,14,weather_driven,historically_calibrated,1.798809,0.305798,12.8481,13.8935,0.4808,0.5645
1095,2,15,15,weather_driven,historically_calibrated,1.920331,0.326456,13.275,14.1618,0.3668,0.52
1096,2,15,16,weather_driven,historically_calibrated,2.168063,0.368571,14.0816,14.7733,0.2138,0.4779
1097,2,15,17,weather_driven,historically_calibrated,2.716163,0.461748,15.6246,16.188,0.0855,0.4779
1098,2,15,18,weather_driven,historically_calibrated,2.992999,0.50881,16.3053,16.8026,0.0194,0.4779
1099,2,15,19,weather_driven,historically_calibrated,3.23169,0.549387,16.8498,17.4143,0.0,0.5645
1100,2,15,20,weather_driven,historically_calibrated,3.355406,0.570419,17.1183,17.6383,0.0,0.52
1101,2,15,21,weather_driven,historically_calibrated,3.097516,0.526578,16.5482,17.1128,0.0,0.5645
1102,2,15,22,weather_driven,historically_calibrated,2.830344,0.481159,15.9123,16.4323,0.0,0.52
1103,2,15,23,weather_driven,historically_calibrated,2.633152,0.447636,15.4089,15.8867,0.0,0.4779
1104,2,15,24,weather_driven,historically_calibrated,1.78874,0.304086,12.8118,13.1127,0.0,0.3009
1105,2,16,1,weather_driven,historically_calibrated,1.624605,0.276183,12.1943,12.5595,0.0,0.3652
1106,2,16,2,weather_driven,historically_calibrated,1.608584,0.273459,12.1315,12.6093,0.0,0.4779
1107,2,16,3,weather_driven,historically_calibrated,1.58318,0.269141,12.0308,12.6424,0.0,0.6116
1108,2,16,4,weather_driven,historically_calibrated,1.615312,0.274603,12.1579,12.8191,0.0,0.6611
1109,2,16,5,weather_driven,historically_calibrated,1.726115,0.29344,12.5817,13.2428,0.0,0.6611
1110,2,16,6,weather_driven,historically_calibrated,1.895879,0.322299,13.1909,13.6688,0.0,0.4779
1111,2,16,7,weather_driven,historically_calibrated,3.026284,0.514468,16.3835,16.9035,0.0,0.52
1112,2,16,8,weather_driven,historically_calibrated,3.225579,0.548348,16.8363,17.3563,0.0,0.52
1113,2,16,9,weather_driven,historically_calibrated,3.216207,0.546755,16.8156,17.3232,0.0298,0.4779
1114,2,16,10,weather_driven,historically_calibrated,2.81157,0.477967,15.8657,16.6056,0.1283,0.6116
1115,2,16,11,weather_driven,historically_calibrated,2.36976,0.402859,14.6839,15.6746,0.2773,0.7133
1116,2,16,12,weather_driven,historically_calibrated,1.845337,0.313707,13.0142,14.1462,0.4186,0.7133
1117,2,16,13,weather_driven,historically_calibrated,1.613972,0.274375,12.1527,13.4696,0.4912,0.8257
1118,2,16,14,weather_driven,historically_calibrated,1.531706,0.26039,11.8229,13.059,0.4679,0.7682
1119,2,16,15,weather_driven,historically_calibrated,1.57733,0.268146,12.0075,12.9297,0.3577,0.5645
1120,2,16,16,weather_driven,historically_calibrated,1.738756,0.295589,12.6286,13.6041,0.2074,0.7682
1121,2,16,17,weather_driven,historically_calibrated,2.192463,0.372719,14.1568,14.8552,0.0868,0.6116
1122,2,16,18,weather_driven,historically_calibrated,2.538275,0.431507,15.1551,15.7874,0.0207,0.6116
1123,2,16,19,weather_driven,historically_calibrated,2.762718,0.469662,15.7431,16.5689,0.0,0.8257
1124,2,16,20,weather_driven,historically_calibrated,2.855517,0.485438,15.9744,16.7425,0.0,0.7682
1125,2,16,21,weather_driven,historically_calibrated,2.76033,0.469256,15.7371,16.3016,0.0,0.5645
1126,2,16,22,weather_driven,historically_calibrated,2.620561,0.445495,15.3757,15.9872,0.0,0.6116
1127,2,16,23,weather_driven,historically_calibrated,2.496458,0.424398,15.0407,15.4059,0.0,0.3652
1128,2,16,24,weather_driven,historically_calibrated,1.61085,0.273845,12.1404,12.3851,0.0,0.2447
1129,2,17,1,weather_driven,historically_calibrated,1.243688,0.211427,10.5504,10.8825,0.0,0.332
1130,2,17,2,weather_driven,historically_calibrated,1.331657,0.226382,10.9606,11.1147,0.0,0.1541
1131,2,17,3,weather_driven,historically_calibrated,1.337117,0.22731,10.9854,11.1813,0.0,0.1959
1132,2,17,4,weather_driven,historically_calibrated,1.353215,0.230047,11.0581,11.3027,0.0,0.2447
1133,2,17,5,weather_driven,historically_calibrated,1.464124,0.248901,11.5417,11.7611,0.0,0.2194
1134,2,17,6,weather_driven,historically_calibrated,1.549674,0.263445,11.8961,12.1408,0.0,0.2447
1135,2,17,7,weather_driven,historically_calibrated,2.371703,0.403189,14.6895,14.9613,0.0,0.2718
1136,2,17,8,weather_driven,historically_calibrated,2.54237,0.432203,15.1662,15.3621,0.0,0.1959
1137,2,17,9,weather_driven,historically_calibrated,2.554421,0.434252,15.1989,15.4271,0.0324,0.1959
1138,2,17,10,weather_driven,historically_calibrated,2.300382,0.391065,14.4817,14.7719,0.1361,0.1541
1139,2,17,11,weather_driven,historically_calibrated,1.896927,0.322478,13.1945,13.6807,0.2903,0.1959
1140,2,17,12,weather_driven,historically_calibrated,1.568068,0.266572,11.9703,12.5812,0.4368,0.1741
1141,2,17,13,weather_driven,historically_calibrated,1.408368,0.239423,11.3022,12.0113,0.5132,0.1959
1142,2,17,14,weather_driven,historically_calibrated,1.307471,0.22227,10.8499,11.5344,0.4886,0.1959
1143,2,17,15,weather_driven,historically_calibrated,1.297847,0.220634,10.8054,11.4518,0.3745,0.2718
1144,2,17,16,weather_driven,historically_calibrated,1.419106,0.241248,11.3488,11.9012,0.2203,0.332
1145,2,17,17,weather_driven,historically_calibrated,1.709058,0.29054,12.5179,12.9738,0.0907,0.3652
1146,2,17,18,weather_driven,historically_calibrated,2.064047,0.350888,13.7526,14.1398,0.022,0.3652
1147,2,17,19,weather_driven,historically_calibrated,2.30981,0.392668,14.5095,14.91,0.0,0.4005
1148,2,17,20,weather_driven,historically_calibrated,2.45585,0.417495,14.928,15.2932,0.0,0.3652
1149,2,17,21,weather_driven,historically_calibrated,2.374168,0.403608,14.6966,14.9975,0.0,0.3009
1150,2,17,22,weather_driven,historically_calibrated,2.302812,0.391478,14.4889,14.7082,0.0,0.2194
1151,2,17,23,weather_driven,historically_calibrated,2.153994,0.366179,14.0378,14.1734,0.0,0.1356
1152,2,17,24,weather_driven,historically_calibrated,1.476381,0.250985,11.5934,11.6699,0.0,0.0764
1153,2,18,1,weather_driven,historically_calibrated,1.36219,0.231572,11.0983,11.1439,0.0,0.0457
1154,2,18,2,weather_driven,historically_calibrated,1.377165,0.234118,11.165,11.1894,0.0,0.0245
1155,2,18,3,weather_driven,historically_calibrated,1.456041,0.247527,11.5074,11.5186,0.0,0.0111
1156,2,18,4,weather_driven,historically_calibrated,1.496211,0.254356,11.6764,11.6803,0.0,0.0038
1157,2,18,5,weather_driven,historically_calibrated,1.544608,0.262583,11.8755,11.8763,0.0,0.0007
1158,2,18,6,weather_driven,historically_calibrated,1.64129,0.279019,12.2593,12.2593,0.0,0.0
1159,2,18,7,weather_driven,historically_calibrated,2.6126,0.444142,15.3546,15.3546,0.0,0.0
1160,2,18,8,weather_driven,historically_calibrated,2.791825,0.47461,15.8164,15.8164,0.0,0.0
1161,2,18,9,weather_driven,historically_calibrated,2.68536,0.456511,15.5452,15.5802,0.035,0.0
1162,2,18,10,weather_driven,historically_calibrated,2.370142,0.402924,14.685,14.8224,0.1374,0.0
1163,2,18,11,weather_driven,historically_calibrated,1.984483,0.337362,13.4917,13.7794,0.2877,0.0
1164,2,18,12,weather_driven,historically_calibrated,1.650622,0.280606,12.2954,12.7256,0.4303,0.0
1165,2,18,13,weather_driven,historically_calibrated,1.478489,0.251343,11.6023,12.1065,0.5041,0.0
1166,2,18,14,weather_driven,historically_calibrated,1.373981,0.233577,11.1508,11.6303,0.4795,0.0
1167,2,18,15,weather_driven,historically_calibrated,1.358645,0.23097,11.0824,11.4518,0.3694,0.0
1168,2,18,16,weather_driven,historically_calibrated,1.46101,0.248372,11.5285,11.7475,0.219,0.0
1169,2,18,17,weather_driven,historically_calibrated,1.734789,0.294914,12.6139,12.7072,0.0933,0.0
1170,2,18,18,weather_driven,historically_calibrated,2.144,0.36448,14.0066,14.0299,0.0233,0.0
1171,2,18,19,weather_driven,historically_calibrated,2.313764,0.39334,14.5211,14.5211,0.0,0.0
1172,2,18,20,weather_driven,historically_calibrated,2.296132,0.390342,14.4691,14.4691,0.0,0.0
1173,2,18,21,weather_driven,historically_calibrated,2.188502,0.372045,14.1447,14.1447,0.0,0.0
1174,2,18,22,weather_driven,historically_calibrated,2.074715,0.352701,13.7869,13.7869,0.0,0.0
1175,2,18,23,weather_driven,historically_calibrated,1.997361,0.339551,13.5345,13.5345,0.0,0.0
1176,2,18,24,weather_driven,historically_calibrated,1.357938,0.230849,11.0792,11.0792,0.0,0.0
1177,2,19,1,weather_driven,historically_calibrated,1.523225,0.258948,11.7882,11.7882,0.0,0.0
1178,2,19,2,weather_driven,historically_calibrated,1.595851,0.271295,12.0812,12.0812,0.0,0.0
1179,2,19,3,weather_driven,historically_calibrated,1.614202,0.274414,12.1536,12.1536,0.0,0.0
1180,2,19,4,weather_driven,historically_calibrated,1.648081,0.280174,12.2856,12.2856,0.0,0.0
1181,2,19,5,weather_driven,historically_calibrated,1.781036,0.302776,12.7838,12.7838,0.0,0.0
1182,2,19,6,weather_driven,historically_calibrated,1.909951,0.324692,13.2394,13.2394,0.0,0.0
1183,2,19,7,weather_driven,historically_calibrated,3.020167,0.513428,16.3692,16.3692,0.0,0.0
1184,2,19,8,weather_driven,historically_calibrated,3.338439,0.567535,17.082,17.082,0.0,0.0
1185,2,19,9,weather_driven,historically_calibrated,3.203122,0.544531,16.7865,16.8241,0.0376,0.0
1186,2,19,10,weather_driven,historically_calibrated,2.657385,0.451755,15.4724,15.617,0.1439,0.0007
1187,2,19,11,weather_driven,historically_calibrated,2.221911,0.377725,14.2468,14.5487,0.2981,0.0038
1188,2,19,12,weather_driven,historically_calibrated,1.832965,0.311604,12.9704,13.4136,0.4432,0.0
1189,2,19,13,weather_driven,historically_calibrated,1.554715,0.264301,11.9165,12.4349,0.5184,0.0
1190,2,19,14,weather_driven,historically_calibrated,1.447147,0.246015,11.4695,11.9636,0.4938,0.0003
1191,2,19,15,weather_driven,historically_calibrated,1.398862,0.237807,11.2606,11.644,0.381,0.0024
1192,2,19,16,weather_driven,historically_calibrated,1.530455,0.260177,11.8178,12.0453,0.2268,0.0007
1193,2,19,17,weather_driven,historically_calibrated,1.814258,0.308424,12.9037,13.001,0.0959,0.0014
1194,2,19,18,weather_driven,historically_calibrated,2.247402,0.382058,14.3238,14.3542,0.0246,0.0057
1195,2,19,19,weather_driven,historically_calibrated,2.392478,0.406721,14.749,14.7572,0.0,0.0081
1196,2,19,20,weather_driven,historically_calibrated,2.478646,0.42137,14.9915,15.0107,0.0,0.0193
1197,2,19,21,weather_driven,historically_calibrated,2.441072,0.414982,14.8866,14.9111,0.0,0.0245
1198,2,19,22,weather_driven,historically_calibrated,2.354845,0.400324,14.6409,14.652,0.0,0.0111
1199,2,19,23,weather_driven,historically_calibrated,2.142527,0.36423,14.002,14.0168,0.0,0.0148
1200,2,19,24,weather_driven,historically_calibrated,1.392943,0.2368,11.2346,11.2722,0.0,0.0376
1201,2,20,1,weather_driven,historically_calibrated,1.289208,0.219165,10.7653,10.8544,0.0,0.0892
1202,2,20,2,weather_driven,historically_calibrated,1.298858,0.220806,10.8101,10.9842,0.0,0.1741
1203,2,20,3,weather_driven,historically_calibrated,1.353376,0.230074,11.0588,11.1352,0.0,0.0764
1204,2,20,4,weather_driven,historically_calibrated,1.406393,0.239087,11.2935,11.3827,0.0,0.0892
1205,2,20,5,weather_driven,historically_calibrated,1.440548,0.244893,11.4413,11.6154,0.0,0.1741
1206,2,20,6,weather_driven,historically_calibrated,1.57658,0.268019,12.0045,12.1231,0.0,0.1187
1207,2,20,7,weather_driven,historically_calibrated,2.368073,0.402572,14.679,14.98,0.0,0.3009
1208,2,20,8,weather_driven,historically_calibrated,2.57131,0.437123,15.2444,15.3813,0.0013,0.1356
1209,2,20,9,weather_driven,historically_calibrated,2.543875,0.432459,15.1703,15.4376,0.048,0.2194
1210,2,20,10,weather_driven,historically_calibrated,2.136829,0.363261,13.9842,14.3539,0.1503,0.2194
1211,2,20,11,weather_driven,historically_calibrated,1.716114,0.291739,12.5443,13.0475,0.2838,0.2194
1212,2,20,12,weather_driven,historically_calibrated,1.427758,0.242719,11.3863,12.0009,0.3953,0.2194
1213,2,20,13,weather_driven,historically_calibrated,1.276384,0.216985,10.7053,11.2968,0.4173,0.1741
1214,2,20,14,weather_driven,historically_calibrated,1.098388,0.186726,9.8242,10.3988,0.4005,0.1741
1215,2,20,15,weather_driven,historically_calibrated,1.05719,0.179722,9.6059,10.1441,0.3188,0.2194
1216,2,20,16,weather_driven,historically_calibrated,1.092317,0.185694,9.7924,10.2638,0.2268,0.2447
1217,2,20,17,weather_driven,historically_calibrated,1.318316,0.224114,10.8997,11.1467,0.1283,0.1187
1218,2,20,18,weather_driven,historically_calibrated,1.639626,0.278736,12.2528,12.3835,0.0415,0.0892
1219,2,20,19,weather_driven,historically_calibrated,1.866427,0.317293,13.0884,13.3078,0.0,0.2194
1220,2,20,20,weather_driven,historically_calibrated,1.973727,0.335534,13.4557,13.7567,0.0,0.3009
1221,2,20,21,weather_driven,historically_calibrated,1.996916,0.339476,13.533,13.7524,0.0,0.2194
1222,2,20,22,weather_driven,historically_calibrated,1.924065,0.327091,13.2878,13.4837,0.0,0.1959
1223,2,20,23,weather_driven,historically_calibrated,1.803197,0.306544,12.864,13.1086,0.0,0.2447
1224,2,20,24,weather_driven,historically_calibrated,1.189376,0.202194,10.2865,10.5874,0.0,0.3009
1225,2,21,1,weather_driven,historically_calibrated,1.119349,0.190289,9.933,10.2049,0.0,0.2718
1226,2,21,2,weather_driven,historically_calibrated,1.138898,0.193613,10.0333,10.3342,0.0,0.3009
1227,2,21,3,weather_driven,historically_calibrated,1.139591,0.193731,10.0368,10.402,0.0,0.3652
1228,2,21,4,weather_driven,historically_calibrated,1.154948,0.196341,10.1146,10.4798,0.0,0.3652
1229,2,21,5,weather_driven,historically_calibrated,1.211796,0.206005,10.3965,10.6974,0.0,0.3009
1230,2,21,6,weather_driven,historically_calibrated,1.255409,0.21342,10.6063,11.0068,0.0,0.4005
1231,2,21,7,weather_driven,historically_calibrated,1.937163,0.329318,13.3324,13.6976,0.0,0.3652
1232,2,21,8,weather_driven,historically_calibrated,2.047213,0.348026,13.6981,14.0646,0.0013,0.3652
1233,2,21,9,weather_driven,historically_calibrated,1.885704,0.32057,13.1556,13.7184,0.0428,0.52
1234,2,21,10,weather_driven,historically_calibrated,1.493681,0.253926,11.6659,12.4317,0.1542,0.6116
1235,2,21,11,weather_driven,historically_calibrated,1.045406,0.177719,9.5424,10.7421,0.3136,0.8861
1236,2,21,12,weather_driven,historically_calibrated,0.722937,0.122899,7.5782,9.1232,0.4601,1.0848
1237,2,21,13,weather_driven,historically_calibrated,0.601599,0.102272,6.6964,8.7101,0.5352,1.4784
1238,2,21,14,weather_driven,historically_calibrated,0.38632,0.065674,4.8495,7.217,0.5132,1.8543
1239,2,21,15,weather_driven,historically_calibrated,0.38551,0.065537,4.8417,7.3049,0.3992,2.0641
1240,2,21,16,weather_driven,historically_calibrated,0.468674,0.079675,5.6063,7.7029,0.2424,1.8543
1241,2,21,17,weather_driven,historically_calibrated,0.820221,0.139438,8.2222,9.9878,0.1063,1.6593
1242,2,21,18,weather_driven,historically_calibrated,1.013163,0.172238,9.366,11.2488,0.0285,1.8543
1243,2,21,19,weather_driven,historically_calibrated,1.294259,0.220024,10.7888,12.1,0.0,1.3112
1244,2,21,20,weather_driven,historically_calibrated,1.38313,0.235132,11.1914,12.5026,0.0,1.3112
1245,2,21,21,weather_driven,historically_calibrated,1.372108,0.233258,11.1425,12.5357,0.0,1.3932
1246,2,21,22,weather_driven,historically_calibrated,1.375648,0.23386,11.1582,12.3154,0.0,1.1571
1247,2,21,23,weather_driven,historically_calibrated,1.360498,0.231285,11.0907,12.0401,0.0,0.9494
1248,2,21,24,weather_driven,historically_calibrated,0.895765,0.15228,8.6893,9.7742,0.0,1.0848
1249,2,22,1,weather_driven,historically_calibrated,0.815976,0.138716,8.1952,9.3523,0.0,1.1571
1250,2,22,2,weather_driven,historically_calibrated,0.779972,0.132595,7.9619,9.4404,0.0,1.4784
1251,2,22,3,weather_driven,historically_calibrated,0.760404,0.129269,7.8323,9.5873,0.0,1.755
1252,2,22,4,weather_driven,historically_calibrated,0.81267,0.138154,8.174,9.7411,0.0,1.5671
1253,2,22,5,weather_driven,historically_calibrated,0.900884,0.15315,8.7201,10.1132,0.0,1.3932
1254,2,22,6,weather_driven,historically_calibrated,1.05333,0.179066,9.5851,10.5346,0.0,0.9494
1255,2,22,7,weather_driven,historically_calibrated,1.662714,0.282661,12.3419,13.003,0.0,0.6611
1256,2,22,8,weather_driven,historically_calibrated,1.753655,0.298121,12.6836,13.2965,0.0013,0.6116
1257,2,22,9,weather_driven,historically_calibrated,1.645792,0.279785,12.2767,12.9975,0.0596,0.6611
1258,2,22,10,weather_driven,historically_calibrated,1.399484,0.237912,11.2633,12.0473,0.1724,0.6116
1259,2,22,11,weather_driven,historically_calibrated,1.097251,0.186533,9.8182,10.7421,0.3123,0.6116
1260,2,22,12,weather_driven,historically_calibrated,0.890211,0.151336,8.6559,9.8034,0.4342,0.7133
1261,2,22,13,weather_driven,historically_calibrated,0.848163,0.144188,8.3981,9.3309,0.4549,0.4779
1262,2,22,14,weather_driven,historically_calibrated,0.844911,0.143635,8.3779,9.0948,0.3849,0.332
1263,2,22,15,weather_driven,historically_calibrated,0.853247,0.145052,8.4297,9.0191,0.3447,0.2447
1264,2,22,16,weather_driven,historically_calibrated,0.92439,0.157146,8.8596,9.3174,0.2385,0.2194
1265,2,22,17,weather_driven,historically_calibrated,1.036613,0.176224,9.4946,9.8139,0.1452,0.1741
1266,2,22,18,weather_driven,historically_calibrated,1.199558,0.203925,10.3366,10.5322,0.0415,0.1541
1267,2,22,19,weather_driven,historically_calibrated,1.28234,0.217998,10.7332,10.9526,0.0,0.2194
1268,2,22,20,weather_driven,historically_calibrated,1.320505,0.224486,10.9097,11.1291,0.0,0.2194
1269,2,22,21,weather_driven,historically_calibrated,1.267616,0.215495,10.6641,11.0293,0.0,0.3652
1270,2,22,22,weather_driven,historically_calibrated,1.238966,0.210624,10.5278,10.702,0.0,0.1741
1271,2,22,23,weather_driven,historically_calibrated,1.17795,0.200251,10.2299,10.3839,0.0,0.1541
1272,2,22,24,weather_driven,historically_calibrated,0.820841,0.139543,8.2262,8.3618,0.0,0.1356
1273,2,23,1,weather_driven,historically_calibrated,0.769907,0.130884,7.8955,7.972,0.0,0.0764
1274,2,23,2,weather_driven,historically_calibrated,0.797717,0.135612,8.0777,8.1809,0.0,0.1032
1275,2,23,3,weather_driven,historically_calibrated,0.815007,0.138551,8.189,8.3246,0.0,0.1356
1276,2,23,4,weather_driven,historically_calibrated,0.827465,0.140669,8.2682,8.3869,0.0,0.1187
1277,2,23,5,weather_driven,historically_calibrated,0.859121,0.146051,8.4661,8.5693,0.0,0.1032
1278,2,23,6,weather_driven,historically_calibrated,0.908821,0.1545,8.7674,8.903,0.0,0.1356
1279,2,23,7,weather_driven,historically_calibrated,1.343504,0.228396,11.0143,11.133,0.0,0.1187
1280,2,23,8,weather_driven,historically_calibrated,1.362759,0.231669,11.1008,11.3215,0.0013,0.2194
1281,2,23,9,weather_driven,historically_calibrated,1.292898,0.219793,10.7824,11.1119,0.0285,0.3009
1282,2,23,10,weather_driven,historically_calibrated,1.175958,0.199913,10.2199,10.6194,0.0674,0.332
1283,2,23,11,weather_driven,historically_calibrated,1.075183,0.182781,9.702,10.0988,0.0959,0.3009
1284,2,23,12,weather_driven,historically_calibrated,1.026449,0.174496,9.4391,9.908,0.1037,0.3652
1285,2,23,13,weather_driven,historically_calibrated,0.970076,0.164913,9.1241,9.6413,0.1166,0.4005
1286,2,23,14,weather_driven,historically_calibrated,0.891372,0.151533,8.6629,9.3034,0.1205,0.52
1287,2,23,15,weather_driven,historically_calibrated,0.830875,0.141249,8.2897,9.2334,0.1179,0.8257
1288,2,23,16,weather_driven,historically_calibrated,0.846639,0.143929,8.3886,9.4288,0.0907,0.9494
1289,2,23,17,weather_driven,historically_calibrated,0.873149,0.148435,8.5523,9.698,0.0609,1.0848
1290,2,23,18,weather_driven,historically_calibrated,1.037933,0.176449,9.5018,10.2933,0.0233,0.7682
1291,2,23,19,weather_driven,historically_calibrated,1.056644,0.179629,9.603,10.1675,0.0,0.5645
1292,2,23,20,weather_driven,historically_calibrated,1.050931,0.178658,9.5722,10.2334,0.0,0.6611
1293,2,23,21,weather_driven,historically_calibrated,0.966325,0.164275,9.1027,9.9285,0.0,0.8257
1294,2,23,22,weather_driven,historically_calibrated,0.917155,0.155916,8.8169,9.478,0.0,0.6611
1295,2,23,23,weather_driven,historically_calibrated,0.78261,0.133044,7.9792,8.9949,0.0,1.0156
1296,2,23,24,weather_driven,historically_calibrated,0.608203,0.103394,6.7469,7.7625,0.0,1.0156
1297,2,24,1,weather_driven,historically_calibrated,0.518222,0.088098,6.0299,6.5499,0.0,0.52
1298,2,24,2,weather_driven,historically_calibrated,0.515319,0.087604,6.0056,6.6668,0.0,0.6611
1299,2,24,3,weather_driven,historically_calibrated,0.500956,0.085162,5.8847,6.8341,0.0,0.9494
1300,2,24,4,weather_driven,historically_calibrated,0.576351,0.09798,6.5002,7.1118,0.0,0.6116
1301,2,24,5,weather_driven,historically_calibrated,0.568124,0.096581,6.4353,7.3847,0.0,0.9494
1302,2,24,6,weather_driven,historically_calibrated,0.563046,0.095718,6.395,7.4798,0.0,1.0848
1303,2,24,7,weather_driven,historically_calibrated,0.841889,0.143121,8.359,9.3084,0.0,0.9494
1304,2,24,8,weather_driven,historically_calibrated,0.902662,0.153453,8.7307,9.5577,0.0013,0.8257
1305,2,24,9,weather_driven,historically_calibrated,0.879559,0.149525,8.5914,9.5086,0.0311,0.8861
1306,2,24,10,weather_driven,historically_calibrated,0.575884,0.0979,6.4966,8.7593,0.0881,2.1746
1307,2,24,11,weather_driven,historically_calibrated,0.336829,0.057261,4.3584,8.3044,0.1231,3.8229
1308,2,24,12,weather_driven,historically_calibrated,0.316929,0.053878,4.1523,8.2489,0.1076,3.9891
1309,2,24,13,weather_driven,historically_calibrated,0.452444,0.076915,5.4626,9.0604,0.0933,3.5045
1310,2,24,14,weather_driven,historically_calibrated,0.565156,0.096076,6.4117,9.279,0.0804,2.7869
1311,2,24,15,weather_driven,historically_calibrated,0.611928,0.104028,6.7753,9.6283,0.0661,2.7869
1312,2,24,16,weather_driven,historically_calibrated,0.801159,0.136197,8.1,10.0061,0.0518,1.8543
1313,2,24,17,weather_driven,historically_calibrated,1.166462,0.198299,10.1725,10.3616,0.035,0.1541
1314,2,24,18,weather_driven,historically_calibrated,0.972405,0.165309,9.1374,10.6236,0.0078,1.4784
1315,2,24,19,weather_driven,historically_calibrated,1.40316,0.238537,11.2794,11.2987,0.0,0.0193
1316,2,24,20,weather_driven,historically_calibrated,1.414362,0.240442,11.3283,11.5024,0.0,0.1741
1317,2,24,21,weather_driven,historically_calibrated,1.379888,0.234581,11.177,11.3729,0.0,0.1959
1318,2,24,22,weather_driven,historically_calibrated,1.266292,0.21527,10.6578,11.023,0.0,0.3652
1319,2,24,23,weather_driven,historically_calibrated,1.145216,0.194687,10.0654,10.5854,0.0,0.52
1320,2,24,24,weather_driven,historically_calibrated,0.792198,0.134674,8.0419,8.5197,0.0,0.4779
1321,2,25,1,weather_driven,historically_calibrated,0.737516,0.125378,7.6781,8.1559,0.0,0.4779
1322,2,25,2,weather_driven,historically_calibrated,0.743901,0.126463,7.7214,8.1992,0.0,0.4779
1323,2,25,3,weather_driven,historically_calibrated,0.80317,0.136539,8.113,8.633,0.0,0.52
1324,2,25,4,weather_driven,historically_calibrated,0.85591,0.145505,8.4462,8.9241,0.0,0.4779
1325,2,25,5,weather_driven,historically_calibrated,0.893007,0.151811,8.6728,9.1506,0.0,0.4779
1326,2,25,6,weather_driven,historically_calibrated,0.965049,0.164058,9.0954,9.5733,0.0,0.4779
1327,2,25,7,weather_driven,historically_calibrated,1.385162,0.235478,11.2003,11.9136,0.0,0.7133
1328,2,25,8,weather_driven,historically_calibrated,1.40868,0.239476,11.3035,12.1318,0.0026,0.8257
1329,2,25,9,weather_driven,historically_calibrated,1.313133,0.223233,10.8759,11.9577,0.0661,1.0156
1330,2,25,10,weather_driven,historically_calibrated,0.987958,0.167953,9.2254,11.4372,0.1477,2.0641
1331,2,25,11,weather_driven,historically_calibrated,0.611341,0.103928,6.7708,10.672,0.2398,3.6614
1332,2,25,12,weather_driven,historically_calibrated,0.341148,0.057995,4.4025,9.9818,0.2903,5.2891
1333,2,25,13,weather_driven,historically_calibrated,0.07642,0.012991,1.1327,9.5363,0.2786,8.125
1334,2,25,14,weather_driven,historically_calibrated,0.056292,0.00957,0.8209,9.231,0.2851,8.125
1335,2,25,15,weather_driven,historically_calibrated,0.172419,0.029311,2.4748,10.8111,0.2112,8.125
1336,2,25,16,weather_driven,historically_calibrated,0.682674,0.116055,7.2961,9.9549,0.2514,2.4074
1337,2,25,17,weather_driven,historically_calibrated,1.281551,0.217864,10.7295,12.3874,0.0907,1.5671
1338,2,25,18,weather_driven,historically_calibrated,1.358442,0.230935,11.0815,12.2169,0.0505,1.0848
1339,2,25,19,weather_driven,historically_calibrated,1.460713,0.248321,11.5273,12.3543,0.0013,0.8257
1340,2,25,20,weather_driven,historically_calibrated,1.646862,0.279967,12.2808,12.3265,0.0,0.0457
1341,2,25,21,weather_driven,historically_calibrated,1.599258,0.271874,12.0947,12.1192,0.0,0.0245
1342,2,25,22,weather_driven,historically_calibrated,1.465166,0.249078,11.5461,11.7908,0.0,0.2447
1343,2,25,23,weather_driven,historically_calibrated,1.418108,0.241078,11.3445,11.421,0.0,0.0764
1344,2,25,24,weather_driven,historically_calibrated,0.958201,0.162894,9.0562,9.071,0.0,0.0148
1345,2,26,1,weather_driven,historically_calibrated,1.025169,0.174279,9.4321,9.4335,0.0,0.0014
1346,2,26,2,weather_driven,historically_calibrated,1.04864,0.178269,9.5599,9.5623,0.0,0.0024
1347,2,26,3,weather_driven,historically_calibrated,1.076348,0.182979,9.7081,9.7095,0.0,0.0014
1348,2,26,4,weather_driven,historically_calibrated,1.129917,0.192086,9.9874,9.9874,0.0,0.0
1349,2,26,5,weather_driven,historically_calibrated,1.21361,0.206314,10.4053,10.4053,0.0,0.0
1350,2,26,6,weather_driven,historically_calibrated,1.319717,0.224352,10.9061,10.921,0.0,0.0148
1351,2,26,7,weather_driven,historically_calibrated,2.000107,0.340018,13.5436,13.6976,0.0,0.1541
1352,2,26,8,weather_driven,historically_calibrated,2.112636,0.359148,13.9079,13.9549,0.0013,0.0457
1353,2,26,9,weather_driven,historically_calibrated,1.951943,0.33183,13.3825,13.7184,0.035,0.3009
1354,2,26,10,weather_driven,historically_calibrated,1.698955,0.288822,12.4798,13.2006,0.0596,0.6611
1355,2,26,11,weather_driven,historically_calibrated,1.228622,0.208866,10.4781,12.4041,0.1711,1.755
1356,2,26,12,weather_driven,historically_calibrated,1.130922,0.192257,9.9925,11.7916,0.232,1.5671
1357,2,26,13,weather_driven,historically_calibrated,0.967638,0.164498,9.1102,11.1933,0.4238,1.6593
1358,2,26,14,weather_driven,historically_calibrated,0.942911,0.160295,8.9679,11.0769,0.4497,1.6593
1359,2,26,15,weather_driven,historically_calibrated,0.939375,0.159694,8.9473,11.1619,0.3603,1.8543
1360,2,26,16,weather_driven,historically_calibrated,0.997585,0.16959,9.2794,11.5443,0.2009,2.0641
1361,2,26,17,weather_driven,historically_calibrated,1.16315,0.197736,10.1559,12.0159,0.105,1.755
1362,2,26,18,weather_driven,historically_calibrated,1.484773,0.252411,11.6287,12.3835,0.0415,0.7133
1363,2,26,19,weather_driven,historically_calibrated,1.838806,0.312597,12.9911,13.187,0.0,0.1959
1364,2,26,20,weather_driven,historically_calibrated,2.094919,0.356136,13.8516,13.8761,0.0,0.0245
1365,2,26,21,weather_driven,historically_calibrated,2.147503,0.365075,14.0176,14.0421,0.0,0.0245
1366,2,26,22,weather_driven,historically_calibrated,2.047965,0.348154,13.7005,13.7062,0.0,0.0057
1367,2,26,23,weather_driven,historically_calibrated,1.795906,0.305304,12.8377,12.8415,0.0,0.0038
1368,2,26,24,weather_driven,historically_calibrated,1.194416,0.203051,10.3114,10.3306,0.0,0.0193
1369,2,27,1,weather_driven,historically_calibrated,1.141291,0.19402,10.0454,10.0831,0.0,0.0376
1370,2,27,2,weather_driven,historically_calibrated,1.13263,0.192547,10.0013,10.0904,0.0,0.0892
1371,2,27,3,weather_driven,historically_calibrated,1.09088,0.18545,9.7848,10.1169,0.0,0.332
1372,2,27,4,weather_driven,historically_calibrated,1.061972,0.180535,9.6315,10.1515,0.0,0.52
1373,2,27,5,weather_driven,historically_calibrated,1.021632,0.173677,9.4127,10.2384,0.0,0.8257
1374,2,27,6,weather_driven,historically_calibrated,0.992093,0.168656,9.2486,10.4058,0.0,1.1571
1375,2,27,7,weather_driven,historically_calibrated,1.244373,0.211543,10.5537,12.8428,0.0,2.289
1376,2,27,8,weather_driven,historically_calibrated,1.096948,0.186481,9.8167,13.0222,0.0013,3.2043
1377,2,27,9,weather_driven,historically_calibrated,1.028042,0.174767,9.4479,12.8311,0.0311,3.3521
1378,2,27,10,weather_driven,historically_calibrated,0.914695,0.155498,8.8023,12.3768,0.07,3.5045
1379,2,27,11,weather_driven,historically_calibrated,0.743067,0.126321,7.7157,12.2969,0.0648,4.5164
1380,2,27,12,weather_driven,historically_calibrated,0.514758,0.087509,6.0009,11.7916,0.0842,5.7064
1381,2,27,13,weather_driven,historically_calibrated,0.283561,0.048205,3.7945,11.452,0.0622,7.5953
1382,2,27,14,weather_driven,historically_calibrated,0.23581,0.040088,3.2535,11.442,0.0635,8.125
1383,2,27,15,weather_driven,historically_calibrated,0.236536,0.040211,3.262,11.4298,0.0428,8.125
1384,2,27,16,weather_driven,historically_calibrated,0.234818,0.039919,3.2419,11.4329,0.0661,8.125
1385,2,27,17,weather_driven,historically_calibrated,0.251568,0.042766,3.436,11.6103,0.0492,8.125
1386,2,27,18,weather_driven,historically_calibrated,0.285982,0.048617,3.821,11.9654,0.0194,8.125
1387,2,27,19,weather_driven,historically_calibrated,0.305866,0.051997,4.0354,12.1604,0.0,8.125
1388,2,27,20,weather_driven,historically_calibrated,0.332126,0.056461,4.3102,11.9054,0.0,7.5953
1389,2,27,21,weather_driven,historically_calibrated,0.378206,0.064295,4.771,11.3769,0.0,6.6059
1390,2,27,22,weather_driven,historically_calibrated,0.412265,0.070085,5.0956,10.5907,0.0,5.4951
1391,2,27,23,weather_driven,historically_calibrated,0.505238,0.085891,5.921,10.4374,0.0,4.5164
1392,2,27,24,weather_driven,historically_calibrated,0.745374,0.126714,7.7313,8.747,0.0,1.0156
1393,2,28,1,weather_driven,historically_calibrated,0.225304,0.038302,3.1295,8.4185,0.0,5.2891
1394,2,28,2,weather_driven,historically_calibrated,0.231749,0.039397,3.2058,8.9122,0.0,5.7064
1395,2,28,3,weather_driven,historically_calibrated,0.079368,0.013493,1.1774,8.7726,0.0,7.5953
1396,2,28,4,weather_driven,historically_calibrated,0.059888,0.010181,0.8774,9.0024,0.0,8.125
1397,2,28,5,weather_driven,historically_calibrated,0.153806,0.026147,2.2313,9.3204,0.0,7.0891
1398,2,28,6,weather_driven,historically_calibrated,0.221893,0.037722,3.0888,9.9335,0.0,6.8447
1399,2,28,7,weather_driven,historically_calibrated,0.750625,0.127606,7.7668,12.4687,0.0,4.702
1400,2,28,8,weather_driven,historically_calibrated,0.3464,0.058888,4.4557,12.5833,0.0026,8.125
1401,2,28,9,weather_driven,historically_calibrated,0.346787,0.058954,4.4596,12.6092,0.0246,8.125
1402,2,28,10,weather_driven,historically_calibrated,0.340112,0.057819,4.3919,12.5415,0.0246,8.125
1403,2,28,11,weather_driven,historically_calibrated,0.369074,0.062743,4.6817,11.868,0.0972,7.0891
1404,2,28,12,weather_driven,historically_calibrated,0.525088,0.089265,6.0869,11.2684,0.0933,5.0882
1405,2,28,13,weather_driven,historically_calibrated,0.571121,0.097091,6.459,10.5725,0.1244,3.9891
1406,2,28,14,weather_driven,historically_calibrated,0.662703,0.112659,7.1524,10.5031,0.1464,3.2043
1407,2,28,15,weather_driven,historically_calibrated,0.727416,0.123661,7.609,10.6798,0.149,2.9217
1408,2,28,16,weather_driven,historically_calibrated,0.780442,0.132675,7.965,10.5422,0.1698,2.4074
1409,2,28,17,weather_driven,historically_calibrated,0.737922,0.125447,7.6808,10.857,0.1153,3.0608
1410,2,28,18,weather_driven,historically_calibrated,0.946408,0.160889,8.9882,11.428,0.0324,2.4074
1411,2,28,19,weather_driven,historically_calibrated,0.740324,0.125855,7.6971,11.8584,0.0013,4.16
1412,2,28,20,weather_driven,historically_calibrated,0.744326,0.126535,7.7243,11.5471,0.0,3.8229
1413,2,28,21,weather_driven,historically_calibrated,0.493804,0.083947,5.8239,11.319,0.0,5.4951
1414,2,28,22,weather_driven,historically_calibrated,0.718368,0.122123,7.5467,11.3696,0.0,3.8229
1415,2,28,23,weather_driven,historically_calibrated,0.454002,0.07718,5.4765,10.9716,0.0,5.4951
1416,2,28,24,weather_driven,historically_calibrated,0.051848,0.008814,0.7504,8.8754,0.0,8.125
1417,3,1,1,weather_driven,historically_calibrated,0.788777,0.134092,8.0196,8.9057,0.0,0.8861
1418,3,1,2,weather_driven,historically_calibrated,0.799072,0.135842,8.0865,8.9122,0.0,0.8257
1419,3,1,3,weather_driven,historically_calibrated,0.849343,0.144388,8.4055,9.017,0.0,0.6116
1420,3,1,4,weather_driven,historically_calibrated,0.835102,0.141967,8.3164,9.0845,0.0,0.7682
1421,3,1,5,weather_driven,historically_calibrated,0.833945,0.141771,8.3091,9.1952,0.0,0.8861
1422,3,1,6,weather_driven,historically_calibrated,0.917992,0.156059,8.8218,9.59,0.0,0.7682
1423,3,1,7,weather_driven,historically_calibrated,1.318188,0.224092,10.8991,11.6673,0.0,0.7682
1424,3,1,8,weather_driven,historically_calibrated,1.292949,0.219801,10.7827,11.8701,0.0026,1.0848
1425,3,1,9,weather_driven,historically_calibrated,1.260085,0.214214,10.6285,11.8883,0.0272,1.2326
1426,3,1,10,weather_driven,historically_calibrated,1.215334,0.206607,10.4137,11.553,0.0544,1.0848
1427,3,1,11,weather_driven,historically_calibrated,1.134688,0.192897,10.0118,11.2247,0.0557,1.1571
1428,3,1,12,weather_driven,historically_calibrated,1.133386,0.192676,10.0051,10.9021,0.0713,0.8257
1429,3,1,13,weather_driven,historically_calibrated,1.154874,0.196329,10.1143,10.469,0.0829,0.2718
1430,3,1,14,weather_driven,historically_calibrated,1.229856,0.209076,10.484,11.5463,0.0467,1.0156
1431,3,1,15,weather_driven,historically_calibrated,1.442231,0.245179,11.4485,12.1262,0.0661,0.6116
1432,3,1,16,weather_driven,historically_calibrated,1.559528,0.26512,11.936,12.8804,0.0583,0.8861
1433,3,1,17,weather_driven,historically_calibrated,1.762882,0.29969,12.7175,13.4645,0.0337,0.7133
1434,3,1,18,weather_driven,historically_calibrated,2.006122,0.341041,13.5635,14.0556,0.0143,0.4779
1435,3,1,19,weather_driven,historically_calibrated,2.095814,0.356288,13.8545,14.5156,0.0,0.6611
1436,3,1,20,weather_driven,historically_calibrated,2.150894,0.365652,14.0282,14.5927,0.0,0.5645
1437,3,1,21,weather_driven,historically_calibrated,2.076369,0.352983,13.7923,14.5056,0.0,0.7133
1438,3,1,22,weather_driven,historically_calibrated,1.597383,0.271555,12.0872,14.1513,0.0,2.0641
1439,3,1,23,weather_driven,historically_calibrated,1.752847,0.297984,12.6807,13.6963,0.0,1.0156
1440,3,1,24,weather_driven,historically_calibrated,1.195785,0.203283,10.3181,11.1438,0.0,0.8257
1441,3,2,1,weather_driven,historically_calibrated,1.134269,0.192826,10.0096,10.5296,0.0,0.52
1442,3,2,2,weather_driven,historically_calibrated,1.175578,0.199848,10.218,10.6186,0.0,0.4005
1443,3,2,3,weather_driven,historically_calibrated,1.082843,0.184083,9.7425,11.0538,0.0,1.3112
1444,3,2,4,weather_driven,historically_calibrated,1.29248,0.219722,10.7805,11.2185,0.0,0.4381
1445,3,2,5,weather_driven,historically_calibrated,1.402006,0.238341,11.2744,11.4485,0.0,0.1741
1446,3,2,6,weather_driven,historically_calibrated,1.489285,0.253178,11.6476,11.7367,0.0,0.0892
1447,3,2,7,weather_driven,historically_calibrated,2.183327,0.371166,14.1287,14.2319,0.0,0.1032
1448,3,2,8,weather_driven,historically_calibrated,2.284705,0.3884,14.4353,14.4486,0.0052,0.0081
1449,3,2,9,weather_driven,historically_calibrated,2.293836,0.389952,14.4624,14.6058,0.0402,0.1032
1450,3,2,10,weather_driven,historically_calibrated,2.045346,0.347709,13.692,14.1342,0.1413,0.3009
1451,3,2,11,weather_driven,historically_calibrated,1.970698,0.335019,13.4456,13.6909,0.1905,0.0548
1452,3,2,12,weather_driven,historically_calibrated,1.833067,0.311621,12.9708,13.2043,0.2333,0.0003
1453,3,2,13,weather_driven,historically_calibrated,1.79851,0.305747,12.8471,13.0557,0.2087,0.0
1454,3,2,14,weather_driven,historically_calibrated,1.735364,0.295012,12.6161,12.9025,0.2864,0.0
1455,3,2,15,weather_driven,historically_calibrated,1.753369,0.298073,12.6826,12.9833,0.3007,0.0
1456,3,2,16,weather_driven,historically_calibrated,1.929062,0.32794,13.3049,13.4371,0.1322,0.0001
1457,3,2,17,weather_driven,historically_calibrated,2.002374,0.340404,13.5511,13.6963,0.1439,0.0014
1458,3,2,18,weather_driven,historically_calibrated,2.339296,0.39768,14.5957,14.6528,0.057,0.0
1459,3,2,19,weather_driven,historically_calibrated,2.415656,0.410662,14.815,14.8176,0.0026,0.0
1460,3,2,20,weather_driven,historically_calibrated,2.550213,0.433536,15.1875,15.1899,0.0,0.0024
1461,3,2,21,weather_driven,historically_calibrated,2.491461,0.423548,15.0269,15.027,0.0,0.0001
1462,3,2,22,weather_driven,historically_calibrated,2.301504,0.391256,14.485,14.4851,0.0,0.0001
1463,3,2,23,weather_driven,historically_calibrated,1.738529,0.29555,12.6278,12.6278,0.0,0.0
1464,3,2,24,weather_driven,historically_calibrated,1.180999,0.20077,10.245,10.245,0.0,0.0
1465,3,3,1,weather_driven,historically_calibrated,1.196625,0.203426,10.3222,10.3222,0.0,0.0
1466,3,3,2,weather_driven,historically_calibrated,1.221138,0.207593,10.4419,10.4419,0.0,0.0
1467,3,3,3,weather_driven,historically_calibrated,1.234571,0.209877,10.5067,10.5067,0.0,0.0
1468,3,3,4,weather_driven,historically_calibrated,1.251004,0.212671,10.5854,10.5854,0.0,0.0
1469,3,3,5,weather_driven,historically_calibrated,1.296975,0.220486,10.8014,10.8014,0.0,0.0
1470,3,3,6,weather_driven,historically_calibrated,1.149437,0.195404,10.0868,10.0868,0.0,0.0
1471,3,3,7,weather_driven,historically_calibrated,1.771566,0.301166,12.7493,12.7493,0.0,0.0
1472,3,3,8,weather_driven,historically_calibrated,1.864154,0.316906,13.0805,13.0908,0.0104,0.0
1473,3,3,9,weather_driven,historically_calibrated,1.854604,0.315283,13.0469,13.1312,0.0842,0.0
1474,3,3,10,weather_driven,historically_calibrated,1.972113,0.335259,13.4503,13.6603,0.21,0.0
1475,3,3,11,weather_driven,historically_calibrated,1.695396,0.288217,12.4664,12.8422,0.3758,0.0
1476,3,3,12,weather_driven,historically_calibrated,1.505379,0.255915,11.7145,12.1961,0.4704,0.0111
1477,3,3,13,weather_driven,historically_calibrated,1.297522,0.220579,10.8039,11.4877,0.5806,0.1032
1478,3,3,14,weather_driven,historically_calibrated,1.171325,0.199125,10.1968,11.0065,0.5378,0.2718
1479,3,3,15,weather_driven,historically_calibrated,1.193608,0.202913,10.3074,11.0575,0.3849,0.3652
1480,3,3,16,weather_driven,historically_calibrated,1.301253,0.221213,10.8212,11.5939,0.2527,0.52
1481,3,3,17,weather_driven,historically_calibrated,1.500827,0.255141,11.6957,12.1741,0.1464,0.332
1482,3,3,18,weather_driven,historically_calibrated,1.746485,0.296902,12.6572,12.9861,0.057,0.2718
1483,3,3,19,weather_driven,historically_calibrated,1.993939,0.33897,13.5231,13.7988,0.0039,0.2718
1484,3,3,20,weather_driven,historically_calibrated,1.964918,0.334036,13.4262,14.1395,0.0,0.7133
1485,3,3,21,weather_driven,historically_calibrated,1.451845,0.246814,11.4896,12.439,0.0,0.9494
1486,3,3,22,weather_driven,historically_calibrated,1.250287,0.212549,10.5819,12.1491,0.0,1.5671
1487,3,3,23,weather_driven,historically_calibrated,1.161722,0.197493,10.1487,11.7159,0.0,1.5671
1488,3,3,24,weather_driven,historically_calibrated,0.664367,0.112942,7.1645,9.2285,0.0,2.0641
1489,3,4,1,weather_driven,historically_calibrated,0.935483,0.159032,8.9246,9.874,0.0,0.9494
1490,3,4,2,weather_driven,historically_calibrated,0.758138,0.128883,7.8172,9.8812,0.0,2.0641
1491,3,4,3,weather_driven,historically_calibrated,0.772448,0.131316,7.9123,9.8696,0.0,1.9573
1492,3,4,4,weather_driven,historically_calibrated,0.872829,0.148381,8.5503,9.9435,0.0,1.3932
1493,3,4,5,weather_driven,historically_calibrated,0.819504,0.139316,8.2176,10.072,0.0,1.8543
1494,3,4,6,weather_driven,historically_calibrated,0.984544,0.167372,9.2061,10.3633,0.0,1.1571
1495,3,4,7,weather_driven,historically_calibrated,1.570762,0.267029,11.9811,12.7493,0.0,0.7682
1496,3,4,8,weather_driven,historically_calibrated,1.750985,0.297667,12.6738,13.2423,0.0039,0.5645
1497,3,4,9,weather_driven,historically_calibrated,1.799022,0.305834,12.8489,13.1312,0.0376,0.2447
1498,3,4,10,weather_driven,historically_calibrated,1.781936,0.302929,12.7871,12.9529,0.0894,0.0764
1499,3,4,11,weather_driven,historically_calibrated,1.682782,0.286073,12.4186,12.5956,0.1464,0.0306
1500,3,4,12,weather_driven,historically_calibrated,1.562022,0.265544,11.946,12.148,0.1996,0.0024
1501,3,4,13,weather_driven,historically_calibrated,1.411016,0.239873,11.3137,11.5353,0.2216,0.0
1502,3,4,14,weather_driven,historically_calibrated,1.454182,0.247211,11.4995,11.7263,0.2268,0.0
1503,3,4,15,weather_driven,historically_calibrated,1.407615,0.239295,11.2989,11.5011,0.2022,0.0
1504,3,4,16,weather_driven,historically_calibrated,1.499605,0.254933,11.6906,11.85,0.1594,0.0
1505,3,4,17,weather_driven,historically_calibrated,1.590535,0.270391,12.0601,12.1741,0.114,0.0
1506,3,4,18,weather_driven,historically_calibrated,1.774947,0.301741,12.7616,12.8212,0.0596,0.0
1507,3,4,19,weather_driven,historically_calibrated,2.042433,0.347214,13.6825,13.6877,0.0052,0.0
1508,3,4,20,weather_driven,historically_calibrated,2.081859,0.353916,13.8099,13.8099,0.0,0.0
1509,3,4,21,weather_driven,historically_calibrated,1.988496,0.338044,13.505,13.505,0.0,0.0
1510,3,4,22,weather_driven,historically_calibrated,1.861277,0.316417,13.0704,13.0704,0.0,0.0
1511,3,4,23,weather_driven,historically_calibrated,1.666085,0.283234,12.3548,12.3548,0.0,0.0
1512,3,4,24,weather_driven,historically_calibrated,1.104977,0.187846,9.8586,9.8586,0.0,0.0
1513,3,5,1,weather_driven,historically_calibrated,1.205806,0.204987,10.3672,10.3672,0.0,0.0
1514,3,5,2,weather_driven,historically_calibrated,1.21569,0.206667,10.4154,10.4154,0.0,0.0
1515,3,5,3,weather_driven,historically_calibrated,1.229741,0.209056,10.4835,10.4835,0.0,0.0
1516,3,5,4,weather_driven,historically_calibrated,1.254706,0.2133,10.603,10.603,0.0,0.0
1517,3,5,5,weather_driven,historically_calibrated,1.310608,0.222803,10.8643,10.8643,0.0,0.0
1518,3,5,6,weather_driven,historically_calibrated,1.419444,0.241305,11.3503,11.3503,0.0,0.0
1519,3,5,7,weather_driven,historically_calibrated,2.080184,0.353631,13.8045,13.8045,0.0,0.0
1520,3,5,8,weather_driven,historically_calibrated,2.176957,0.370083,14.1091,14.1194,0.0104,0.0
1521,3,5,9,weather_driven,historically_calibrated,2.079357,0.353491,13.8018,13.8848,0.0829,0.0
1522,3,5,10,weather_driven,historically_calibrated,1.929743,0.328056,13.3072,13.5301,0.2229,0.0
1523,3,5,11,weather_driven,historically_calibrated,1.540074,0.261813,11.8571,12.2433,0.3862,0.0
1524,3,5,12,weather_driven,historically_calibrated,1.329945,0.226091,10.9528,11.4777,0.5249,0.0
1525,3,5,13,weather_driven,historically_calibrated,1.172004,0.199241,10.2002,10.7277,0.5275,0.0
1526,3,5,14,weather_driven,historically_calibrated,1.134464,0.192859,10.0106,10.5031,0.4925,0.0
1527,3,5,15,weather_driven,historically_calibrated,1.176864,0.200067,10.2245,10.6262,0.4018,0.0
1528,3,5,16,weather_driven,historically_calibrated,1.2656,0.215152,10.6546,10.9319,0.2773,0.0
1529,3,5,17,weather_driven,historically_calibrated,1.431704,0.24339,11.4033,11.5523,0.149,0.0
1530,3,5,18,weather_driven,historically_calibrated,1.642541,0.279232,12.2641,12.3237,0.0596,0.0
1531,3,5,19,weather_driven,historically_calibrated,1.963698,0.333829,13.4221,13.4286,0.0065,0.0
1532,3,5,20,weather_driven,historically_calibrated,1.974426,0.335652,13.4581,13.4581,0.0,0.0
1533,3,5,21,weather_driven,historically_calibrated,1.9758,0.335886,13.4627,13.4627,0.0,0.0
1534,3,5,22,weather_driven,historically_calibrated,1.900106,0.323018,13.2055,13.2055,0.0,0.0
1535,3,5,23,weather_driven,historically_calibrated,1.856956,0.315682,13.0552,13.0552,0.0,0.0
1536,3,5,24,weather_driven,historically_calibrated,1.24247,0.21122,10.5446,10.5446,0.0,0.0
1537,3,6,1,weather_driven,historically_calibrated,1.205806,0.204987,10.3672,10.3672,0.0,0.0
1538,3,6,2,weather_driven,historically_calibrated,1.232486,0.209523,10.4967,10.4967,0.0,0.0
1539,3,6,3,weather_driven,historically_calibrated,1.246723,0.211943,10.5649,10.5649,0.0,0.0
1540,3,6,4,weather_driven,historically_calibrated,1.272069,0.216252,10.685,10.685,0.0,0.0
1541,3,6,5,weather_driven,historically_calibrated,1.319698,0.224349,10.906,10.9061,0.0,0.0
1542,3,6,6,weather_driven,historically_calibrated,1.399669,0.237944,11.2641,11.2644,0.0,0.0003
1543,3,6,7,weather_driven,historically_calibrated,2.096145,0.356345,13.8555,13.8579,0.0,0.0024
1544,3,6,8,weather_driven,historically_calibrated,2.176926,0.370077,14.109,14.1194,0.0091,0.0014
1545,3,6,9,weather_driven,historically_calibrated,2.139786,0.363764,13.9934,14.0512,0.057,0.0007
1546,3,6,10,weather_driven,historically_calibrated,2.004278,0.340727,13.5574,13.6948,0.1361,0.0014
1547,3,6,11,weather_driven,historically_calibrated,1.705966,0.290014,12.5062,12.6722,0.1646,0.0014
1548,3,6,12,weather_driven,historically_calibrated,1.520876,0.258549,11.7785,11.9486,0.1698,0.0003
1549,3,6,13,weather_driven,historically_calibrated,1.361947,0.231531,11.0972,11.2968,0.1996,0.0
1550,3,6,14,weather_driven,historically_calibrated,1.391332,0.236526,11.2275,11.3898,0.162,0.0003
1551,3,6,15,weather_driven,historically_calibrated,1.433783,0.243743,11.4122,11.8583,0.114,0.332
1552,3,6,16,weather_driven,historically_calibrated,1.514169,0.257409,11.7509,12.435,0.0726,0.6116
1553,3,6,17,weather_driven,historically_calibrated,1.517067,0.257901,11.7628,13.1169,0.0428,1.3112
1554,3,6,18,weather_driven,historically_calibrated,1.46704,0.249397,11.5541,13.6375,0.0194,2.0641
1555,3,6,19,weather_driven,historically_calibrated,1.571403,0.267138,11.9837,14.274,0.0013,2.289
1556,3,6,20,weather_driven,historically_calibrated,1.576266,0.267965,12.0032,14.533,0.0,2.5298
1557,3,6,21,weather_driven,historically_calibrated,1.54236,0.262201,11.8664,14.2738,0.0,2.4074
1558,3,6,22,weather_driven,historically_calibrated,1.554541,0.264272,11.9158,13.8731,0.0,1.9573
1559,3,6,23,weather_driven,historically_calibrated,1.762039,0.299547,12.7144,13.4826,0.0,0.7682
1560,3,6,24,weather_driven,historically_calibrated,1.102371,0.187403,9.845,10.9298,0.0,1.0848
1561,3,7,1,weather_driven,historically_calibrated,1.052418,0.178911,9.5802,10.5296,0.0,0.9494
1562,3,7,2,weather_driven,historically_calibrated,1.179266,0.200475,10.2364,10.5373,0.0,0.3009
1563,3,7,3,weather_driven,historically_calibrated,1.21855,0.207153,10.4293,10.5649,0.0,0.1356
1564,3,7,4,weather_driven,historically_calibrated,1.23108,0.209284,10.4899,10.644,0.0,0.1541
1565,3,7,5,weather_driven,historically_calibrated,1.277437,0.217164,10.7103,10.8643,0.0,0.1541
1566,3,7,6,weather_driven,historically_calibrated,1.336518,0.227208,10.9827,11.1786,0.0,0.1959
1567,3,7,7,weather_driven,historically_calibrated,2.000107,0.340018,13.5436,13.6976,0.0,0.1541
1568,3,7,8,weather_driven,historically_calibrated,2.03946,0.346708,13.6728,13.9,0.0078,0.2194
1569,3,7,9,weather_driven,historically_calibrated,1.968338,0.334618,13.4377,13.8293,0.0596,0.332
1570,3,7,10,weather_driven,historically_calibrated,1.773865,0.301557,12.7577,13.4202,0.1426,0.52
1571,3,7,11,weather_driven,historically_calibrated,1.477783,0.251223,11.5993,12.7794,0.2307,0.9494
1572,3,7,12,weather_driven,historically_calibrated,1.38895,0.236121,11.217,12.2625,0.2773,0.7682
1573,3,7,13,weather_driven,historically_calibrated,1.316018,0.223723,10.8892,11.6072,0.2799,0.4381
1574,3,7,14,weather_driven,historically_calibrated,1.208079,0.205373,10.3784,11.2334,0.3771,0.4779
1575,3,7,15,weather_driven,historically_calibrated,1.279366,0.217492,10.7193,11.4298,0.4095,0.3009
1576,3,7,16,weather_driven,historically_calibrated,1.366218,0.232257,11.1163,11.8227,0.3059,0.4005
1577,3,7,17,weather_driven,historically_calibrated,1.592854,0.270785,12.0693,12.5374,0.1672,0.3009
1578,3,7,18,weather_driven,historically_calibrated,1.858056,0.31587,13.0591,13.2792,0.0661,0.1541
1579,3,7,19,weather_driven,historically_calibrated,2.234139,0.379804,14.2838,14.3948,0.0078,0.1032
1580,3,7,20,weather_driven,historically_calibrated,2.303023,0.391514,14.4895,14.5927,0.0,0.1032
1581,3,7,21,weather_driven,historically_calibrated,2.282621,0.388046,14.4291,14.5056,0.0,0.0764
1582,3,7,22,weather_driven,historically_calibrated,2.205758,0.374979,14.1976,14.2626,0.0,0.065
1583,3,7,23,weather_driven,historically_calibrated,2.084696,0.354398,13.819,13.8566,0.0,0.0376
1584,3,7,24,weather_driven,historically_calibrated,1.1464,0.194888,10.0714,10.0738,0.0,0.0024
1585,3,8,1,weather_driven,historically_calibrated,1.344062,0.22849,11.0168,11.0168,0.0,0.0
1586,3,8,2,weather_driven,historically_calibrated,1.382227,0.234979,11.1874,11.1874,0.0,0.0
1587,3,8,3,weather_driven,historically_calibrated,1.398137,0.237683,11.2574,11.2574,0.0,0.0
1588,3,8,4,weather_driven,historically_calibrated,1.436461,0.244198,11.4237,11.4237,0.0,0.0
1589,3,8,5,weather_driven,historically_calibrated,1.491582,0.253569,11.6572,11.6572,0.0,0.0
1590,3,8,6,weather_driven,historically_calibrated,1.57405,0.267588,11.9943,11.9943,0.0,0.0
1591,3,8,7,weather_driven,historically_calibrated,2.063578,0.350808,13.7511,13.7511,0.0,0.0
1592,3,8,8,weather_driven,historically_calibrated,2.155094,0.366366,14.0413,14.0646,0.0233,0.0
1593,3,8,9,weather_driven,historically_calibrated,2.473278,0.420457,14.9766,15.1049,0.1283,0.0
1594,3,8,10,weather_driven,historically_calibrated,2.169369,0.368793,14.0856,14.3539,0.2683,0.0
1595,3,8,11,weather_driven,historically_calibrated,1.874116,0.3186,13.1153,13.53,0.4147,0.0
1596,3,8,12,weather_driven,historically_calibrated,1.640185,0.278832,12.255,12.7858,0.5301,0.0007
1597,3,8,13,weather_driven,historically_calibrated,1.338797,0.227596,10.993,11.6072,0.5897,0.0245
1598,3,8,14,weather_driven,historically_calibrated,1.239165,0.210658,10.5288,11.129,0.5352,0.065
1599,3,8,15,weather_driven,historically_calibrated,1.267319,0.215444,10.6627,11.269,0.4523,0.1541
1600,3,8,16,weather_driven,historically_calibrated,1.361244,0.231411,11.094,11.6,0.3318,0.1741
1601,3,8,17,weather_driven,historically_calibrated,1.536822,0.26126,11.8438,12.1897,0.1918,0.1541
1602,3,8,18,weather_driven,historically_calibrated,1.712065,0.291051,12.5291,12.682,0.0765,0.0764
1603,3,8,19,weather_driven,historically_calibrated,1.914682,0.325496,13.2557,13.3078,0.0065,0.0457
1604,3,8,20,weather_driven,historically_calibrated,1.873697,0.318529,13.1138,13.1595,0.0,0.0457
1605,3,8,21,weather_driven,historically_calibrated,1.787389,0.303856,12.8069,12.8833,0.0,0.0764
1606,3,8,22,weather_driven,historically_calibrated,1.657901,0.281843,12.3234,12.4266,0.0,0.1032
1607,3,8,23,weather_driven,historically_calibrated,1.534072,0.260792,11.8326,11.9867,0.0,0.1541
1608,3,8,24,weather_driven,historically_calibrated,1.064087,0.180895,9.6429,9.817,0.0,0.1741
1609,3,9,1,weather_driven,historically_calibrated,0.978773,0.166391,9.1735,9.3929,0.0,0.2194
1610,3,9,2,weather_driven,historically_calibrated,1.025236,0.17429,9.4325,9.5216,0.0,0.0892
1611,3,9,3,weather_driven,historically_calibrated,1.049192,0.178363,9.5628,9.5873,0.0,0.0245
1612,3,9,4,weather_driven,historically_calibrated,1.049066,0.178341,9.5622,9.577,0.0,0.0148
1613,3,9,5,weather_driven,historically_calibrated,1.071263,0.182115,9.6811,9.696,0.0,0.0148
1614,3,9,6,weather_driven,historically_calibrated,1.124891,0.191231,9.9616,9.9764,0.0,0.0148
1615,3,9,7,weather_driven,historically_calibrated,1.647668,0.280104,12.284,12.3084,0.0,0.0245
1616,3,9,8,weather_driven,historically_calibrated,1.690499,0.287385,12.4478,12.4736,0.0065,0.0193
1617,3,9,9,weather_driven,historically_calibrated,1.625634,0.276358,12.1983,12.3874,0.035,0.1541
1618,3,9,10,weather_driven,historically_calibrated,1.47943,0.251503,11.6063,11.8825,0.0804,0.1959
1619,3,9,11,weather_driven,historically_calibrated,1.266979,0.215386,10.6611,11.3319,0.1063,0.5645
1620,3,9,12,weather_driven,historically_calibrated,1.054708,0.1793,9.5926,10.4312,0.1776,0.6611
1621,3,9,13,weather_driven,historically_calibrated,0.979147,0.166455,9.1756,9.9,0.1128,0.6116
1622,3,9,14,weather_driven,historically_calibrated,0.882391,0.150006,8.6086,9.5121,0.0778,0.8257
1623,3,9,15,weather_driven,historically_calibrated,0.929166,0.157958,8.8876,9.6084,0.0596,0.6611
1624,3,9,16,weather_driven,historically_calibrated,0.96106,0.16338,9.0726,9.7071,0.07,0.5645
1625,3,9,17,weather_driven,historically_calibrated,1.099374,0.186894,9.8293,10.3934,0.0441,0.52
1626,3,9,18,weather_driven,historically_calibrated,1.154642,0.196289,10.1131,10.7113,0.0337,0.5645
1627,3,9,19,weather_driven,historically_calibrated,1.309282,0.222578,10.8582,11.1941,0.0039,0.332
1628,3,9,20,weather_driven,historically_calibrated,1.3468,0.228956,11.0292,11.2485,0.0,0.2194
1629,3,9,21,weather_driven,historically_calibrated,1.338373,0.227523,10.9911,11.1452,0.0,0.1541
1630,3,9,22,weather_driven,historically_calibrated,1.282354,0.218,10.7333,10.8689,0.0,0.1356
1631,3,9,23,weather_driven,historically_calibrated,1.232011,0.209442,10.4944,10.5976,0.0,0.1032
1632,3,9,24,weather_driven,historically_calibrated,0.8785,0.149345,8.5849,8.6614,0.0,0.0764
1633,3,10,1,weather_driven,historically_calibrated,0.736129,0.125142,7.6686,7.7451,0.0,0.0764
1634,3,10,2,weather_driven,historically_calibrated,0.747991,0.127159,7.749,7.8255,0.0,0.0764
1635,3,10,3,weather_driven,historically_calibrated,0.773521,0.131499,7.9194,7.9959,0.0,0.0764
1636,3,10,4,weather_driven,historically_calibrated,0.801779,0.136302,8.104,8.169,0.0,0.065
1637,3,10,5,weather_driven,historically_calibrated,0.843088,0.143325,8.3665,8.4212,0.0,0.0548
1638,3,10,6,weather_driven,historically_calibrated,0.901633,0.153278,8.7245,8.7438,0.0,0.0193
1639,3,10,7,weather_driven,historically_calibrated,1.270792,0.216035,10.679,10.6847,0.0,0.0057
1640,3,10,8,weather_driven,historically_calibrated,1.309293,0.22258,10.8583,10.87,0.0117,0.0001
1641,3,10,9,weather_driven,historically_calibrated,1.291825,0.21961,10.7774,10.8352,0.057,0.0007
1642,3,10,10,weather_driven,historically_calibrated,1.173684,0.199526,10.2086,10.3256,0.1089,0.0081
1643,3,10,11,weather_driven,historically_calibrated,1.050054,0.178509,9.5675,9.7841,0.1516,0.065
1644,3,10,12,weather_driven,historically_calibrated,0.939704,0.15975,8.9492,9.2598,0.175,0.1356
1645,3,10,13,weather_driven,historically_calibrated,0.880801,0.149736,8.5989,8.9176,0.1646,0.1541
1646,3,10,14,weather_driven,historically_calibrated,0.835062,0.141961,8.3161,8.8951,0.1011,0.4779
1647,3,10,15,weather_driven,historically_calibrated,0.850775,0.144632,8.4144,8.8397,0.1244,0.3009
1648,3,10,16,weather_driven,historically_calibrated,0.88363,0.150217,8.6161,9.0842,0.1361,0.332
1649,3,10,17,weather_driven,historically_calibrated,0.975321,0.165805,9.1539,9.5619,0.0428,0.3652
1650,3,10,18,weather_driven,historically_calibrated,1.052607,0.178943,9.5813,9.8544,0.0285,0.2447
1651,3,10,19,weather_driven,historically_calibrated,1.158625,0.196966,10.1332,10.5764,0.0052,0.4381
1652,3,10,20,weather_driven,historically_calibrated,1.180039,0.200607,10.2402,10.6783,0.0,0.4381
1653,3,10,21,weather_driven,historically_calibrated,1.144572,0.194577,10.0621,10.6267,0.0,0.5645
1654,3,10,22,weather_driven,historically_calibrated,1.134008,0.192781,10.0083,10.4088,0.0,0.4005
1655,3,10,23,weather_driven,historically_calibrated,0.995579,0.169248,9.2681,10.0939,0.0,0.8257
1656,3,10,24,weather_driven,historically_calibrated,0.658229,0.111899,7.1199,8.2047,0.0,1.0848
1657,3,11,1,weather_driven,historically_calibrated,0.592277,0.100687,6.6245,7.8571,0.0,1.2326
1658,3,11,2,weather_driven,historically_calibrated,0.6591,0.112047,7.1262,8.0124,0.0,0.8861
1659,3,11,3,weather_driven,historically_calibrated,0.600068,0.102012,6.6846,7.9959,0.0,1.3112
1660,3,11,4,weather_driven,historically_calibrated,0.587447,0.099866,6.587,7.9802,0.0,1.3932
1661,3,11,5,weather_driven,historically_calibrated,0.603691,0.102628,6.7124,8.1909,0.0,1.4784
1662,3,11,6,weather_driven,historically_calibrated,0.641636,0.109078,6.9981,8.3093,0.0,1.3112
1663,3,11,7,weather_driven,historically_calibrated,0.970827,0.165041,9.1284,10.144,0.0,1.0156
1664,3,11,8,weather_driven,historically_calibrated,1.064572,0.180977,9.6454,10.2139,0.0039,0.5645
1665,3,11,9,weather_driven,historically_calibrated,1.075199,0.182784,9.702,10.427,0.0117,0.7133
1666,3,11,10,weather_driven,historically_calibrated,0.923777,0.157042,8.856,10.2751,0.0259,1.3932
1667,3,11,11,weather_driven,historically_calibrated,0.822266,0.139785,8.2352,9.9321,0.0376,1.6593
1668,3,11,12,weather_driven,historically_calibrated,0.79758,0.135589,8.0768,9.5967,0.0415,1.4784
1669,3,11,13,weather_driven,historically_calibrated,0.809732,0.137654,8.1552,9.2983,0.0583,1.0848
1670,3,11,14,weather_driven,historically_calibrated,0.794291,0.135029,8.0555,9.327,0.0389,1.2326
1671,3,11,15,weather_driven,historically_calibrated,0.90327,0.153556,8.7343,9.5297,0.0272,0.7682
1672,3,11,16,weather_driven,historically_calibrated,0.988217,0.167997,9.2268,9.75,0.0454,0.4779
1673,3,11,17,weather_driven,historically_calibrated,1.053961,0.179173,9.5885,9.8818,0.0739,0.2194
1674,3,11,18,weather_driven,historically_calibrated,1.122254,0.190783,9.948,10.1841,0.0402,0.1959
1675,3,11,19,weather_driven,historically_calibrated,1.248479,0.212241,10.5733,10.632,0.0039,0.0548
1676,3,11,20,weather_driven,historically_calibrated,1.287563,0.218886,10.7576,10.7882,0.0,0.0306
1677,3,11,21,weather_driven,historically_calibrated,1.261319,0.214424,10.6343,10.68,0.0,0.0457
1678,3,11,22,weather_driven,historically_calibrated,1.196107,0.203338,10.3197,10.4088,0.0,0.0892
1679,3,11,23,weather_driven,historically_calibrated,1.142947,0.194301,10.0539,10.143,0.0,0.0892
1680,3,11,24,weather_driven,historically_calibrated,0.795136,0.135173,8.061,8.126,0.0,0.065
1681,3,12,1,weather_driven,historically_calibrated,0.860618,0.146305,8.4753,8.5403,0.0,0.065
1682,3,12,2,weather_driven,historically_calibrated,0.859514,0.146117,8.4685,8.5872,0.0,0.1187
1683,3,12,3,weather_driven,historically_calibrated,0.86666,0.147332,8.5125,8.7319,0.0,0.2194
1684,3,12,4,weather_driven,historically_calibrated,0.847018,0.143993,8.391,8.7562,0.0,0.3652
1685,3,12,5,weather_driven,historically_calibrated,0.893053,0.151819,8.673,8.9449,0.0,0.2718
1686,3,12,6,weather_driven,historically_calibrated,0.928086,0.157775,8.8813,9.2465,0.0,0.3652
1687,3,12,7,weather_driven,historically_calibrated,1.352098,0.229857,11.053,11.4536,0.0,0.4005
1688,3,12,8,weather_driven,historically_calibrated,1.345824,0.22879,11.0248,11.5958,0.0065,0.5645
1689,3,12,9,weather_driven,historically_calibrated,1.300488,0.221083,10.8176,11.7219,0.0181,0.8861
1690,3,12,10,weather_driven,historically_calibrated,1.347713,0.229111,11.0333,11.7178,0.0233,0.6611
1691,3,12,11,weather_driven,historically_calibrated,1.175792,0.199885,10.2191,11.1174,0.0726,0.8257
1692,3,12,12,weather_driven,historically_calibrated,1.117987,0.190058,9.926,10.9545,0.0791,0.9494
1693,3,12,13,weather_driven,historically_calibrated,1.078827,0.183401,9.7213,10.7277,0.057,0.9494
1694,3,12,14,weather_driven,historically_calibrated,1.148564,0.195256,10.0824,10.8161,0.0726,0.6611
1695,3,12,15,weather_driven,historically_calibrated,1.222435,0.207814,10.4482,11.0012,0.0752,0.4779
1696,3,12,16,weather_driven,historically_calibrated,1.314019,0.223383,10.88,11.4886,0.0441,0.5645
1697,3,12,17,weather_driven,historically_calibrated,1.618629,0.275167,12.1709,12.7692,0.0337,0.5645
1698,3,12,18,weather_driven,historically_calibrated,1.773631,0.301517,12.7568,13.2195,0.0246,0.4381
1699,3,12,19,weather_driven,historically_calibrated,1.842391,0.313206,13.0038,13.6701,0.0052,0.6611
1700,3,12,20,weather_driven,historically_calibrated,1.906451,0.324097,13.2274,13.9955,0.0,0.7682
1701,3,12,21,weather_driven,historically_calibrated,1.885499,0.320535,13.1549,13.8682,0.0,0.7133
1702,3,12,22,weather_driven,historically_calibrated,1.639181,0.278661,12.2511,13.4837,0.0,1.2326
1703,3,12,23,weather_driven,historically_calibrated,1.806236,0.30706,12.8749,13.536,0.0,0.6611
1704,3,12,24,weather_driven,historically_calibrated,1.050303,0.178551,9.5688,10.8014,0.0,1.2326
1705,3,13,1,weather_driven,historically_calibrated,1.029977,0.175096,9.4584,10.4078,0.0,0.9494
1706,3,13,2,weather_driven,historically_calibrated,1.143276,0.194357,10.0555,10.4561,0.0,0.4005
1707,3,13,3,weather_driven,historically_calibrated,1.22126,0.207614,10.4425,10.6871,0.0,0.2447
1708,3,13,4,weather_driven,historically_calibrated,1.234566,0.209876,10.5067,10.7261,0.0,0.2194
1709,3,13,5,weather_driven,historically_calibrated,1.107791,0.188324,9.8732,10.8226,0.0,0.9494
1710,3,13,6,weather_driven,historically_calibrated,1.082835,0.184082,9.7425,11.1356,0.0,1.3932
1711,3,13,7,weather_driven,historically_calibrated,1.66696,0.283383,12.3582,13.5908,0.0,1.2326
1712,3,13,8,weather_driven,historically_calibrated,1.640438,0.278875,12.256,13.8451,0.022,1.5671
1713,3,13,9,weather_driven,historically_calibrated,1.556296,0.26457,11.9229,13.8848,0.1076,1.8543
1714,3,13,10,weather_driven,historically_calibrated,1.297114,0.220509,10.802,13.5301,0.1983,2.5298
1715,3,13,11,weather_driven,historically_calibrated,1.234997,0.209949,10.5088,13.2083,0.1698,2.5298
1716,3,13,12,weather_driven,historically_calibrated,1.149488,0.195413,10.087,12.6288,0.2527,2.289
1717,3,13,13,weather_driven,historically_calibrated,1.074135,0.182603,9.6964,11.9693,0.4186,1.8543
1718,3,13,14,weather_driven,historically_calibrated,1.109415,0.188601,9.8816,11.9114,0.4627,1.5671
1719,3,13,15,weather_driven,historically_calibrated,1.290381,0.219365,10.7707,12.2869,0.359,1.1571
1720,3,13,16,weather_driven,historically_calibrated,1.421869,0.241718,11.3608,12.7134,0.337,1.0156
1721,3,13,17,weather_driven,historically_calibrated,1.652267,0.280885,12.3017,13.2328,0.2177,0.7133
1722,3,13,18,weather_driven,historically_calibrated,1.8891,0.321147,13.1674,13.9361,0.1076,0.6611
1723,3,13,19,weather_driven,historically_calibrated,2.32172,0.394692,14.5444,14.7572,0.0168,0.1959
1724,3,13,20,weather_driven,historically_calibrated,2.507016,0.426193,15.0697,15.0704,0.0,0.0007
1725,3,13,21,weather_driven,historically_calibrated,2.470575,0.419998,14.9691,14.9691,0.0,0.0
1726,3,13,22,weather_driven,historically_calibrated,1.884043,0.320287,13.1499,13.1499,0.0,0.0
1727,3,13,23,weather_driven,historically_calibrated,1.796941,0.30548,12.8414,12.8415,0.0,0.0001
1728,3,13,24,weather_driven,historically_calibrated,1.224528,0.20817,10.4583,10.459,0.0,0.0007
1729,3,14,1,weather_driven,historically_calibrated,1.408083,0.239374,11.3009,11.301,0.0,0.0001
1730,3,14,2,weather_driven,historically_calibrated,1.438183,0.244491,11.4311,11.4311,0.0,0.0
1731,3,14,3,weather_driven,historically_calibrated,1.221313,0.207623,10.4427,10.4427,0.0,0.0
1732,3,14,4,weather_driven,historically_calibrated,1.24609,0.211835,10.5619,10.5619,0.0,0.0
1733,3,14,5,weather_driven,historically_calibrated,1.292563,0.219736,10.7809,10.7809,0.0,0.0
1734,3,14,6,weather_driven,historically_calibrated,1.360944,0.231361,11.0927,11.0927,0.0,0.0
1735,3,14,7,weather_driven,historically_calibrated,2.113726,0.359333,13.9114,13.9114,0.0,0.0
1736,3,14,8,weather_driven,historically_calibrated,2.168158,0.368587,14.0818,14.1194,0.0376,0.0
1737,3,14,9,weather_driven,historically_calibrated,2.484293,0.42233,15.0071,15.1603,0.1529,0.0003
1738,3,14,10,weather_driven,historically_calibrated,2.127205,0.361625,13.9539,14.244,0.2877,0.0024
1739,3,14,11,weather_driven,historically_calibrated,1.688343,0.287018,12.4397,12.9939,0.4186,0.1356
1740,3,14,12,weather_driven,historically_calibrated,1.275829,0.216891,10.7027,12.0009,0.5301,0.7682
1741,3,14,13,weather_driven,historically_calibrated,0.893426,0.151882,8.6753,11.0381,0.6078,1.755
1742,3,14,14,weather_driven,historically_calibrated,0.818807,0.139197,8.2132,10.8682,0.591,2.0641
1743,3,14,15,weather_driven,historically_calibrated,0.827371,0.140653,8.2676,10.9476,0.5054,2.1746
1744,3,14,16,weather_driven,historically_calibrated,0.891423,0.151542,8.6632,11.3216,0.3694,2.289
1745,3,14,17,weather_driven,historically_calibrated,1.004147,0.170705,9.316,11.9579,0.2346,2.4074
1746,3,14,18,weather_driven,historically_calibrated,1.221675,0.207685,10.4445,12.5029,0.1011,1.9573
1747,3,14,19,weather_driven,historically_calibrated,1.514779,0.257512,11.7534,13.2474,0.0156,1.4784
1748,3,14,20,weather_driven,historically_calibrated,1.561889,0.265521,11.9455,13.3386,0.0,1.3932
1749,3,14,21,weather_driven,historically_calibrated,1.385719,0.235572,11.2028,13.0571,0.0,1.8543
1750,3,14,22,weather_driven,historically_calibrated,1.063509,0.180797,9.6398,12.4266,0.0,2.7869
1751,3,14,23,weather_driven,historically_calibrated,0.836525,0.142209,8.3253,11.9867,0.0,3.6614
1752,3,14,24,weather_driven,historically_calibrated,0.474442,0.080655,5.6567,9.6458,0.0,3.9891
1753,3,15,1,weather_driven,historically_calibrated,0.376534,0.064011,4.7547,9.2711,0.0,4.5164
1754,3,15,2,weather_driven,historically_calibrated,0.535977,0.091116,6.1764,9.2372,0.0,3.0608
1755,3,15,3,weather_driven,historically_calibrated,0.655293,0.1114,7.0984,9.5059,0.0,2.4074
1756,3,15,4,weather_driven,historically_calibrated,0.799227,0.135869,8.0875,10.1515,0.0,2.0641
1757,3,15,5,weather_driven,historically_calibrated,0.886663,0.150733,8.6345,10.4888,0.0,1.8543
1758,3,15,6,weather_driven,historically_calibrated,1.185426,0.201523,10.267,11.0927,0.0,0.8257
1759,3,15,7,weather_driven,historically_calibrated,2.103969,0.357675,13.8804,14.1251,0.0,0.2447
1760,3,15,8,weather_driven,historically_calibrated,1.977224,0.336128,13.4674,14.3938,0.0402,0.8861
1761,3,15,9,weather_driven,historically_calibrated,1.561404,0.265439,11.9435,14.0512,0.1503,1.9573
1762,3,15,10,weather_driven,historically_calibrated,1.194178,0.20301,10.3102,13.3653,0.2683,2.7869
1763,3,15,11,weather_driven,historically_calibrated,1.073769,0.182541,9.6944,12.7794,0.1633,2.9217
1764,3,15,12,weather_driven,historically_calibrated,0.775704,0.13187,7.9338,11.844,0.4056,3.5045
1765,3,15,13,weather_driven,historically_calibrated,0.877225,0.149128,8.5772,11.1933,0.5521,2.0641
1766,3,15,14,weather_driven,historically_calibrated,0.526335,0.089477,6.0972,11.1812,0.5676,4.5164
1767,3,15,15,weather_driven,historically_calibrated,0.610268,0.103746,6.7627,11.4833,0.3849,4.3358
1768,3,15,16,weather_driven,historically_calibrated,0.748084,0.127174,7.7496,11.8227,0.2501,3.8229
1769,3,15,17,weather_driven,historically_calibrated,0.714329,0.121436,7.5187,12.2477,0.2125,4.5164
1770,3,15,18,weather_driven,historically_calibrated,1.179236,0.20047,10.2363,12.9806,0.0881,2.6563
1771,3,15,19,weather_driven,historically_calibrated,1.216174,0.20675,10.4178,13.489,0.0104,3.0608
1772,3,15,20,weather_driven,historically_calibrated,1.07386,0.182556,9.6949,13.5178,0.0,3.8229
1773,3,15,21,weather_driven,historically_calibrated,1.224629,0.208187,10.4588,13.1151,0.0,2.6563
1774,3,15,22,weather_driven,historically_calibrated,1.251106,0.212688,10.5858,12.7604,0.0,2.1746
1775,3,15,23,weather_driven,historically_calibrated,1.471179,0.2501,11.5715,12.5209,0.0,0.9494
1776,3,15,24,weather_driven,historically_calibrated,0.893032,0.151815,8.6729,10.6302,0.0,1.9573
1777,3,16,1,weather_driven,historically_calibrated,0.915969,0.155715,8.8099,10.0425,0.0,1.2326
1778,3,16,2,weather_driven,historically_calibrated,1.011536,0.171961,9.357,9.9685,0.0,0.6116
1779,3,16,3,weather_driven,historically_calibrated,1.073636,0.182518,9.6937,9.9947,0.0,0.3009
1780,3,16,4,weather_driven,historically_calibrated,1.197347,0.203549,10.3258,10.4798,0.0,0.1541
1781,3,16,5,weather_driven,historically_calibrated,1.324616,0.225185,10.9285,10.9478,0.0,0.0193
1782,3,16,6,weather_driven,historically_calibrated,1.479653,0.251541,11.6072,11.6079,0.0,0.0007
1783,3,16,7,weather_driven,historically_calibrated,2.324385,0.395145,14.5522,14.5525,0.0,0.0003
1784,3,16,8,weather_driven,historically_calibrated,2.368427,0.402633,14.6801,14.7229,0.0428,0.0001
1785,3,16,9,weather_driven,historically_calibrated,2.179651,0.370541,14.1174,14.273,0.1555,0.0001
1786,3,16,10,weather_driven,historically_calibrated,1.889116,0.32115,13.1675,13.4752,0.302,0.0057
1787,3,16,11,weather_driven,historically_calibrated,1.586494,0.269704,12.044,12.565,0.4445,0.0764
1788,3,16,12,weather_driven,historically_calibrated,1.40724,0.239231,11.2972,11.8963,0.5534,0.0457
1789,3,16,13,weather_driven,historically_calibrated,1.232115,0.209459,10.4949,11.1933,0.5443,0.1541
1790,3,16,14,weather_driven,historically_calibrated,1.190553,0.202394,10.2923,10.9726,0.5262,0.1541
1791,3,16,15,weather_driven,historically_calibrated,1.186509,0.201707,10.2723,11.0548,0.5106,0.2718
1792,3,16,16,weather_driven,historically_calibrated,1.187359,0.201851,10.2765,11.3216,0.3318,0.7133
1793,3,16,17,weather_driven,historically_calibrated,1.429406,0.242999,11.3934,11.842,0.1477,0.3009
1794,3,16,18,weather_driven,historically_calibrated,1.437309,0.244343,11.4274,12.0251,0.0778,0.52
1795,3,16,19,weather_driven,historically_calibrated,1.644809,0.279618,12.2729,12.4019,0.0104,0.1187
1796,3,16,20,weather_driven,historically_calibrated,1.732621,0.294545,12.6059,12.7415,0.0,0.1356
1797,3,16,21,weather_driven,historically_calibrated,1.603776,0.272642,12.1125,12.4777,0.0,0.3652
1798,3,16,22,weather_driven,historically_calibrated,1.465238,0.24909,11.5464,12.2597,0.0,0.7133
1799,3,16,23,weather_driven,historically_calibrated,1.173131,0.199432,10.2059,11.773,0.0,1.5671
1800,3,16,24,weather_driven,historically_calibrated,0.56676,0.096349,6.4245,9.3462,0.0,2.9217
1801,3,17,1,weather_driven,historically_calibrated,0.425101,0.072267,5.2146,8.5668,0.0,3.3521
1802,3,17,2,weather_driven,historically_calibrated,0.442181,0.075171,5.3704,8.7225,0.0,3.3521
1803,3,17,3,weather_driven,historically_calibrated,0.481963,0.081934,5.7221,8.7829,0.0,3.0608
1804,3,17,4,weather_driven,historically_calibrated,0.608184,0.103391,6.7468,8.8108,0.0,2.0641
1805,3,17,5,weather_driven,historically_calibrated,0.708791,0.120494,7.4802,8.9587,0.0,1.4784
1806,3,17,6,weather_driven,historically_calibrated,0.734916,0.124936,7.6603,9.1388,0.0,1.4784
1807,3,17,7,weather_driven,historically_calibrated,1.022727,0.173864,9.4187,11.078,0.0,1.6593
1808,3,17,8,weather_driven,historically_calibrated,1.083049,0.184118,9.7436,11.2233,0.0013,1.4784
1809,3,17,9,weather_driven,historically_calibrated,1.135488,0.193033,10.0159,11.0393,0.0078,1.0156
1810,3,17,10,weather_driven,historically_calibrated,1.086833,0.184762,9.7635,10.7298,0.0168,0.9494
1811,3,17,11,weather_driven,historically_calibrated,0.946583,0.160919,8.9892,10.1787,0.0324,1.1571
1812,3,17,12,weather_driven,historically_calibrated,0.801415,0.136241,8.1016,9.6449,0.0648,1.4784
1813,3,17,13,weather_driven,historically_calibrated,0.689553,0.117224,7.345,9.108,0.1037,1.6593
1814,3,17,14,weather_driven,historically_calibrated,0.671026,0.114074,7.2126,8.8951,0.1153,1.5671
1815,3,17,15,weather_driven,historically_calibrated,0.752966,0.128004,7.7825,9.0369,0.0972,1.1571
1816,3,17,16,weather_driven,historically_calibrated,0.909238,0.15457,8.7699,9.5964,0.0583,0.7682
1817,3,17,17,weather_driven,historically_calibrated,1.006419,0.171091,9.3286,10.095,0.0531,0.7133
1818,3,17,18,weather_driven,historically_calibrated,1.099608,0.186933,9.8306,10.5137,0.022,0.6611
1819,3,17,19,weather_driven,historically_calibrated,1.224814,0.208218,10.4597,11.0764,0.0052,0.6116
1820,3,17,20,weather_driven,historically_calibrated,1.230667,0.209213,10.4879,11.0079,0.0,0.52
1821,3,17,21,weather_driven,historically_calibrated,1.250147,0.212525,10.5813,10.9465,0.0,0.3652
1822,3,17,22,weather_driven,historically_calibrated,1.353556,0.230105,11.0596,11.279,0.0,0.2194
1823,3,17,23,weather_driven,historically_calibrated,1.359457,0.231108,11.086,11.1752,0.0,0.0892
1824,3,17,24,weather_driven,historically_calibrated,0.958106,0.162878,9.0556,9.1104,0.0,0.0548
1825,3,18,1,weather_driven,historically_calibrated,0.931727,0.158394,8.9027,8.9403,0.0,0.0376
1826,3,18,2,weather_driven,historically_calibrated,0.975722,0.165873,9.1562,9.1711,0.0,0.0148
1827,3,18,3,weather_driven,historically_calibrated,0.988558,0.168055,9.2287,9.2326,0.0,0.0038
1828,3,18,4,weather_driven,historically_calibrated,1.008117,0.17138,9.338,9.3394,0.0,0.0014
1829,3,18,5,weather_driven,historically_calibrated,1.043249,0.177352,9.5307,9.5345,0.0,0.0038
1830,3,18,6,weather_driven,historically_calibrated,1.102199,0.187374,9.8441,9.8498,0.0,0.0057
1831,3,18,7,weather_driven,historically_calibrated,1.602238,0.27238,12.1064,12.1103,0.0,0.0038
1832,3,18,8,weather_driven,historically_calibrated,1.610503,0.273786,12.139,12.1823,0.0376,0.0057
1833,3,18,9,weather_driven,historically_calibrated,1.524459,0.259158,11.7932,11.9577,0.1452,0.0193
1834,3,18,10,weather_driven,historically_calibrated,1.35676,0.230649,11.074,11.4372,0.3084,0.0548
1835,3,18,11,weather_driven,historically_calibrated,1.191916,0.202626,10.299,10.8693,0.4938,0.0764
1836,3,18,12,weather_driven,historically_calibrated,1.055899,0.179503,9.599,10.3669,0.6493,0.1187
1837,3,18,13,weather_driven,historically_calibrated,0.927177,0.15762,8.876,9.7743,0.7024,0.1959
1838,3,18,14,weather_driven,historically_calibrated,0.935697,0.159069,8.9259,9.8548,0.6843,0.2447
1839,3,18,15,weather_driven,historically_calibrated,1.028611,0.174864,9.451,10.3182,0.5664,0.3009
1840,3,18,16,weather_driven,historically_calibrated,1.131635,0.192378,9.9962,10.8256,0.3914,0.4381
1841,3,18,17,weather_driven,historically_calibrated,1.25643,0.213593,10.6112,11.5344,0.21,0.7133
1842,3,18,18,weather_driven,historically_calibrated,1.41064,0.239809,11.3121,12.107,0.0816,0.7133
1843,3,18,19,weather_driven,historically_calibrated,1.74355,0.296403,12.6464,12.9654,0.0181,0.3009
1844,3,18,20,weather_driven,historically_calibrated,1.859766,0.31616,13.0651,13.0957,0.0,0.0306
1845,3,18,21,weather_driven,historically_calibrated,1.833388,0.311676,12.9719,12.972,0.0,0.0001
1846,3,18,22,weather_driven,historically_calibrated,1.775398,0.301818,12.7633,12.7633,0.0,0.0
1847,3,18,23,weather_driven,historically_calibrated,1.704919,0.289836,12.5023,12.5023,0.0,0.0
1848,3,18,24,weather_driven,historically_calibrated,1.158553,0.196954,10.1328,10.1342,0.0,0.0014
1849,3,19,1,weather_driven,historically_calibrated,1.270402,0.215968,10.6772,10.692,0.0,0.0148
1850,3,19,2,weather_driven,historically_calibrated,1.305998,0.22202,10.8431,10.8623,0.0,0.0193
1851,3,19,3,weather_driven,historically_calibrated,1.357042,0.230697,11.0752,11.0945,0.0,0.0193
1852,3,19,4,weather_driven,historically_calibrated,1.394242,0.237021,11.2403,11.2596,0.0,0.0193
1853,3,19,5,weather_driven,historically_calibrated,1.465895,0.249202,11.5492,11.5737,0.0,0.0245
1854,3,19,6,weather_driven,historically_calibrated,1.555777,0.264482,11.9208,11.9514,0.0,0.0306
1855,3,19,7,weather_driven,historically_calibrated,2.016771,0.342851,13.5986,13.6442,0.0,0.0457
1856,3,19,8,weather_driven,historically_calibrated,2.407307,0.409242,14.7913,14.8875,0.0415,0.0548
1857,3,19,9,weather_driven,historically_calibrated,2.120069,0.360412,13.9314,14.1621,0.1542,0.0764
1858,3,19,10,weather_driven,historically_calibrated,1.747184,0.297021,12.6598,13.1456,0.3318,0.1541
1859,3,19,11,weather_driven,historically_calibrated,1.46235,0.2486,11.5342,12.2433,0.5132,0.1959
1860,3,19,12,weather_driven,historically_calibrated,1.322201,0.224774,10.9175,11.6347,0.543,0.1741
1861,3,19,13,weather_driven,historically_calibrated,1.181796,0.200905,10.249,10.9864,0.661,0.0764
1862,3,19,14,weather_driven,historically_calibrated,1.146667,0.194933,10.0728,10.8682,0.7063,0.0892
1863,3,19,15,weather_driven,historically_calibrated,1.138786,0.193594,10.0327,10.7334,0.5651,0.1356
1864,3,19,16,weather_driven,historically_calibrated,1.275888,0.216901,10.703,11.2659,0.3888,0.1741
1865,3,19,17,weather_driven,historically_calibrated,1.425603,0.242352,11.377,11.7841,0.2112,0.1959
1866,3,19,18,weather_driven,historically_calibrated,1.603891,0.272661,12.113,12.4432,0.0855,0.2447
1867,3,19,19,weather_driven,historically_calibrated,1.881232,0.319809,13.1401,13.2474,0.0181,0.0892
1868,3,19,20,weather_driven,historically_calibrated,1.979277,0.336477,13.4743,13.5775,0.0,0.1032
1869,3,19,21,weather_driven,historically_calibrated,1.945049,0.330658,13.3592,13.5786,0.0,0.2194
1870,3,19,22,weather_driven,historically_calibrated,1.918131,0.326082,13.2675,13.5393,0.0,0.2718
1871,3,19,23,weather_driven,historically_calibrated,1.877826,0.31923,13.1282,13.4292,0.0,0.3009
1872,3,19,24,weather_driven,historically_calibrated,1.266265,0.215265,10.6577,11.0582,0.0,0.4005
1873,3,20,1,weather_driven,historically_calibrated,1.256138,0.213543,10.6098,10.8544,0.0,0.2447
1874,3,20,2,weather_driven,historically_calibrated,1.318831,0.224201,10.9021,11.1467,0.0,0.2447
1875,3,20,3,weather_driven,historically_calibrated,1.355223,0.230388,11.0671,11.3389,0.0,0.2718
1876,3,20,4,weather_driven,historically_calibrated,1.392801,0.236776,11.234,11.5058,0.0,0.2718
1877,3,20,5,weather_driven,historically_calibrated,1.453344,0.247068,11.4959,11.7406,0.0,0.2447
1878,3,20,6,weather_driven,historically_calibrated,1.279354,0.21749,10.7192,10.9639,0.0,0.2447
1879,3,20,7,weather_driven,historically_calibrated,2.044942,0.34764,13.6907,13.9114,0.0013,0.2194
1880,3,20,8,weather_driven,historically_calibrated,2.173677,0.369525,14.0989,14.3389,0.0441,0.1959
1881,3,20,9,weather_driven,historically_calibrated,2.175485,0.369832,14.1045,14.4394,0.1607,0.1741
1882,3,20,10,weather_driven,historically_calibrated,2.074714,0.352701,13.7869,14.4637,0.3447,0.332
1883,3,20,11,weather_driven,historically_calibrated,1.639889,0.278781,12.2538,13.3692,0.5508,0.5645
1884,3,20,12,weather_driven,historically_calibrated,1.326766,0.22555,10.9383,12.3149,0.7154,0.6611
1885,3,20,13,weather_driven,historically_calibrated,1.102207,0.187375,9.8441,11.4002,0.788,0.7682
1886,3,20,14,weather_driven,historically_calibrated,1.019386,0.173296,9.4003,10.9726,0.7465,0.8257
1887,3,20,15,weather_driven,historically_calibrated,1.039644,0.176739,9.5111,11.0012,0.6039,0.8861
1888,3,20,16,weather_driven,historically_calibrated,1.138641,0.193569,10.032,11.2659,0.4082,0.8257
1889,3,20,17,weather_driven,historically_calibrated,1.33321,0.226646,10.9677,11.9,0.219,0.7133
1890,3,20,18,weather_driven,historically_calibrated,1.594674,0.271095,12.0765,12.682,0.0855,0.52
1891,3,20,19,weather_driven,historically_calibrated,1.942274,0.330187,13.3498,13.6701,0.0194,0.3009
1892,3,20,20,weather_driven,historically_calibrated,2.052255,0.348883,13.7144,14.115,0.0,0.4005
1893,3,20,21,weather_driven,historically_calibrated,2.06554,0.351142,13.7574,14.1579,0.0,0.4005
1894,3,20,22,weather_driven,historically_calibrated,1.946534,0.330911,13.3642,13.9288,0.0,0.5645
1895,3,20,23,weather_driven,historically_calibrated,1.880671,0.319714,13.1382,13.7497,0.0,0.6116
1896,3,20,24,weather_driven,historically_calibrated,1.039621,0.176736,9.511,10.031,0.0,0.52
1897,3,21,1,weather_driven,historically_calibrated,1.264974,0.215046,10.6516,11.0168,0.0,0.3652
1898,3,21,2,weather_driven,historically_calibrated,1.330682,0.226216,10.9562,11.228,0.0,0.2718
1899,3,21,3,weather_driven,historically_calibrated,1.377118,0.23411,11.1647,11.3389,0.0,0.1741
1900,3,21,4,weather_driven,historically_calibrated,1.41033,0.239756,11.3107,11.4648,0.0,0.1541
1901,3,21,5,weather_driven,historically_calibrated,1.445215,0.245687,11.4613,11.6572,0.0,0.1959
1902,3,21,6,weather_driven,historically_calibrated,1.540988,0.261968,11.8608,12.0802,0.0,0.2194
1903,3,21,7,weather_driven,historically_calibrated,2.020852,0.343545,13.612,13.8579,0.0013,0.2447
1904,3,21,8,weather_driven,historically_calibrated,2.113512,0.359297,13.9107,14.2292,0.0467,0.2718
1905,3,21,9,weather_driven,historically_calibrated,2.372932,0.403398,14.693,15.1049,0.1672,0.2447
1906,3,21,10,weather_driven,historically_calibrated,1.865636,0.317158,13.0857,13.8047,0.3538,0.3652
1907,3,21,11,weather_driven,historically_calibrated,1.416753,0.240848,11.3386,12.5114,0.5612,0.6116
1908,3,21,12,weather_driven,historically_calibrated,1.150231,0.195539,10.0908,11.4777,0.7258,0.6611
1909,3,21,13,weather_driven,historically_calibrated,0.961905,0.163524,9.0774,10.3138,0.7983,0.4381
1910,3,21,14,weather_driven,historically_calibrated,0.900487,0.153083,8.7177,9.7729,0.7543,0.3009
1911,3,21,15,weather_driven,historically_calibrated,0.87932,0.149484,8.5899,9.5013,0.6104,0.3009
1912,3,21,16,weather_driven,historically_calibrated,0.898937,0.152819,8.7084,9.4844,0.4108,0.3652
1913,3,21,17,weather_driven,historically_calibrated,0.992295,0.16869,9.2497,9.8719,0.2216,0.4005
1914,3,21,18,weather_driven,historically_calibrated,1.213303,0.206262,10.4038,10.7113,0.0881,0.2194
1915,3,21,19,weather_driven,historically_calibrated,1.531715,0.260392,11.823,12.0396,0.0207,0.1959
1916,3,21,20,weather_driven,historically_calibrated,1.71019,0.290732,12.5221,12.7415,0.0,0.2194
1917,3,21,21,weather_driven,historically_calibrated,1.75717,0.298719,12.6966,12.9412,0.0,0.2447
1918,3,21,22,weather_driven,historically_calibrated,1.751528,0.29776,12.6758,12.8717,0.0,0.1959
1919,3,21,23,weather_driven,historically_calibrated,1.738169,0.295489,12.6265,12.6812,0.0,0.0548
1920,3,21,24,weather_driven,historically_calibrated,1.176034,0.199926,10.2203,10.4162,0.0,0.1959
1921,3,22,1,weather_driven,historically_calibrated,1.14547,0.19473,10.0667,10.2861,0.0,0.2194
1922,3,22,2,weather_driven,historically_calibrated,1.225061,0.20826,10.4609,10.5373,0.0,0.0764
1923,3,22,3,weather_driven,historically_calibrated,1.276021,0.216924,10.7036,10.7686,0.0,0.065
1924,3,22,4,weather_driven,historically_calibrated,1.349352,0.22939,11.0407,11.0954,0.0,0.0548
1925,3,22,5,weather_driven,historically_calibrated,1.412328,0.240096,11.3194,11.3651,0.0,0.0457
1926,3,22,6,weather_driven,historically_calibrated,1.515204,0.257585,11.7552,11.7797,0.0,0.0245
1927,3,22,7,weather_driven,historically_calibrated,2.315689,0.393667,14.5267,14.5525,0.0013,0.0245
1928,3,22,8,weather_driven,historically_calibrated,2.338812,0.397598,14.5943,14.6681,0.0492,0.0245
1929,3,22,9,weather_driven,historically_calibrated,2.02989,0.345081,13.6416,13.8293,0.1685,0.0193
1930,3,22,10,weather_driven,historically_calibrated,1.649312,0.280383,12.2903,12.6514,0.3499,0.0111
1931,3,22,11,weather_driven,historically_calibrated,1.322189,0.224772,10.9174,11.4927,0.5508,0.0245
1932,3,22,12,weather_driven,historically_calibrated,1.048156,0.178186,9.5572,10.2743,0.7089,0.0081
1933,3,22,13,weather_driven,historically_calibrated,0.856309,0.145573,8.4487,9.2274,0.7763,0.0024
1934,3,22,14,weather_driven,historically_calibrated,0.769107,0.130748,7.8902,8.6254,0.7348,0.0003
1935,3,22,15,weather_driven,historically_calibrated,0.760612,0.129304,7.8337,8.4299,0.5962,0.0
1936,3,22,16,weather_driven,historically_calibrated,0.806183,0.137051,8.1324,8.538,0.4056,0.0
1937,3,22,17,weather_driven,historically_calibrated,0.901398,0.153238,8.7231,8.9448,0.2216,0.0
1938,3,22,18,weather_driven,historically_calibrated,1.068258,0.181604,9.6651,9.7558,0.0907,0.0
1939,3,22,19,weather_driven,historically_calibrated,1.392462,0.236719,11.2325,11.2545,0.022,0.0
1940,3,22,20,weather_driven,historically_calibrated,1.551976,0.263836,11.9054,11.9054,0.0,0.0
1941,3,22,21,weather_driven,historically_calibrated,1.608236,0.2734,12.1301,12.1301,0.0,0.0
1942,3,22,22,weather_driven,historically_calibrated,1.570866,0.267047,11.9816,11.9816,0.0,0.0
1943,3,22,23,weather_driven,historically_calibrated,1.506591,0.25612,11.7196,11.7196,0.0,0.0
1944,3,22,24,weather_driven,historically_calibrated,1.040798,0.176936,9.5174,9.5174,0.0,0.0
1945,3,23,1,weather_driven,historically_calibrated,1.010693,0.171818,9.3523,9.3523,0.0,0.0
1946,3,23,2,weather_driven,historically_calibrated,1.079489,0.183513,9.7248,9.7248,0.0,0.0
1947,3,23,3,weather_driven,historically_calibrated,1.123405,0.190979,9.9539,9.9539,0.0,0.0
1948,3,23,4,weather_driven,historically_calibrated,1.186978,0.201786,10.2746,10.2747,0.0,0.0
1949,3,23,5,weather_driven,historically_calibrated,1.26584,0.215193,10.6557,10.6557,0.0,0.0
1950,3,23,6,weather_driven,historically_calibrated,1.389963,0.236294,11.2215,11.2215,0.0,0.0
1951,3,23,7,weather_driven,historically_calibrated,2.146881,0.36497,14.0156,14.0182,0.0026,0.0
1952,3,23,8,weather_driven,historically_calibrated,2.143885,0.36446,14.0063,14.0646,0.0583,0.0
1953,3,23,9,weather_driven,historically_calibrated,2.016091,0.342735,13.5963,13.7739,0.1776,0.0
1954,3,23,10,weather_driven,historically_calibrated,1.638342,0.278518,12.2478,12.5965,0.3486,0.0
1955,3,23,11,weather_driven,historically_calibrated,1.285548,0.218543,10.7482,11.2783,0.5301,0.0
1956,3,23,12,weather_driven,historically_calibrated,1.016851,0.172865,9.3863,10.0127,0.6182,0.0081
1957,3,23,13,weather_driven,historically_calibrated,0.845517,0.143738,8.3816,9.0722,0.6713,0.0193
1958,3,23,14,weather_driven,historically_calibrated,0.801959,0.136333,8.1051,8.7297,0.6,0.0245
1959,3,23,15,weather_driven,historically_calibrated,0.791035,0.134476,8.0343,8.5906,0.5106,0.0457
1960,3,23,16,weather_driven,historically_calibrated,0.910192,0.154733,8.7756,9.0947,0.2644,0.0548
1961,3,23,17,weather_driven,historically_calibrated,0.989097,0.168147,9.2318,9.5242,0.1892,0.1032
1962,3,23,18,weather_driven,historically_calibrated,1.131523,0.192359,9.9956,10.2336,0.1024,0.1356
1963,3,23,19,weather_driven,historically_calibrated,1.354476,0.230261,11.0637,11.1941,0.0272,0.1032
1964,3,23,20,weather_driven,historically_calibrated,1.45152,0.246758,11.4882,11.6069,0.0,0.1187
1965,3,23,21,weather_driven,historically_calibrated,1.493768,0.253941,11.6663,11.8404,0.0,0.1741
1966,3,23,22,weather_driven,historically_calibrated,1.529896,0.260082,11.8155,11.8703,0.0,0.0548
1967,3,23,23,weather_driven,historically_calibrated,1.499222,0.254868,11.689,11.7196,0.0,0.0306
1968,3,23,24,weather_driven,historically_calibrated,1.052522,0.178929,9.5808,9.6458,0.0,0.065
1969,3,24,1,weather_driven,historically_calibrated,0.903568,0.153607,8.7361,8.7909,0.0,0.0548
1970,3,24,2,weather_driven,historically_calibrated,0.940455,0.159877,8.9536,8.9842,0.0,0.0306
1971,3,24,3,weather_driven,historically_calibrated,0.970587,0.165,9.127,9.1576,0.0,0.0306
1972,3,24,4,weather_driven,historically_calibrated,1.027482,0.174672,9.4448,9.4904,0.0,0.0457
1973,3,24,5,weather_driven,historically_calibrated,1.027811,0.174728,9.4466,9.4577,0.0,0.0111
1974,3,24,6,weather_driven,historically_calibrated,1.058418,0.179931,9.6125,9.6128,0.0,0.0003
1975,3,24,7,weather_driven,historically_calibrated,1.493837,0.253952,11.6666,11.6679,0.0013,0.0
1976,3,24,8,weather_driven,historically_calibrated,1.491822,0.25361,11.6582,11.6776,0.0194,0.0
1977,3,24,9,weather_driven,historically_calibrated,1.44119,0.245002,11.444,11.4985,0.0544,0.0
1978,3,24,10,weather_driven,historically_calibrated,1.334742,0.226906,10.9746,11.0835,0.1089,0.0
1979,3,24,11,weather_driven,historically_calibrated,1.235512,0.210037,10.5113,10.672,0.1607,0.0
1980,3,24,12,weather_driven,historically_calibrated,1.132055,0.192449,9.9983,10.2225,0.2242,0.0
1981,3,24,13,weather_driven,historically_calibrated,1.031096,0.175286,9.4646,9.7743,0.3097,0.0
1982,3,24,14,weather_driven,historically_calibrated,0.941467,0.160049,8.9595,9.327,0.3668,0.0007
1983,3,24,15,weather_driven,historically_calibrated,0.917069,0.155902,8.8164,9.234,0.4173,0.0003
1984,3,24,16,weather_driven,historically_calibrated,0.927891,0.157742,8.8802,9.2379,0.3577,0.0
1985,3,24,17,weather_driven,historically_calibrated,0.990591,0.1684,9.2402,9.4553,0.2151,0.0
1986,3,24,18,weather_driven,historically_calibrated,1.094855,0.186125,9.8057,9.9094,0.1037,0.0
1987,3,24,19,weather_driven,historically_calibrated,1.266544,0.215313,10.659,10.6875,0.0285,0.0
1988,3,24,20,weather_driven,historically_calibrated,1.366567,0.232316,11.1178,11.1178,0.0,0.0
1989,3,24,21,weather_driven,historically_calibrated,1.388033,0.235966,11.213,11.213,0.0,0.0
1990,3,24,22,weather_driven,historically_calibrated,1.368269,0.232606,11.1254,11.1254,0.0,0.0
1991,3,24,23,weather_driven,historically_calibrated,1.346485,0.228902,11.0278,11.0278,0.0,0.0
1992,3,24,24,weather_driven,historically_calibrated,0.940334,0.159857,8.9529,8.9529,0.0,0.0
1993,3,25,1,weather_driven,historically_calibrated,0.912763,0.15517,8.7909,8.7909,0.0,0.0
1994,3,25,2,weather_driven,historically_calibrated,0.939287,0.159679,8.9468,8.9468,0.0,0.0
1995,3,25,3,weather_driven,historically_calibrated,0.956289,0.162569,9.0452,9.0452,0.0,0.0
1996,3,25,4,weather_driven,historically_calibrated,0.981401,0.166838,9.1884,9.1884,0.0,0.0
1997,3,25,5,weather_driven,historically_calibrated,1.022845,0.173884,9.4193,9.4193,0.0,0.0
1998,3,25,6,weather_driven,historically_calibrated,1.080721,0.183723,9.7313,9.7313,0.0,0.0
1999,3,25,7,weather_driven,historically_calibrated,1.540934,0.261959,11.8606,11.8645,0.0039,0.0
2000,3,25,8,weather_driven,historically_calibrated,1.480059,0.25161,11.6089,11.6776,0.0687,0.0
2001,3,25,9,weather_driven,historically_calibrated,1.377818,0.234229,11.1678,11.3454,0.1776,0.0
2002,3,25,10,weather_driven,historically_calibrated,1.140821,0.19394,10.0431,10.3761,0.3331,0.0
2003,3,25,11,weather_driven,historically_calibrated,0.895123,0.152171,8.6855,9.1922,0.5067,0.0
2004,3,25,12,weather_driven,historically_calibrated,0.7355,0.125035,7.6643,8.2489,0.5845,0.0001
2005,3,25,13,weather_driven,historically_calibrated,0.610749,0.103827,6.7663,7.3469,0.5806,0.0
2006,3,25,14,weather_driven,historically_calibrated,0.570561,0.096995,6.4546,6.9756,0.521,0.0
2007,3,25,15,weather_driven,historically_calibrated,0.581987,0.098938,6.5444,6.9669,0.4225,0.0
2008,3,25,16,weather_driven,historically_calibrated,0.632114,0.107459,6.9273,7.2404,0.3123,0.0007
2009,3,25,17,weather_driven,historically_calibrated,0.702296,0.11939,7.4348,7.6428,0.1931,0.0148
2010,3,25,18,weather_driven,historically_calibrated,0.80037,0.136063,8.0949,8.2062,0.0868,0.0245
2011,3,25,19,weather_driven,historically_calibrated,0.972748,0.165367,9.1393,9.243,0.0272,0.0764
2012,3,25,20,weather_driven,historically_calibrated,1.054008,0.179181,9.5888,9.6344,0.0,0.0457
2013,3,25,21,weather_driven,historically_calibrated,1.080131,0.183622,9.7282,9.7738,0.0,0.0457
2014,3,25,22,weather_driven,historically_calibrated,1.078393,0.183327,9.719,9.7435,0.0,0.0245
2015,3,25,23,weather_driven,historically_calibrated,1.064188,0.180912,9.6434,9.6515,0.0,0.0081
2016,3,25,24,weather_driven,historically_calibrated,0.745144,0.126674,7.7298,7.7322,0.0,0.0024
2017,3,26,1,weather_driven,historically_calibrated,0.864565,0.146976,8.4997,8.4997,0.0,0.0001
2018,3,26,2,weather_driven,historically_calibrated,0.905844,0.153994,8.7497,8.7497,0.0,0.0
2019,3,26,3,weather_driven,historically_calibrated,0.889306,0.151182,8.6504,8.6504,0.0,0.0
2020,3,26,4,weather_driven,historically_calibrated,0.886422,0.150692,8.633,8.6331,0.0,0.0001
2021,3,26,5,weather_driven,historically_calibrated,0.910355,0.15476,8.7766,8.778,0.0,0.0014
2022,3,26,6,weather_driven,historically_calibrated,0.952981,0.162007,9.0261,9.0318,0.0,0.0057
2023,3,26,7,weather_driven,historically_calibrated,1.390712,0.236421,11.2248,11.2398,0.0039,0.0111
2024,3,26,8,weather_driven,historically_calibrated,1.384794,0.235415,11.1987,11.2666,0.0622,0.0057
2025,3,26,9,weather_driven,historically_calibrated,1.289352,0.21919,10.7659,10.9455,0.1788,0.0007
2026,3,26,10,weather_driven,historically_calibrated,1.152149,0.195865,10.1005,10.4546,0.3538,0.0003
2027,3,26,11,weather_driven,historically_calibrated,0.976253,0.165963,9.1592,9.6699,0.5106,0.0
2028,3,26,12,weather_driven,historically_calibrated,0.841162,0.142997,8.3544,8.9662,0.6117,0.0001
2029,3,26,13,weather_driven,historically_calibrated,0.734454,0.124857,7.6572,8.2962,0.6389,0.0001
2030,3,26,14,weather_driven,historically_calibrated,0.713469,0.12129,7.5128,8.1038,0.591,0.0
2031,3,26,15,weather_driven,historically_calibrated,0.706762,0.12015,7.4661,8.0013,0.5352,0.0
2032,3,26,16,weather_driven,historically_calibrated,0.749933,0.127489,7.7621,8.1483,0.3862,0.0
2033,3,26,17,weather_driven,historically_calibrated,0.841212,0.143006,8.3547,8.5971,0.2424,0.0
2034,3,26,18,weather_driven,historically_calibrated,0.967286,0.164439,9.1082,9.2184,0.1102,0.0
2035,3,26,19,weather_driven,historically_calibrated,1.171317,0.199124,10.1968,10.2279,0.0311,0.0
2036,3,26,20,weather_driven,historically_calibrated,1.264926,0.215037,10.6514,10.6514,0.0,0.0
2037,3,26,21,weather_driven,historically_calibrated,1.296151,0.220346,10.7975,10.7975,0.0,0.0
2038,3,26,22,weather_driven,historically_calibrated,1.311596,0.222971,10.8689,10.8689,0.0,0.0
2039,3,26,23,weather_driven,historically_calibrated,1.310699,0.222819,10.8647,10.8648,0.0,0.0
2040,3,26,24,weather_driven,historically_calibrated,0.941726,0.160093,8.961,8.961,0.0,0.0
2041,3,27,1,weather_driven,historically_calibrated,0.925331,0.157306,8.8651,8.8651,0.0,0.0
2042,3,27,2,weather_driven,historically_calibrated,0.954363,0.162242,9.0341,9.0341,0.0,0.0
2043,3,27,3,weather_driven,historically_calibrated,0.994385,0.169045,9.2615,9.2615,0.0,0.0
2044,3,27,4,weather_driven,historically_calibrated,1.04422,0.177517,9.536,9.536,0.0,0.0
2045,3,27,5,weather_driven,historically_calibrated,1.121927,0.190728,9.9463,9.9463,0.0,0.0
2046,3,27,6,weather_driven,historically_calibrated,1.222541,0.207832,10.4487,10.4487,0.0,0.0
2047,3,27,7,weather_driven,historically_calibrated,1.795519,0.305238,12.8363,12.8428,0.0065,0.0
2048,3,27,8,weather_driven,historically_calibrated,1.722155,0.292766,12.5669,12.6382,0.0713,0.0
2049,3,27,9,weather_driven,historically_calibrated,1.499155,0.254856,11.6887,11.8883,0.1996,0.0
2050,3,27,10,weather_driven,historically_calibrated,1.16916,0.198757,10.186,10.5644,0.3784,0.0
2051,3,27,11,weather_driven,historically_calibrated,0.893316,0.151864,8.6746,9.241,0.5664,0.0
2052,3,27,12,weather_driven,historically_calibrated,0.693509,0.117897,7.373,8.0767,0.7037,0.0
2053,3,27,13,weather_driven,historically_calibrated,0.564621,0.095986,6.4075,7.1063,0.6985,0.0003
2054,3,27,14,weather_driven,historically_calibrated,0.576435,0.097994,6.5009,7.1127,0.6104,0.0014
2055,3,27,15,weather_driven,historically_calibrated,0.614113,0.104399,6.7919,7.3049,0.5106,0.0024
2056,3,27,16,weather_driven,historically_calibrated,0.670952,0.114062,7.2121,7.5916,0.3771,0.0024
2057,3,27,17,weather_driven,historically_calibrated,0.731462,0.124349,7.6368,7.9017,0.2501,0.0148
2058,3,27,18,weather_driven,historically_calibrated,0.778211,0.132296,7.9504,8.1434,0.1166,0.0764
2059,3,27,19,weather_driven,historically_calibrated,0.852767,0.14497,8.4268,8.4766,0.035,0.0148
2060,3,27,20,weather_driven,historically_calibrated,1.00779,0.171324,9.3362,9.3376,0.0,0.0014
2061,3,27,21,weather_driven,historically_calibrated,1.105716,0.187972,9.8624,9.8705,0.0,0.0081
2062,3,27,22,weather_driven,historically_calibrated,1.153638,0.196118,10.108,10.1456,0.0,0.0376
2063,3,27,23,weather_driven,historically_calibrated,1.169164,0.198758,10.186,10.2237,0.0,0.0376
2064,3,27,24,weather_driven,historically_calibrated,0.820094,0.139416,8.2214,8.2762,0.0,0.0548
2065,3,28,1,weather_driven,historically_calibrated,0.779345,0.132489,7.9578,8.0126,0.0,0.0548
2066,3,28,2,weather_driven,historically_calibrated,0.808979,0.137526,8.1503,8.1809,0.0,0.0306
2067,3,28,3,weather_driven,historically_calibrated,0.814784,0.138513,8.1875,8.2024,0.0,0.0148
2068,3,28,4,weather_driven,historically_calibrated,0.825863,0.140397,8.258,8.2637,0.0,0.0057
2069,3,28,5,weather_driven,historically_calibrated,0.835498,0.142035,8.3189,8.319,0.0,0.0001
2070,3,28,6,weather_driven,historically_calibrated,0.902763,0.15347,8.7313,8.7313,0.0,0.0
2071,3,28,7,weather_driven,historically_calibrated,1.368804,0.232697,11.1278,11.133,0.0052,0.0
2072,3,28,8,weather_driven,historically_calibrated,1.372822,0.23338,11.1457,11.2118,0.0661,0.0
2073,3,28,9,weather_driven,historically_calibrated,1.228541,0.208852,10.4777,10.6682,0.1905,0.0
2074,3,28,10,weather_driven,historically_calibrated,1.074835,0.182722,9.7001,10.0702,0.3694,0.0007
2075,3,28,11,weather_driven,historically_calibrated,0.91701,0.155892,8.816,9.4018,0.5093,0.0764
2076,3,28,12,weather_driven,historically_calibrated,0.744371,0.126543,7.7246,8.7046,0.6791,0.3009
2077,3,28,13,weather_driven,historically_calibrated,0.681305,0.115822,7.2863,8.0893,0.6843,0.1187
2078,3,28,14,weather_driven,historically_calibrated,0.637796,0.108425,6.9696,7.843,0.7193,0.1541
2079,3,28,15,weather_driven,historically_calibrated,0.655974,0.111516,7.1034,7.8942,0.5949,0.1959
2080,3,28,16,weather_driven,historically_calibrated,0.741101,0.125987,7.7024,8.4823,0.4147,0.3652
2081,3,28,17,weather_driven,historically_calibrated,0.870314,0.147953,8.5349,9.1765,0.2411,0.4005
2082,3,28,18,weather_driven,historically_calibrated,0.989101,0.168147,9.2318,9.6364,0.1037,0.3009
2083,3,28,19,weather_driven,historically_calibrated,1.180626,0.200706,10.2432,10.711,0.0298,0.4381
2084,3,28,20,weather_driven,historically_calibrated,1.341964,0.228134,11.0073,11.3083,0.0,0.3009
2085,3,28,21,weather_driven,historically_calibrated,1.428458,0.242838,11.3893,11.6087,0.0,0.2194
2086,3,28,22,weather_driven,historically_calibrated,1.406001,0.23902,11.2918,11.5365,0.0,0.2447
2087,3,28,23,weather_driven,historically_calibrated,1.355204,0.230385,11.067,11.399,0.0,0.332
2088,3,28,24,weather_driven,historically_calibrated,0.958335,0.162917,9.057,9.389,0.0,0.332
2089,3,29,1,weather_driven,historically_calibrated,0.933183,0.158641,8.9112,9.3117,0.0,0.4005
2090,3,29,2,weather_driven,historically_calibrated,0.999569,0.169927,9.2904,9.5623,0.0,0.2718
2091,3,29,3,weather_driven,historically_calibrated,1.05082,0.178639,9.5716,9.791,0.0,0.2194
2092,3,29,4,weather_driven,historically_calibrated,1.117831,0.190031,9.9252,10.0284,0.0,0.1032
2093,3,29,5,weather_driven,historically_calibrated,1.19254,0.202732,10.3021,10.4053,0.0,0.1032
2094,3,29,6,weather_driven,historically_calibrated,1.280362,0.217662,10.724,10.878,0.0,0.1541
2095,3,29,7,weather_driven,historically_calibrated,1.933741,0.328736,13.3208,13.4305,0.0065,0.1032
2096,3,29,8,weather_driven,historically_calibrated,1.868369,0.317623,13.0952,13.2417,0.07,0.0764
2097,3,29,9,weather_driven,historically_calibrated,1.725628,0.293357,12.5799,12.8865,0.2035,0.1032
2098,3,29,10,weather_driven,historically_calibrated,1.47501,0.250752,11.5877,12.1571,0.3953,0.1741
2099,3,29,11,weather_driven,historically_calibrated,1.200904,0.204154,10.3432,11.1174,0.6,0.1741
2100,3,29,12,weather_driven,historically_calibrated,0.980573,0.166697,9.1837,10.1173,0.7595,0.1741
2101,3,29,13,weather_driven,historically_calibrated,0.80135,0.13623,8.1012,9.124,0.8268,0.1959
2102,3,29,14,weather_driven,historically_calibrated,0.708566,0.120456,7.4787,8.6254,0.7815,0.3652
2103,3,29,15,weather_driven,historically_calibrated,0.672763,0.11437,7.2251,8.4299,0.6402,0.5645
2104,3,29,16,weather_driven,historically_calibrated,0.70213,0.119362,7.4337,8.538,0.4432,0.6611
2105,3,29,17,weather_driven,historically_calibrated,0.783123,0.133131,7.9826,8.9448,0.2488,0.7133
2106,3,29,18,weather_driven,historically_calibrated,0.942518,0.160228,8.9656,9.6364,0.1063,0.5645
2107,3,29,19,weather_driven,historically_calibrated,1.171782,0.199203,10.1991,10.5299,0.0298,0.3009
2108,3,29,20,weather_driven,historically_calibrated,1.296053,0.220329,10.7971,11.1291,0.0,0.332
2109,3,29,21,weather_driven,historically_calibrated,1.299351,0.22089,10.8124,11.3769,0.0,0.5645
2110,3,29,22,weather_driven,historically_calibrated,1.288956,0.219123,10.7641,11.4252,0.0,0.6611
2111,3,29,23,weather_driven,historically_calibrated,1.331733,0.226395,10.961,11.399,0.0,0.4381
2112,3,29,24,weather_driven,historically_calibrated,0.982234,0.16698,9.1931,9.389,0.0,0.1959
2113,3,30,1,weather_driven,historically_calibrated,0.982926,0.167097,9.197,9.3929,0.0,0.1959
2114,3,30,2,weather_driven,historically_calibrated,1.031978,0.175436,9.4694,9.6435,0.0,0.1741
2115,3,30,3,weather_driven,historically_calibrated,1.080196,0.183633,9.7285,9.8317,0.0,0.1032
2116,3,30,4,weather_driven,historically_calibrated,1.141301,0.194021,10.0455,10.1105,0.0,0.065
2117,3,30,5,weather_driven,historically_calibrated,1.221394,0.207637,10.4431,10.4888,0.0,0.0457
2118,3,30,6,weather_driven,historically_calibrated,1.303678,0.221625,10.8324,10.878,0.0,0.0457
2119,3,30,7,weather_driven,historically_calibrated,1.934576,0.328878,13.3236,13.3771,0.0078,0.0457
2120,3,30,8,weather_driven,historically_calibrated,1.820998,0.30957,12.9278,13.0222,0.0752,0.0193
2121,3,30,9,weather_driven,historically_calibrated,1.591158,0.270497,12.0626,12.2765,0.2125,0.0014
2122,3,30,10,weather_driven,historically_calibrated,1.297565,0.220586,10.8041,11.2235,0.4082,0.0111
2123,3,30,11,weather_driven,historically_calibrated,1.003525,0.170599,9.3125,9.9379,0.6143,0.0111
2124,3,30,12,weather_driven,historically_calibrated,0.783563,0.133206,7.9855,8.7569,0.7711,0.0003
2125,3,30,13,weather_driven,historically_calibrated,0.62075,0.105528,6.8421,7.6754,0.8333,0.0
2126,3,30,14,weather_driven,historically_calibrated,0.55427,0.094226,6.3248,7.1127,0.788,0.0
2127,3,30,15,weather_driven,historically_calibrated,0.596544,0.101412,6.6575,7.3049,0.6467,0.0007
2128,3,30,16,weather_driven,historically_calibrated,0.661101,0.112387,7.1408,7.5916,0.4484,0.0024
2129,3,30,17,weather_driven,historically_calibrated,0.73277,0.124571,7.6457,7.9017,0.2553,0.0007
2130,3,30,18,weather_driven,historically_calibrated,0.790678,0.134415,8.032,8.1434,0.1115,0.0
2131,3,30,19,weather_driven,historically_calibrated,0.956793,0.162655,9.0481,9.0805,0.0324,0.0
2132,3,30,20,weather_driven,historically_calibrated,1.108132,0.188382,9.875,9.8751,0.0,0.0001
2133,3,30,21,weather_driven,historically_calibrated,1.163246,0.197752,10.1564,10.1602,0.0,0.0038
2134,3,30,22,weather_driven,historically_calibrated,1.194375,0.203044,10.3111,10.3125,0.0,0.0014
2135,3,30,23,weather_driven,historically_calibrated,1.253584,0.213109,10.5976,10.5976,0.0,0.0
2136,3,30,24,weather_driven,historically_calibrated,0.927076,0.157603,8.8754,8.8754,0.0,0.0
2137,3,31,1,weather_driven,historically_calibrated,0.804039,0.136687,8.1186,8.1186,0.0,0.0
2138,3,31,2,weather_driven,historically_calibrated,0.858277,0.145907,8.4609,8.4609,0.0,0.0
2139,3,31,3,weather_driven,historically_calibrated,0.898857,0.152806,8.7079,8.7079,0.0,0.0
2140,3,31,4,weather_driven,historically_calibrated,0.935395,0.159017,8.9241,8.9241,0.0,0.0
2141,3,31,5,weather_driven,historically_calibrated,0.98151,0.166857,9.189,9.189,0.0,0.0
2142,3,31,6,weather_driven,historically_calibrated,1.065854,0.181195,9.6523,9.6523,0.0,0.0
2143,3,31,7,weather_driven,historically_calibrated,1.515674,0.257665,11.7571,11.7662,0.0091,0.0
2144,3,31,8,weather_driven,historically_calibrated,1.430164,0.243128,11.3966,11.4757,0.0791,0.0
2145,3,31,9,weather_driven,historically_calibrated,1.18382,0.201249,10.259,10.478,0.219,0.0
2146,3,31,10,weather_driven,historically_calibrated,0.957238,0.16273,9.0506,9.4667,0.416,0.0
2147,3,31,11,weather_driven,historically_calibrated,0.723724,0.123033,7.5837,8.2057,0.6221,0.0
2148,3,31,12,weather_driven,historically_calibrated,0.558864,0.095007,6.3616,7.1418,0.7802,0.0
2149,3,31,13,weather_driven,historically_calibrated,0.472978,0.080406,5.6439,6.4902,0.8463,0.0
2150,3,31,14,weather_driven,historically_calibrated,0.484511,0.082367,5.7441,6.5437,0.7996,0.0
2151,3,31,15,weather_driven,historically_calibrated,0.522419,0.088811,6.0647,6.7205,0.6558,0.0
2152,3,31,16,weather_driven,historically_calibrated,0.579731,0.098554,6.5268,6.9843,0.4575,0.0
2153,3,31,17,weather_driven,historically_calibrated,0.643129,0.109332,7.0091,7.2696,0.2605,0.0
2154,3,31,18,weather_driven,historically_calibrated,0.694208,0.118015,7.3779,7.492,0.114,0.0
2155,3,31,19,weather_driven,historically_calibrated,0.792303,0.134691,8.0426,8.0763,0.0337,0.0
2156,3,31,20,weather_driven,historically_calibrated,0.943929,0.160468,8.9738,8.9752,0.0,0.0014
2157,3,31,21,weather_driven,historically_calibrated,1.007799,0.171326,9.3363,9.3474,0.0,0.0111
2158,3,31,22,weather_driven,historically_calibrated,1.023241,0.173951,9.4215,9.4364,0.0,0.0148
2159,3,31,23,weather_driven,historically_calibrated,1.025816,0.174389,9.4357,9.4549,0.0,0.0193
2160,3,31,24,weather_driven,historically_calibrated,0.778036,0.132266,7.9492,7.9685,0.0,0.0193
2161,4,1,1,weather_driven,historically_calibrated,0.957528,0.16278,9.0523,9.0523,0.0,0.0
2162,4,1,2,weather_driven,historically_calibrated,0.952185,0.161871,9.0215,9.0215,0.0,0.0
2163,4,1,3,weather_driven,historically_calibrated,0.962818,0.163679,9.0827,9.0827,0.0,0.0
2164,4,1,4,weather_driven,historically_calibrated,0.994822,0.16912,9.2639,9.2639,0.0,0.0
2165,4,1,5,weather_driven,historically_calibrated,1.029848,0.175074,9.4577,9.4577,0.0,0.0
2166,4,1,6,weather_driven,historically_calibrated,1.073269,0.182456,9.6918,9.6918,0.0,0.0
2167,4,1,7,weather_driven,historically_calibrated,1.514082,0.257394,11.7505,11.7662,0.0156,0.0001
2168,4,1,8,weather_driven,historically_calibrated,1.461646,0.24848,11.5312,11.6271,0.0959,0.0
2169,4,1,9,weather_driven,historically_calibrated,1.389658,0.236242,11.2202,11.3964,0.1763,0.0
2170,4,1,10,weather_driven,historically_calibrated,1.217477,0.206971,10.4241,10.7298,0.2864,0.0193
2171,4,1,11,weather_driven,historically_calibrated,1.016665,0.172833,9.3853,9.9321,0.5223,0.0245
2172,4,1,12,weather_driven,historically_calibrated,0.898907,0.152814,8.7082,9.3561,0.4938,0.1541
2173,4,1,13,weather_driven,historically_calibrated,0.836351,0.14218,8.3242,9.9647,0.162,1.4784
2174,4,1,14,weather_driven,historically_calibrated,0.688702,0.117079,7.339,9.3749,0.6428,1.3932
2175,4,1,15,weather_driven,historically_calibrated,0.739179,0.12566,7.6894,9.4804,0.3979,1.3932
2176,4,1,16,weather_driven,historically_calibrated,0.689758,0.117259,7.3464,9.75,0.3396,2.0641
2177,4,1,17,weather_driven,historically_calibrated,0.890311,0.151353,8.6565,10.4149,0.2799,1.4784
2178,4,1,18,weather_driven,historically_calibrated,1.039538,0.176721,9.5105,11.0631,0.1594,1.3932
2179,4,1,19,weather_driven,historically_calibrated,1.20145,0.204246,10.3459,11.7987,0.0596,1.3932
2180,4,1,20,weather_driven,historically_calibrated,1.403809,0.238648,11.2823,11.9969,0.0013,0.7133
2181,4,1,21,weather_driven,historically_calibrated,1.412803,0.240177,11.3215,11.7993,0.0,0.4779
2182,4,1,22,weather_driven,historically_calibrated,1.416854,0.240865,11.3391,11.7396,0.0,0.4005
2183,4,1,23,weather_driven,historically_calibrated,1.319969,0.224395,10.9073,11.5684,0.0,0.6611
2184,4,1,24,weather_driven,historically_calibrated,0.896977,0.152486,8.6966,9.4648,0.0,0.7682
2185,4,2,1,weather_driven,historically_calibrated,0.982238,0.16698,9.1931,9.9613,0.0,0.7682
2186,4,2,2,weather_driven,historically_calibrated,0.998779,0.169792,9.286,9.806,0.0,0.52
2187,4,2,3,weather_driven,historically_calibrated,1.015248,0.172592,9.3775,9.7095,0.0,0.332
2188,4,2,4,weather_driven,historically_calibrated,1.106375,0.188084,9.8658,10.1105,0.0,0.2447
2189,4,2,5,weather_driven,historically_calibrated,1.161203,0.197404,10.1461,10.4471,0.0,0.3009
2190,4,2,6,weather_driven,historically_calibrated,1.321931,0.224728,10.9163,11.1356,0.0,0.2194
2191,4,2,7,weather_driven,historically_calibrated,2.038349,0.346519,13.6692,13.7511,0.0168,0.065
2192,4,2,8,weather_driven,historically_calibrated,1.910885,0.32485,13.2426,13.4611,0.0998,0.1187
2193,4,2,9,weather_driven,historically_calibrated,1.813694,0.308328,12.9017,13.2747,0.219,0.1541
2194,4,2,10,weather_driven,historically_calibrated,1.590892,0.270452,12.0615,12.6514,0.394,0.1959
2195,4,2,11,weather_driven,historically_calibrated,1.282402,0.218008,10.7335,11.9752,0.5806,0.6611
2196,4,2,12,weather_driven,historically_calibrated,1.139607,0.193733,10.0369,11.4777,0.5547,0.8861
2197,4,2,13,weather_driven,historically_calibrated,1.128956,0.191922,9.9824,10.9346,0.4743,0.4779
2198,4,2,14,weather_driven,historically_calibrated,1.196532,0.20341,10.3218,10.9726,0.4549,0.1959
2199,4,2,15,weather_driven,historically_calibrated,1.230613,0.209204,10.4877,11.0548,0.4484,0.1187
2200,4,2,16,weather_driven,historically_calibrated,1.339791,0.227765,10.9975,11.4329,0.359,0.0764
2201,4,2,17,weather_driven,historically_calibrated,1.450643,0.246609,11.4844,11.7841,0.254,0.0457
2202,4,2,18,weather_driven,historically_calibrated,1.627486,0.276673,12.2056,12.3835,0.1231,0.0548
2203,4,2,19,weather_driven,historically_calibrated,1.856926,0.315677,13.0551,13.187,0.0428,0.0892
2204,4,2,20,weather_driven,historically_calibrated,1.771307,0.301122,12.7484,13.5178,0.0013,0.7682
2205,4,2,21,weather_driven,historically_calibrated,1.857912,0.315845,13.0586,13.5786,0.0,0.52
2206,4,2,22,weather_driven,historically_calibrated,1.822654,0.309851,12.9337,13.2055,0.0,0.2718
2207,4,2,23,weather_driven,historically_calibrated,1.767191,0.300423,12.7333,12.7881,0.0,0.0548
2208,4,2,24,weather_driven,historically_calibrated,1.215062,0.206561,10.4124,10.4162,0.0,0.0038
2209,4,3,1,weather_driven,historically_calibrated,1.147947,0.195151,10.0792,10.0831,0.0,0.0038
2210,4,3,2,weather_driven,historically_calibrated,1.21569,0.206667,10.4154,10.4154,0.0,0.0
2211,4,3,3,weather_driven,historically_calibrated,1.246723,0.211943,10.5649,10.5649,0.0,0.0
2212,4,3,4,weather_driven,historically_calibrated,1.280816,0.217739,10.7261,10.7261,0.0,0.0
2213,4,3,5,weather_driven,historically_calibrated,1.356538,0.230612,11.073,11.073,0.0,0.0
2214,4,3,6,weather_driven,historically_calibrated,1.449395,0.246397,11.4791,11.4791,0.0,0.0
2215,4,3,7,weather_driven,historically_calibrated,2.194459,0.373058,14.163,14.1785,0.0156,0.0
2216,4,3,8,weather_driven,historically_calibrated,2.150244,0.365541,14.0261,14.1194,0.0933,0.0
2217,4,3,9,weather_driven,historically_calibrated,1.915018,0.325553,13.2568,13.4966,0.2398,0.0
2218,4,3,10,weather_driven,historically_calibrated,1.628476,0.276841,12.2094,12.6514,0.4419,0.0
2219,4,3,11,weather_driven,historically_calibrated,1.329185,0.225961,10.9494,11.6,0.6506,0.0
2220,4,3,12,weather_driven,historically_calibrated,1.100596,0.187101,9.8357,10.6405,0.8048,0.0
2221,4,3,13,weather_driven,historically_calibrated,0.942992,0.160309,8.9683,9.7965,0.8281,0.0
2222,4,3,14,weather_driven,historically_calibrated,0.888243,0.151001,8.644,9.4599,0.8152,0.0007
2223,4,3,15,weather_driven,historically_calibrated,0.900789,0.153134,8.7195,9.3941,0.6739,0.0007
2224,4,3,16,weather_driven,historically_calibrated,0.950427,0.161573,9.0114,9.4844,0.473,0.0
2225,4,3,17,weather_driven,historically_calibrated,1.0558,0.179486,9.5984,9.8719,0.2735,0.0
2226,4,3,18,weather_driven,historically_calibrated,1.202413,0.20441,10.3506,10.4725,0.1218,0.0
2227,4,3,19,weather_driven,historically_calibrated,1.374982,0.233747,11.1553,11.1941,0.0389,0.0
2228,4,3,20,weather_driven,historically_calibrated,1.479261,0.251474,11.6056,11.6069,0.0013,0.0
2229,4,3,21,weather_driven,historically_calibrated,1.439049,0.244638,11.4349,11.4349,0.0,0.0
2230,4,3,22,weather_driven,historically_calibrated,1.436482,0.244202,11.4238,11.4252,0.0,0.0014
2231,4,3,23,weather_driven,historically_calibrated,1.385339,0.235508,11.2011,11.2387,0.0,0.0376
2232,4,3,24,weather_driven,historically_calibrated,0.928635,0.157868,8.8845,8.961,0.0,0.0764
2233,4,4,1,weather_driven,historically_calibrated,0.874234,0.14862,8.5589,8.6621,0.0,0.1032
2234,4,4,2,weather_driven,historically_calibrated,0.87527,0.148796,8.5652,8.6685,0.0,0.1032
2235,4,4,3,weather_driven,historically_calibrated,0.867392,0.147457,8.517,8.6912,0.0,0.1741
2236,4,4,4,weather_driven,historically_calibrated,0.870623,0.148006,8.5368,8.7562,0.0,0.2194
2237,4,4,5,weather_driven,historically_calibrated,0.902377,0.153404,8.729,8.9031,0.0,0.1741
2238,4,4,6,weather_driven,historically_calibrated,0.926425,0.157492,8.8716,9.2036,0.0,0.332
2239,4,4,7,weather_driven,historically_calibrated,1.291966,0.219634,10.7781,11.1864,0.0078,0.4005
2240,4,4,8,weather_driven,historically_calibrated,1.316877,0.223869,10.8931,11.2666,0.0415,0.332
2241,4,4,9,weather_driven,historically_calibrated,1.300379,0.221064,10.8171,11.2782,0.0959,0.3652
2242,4,4,10,weather_driven,historically_calibrated,1.234934,0.209939,10.5085,11.0038,0.1633,0.332
2243,4,4,11,weather_driven,historically_calibrated,1.063583,0.180809,9.6402,10.3668,0.2488,0.4779
2244,4,4,12,weather_driven,historically_calibrated,0.908973,0.154525,8.7683,9.6987,0.3188,0.6116
2245,4,4,13,weather_driven,historically_calibrated,0.731604,0.124373,7.6377,9.0722,0.2773,1.1571
2246,4,4,14,weather_driven,historically_calibrated,0.730936,0.124259,7.6332,8.834,0.2514,0.9494
2247,4,4,15,weather_driven,historically_calibrated,0.756664,0.128633,7.8073,8.8049,0.2294,0.7682
2248,4,4,16,weather_driven,historically_calibrated,0.749689,0.127447,7.7605,8.9277,0.1516,1.0156
2249,4,4,17,weather_driven,historically_calibrated,0.75178,0.127803,7.7745,9.1186,0.1115,1.2326
2250,4,4,18,weather_driven,historically_calibrated,0.751221,0.127708,7.7708,9.3975,0.0596,1.5671
2251,4,4,19,weather_driven,historically_calibrated,0.894409,0.15205,8.6812,9.8656,0.0272,1.1571
2252,4,4,20,weather_driven,historically_calibrated,1.123218,0.190947,9.953,10.1736,0.0013,0.2194
2253,4,4,21,weather_driven,historically_calibrated,1.120863,0.190547,9.9408,10.1602,0.0,0.2194
2254,4,4,22,weather_driven,historically_calibrated,1.115612,0.189654,9.9137,9.9787,0.0,0.065
2255,4,4,23,weather_driven,historically_calibrated,1.057436,0.179764,9.6072,9.7428,0.0,0.1356
2256,4,4,24,weather_driven,historically_calibrated,0.570651,0.097011,6.4553,7.9338,0.0,1.4784
2257,4,5,1,weather_driven,historically_calibrated,0.724622,0.123186,7.5898,7.8908,0.0,0.3009
2258,4,5,2,weather_driven,historically_calibrated,0.795303,0.135201,8.0621,8.0997,0.0,0.0376
2259,4,5,3,weather_driven,historically_calibrated,0.567394,0.096457,6.4295,8.2838,0.0,1.8543
2260,4,5,4,weather_driven,historically_calibrated,0.603888,0.102661,6.7139,8.4689,0.0,1.755
2261,4,5,5,weather_driven,historically_calibrated,0.871209,0.148106,8.5404,8.6945,0.0,0.1541
2262,4,5,6,weather_driven,historically_calibrated,0.939148,0.159655,8.946,8.946,0.0,0.0
2263,4,5,7,weather_driven,historically_calibrated,1.340385,0.227865,11.0002,11.0261,0.0259,0.0
2264,4,5,8,weather_driven,historically_calibrated,1.10412,0.1877,9.8541,10.5534,0.1348,0.5645
2265,4,5,9,weather_driven,historically_calibrated,1.089163,0.185158,9.7758,10.0582,0.2631,0.0193
2266,4,5,10,weather_driven,historically_calibrated,0.947519,0.161078,8.9946,9.7956,0.4005,0.4005
2267,4,5,11,weather_driven,historically_calibrated,0.715011,0.121552,7.5235,9.1874,0.5067,1.1571
2268,4,5,12,weather_driven,historically_calibrated,0.64481,0.109618,7.0215,8.5476,0.5767,0.9494
2269,4,5,13,weather_driven,historically_calibrated,0.539681,0.091746,6.2067,7.9341,0.5702,1.1571
2270,4,5,14,weather_driven,historically_calibrated,0.46156,0.078465,5.5436,7.6343,0.5236,1.5671
2271,4,5,15,weather_driven,historically_calibrated,0.561676,0.095485,6.384,7.5192,0.5236,0.6116
2272,4,5,16,weather_driven,historically_calibrated,0.575885,0.0979,6.4966,7.8143,0.4316,0.8861
2273,4,5,17,weather_driven,historically_calibrated,0.655089,0.111365,7.097,8.4812,0.2994,1.0848
2274,4,5,18,weather_driven,historically_calibrated,0.802439,0.136415,8.1082,9.2781,0.1542,1.0156
2275,4,5,19,weather_driven,historically_calibrated,0.892448,0.151716,8.6694,10.0467,0.0661,1.3112
2276,4,5,20,weather_driven,historically_calibrated,1.074697,0.182698,9.6994,10.6514,0.0026,0.9494
2277,4,5,21,weather_driven,historically_calibrated,1.137723,0.193413,10.0273,10.9134,0.0,0.8861
2278,4,5,22,weather_driven,historically_calibrated,1.105992,0.188019,9.8638,10.8132,0.0,0.9494
2279,4,5,23,weather_driven,historically_calibrated,1.109661,0.188642,9.8829,10.6511,0.0,0.7682
2280,4,5,24,weather_driven,historically_calibrated,0.827612,0.140694,8.2691,8.747,0.0,0.4779
2281,4,6,1,weather_driven,historically_calibrated,0.824422,0.140152,8.2489,8.5809,0.0,0.332
2282,4,6,2,weather_driven,historically_calibrated,0.862901,0.146693,8.4894,8.7903,0.0,0.3009
2283,4,6,3,weather_driven,historically_calibrated,0.900241,0.153041,8.7162,8.9356,0.0,0.2194
2284,4,6,4,weather_driven,historically_calibrated,0.943401,0.160378,8.9707,9.1666,0.0,0.1959
2285,4,6,5,weather_driven,historically_calibrated,1.007258,0.171234,9.3332,9.4873,0.0,0.1541
2286,4,6,6,weather_driven,historically_calibrated,1.069392,0.181797,9.6712,9.8905,0.0,0.2194
2287,4,6,7,weather_driven,historically_calibrated,1.534122,0.260801,11.8328,11.9879,0.0194,0.1356
2288,4,6,8,weather_driven,historically_calibrated,1.473767,0.25054,11.5824,11.8152,0.0972,0.1356
2289,4,6,9,weather_driven,historically_calibrated,1.35571,0.230471,11.0693,11.4446,0.2398,0.1356
2290,4,6,10,weather_driven,historically_calibrated,1.139933,0.193789,10.0385,10.5644,0.4368,0.0892
2291,4,6,11,weather_driven,historically_calibrated,0.907667,0.154303,8.7606,9.4554,0.6299,0.065
2292,4,6,12,weather_driven,historically_calibrated,0.701705,0.11929,7.4307,8.286,0.7789,0.0764
2293,4,6,13,weather_driven,historically_calibrated,0.540707,0.09192,6.215,7.1581,0.8398,0.1032
2294,4,6,14,weather_driven,historically_calibrated,0.53897,0.091625,6.2009,7.1127,0.7932,0.1187
2295,4,6,15,weather_driven,historically_calibrated,0.585938,0.099609,6.5753,7.3049,0.6532,0.0764
2296,4,6,16,weather_driven,historically_calibrated,0.653395,0.111077,7.0846,7.5916,0.4614,0.0457
2297,4,6,17,weather_driven,historically_calibrated,0.727978,0.123756,7.6129,7.9017,0.2696,0.0193
2298,4,6,18,weather_driven,historically_calibrated,0.787182,0.133821,8.0092,8.1434,0.1231,0.0111
2299,4,6,19,weather_driven,historically_calibrated,0.810947,0.137861,8.163,8.235,0.0415,0.0306
2300,4,6,20,weather_driven,historically_calibrated,0.919843,0.156373,8.8328,8.8599,0.0026,0.0245
2301,4,6,21,weather_driven,historically_calibrated,0.9977,0.169609,9.28,9.2911,0.0,0.0111
2302,4,6,22,weather_driven,historically_calibrated,1.053654,0.179121,9.5869,9.5893,0.0,0.0024
2303,4,6,23,weather_driven,historically_calibrated,1.092998,0.18581,9.796,9.7963,0.0,0.0003
2304,4,6,24,weather_driven,historically_calibrated,0.821974,0.139736,8.2334,8.2334,0.0,0.0
2305,4,7,1,weather_driven,historically_calibrated,0.725468,0.12333,7.5957,7.5957,0.0,0.0
2306,4,7,2,weather_driven,historically_calibrated,0.759378,0.129094,7.8255,7.8255,0.0,0.0
2307,4,7,3,weather_driven,historically_calibrated,0.796656,0.135431,8.0708,8.0708,0.0,0.0
2308,4,7,4,weather_driven,historically_calibrated,0.841697,0.143089,8.3578,8.3578,0.0,0.0
2309,4,7,5,weather_driven,historically_calibrated,0.876834,0.149062,8.5748,8.5748,0.0,0.0
2310,4,7,6,weather_driven,historically_calibrated,0.945139,0.160674,8.9808,8.9808,0.0,0.0
2311,4,7,7,weather_driven,historically_calibrated,1.328728,0.225884,10.9473,10.9797,0.0324,0.0
2312,4,7,8,weather_driven,historically_calibrated,1.261588,0.21447,10.6356,10.7691,0.1335,0.0
2313,4,7,9,weather_driven,historically_calibrated,1.133239,0.192651,10.0044,10.2739,0.2696,0.0
2314,4,7,10,weather_driven,historically_calibrated,0.91944,0.156305,8.8304,9.2646,0.4342,0.0
2315,4,7,11,weather_driven,historically_calibrated,0.713952,0.121372,7.5161,8.1071,0.591,0.0
2316,4,7,12,weather_driven,historically_calibrated,0.558643,0.094969,6.3598,7.0455,0.6843,0.0014
2317,4,7,13,weather_driven,historically_calibrated,0.476994,0.081089,5.679,6.4902,0.7348,0.0764
2318,4,7,14,weather_driven,historically_calibrated,0.477644,0.081199,5.6846,6.5437,0.705,0.1541
2319,4,7,15,weather_driven,historically_calibrated,0.510867,0.086847,5.9684,6.7205,0.578,0.1741
2320,4,7,16,weather_driven,historically_calibrated,0.548657,0.093272,6.2795,6.9843,0.4601,0.2447
2321,4,7,17,weather_driven,historically_calibrated,0.599252,0.101873,6.6784,7.2696,0.2903,0.3009
2322,4,7,18,weather_driven,historically_calibrated,0.669407,0.113799,7.2009,7.492,0.1724,0.1187
2323,4,7,19,weather_driven,historically_calibrated,0.801669,0.136284,8.1033,8.1874,0.0596,0.0245
2324,4,7,20,weather_driven,historically_calibrated,0.762949,0.129701,7.8493,7.8764,0.0026,0.0245
2325,4,7,21,weather_driven,historically_calibrated,0.803891,0.136661,8.1176,8.1214,0.0,0.0038
2326,4,7,22,weather_driven,historically_calibrated,0.770698,0.131019,7.9008,7.9009,0.0,0.0001
2327,4,7,23,weather_driven,historically_calibrated,0.745502,0.126735,7.7322,7.7346,0.0,0.0024
2328,4,7,24,weather_driven,historically_calibrated,0.587852,0.099935,6.5902,6.5903,0.0,0.0001
2329,4,8,1,weather_driven,historically_calibrated,0.567035,0.096396,6.4267,6.4378,0.0,0.0111
2330,4,8,2,weather_driven,historically_calibrated,0.604975,0.102846,6.7223,6.7415,0.0,0.0193
2331,4,8,3,weather_driven,historically_calibrated,0.616057,0.10473,6.8066,6.8716,0.0,0.065
2332,4,8,4,weather_driven,historically_calibrated,0.634775,0.107912,6.9471,7.0363,0.0,0.0892
2333,4,8,5,weather_driven,historically_calibrated,0.66308,0.112724,7.1551,7.1928,0.0,0.0376
2334,4,8,6,weather_driven,historically_calibrated,0.696645,0.11843,7.3951,7.4008,0.0,0.0057
2335,4,8,7,weather_driven,historically_calibrated,0.96609,0.164235,9.1014,9.1117,0.0104,0.0
2336,4,8,8,weather_driven,historically_calibrated,1.041287,0.177019,9.5201,9.5577,0.0363,0.0014
2337,4,8,9,weather_driven,historically_calibrated,1.159226,0.197068,10.1362,10.1719,0.035,0.0007
2338,4,8,10,weather_driven,historically_calibrated,1.123872,0.191058,9.9563,10.073,0.1166,0.0
2339,4,8,11,weather_driven,historically_calibrated,1.012556,0.172135,9.3626,9.5868,0.2242,0.0
2340,4,8,12,weather_driven,historically_calibrated,0.875252,0.148793,8.5651,8.9228,0.3577,0.0
2341,4,8,13,weather_driven,historically_calibrated,0.731836,0.124412,7.6393,8.1085,0.4692,0.0
2342,4,8,14,weather_driven,historically_calibrated,0.700291,0.119049,7.4207,7.8394,0.4186,0.0
2343,4,8,15,weather_driven,historically_calibrated,0.668841,0.113703,7.1968,7.6569,0.4601,0.0
2344,4,8,16,weather_driven,historically_calibrated,0.683526,0.116199,7.3022,7.7013,0.3992,0.0
2345,4,8,17,weather_driven,historically_calibrated,0.73934,0.125688,7.6905,7.9626,0.2722,0.0
2346,4,8,18,weather_driven,historically_calibrated,0.793751,0.134938,8.052,8.2062,0.1542,0.0
2347,4,8,19,weather_driven,historically_calibrated,0.901966,0.153334,8.7265,8.7985,0.0713,0.0007
2348,4,8,20,weather_driven,historically_calibrated,0.971952,0.165232,9.1348,9.14,0.0052,0.0
2349,4,8,21,weather_driven,historically_calibrated,1.00017,0.170029,9.2938,9.2941,0.0,0.0003
2350,4,8,22,weather_driven,historically_calibrated,1.02569,0.174367,9.435,9.4364,0.0,0.0014
2351,4,8,23,weather_driven,historically_calibrated,0.993824,0.16895,9.2583,9.2583,0.0,0.0
2352,4,8,24,weather_driven,historically_calibrated,0.705402,0.119918,7.4566,7.4566,0.0,0.0
2353,4,9,1,weather_driven,historically_calibrated,0.763081,0.129724,7.8502,7.8502,0.0,0.0
2354,4,9,2,weather_driven,historically_calibrated,0.776208,0.131955,7.9372,7.9372,0.0,0.0
2355,4,9,3,weather_driven,historically_calibrated,0.798096,0.135676,8.0802,8.0802,0.0,0.0
2356,4,9,4,weather_driven,historically_calibrated,0.832529,0.14153,8.3002,8.3458,0.0,0.0457
2357,4,9,5,weather_driven,historically_calibrated,0.871929,0.148228,8.5448,8.5693,0.0,0.0245
2358,4,9,6,weather_driven,historically_calibrated,0.887933,0.150949,8.6421,8.7313,0.0,0.0892
2359,4,9,7,weather_driven,historically_calibrated,1.26112,0.21439,10.6334,10.6521,0.0039,0.0148
2360,4,9,8,weather_driven,historically_calibrated,1.334399,0.226848,10.9731,10.9923,0.0168,0.0024
2361,4,9,9,weather_driven,historically_calibrated,1.237094,0.210306,10.5189,10.9455,0.0946,0.332
2362,4,9,10,weather_driven,historically_calibrated,1.138051,0.193469,10.0289,10.5644,0.2035,0.332
2363,4,9,11,weather_driven,historically_calibrated,0.976006,0.165921,9.1578,9.8307,0.3408,0.332
2364,4,9,12,weather_driven,historically_calibrated,1.033178,0.17564,9.4759,10.0127,0.3408,0.1959
2365,4,9,13,weather_driven,historically_calibrated,0.737953,0.125452,7.681,8.5549,0.6545,0.2194
2366,4,9,14,weather_driven,historically_calibrated,0.60013,0.102022,6.6851,8.0516,0.6532,0.7133
2367,4,9,15,weather_driven,historically_calibrated,0.618388,0.105126,6.8243,7.9477,0.5119,0.6116
2368,4,9,16,weather_driven,historically_calibrated,0.676327,0.114976,7.2507,8.1483,0.3331,0.5645
2369,4,9,17,weather_driven,historically_calibrated,0.746206,0.126855,7.737,8.4812,0.2242,0.52
2370,4,9,18,weather_driven,historically_calibrated,0.926192,0.157453,8.8702,9.2781,0.1361,0.2718
2371,4,9,19,weather_driven,historically_calibrated,1.158124,0.196881,10.1306,10.2883,0.0544,0.1032
2372,4,9,20,weather_driven,historically_calibrated,1.27478,0.216713,10.6978,10.7111,0.0052,0.0081
2373,4,9,21,weather_driven,historically_calibrated,1.35972,0.231152,11.0872,11.0872,0.0,0.0
2374,4,9,22,weather_driven,historically_calibrated,1.398342,0.237718,11.2583,11.2583,0.0,0.0
2375,4,9,23,weather_driven,historically_calibrated,1.381762,0.234899,11.1853,11.1853,0.0,0.0
2376,4,9,24,weather_driven,historically_calibrated,0.986611,0.167724,9.2178,9.2178,0.0,0.0
2377,4,10,1,weather_driven,historically_calibrated,0.95322,0.162047,9.0275,9.0275,0.0,0.0
2378,4,10,2,weather_driven,historically_calibrated,0.968539,0.164652,9.1154,9.1154,0.0,0.0
2379,4,10,3,weather_driven,historically_calibrated,0.994385,0.169045,9.2615,9.2615,0.0,0.0
2380,4,10,4,weather_driven,historically_calibrated,1.04422,0.177517,9.536,9.536,0.0,0.0
2381,4,10,5,weather_driven,historically_calibrated,1.097804,0.186627,9.8211,9.8211,0.0,0.0
2382,4,10,6,weather_driven,historically_calibrated,1.178642,0.200369,10.2333,10.234,0.0,0.0007
2383,4,10,7,weather_driven,historically_calibrated,1.598932,0.271818,12.0934,12.1482,0.0467,0.0081
2384,4,10,8,weather_driven,historically_calibrated,1.410291,0.239749,11.3105,11.4861,0.1607,0.0148
2385,4,10,9,weather_driven,historically_calibrated,1.247759,0.212119,10.5699,10.89,0.2825,0.0376
2386,4,10,10,weather_driven,historically_calibrated,1.094198,0.186014,9.8022,10.5095,0.4355,0.2718
2387,4,10,11,weather_driven,historically_calibrated,0.859303,0.146082,8.4672,9.5626,0.5754,0.52
2388,4,10,12,weather_driven,historically_calibrated,0.706744,0.120146,7.4659,8.5999,0.696,0.4381
2389,4,10,13,weather_driven,historically_calibrated,0.585061,0.09946,6.5685,7.7271,0.7582,0.4005
2390,4,10,14,weather_driven,historically_calibrated,0.498113,0.084679,5.8606,7.2692,0.797,0.6116
2391,4,10,15,weather_driven,historically_calibrated,0.537995,0.091459,6.1929,7.3049,0.6739,0.4381
2392,4,10,16,weather_driven,historically_calibrated,0.584103,0.099298,6.561,7.5916,0.5106,0.52
2393,4,10,17,weather_driven,historically_calibrated,0.634021,0.107784,6.9415,7.9017,0.3486,0.6116
2394,4,10,18,weather_driven,historically_calibrated,0.752876,0.127989,7.7819,8.3226,0.2087,0.332
2395,4,10,19,weather_driven,historically_calibrated,0.79107,0.134482,8.0345,9.1409,0.0907,1.0156
2396,4,10,20,weather_driven,historically_calibrated,0.884503,0.150365,8.6214,9.3973,0.0078,0.7682
2397,4,10,21,weather_driven,historically_calibrated,0.946227,0.160859,8.9871,9.465,0.0,0.4779
2398,4,10,22,weather_driven,historically_calibrated,0.968093,0.164576,9.1128,9.478,0.0,0.3652
2399,4,10,23,weather_driven,historically_calibrated,0.973656,0.165522,9.1445,9.5826,0.0,0.4381
2400,4,10,24,weather_driven,historically_calibrated,0.72635,0.123479,7.6017,7.9338,0.0,0.332
2401,4,11,1,weather_driven,historically_calibrated,0.739991,0.125798,7.6949,7.8908,0.0,0.1959
2402,4,11,2,weather_driven,historically_calibrated,0.782876,0.133089,7.981,8.0997,0.0,0.1187
2403,4,11,3,weather_driven,historically_calibrated,0.824299,0.140131,8.2481,8.3246,0.0,0.0764
2404,4,11,4,weather_driven,historically_calibrated,0.873501,0.148495,8.5544,8.5921,0.0,0.0376
2405,4,11,5,weather_driven,historically_calibrated,0.943581,0.160409,8.9718,8.9866,0.0,0.0148
2406,4,11,6,weather_driven,historically_calibrated,1.029782,0.175063,9.4574,9.4612,0.0,0.0038
2407,4,11,7,weather_driven,historically_calibrated,1.448047,0.246168,11.4734,11.507,0.0298,0.0038
2408,4,11,8,weather_driven,historically_calibrated,1.324333,0.225137,10.9272,11.0472,0.1192,0.0007
2409,4,11,9,weather_driven,historically_calibrated,1.144274,0.194527,10.0606,10.3354,0.2748,0.0001
2410,4,11,10,weather_driven,historically_calibrated,0.909328,0.154586,8.7705,9.2464,0.4756,0.0003
2411,4,11,11,weather_driven,historically_calibrated,0.680105,0.115618,7.2777,7.9543,0.6765,0.0
2412,4,11,12,weather_driven,historically_calibrated,0.552679,0.093955,6.312,7.1349,0.823,0.0
2413,4,11,13,weather_driven,historically_calibrated,0.535913,0.091105,6.1759,7.0546,0.8787,0.0
2414,4,11,14,weather_driven,historically_calibrated,0.548809,0.093297,6.2808,7.1127,0.8281,0.0038
2415,4,11,15,weather_driven,historically_calibrated,0.591763,0.1006,6.6205,7.3049,0.6843,0.0001
2416,4,11,16,weather_driven,historically_calibrated,0.655876,0.111499,7.1027,7.5916,0.4886,0.0003
2417,4,11,17,weather_driven,historically_calibrated,0.72737,0.123653,7.6087,7.9017,0.2916,0.0014
2418,4,11,18,weather_driven,historically_calibrated,0.785265,0.133495,7.9966,8.1434,0.1387,0.0081
2419,4,11,19,weather_driven,historically_calibrated,0.812565,0.138136,8.1733,8.235,0.0505,0.0111
2420,4,11,20,weather_driven,historically_calibrated,0.799989,0.135998,8.0924,8.1433,0.0052,0.0457
2421,4,11,21,weather_driven,historically_calibrated,0.757285,0.128738,7.8115,7.9006,0.0,0.0892
2422,4,11,22,weather_driven,historically_calibrated,0.760903,0.129353,7.8357,8.0315,0.0,0.1959
2423,4,11,23,weather_driven,historically_calibrated,0.794321,0.135035,8.0557,8.3003,0.0,0.2447
2424,4,11,24,weather_driven,historically_calibrated,0.623234,0.10595,6.8608,7.0349,0.0,0.1741
2425,4,12,1,weather_driven,historically_calibrated,0.656272,0.111566,7.1056,7.2412,0.0,0.1356
2426,4,12,2,weather_driven,historically_calibrated,0.705098,0.119867,7.4544,7.5309,0.0,0.0764
2427,4,12,3,weather_driven,historically_calibrated,0.749235,0.12737,7.7574,7.795,0.0,0.0376
2428,4,12,4,weather_driven,historically_calibrated,0.794053,0.134989,8.0539,8.0996,0.0,0.0457
2429,4,12,5,weather_driven,historically_calibrated,0.850641,0.144609,8.4136,8.4441,0.0,0.0306
2430,4,12,6,weather_driven,historically_calibrated,0.920735,0.156525,8.838,8.903,0.0,0.065
2431,4,12,7,weather_driven,historically_calibrated,1.264659,0.214992,10.6501,10.759,0.0324,0.0764
2432,4,12,8,weather_driven,historically_calibrated,1.178263,0.200305,10.2314,10.4437,0.1231,0.0892
2433,4,12,9,weather_driven,historically_calibrated,1.002651,0.170451,9.3076,9.7809,0.2773,0.1959
2434,4,12,10,weather_driven,historically_calibrated,0.768026,0.130564,7.8831,8.6972,0.4821,0.332
2435,4,12,11,weather_driven,historically_calibrated,0.544202,0.092514,6.2435,7.3645,0.683,0.4381
2436,4,12,12,weather_driven,historically_calibrated,0.49394,0.08397,5.825,7.1349,0.832,0.4779
2437,4,12,13,weather_driven,historically_calibrated,0.482591,0.08204,5.7275,7.0546,0.8891,0.4381
2438,4,12,14,weather_driven,historically_calibrated,0.495243,0.084191,5.8361,7.1127,0.8385,0.4381
2439,4,12,15,weather_driven,historically_calibrated,0.530924,0.090257,6.135,7.3049,0.6921,0.4779
2440,4,12,16,weather_driven,historically_calibrated,0.596271,0.101366,6.6554,7.627,0.4938,0.4779
2441,4,12,17,weather_driven,historically_calibrated,0.680344,0.115659,7.2795,7.9755,0.2955,0.4005
2442,4,12,18,weather_driven,historically_calibrated,0.752816,0.127979,7.7815,8.1434,0.1426,0.2194
2443,4,12,19,weather_driven,historically_calibrated,0.798066,0.135671,8.08,8.235,0.0518,0.1032
2444,4,12,20,weather_driven,historically_calibrated,0.795037,0.135156,8.0603,8.1433,0.0065,0.0764
2445,4,12,21,weather_driven,historically_calibrated,0.752884,0.12799,7.782,7.9006,0.0,0.1187
2446,4,12,22,weather_driven,historically_calibrated,0.725054,0.123259,7.5928,7.8646,0.0,0.2718
2447,4,12,23,weather_driven,historically_calibrated,0.749827,0.127471,7.7614,8.0332,0.0,0.2718
2448,4,12,24,weather_driven,historically_calibrated,0.569486,0.096813,6.4461,6.7781,0.0,0.332
2449,4,13,1,weather_driven,historically_calibrated,0.600141,0.102024,6.6852,6.957,0.0,0.2718
2450,4,13,2,weather_driven,historically_calibrated,0.642146,0.109165,7.0018,7.2465,0.0,0.2447
2451,4,13,3,weather_driven,historically_calibrated,0.668142,0.113584,7.1918,7.3877,0.0,0.1959
2452,4,13,4,weather_driven,historically_calibrated,0.699047,0.118838,7.412,7.5661,0.0,0.1541
2453,4,13,5,weather_driven,historically_calibrated,0.738186,0.125492,7.6826,7.8182,0.0,0.1356
2454,4,13,6,weather_driven,historically_calibrated,0.798146,0.135685,8.0805,8.2161,0.0,0.1356
2455,4,13,7,weather_driven,historically_calibrated,1.034148,0.175805,9.4812,9.6904,0.035,0.1741
2456,4,13,8,weather_driven,historically_calibrated,0.893768,0.151941,8.6773,8.9076,0.127,0.1032
2457,4,13,9,weather_driven,historically_calibrated,0.715954,0.121712,7.53,7.9507,0.2851,0.1356
2458,4,13,10,weather_driven,historically_calibrated,0.618651,0.105171,6.8262,7.489,0.4886,0.1741
2459,4,13,11,weather_driven,historically_calibrated,0.566892,0.096372,6.4255,7.3109,0.6895,0.1959
2460,4,13,12,weather_driven,historically_calibrated,0.51101,0.086872,5.9696,7.1349,0.8333,0.332
2461,4,13,13,weather_driven,historically_calibrated,0.539091,0.091645,6.2019,7.4497,0.8826,0.3652
2462,4,13,14,weather_driven,historically_calibrated,0.657285,0.111738,7.113,8.2745,0.8294,0.332
2463,4,13,15,weather_driven,historically_calibrated,0.743366,0.126372,7.7178,8.7367,0.6869,0.332
2464,4,13,16,weather_driven,historically_calibrated,0.847248,0.144032,8.3924,9.1858,0.4925,0.3009
2465,4,13,17,weather_driven,historically_calibrated,0.966318,0.164274,9.1027,9.4873,0.2955,0.0892
2466,4,13,18,weather_driven,historically_calibrated,1.012237,0.17208,9.3609,9.5115,0.1426,0.0081
2467,4,13,19,weather_driven,historically_calibrated,0.813294,0.13826,8.178,8.235,0.057,0.0
2468,4,13,20,weather_driven,historically_calibrated,0.806867,0.137167,8.1368,8.1433,0.0065,0.0
2469,4,13,21,weather_driven,historically_calibrated,0.770665,0.131013,7.9005,7.9006,0.0,0.0001
2470,4,13,22,weather_driven,historically_calibrated,0.724087,0.123095,7.5862,7.5865,0.0,0.0003
2471,4,13,23,weather_driven,historically_calibrated,0.681158,0.115797,7.2853,7.2853,0.0,0.0
2472,4,13,24,weather_driven,historically_calibrated,0.495285,0.084198,5.8365,5.8365,0.0,0.0
2473,4,14,1,weather_driven,historically_calibrated,0.41201,0.070042,5.0932,5.0932,0.0,0.0
2474,4,14,2,weather_driven,historically_calibrated,0.412407,0.070109,5.0969,5.0969,0.0,0.0
2475,4,14,3,weather_driven,historically_calibrated,0.413227,0.070249,5.1046,5.1103,0.0,0.0057
2476,4,14,4,weather_driven,historically_calibrated,0.413906,0.070364,5.1109,5.1485,0.0,0.0376
2477,4,14,5,weather_driven,historically_calibrated,0.466619,0.079325,5.5882,5.6188,0.0,0.0306
2478,4,14,6,weather_driven,historically_calibrated,0.493448,0.083886,5.8208,5.8208,0.0,0.0
2479,4,14,7,weather_driven,historically_calibrated,0.596576,0.101418,6.6577,6.7031,0.0454,0.0
2480,4,14,8,weather_driven,historically_calibrated,0.609008,0.103531,6.7531,6.8827,0.1296,0.0
2481,4,14,9,weather_driven,historically_calibrated,0.598815,0.101799,6.675,6.9575,0.2825,0.0
2482,4,14,10,weather_driven,historically_calibrated,0.568044,0.096568,6.4347,6.8899,0.4095,0.0457
2483,4,14,11,weather_driven,historically_calibrated,0.452659,0.076952,5.4645,6.726,0.5482,0.7133
2484,4,14,12,weather_driven,historically_calibrated,0.157534,0.026781,2.2807,6.5641,0.6221,3.6614
2485,4,14,13,weather_driven,historically_calibrated,-0.041896,-0.007122,-0.8993,6.672,0.4821,7.0891
2486,4,14,14,weather_driven,historically_calibrated,0.062356,0.010601,0.9161,6.9101,0.499,5.4951
2487,4,14,15,weather_driven,historically_calibrated,0.0708,0.012036,1.0468,6.9087,0.3668,5.4951
2488,4,14,16,weather_driven,historically_calibrated,0.238379,0.040524,3.2835,6.9843,0.3486,3.3521
2489,4,14,17,weather_driven,historically_calibrated,0.294839,0.050123,3.9172,7.2696,0.2916,3.0608
2490,4,14,18,weather_driven,historically_calibrated,0.364056,0.061889,4.6322,7.492,0.2035,2.6563
2491,4,14,19,weather_driven,historically_calibrated,0.526691,0.089538,6.1001,7.5762,0.0829,1.3932
2492,4,14,20,weather_driven,historically_calibrated,0.62444,0.106155,6.8699,7.4918,0.0104,0.6116
2493,4,14,21,weather_driven,historically_calibrated,0.645139,0.109674,7.0239,7.2686,0.0,0.2447
2494,4,14,22,weather_driven,historically_calibrated,0.576535,0.098011,6.5017,6.9796,0.0,0.4779
2495,4,14,23,weather_driven,historically_calibrated,0.513346,0.087269,5.9891,6.7024,0.0,0.7133
2496,4,14,24,weather_driven,historically_calibrated,0.360947,0.061361,4.6014,5.3696,0.0,0.7682
2497,4,15,1,weather_driven,historically_calibrated,0.338933,0.057619,4.3799,5.0932,0.0,0.7133
2498,4,15,2,weather_driven,historically_calibrated,0.377579,0.064188,4.7649,5.0969,0.0,0.332
2499,4,15,3,weather_driven,historically_calibrated,0.385173,0.065479,4.8385,5.1103,0.0,0.2718
2500,4,15,4,weather_driven,historically_calibrated,0.386122,0.065641,4.8476,5.1485,0.0,0.3009
2501,4,15,5,weather_driven,historically_calibrated,0.401062,0.068181,4.9902,5.2349,0.0,0.2447
2502,4,15,6,weather_driven,historically_calibrated,0.438453,0.074537,5.3367,5.4258,0.0,0.0892
2503,4,15,7,weather_driven,historically_calibrated,0.593182,0.100841,6.6315,6.7031,0.0259,0.0457
2504,4,15,8,weather_driven,historically_calibrated,0.601626,0.102276,6.6966,6.8827,0.0674,0.1187
2505,4,15,9,weather_driven,historically_calibrated,0.614896,0.104532,6.7978,6.9575,0.114,0.0457
2506,4,15,10,weather_driven,historically_calibrated,0.603662,0.102622,6.7122,6.8899,0.1763,0.0014
2507,4,15,11,weather_driven,historically_calibrated,0.568242,0.096601,6.4362,6.726,0.2786,0.0111
2508,4,15,12,weather_driven,historically_calibrated,0.539295,0.09168,6.2035,6.5641,0.3149,0.0457
2509,4,15,13,weather_driven,historically_calibrated,0.51962,0.088335,6.0415,6.4902,0.394,0.0548
2510,4,15,14,weather_driven,historically_calibrated,0.512305,0.087092,5.9804,6.5437,0.4277,0.1356
2511,4,15,15,weather_driven,historically_calibrated,0.547275,0.093037,6.2684,6.7205,0.4277,0.0245
2512,4,15,16,weather_driven,historically_calibrated,0.607725,0.103313,6.7433,6.9843,0.2372,0.0038
2513,4,15,17,weather_driven,historically_calibrated,0.658401,0.111928,7.1211,7.2696,0.1477,0.0007
2514,4,15,18,weather_driven,historically_calibrated,0.694194,0.118013,7.3778,7.492,0.1128,0.0014
2515,4,15,19,weather_driven,historically_calibrated,0.717561,0.121985,7.5411,7.5762,0.0337,0.0014
2516,4,15,20,weather_driven,historically_calibrated,0.709707,0.12065,7.4866,7.4918,0.0052,0.0
2517,4,15,21,weather_driven,historically_calibrated,0.678824,0.1154,7.2686,7.2686,0.0,0.0
2518,4,15,22,weather_driven,historically_calibrated,0.653033,0.111016,7.0819,7.0819,0.0,0.0
2519,4,15,23,weather_driven,historically_calibrated,0.668442,0.113635,7.194,7.194,0.0,0.0
2520,4,15,24,weather_driven,historically_calibrated,0.464149,0.078905,5.5665,5.5665,0.0,0.0
2521,4,16,1,weather_driven,historically_calibrated,0.522313,0.088793,6.0639,6.0639,0.0,0.0
2522,4,16,2,weather_driven,historically_calibrated,0.508256,0.086403,5.9464,5.9464,0.0,0.0
2523,4,16,3,weather_driven,historically_calibrated,0.505272,0.085896,5.9213,5.9213,0.0,0.0
2524,4,16,4,weather_driven,historically_calibrated,0.52036,0.088461,6.0476,6.0476,0.0,0.0
2525,4,16,5,weather_driven,historically_calibrated,0.542862,0.092287,6.2326,6.2326,0.0,0.0
2526,4,16,6,weather_driven,historically_calibrated,0.570711,0.097021,6.4558,6.4558,0.0,0.0
2527,4,16,7,weather_driven,historically_calibrated,0.694444,0.118055,7.3796,7.3928,0.013,0.0003
2528,4,16,8,weather_driven,historically_calibrated,0.705026,0.119854,7.4539,7.4812,0.0272,0.0
2529,4,16,9,weather_driven,historically_calibrated,0.706656,0.120132,7.4653,7.5625,0.0972,0.0
2530,4,16,10,weather_driven,historically_calibrated,0.759376,0.129094,7.8255,7.8734,0.048,0.0
2531,4,16,11,weather_driven,historically_calibrated,0.725509,0.123336,7.5959,7.7398,0.1439,0.0
2532,4,16,12,weather_driven,historically_calibrated,0.737298,0.125341,7.6766,7.8674,0.1827,0.0081
2533,4,16,13,weather_driven,historically_calibrated,0.74325,0.126352,7.717,7.8823,0.1348,0.0306
2534,4,16,14,weather_driven,historically_calibrated,0.765241,0.130091,7.8646,8.1038,0.1205,0.1187
2535,4,16,15,weather_driven,historically_calibrated,0.716938,0.12188,7.5368,8.537,0.114,0.8861
2536,4,16,16,weather_driven,historically_calibrated,0.736391,0.125187,7.6704,9.1504,0.0868,1.3932
2537,4,16,17,weather_driven,historically_calibrated,0.864029,0.146885,8.4964,10.1037,0.0402,1.5671
2538,4,16,18,weather_driven,historically_calibrated,0.799316,0.135884,8.0881,10.8905,0.0156,2.7869
2539,4,16,19,weather_driven,historically_calibrated,0.76926,0.130774,7.8912,11.5565,0.0039,3.6614
2540,4,16,20,weather_driven,historically_calibrated,1.06914,0.181754,9.6698,11.8457,0.0013,2.1746
2541,4,16,21,weather_driven,historically_calibrated,0.819885,0.13938,8.2201,11.7245,0.0,3.5045
2542,4,16,22,weather_driven,historically_calibrated,0.888006,0.150961,8.6426,11.7034,0.0,3.0608
2543,4,16,23,weather_driven,historically_calibrated,0.714049,0.121388,7.5168,11.5059,0.0,3.9891
2544,4,16,24,weather_driven,historically_calibrated,0.292683,0.049756,3.8939,9.389,0.0,5.4951
2545,4,17,1,weather_driven,historically_calibrated,0.31985,0.054374,4.1829,9.2711,0.0,5.0882
2546,4,17,2,weather_driven,historically_calibrated,0.270736,0.046025,3.6527,9.3591,0.0,5.7064
2547,4,17,3,weather_driven,historically_calibrated,0.199649,0.03394,2.8185,9.4244,0.0,6.6059
2548,4,17,4,weather_driven,historically_calibrated,0.173433,0.029484,2.4879,9.577,0.0,7.0891
2549,4,17,5,weather_driven,historically_calibrated,0.140115,0.02382,2.0474,9.9046,0.0,7.8572
2550,4,17,6,weather_driven,historically_calibrated,0.284048,0.048288,3.7998,10.4058,0.0,6.6059
2551,4,17,7,weather_driven,historically_calibrated,0.644658,0.109592,7.0204,12.7359,0.0091,5.7064
2552,4,17,8,weather_driven,historically_calibrated,0.628386,0.106826,6.8994,13.0771,0.0324,6.1452
2553,4,17,9,weather_driven,historically_calibrated,0.382254,0.064983,4.8102,12.9975,0.0622,8.125
2554,4,17,10,weather_driven,historically_calibrated,0.650798,0.110636,7.0655,12.6514,0.0907,5.4951
2555,4,17,11,weather_driven,historically_calibrated,0.565408,0.096119,6.4137,12.2433,0.1231,5.7064
2556,4,17,12,weather_driven,historically_calibrated,0.943413,0.16038,8.9708,11.7916,0.1646,2.6563
2557,4,17,13,weather_driven,historically_calibrated,0.874137,0.148603,8.5583,11.2968,0.2087,2.5298
2558,4,17,14,weather_driven,historically_calibrated,1.057485,0.179772,9.6075,11.2855,0.1996,1.4784
2559,4,17,15,weather_driven,historically_calibrated,0.867198,0.147424,8.5158,11.5905,0.1529,2.9217
2560,4,17,16,weather_driven,historically_calibrated,0.357915,0.060846,4.5713,12.0453,0.1348,7.3393
2561,4,17,17,weather_driven,historically_calibrated,0.437616,0.074395,5.3291,12.5374,0.1192,7.0891
2562,4,17,18,weather_driven,historically_calibrated,0.856534,0.145611,8.4501,13.0404,0.0739,4.5164
2563,4,17,19,weather_driven,historically_calibrated,0.744816,0.126619,7.7276,13.6701,0.0194,5.9231
2564,4,17,20,weather_driven,historically_calibrated,0.97956,0.166525,9.178,13.697,0.0026,4.5164
2565,4,17,21,weather_driven,historically_calibrated,0.890327,0.151356,8.6566,13.173,0.0,4.5164
2566,4,17,22,weather_driven,historically_calibrated,0.85386,0.145156,8.4335,12.5935,0.0,4.16
2567,4,17,23,weather_driven,historically_calibrated,0.88799,0.150958,8.6425,12.147,0.0,3.5045
2568,4,17,24,weather_driven,historically_calibrated,0.489282,0.083178,5.7851,9.7742,0.0,3.9891
2569,4,18,1,weather_driven,historically_calibrated,0.430056,0.073109,5.2601,9.5959,0.0,4.3358
2570,4,18,2,weather_driven,historically_calibrated,0.517373,0.087953,6.0228,9.6841,0.0,3.6614
2571,4,18,3,weather_driven,historically_calibrated,0.587409,0.09986,6.5867,9.791,0.0,3.2043
2572,4,18,4,weather_driven,historically_calibrated,0.639684,0.108746,6.9836,9.9053,0.0,2.9217
2573,4,18,5,weather_driven,historically_calibrated,0.699508,0.118916,7.4152,10.0715,0.0,2.6563
2574,4,18,6,weather_driven,historically_calibrated,0.832101,0.141457,8.2975,10.3628,0.0013,2.0641
2575,4,18,7,weather_driven,historically_calibrated,1.183587,0.20121,10.2578,12.4687,0.0363,2.1746
2576,4,18,8,weather_driven,historically_calibrated,1.15425,0.196223,10.1111,12.5285,0.1283,2.289
2577,4,18,9,weather_driven,historically_calibrated,0.948504,0.161246,9.0003,12.332,0.2709,3.0608
2578,4,18,10,weather_driven,historically_calibrated,0.903223,0.153548,8.7341,11.8825,0.3616,2.7869
2579,4,18,11,weather_driven,historically_calibrated,0.766132,0.130242,7.8705,11.1174,0.4601,2.7869
2580,4,18,12,weather_driven,historically_calibrated,0.505032,0.085855,5.9192,10.3266,0.5845,3.8229
2581,4,18,13,weather_driven,historically_calibrated,0.426155,0.072446,5.2243,9.7448,0.5314,3.9891
2582,4,18,14,weather_driven,historically_calibrated,0.457442,0.077765,5.5071,9.8772,0.381,3.9891
2583,4,18,15,weather_driven,historically_calibrated,0.323077,0.054923,4.2165,9.8762,0.3707,5.2891
2584,4,18,16,weather_driven,historically_calibrated,0.329536,0.056021,4.2835,10.4865,0.2799,5.9231
2585,4,18,17,weather_driven,historically_calibrated,0.206239,0.035061,2.8995,11.2046,0.1801,8.125
2586,4,18,18,weather_driven,historically_calibrated,0.261113,0.044389,3.5446,11.7863,0.1166,8.125
2587,4,18,19,weather_driven,historically_calibrated,0.341778,0.058102,4.4089,12.5831,0.0492,8.125
2588,4,18,20,weather_driven,historically_calibrated,0.385716,0.065572,4.8437,12.9803,0.0117,8.125
2589,4,18,21,weather_driven,historically_calibrated,0.529516,0.090018,6.1234,13.4627,0.0,7.3393
2590,4,18,22,weather_driven,historically_calibrated,0.696503,0.118405,7.3941,13.5393,0.0,6.1452
2591,4,18,23,weather_driven,historically_calibrated,0.964697,0.163999,9.0934,13.4292,0.0,4.3358
2592,4,18,24,weather_driven,historically_calibrated,0.780488,0.132683,7.9653,10.887,0.0,2.9217
2593,4,19,1,weather_driven,historically_calibrated,0.823654,0.140021,8.244,10.6514,0.0,2.4074
2594,4,19,2,weather_driven,historically_calibrated,0.710996,0.120869,7.4956,10.6998,0.0,3.2043
2595,4,19,3,weather_driven,historically_calibrated,0.861926,0.146527,8.4834,10.8908,0.0,2.4074
2596,4,19,4,weather_driven,historically_calibrated,0.915382,0.155615,8.8064,11.0954,0.0,2.289
2597,4,19,5,weather_driven,historically_calibrated,1.219282,0.207278,10.4329,11.4485,0.0,1.0156
2598,4,19,6,weather_driven,historically_calibrated,1.242439,0.211215,10.5445,11.7797,0.0026,1.2326
2599,4,19,7,weather_driven,historically_calibrated,1.912759,0.325169,13.2491,14.0717,0.0544,0.7682
2600,4,19,8,weather_driven,historically_calibrated,1.690213,0.287336,12.4468,13.6257,0.1633,1.0156
2601,4,19,9,weather_driven,historically_calibrated,1.35931,0.231083,11.0854,12.8865,0.3227,1.4784
2602,4,19,10,weather_driven,historically_calibrated,1.360315,0.231254,11.0899,12.0473,0.4795,0.4779
2603,4,19,11,weather_driven,historically_calibrated,1.007066,0.171201,9.3322,11.3319,0.6065,1.3932
2604,4,19,12,weather_driven,historically_calibrated,0.924497,0.157165,8.8602,10.6929,0.7478,1.0848
2605,4,19,13,weather_driven,historically_calibrated,0.851063,0.144681,8.4162,10.1069,0.7413,0.9494
2606,4,19,14,weather_driven,historically_calibrated,0.864764,0.14701,8.5009,10.0337,0.7646,0.7682
2607,4,19,15,weather_driven,historically_calibrated,0.988799,0.168096,9.2301,10.037,0.6882,0.1187
2608,4,19,16,weather_driven,historically_calibrated,0.92382,0.157049,8.8562,10.3195,0.3784,1.0848
2609,4,19,17,weather_driven,historically_calibrated,1.127362,0.191652,9.9743,11.2626,0.2035,1.0848
2610,4,19,18,weather_driven,historically_calibrated,1.423116,0.24193,11.3662,11.846,0.1477,0.332
2611,4,19,19,weather_driven,historically_calibrated,1.704509,0.289767,12.5008,12.6435,0.0778,0.065
2612,4,19,20,weather_driven,historically_calibrated,1.734833,0.294922,12.6141,12.8012,0.013,0.1741
2613,4,19,21,weather_driven,historically_calibrated,1.626165,0.276448,12.2004,12.4198,0.0,0.2194
2614,4,19,22,weather_driven,historically_calibrated,1.54876,0.263289,11.8924,11.9816,0.0,0.0892
2615,4,19,23,weather_driven,historically_calibrated,1.442842,0.245283,11.4511,11.5059,0.0,0.0548
2616,4,19,24,weather_driven,historically_calibrated,0.990797,0.168435,9.2413,9.2606,0.0,0.0193
2617,4,20,1,weather_driven,historically_calibrated,0.929719,0.158052,8.8909,8.9057,0.0,0.0148
2618,4,20,2,weather_driven,historically_calibrated,0.928142,0.157784,8.8816,8.9122,0.0,0.0306
2619,4,20,3,weather_driven,historically_calibrated,0.943519,0.160398,8.9714,9.017,0.0,0.0457
2620,4,20,4,weather_driven,historically_calibrated,0.961905,0.163524,9.0774,9.1666,0.0,0.0892
2621,4,20,5,weather_driven,historically_calibrated,0.962419,0.163611,9.0804,9.4456,0.0,0.3652
2622,4,20,6,weather_driven,historically_calibrated,0.887675,0.150905,8.6406,9.59,0.0,0.9494
2623,4,20,7,weather_driven,historically_calibrated,1.419519,0.241318,11.3506,11.881,0.0104,0.52
2624,4,20,8,weather_driven,historically_calibrated,1.419153,0.241256,11.349,12.1444,0.0272,0.7682
2625,4,20,9,weather_driven,historically_calibrated,1.187046,0.201798,10.275,12.1656,0.0363,1.8543
2626,4,20,10,weather_driven,historically_calibrated,1.199551,0.203924,10.3366,11.9374,0.0337,1.5671
2627,4,20,11,weather_driven,historically_calibrated,1.154364,0.196242,10.1117,11.5463,0.0415,1.3932
2628,4,20,12,weather_driven,historically_calibrated,1.110451,0.188777,9.887,10.9545,0.0518,1.0156
2629,4,20,13,weather_driven,historically_calibrated,1.126553,0.191514,9.9701,10.4173,0.0467,0.4005
2630,4,20,14,weather_driven,historically_calibrated,1.163376,0.197774,10.157,10.451,0.0492,0.2447
2631,4,20,15,weather_driven,historically_calibrated,1.076753,0.183048,9.7103,10.8405,0.0454,1.0848
2632,4,20,16,weather_driven,historically_calibrated,1.181307,0.200822,10.2465,11.2659,0.07,0.9494
2633,4,20,17,weather_driven,historically_calibrated,1.045558,0.177745,9.5432,11.9579,0.1257,2.289
2634,4,20,18,weather_driven,historically_calibrated,1.149148,0.195355,10.0853,12.6223,0.1296,2.4074
2635,4,20,19,weather_driven,historically_calibrated,1.560094,0.265216,11.9382,13.3078,0.0583,1.3112
2636,4,20,20,weather_driven,historically_calibrated,1.695593,0.288251,12.4671,13.6372,0.013,1.1571
2637,4,20,21,weather_driven,historically_calibrated,1.690289,0.287349,12.4471,13.4627,0.0,1.0156
2638,4,20,22,weather_driven,historically_calibrated,1.615136,0.274573,12.1572,12.983,0.0,0.8257
2639,4,20,23,weather_driven,historically_calibrated,1.605776,0.272982,12.1204,12.5209,0.0,0.4005
2640,4,20,24,weather_driven,historically_calibrated,1.154755,0.196308,10.1137,10.2878,0.0,0.1741
2641,4,21,1,weather_driven,historically_calibrated,0.990084,0.168314,9.2373,9.3138,0.0,0.0764
2642,4,21,2,weather_driven,historically_calibrated,1.021771,0.173701,9.4134,9.4327,0.0,0.0193
2643,4,21,3,weather_driven,historically_calibrated,1.010618,0.171805,9.3519,9.3825,0.0,0.0306
2644,4,21,4,weather_driven,historically_calibrated,1.085186,0.184482,9.7549,9.7925,0.0,0.0376
2645,4,21,5,weather_driven,historically_calibrated,1.139111,0.193649,10.0343,10.072,0.0,0.0376
2646,4,21,6,weather_driven,historically_calibrated,1.227041,0.208597,10.4704,10.5213,0.0052,0.0457
2647,4,21,7,weather_driven,historically_calibrated,1.735516,0.295038,12.6166,12.7001,0.0687,0.0148
2648,4,21,8,weather_driven,historically_calibrated,1.635111,0.277969,12.2353,12.4347,0.1801,0.0193
2649,4,21,9,weather_driven,historically_calibrated,1.479282,0.251478,11.6056,12.0087,0.3266,0.0764
2650,4,21,10,weather_driven,historically_calibrated,1.270365,0.215962,10.677,11.2856,0.4899,0.1187
2651,4,21,11,weather_driven,historically_calibrated,1.06642,0.181291,9.6553,10.4253,0.5741,0.1959
2652,4,21,12,weather_driven,historically_calibrated,0.947852,0.161135,8.9965,9.7412,0.626,0.1187
2653,4,21,13,weather_driven,historically_calibrated,0.845245,0.143692,8.3799,9.0604,0.6428,0.0376
2654,4,21,14,weather_driven,historically_calibrated,0.807551,0.137284,8.1412,8.9431,0.5301,0.2718
2655,4,21,15,weather_driven,historically_calibrated,0.763853,0.129855,7.8553,9.0861,0.4627,0.7682
2656,4,21,16,weather_driven,historically_calibrated,0.811277,0.137917,8.1651,9.1354,0.4925,0.4779
2657,4,21,17,weather_driven,historically_calibrated,0.918942,0.15622,8.8275,9.5619,0.2566,0.4779
2658,4,21,18,weather_driven,historically_calibrated,0.983489,0.167193,9.2002,10.0742,0.1607,0.7133
2659,4,21,19,weather_driven,historically_calibrated,0.879909,0.149585,8.5935,10.7431,0.0855,2.0641
2660,4,21,20,weather_driven,historically_calibrated,1.080892,0.183752,9.7322,11.0629,0.0194,1.3112
2661,4,21,21,weather_driven,historically_calibrated,1.234924,0.209937,10.5084,10.9465,0.0,0.4381
2662,4,21,22,weather_driven,historically_calibrated,1.308549,0.222453,10.8548,11.0742,0.0,0.2194
2663,4,21,23,weather_driven,historically_calibrated,1.329613,0.226034,10.9513,11.0278,0.0,0.0764
2664,4,21,24,weather_driven,historically_calibrated,0.949495,0.161414,9.006,9.071,0.0,0.065
2665,4,22,1,weather_driven,historically_calibrated,0.926909,0.157575,8.8744,8.9776,0.0,0.1032
2666,4,22,2,weather_driven,historically_calibrated,0.954597,0.162281,9.0355,9.1711,0.0,0.1356
2667,4,22,3,weather_driven,historically_calibrated,0.998476,0.169741,9.2843,9.4199,0.0,0.1356
2668,4,22,4,weather_driven,historically_calibrated,1.048767,0.17829,9.5605,9.6792,0.0,0.1187
2669,4,22,5,weather_driven,historically_calibrated,1.11658,0.189819,9.9187,9.9952,0.0,0.0764
2670,4,22,6,weather_driven,historically_calibrated,1.211119,0.20589,10.3932,10.4028,0.0039,0.0057
2671,4,22,7,weather_driven,historically_calibrated,1.677543,0.285182,12.3986,12.4544,0.0557,0.0
2672,4,22,8,weather_driven,historically_calibrated,1.604985,0.272847,12.1173,12.2833,0.1659,0.0001
2673,4,22,9,weather_driven,historically_calibrated,1.42161,0.241674,11.3597,11.7026,0.3421,0.0007
2674,4,22,10,weather_driven,historically_calibrated,1.217937,0.207049,10.4264,10.9824,0.556,0.0001
2675,4,22,11,weather_driven,historically_calibrated,1.004282,0.170728,9.3167,10.0801,0.7633,0.0
2676,4,22,12,weather_driven,historically_calibrated,0.855689,0.145467,8.4449,9.3561,0.9098,0.0014
2677,4,22,13,weather_driven,historically_calibrated,0.753518,0.128098,7.7862,8.7272,0.9409,0.0001
2678,4,22,14,weather_driven,historically_calibrated,0.743442,0.126385,7.7183,8.6071,0.8865,0.0024
2679,4,22,15,weather_driven,historically_calibrated,0.783271,0.133156,7.9836,8.7412,0.7569,0.0007
2680,4,22,16,weather_driven,historically_calibrated,0.861403,0.146438,8.4802,9.033,0.5521,0.0007
2681,4,22,17,weather_driven,historically_calibrated,0.968154,0.164586,9.1132,9.4553,0.3421,0.0
2682,4,22,18,weather_driven,historically_calibrated,1.112791,0.189175,9.8991,10.0742,0.1737,0.0014
2683,4,22,19,weather_driven,historically_calibrated,1.281215,0.217806,10.7279,10.7986,0.07,0.0007
2684,4,22,20,weather_driven,historically_calibrated,1.400639,0.238109,11.2684,11.2826,0.0143,0.0
2685,4,22,21,weather_driven,historically_calibrated,1.424662,0.242193,11.3729,11.3729,0.0,0.0
2686,4,22,22,weather_driven,historically_calibrated,1.378984,0.234427,11.173,11.2278,0.0,0.0548
2687,4,22,23,weather_driven,historically_calibrated,1.319837,0.224372,10.9067,11.1261,0.0,0.2194
2688,4,22,24,weather_driven,historically_calibrated,0.937477,0.159371,8.9362,9.1104,0.0,0.1741
2689,4,23,1,weather_driven,historically_calibrated,1.019328,0.173286,9.4,9.5959,0.0,0.1959
2690,4,23,2,weather_driven,historically_calibrated,1.046546,0.177913,9.5485,9.6841,0.0,0.1356
2691,4,23,3,weather_driven,historically_calibrated,1.081774,0.183902,9.7369,9.8725,0.0,0.1356
2692,4,23,4,weather_driven,historically_calibrated,1.100134,0.187023,9.8333,9.9874,0.0,0.1541
2693,4,23,5,weather_driven,historically_calibrated,1.148954,0.195322,10.0843,10.2384,0.0,0.1541
2694,4,23,6,weather_driven,historically_calibrated,1.171425,0.199142,10.1973,10.5346,0.0052,0.332
2695,4,23,7,weather_driven,historically_calibrated,1.683765,0.28624,12.4223,12.7893,0.0661,0.3009
2696,4,23,8,weather_driven,historically_calibrated,1.613781,0.274343,12.1519,12.6382,0.1853,0.3009
2697,4,23,9,weather_driven,historically_calibrated,1.461381,0.248435,11.5301,12.332,0.324,0.4779
2698,4,23,10,weather_driven,historically_calibrated,1.210475,0.205781,10.39,11.6079,0.4497,0.7682
2699,4,23,11,weather_driven,historically_calibrated,0.955598,0.162452,9.0412,10.6885,0.5625,1.0848
2700,4,23,12,weather_driven,historically_calibrated,0.796608,0.135423,8.0705,9.8034,0.648,1.0848
2701,4,23,13,weather_driven,historically_calibrated,0.684044,0.116288,7.3058,9.124,0.661,1.1571
2702,4,23,14,weather_driven,historically_calibrated,0.667661,0.113502,7.1883,8.7818,0.6441,0.9494
2703,4,23,15,weather_driven,historically_calibrated,0.676878,0.115069,7.2546,8.6441,0.5638,0.8257
2704,4,23,16,weather_driven,historically_calibrated,0.72405,0.123088,7.5859,8.5937,0.4432,0.5645
2705,4,23,17,weather_driven,historically_calibrated,0.927394,0.157657,8.8772,9.5242,0.3149,0.332
2706,4,23,18,weather_driven,historically_calibrated,1.0173,0.172941,9.3888,9.8156,0.2074,0.2194
2707,4,23,19,weather_driven,historically_calibrated,1.187568,0.201887,10.2776,10.5902,0.0933,0.2194
2708,4,23,20,weather_driven,historically_calibrated,1.305623,0.221956,10.8414,10.95,0.0194,0.0892
2709,4,23,21,weather_driven,historically_calibrated,1.352902,0.229993,11.0566,11.0872,0.0,0.0306
2710,4,23,22,weather_driven,historically_calibrated,1.33417,0.226809,10.972,10.9802,0.0,0.0081
2711,4,23,23,weather_driven,historically_calibrated,1.33229,0.226489,10.9635,10.9716,0.0,0.0081
2712,4,23,24,weather_driven,historically_calibrated,0.933463,0.158689,8.9128,9.1322,0.0,0.2194
2713,4,24,1,weather_driven,historically_calibrated,0.895206,0.152185,8.686,8.9869,0.0,0.3009
2714,4,24,2,weather_driven,historically_calibrated,0.892996,0.151809,8.6727,9.2372,0.0,0.5645
2715,4,24,3,weather_driven,historically_calibrated,0.887476,0.150871,8.6394,9.4651,0.0,0.8257
2716,4,24,4,weather_driven,historically_calibrated,0.933907,0.158764,8.9154,9.7411,0.0,0.8257
2717,4,24,5,weather_driven,historically_calibrated,1.001884,0.17032,9.3034,10.0715,0.0,0.7682
2718,4,24,6,weather_driven,historically_calibrated,1.12543,0.191323,9.9643,10.4487,0.0065,0.4779
2719,4,24,7,weather_driven,historically_calibrated,1.589806,0.270267,12.0572,12.5756,0.0804,0.4381
2720,4,24,8,weather_driven,historically_calibrated,1.521561,0.258665,11.7813,12.6382,0.1957,0.6611
2721,4,24,9,weather_driven,historically_calibrated,1.406581,0.239119,11.2944,12.1656,0.3512,0.52
2722,4,24,10,weather_driven,historically_calibrated,1.192882,0.20279,10.3038,11.2784,0.5365,0.4381
2723,4,24,11,weather_driven,historically_calibrated,0.962865,0.163687,9.0829,10.1524,0.7374,0.332
2724,4,24,12,weather_driven,historically_calibrated,0.830302,0.141151,8.2861,9.3848,0.8268,0.2718
2725,4,24,13,weather_driven,historically_calibrated,0.760276,0.129247,7.8315,8.8136,0.7374,0.2447
2726,4,24,14,weather_driven,historically_calibrated,0.768175,0.13059,7.884,8.7818,0.626,0.2718
2727,4,24,15,weather_driven,historically_calibrated,0.768772,0.130691,7.888,8.6977,0.5651,0.2447
2728,4,24,16,weather_driven,historically_calibrated,0.860301,0.146251,8.4734,9.4844,0.3499,0.6611
2729,4,24,17,weather_driven,historically_calibrated,1.147102,0.195007,10.075,10.3355,0.2605,0.0
2730,4,24,18,weather_driven,historically_calibrated,1.287917,0.218946,10.7592,10.8905,0.1231,0.0081
2731,4,24,19,weather_driven,historically_calibrated,0.891014,0.151472,8.6607,11.5565,0.1089,2.7869
2732,4,24,20,weather_driven,historically_calibrated,1.531299,0.260321,11.8213,11.8457,0.022,0.0024
2733,4,24,21,weather_driven,historically_calibrated,1.508561,0.256455,11.7277,11.7825,0.0,0.0548
2734,4,24,22,weather_driven,historically_calibrated,1.387284,0.235838,11.2097,11.6478,0.0,0.4381
2735,4,24,23,weather_driven,historically_calibrated,1.281143,0.217794,10.7276,11.2922,0.0,0.5645
2736,4,24,24,weather_driven,historically_calibrated,0.844627,0.143587,8.3761,9.0894,0.0,0.7133
2737,4,25,1,weather_driven,historically_calibrated,0.876655,0.149031,8.5737,8.9057,0.0,0.332
2738,4,25,2,weather_driven,historically_calibrated,0.924099,0.157097,8.8579,8.9935,0.0,0.1356
2739,4,25,3,weather_driven,historically_calibrated,0.930996,0.158269,8.8984,9.017,0.0,0.1187
2740,4,25,4,weather_driven,historically_calibrated,0.945227,0.160689,8.9813,9.0845,0.0,0.1032
2741,4,25,5,weather_driven,historically_calibrated,0.939935,0.159789,8.9506,9.1952,0.0,0.2447
2742,4,25,6,weather_driven,historically_calibrated,0.937214,0.159326,8.9347,9.4612,0.0065,0.52
2743,4,25,7,weather_driven,historically_calibrated,1.300551,0.221094,10.8179,11.4001,0.0622,0.52
2744,4,25,8,weather_driven,historically_calibrated,1.269366,0.215792,10.6723,11.3764,0.184,0.52
2745,4,25,9,weather_driven,historically_calibrated,1.182889,0.201091,10.2544,11.001,0.346,0.4005
2746,4,25,10,weather_driven,historically_calibrated,1.031661,0.175382,9.4676,10.3448,0.5119,0.3652
2747,4,25,11,weather_driven,historically_calibrated,0.862082,0.146554,8.4844,9.5626,0.6402,0.4381
2748,4,25,12,weather_driven,historically_calibrated,0.708581,0.120459,7.4788,8.8092,0.7659,0.5645
2749,4,25,13,weather_driven,historically_calibrated,0.583149,0.099135,6.5535,8.2445,0.8048,0.8861
2750,4,25,14,weather_driven,historically_calibrated,0.577785,0.098223,6.5115,8.2081,0.6117,1.0848
2751,4,25,15,weather_driven,historically_calibrated,0.576358,0.097981,6.5003,8.2692,0.6117,1.1571
2752,4,25,16,weather_driven,historically_calibrated,0.712372,0.121103,7.5052,8.4823,0.5391,0.4381
2753,4,25,17,weather_driven,historically_calibrated,0.814018,0.138383,8.1826,8.9448,0.3616,0.4005
2754,4,25,18,weather_driven,historically_calibrated,0.602661,0.102452,6.7045,9.4572,0.2229,2.5298
2755,4,25,19,weather_driven,historically_calibrated,0.71691,0.121875,7.5366,10.1675,0.1011,2.5298
2756,4,25,20,weather_driven,historically_calibrated,0.863253,0.146753,8.4916,10.4722,0.0233,1.9573
2757,4,25,21,weather_driven,historically_calibrated,0.901601,0.153272,8.7243,10.6817,0.0,1.9573
2758,4,25,22,weather_driven,historically_calibrated,0.981771,0.166901,9.1905,10.7576,0.0,1.5671
2759,4,25,23,weather_driven,historically_calibrated,1.056233,0.17956,9.6008,10.7579,0.0,1.1571
2760,4,25,24,weather_driven,historically_calibrated,0.770968,0.131065,7.9026,8.9182,0.0,1.0156
2761,4,26,1,weather_driven,historically_calibrated,0.776394,0.131987,7.9384,8.8245,0.0,0.8861
2762,4,26,2,weather_driven,historically_calibrated,0.833546,0.141703,8.3066,9.0747,0.0,0.7682
2763,4,26,3,weather_driven,historically_calibrated,0.867417,0.147461,8.5172,9.3429,0.0,0.8257
2764,4,26,4,weather_driven,historically_calibrated,0.874635,0.148688,8.5614,9.577,0.0,1.0156
2765,4,26,5,weather_driven,historically_calibrated,0.912478,0.155121,8.7892,9.9463,0.0,1.1571
2766,4,26,6,weather_driven,historically_calibrated,0.912739,0.155166,8.7907,10.2769,0.0078,1.4784
2767,4,26,7,weather_driven,historically_calibrated,1.281919,0.217926,10.7312,12.3619,0.0635,1.5671
2768,4,26,8,weather_driven,historically_calibrated,1.227127,0.208612,10.4709,12.309,0.1788,1.6593
2769,4,26,9,weather_driven,historically_calibrated,1.070595,0.182001,9.6776,11.8883,0.3564,1.8543
2770,4,26,10,weather_driven,historically_calibrated,0.903128,0.153532,8.7335,11.0587,0.5702,1.755
2771,4,26,11,weather_driven,historically_calibrated,0.670239,0.113941,7.2069,9.9379,0.7737,1.9573
2772,4,26,12,weather_driven,historically_calibrated,0.486163,0.082648,5.7583,8.9662,0.9189,2.289
2773,4,26,13,weather_driven,historically_calibrated,0.379175,0.06446,4.7804,8.0375,0.9681,2.289
2774,4,26,14,weather_driven,historically_calibrated,0.344274,0.058527,4.4342,7.6343,0.9111,2.289
2775,4,26,15,weather_driven,historically_calibrated,0.287307,0.048842,3.8354,7.5192,0.762,2.9217
2776,4,26,16,weather_driven,historically_calibrated,0.241528,0.04106,3.3202,7.7029,0.5599,3.8229
2777,4,26,17,weather_driven,historically_calibrated,0.241843,0.041113,3.3239,8.1915,0.3512,4.5164
2778,4,26,18,weather_driven,historically_calibrated,0.317755,0.054018,4.1609,8.8601,0.1827,4.5164
2779,4,26,19,weather_driven,historically_calibrated,0.669308,0.113782,7.2002,9.8052,0.0752,2.5298
2780,4,26,20,weather_driven,historically_calibrated,0.765687,0.130167,7.8675,10.2931,0.0181,2.4074
2781,4,26,21,weather_driven,historically_calibrated,0.655201,0.111384,7.0978,10.4499,0.0,3.3521
2782,4,26,22,weather_driven,historically_calibrated,0.750741,0.127626,7.7675,10.4238,0.0,2.6563
2783,4,26,23,weather_driven,historically_calibrated,0.713885,0.12136,7.5157,10.4374,0.0,2.9217
2784,4,26,24,weather_driven,historically_calibrated,0.468024,0.079564,5.6006,8.6614,0.0,3.0608
2785,4,27,1,weather_driven,historically_calibrated,0.401594,0.068271,4.9953,8.4997,0.0,3.5045
2786,4,27,2,weather_driven,historically_calibrated,0.431758,0.073399,5.2757,8.6278,0.0,3.3521
2787,4,27,3,weather_driven,historically_calibrated,0.464366,0.078942,5.5684,8.7726,0.0,3.2043
2788,4,27,4,weather_driven,historically_calibrated,0.49318,0.083841,5.8185,8.8793,0.0,3.0608
2789,4,27,5,weather_driven,historically_calibrated,0.67727,0.115136,7.2575,9.1118,0.0,1.8543
2790,4,27,6,weather_driven,historically_calibrated,0.701418,0.119241,7.4287,9.2895,0.0065,1.8543
2791,4,27,7,weather_driven,historically_calibrated,0.948306,0.161212,8.9991,11.2398,0.0661,2.1746
2792,4,27,8,weather_driven,historically_calibrated,0.941968,0.160135,8.9624,11.2118,0.1853,2.0641
2793,4,27,9,weather_driven,historically_calibrated,0.886692,0.150738,8.6346,10.89,0.2981,1.9573
2794,4,27,10,weather_driven,historically_calibrated,0.855221,0.145388,8.442,10.3448,0.3357,1.5671
2795,4,27,11,weather_driven,historically_calibrated,0.641194,0.109003,6.9948,9.241,0.4912,1.755
2796,4,27,12,weather_driven,historically_calibrated,0.622007,0.105741,6.8515,8.5999,0.5158,1.2326
2797,4,27,13,weather_driven,historically_calibrated,0.540331,0.091856,6.212,7.8823,0.5132,1.1571
2798,4,27,14,weather_driven,historically_calibrated,0.406853,0.069165,5.0449,7.3735,0.4743,1.8543
2799,4,27,15,weather_driven,historically_calibrated,0.397248,0.067532,4.9541,7.4656,0.337,2.1746
2800,4,27,16,weather_driven,historically_calibrated,0.376051,0.063929,4.75,7.5916,0.1853,2.6563
2801,4,27,17,weather_driven,historically_calibrated,0.320647,0.05451,4.1912,7.9017,0.2061,3.5045
2802,4,27,18,weather_driven,historically_calibrated,0.437616,0.074395,5.3291,8.1434,0.1581,2.6563
2803,4,27,19,weather_driven,historically_calibrated,0.539968,0.091795,6.209,8.235,0.0687,1.9573
2804,4,27,20,weather_driven,historically_calibrated,0.65449,0.111263,7.0926,8.2627,0.013,1.1571
2805,4,27,21,weather_driven,historically_calibrated,0.625668,0.106364,6.8791,8.1903,0.0,1.3112
2806,4,27,22,weather_driven,historically_calibrated,0.431872,0.073418,5.2767,8.1984,0.0,2.9217
2807,4,27,23,weather_driven,historically_calibrated,0.484524,0.082369,5.7442,8.0332,0.0,2.289
2808,4,27,24,weather_driven,historically_calibrated,0.376317,0.063974,4.7526,6.6069,0.0,1.8543
2809,4,28,1,weather_driven,historically_calibrated,0.376821,0.064059,4.7575,6.5125,0.0,1.755
2810,4,28,2,weather_driven,historically_calibrated,0.341778,0.058102,4.4089,6.8163,0.0,2.4074
2811,4,28,3,weather_driven,historically_calibrated,0.317636,0.053998,4.1597,6.9466,0.0,2.7869
2812,4,28,4,weather_driven,historically_calibrated,0.429768,0.073061,5.2575,7.1118,0.0,1.8543
2813,4,28,5,weather_driven,historically_calibrated,0.539041,0.091637,6.2015,7.7686,0.0,1.5671
2814,4,28,6,weather_driven,historically_calibrated,0.635565,0.108046,6.953,8.1908,0.0052,1.2326
2815,4,28,7,weather_driven,historically_calibrated,1.076417,0.182991,9.7085,10.0457,0.0363,0.3009
2816,4,28,8,weather_driven,historically_calibrated,1.056205,0.179555,9.6006,9.8101,0.1063,0.1032
2817,4,28,9,weather_driven,historically_calibrated,0.93372,0.158732,8.9143,9.4576,0.2112,0.332
2818,4,28,10,weather_driven,historically_calibrated,0.828158,0.140787,8.2726,8.7593,0.3681,0.1187
2819,4,28,11,weather_driven,historically_calibrated,0.672253,0.114283,7.2214,7.9098,0.4925,0.1959
2820,4,28,12,weather_driven,historically_calibrated,0.595252,0.101193,6.6475,7.238,0.4873,0.1032
2821,4,28,13,weather_driven,historically_calibrated,0.498553,0.084754,5.8643,6.4902,0.6221,0.0038
2822,4,28,14,weather_driven,historically_calibrated,0.498827,0.084801,5.8667,6.5437,0.6713,0.0057
2823,4,28,15,weather_driven,historically_calibrated,0.526709,0.089541,6.1003,6.7205,0.6091,0.0111
2824,4,28,16,weather_driven,historically_calibrated,0.520001,0.0884,6.0447,6.9843,0.5016,0.4381
2825,4,28,17,weather_driven,historically_calibrated,0.630569,0.107197,6.9158,7.2696,0.3538,0.0
2826,4,28,18,weather_driven,historically_calibrated,0.680884,0.11575,7.2833,7.492,0.2087,0.0
2827,4,28,19,weather_driven,historically_calibrated,0.717569,0.121987,7.5412,7.7429,0.0985,0.1032
2828,4,28,20,weather_driven,historically_calibrated,0.796419,0.135391,8.0693,8.3159,0.0272,0.2194
2829,4,28,21,weather_driven,historically_calibrated,0.838009,0.142462,8.3346,8.3346,0.0,0.0
2830,4,28,22,weather_driven,historically_calibrated,0.816709,0.138841,8.1998,8.208,0.0,0.0081
2831,4,28,23,weather_driven,historically_calibrated,0.836001,0.14212,8.322,8.3244,0.0,0.0024
2832,4,28,24,weather_driven,historically_calibrated,0.608303,0.103411,6.7477,6.7478,0.0,0.0001
2833,4,29,1,weather_driven,historically_calibrated,0.606851,0.103165,6.7366,6.7366,0.0,0.0
2834,4,29,2,weather_driven,historically_calibrated,0.632261,0.107484,6.9284,6.9284,0.0,0.0
2835,4,29,3,weather_driven,historically_calibrated,0.644801,0.109616,7.0214,7.0215,0.0,0.0001
2836,4,29,4,weather_driven,historically_calibrated,0.661786,0.112504,7.1458,7.1496,0.0,0.0038
2837,4,29,5,weather_driven,historically_calibrated,0.677402,0.115158,7.2584,7.2695,0.0,0.0111
2838,4,29,6,weather_driven,historically_calibrated,0.695199,0.118184,7.3849,7.4008,0.0078,0.0081
2839,4,29,7,weather_driven,historically_calibrated,0.868963,0.147724,8.5267,8.571,0.0441,0.0003
2840,4,29,8,weather_driven,historically_calibrated,0.777939,0.13225,7.9486,8.094,0.1452,0.0003
2841,4,29,9,weather_driven,historically_calibrated,0.687652,0.116901,7.3315,7.5698,0.2359,0.0024
2842,4,29,10,weather_driven,historically_calibrated,0.582239,0.098981,6.5464,6.8899,0.3434,0.0
2843,4,29,11,weather_driven,historically_calibrated,0.559049,0.095038,6.3631,6.726,0.3629,0.0001
2844,4,29,12,weather_driven,historically_calibrated,0.547309,0.093043,6.2686,6.5641,0.2955,0.0
2845,4,29,13,weather_driven,historically_calibrated,0.524344,0.089139,6.0807,6.4902,0.4095,0.0
2846,4,29,14,weather_driven,historically_calibrated,0.586565,0.099716,6.5802,6.7836,0.2035,0.0
2847,4,29,15,weather_driven,historically_calibrated,0.566993,0.096389,6.4263,6.7205,0.2942,0.0
2848,4,29,16,weather_driven,historically_calibrated,0.591706,0.10059,6.6201,6.9843,0.3642,0.0
2849,4,29,17,weather_driven,historically_calibrated,0.669404,0.113799,7.2009,7.2696,0.0687,0.0
2850,4,29,18,weather_driven,historically_calibrated,0.706388,0.120086,7.4635,7.492,0.0285,0.0
2851,4,29,19,weather_driven,historically_calibrated,0.712343,0.121098,7.5049,7.5762,0.0713,0.0
2852,4,29,20,weather_driven,historically_calibrated,0.725588,0.12335,7.5965,7.6017,0.0052,0.0
2853,4,29,21,weather_driven,historically_calibrated,0.829545,0.141023,8.2813,8.2813,0.0,0.0
2854,4,29,22,weather_driven,historically_calibrated,0.755347,0.128409,7.7985,7.7985,0.0,0.0
2855,4,29,23,weather_driven,historically_calibrated,0.702995,0.119509,7.4397,7.4397,0.0,0.0
2856,4,29,24,weather_driven,historically_calibrated,0.514598,0.087482,5.9996,5.9996,0.0,0.0
2857,4,30,1,weather_driven,historically_calibrated,0.614474,0.104461,6.7946,6.7946,0.0,0.0
2858,4,30,2,weather_driven,historically_calibrated,0.642268,0.109186,7.0027,7.0027,0.0,0.0
2859,4,30,3,weather_driven,historically_calibrated,0.678391,0.115326,7.2655,7.2655,0.0,0.0
2860,4,30,4,weather_driven,historically_calibrated,0.715238,0.12159,7.525,7.525,0.0,0.0
2861,4,30,5,weather_driven,historically_calibrated,0.758294,0.12891,7.8182,7.8182,0.0,0.0
2862,4,30,6,weather_driven,historically_calibrated,0.811526,0.137959,8.1667,8.1732,0.0065,0.0
2863,4,30,7,weather_driven,historically_calibrated,1.104012,0.187682,9.8535,9.9041,0.0505,0.0
2864,4,30,8,weather_driven,historically_calibrated,1.123301,0.190961,9.9534,10.0597,0.1063,0.0
2865,4,30,9,weather_driven,historically_calibrated,1.10329,0.187559,9.8498,10.0027,0.1529,0.0
2866,4,30,10,weather_driven,historically_calibrated,1.058243,0.179901,9.6115,9.7956,0.184,0.0
2867,4,30,11,weather_driven,historically_calibrated,0.972101,0.165257,9.1357,9.3482,0.2125,0.0
2868,4,30,12,weather_driven,historically_calibrated,0.898058,0.15267,8.7031,8.9662,0.2631,0.0
2869,4,30,13,weather_driven,historically_calibrated,0.796404,0.135389,8.0692,8.3997,0.3305,0.0
2870,4,30,14,weather_driven,historically_calibrated,0.782819,0.133079,7.9806,8.3124,0.3318,0.0
2871,4,30,15,weather_driven,historically_calibrated,0.78856,0.134055,8.0182,8.3227,0.3046,0.0
2872,4,30,16,weather_driven,historically_calibrated,0.847092,0.144006,8.3915,8.6494,0.2579,0.0
2873,4,30,17,weather_driven,historically_calibrated,0.915046,0.155558,8.8044,9.0027,0.1983,0.0
2874,4,30,18,weather_driven,historically_calibrated,0.994847,0.169124,9.264,9.3975,0.1335,0.0
2875,4,30,19,weather_driven,historically_calibrated,1.105835,0.187992,9.863,9.9863,0.0583,0.065
2876,4,30,20,weather_driven,historically_calibrated,1.12817,0.191789,9.9784,9.9945,0.0104,0.0057
2877,4,30,21,weather_driven,historically_calibrated,1.09678,0.186453,9.8158,9.8705,0.0,0.0548
2878,4,30,22,weather_driven,historically_calibrated,1.047127,0.178012,9.5517,9.5893,0.0,0.0376
2879,4,30,23,weather_driven,historically_calibrated,0.997308,0.169542,9.2778,9.3154,0.0,0.0376
2880,4,30,24,weather_driven,historically_calibrated,0.764612,0.129984,7.8604,7.891,0.0,0.0306
2881,5,1,1,weather_driven,historically_calibrated,0.716074,0.121733,7.5308,7.9314,0.0,0.4005
2882,5,1,2,weather_driven,historically_calibrated,0.735223,0.124988,7.6624,8.1403,0.0,0.4779
2883,5,1,3,weather_driven,historically_calibrated,0.756464,0.128599,7.806,8.2838,0.0,0.4779
2884,5,1,4,weather_driven,historically_calibrated,0.812306,0.138092,8.1717,8.3458,0.0,0.1741
2885,5,1,5,weather_driven,historically_calibrated,0.85662,0.145625,8.4506,8.5693,0.0,0.1187
2886,5,1,6,weather_driven,historically_calibrated,0.906239,0.154061,8.7521,8.8172,0.0104,0.0548
2887,5,1,7,weather_driven,historically_calibrated,1.192819,0.202779,10.3035,10.3849,0.0622,0.0193
2888,5,1,8,weather_driven,historically_calibrated,1.035277,0.175997,9.4874,9.6756,0.1801,0.0081
2889,5,1,9,weather_driven,historically_calibrated,0.9198,0.156366,8.8325,9.0599,0.2125,0.0148
2890,5,1,10,weather_driven,historically_calibrated,0.786276,0.133667,8.0033,8.2578,0.2398,0.0148
2891,5,1,11,weather_driven,historically_calibrated,0.655159,0.111377,7.0975,7.5253,0.232,0.1959
2892,5,1,12,weather_driven,historically_calibrated,0.600434,0.102074,6.6874,7.1349,0.2281,0.2194
2893,5,1,13,weather_driven,historically_calibrated,0.593109,0.100829,6.631,7.0546,0.2696,0.1541
2894,5,1,14,weather_driven,historically_calibrated,0.60638,0.103085,6.733,7.1127,0.3033,0.0764
2895,5,1,15,weather_driven,historically_calibrated,0.635617,0.108055,6.9534,7.3049,0.3059,0.0457
2896,5,1,16,weather_driven,historically_calibrated,0.676733,0.115045,7.2536,7.5916,0.2488,0.0892
2897,5,1,17,weather_driven,historically_calibrated,0.746753,0.126948,7.7407,7.9017,0.1529,0.0081
2898,5,1,18,weather_driven,historically_calibrated,0.792669,0.134754,8.0449,8.1434,0.0985,0.0
2899,5,1,19,weather_driven,historically_calibrated,0.81451,0.138467,8.1858,8.235,0.0492,0.0
2900,5,1,20,weather_driven,historically_calibrated,0.759962,0.129193,7.8294,8.1433,0.013,0.3009
2901,5,1,21,weather_driven,historically_calibrated,0.469282,0.079778,5.6116,7.9006,0.0,2.289
2902,5,1,22,weather_driven,historically_calibrated,0.672229,0.114279,7.2213,7.5865,0.0,0.3652
2903,5,1,23,weather_driven,historically_calibrated,0.801852,0.136315,8.1045,8.3003,0.0,0.1959
2904,5,1,24,weather_driven,historically_calibrated,0.653879,0.111159,7.0881,7.4201,0.0,0.332
2905,5,2,1,weather_driven,historically_calibrated,0.631696,0.107388,6.9242,7.4442,0.0,0.52
2906,5,2,2,weather_driven,historically_calibrated,0.566545,0.096313,6.4228,7.734,0.0,1.3112
2907,5,2,3,weather_driven,historically_calibrated,0.572802,0.097376,6.4723,8.0394,0.0,1.5671
2908,5,2,4,weather_driven,historically_calibrated,0.6607,0.112319,7.1379,8.2227,0.0,1.0848
2909,5,2,5,weather_driven,historically_calibrated,0.691572,0.117567,7.3593,8.4441,0.0,1.0848
2910,5,2,6,weather_driven,historically_calibrated,0.773709,0.13153,7.9207,8.8172,0.0104,0.8861
2911,5,2,7,weather_driven,historically_calibrated,1.105928,0.188008,9.8635,10.7055,0.0739,0.7682
2912,5,2,8,weather_driven,historically_calibrated,1.005616,0.170955,9.3241,10.6083,0.127,1.1571
2913,5,2,9,weather_driven,historically_calibrated,0.993971,0.168975,9.2591,10.4464,0.1024,1.0848
2914,5,2,10,weather_driven,historically_calibrated,0.862104,0.146558,8.4845,9.9603,0.1646,1.3112
2915,5,2,11,weather_driven,historically_calibrated,0.645693,0.109768,7.028,9.1874,0.4044,1.755
2916,5,2,12,weather_driven,historically_calibrated,0.477143,0.081114,5.6802,8.6523,0.683,2.289
2917,5,2,13,weather_driven,historically_calibrated,0.386355,0.06568,4.8498,8.0893,0.832,2.4074
2918,5,2,14,weather_driven,historically_calibrated,0.300562,0.051096,3.9787,7.7908,0.8904,2.9217
2919,5,2,15,weather_driven,historically_calibrated,0.273247,0.046452,3.6806,7.787,0.7543,3.3521
2920,5,2,16,weather_driven,historically_calibrated,0.250797,0.042635,3.4272,7.9813,0.5651,3.9891
2921,5,2,17,weather_driven,historically_calibrated,0.330318,0.056154,4.2915,8.4812,0.3668,3.8229
2922,5,2,18,weather_driven,historically_calibrated,0.422648,0.07185,5.192,9.2184,0.2035,3.8229
2923,5,2,19,weather_driven,historically_calibrated,0.672838,0.114383,7.2256,10.1071,0.0946,2.7869
2924,5,2,20,weather_driven,historically_calibrated,0.732147,0.124465,7.6414,10.5917,0.0285,2.9217
2925,5,2,21,weather_driven,historically_calibrated,0.72512,0.12327,7.5933,10.7975,0.0,3.2043
2926,5,2,22,weather_driven,historically_calibrated,0.662631,0.112647,7.1519,10.8132,0.0,3.6614
2927,5,2,23,weather_driven,historically_calibrated,0.740318,0.125854,7.6971,10.7579,0.0,3.0608
2928,5,2,24,weather_driven,historically_calibrated,0.530476,0.090181,6.1313,8.9182,0.0,2.7869
2929,5,3,1,weather_driven,historically_calibrated,0.534979,0.090946,6.1683,8.8245,0.0,2.6563
2930,5,3,2,weather_driven,historically_calibrated,0.566003,0.09622,6.4185,9.0747,0.0,2.6563
2931,5,3,3,weather_driven,historically_calibrated,0.595044,0.101158,6.6459,9.3022,0.0,2.6563
2932,5,3,4,weather_driven,historically_calibrated,0.722994,0.122909,7.5786,9.536,0.0,1.9573
2933,5,3,5,weather_driven,historically_calibrated,0.777745,0.132217,7.9473,9.9046,0.0,1.9573
2934,5,3,6,weather_driven,historically_calibrated,0.819797,0.139365,8.2195,10.1911,0.0143,1.9573
2935,5,3,7,weather_driven,historically_calibrated,1.099675,0.186945,9.8309,12.2016,0.0816,2.289
2936,5,3,8,weather_driven,historically_calibrated,0.981299,0.166821,9.1878,11.925,0.2074,2.5298
2937,5,3,9,weather_driven,historically_calibrated,0.742594,0.126241,7.7125,11.1673,0.394,3.0608
2938,5,3,10,weather_driven,historically_calibrated,0.527289,0.089639,6.105,10.0702,0.613,3.3521
2939,5,3,11,weather_driven,historically_calibrated,0.303037,0.051516,4.0052,8.8121,0.8178,3.9891
2940,5,3,12,weather_driven,historically_calibrated,0.136235,0.02316,1.9945,7.6581,0.9616,4.702
2941,5,3,13,weather_driven,historically_calibrated,0.001218,0.000207,-0.0989,7.0546,1.0083,6.1452
2942,5,3,14,weather_driven,historically_calibrated,-0.017707,-0.00301,-0.4406,7.1127,0.9474,6.6059
2943,5,3,15,weather_driven,historically_calibrated,-0.011971,-0.002035,-0.3355,7.3049,0.7957,6.8447
2944,5,3,16,weather_driven,historically_calibrated,0.044292,0.00753,0.6291,7.5916,0.5897,6.3728
2945,5,3,17,weather_driven,historically_calibrated,0.13889,0.023611,2.0308,7.9017,0.3758,5.4951
2946,5,3,18,weather_driven,historically_calibrated,0.266635,0.045328,3.6068,8.1434,0.2009,4.3358
2947,5,3,19,weather_driven,historically_calibrated,0.393343,0.066868,4.9168,8.3558,0.0868,3.3521
2948,5,3,20,weather_driven,historically_calibrated,0.468102,0.079577,5.6012,8.9793,0.0259,3.3521
2949,5,3,21,weather_driven,historically_calibrated,0.559848,0.095174,6.3694,9.2911,0.0,2.9217
2950,5,3,22,weather_driven,historically_calibrated,0.610724,0.103823,6.7661,9.4224,0.0,2.6563
2951,5,3,23,weather_driven,historically_calibrated,0.691422,0.117542,7.3582,9.4223,0.0,2.0641
2952,5,3,24,weather_driven,historically_calibrated,0.496638,0.084429,5.848,7.8054,0.0,1.9573
2953,5,4,1,weather_driven,historically_calibrated,0.509308,0.086582,5.9553,7.8096,0.0,1.8543
2954,5,4,2,weather_driven,historically_calibrated,0.558557,0.094955,6.3591,8.0184,0.0,1.6593
2955,5,4,3,weather_driven,historically_calibrated,0.610529,0.10379,6.7647,8.2431,0.0,1.4784
2956,5,4,4,weather_driven,historically_calibrated,0.652192,0.110873,7.0758,8.4689,0.0,1.3932
2957,5,4,5,weather_driven,historically_calibrated,0.724221,0.123118,7.5871,8.8197,0.0,1.2326
2958,5,4,6,weather_driven,historically_calibrated,0.771093,0.131086,7.9034,9.0748,0.0143,1.1571
2959,5,4,7,weather_driven,historically_calibrated,1.070014,0.181902,9.6745,10.7055,0.0816,0.9494
2960,5,4,8,weather_driven,historically_calibrated,1.031758,0.175399,9.4682,10.3888,0.2074,0.7133
2961,5,4,9,weather_driven,historically_calibrated,0.819392,0.139297,8.2169,9.559,0.3927,0.9494
2962,5,4,10,weather_driven,historically_calibrated,0.591538,0.100561,6.6188,8.3128,0.6091,1.0848
2963,5,4,11,weather_driven,historically_calibrated,0.469494,0.079814,5.6135,7.3109,0.8113,0.8861
2964,5,4,12,weather_driven,historically_calibrated,0.396932,0.067478,4.9511,7.1349,0.9513,1.2326
2965,5,4,13,weather_driven,historically_calibrated,0.391667,0.066583,4.9008,7.0546,0.9966,1.1571
2966,5,4,14,weather_driven,historically_calibrated,0.452423,0.076912,5.4624,7.1127,0.937,0.7133
2967,5,4,15,weather_driven,historically_calibrated,0.514434,0.087454,5.9982,7.3049,0.7867,0.52
2968,5,4,16,weather_driven,historically_calibrated,0.585137,0.099473,6.569,7.5916,0.5845,0.4381
2969,5,4,17,weather_driven,historically_calibrated,0.668607,0.113663,7.1951,7.9017,0.3745,0.332
2970,5,4,18,weather_driven,historically_calibrated,0.744166,0.126508,7.7232,8.1434,0.2009,0.2194
2971,5,4,19,weather_driven,historically_calibrated,0.787506,0.133876,8.0113,8.235,0.0881,0.1356
2972,5,4,20,weather_driven,historically_calibrated,0.800056,0.136009,8.0928,8.1433,0.0259,0.0245
2973,5,4,21,weather_driven,historically_calibrated,0.747626,0.127096,7.7466,7.9006,0.0,0.1541
2974,5,4,22,weather_driven,historically_calibrated,0.749105,0.127348,7.7565,7.9759,0.0,0.2194
2975,5,4,23,weather_driven,historically_calibrated,0.801852,0.136315,8.1045,8.3003,0.0,0.1959
2976,5,4,24,weather_driven,historically_calibrated,0.642073,0.109152,7.0013,7.0777,0.0,0.0764
2977,5,5,1,weather_driven,historically_calibrated,0.599706,0.10195,6.6819,6.7366,0.0,0.0548
2978,5,5,2,weather_driven,historically_calibrated,0.640323,0.108855,6.9883,7.0032,0.0,0.0148
2979,5,5,3,weather_driven,historically_calibrated,0.675625,0.114856,7.2457,7.2464,0.0,0.0007
2980,5,5,4,weather_driven,historically_calibrated,0.715539,0.121642,7.5271,7.5271,0.0,0.0
2981,5,5,5,weather_driven,historically_calibrated,0.768134,0.130583,7.8838,7.8838,0.0,0.0
2982,5,5,6,weather_driven,historically_calibrated,0.800582,0.136099,8.0963,8.1118,0.0156,0.0
2983,5,5,7,weather_driven,historically_calibrated,0.996731,0.169444,9.2746,9.3575,0.0829,0.0
2984,5,5,8,weather_driven,historically_calibrated,0.863375,0.146774,8.4923,8.6997,0.2074,0.0
2985,5,5,9,weather_driven,historically_calibrated,0.680301,0.115651,7.2791,7.6718,0.3927,0.0
2986,5,5,10,weather_driven,historically_calibrated,0.548967,0.093324,6.282,6.8899,0.6078,0.0
2987,5,5,11,weather_driven,historically_calibrated,0.504806,0.085817,5.9173,6.726,0.8087,0.0
2988,5,5,12,weather_driven,historically_calibrated,0.469868,0.079878,5.6167,6.5641,0.9474,0.0
2989,5,5,13,weather_driven,historically_calibrated,0.476727,0.081044,5.6766,6.672,0.9953,0.0
2990,5,5,14,weather_driven,historically_calibrated,0.567607,0.096493,6.4312,7.3682,0.937,0.0
2991,5,5,15,weather_driven,historically_calibrated,0.641922,0.109127,7.0002,7.7868,0.7867,0.0
2992,5,5,16,weather_driven,historically_calibrated,0.732069,0.124452,7.6409,8.2228,0.5819,0.0
2993,5,5,17,weather_driven,historically_calibrated,0.803894,0.136662,8.1176,8.4909,0.3732,0.0
2994,5,5,18,weather_driven,historically_calibrated,0.838842,0.142603,8.3399,8.5408,0.2009,0.0001
2995,5,5,19,weather_driven,historically_calibrated,0.709177,0.12056,7.4829,7.5762,0.0933,0.0
2996,5,5,20,weather_driven,historically_calibrated,0.706363,0.120082,7.4633,7.4918,0.0285,0.0
2997,5,5,21,weather_driven,historically_calibrated,0.678824,0.1154,7.2686,7.2686,0.0,0.0
2998,5,5,22,weather_driven,historically_calibrated,0.639138,0.108653,6.9796,6.9796,0.0,0.0
2999,5,5,23,weather_driven,historically_calibrated,0.602388,0.102406,6.7024,6.7024,0.0,0.0
3000,5,5,24,weather_driven,historically_calibrated,0.44208,0.075154,5.3695,5.3696,0.0,0.0001
3001,5,6,1,weather_driven,historically_calibrated,0.411399,0.069938,5.0875,5.0932,0.0,0.0057
3002,5,6,2,weather_driven,historically_calibrated,0.411538,0.069961,5.0888,5.0969,0.0,0.0081
3003,5,6,3,weather_driven,historically_calibrated,0.413689,0.070327,5.1089,5.1103,0.0,0.0014
3004,5,6,4,weather_driven,historically_calibrated,0.417949,0.071051,5.1485,5.1485,0.0,0.0
3005,5,6,5,weather_driven,historically_calibrated,0.487795,0.082925,5.7724,5.7724,0.0,0.0
3006,5,6,6,weather_driven,historically_calibrated,0.528628,0.089867,6.1161,6.1368,0.0207,0.0
3007,5,6,7,weather_driven,historically_calibrated,0.655335,0.111407,7.0988,7.1947,0.0959,0.0
3008,5,6,8,weather_driven,historically_calibrated,0.598182,0.101691,6.6701,6.8827,0.2125,0.0
3009,5,6,9,weather_driven,historically_calibrated,0.587926,0.099947,6.5908,6.9575,0.3668,0.0
3010,5,6,10,weather_driven,historically_calibrated,0.561399,0.095438,6.3818,6.8899,0.508,0.0
3011,5,6,11,weather_driven,historically_calibrated,0.521364,0.088632,6.056,6.726,0.67,0.0
3012,5,6,12,weather_driven,historically_calibrated,0.49748,0.084572,5.8552,6.5641,0.7089,0.0
3013,5,6,13,weather_driven,historically_calibrated,0.50708,0.086204,5.9365,6.5508,0.6143,0.0
3014,5,6,14,weather_driven,historically_calibrated,0.529446,0.090006,6.1228,6.6659,0.543,0.0
3015,5,6,15,weather_driven,historically_calibrated,0.566208,0.096255,6.4201,6.9087,0.4886,0.0
3016,5,6,16,weather_driven,historically_calibrated,0.621012,0.105572,6.8441,7.2124,0.3681,0.0003
3017,5,6,17,weather_driven,historically_calibrated,0.644354,0.10954,7.0181,7.2696,0.2138,0.0376
3018,5,6,18,weather_driven,historically_calibrated,0.676212,0.114956,7.2499,7.492,0.1529,0.0892
3019,5,6,19,weather_driven,historically_calibrated,0.696786,0.118454,7.3961,7.5762,0.1037,0.0764
3020,5,6,20,weather_driven,historically_calibrated,0.699676,0.118945,7.4164,7.4918,0.0104,0.065
3021,5,6,21,weather_driven,historically_calibrated,0.66819,0.113592,7.1921,7.2686,0.0,0.0764
3022,5,6,22,weather_driven,historically_calibrated,0.630405,0.107169,6.9146,6.9796,0.0,0.065
3023,5,6,23,weather_driven,historically_calibrated,0.593947,0.100971,6.6374,6.7024,0.0,0.065
3024,5,6,24,weather_driven,historically_calibrated,0.439383,0.074695,5.3451,5.3696,0.0,0.0245
3025,5,7,1,weather_driven,historically_calibrated,0.460066,0.078211,5.5304,5.5361,0.0,0.0057
3026,5,7,2,weather_driven,historically_calibrated,0.532696,0.090558,6.1495,6.1495,0.0,0.0
3027,5,7,3,weather_driven,historically_calibrated,0.590885,0.10045,6.6137,6.6137,0.0,0.0
3028,5,7,4,weather_driven,historically_calibrated,0.640744,0.108926,6.9914,6.9915,0.0,0.0001
3029,5,7,5,weather_driven,historically_calibrated,0.685484,0.116532,7.3161,7.3175,0.0,0.0014
3030,5,7,6,weather_driven,historically_calibrated,0.73078,0.124233,7.6321,7.6579,0.022,0.0038
3031,5,7,7,weather_driven,historically_calibrated,0.930053,0.158109,8.8928,8.9958,0.0972,0.0057
3032,5,7,8,weather_driven,historically_calibrated,0.849746,0.144457,8.408,8.6881,0.2151,0.065
3033,5,7,9,weather_driven,historically_calibrated,0.71275,0.121167,7.5078,8.0616,0.3797,0.1741
3034,5,7,10,weather_driven,historically_calibrated,0.617747,0.105017,6.8194,7.489,0.5664,0.1032
3035,5,7,11,weather_driven,historically_calibrated,0.597816,0.101629,6.6673,7.3109,0.6324,0.0111
3036,5,7,12,weather_driven,historically_calibrated,0.558875,0.095009,6.3617,7.1349,0.67,0.1032
3037,5,7,13,weather_driven,historically_calibrated,0.538509,0.091547,6.1971,7.0546,0.7219,0.1356
3038,5,7,14,weather_driven,historically_calibrated,0.531189,0.090302,6.1372,7.1127,0.7037,0.2718
3039,5,7,15,weather_driven,historically_calibrated,0.537266,0.091335,6.187,7.3049,0.5534,0.5645
3040,5,7,16,weather_driven,historically_calibrated,0.653853,0.111155,7.0879,7.5916,0.4005,0.1032
3041,5,7,17,weather_driven,historically_calibrated,0.736561,0.125215,7.6716,7.9017,0.219,0.0111
3042,5,7,18,weather_driven,historically_calibrated,0.778794,0.132395,7.9542,8.1434,0.1516,0.0376
3043,5,7,19,weather_driven,historically_calibrated,0.817361,0.138951,8.204,8.235,0.0272,0.0038
3044,5,7,20,weather_driven,historically_calibrated,0.805457,0.136928,8.1277,8.1433,0.0156,0.0
3045,5,7,21,weather_driven,historically_calibrated,0.770679,0.131015,7.9006,7.9006,0.0,0.0
3046,5,7,22,weather_driven,historically_calibrated,0.724131,0.123102,7.5865,7.5865,0.0,0.0
3047,5,7,23,weather_driven,historically_calibrated,0.688564,0.117056,7.338,7.3387,0.0,0.0007
3048,5,7,24,weather_driven,historically_calibrated,0.530073,0.090112,6.128,6.1361,0.0,0.0081
3049,5,8,1,weather_driven,historically_calibrated,0.541383,0.092035,6.2205,6.2263,0.0,0.0057
3050,5,8,2,weather_driven,historically_calibrated,0.50412,0.0857,5.9115,6.3121,0.0,0.4005
3051,5,8,3,weather_driven,historically_calibrated,0.546998,0.09299,6.2661,6.3693,0.0,0.1032
3052,5,8,4,weather_driven,historically_calibrated,0.554292,0.09423,6.3249,6.4991,0.0,0.1741
3053,5,8,5,weather_driven,historically_calibrated,0.554782,0.094313,6.3289,6.4829,0.0,0.1541
3054,5,8,6,weather_driven,historically_calibrated,0.586571,0.099717,6.5802,6.7563,0.022,0.1541
3055,5,8,7,weather_driven,historically_calibrated,0.671289,0.114119,7.2145,7.9271,0.1011,0.6116
3056,5,8,8,weather_driven,historically_calibrated,0.672695,0.114358,7.2246,7.9201,0.1309,0.5645
3057,5,8,9,weather_driven,historically_calibrated,0.60573,0.102974,6.728,7.5625,0.2229,0.6116
3058,5,8,10,weather_driven,historically_calibrated,0.526626,0.089526,6.0996,7.489,0.3046,1.0848
3059,5,8,11,weather_driven,historically_calibrated,0.441537,0.075061,5.3646,7.3109,0.4679,1.4784
3060,5,8,12,weather_driven,historically_calibrated,0.4666,0.079322,5.588,7.1349,0.5975,0.9494
3061,5,8,13,weather_driven,historically_calibrated,0.353748,0.060137,4.5296,7.0546,0.5676,1.9573
3062,5,8,14,weather_driven,historically_calibrated,0.316566,0.053816,4.1485,7.1127,0.6752,2.289
3063,5,8,15,weather_driven,historically_calibrated,0.301518,0.051258,3.989,7.3049,0.6597,2.6563
3064,5,8,16,weather_driven,historically_calibrated,0.33019,0.056132,4.2902,7.5916,0.5145,2.7869
3065,5,8,17,weather_driven,historically_calibrated,0.5278,0.089726,6.1093,8.0756,0.3992,1.5671
3066,5,8,18,weather_driven,historically_calibrated,0.7971,0.135507,8.0737,9.1587,0.2592,0.8257
3067,5,8,19,weather_driven,historically_calibrated,1.064674,0.180995,9.646,10.2279,0.1439,0.4381
3068,5,8,20,weather_driven,historically_calibrated,1.201309,0.204222,10.3452,10.5917,0.0505,0.1959
3069,5,8,21,weather_driven,historically_calibrated,1.201343,0.204228,10.3454,10.4499,0.0013,0.1032
3070,5,8,22,weather_driven,historically_calibrated,1.170338,0.198957,10.1919,10.2569,0.0,0.065
3071,5,8,23,weather_driven,historically_calibrated,1.135852,0.193095,10.0177,10.0634,0.0,0.0457
3072,5,8,24,weather_driven,historically_calibrated,0.828679,0.140875,8.2759,8.2762,0.0,0.0003
3073,5,9,1,weather_driven,historically_calibrated,0.806275,0.137067,8.133,8.1344,0.0,0.0014
3074,5,9,2,weather_driven,historically_calibrated,0.818876,0.139209,8.2136,8.3028,0.0,0.0892
3075,5,9,3,weather_driven,historically_calibrated,0.852082,0.144854,8.4225,8.4875,0.0,0.065
3076,5,9,4,weather_driven,historically_calibrated,0.891386,0.151536,8.663,8.6741,0.0,0.0111
3077,5,9,5,weather_driven,historically_calibrated,0.952369,0.161903,9.0226,9.0283,0.0,0.0057
3078,5,9,6,weather_driven,historically_calibrated,0.993076,0.168823,9.2541,9.2895,0.0272,0.0081
3079,5,9,7,weather_driven,historically_calibrated,1.351807,0.229807,11.0517,11.2398,0.1231,0.065
3080,5,9,8,weather_driven,historically_calibrated,1.160718,0.197322,10.1437,11.0472,0.2424,0.6611
3081,5,9,9,weather_driven,historically_calibrated,1.063961,0.180873,9.6422,10.6127,0.359,0.6116
3082,5,9,10,weather_driven,historically_calibrated,0.869314,0.147783,8.5288,9.9603,0.4821,0.9494
3083,5,9,11,weather_driven,historically_calibrated,0.763837,0.129852,7.8552,9.1874,0.7206,0.6116
3084,5,9,12,weather_driven,historically_calibrated,0.516754,0.087848,6.0176,8.5476,0.775,1.755
3085,5,9,13,weather_driven,historically_calibrated,0.37468,0.063696,4.7366,8.0375,0.7711,2.5298
3086,5,9,14,weather_driven,historically_calibrated,0.316514,0.053807,4.1479,7.6865,0.7517,2.7869
3087,5,9,15,weather_driven,historically_calibrated,0.300773,0.051131,3.981,7.8942,0.7089,3.2043
3088,5,9,16,weather_driven,historically_calibrated,0.423989,0.072078,5.2044,8.371,0.3797,2.7869
3089,5,9,17,weather_driven,historically_calibrated,0.555844,0.094493,6.3374,9.0027,0.2579,2.4074
3090,5,9,18,weather_driven,historically_calibrated,0.730594,0.124201,7.6308,10.1739,0.254,2.289
3091,5,9,19,weather_driven,historically_calibrated,0.769877,0.130879,7.8953,10.1071,0.1477,2.0641
3092,5,9,20,weather_driven,historically_calibrated,1.001616,0.170275,9.3019,10.2334,0.0454,0.8861
3093,5,9,21,weather_driven,historically_calibrated,1.468875,0.249709,11.5618,11.7825,0.0013,0.2194
3094,5,9,22,weather_driven,historically_calibrated,1.299731,0.220954,10.8141,10.8689,0.0,0.0548
3095,5,9,23,weather_driven,historically_calibrated,1.264349,0.214939,10.6486,10.6511,0.0,0.0024
3096,5,9,24,weather_driven,historically_calibrated,0.898183,0.152691,8.7039,8.7042,0.0,0.0003
3097,5,10,1,weather_driven,historically_calibrated,0.884298,0.150331,8.6201,8.6215,0.0,0.0014
3098,5,10,2,weather_driven,historically_calibrated,0.899002,0.15283,8.7088,8.7091,0.0,0.0003
3099,5,10,3,weather_driven,historically_calibrated,0.937363,0.159352,8.9356,8.9356,0.0,0.0
3100,5,10,4,weather_driven,historically_calibrated,0.963143,0.163734,9.0845,9.0845,0.0,0.0
3101,5,10,5,weather_driven,historically_calibrated,0.997462,0.169569,9.2787,9.2787,0.0,0.0
3102,5,10,6,weather_driven,historically_calibrated,1.056673,0.179634,9.6031,9.6329,0.0298,0.0
3103,5,10,7,weather_driven,historically_calibrated,1.429606,0.243033,11.3942,11.507,0.1128,0.0
3104,5,10,8,weather_driven,historically_calibrated,1.286483,0.218702,10.7526,10.9923,0.2398,0.0
3105,5,10,9,weather_driven,historically_calibrated,1.094652,0.186091,9.8046,10.2245,0.4199,0.0
3106,5,10,10,weather_driven,historically_calibrated,0.949279,0.161377,9.0048,9.6308,0.626,0.0001
3107,5,10,11,weather_driven,historically_calibrated,0.786717,0.133742,8.0061,8.8121,0.7867,0.0193
3108,5,10,12,weather_driven,historically_calibrated,0.658592,0.111961,7.1225,8.129,0.9033,0.1032
3109,5,10,13,weather_driven,historically_calibrated,0.562213,0.095576,6.3883,7.5202,0.9577,0.1741
3110,5,10,14,weather_driven,historically_calibrated,0.538114,0.091479,6.1939,7.3735,0.8787,0.3009
3111,5,10,15,weather_driven,historically_calibrated,0.353686,0.060127,4.529,7.5192,0.7011,2.289
3112,5,10,16,weather_driven,historically_calibrated,0.681545,0.115863,7.288,7.87,0.5443,0.0376
3113,5,10,17,weather_driven,historically_calibrated,0.437932,0.074448,5.3319,8.5971,0.3434,2.9217
3114,5,10,18,weather_driven,historically_calibrated,0.552347,0.093899,6.3093,9.1587,0.1931,2.6563
3115,5,10,19,weather_driven,historically_calibrated,0.764523,0.129969,7.8598,9.926,0.1089,1.9573
3116,5,10,20,weather_driven,historically_calibrated,0.901077,0.153183,8.7212,10.2334,0.0337,1.4784
3117,5,10,21,weather_driven,historically_calibrated,0.89312,0.15183,8.6734,10.334,0.0013,1.6593
3118,5,10,22,weather_driven,historically_calibrated,0.815617,0.138655,8.1929,10.2569,0.0,2.0641
3119,5,10,23,weather_driven,historically_calibrated,0.793301,0.134861,8.0491,10.2237,0.0,2.1746
3120,5,10,24,weather_driven,historically_calibrated,0.514305,0.087432,5.9972,8.4046,0.0,2.4074
3121,5,11,1,weather_driven,historically_calibrated,0.427418,0.072661,5.2359,8.2968,0.0,3.0608
3122,5,11,2,weather_driven,historically_calibrated,0.472276,0.080287,5.6378,8.4247,0.0,2.7869
3123,5,11,3,weather_driven,historically_calibrated,0.448434,0.076234,5.4267,8.4875,0.0,3.0608
3124,5,11,4,weather_driven,historically_calibrated,0.432334,0.073497,5.281,8.6331,0.0,3.3521
3125,5,11,5,weather_driven,historically_calibrated,0.440691,0.074917,5.3569,8.8614,0.0,3.5045
3126,5,11,6,weather_driven,historically_calibrated,0.280755,0.047728,3.7637,9.0748,0.022,5.2891
3127,5,11,7,weather_driven,historically_calibrated,0.408796,0.069495,5.0631,11.0795,0.0933,5.9231
3128,5,11,8,weather_driven,historically_calibrated,0.233024,0.039614,3.2208,10.9923,0.1763,7.5953
3129,5,11,9,weather_driven,historically_calibrated,0.171527,0.02916,2.4633,10.8346,0.2462,8.125
3130,5,11,10,weather_driven,historically_calibrated,0.167803,0.028527,2.4151,10.3448,0.3344,7.5953
3131,5,11,11,weather_driven,historically_calibrated,0.095767,0.01628,1.4215,9.9379,0.3914,8.125
3132,5,11,12,weather_driven,historically_calibrated,0.064183,0.010911,0.9445,9.4894,0.4199,8.125
3133,5,11,13,weather_driven,historically_calibrated,0.029267,0.004975,0.3825,8.917,0.4095,8.125
3134,5,11,14,weather_driven,historically_calibrated,0.019695,0.003348,0.2214,8.7818,0.4355,8.125
3135,5,11,15,weather_driven,historically_calibrated,0.028629,0.004867,0.3718,8.8584,0.3616,8.125
3136,5,11,16,weather_driven,historically_calibrated,0.067878,0.011539,1.0018,9.4288,0.302,8.125
3137,5,11,17,weather_driven,historically_calibrated,0.121422,0.020642,1.7895,10.1037,0.1892,8.125
3138,5,11,18,weather_driven,historically_calibrated,0.159175,0.02706,2.3023,10.5919,0.1646,8.125
3139,5,11,19,weather_driven,historically_calibrated,0.216755,0.036848,3.0272,11.2545,0.1024,8.125
3140,5,11,20,weather_driven,historically_calibrated,0.241927,0.041128,3.3248,11.4874,0.0376,8.125
3141,5,11,21,weather_driven,historically_calibrated,0.240527,0.04089,3.3086,11.4349,0.0013,8.125
3142,5,11,22,weather_driven,historically_calibrated,0.216332,0.036776,3.0221,11.1471,0.0,8.125
3143,5,11,23,weather_driven,historically_calibrated,0.189042,0.032137,2.6863,10.8113,0.0,8.125
3144,5,11,24,weather_driven,historically_calibrated,0.046502,0.007905,0.6648,8.7898,0.0,8.125
3145,5,12,1,weather_driven,historically_calibrated,-0.010305,-0.001752,-0.3052,7.8198,0.0,8.125
3146,5,12,2,weather_driven,historically_calibrated,-0.012048,-0.002048,-0.3369,7.7881,0.0,8.125
3147,5,12,3,weather_driven,historically_calibrated,-0.000177,-3e-05,-0.1236,7.7336,0.0,7.8572
3148,5,12,4,weather_driven,historically_calibrated,0.064326,0.010935,0.9468,7.7914,0.0,6.8447
3149,5,12,5,weather_driven,historically_calibrated,0.12327,0.020956,1.8153,7.9605,0.0,6.1452
3150,5,12,6,weather_driven,historically_calibrated,0.09688,0.01647,1.4379,8.0723,0.0285,6.6059
3151,5,12,7,weather_driven,historically_calibrated,0.101145,0.017195,1.5001,9.7508,0.1257,8.125
3152,5,12,8,weather_driven,historically_calibrated,0.08992,0.015286,1.3353,9.7092,0.2488,8.125
3153,5,12,9,weather_driven,historically_calibrated,0.074223,0.012618,1.0992,9.3555,0.3992,7.8572
3154,5,12,10,weather_driven,historically_calibrated,0.026948,0.004581,0.3437,8.5067,0.5676,7.5953
3155,5,12,11,weather_driven,historically_calibrated,-0.048707,-0.00828,-1.0332,7.7618,0.67,8.125
3156,5,12,12,weather_driven,historically_calibrated,-0.090597,-0.015401,-1.9093,6.9492,0.7335,8.125
3157,5,12,13,weather_driven,historically_calibrated,-0.066653,-0.011331,-1.3971,7.109,0.381,8.125
3158,5,12,14,weather_driven,historically_calibrated,-0.097333,-0.016547,-2.0595,6.6397,0.5741,8.125
3159,5,12,15,weather_driven,historically_calibrated,-0.09308,-0.015824,-1.9644,6.7205,0.5599,8.125
3160,5,12,16,weather_driven,historically_calibrated,-0.063115,-0.01073,-1.324,7.1379,0.337,8.125
3161,5,12,17,weather_driven,historically_calibrated,-0.057169,-0.009719,-1.2027,7.2696,0.3473,8.125
3162,5,12,18,weather_driven,historically_calibrated,-0.040471,-0.00688,-0.8715,7.492,0.2385,8.125
3163,5,12,19,weather_driven,historically_calibrated,-0.025975,-0.004416,-0.5945,7.6873,0.1568,8.125
3164,5,12,20,weather_driven,historically_calibrated,0.001735,0.000295,-0.0898,8.0961,0.0609,8.125
3165,5,12,21,weather_driven,historically_calibrated,0.006494,0.001104,-0.0062,8.1214,0.0026,8.125
3166,5,12,22,weather_driven,historically_calibrated,0.002822,0.00048,-0.0706,8.0544,0.0,8.125
3167,5,12,23,weather_driven,historically_calibrated,0.073394,0.012477,1.0866,7.9312,0.0,6.8447
3168,5,12,24,weather_driven,historically_calibrated,-0.038216,-0.006497,-0.8278,6.5115,0.0,7.3393
3169,5,13,1,weather_driven,historically_calibrated,-0.023026,-0.003914,-0.5392,6.5499,0.0,7.0891
3170,5,13,2,weather_driven,historically_calibrated,-0.069592,-0.011831,-1.4582,6.6668,0.0,8.125
3171,5,13,3,weather_driven,historically_calibrated,-0.034755,-0.005908,-0.7611,6.8341,0.0,7.5953
3172,5,13,4,weather_driven,historically_calibrated,-0.039808,-0.006767,-0.8586,6.9986,0.0,7.8572
3173,5,13,5,weather_driven,historically_calibrated,0.027207,0.004625,0.3481,7.1928,0.0,6.8447
3174,5,13,6,weather_driven,historically_calibrated,0.030109,0.005119,0.3965,7.5193,0.0337,7.0891
3175,5,13,7,weather_driven,historically_calibrated,0.144093,0.024496,2.1013,9.0626,0.1166,6.8447
3176,5,13,8,weather_driven,historically_calibrated,0.183486,0.031193,2.6163,9.0025,0.2411,6.1452
3177,5,13,9,weather_driven,historically_calibrated,0.207927,0.035348,2.9201,8.5902,0.381,5.2891
3178,5,13,10,weather_driven,historically_calibrated,0.187304,0.031842,2.6645,7.8498,0.4834,4.702
3179,5,13,11,weather_driven,historically_calibrated,0.080505,0.013686,1.1945,6.726,0.6389,4.8926
3180,5,13,12,weather_driven,historically_calibrated,0.011229,0.001909,0.0762,6.5641,0.7815,5.7064
3181,5,13,13,weather_driven,historically_calibrated,-0.05994,-0.01019,-1.259,6.4902,0.9046,6.8447
3182,5,13,14,weather_driven,historically_calibrated,-0.098851,-0.016805,-2.0937,6.5437,0.7802,7.8572
3183,5,13,15,weather_driven,historically_calibrated,-0.095833,-0.016292,-2.0258,6.8146,0.7154,8.125
3184,5,13,16,weather_driven,historically_calibrated,-0.069891,-0.011881,-1.4645,7.245,0.5845,8.125
3185,5,13,17,weather_driven,historically_calibrated,-0.04783,-0.008131,-1.0158,7.5071,0.3979,8.125
3186,5,13,18,weather_driven,historically_calibrated,-0.040138,-0.006823,-0.865,7.492,0.232,8.125
3187,5,13,19,weather_driven,historically_calibrated,-0.029666,-0.005043,-0.6641,7.5762,0.1153,8.125
3188,5,13,20,weather_driven,historically_calibrated,0.027682,0.004706,0.356,7.4918,0.0467,7.0891
3189,5,13,21,weather_driven,historically_calibrated,0.105254,0.017893,1.5595,7.2686,0.0026,5.7064
3190,5,13,22,weather_driven,historically_calibrated,0.114406,0.019449,1.6905,6.9796,0.0,5.2891
3191,5,13,23,weather_driven,historically_calibrated,0.164085,0.027894,2.3667,6.7024,0.0,4.3358
3192,5,13,24,weather_driven,historically_calibrated,0.165682,0.028166,2.3875,5.4483,0.0,3.0608
3193,5,14,1,weather_driven,historically_calibrated,0.233243,0.039651,3.2234,6.1451,0.0,2.9217
3194,5,14,2,weather_driven,historically_calibrated,0.275081,0.046764,3.701,6.2308,0.0,2.5298
3195,5,14,3,weather_driven,historically_calibrated,0.302797,0.051475,4.0027,6.4101,0.0,2.4074
3196,5,14,4,weather_driven,historically_calibrated,0.36072,0.061322,4.5992,6.6632,0.0,2.0641
3197,5,14,5,weather_driven,historically_calibrated,0.417593,0.070991,5.1452,6.9002,0.0,1.755
3198,5,14,6,weather_driven,historically_calibrated,0.466824,0.07936,5.59,7.1857,0.0285,1.5671
3199,5,14,7,weather_driven,historically_calibrated,0.626219,0.106457,6.8832,8.4615,0.0998,1.4784
3200,5,14,8,weather_driven,historically_calibrated,0.604435,0.102754,6.7181,8.0298,0.2268,1.0848
3201,5,14,9,weather_driven,historically_calibrated,0.50517,0.085879,5.9204,7.5625,0.4095,1.2326
3202,5,14,10,weather_driven,historically_calibrated,0.425181,0.072281,5.2154,7.489,0.6143,1.6593
3203,5,14,11,weather_driven,historically_calibrated,0.323501,0.054995,4.2209,7.3109,0.8009,2.289
3204,5,14,12,weather_driven,historically_calibrated,0.351487,0.059753,4.507,7.4013,0.937,1.9573
3205,5,14,13,weather_driven,historically_calibrated,0.41541,0.07062,5.1249,8.1739,0.985,2.0641
3206,5,14,14,weather_driven,historically_calibrated,0.407163,0.069218,5.0478,8.5068,0.9292,2.5298
3207,5,14,15,weather_driven,historically_calibrated,0.517006,0.087891,6.0197,8.873,0.7893,2.0641
3208,5,14,16,weather_driven,historically_calibrated,0.689794,0.117265,7.3467,9.2567,0.5988,1.3112
3209,5,14,17,weather_driven,historically_calibrated,0.780621,0.132706,7.9662,9.598,0.3992,1.2326
3210,5,14,18,weather_driven,historically_calibrated,0.811558,0.137965,8.1669,9.5495,0.2255,1.1571
3211,5,14,19,weather_driven,historically_calibrated,0.683283,0.116158,7.3004,8.235,0.1089,0.8257
3212,5,14,20,weather_driven,historically_calibrated,0.71681,0.121858,7.5359,8.1433,0.0428,0.5645
3213,5,14,21,weather_driven,historically_calibrated,0.674406,0.114649,7.2369,7.9006,0.0026,0.6611
3214,5,14,22,weather_driven,historically_calibrated,0.62488,0.10623,6.8732,7.5865,0.0,0.7133
3215,5,14,23,weather_driven,historically_calibrated,0.592227,0.100679,6.6241,7.2853,0.0,0.6611
3216,5,14,24,weather_driven,historically_calibrated,0.409355,0.06959,5.0684,5.8365,0.0,0.7682
3217,5,15,1,weather_driven,historically_calibrated,0.416553,0.070814,5.1356,5.5361,0.0,0.4005
3218,5,15,2,weather_driven,historically_calibrated,0.421706,0.07169,5.1833,5.6214,0.0,0.4381
3219,5,15,3,weather_driven,historically_calibrated,0.508241,0.086401,5.9463,6.1657,0.0,0.2194
3220,5,15,4,weather_driven,historically_calibrated,0.537172,0.091319,6.1862,6.458,0.0,0.2718
3221,5,15,5,weather_driven,historically_calibrated,0.589024,0.100134,6.5993,6.9002,0.0,0.3009
3222,5,15,6,weather_driven,historically_calibrated,0.613631,0.104317,6.7882,7.0139,0.0298,0.1959
3223,5,15,7,weather_driven,historically_calibrated,0.712941,0.1212,7.5091,7.7669,0.1037,0.1541
3224,5,15,8,weather_driven,historically_calibrated,0.63954,0.108722,6.9825,7.4812,0.2268,0.2718
3225,5,15,9,weather_driven,historically_calibrated,0.618981,0.105227,6.8287,7.5625,0.4018,0.332
3226,5,15,10,weather_driven,historically_calibrated,0.611095,0.103886,6.769,7.489,0.6013,0.1187
3227,5,15,11,weather_driven,historically_calibrated,0.633187,0.107642,6.9353,7.7544,0.7815,0.0376
3228,5,15,12,weather_driven,historically_calibrated,0.662786,0.112674,7.153,8.0672,0.9085,0.0057
3229,5,15,13,weather_driven,historically_calibrated,0.757163,0.128718,7.8107,8.7665,0.9552,0.0007
3230,5,15,14,weather_driven,historically_calibrated,0.81229,0.138089,8.1716,9.0711,0.8994,0.0001
3231,5,15,15,weather_driven,historically_calibrated,0.895956,0.152313,8.6905,9.4526,0.762,0.0
3232,5,15,16,weather_driven,historically_calibrated,1.003701,0.170629,9.3135,9.8944,0.5806,0.0003
3233,5,15,17,weather_driven,historically_calibrated,1.102375,0.187404,9.845,10.2986,0.3771,0.0764
3234,5,15,18,weather_driven,historically_calibrated,1.069475,0.181811,9.6716,10.4996,0.2164,0.6116
3235,5,15,19,weather_driven,historically_calibrated,0.928811,0.157898,8.8856,8.9652,0.0648,0.0148
3236,5,15,20,weather_driven,historically_calibrated,0.837237,0.14233,8.3298,8.3713,0.0415,0.0
3237,5,15,21,weather_driven,historically_calibrated,0.770483,0.130982,7.8993,7.9006,0.0013,0.0
3238,5,15,22,weather_driven,historically_calibrated,0.724131,0.123102,7.5865,7.5865,0.0,0.0
3239,5,15,23,weather_driven,historically_calibrated,0.681158,0.115797,7.2853,7.2853,0.0,0.0
3240,5,15,24,weather_driven,historically_calibrated,0.495285,0.084198,5.8365,5.8365,0.0,0.0
3241,5,16,1,weather_driven,historically_calibrated,0.460711,0.078321,5.5361,5.5361,0.0,0.0
3242,5,16,2,weather_driven,historically_calibrated,0.461167,0.078398,5.5401,5.5401,0.0,0.0
3243,5,16,3,weather_driven,historically_calibrated,0.46281,0.078678,5.5546,5.5546,0.0,0.0
3244,5,16,4,weather_driven,historically_calibrated,0.467529,0.07948,5.5962,5.5962,0.0,0.0
3245,5,16,5,weather_driven,historically_calibrated,0.478278,0.081307,5.6901,5.6901,0.0,0.0
3246,5,16,6,weather_driven,historically_calibrated,0.492712,0.083761,5.8145,5.8547,0.0402,0.0
3247,5,16,7,weather_driven,historically_calibrated,0.662438,0.112614,7.1505,7.286,0.1348,0.0007
3248,5,16,8,weather_driven,historically_calibrated,0.672135,0.114263,7.2206,7.4812,0.2605,0.0001
3249,5,16,9,weather_driven,historically_calibrated,0.667208,0.113425,7.185,7.5625,0.3694,0.0081
3250,5,16,10,weather_driven,historically_calibrated,0.696508,0.118406,7.3941,8.0482,0.5508,0.1032
3251,5,16,11,weather_driven,historically_calibrated,0.700549,0.119093,7.4226,8.3003,0.6584,0.2194
3252,5,16,12,weather_driven,historically_calibrated,0.677995,0.115259,7.2626,8.4002,0.6597,0.4779
3253,5,16,13,weather_driven,historically_calibrated,0.66442,0.112951,7.1649,8.9311,0.6091,1.1571
3254,5,16,14,weather_driven,historically_calibrated,0.657461,0.111768,7.1143,9.3366,0.7439,1.4784
3255,5,16,15,weather_driven,historically_calibrated,0.813241,0.138251,8.1777,9.7253,0.7219,0.8257
3256,5,16,16,weather_driven,historically_calibrated,0.885455,0.150527,8.6272,10.0361,0.5832,0.8257
3257,5,16,17,weather_driven,historically_calibrated,0.990859,0.168446,9.2417,10.2248,0.4186,0.5645
3258,5,16,18,weather_driven,historically_calibrated,1.007467,0.171269,9.3344,10.2716,0.276,0.6611
3259,5,16,19,weather_driven,historically_calibrated,0.867916,0.147546,8.5202,8.8499,0.1555,0.1741
3260,5,16,20,weather_driven,historically_calibrated,0.599983,0.101997,6.684,8.1433,0.0661,1.3932
3261,5,16,21,weather_driven,historically_calibrated,0.681146,0.115795,7.2852,7.9006,0.0039,0.6116
3262,5,16,22,weather_driven,historically_calibrated,0.656685,0.111636,7.1086,7.5865,0.0,0.4779
3263,5,16,23,weather_driven,historically_calibrated,0.547434,0.093064,6.2696,7.2853,0.0,1.0156
3264,5,16,24,weather_driven,historically_calibrated,0.453419,0.077081,5.4713,5.8365,0.0,0.3652
3265,5,17,1,weather_driven,historically_calibrated,0.454545,0.077273,5.4813,5.5361,0.0,0.0548
3266,5,17,2,weather_driven,historically_calibrated,0.461157,0.078397,5.54,5.5401,0.0,0.0001
3267,5,17,3,weather_driven,historically_calibrated,0.462537,0.078631,5.5522,5.5546,0.0,0.0024
3268,5,17,4,weather_driven,historically_calibrated,0.410194,0.069733,5.0762,5.5962,0.0,0.52
3269,5,17,5,weather_driven,historically_calibrated,0.480208,0.081635,5.7069,6.1074,0.0,0.4005
3270,5,17,6,weather_driven,historically_calibrated,0.522689,0.088857,6.067,6.3699,0.0311,0.2718
3271,5,17,7,weather_driven,historically_calibrated,0.613804,0.104347,6.7895,7.286,0.0959,0.4005
3272,5,17,8,weather_driven,historically_calibrated,0.585204,0.099485,6.5696,7.4812,0.1983,0.7133
3273,5,17,9,weather_driven,historically_calibrated,0.526273,0.089466,6.0967,7.5625,0.381,1.0848
3274,5,17,10,weather_driven,historically_calibrated,0.488201,0.082994,5.7758,7.489,0.556,1.1571
3275,5,17,11,weather_driven,historically_calibrated,0.428556,0.072854,5.2464,7.3109,0.6713,1.3932
3276,5,17,12,weather_driven,historically_calibrated,0.42537,0.072313,5.2171,7.1349,0.4393,1.4784
3277,5,17,13,weather_driven,historically_calibrated,0.390814,0.066438,4.8927,7.0546,0.4069,1.755
3278,5,17,14,weather_driven,historically_calibrated,0.383589,0.06521,4.8232,7.1127,0.2255,2.0641
3279,5,17,15,weather_driven,historically_calibrated,0.493609,0.083914,5.8222,7.3049,0.2501,1.2326
3280,5,17,16,weather_driven,historically_calibrated,0.377726,0.064213,4.7663,7.5916,0.2955,2.5298
3281,5,17,17,weather_driven,historically_calibrated,0.52879,0.089894,6.1174,7.9017,0.3059,1.4784
3282,5,17,18,weather_driven,historically_calibrated,0.637214,0.108326,6.9653,8.1434,0.0933,1.0848
3283,5,17,19,weather_driven,historically_calibrated,0.721786,0.122704,7.5703,8.235,0.0531,0.6116
3284,5,17,20,weather_driven,historically_calibrated,0.780421,0.132671,7.9649,8.1433,0.0428,0.1356
3285,5,17,21,weather_driven,historically_calibrated,0.767187,0.130422,7.8775,7.9006,0.0039,0.0193
3286,5,17,22,weather_driven,historically_calibrated,0.704587,0.11978,7.4509,7.5865,0.0,0.1356
3287,5,17,23,weather_driven,historically_calibrated,0.659783,0.112163,7.1312,7.2853,0.0,0.1541
3288,5,17,24,weather_driven,historically_calibrated,0.47952,0.081518,5.7009,5.8365,0.0,0.1356
3289,5,18,1,weather_driven,historically_calibrated,0.443467,0.075389,5.382,5.5361,0.0,0.1541
3290,5,18,2,weather_driven,historically_calibrated,0.445966,0.075814,5.4045,5.5401,0.0,0.1356
3291,5,18,3,weather_driven,historically_calibrated,0.445527,0.07574,5.4006,5.5546,0.0,0.1541
3292,5,18,4,weather_driven,historically_calibrated,0.447918,0.076146,5.4221,5.5962,0.0,0.1741
3293,5,18,5,weather_driven,historically_calibrated,0.45844,0.077935,5.516,5.6901,0.0,0.1741
3294,5,18,6,weather_driven,historically_calibrated,0.458173,0.077889,5.5136,5.8547,0.0402,0.3009
3295,5,18,7,weather_driven,historically_calibrated,0.615728,0.104674,6.8041,7.286,0.1166,0.3652
3296,5,18,8,weather_driven,historically_calibrated,0.613111,0.104229,6.7843,7.4812,0.219,0.4779
3297,5,18,9,weather_driven,historically_calibrated,0.652715,0.110961,7.0796,7.5625,0.3473,0.1356
3298,5,18,10,weather_driven,historically_calibrated,0.643429,0.109383,7.0113,7.489,0.359,0.1187
3299,5,18,11,weather_driven,historically_calibrated,0.605821,0.10299,6.7287,7.3109,0.2812,0.3009
3300,5,18,12,weather_driven,historically_calibrated,0.614529,0.10447,6.795,7.1349,0.2851,0.0548
3301,5,18,13,weather_driven,historically_calibrated,0.616014,0.104722,6.8063,7.0546,0.2177,0.0306
3302,5,18,14,weather_driven,historically_calibrated,0.610975,0.103866,6.768,7.1127,0.3408,0.0038
3303,5,18,15,weather_driven,historically_calibrated,0.601681,0.102286,6.697,7.3049,0.2074,0.4005
3304,5,18,16,weather_driven,historically_calibrated,0.517596,0.087991,6.0246,7.5916,0.3344,1.2326
3305,5,18,17,weather_driven,historically_calibrated,0.565289,0.096099,6.4128,7.9017,0.3318,1.1571
3306,5,18,18,weather_driven,historically_calibrated,0.430507,0.073186,5.2643,8.1434,0.2229,2.6563
3307,5,18,19,weather_driven,historically_calibrated,0.593767,0.10094,6.636,8.235,0.1205,1.4784
3308,5,18,20,weather_driven,historically_calibrated,0.643489,0.109393,7.0117,8.1433,0.0467,1.0848
3309,5,18,21,weather_driven,historically_calibrated,0.634975,0.107946,6.9486,7.9006,0.0026,0.9494
3310,5,18,22,weather_driven,historically_calibrated,0.610014,0.103702,6.7607,7.5865,0.0,0.8257
3311,5,18,23,weather_driven,historically_calibrated,0.598646,0.10177,6.6737,7.2853,0.0,0.6116
3312,5,18,24,weather_driven,historically_calibrated,0.461975,0.078536,5.5473,5.8793,0.0,0.332
3313,5,19,1,weather_driven,historically_calibrated,0.428658,0.072872,5.2473,5.4667,0.0,0.2194
3314,5,19,2,weather_driven,historically_calibrated,0.448663,0.076273,5.4288,5.5828,0.0,0.1541
3315,5,19,3,weather_driven,historically_calibrated,0.466959,0.079383,5.5912,5.7099,0.0,0.1187
3316,5,19,4,weather_driven,historically_calibrated,0.491064,0.083481,5.8004,5.9036,0.0,0.1032
3317,5,19,5,weather_driven,historically_calibrated,0.546756,0.092949,6.2642,6.3098,0.0,0.0457
3318,5,19,6,weather_driven,historically_calibrated,0.569387,0.096796,6.4453,6.4923,0.0389,0.0081
3319,5,19,7,weather_driven,historically_calibrated,0.719634,0.122338,7.5555,7.6862,0.1063,0.0245
3320,5,19,8,weather_driven,historically_calibrated,0.638062,0.108471,6.9716,7.4883,0.2449,0.2718
3321,5,19,9,weather_driven,historically_calibrated,0.542104,0.092158,6.2264,7.1106,0.3642,0.52
3322,5,19,10,weather_driven,historically_calibrated,0.444601,0.075582,5.3922,6.8899,0.5482,0.9494
3323,5,19,11,weather_driven,historically_calibrated,0.418317,0.071114,5.1519,6.726,0.6247,0.9494
3324,5,19,12,weather_driven,historically_calibrated,0.400688,0.068117,4.9867,6.5641,0.7517,0.8257
3325,5,19,13,weather_driven,historically_calibrated,0.406377,0.069084,5.0404,6.4902,0.6817,0.7682
3326,5,19,14,weather_driven,historically_calibrated,0.440903,0.074953,5.3589,6.5437,0.6648,0.52
3327,5,19,15,weather_driven,historically_calibrated,0.473969,0.080575,5.6526,6.7205,0.6299,0.4381
3328,5,19,16,weather_driven,historically_calibrated,0.488698,0.083079,5.7801,6.9843,0.543,0.6611
3329,5,19,17,weather_driven,historically_calibrated,0.537418,0.091361,6.1882,7.2696,0.3681,0.7133
3330,5,19,18,weather_driven,historically_calibrated,0.641803,0.109106,6.9993,7.492,0.2968,0.1959
3331,5,19,19,weather_driven,historically_calibrated,0.705538,0.119941,7.4575,7.5762,0.0881,0.0306
3332,5,19,20,weather_driven,historically_calibrated,0.701546,0.119263,7.4296,7.4918,0.0246,0.0376
3333,5,19,21,weather_driven,historically_calibrated,0.677147,0.115115,7.2566,7.2686,0.0039,0.0081
3334,5,19,22,weather_driven,historically_calibrated,0.639097,0.108646,6.9793,6.9796,0.0,0.0003
3335,5,19,23,weather_driven,historically_calibrated,0.615282,0.104598,6.8007,6.8007,0.0,0.0
3336,5,19,24,weather_driven,historically_calibrated,0.468625,0.079666,5.6058,5.6058,0.0,0.0
3337,5,20,1,weather_driven,historically_calibrated,0.491349,0.083529,5.8029,5.8029,0.0,0.0
3338,5,20,2,weather_driven,historically_calibrated,0.527419,0.089661,6.1061,6.1061,0.0,0.0
3339,5,20,3,weather_driven,historically_calibrated,0.552372,0.093903,6.3095,6.3095,0.0,0.0
3340,5,20,4,weather_driven,historically_calibrated,0.591822,0.10061,6.621,6.621,0.0,0.0
3341,5,20,5,weather_driven,historically_calibrated,0.646711,0.109941,7.0355,7.0392,0.0013,0.0024
3342,5,20,6,weather_driven,historically_calibrated,0.669465,0.113809,7.2013,7.2428,0.0415,0.0
3343,5,20,7,weather_driven,historically_calibrated,0.807803,0.137327,8.1428,8.2761,0.1309,0.0024
3344,5,20,8,weather_driven,historically_calibrated,0.738224,0.125498,7.6829,7.9426,0.254,0.0057
3345,5,20,9,weather_driven,historically_calibrated,0.610149,0.103725,6.7618,7.3147,0.4173,0.1356
3346,5,20,10,weather_driven,historically_calibrated,0.51007,0.086712,5.9617,6.8899,0.5962,0.332
3347,5,20,11,weather_driven,historically_calibrated,0.465872,0.079198,5.5816,6.726,0.7063,0.4381
3348,5,20,12,weather_driven,historically_calibrated,0.387052,0.065799,4.8566,6.5641,0.7582,0.9494
3349,5,20,13,weather_driven,historically_calibrated,0.346026,0.058824,4.4519,6.4902,0.7271,1.3112
3350,5,20,14,weather_driven,historically_calibrated,0.315191,0.053582,4.134,6.5437,0.7504,1.6593
3351,5,20,15,weather_driven,historically_calibrated,0.374149,0.063605,4.7314,6.7205,0.5106,1.4784
3352,5,20,16,weather_driven,historically_calibrated,-0.072313,-0.012293,-1.5153,6.9843,0.3745,8.125
3353,5,20,17,weather_driven,historically_calibrated,0.336691,0.057238,4.357,7.2696,0.1257,2.7869
3354,5,20,18,weather_driven,historically_calibrated,0.575044,0.097758,6.49,7.492,0.1763,0.8257
3355,5,20,19,weather_driven,historically_calibrated,0.346557,0.058915,4.4573,8.3541,0.0739,3.8229
3356,5,20,20,weather_driven,historically_calibrated,0.477066,0.081101,5.6796,8.4807,0.0143,2.7869
3357,5,20,21,weather_driven,historically_calibrated,0.855921,0.145506,8.4463,8.4946,0.0026,0.0457
3358,5,20,22,weather_driven,historically_calibrated,0.072534,0.012331,1.0734,8.4127,0.0,7.3393
3359,5,20,23,weather_driven,historically_calibrated,0.213713,0.036331,2.9904,8.0787,0.0,5.0882
3360,5,20,24,weather_driven,historically_calibrated,0.140867,0.023947,2.0576,6.3934,0.0,4.3358
3361,5,21,1,weather_driven,historically_calibrated,0.020161,0.003427,0.2293,6.8352,0.0,6.6059
3362,5,21,2,weather_driven,historically_calibrated,0.073825,0.01255,1.0931,6.7996,0.0,5.7064
3363,5,21,3,weather_driven,historically_calibrated,-0.038646,-0.00657,-0.8361,7.0211,0.0,7.8572
3364,5,21,4,weather_driven,historically_calibrated,-0.026267,-0.004465,-0.6,7.525,0.0,8.125
3365,5,21,5,weather_driven,historically_calibrated,0.022248,0.003782,0.2647,7.8599,0.0,7.5953
3366,5,21,6,weather_driven,historically_calibrated,0.096702,0.016439,1.4353,8.302,0.022,6.8447
3367,5,21,7,weather_driven,historically_calibrated,0.200893,0.034152,2.8338,10.2781,0.105,7.3393
3368,5,21,8,weather_driven,historically_calibrated,0.216533,0.036811,3.0245,10.0597,0.1905,6.8447
3369,5,21,9,weather_driven,historically_calibrated,0.201252,0.034213,2.8382,9.7254,0.2812,6.6059
3370,5,21,10,weather_driven,historically_calibrated,0.217622,0.036996,3.0376,10.0702,0.1879,6.8447
3371,5,21,11,weather_driven,historically_calibrated,0.233155,0.039636,3.2223,10.3132,0.2462,6.8447
3372,5,21,12,weather_driven,historically_calibrated,0.301553,0.051264,3.9894,9.8034,0.1076,5.7064
3373,5,21,13,weather_driven,historically_calibrated,0.069515,0.011817,1.027,9.3309,0.1788,8.125
3374,5,21,14,weather_driven,historically_calibrated,0.107293,0.01824,1.5889,9.8772,0.1633,8.125
3375,5,21,15,weather_driven,historically_calibrated,0.123384,0.020975,1.8169,10.1441,0.2022,8.125
3376,5,21,16,weather_driven,historically_calibrated,0.144659,0.024592,2.1089,10.3752,0.1413,8.125
3377,5,21,17,weather_driven,historically_calibrated,0.176857,0.030066,2.5318,10.7411,0.0842,8.125
3378,5,21,18,weather_driven,historically_calibrated,0.302712,0.051461,4.0018,10.8905,0.0441,6.8447
3379,5,21,19,weather_driven,historically_calibrated,0.726777,0.123552,7.6047,11.1338,0.0246,3.5045
3380,5,21,20,weather_driven,historically_calibrated,0.820238,0.13944,8.2223,10.8902,0.0117,2.6563
3381,5,21,21,weather_driven,historically_calibrated,1.023273,0.173956,9.4217,10.5078,0.0013,1.0848
3382,5,21,22,weather_driven,historically_calibrated,1.015104,0.172568,9.3767,10.09,0.0,0.7133
3383,5,21,23,weather_driven,historically_calibrated,1.047519,0.178078,9.5538,9.6894,0.0,0.1356
3384,5,21,24,weather_driven,historically_calibrated,0.75989,0.129181,7.8289,7.8482,0.0,0.0193
3385,5,22,1,weather_driven,historically_calibrated,0.72942,0.124001,7.6228,7.6878,0.0,0.065
3386,5,22,2,weather_driven,historically_calibrated,0.776208,0.131955,7.9372,7.9372,0.0,0.0
3387,5,22,3,weather_driven,historically_calibrated,0.791822,0.13461,8.0394,8.0394,0.0,0.0
3388,5,22,4,weather_driven,historically_calibrated,0.807467,0.137269,8.1406,8.1406,0.0,0.0
3389,5,22,5,weather_driven,historically_calibrated,0.829545,0.141023,8.2813,8.319,0.0,0.0376
3390,5,22,6,weather_driven,historically_calibrated,0.804809,0.136817,8.1235,8.4737,0.0181,0.332
3391,5,22,7,weather_driven,historically_calibrated,1.0311,0.175287,9.4646,10.2781,0.0454,0.7682
3392,5,22,8,weather_driven,historically_calibrated,1.056383,0.179585,9.6016,10.334,0.0713,0.6611
3393,5,22,9,weather_driven,historically_calibrated,0.803895,0.136662,8.1176,9.6145,0.1037,1.3932
3394,5,22,10,weather_driven,historically_calibrated,0.720569,0.122497,7.5619,8.9718,0.2527,1.1571
3395,5,22,11,weather_driven,historically_calibrated,0.589506,0.100216,6.603,7.7398,0.4756,0.6611
3396,5,22,12,weather_driven,historically_calibrated,0.520724,0.088523,6.0507,7.1349,0.5197,0.5645
3397,5,22,13,weather_driven,historically_calibrated,0.516061,0.08773,6.0118,7.0546,0.4782,0.5645
3398,5,22,14,weather_driven,historically_calibrated,0.544738,0.092605,6.2478,7.1127,0.6908,0.1741
3399,5,22,15,weather_driven,historically_calibrated,0.580463,0.098679,6.5325,7.3049,0.696,0.0764
3400,5,22,16,weather_driven,historically_calibrated,0.642177,0.10917,7.0021,7.5916,0.5651,0.0245
3401,5,22,17,weather_driven,historically_calibrated,0.712321,0.121095,7.5048,7.9017,0.3888,0.0081
3402,5,22,18,weather_driven,historically_calibrated,0.770757,0.131029,7.9012,8.1434,0.2385,0.0038
3403,5,22,19,weather_driven,historically_calibrated,0.801802,0.136306,8.1041,8.235,0.1309,0.0
3404,5,22,20,weather_driven,historically_calibrated,0.807084,0.137204,8.1382,8.203,0.0648,0.0
3405,5,22,21,weather_driven,historically_calibrated,0.869747,0.147857,8.5315,8.538,0.0065,0.0
3406,5,22,22,weather_driven,historically_calibrated,0.87655,0.149014,8.573,8.5879,0.0,0.0148
3407,5,22,23,weather_driven,historically_calibrated,0.836476,0.142201,8.325,8.4606,0.0,0.1356
3408,5,22,24,weather_driven,historically_calibrated,0.593554,0.100904,6.6344,7.0349,0.0,0.4005
3409,5,23,1,weather_driven,historically_calibrated,0.583826,0.09925,6.5588,7.0788,0.0,0.52
3410,5,23,2,weather_driven,historically_calibrated,0.605527,0.10294,6.7265,7.2465,0.0,0.52
3411,5,23,3,weather_driven,historically_calibrated,0.65501,0.111352,7.0964,7.4284,0.0,0.332
3412,5,23,4,weather_driven,historically_calibrated,0.665019,0.113053,7.1692,7.6892,0.0,0.52
3413,5,23,5,weather_driven,historically_calibrated,0.712491,0.121123,7.506,7.9851,0.0013,0.4779
3414,5,23,6,weather_driven,historically_calibrated,0.776854,0.132065,7.9414,8.302,0.0285,0.332
3415,5,23,7,weather_driven,historically_calibrated,1.070171,0.181929,9.6753,10.0644,0.0881,0.3009
3416,5,23,8,weather_driven,historically_calibrated,1.095778,0.186282,9.8105,10.1145,0.1853,0.1187
3417,5,23,9,weather_driven,historically_calibrated,1.016317,0.172774,9.3834,9.8918,0.289,0.2194
3418,5,23,10,weather_driven,historically_calibrated,0.971629,0.165177,9.133,9.6308,0.302,0.1959
3419,5,23,11,weather_driven,historically_calibrated,0.893419,0.151881,8.6752,9.1874,0.3162,0.1959
3420,5,23,12,weather_driven,historically_calibrated,0.902814,0.153478,8.7316,9.2278,0.3421,0.1541
3421,5,23,13,weather_driven,historically_calibrated,0.850484,0.144582,8.4126,8.9688,0.3603,0.1959
3422,5,23,14,weather_driven,historically_calibrated,0.812873,0.138188,8.1753,9.0426,0.3473,0.52
3423,5,23,15,weather_driven,historically_calibrated,0.854236,0.14522,8.4359,9.287,0.3732,0.4779
3424,5,23,16,weather_driven,historically_calibrated,0.870629,0.148007,8.5369,9.3731,0.3162,0.52
3425,5,23,17,weather_driven,historically_calibrated,0.935552,0.159044,8.925,9.5822,0.2566,0.4005
3426,5,23,18,weather_driven,historically_calibrated,1.022882,0.17389,9.4195,9.9947,0.21,0.3652
3427,5,23,19,weather_driven,historically_calibrated,1.126111,0.191439,9.9678,10.4695,0.1011,0.4005
3428,5,23,20,weather_driven,historically_calibrated,1.187421,0.201862,10.2768,10.8305,0.0337,0.52
3429,5,23,21,weather_driven,historically_calibrated,1.175107,0.199768,10.2157,10.7396,0.0039,0.52
3430,5,23,22,weather_driven,historically_calibrated,1.121855,0.190715,9.946,10.4238,0.0,0.4779
3431,5,23,23,weather_driven,historically_calibrated,1.097343,0.186548,9.8187,10.0634,0.0,0.2447
3432,5,23,24,weather_driven,historically_calibrated,0.784814,0.133418,7.9937,8.1478,0.0,0.1541
3433,5,24,1,weather_driven,historically_calibrated,0.767989,0.130558,7.8828,7.972,0.0,0.0892
3434,5,24,2,weather_driven,historically_calibrated,0.750754,0.127628,7.7676,8.0997,0.0,0.332
3435,5,24,3,weather_driven,historically_calibrated,0.744154,0.126506,7.7231,8.2431,0.0,0.52
3436,5,24,4,weather_driven,historically_calibrated,0.765061,0.13006,7.8634,8.4279,0.0,0.5645
3437,5,24,5,weather_driven,historically_calibrated,0.825645,0.14036,8.2567,8.778,0.0013,0.52
3438,5,24,6,weather_driven,historically_calibrated,0.864889,0.147031,8.5016,9.0748,0.0531,0.52
3439,5,24,7,weather_driven,historically_calibrated,1.163683,0.197826,10.1586,11.0261,0.1542,0.7133
3440,5,24,8,weather_driven,historically_calibrated,1.121018,0.190573,9.9416,10.9923,0.2825,0.7682
3441,5,24,9,weather_driven,historically_calibrated,0.998767,0.16979,9.286,10.6127,0.4406,0.8861
3442,5,24,10,weather_driven,historically_calibrated,0.878608,0.149363,8.5856,9.9054,0.6065,0.7133
3443,5,24,11,weather_driven,historically_calibrated,0.800405,0.136069,8.0951,9.3482,0.6415,0.6116
3444,5,24,12,weather_driven,historically_calibrated,0.666849,0.113364,7.1824,8.4953,0.8748,0.4381
3445,5,24,13,weather_driven,historically_calibrated,0.597227,0.101529,6.6628,7.7789,0.7841,0.332
3446,5,24,14,weather_driven,historically_calibrated,0.511242,0.086911,5.9715,7.9994,0.7167,1.3112
3447,5,24,15,weather_driven,historically_calibrated,0.311899,0.053023,4.0993,8.3763,0.6156,3.6614
3448,5,24,16,weather_driven,historically_calibrated,0.459063,0.078041,5.5215,8.538,0.6091,2.4074
3449,5,24,17,weather_driven,historically_calibrated,0.405814,0.068988,5.0351,8.5391,0.4432,3.0608
3450,5,24,18,weather_driven,historically_calibrated,0.753264,0.128055,7.7845,9.8156,0.276,1.755
3451,5,24,19,weather_driven,historically_calibrated,0.904143,0.153704,8.7395,10.7714,0.1776,1.8543
3452,5,24,20,weather_driven,historically_calibrated,1.126944,0.191581,9.9721,11.0694,0.0816,1.0156
3453,5,24,21,weather_driven,historically_calibrated,1.310594,0.222801,10.8643,11.1452,0.0091,0.2718
3454,5,24,22,weather_driven,historically_calibrated,1.259784,0.214163,10.6271,11.1471,0.0,0.52
3455,5,24,23,weather_driven,historically_calibrated,1.275206,0.216785,10.6998,10.9716,0.0,0.2718
3456,5,24,24,weather_driven,historically_calibrated,0.900259,0.153044,8.7163,8.961,0.0,0.2447
3457,5,25,1,weather_driven,historically_calibrated,0.879011,0.149432,8.588,8.7839,0.0,0.1959
3458,5,25,2,weather_driven,historically_calibrated,0.927868,0.157738,8.88,9.0341,0.0,0.1541
3459,5,25,3,weather_driven,historically_calibrated,0.964243,0.163921,9.0908,9.18,0.0,0.0892
3460,5,25,4,weather_driven,historically_calibrated,0.93707,0.159302,8.9339,9.4539,0.0,0.52
3461,5,25,5,weather_driven,historically_calibrated,1.080606,0.183703,9.7307,9.8211,0.0013,0.0892
3462,5,25,6,weather_driven,historically_calibrated,1.12804,0.191767,9.9777,10.0623,0.0389,0.0457
3463,5,25,7,weather_driven,historically_calibrated,1.4956,0.254252,11.6739,11.881,0.1179,0.0892
3464,5,25,8,weather_driven,historically_calibrated,1.344884,0.22863,11.0205,11.4312,0.2566,0.1541
3465,5,25,9,weather_driven,historically_calibrated,1.172864,0.199387,10.2045,10.8346,0.4342,0.1959
3466,5,25,10,weather_driven,historically_calibrated,1.009318,0.171584,9.3447,10.0702,0.6363,0.0892
3467,5,25,11,weather_driven,historically_calibrated,0.826373,0.140483,8.2613,9.1874,0.8074,0.1187
3468,5,25,12,weather_driven,historically_calibrated,0.68959,0.11723,7.3452,8.3907,0.9422,0.1032
3469,5,25,13,weather_driven,historically_calibrated,0.597813,0.101628,6.6673,7.7271,0.9707,0.0892
3470,5,25,14,weather_driven,historically_calibrated,0.557475,0.094771,6.3505,7.4257,0.972,0.1032
3471,5,25,15,weather_driven,historically_calibrated,0.581819,0.098909,6.5431,7.4656,0.8333,0.0892
3472,5,25,16,weather_driven,historically_calibrated,0.656214,0.111556,7.1052,7.8143,0.6441,0.065
3473,5,25,17,weather_driven,historically_calibrated,0.747018,0.126993,7.7425,8.1915,0.4342,0.0148
3474,5,25,18,weather_driven,historically_calibrated,0.892158,0.151667,8.6676,8.9198,0.2514,0.0007
3475,5,25,19,weather_driven,historically_calibrated,1.071435,0.182144,9.682,9.8052,0.1231,0.0
3476,5,25,20,weather_driven,historically_calibrated,1.180758,0.200729,10.2438,10.2931,0.0492,0.0
3477,5,25,21,weather_driven,historically_calibrated,1.23114,0.209294,10.4902,10.5078,0.0065,0.0111
3478,5,25,22,weather_driven,historically_calibrated,1.263053,0.214719,10.6425,10.6463,0.0,0.0038
3479,5,25,23,weather_driven,historically_calibrated,1.249538,0.212422,10.5784,10.5976,0.0,0.0193
3480,5,25,24,weather_driven,historically_calibrated,0.903521,0.153599,8.7358,8.747,0.0,0.0111
3481,5,26,1,weather_driven,historically_calibrated,0.761896,0.129522,7.8423,7.8571,0.0,0.0148
3482,5,26,2,weather_driven,historically_calibrated,0.768378,0.130624,7.8854,7.9002,0.0,0.0148
3483,5,26,3,weather_driven,historically_calibrated,0.778192,0.132293,7.9502,7.9959,0.0,0.0457
3484,5,26,4,weather_driven,historically_calibrated,0.798043,0.135667,8.0798,8.169,0.0,0.0892
3485,5,26,5,weather_driven,historically_calibrated,0.836757,0.142249,8.3268,8.3828,0.0013,0.0548
3486,5,26,6,weather_driven,historically_calibrated,0.856294,0.14557,8.4486,8.5068,0.0337,0.0245
3487,5,26,7,weather_driven,historically_calibrated,1.119658,0.190342,9.9346,10.144,0.0907,0.1187
3488,5,26,8,weather_driven,historically_calibrated,0.973866,0.165557,9.1457,9.7596,0.1361,0.4779
3489,5,26,9,weather_driven,historically_calibrated,0.887902,0.150943,8.642,9.3555,0.149,0.5645
3490,5,26,10,weather_driven,historically_calibrated,0.804282,0.136728,8.1201,8.9614,0.1801,0.6611
3491,5,26,11,weather_driven,historically_calibrated,0.622794,0.105875,6.8575,8.9949,0.1801,1.9573
3492,5,26,12,weather_driven,historically_calibrated,0.594557,0.101075,6.6422,8.8747,0.1685,2.0641
3493,5,26,13,weather_driven,historically_calibrated,0.391018,0.066473,4.8946,8.5844,0.1853,3.5045
3494,5,26,14,weather_driven,historically_calibrated,0.749994,0.127499,7.7625,8.4152,0.0881,0.5645
3495,5,26,15,weather_driven,historically_calibrated,0.693041,0.117817,7.3697,7.6569,0.1516,0.1356
3496,5,26,16,weather_driven,historically_calibrated,0.809531,0.13762,8.1539,8.2135,0.0596,0.0
3497,5,26,17,weather_driven,historically_calibrated,0.603517,0.102598,6.7111,7.3762,0.3331,0.332
3498,5,26,18,weather_driven,historically_calibrated,0.881487,0.149853,8.6031,8.8105,0.2061,0.0014
3499,5,26,19,weather_driven,historically_calibrated,0.953322,0.162065,9.0281,9.1319,0.1037,0.0001
3500,5,26,20,weather_driven,historically_calibrated,1.065277,0.181097,9.6492,9.6894,0.0402,0.0
3501,5,26,21,weather_driven,historically_calibrated,1.067922,0.181547,9.6633,9.6672,0.0039,0.0
3502,5,26,22,weather_driven,historically_calibrated,0.998202,0.169694,9.2828,9.2828,0.0,0.0
3503,5,26,23,weather_driven,historically_calibrated,0.938832,0.159601,8.9441,8.9634,0.0,0.0193
3504,5,26,24,weather_driven,historically_calibrated,0.661525,0.112459,7.1439,7.2203,0.0,0.0764
3505,5,27,1,weather_driven,historically_calibrated,0.639036,0.108636,6.9788,6.9981,0.0,0.0193
3506,5,27,2,weather_driven,historically_calibrated,0.662642,0.112649,7.152,7.1527,0.0,0.0007
3507,5,27,3,weather_driven,historically_calibrated,0.696811,0.118458,7.3963,7.3963,0.0,0.0
3508,5,27,4,weather_driven,historically_calibrated,0.63328,0.107658,6.936,7.4139,0.0,0.4779
3509,5,27,5,weather_driven,historically_calibrated,0.698587,0.11876,7.4088,7.6534,0.0,0.2447
3510,5,27,6,weather_driven,historically_calibrated,0.719703,0.12235,7.5559,7.6773,0.0181,0.1032
3511,5,27,7,weather_driven,historically_calibrated,0.941686,0.160087,8.9607,9.2101,0.0752,0.1741
3512,5,27,8,weather_driven,historically_calibrated,0.912374,0.155104,8.7886,9.4568,0.1037,0.5645
3513,5,27,9,weather_driven,historically_calibrated,0.917987,0.156058,8.8218,9.4066,0.2527,0.332
3514,5,27,10,weather_driven,historically_calibrated,0.861932,0.146529,8.4834,9.0119,0.2838,0.2447
3515,5,27,11,weather_driven,historically_calibrated,0.712089,0.121055,7.5032,8.1071,0.5275,0.0764
3516,5,27,12,weather_driven,historically_calibrated,0.630563,0.107196,6.9157,7.4787,0.5573,0.0057
3517,5,27,13,weather_driven,historically_calibrated,0.467629,0.079497,5.5971,6.6806,0.683,0.4005
3518,5,27,14,weather_driven,historically_calibrated,0.74109,0.125985,7.7023,8.0793,0.3745,0.0024
3519,5,27,15,weather_driven,historically_calibrated,0.526596,0.089521,6.0993,7.4105,0.543,0.7682
3520,5,27,16,weather_driven,historically_calibrated,0.639258,0.108674,6.9804,7.4965,0.451,0.065
3521,5,27,17,weather_driven,historically_calibrated,0.606514,0.103107,6.734,8.8689,0.1776,1.9573
3522,5,27,18,weather_driven,historically_calibrated,0.70103,0.119175,7.4259,9.9094,0.1944,2.289
3523,5,27,19,weather_driven,historically_calibrated,0.754743,0.128306,7.7944,10.5764,0.1257,2.6563
3524,5,27,20,weather_driven,historically_calibrated,0.80438,0.136745,8.1208,10.8431,0.0661,2.6563
3525,5,27,21,weather_driven,historically_calibrated,0.890261,0.151344,8.6562,10.8399,0.0091,2.1746
3526,5,27,22,weather_driven,historically_calibrated,0.921355,0.15663,8.8417,10.4088,0.0,1.5671
3527,5,27,23,weather_driven,historically_calibrated,0.89165,0.15158,8.6646,10.143,0.0,1.4784
3528,5,27,24,weather_driven,historically_calibrated,0.579947,0.098591,6.5285,8.2835,0.0,1.755
3529,5,28,1,weather_driven,historically_calibrated,0.718204,0.122095,7.5456,8.7027,0.0,1.1571
3530,5,28,2,weather_driven,historically_calibrated,0.646688,0.109937,7.0353,8.7903,0.0,1.755
3531,5,28,3,weather_driven,historically_calibrated,0.769294,0.13078,7.8915,8.9763,0.0,1.0848
3532,5,28,4,weather_driven,historically_calibrated,0.721484,0.122652,7.5682,8.9614,0.0,1.3932
3533,5,28,5,weather_driven,historically_calibrated,0.692766,0.11777,7.3677,9.0283,0.0013,1.6593
3534,5,28,6,weather_driven,historically_calibrated,0.690913,0.117455,7.3546,9.2465,0.0376,1.8543
3535,5,28,7,weather_driven,historically_calibrated,1.037735,0.176415,9.5007,11.0261,0.1322,1.3932
3536,5,28,8,weather_driven,historically_calibrated,0.986267,0.167665,9.2158,10.718,0.2696,1.2326
3537,5,28,9,weather_driven,historically_calibrated,1.002359,0.170401,9.306,11.1673,0.2942,1.5671
3538,5,28,10,weather_driven,historically_calibrated,0.979569,0.166527,9.178,11.0038,0.3473,1.4784
3539,5,28,11,weather_driven,historically_calibrated,0.965941,0.16421,9.1005,10.5813,0.5314,0.9494
3540,5,28,12,weather_driven,historically_calibrated,0.696105,0.118338,7.3913,9.8034,0.6571,1.755
3541,5,28,13,weather_driven,historically_calibrated,0.513002,0.08721,5.9863,8.6584,0.8178,1.8543
3542,5,28,14,weather_driven,historically_calibrated,0.601906,0.102324,6.6987,8.7297,0.7983,1.2326
3543,5,28,15,weather_driven,historically_calibrated,0.708491,0.120444,7.4781,8.9656,0.7193,0.7682
3544,5,28,16,weather_driven,historically_calibrated,0.733679,0.124726,7.6519,9.3731,0.4886,1.2326
3545,5,28,17,weather_driven,historically_calibrated,0.636599,0.108222,6.9607,9.8139,0.4458,2.4074
3546,5,28,18,weather_driven,historically_calibrated,1.027599,0.174692,9.4454,10.4127,0.254,0.7133
3547,5,28,19,weather_driven,historically_calibrated,1.03668,0.176236,9.495,10.8922,0.1646,1.2326
3548,5,28,20,weather_driven,historically_calibrated,1.267872,0.215538,10.6653,11.0097,0.0726,0.2718
3549,5,28,21,weather_driven,historically_calibrated,1.321727,0.224694,10.9153,10.9713,0.0104,0.0457
3550,5,28,22,weather_driven,historically_calibrated,1.311598,0.222972,10.8689,10.8689,0.0,0.0
3551,5,28,23,weather_driven,historically_calibrated,1.28763,0.218897,10.7579,10.7579,0.0,0.0
3552,5,28,24,weather_driven,historically_calibrated,0.891117,0.15149,8.6614,8.6614,0.0,0.0
3553,5,29,1,weather_driven,historically_calibrated,0.851445,0.144746,8.4185,8.4185,0.0,0.0
3554,5,29,2,weather_driven,historically_calibrated,0.885566,0.150546,8.6278,8.6278,0.0,0.0
3555,5,29,3,weather_driven,historically_calibrated,0.930394,0.158167,8.8948,8.8948,0.0,0.0
3556,5,29,4,weather_driven,historically_calibrated,0.977552,0.166184,9.1666,9.1666,0.0,0.0
3557,5,29,5,weather_driven,historically_calibrated,1.050183,0.178531,9.5682,9.5708,0.0026,0.0
3558,5,29,6,weather_driven,historically_calibrated,1.078637,0.183368,9.7203,9.7617,0.0415,0.0
3559,5,29,7,weather_driven,historically_calibrated,1.439922,0.244787,11.4386,11.5604,0.1218,0.0
3560,5,29,8,weather_driven,historically_calibrated,1.306226,0.222058,10.8441,11.102,0.2579,0.0
3561,5,29,9,weather_driven,historically_calibrated,1.111456,0.188948,9.8922,10.3354,0.4432,0.0
3562,5,29,10,weather_driven,historically_calibrated,0.889996,0.151299,8.6546,9.3013,0.6467,0.0
3563,5,29,11,weather_driven,historically_calibrated,0.709412,0.1206,7.4846,8.3295,0.845,0.0
3564,5,29,12,weather_driven,historically_calibrated,0.607031,0.103195,6.738,7.6581,0.9202,0.0
3565,5,29,13,weather_driven,historically_calibrated,0.524896,0.089232,6.0853,7.0546,0.9655,0.0038
3566,5,29,14,weather_driven,historically_calibrated,0.540182,0.091831,6.2108,7.1127,0.8981,0.0038
3567,5,29,15,weather_driven,historically_calibrated,0.577981,0.098257,6.5131,7.3049,0.7919,0.0
3568,5,29,16,weather_driven,historically_calibrated,0.644616,0.109585,7.0201,7.5916,0.5715,0.0
3569,5,29,17,weather_driven,historically_calibrated,0.709503,0.120616,7.4852,7.9017,0.4108,0.0057
3570,5,29,18,weather_driven,historically_calibrated,0.755448,0.128426,7.7992,8.1434,0.2411,0.1032
3571,5,29,19,weather_driven,historically_calibrated,0.801422,0.136242,8.1017,8.235,0.1089,0.0245
3572,5,29,20,weather_driven,historically_calibrated,0.880854,0.149745,8.5992,8.6807,0.0622,0.0193
3573,5,29,21,weather_driven,historically_calibrated,0.927589,0.15769,8.8784,8.9435,0.0104,0.0548
3574,5,29,22,weather_driven,historically_calibrated,0.9198,0.156366,8.8325,8.9217,0.0,0.0892
3575,5,29,23,weather_driven,historically_calibrated,0.900194,0.153033,8.7159,8.8346,0.0,0.1187
3576,5,29,24,weather_driven,historically_calibrated,0.637506,0.108376,6.9674,7.1633,0.0,0.1959
3577,5,30,1,weather_driven,historically_calibrated,0.619864,0.105377,6.8354,7.2006,0.0,0.3652
3578,5,30,2,weather_driven,historically_calibrated,0.614844,0.104523,6.7974,7.409,0.0,0.6116
3579,5,30,3,weather_driven,historically_calibrated,0.674108,0.114598,7.2348,7.6728,0.0,0.4381
3580,5,30,4,weather_driven,historically_calibrated,0.699535,0.118921,7.4154,7.9354,0.0,0.52
3581,5,30,5,weather_driven,historically_calibrated,0.702485,0.119422,7.4361,8.152,0.0026,0.7133
3582,5,30,6,weather_driven,historically_calibrated,0.682967,0.116104,7.2982,8.3449,0.0311,1.0156
3583,5,30,7,weather_driven,historically_calibrated,0.977752,0.166218,9.1677,9.9575,0.0765,0.7133
3584,5,30,8,weather_driven,historically_calibrated,0.795846,0.135294,8.0656,9.8402,0.1153,1.6593
3585,5,30,9,weather_driven,historically_calibrated,1.085321,0.184505,9.7556,10.6127,0.1439,0.7133
3586,5,30,10,weather_driven,historically_calibrated,1.088562,0.185056,9.7726,10.6743,0.1335,0.7682
3587,5,30,11,weather_driven,historically_calibrated,1.03902,0.176633,9.5077,10.0988,0.1905,0.4005
3588,5,30,12,weather_driven,historically_calibrated,0.932605,0.158543,8.9078,9.4894,0.2164,0.3652
3589,5,30,13,weather_driven,historically_calibrated,0.806965,0.137184,8.1374,8.8136,0.1983,0.4779
3590,5,30,14,weather_driven,historically_calibrated,0.796985,0.135488,8.073,8.7297,0.1788,0.4779
3591,5,30,15,weather_driven,historically_calibrated,0.853329,0.145066,8.4302,8.9656,0.1348,0.4005
3592,5,30,16,weather_driven,historically_calibrated,0.863226,0.146748,8.4914,8.7607,0.0246,0.2447
3593,5,30,17,weather_driven,historically_calibrated,0.822065,0.139751,8.2339,8.5971,0.0311,0.332
3594,5,30,18,weather_driven,historically_calibrated,0.870032,0.147905,8.5332,8.8601,0.0259,0.3009
3595,5,30,19,weather_driven,historically_calibrated,0.884253,0.150323,8.6199,9.2013,0.0168,0.5645
3596,5,30,20,weather_driven,historically_calibrated,0.962247,0.163582,9.0794,9.2779,0.0026,0.1959
3597,5,30,21,weather_driven,historically_calibrated,0.933375,0.158674,8.9123,9.0015,0.0,0.0892
3598,5,30,22,weather_driven,historically_calibrated,0.888042,0.150967,8.6428,8.6435,0.0,0.0007
3599,5,30,23,weather_driven,historically_calibrated,0.832557,0.141535,8.3003,8.3003,0.0,0.0
3600,5,30,24,weather_driven,historically_calibrated,0.590007,0.100301,6.6069,6.6069,0.0,0.0
3601,5,31,1,weather_driven,historically_calibrated,0.572491,0.097324,6.4698,6.4698,0.0,0.0
3602,5,31,2,weather_driven,historically_calibrated,0.599167,0.101858,6.6777,6.6777,0.0,0.0
3603,5,31,3,weather_driven,historically_calibrated,0.61211,0.104059,6.7767,6.7767,0.0,0.0
3604,5,31,4,weather_driven,historically_calibrated,0.624249,0.106122,6.8684,6.8684,0.0,0.0
3605,5,31,5,weather_driven,historically_calibrated,0.650837,0.110642,7.0658,7.0671,0.0013,0.0
3606,5,31,6,weather_driven,historically_calibrated,0.676119,0.11494,7.2492,7.2715,0.022,0.0003
3607,5,31,7,weather_driven,historically_calibrated,0.944507,0.160566,8.9771,9.0492,0.0415,0.0306
3608,5,31,8,weather_driven,historically_calibrated,0.934066,0.158791,8.9163,9.1819,0.2411,0.0245
3609,5,31,9,weather_driven,historically_calibrated,0.827243,0.140631,8.2668,8.7272,0.4147,0.0457
3610,5,31,10,weather_driven,historically_calibrated,0.667121,0.113411,7.1844,7.8734,0.5534,0.1356
3611,5,31,11,weather_driven,historically_calibrated,0.583649,0.09922,6.5574,7.3109,0.5793,0.1741
3612,5,31,12,weather_driven,historically_calibrated,0.53647,0.0912,6.1805,7.2396,0.7271,0.332
3613,5,31,13,weather_driven,historically_calibrated,0.448104,0.076178,5.4237,7.7271,0.6441,1.6593
3614,5,31,14,weather_driven,historically_calibrated,0.325689,0.055367,4.2437,7.9473,0.6428,3.0608
3615,5,31,15,weather_driven,historically_calibrated,0.363159,0.061737,4.6234,8.7513,0.4666,3.6614
3616,5,31,16,weather_driven,historically_calibrated,0.348162,0.059188,4.4735,9.9298,0.3681,5.0882
3617,5,31,17,weather_driven,historically_calibrated,0.386395,0.065687,4.8502,10.799,0.2424,5.7064
3618,5,31,18,weather_driven,historically_calibrated,0.649501,0.110415,7.056,11.4877,0.0959,4.3358
3619,5,31,19,weather_driven,historically_calibrated,0.96409,0.163895,9.0899,11.798,0.0518,2.6563
3620,5,31,20,weather_driven,historically_calibrated,0.964904,0.164034,9.0946,11.4277,0.0441,2.289
3621,5,31,21,weather_driven,historically_calibrated,0.942036,0.160146,8.9628,11.1452,0.0078,2.1746
3622,5,31,22,weather_driven,historically_calibrated,0.877666,0.149203,8.5799,10.8689,0.0,2.289
3623,5,31,23,weather_driven,historically_calibrated,0.998843,0.169803,9.2864,10.5976,0.0,1.3112
3624,5,31,24,weather_driven,historically_calibrated,0.643068,0.109322,7.0086,8.5758,0.0,1.5671
3625,6,1,1,weather_driven,historically_calibrated,0.357094,0.060706,4.5631,7.4848,0.0,2.9217
3626,6,1,2,weather_driven,historically_calibrated,0.488205,0.082995,5.7759,7.5309,0.0,1.755
3627,6,1,3,weather_driven,historically_calibrated,0.651218,0.110707,7.0686,7.4692,0.0,0.4005
3628,6,1,4,weather_driven,historically_calibrated,0.705667,0.119963,7.4584,7.7302,0.0,0.2718
3629,6,1,5,weather_driven,historically_calibrated,0.787849,0.133934,8.0135,8.2355,0.0026,0.2194
3630,6,1,6,weather_driven,historically_calibrated,0.835136,0.141973,8.3166,8.6454,0.057,0.2718
3631,6,1,7,weather_driven,historically_calibrated,1.108402,0.188428,9.8764,10.3315,0.1542,0.3009
3632,6,1,8,weather_driven,historically_calibrated,1.046095,0.177836,9.5461,10.0597,0.2942,0.2194
3633,6,1,9,weather_driven,historically_calibrated,0.848084,0.144174,8.3976,9.559,0.5003,0.6611
3634,6,1,10,weather_driven,historically_calibrated,0.71778,0.122023,7.5426,8.807,0.6998,0.5645
3635,6,1,11,weather_driven,historically_calibrated,0.434776,0.073912,5.3032,7.9006,0.8424,1.755
3636,6,1,12,weather_driven,historically_calibrated,0.572118,0.09726,6.4669,7.5012,0.6337,0.4005
3637,6,1,13,weather_driven,historically_calibrated,0.363374,0.061774,4.6255,7.0546,0.7698,1.6593
3638,6,1,14,weather_driven,historically_calibrated,0.420817,0.071539,5.1751,7.1127,0.705,1.2326
3639,6,1,15,weather_driven,historically_calibrated,0.42098,0.071567,5.1766,7.3049,0.5612,1.5671
3640,6,1,16,weather_driven,historically_calibrated,0.431019,0.073273,5.269,7.5916,0.5676,1.755
3641,6,1,17,weather_driven,historically_calibrated,0.51731,0.087943,6.0223,7.9017,0.3123,1.5671
3642,6,1,18,weather_driven,historically_calibrated,0.566131,0.096242,6.4195,8.1434,0.1568,1.5671
3643,6,1,19,weather_driven,historically_calibrated,0.686823,0.11676,7.3256,8.235,0.1413,0.7682
3644,6,1,20,weather_driven,historically_calibrated,0.726563,0.123516,7.6032,8.1433,0.0622,0.4779
3645,6,1,21,weather_driven,historically_calibrated,0.826695,0.140538,8.2633,8.3641,0.0117,0.0892
3646,6,1,22,weather_driven,historically_calibrated,0.826814,0.140558,8.2641,8.3097,0.0,0.0457
3647,6,1,23,weather_driven,historically_calibrated,0.844713,0.143601,8.3766,8.4072,0.0,0.0306
3648,6,1,24,weather_driven,historically_calibrated,0.646306,0.109872,7.0325,7.0349,0.0,0.0024
3649,6,2,1,weather_driven,historically_calibrated,0.563562,0.095806,6.3991,6.4005,0.0,0.0014
3650,6,2,2,weather_driven,historically_calibrated,0.582802,0.099076,6.5508,6.5546,0.0,0.0038
3651,6,2,3,weather_driven,historically_calibrated,0.629635,0.107038,6.9088,6.9091,0.0,0.0003
3652,6,2,4,weather_driven,historically_calibrated,0.667426,0.113462,7.1866,7.1873,0.0,0.0007
3653,6,2,5,weather_driven,historically_calibrated,0.722098,0.122757,7.5725,7.5767,0.0039,0.0003
3654,6,2,6,weather_driven,historically_calibrated,0.73425,0.124822,7.6558,7.7168,0.0609,0.0001
3655,6,2,7,weather_driven,historically_calibrated,0.924532,0.15717,8.8604,9.0134,0.1529,0.0001
3656,6,2,8,weather_driven,historically_calibrated,0.83465,0.14189,8.3135,8.5987,0.2838,0.0014
3657,6,2,9,weather_driven,historically_calibrated,0.734575,0.124878,7.658,8.08,0.4108,0.0111
3658,6,2,10,weather_driven,historically_calibrated,0.588446,0.100036,6.5948,7.1425,0.5365,0.0111
3659,6,2,11,weather_driven,historically_calibrated,0.53624,0.091161,6.1786,6.726,0.5417,0.0057
3660,6,2,12,weather_driven,historically_calibrated,0.526372,0.089483,6.0975,6.5641,0.4666,0.0001
3661,6,2,13,weather_driven,historically_calibrated,0.538181,0.091491,6.1944,6.4902,0.2955,0.0003
3662,6,2,14,weather_driven,historically_calibrated,0.509901,0.086683,5.9602,6.5437,0.2514,0.332
3663,6,2,15,weather_driven,historically_calibrated,0.572561,0.097335,6.4704,6.7205,0.2501,0.0
3664,6,2,16,weather_driven,historically_calibrated,0.60348,0.102592,6.7108,6.9843,0.2735,0.0
3665,6,2,17,weather_driven,historically_calibrated,0.661375,0.112434,7.1428,7.2696,0.1244,0.0024
3666,6,2,18,weather_driven,historically_calibrated,0.694575,0.118078,7.3805,7.492,0.1115,0.0
3667,6,2,19,weather_driven,historically_calibrated,0.73638,0.125185,7.6703,7.7429,0.0726,0.0
3668,6,2,20,weather_driven,historically_calibrated,0.74463,0.126587,7.7263,7.7665,0.0402,0.0
3669,6,2,21,weather_driven,historically_calibrated,0.715754,0.121678,7.5286,7.5351,0.0065,0.0
3670,6,2,22,weather_driven,historically_calibrated,0.72519,0.123282,7.5938,7.5938,0.0,0.0
3671,6,2,23,weather_driven,historically_calibrated,0.702995,0.119509,7.4397,7.4397,0.0,0.0
3672,6,2,24,weather_driven,historically_calibrated,0.528829,0.089901,6.1177,6.1177,0.0,0.0
3673,6,3,1,weather_driven,historically_calibrated,0.513402,0.087278,5.9896,5.9896,0.0,0.0
3674,6,3,2,weather_driven,historically_calibrated,0.518402,0.088128,6.0314,6.0314,0.0,0.0
3675,6,3,3,weather_driven,historically_calibrated,0.53392,0.090766,6.1596,6.1596,0.0,0.0
3676,6,3,4,weather_driven,historically_calibrated,0.548863,0.093307,6.2812,6.2812,0.0,0.0
3677,6,3,5,weather_driven,historically_calibrated,0.561834,0.095512,6.3853,6.3866,0.0013,0.0
3678,6,3,6,weather_driven,historically_calibrated,0.577894,0.098242,6.5124,6.5318,0.0194,0.0
3679,6,3,7,weather_driven,historically_calibrated,0.839803,0.142767,8.3459,8.3744,0.0285,0.0
3680,6,3,8,weather_driven,historically_calibrated,0.842382,0.143205,8.362,8.3969,0.0324,0.0024
3681,6,3,9,weather_driven,historically_calibrated,0.855099,0.145367,8.4412,8.4882,0.0467,0.0003
3682,6,3,10,weather_driven,historically_calibrated,0.828503,0.140845,8.2747,8.3551,0.0804,0.0
3683,6,3,11,weather_driven,historically_calibrated,0.787791,0.133924,8.0131,8.1564,0.1426,0.0007
3684,6,3,12,weather_driven,historically_calibrated,0.679399,0.115498,7.2727,7.6231,0.3447,0.0057
3685,6,3,13,weather_driven,historically_calibrated,0.491888,0.083621,5.8075,6.5854,0.5586,0.2194
3686,6,3,14,weather_driven,historically_calibrated,0.354794,0.060315,4.5401,6.5437,0.6104,1.3932
3687,6,3,15,weather_driven,historically_calibrated,0.376368,0.063983,4.7531,6.7205,0.7348,1.2326
3688,6,3,16,weather_driven,historically_calibrated,0.419991,0.071399,5.1675,6.9843,0.6597,1.1571
3689,6,3,17,weather_driven,historically_calibrated,0.489999,0.0833,5.7913,7.2696,0.4627,1.0156
3690,6,3,18,weather_driven,historically_calibrated,0.2886,0.049062,3.8495,7.492,0.2903,3.3521
3691,6,3,19,weather_driven,historically_calibrated,0.372486,0.063323,4.7152,8.0763,0.1568,3.2043
3692,6,3,20,weather_driven,historically_calibrated,0.43794,0.07445,5.332,8.7554,0.0713,3.3521
3693,6,3,21,weather_driven,historically_calibrated,0.531646,0.09038,6.1409,9.5073,0.0143,3.3521
3694,6,3,22,weather_driven,historically_calibrated,0.574796,0.097715,6.488,9.6923,0.0,3.2043
3695,6,3,23,weather_driven,historically_calibrated,0.600638,0.102109,6.689,9.7498,0.0,3.0608
3696,6,3,24,weather_driven,historically_calibrated,0.490731,0.083424,5.7976,8.0866,0.0,2.289
3697,6,4,1,weather_driven,historically_calibrated,0.55292,0.093996,6.3139,8.3779,0.0,2.0641
3698,6,4,2,weather_driven,historically_calibrated,0.632193,0.107473,6.9279,8.5872,0.0,1.6593
3699,6,4,3,weather_driven,historically_calibrated,0.749177,0.12736,7.757,8.7726,0.0,1.0156
3700,6,4,4,weather_driven,historically_calibrated,0.822121,0.139761,8.2343,9.0024,0.0,0.7682
3701,6,4,5,weather_driven,historically_calibrated,0.874655,0.148691,8.5615,9.2787,0.0039,0.7133
3702,6,4,6,weather_driven,historically_calibrated,0.874782,0.148713,8.5623,9.5041,0.0557,0.8861
3703,6,4,7,weather_driven,historically_calibrated,1.182329,0.200996,10.2516,11.2933,0.1555,0.8861
3704,6,4,8,weather_driven,historically_calibrated,1.068115,0.18158,9.6644,10.9923,0.3123,1.0156
3705,6,4,9,weather_driven,historically_calibrated,0.882665,0.150053,8.6102,10.4464,0.5249,1.3112
3706,6,4,10,weather_driven,historically_calibrated,0.686302,0.116671,7.3219,9.7407,0.7595,1.6593
3707,6,4,11,weather_driven,historically_calibrated,0.513292,0.08726,5.9887,8.9193,0.9733,1.9573
3708,6,4,12,weather_driven,historically_calibrated,0.396186,0.067352,4.944,8.129,1.121,2.0641
3709,6,4,13,weather_driven,historically_calibrated,0.409013,0.069532,5.0651,8.1927,1.1703,1.9573
3710,6,4,14,weather_driven,historically_calibrated,0.335761,0.057079,4.3475,7.217,1.1146,1.755
3711,6,4,15,weather_driven,historically_calibrated,0.388183,0.065991,4.8674,7.3049,0.959,1.4784
3712,6,4,16,weather_driven,historically_calibrated,0.460459,0.078278,5.5339,7.5916,0.7465,1.3112
3713,6,4,17,weather_driven,historically_calibrated,0.541915,0.092126,6.2249,7.9017,0.5197,1.1571
3714,6,4,18,weather_driven,historically_calibrated,0.601434,0.102244,6.6951,8.3226,0.3162,1.3112
3715,6,4,19,weather_driven,historically_calibrated,0.670902,0.114053,7.2117,8.7785,0.1737,1.3932
3716,6,4,20,weather_driven,historically_calibrated,0.840373,0.142863,8.3495,9.0987,0.0881,0.6611
3717,6,4,21,weather_driven,historically_calibrated,0.866042,0.147227,8.5087,9.2911,0.0143,0.7682
3718,6,4,22,weather_driven,historically_calibrated,0.768864,0.130707,7.8886,9.1999,0.0,1.3112
3719,6,4,23,weather_driven,historically_calibrated,0.827958,0.140753,8.2713,9.5826,0.0,1.3112
3720,6,4,24,weather_driven,historically_calibrated,0.575687,0.097867,6.495,8.0622,0.0,1.5671
3721,6,5,1,weather_driven,historically_calibrated,0.579088,0.098445,6.5217,7.6066,0.0,1.0848
3722,6,5,2,weather_driven,historically_calibrated,0.664992,0.113049,7.169,7.9372,0.0,0.7682
3723,6,5,3,weather_driven,historically_calibrated,0.694025,0.117984,7.3766,8.2024,0.0,0.8257
3724,6,5,4,weather_driven,historically_calibrated,0.711736,0.120995,7.5007,8.3869,0.0,0.8861
3725,6,5,5,weather_driven,historically_calibrated,0.769654,0.130841,7.8938,8.611,0.0039,0.7133
3726,6,5,6,weather_driven,historically_calibrated,0.813664,0.138323,8.1804,8.7742,0.0739,0.52
3727,6,5,7,weather_driven,historically_calibrated,1.037233,0.17633,9.498,10.3315,0.1724,0.6611
3728,6,5,8,weather_driven,historically_calibrated,0.887711,0.150911,8.6408,9.7854,0.3188,0.8257
3729,6,5,9,weather_driven,historically_calibrated,0.661434,0.112444,7.1432,9.2263,0.4238,1.6593
3730,6,5,10,weather_driven,historically_calibrated,0.647903,0.110144,7.0443,8.3677,0.4977,0.8257
3731,6,5,11,weather_driven,historically_calibrated,0.515475,0.087631,6.0069,7.3109,0.6428,0.6611
3732,6,5,12,weather_driven,historically_calibrated,0.421986,0.071738,5.1859,7.1349,0.7919,1.1571
3733,6,5,13,weather_driven,historically_calibrated,0.349503,0.059415,4.487,7.0546,0.8126,1.755
3734,6,5,14,weather_driven,historically_calibrated,0.349984,0.059497,4.4919,7.1127,0.6636,1.9573
3735,6,5,15,weather_driven,historically_calibrated,0.429487,0.073013,5.2549,7.3049,0.5715,1.4784
3736,6,5,16,weather_driven,historically_calibrated,0.597167,0.101518,6.6623,7.5916,0.5288,0.4005
3737,6,5,17,weather_driven,historically_calibrated,0.701195,0.119203,7.4271,7.9017,0.429,0.0457
3738,6,5,18,weather_driven,historically_calibrated,0.74867,0.127274,7.7536,8.1434,0.3007,0.0892
3739,6,5,19,weather_driven,historically_calibrated,0.766136,0.130243,7.8705,8.235,0.1452,0.2194
3740,6,5,20,weather_driven,historically_calibrated,0.78142,0.132841,7.9714,8.1433,0.0531,0.1187
3741,6,5,21,weather_driven,historically_calibrated,0.729165,0.123958,7.621,7.9006,0.0078,0.2718
3742,6,5,22,weather_driven,historically_calibrated,0.548124,0.093181,6.2752,7.5865,0.0,1.3112
3743,6,5,23,weather_driven,historically_calibrated,0.61061,0.103804,6.7653,7.2853,0.0,0.52
3744,6,5,24,weather_driven,historically_calibrated,0.44088,0.07495,5.3586,5.8365,0.0,0.4779
3745,6,6,1,weather_driven,historically_calibrated,0.423952,0.072072,5.2041,5.5361,0.0,0.332
3746,6,6,2,weather_driven,historically_calibrated,0.449574,0.076428,5.4369,5.5401,0.0,0.1032
3747,6,6,3,weather_driven,historically_calibrated,0.447581,0.076089,5.419,5.5546,0.0,0.1356
3748,6,6,4,weather_driven,historically_calibrated,0.461317,0.078424,5.5415,5.5962,0.0,0.0548
3749,6,6,5,weather_driven,historically_calibrated,0.483271,0.082156,5.7334,5.7736,0.0026,0.0376
3750,6,6,6,weather_driven,historically_calibrated,0.492792,0.083775,5.8152,5.8976,0.0518,0.0306
3751,6,6,7,weather_driven,historically_calibrated,0.659603,0.112133,7.1299,7.286,0.1413,0.0148
3752,6,6,8,weather_driven,historically_calibrated,0.673936,0.114569,7.2335,7.4812,0.2462,0.0014
3753,6,6,9,weather_driven,historically_calibrated,0.645263,0.109695,7.0248,7.5625,0.3836,0.1541
3754,6,6,10,weather_driven,historically_calibrated,0.497444,0.084565,5.8549,7.489,0.4769,1.1571
3755,6,6,11,weather_driven,historically_calibrated,0.589035,0.100136,6.5994,7.3109,0.2735,0.4381
3756,6,6,12,weather_driven,historically_calibrated,0.516966,0.087884,6.0194,7.1349,0.2294,0.8861
3757,6,6,13,weather_driven,historically_calibrated,0.592443,0.100715,6.6258,7.0546,0.4095,0.0193
3758,6,6,14,weather_driven,historically_calibrated,0.615842,0.104693,6.805,7.1127,0.2929,0.0148
3759,6,6,15,weather_driven,historically_calibrated,0.624878,0.106229,6.8731,7.3049,0.3668,0.065
3760,6,6,16,weather_driven,historically_calibrated,0.67648,0.115002,7.2518,7.5916,0.0389,0.3009
3761,6,6,17,weather_driven,historically_calibrated,0.756637,0.128628,7.8071,7.9017,0.0181,0.0764
3762,6,6,18,weather_driven,historically_calibrated,0.803555,0.136604,8.1154,8.1434,0.0168,0.0111
3763,6,6,19,weather_driven,historically_calibrated,0.819506,0.139316,8.2177,8.235,0.0117,0.0057
3764,6,6,20,weather_driven,historically_calibrated,0.805577,0.136948,8.1285,8.1433,0.0091,0.0057
3765,6,6,21,weather_driven,historically_calibrated,0.770287,0.130949,7.898,7.9006,0.0026,0.0
3766,6,6,22,weather_driven,historically_calibrated,0.724131,0.123102,7.5865,7.5865,0.0,0.0
3767,6,6,23,weather_driven,historically_calibrated,0.681158,0.115797,7.2853,7.2853,0.0,0.0
3768,6,6,24,weather_driven,historically_calibrated,0.495285,0.084198,5.8365,5.8365,0.0,0.0
3769,6,7,1,weather_driven,historically_calibrated,0.460711,0.078321,5.5361,5.5361,0.0,0.0
3770,6,7,2,weather_driven,historically_calibrated,0.460522,0.078289,5.5344,5.5401,0.0,0.0057
3771,6,7,3,weather_driven,historically_calibrated,0.457655,0.077801,5.509,5.5546,0.0,0.0457
3772,6,7,4,weather_driven,historically_calibrated,0.462068,0.078551,5.5481,5.6373,0.0,0.0892
3773,6,7,5,weather_driven,historically_calibrated,0.50279,0.085474,5.9003,5.9405,0.0026,0.0376
3774,6,7,6,weather_driven,historically_calibrated,0.506437,0.086094,5.9311,5.9835,0.0376,0.0148
3775,6,7,7,weather_driven,historically_calibrated,0.658748,0.111987,7.1237,7.286,0.1076,0.0548
3776,6,7,8,weather_driven,historically_calibrated,0.649899,0.110483,7.0589,7.4812,0.1776,0.2447
3777,6,7,9,weather_driven,historically_calibrated,0.643875,0.109459,7.0146,7.5625,0.3033,0.2447
3778,6,7,10,weather_driven,historically_calibrated,0.604692,0.102798,6.7201,7.489,0.5495,0.2194
3779,6,7,11,weather_driven,historically_calibrated,0.537745,0.091417,6.1909,7.3109,0.788,0.332
3780,6,7,12,weather_driven,historically_calibrated,0.505193,0.085883,5.9206,7.2348,0.9137,0.4005
3781,6,7,13,weather_driven,historically_calibrated,0.531083,0.090284,6.1363,7.5813,1.007,0.4381
3782,6,7,14,weather_driven,historically_calibrated,0.608945,0.103521,6.7526,7.9757,0.9785,0.2447
3783,6,7,15,weather_driven,historically_calibrated,0.626963,0.106584,6.8888,8.498,0.8411,0.7682
3784,6,7,16,weather_driven,historically_calibrated,0.624174,0.10611,6.8679,8.6899,0.6648,1.1571
3785,6,7,17,weather_driven,historically_calibrated,0.70987,0.120678,7.4877,8.8236,0.4497,0.8861
3786,6,7,18,weather_driven,historically_calibrated,0.866456,0.147298,8.5113,8.8275,0.2398,0.0764
3787,6,7,19,weather_driven,historically_calibrated,0.852287,0.144889,8.4238,8.5809,0.1568,0.0003
3788,6,7,20,weather_driven,historically_calibrated,0.814338,0.138437,8.1847,8.2573,0.0726,0.0
3789,6,7,21,weather_driven,historically_calibrated,0.768918,0.130716,7.889,7.9006,0.0117,0.0
3790,6,7,22,weather_driven,historically_calibrated,0.724131,0.123102,7.5865,7.5865,0.0,0.0
3791,6,7,23,weather_driven,historically_calibrated,0.681116,0.11579,7.285,7.2853,0.0,0.0003
3792,6,7,24,weather_driven,historically_calibrated,0.492419,0.083711,5.812,5.8365,0.0,0.0245
3793,6,8,1,weather_driven,historically_calibrated,0.464661,0.078992,5.571,5.5767,0.0,0.0057
3794,6,8,2,weather_driven,historically_calibrated,0.404226,0.068718,5.0201,5.5401,0.0,0.52
3795,6,8,3,weather_driven,historically_calibrated,0.401047,0.068178,4.9901,5.5546,0.0,0.5645
3796,6,8,4,weather_driven,historically_calibrated,0.371965,0.063234,4.7101,5.5962,0.0,0.8861
3797,6,8,5,weather_driven,historically_calibrated,0.36834,0.062618,4.6745,5.6901,0.0,1.0156
3798,6,8,6,weather_driven,historically_calibrated,0.43403,0.073785,5.2964,5.9835,0.0259,0.6611
3799,6,8,7,weather_driven,historically_calibrated,0.617233,0.10493,6.8155,7.286,0.0324,0.4381
3800,6,8,8,weather_driven,historically_calibrated,0.622145,0.105765,6.8526,7.4812,0.1905,0.4381
3801,6,8,9,weather_driven,historically_calibrated,0.607708,0.10331,6.7431,7.5625,0.2994,0.52
3802,6,8,10,weather_driven,historically_calibrated,0.586073,0.099632,6.5763,7.489,0.6117,0.3009
3803,6,8,11,weather_driven,historically_calibrated,0.562475,0.095621,6.3904,7.3109,0.8657,0.0548
3804,6,8,12,weather_driven,historically_calibrated,0.529615,0.090035,6.1242,7.1349,1.0083,0.0024
3805,6,8,13,weather_driven,historically_calibrated,0.512282,0.087088,5.9802,7.0546,1.0744,0.0
3806,6,8,14,weather_driven,historically_calibrated,0.531141,0.090294,6.1368,7.1791,1.0342,0.0081
3807,6,8,15,weather_driven,historically_calibrated,0.571131,0.097092,6.4591,7.4754,0.8204,0.1959
3808,6,8,16,weather_driven,historically_calibrated,0.565373,0.096113,6.4135,7.9813,0.6817,0.8861
3809,6,8,17,weather_driven,historically_calibrated,0.772986,0.131408,7.9159,8.3811,0.4614,0.0038
3810,6,8,18,weather_driven,historically_calibrated,0.750061,0.12751,7.763,8.1434,0.2618,0.1187
3811,6,8,19,weather_driven,historically_calibrated,0.78862,0.134065,8.0186,8.235,0.1788,0.0376
3812,6,8,20,weather_driven,historically_calibrated,0.790332,0.134356,8.0297,8.1433,0.0829,0.0306
3813,6,8,21,weather_driven,historically_calibrated,0.756861,0.128666,7.8086,7.9006,0.0156,0.0764
3814,6,8,22,weather_driven,historically_calibrated,0.723781,0.123043,7.5841,7.5865,0.0,0.0024
3815,6,8,23,weather_driven,historically_calibrated,0.677734,0.115215,7.2608,7.2853,0.0,0.0245
3816,6,8,24,weather_driven,historically_calibrated,0.483262,0.082155,5.7333,5.8365,0.0,0.1032
3817,6,9,1,weather_driven,historically_calibrated,0.40617,0.069049,5.0384,5.0932,0.0,0.0548
3818,6,9,2,weather_driven,historically_calibrated,0.410821,0.06984,5.0821,5.0969,0.0,0.0148
3819,6,9,3,weather_driven,historically_calibrated,0.412968,0.070205,5.1022,5.1103,0.0,0.0081
3820,6,9,4,weather_driven,historically_calibrated,0.426121,0.072441,5.224,5.224,0.0,0.0
3821,6,9,5,weather_driven,historically_calibrated,0.456612,0.077624,5.4997,5.5036,0.0039,0.0
3822,6,9,6,weather_driven,historically_calibrated,0.458784,0.077993,5.519,5.5838,0.0648,0.0
3823,6,9,7,weather_driven,historically_calibrated,0.582886,0.099091,6.5515,6.7031,0.1516,0.0
3824,6,9,8,weather_driven,historically_calibrated,0.589799,0.100266,6.6053,6.8827,0.2773,0.0
3825,6,9,9,weather_driven,historically_calibrated,0.576971,0.098085,6.5051,6.9575,0.451,0.0014
3826,6,9,10,weather_driven,historically_calibrated,0.552576,0.093938,6.3111,6.8899,0.578,0.0007
3827,6,9,11,weather_driven,historically_calibrated,0.535817,0.091089,6.1751,6.726,0.5495,0.0014
3828,6,9,12,weather_driven,historically_calibrated,0.526383,0.089485,6.0976,6.5641,0.4666,0.0
3829,6,9,13,weather_driven,historically_calibrated,0.529839,0.090073,6.1261,6.4902,0.3642,0.0
3830,6,9,14,weather_driven,historically_calibrated,0.529792,0.090065,6.1257,6.5437,0.4173,0.0007
3831,6,9,15,weather_driven,historically_calibrated,0.555623,0.094456,6.3356,6.7205,0.3849,0.0
3832,6,9,16,weather_driven,historically_calibrated,0.601139,0.102194,6.6929,6.9843,0.289,0.0024
3833,6,9,17,weather_driven,historically_calibrated,0.651769,0.110801,7.0727,7.2696,0.1931,0.0038
3834,6,9,18,weather_driven,historically_calibrated,0.66503,0.113055,7.1693,7.492,0.2462,0.0764
3835,6,9,19,weather_driven,historically_calibrated,0.675249,0.114792,7.243,7.5762,0.1374,0.1959
3836,6,9,20,weather_driven,historically_calibrated,0.652937,0.110999,7.0812,7.4918,0.0454,0.3652
3837,6,9,21,weather_driven,historically_calibrated,0.617503,0.104976,6.8176,7.2686,0.013,0.4381
3838,6,9,22,weather_driven,historically_calibrated,0.615897,0.104702,6.8054,6.9796,0.0,0.1741
3839,6,9,23,weather_driven,historically_calibrated,0.582489,0.099023,6.5484,6.7024,0.0,0.1541
3840,6,9,24,weather_driven,historically_calibrated,0.433667,0.073723,5.2931,5.3696,0.0,0.0764
3841,6,10,1,weather_driven,historically_calibrated,0.377197,0.064123,4.7612,5.0932,0.0,0.332
3842,6,10,2,weather_driven,historically_calibrated,0.339297,0.057681,4.3836,5.0969,0.0,0.7133
3843,6,10,3,weather_driven,historically_calibrated,0.382161,0.064967,4.8094,5.1103,0.0,0.3009
3844,6,10,4,weather_driven,historically_calibrated,0.36795,0.062552,4.6707,5.1485,0.0,0.4779
3845,6,10,5,weather_driven,historically_calibrated,0.369546,0.062823,4.6863,5.3501,0.0026,0.6611
3846,6,10,6,weather_driven,historically_calibrated,0.353603,0.060113,4.5282,5.5048,0.0272,0.9494
3847,6,10,7,weather_driven,historically_calibrated,0.47558,0.080849,5.6666,6.7523,0.07,1.0156
3848,6,10,8,weather_driven,historically_calibrated,0.533135,0.090633,6.1532,7.1855,0.0829,0.9494
3849,6,10,9,weather_driven,historically_calibrated,0.489578,0.083228,5.7877,6.9575,0.1542,1.0156
3850,6,10,10,weather_driven,historically_calibrated,0.455704,0.07747,5.4917,6.8899,0.2411,1.1571
3851,6,10,11,weather_driven,historically_calibrated,0.386552,0.065714,4.8517,6.726,0.3072,1.5671
3852,6,10,12,weather_driven,historically_calibrated,0.253527,0.0431,3.4584,6.5641,0.3188,2.7869
3853,6,10,13,weather_driven,historically_calibrated,0.044164,0.007508,0.6271,6.4902,0.3681,5.4951
3854,6,10,14,weather_driven,historically_calibrated,0.058405,0.009929,0.8542,6.5437,0.4005,5.2891
3855,6,10,15,weather_driven,historically_calibrated,0.119371,0.020293,1.7606,6.7205,0.2579,4.702
3856,6,10,16,weather_driven,historically_calibrated,0.13076,0.022229,1.9193,6.9843,0.1724,4.8926
3857,6,10,17,weather_driven,historically_calibrated,0.13426,0.022824,1.9675,7.2696,0.2138,5.0882
3858,6,10,18,weather_driven,historically_calibrated,0.207308,0.035242,2.9126,7.492,0.2436,4.3358
3859,6,10,19,weather_driven,historically_calibrated,0.266528,0.04531,3.6056,7.5762,0.1477,3.8229
3860,6,10,20,weather_driven,historically_calibrated,0.336956,0.057283,4.3597,7.4918,0.0713,3.0608
3861,6,10,21,weather_driven,historically_calibrated,0.347305,0.059042,4.4649,7.2686,0.0168,2.7869
3862,6,10,22,weather_driven,historically_calibrated,0.436646,0.07423,5.3203,6.9796,0.0,1.6593
3863,6,10,23,weather_driven,historically_calibrated,0.49292,0.083796,5.8163,6.7024,0.0,0.8861
3864,6,10,24,weather_driven,historically_calibrated,0.344127,0.058502,4.4327,5.4483,0.0,1.0156
3865,6,11,1,weather_driven,historically_calibrated,0.378284,0.064308,4.7717,5.6579,0.0,0.8861
3866,6,11,2,weather_driven,historically_calibrated,0.376381,0.063985,4.7532,5.7026,0.0,0.9494
3867,6,11,3,weather_driven,historically_calibrated,0.417758,0.071019,5.1467,5.7583,0.0,0.6116
3868,6,11,4,weather_driven,historically_calibrated,0.446089,0.075835,5.4056,5.8835,0.0,0.4779
3869,6,11,5,weather_driven,historically_calibrated,0.490147,0.083325,5.7926,6.2743,0.0039,0.4779
3870,6,11,6,weather_driven,historically_calibrated,0.544629,0.092587,6.2469,6.6705,0.0583,0.3652
3871,6,11,7,weather_driven,historically_calibrated,0.742122,0.126161,7.7093,8.1943,0.1529,0.332
3872,6,11,8,weather_driven,historically_calibrated,0.642422,0.109212,7.0039,7.8652,0.2968,0.5645
3873,6,11,9,weather_driven,historically_calibrated,0.567737,0.096515,6.4322,7.5625,0.4692,0.6611
3874,6,11,10,weather_driven,historically_calibrated,0.49886,0.084806,5.8669,7.489,0.6726,0.9494
3875,6,11,11,weather_driven,historically_calibrated,0.50399,0.085678,5.9104,7.3109,0.8359,0.5645
3876,6,11,12,weather_driven,historically_calibrated,0.469256,0.079774,5.6114,7.1349,0.5741,0.9494
3877,6,11,13,weather_driven,historically_calibrated,0.499015,0.084833,5.8683,7.0546,0.473,0.7133
3878,6,11,14,weather_driven,historically_calibrated,0.413702,0.070329,5.109,7.1127,0.9189,1.0848
3879,6,11,15,weather_driven,historically_calibrated,0.518865,0.088207,6.0352,7.3049,0.5016,0.7682
3880,6,11,16,weather_driven,historically_calibrated,0.622572,0.105837,6.8558,7.5916,0.464,0.2718
3881,6,11,17,weather_driven,historically_calibrated,0.702111,0.119359,7.4335,7.9017,0.4601,0.0081
3882,6,11,18,weather_driven,historically_calibrated,0.723108,0.122928,7.5794,8.1434,0.2631,0.3009
3883,6,11,19,weather_driven,historically_calibrated,0.730442,0.124175,7.6298,8.235,0.1672,0.4381
3884,6,11,20,weather_driven,historically_calibrated,0.750298,0.127551,7.7646,8.1433,0.0778,0.3009
3885,6,11,21,weather_driven,historically_calibrated,0.749994,0.127499,7.7625,7.9006,0.0194,0.1187
3886,6,11,22,weather_driven,historically_calibrated,0.704587,0.11978,7.4509,7.5865,0.0,0.1356
3887,6,11,23,weather_driven,historically_calibrated,0.657028,0.111695,7.1111,7.2853,0.0,0.1741
3888,6,11,24,weather_driven,historically_calibrated,0.457145,0.077715,5.5045,5.8365,0.0,0.332
3889,6,12,1,weather_driven,historically_calibrated,0.459151,0.078056,5.5223,5.6579,0.0,0.1356
3890,6,12,2,weather_driven,historically_calibrated,0.522241,0.088781,6.0633,6.1089,0.0,0.0457
3891,6,12,3,weather_driven,historically_calibrated,0.582508,0.099026,6.5485,6.573,0.0,0.0245
3892,6,12,4,weather_driven,historically_calibrated,0.644801,0.109616,7.0214,7.0326,0.0,0.0111
3893,6,12,5,weather_driven,historically_calibrated,0.708301,0.120411,7.4768,7.4844,0.0052,0.0024
3894,6,12,6,weather_driven,historically_calibrated,0.73174,0.124396,7.6387,7.7009,0.0622,0.0
3895,6,12,7,weather_driven,historically_calibrated,0.946889,0.160971,8.9909,9.156,0.1594,0.0057
3896,6,12,8,weather_driven,historically_calibrated,0.842321,0.143195,8.3617,8.6881,0.302,0.0245
3897,6,12,9,weather_driven,historically_calibrated,0.750949,0.127661,7.7689,8.228,0.4134,0.0457
3898,6,12,10,weather_driven,historically_calibrated,0.655912,0.111505,7.103,7.5988,0.4653,0.0306
3899,6,12,11,weather_driven,historically_calibrated,0.603784,0.102643,6.7131,7.3109,0.5521,0.0457
3900,6,12,12,weather_driven,historically_calibrated,0.586263,0.099665,6.5778,7.1349,0.5378,0.0193
3901,6,12,13,weather_driven,historically_calibrated,0.541495,0.092054,6.2215,7.0546,0.8139,0.0193
3902,6,12,14,weather_driven,historically_calibrated,0.538422,0.091532,6.1964,7.1127,0.8787,0.0376
3903,6,12,15,weather_driven,historically_calibrated,0.592285,0.100688,6.6246,7.3049,0.6765,0.0038
3904,6,12,16,weather_driven,historically_calibrated,0.653258,0.111054,7.0836,7.5916,0.508,0.0
3905,6,12,17,weather_driven,historically_calibrated,0.722887,0.122891,7.5779,7.9017,0.3046,0.0193
3906,6,12,18,weather_driven,historically_calibrated,0.78112,0.13279,7.9695,8.1434,0.1737,0.0003
3907,6,12,19,weather_driven,historically_calibrated,0.800598,0.136102,8.0964,8.235,0.1387,0.0
3908,6,12,20,weather_driven,historically_calibrated,0.800435,0.136074,8.0953,8.1433,0.048,0.0
3909,6,12,21,weather_driven,historically_calibrated,0.769114,0.130749,7.8903,7.9006,0.0104,0.0
3910,6,12,22,weather_driven,historically_calibrated,0.724131,0.123102,7.5865,7.5865,0.0,0.0
3911,6,12,23,weather_driven,historically_calibrated,0.681158,0.115797,7.2853,7.2853,0.0,0.0
3912,6,12,24,weather_driven,historically_calibrated,0.495285,0.084198,5.8365,5.8365,0.0,0.0
3913,6,13,1,weather_driven,historically_calibrated,0.460711,0.078321,5.5361,5.5361,0.0,0.0
3914,6,13,2,weather_driven,historically_calibrated,0.461167,0.078398,5.5401,5.5401,0.0,0.0
3915,6,13,3,weather_driven,historically_calibrated,0.457655,0.077801,5.509,5.5546,0.0,0.0457
3916,6,13,4,weather_driven,historically_calibrated,0.467255,0.079433,5.5938,5.5962,0.0,0.0024
3917,6,13,5,weather_driven,historically_calibrated,0.487624,0.082896,5.7709,5.7736,0.0026,0.0001
3918,6,13,6,weather_driven,historically_calibrated,0.50789,0.086341,5.9433,5.9835,0.0402,0.0
3919,6,13,7,weather_driven,historically_calibrated,0.689763,0.11726,7.3465,7.4463,0.0998,0.0
3920,6,13,8,weather_driven,historically_calibrated,0.675032,0.114755,7.2414,7.4812,0.2398,0.0
3921,6,13,9,weather_driven,historically_calibrated,0.671927,0.114228,7.2191,7.5625,0.3434,0.0
3922,6,13,10,weather_driven,historically_calibrated,0.633917,0.107766,6.9408,7.489,0.5482,0.0
3923,6,13,11,weather_driven,historically_calibrated,0.610782,0.103833,6.7666,7.3109,0.5443,0.0
3924,6,13,12,weather_driven,historically_calibrated,0.574657,0.097692,6.4869,7.1349,0.648,0.0
3925,6,13,13,weather_driven,historically_calibrated,0.544663,0.092593,6.2472,7.0546,0.8074,0.0
3926,6,13,14,weather_driven,historically_calibrated,0.550254,0.093543,6.2924,7.1127,0.8165,0.0038
3927,6,13,15,weather_driven,historically_calibrated,0.599067,0.101841,6.6769,7.3049,0.6273,0.0007
3928,6,13,16,weather_driven,historically_calibrated,0.659731,0.112154,7.1308,7.5916,0.4601,0.0007
3929,6,13,17,weather_driven,historically_calibrated,0.712931,0.121198,7.509,7.9017,0.3927,0.0
3930,6,13,18,weather_driven,historically_calibrated,0.747325,0.127045,7.7445,8.1434,0.3097,0.0892
3931,6,13,19,weather_driven,historically_calibrated,0.785204,0.133485,7.9962,8.235,0.184,0.0548
3932,6,13,20,weather_driven,historically_calibrated,0.79315,0.134835,8.0481,8.1433,0.0804,0.0148
3933,6,13,21,weather_driven,historically_calibrated,0.768164,0.130588,7.884,7.9006,0.0143,0.0024
3934,6,13,22,weather_driven,historically_calibrated,0.721977,0.122736,7.5716,7.5865,0.0,0.0148
3935,6,13,23,weather_driven,historically_calibrated,0.674783,0.114713,7.2396,7.2853,0.0,0.0457
3936,6,13,24,weather_driven,historically_calibrated,0.486366,0.082682,5.7601,5.8365,0.0,0.0764
3937,6,14,1,weather_driven,historically_calibrated,0.443467,0.075389,5.382,5.5361,0.0,0.1541
3938,6,14,2,weather_driven,historically_calibrated,0.454998,0.07735,5.4854,5.5401,0.0,0.0548
3939,6,14,3,weather_driven,historically_calibrated,0.452768,0.076971,5.4655,5.5546,0.0,0.0892
3940,6,14,4,weather_driven,historically_calibrated,0.462347,0.078599,5.5506,5.5962,0.0,0.0457
3941,6,14,5,weather_driven,historically_calibrated,0.47366,0.080522,5.6499,5.6901,0.0026,0.0376
3942,6,14,6,weather_driven,historically_calibrated,0.491006,0.083471,5.7999,5.8547,0.0467,0.0081
3943,6,14,7,weather_driven,historically_calibrated,0.662204,0.112575,7.1488,7.286,0.1348,0.0024
3944,6,14,8,weather_driven,historically_calibrated,0.677571,0.115187,7.2596,7.4812,0.2177,0.0038
3945,6,14,9,weather_driven,historically_calibrated,0.667395,0.113457,7.1864,7.5625,0.3305,0.0457
3946,6,14,10,weather_driven,historically_calibrated,0.647598,0.110092,7.042,7.5589,0.4277,0.0892
3947,6,14,11,weather_driven,historically_calibrated,0.680593,0.115701,7.2812,8.0956,0.6402,0.1741
3948,6,14,12,weather_driven,historically_calibrated,0.697567,0.118586,7.4016,8.4335,0.6998,0.332
3949,6,14,13,weather_driven,historically_calibrated,0.803327,0.136566,8.114,9.1945,0.8087,0.2718
3950,6,14,14,weather_driven,historically_calibrated,0.845194,0.143683,8.3796,9.8345,0.8904,0.5645
3951,6,14,15,weather_driven,historically_calibrated,0.713872,0.121358,7.5156,10.2025,0.7296,1.9573
3952,6,14,16,weather_driven,historically_calibrated,0.81828,0.139108,8.2098,10.3549,0.3901,1.755
3953,6,14,17,weather_driven,historically_calibrated,0.64156,0.109065,6.9975,7.9017,0.1361,0.7682
3954,6,14,18,weather_driven,historically_calibrated,0.689433,0.117204,7.3441,8.2194,0.162,0.7133
3955,6,14,19,weather_driven,historically_calibrated,0.74703,0.126995,7.7425,8.235,0.0544,0.4381
3956,6,14,20,weather_driven,historically_calibrated,0.437484,0.074372,5.3279,8.1433,0.0285,2.7869
3957,6,14,21,weather_driven,historically_calibrated,0.555198,0.094384,6.3322,7.9006,0.0013,1.5671
3958,6,14,22,weather_driven,historically_calibrated,0.505973,0.086015,5.9272,7.5865,0.0,1.6593
3959,6,14,23,weather_driven,historically_calibrated,0.635593,0.108051,6.9532,7.2853,0.0,0.332
3960,6,14,24,weather_driven,historically_calibrated,0.463946,0.078871,5.5647,5.8365,0.0,0.2718
3961,6,15,1,weather_driven,historically_calibrated,0.388967,0.066124,4.875,5.5361,0.0,0.6611
3962,6,15,2,weather_driven,historically_calibrated,0.421208,0.071605,5.1787,5.7433,0.0,0.5645
3963,6,15,3,weather_driven,historically_calibrated,0.384961,0.065443,4.8364,5.9213,0.0,1.0848
3964,6,15,4,weather_driven,historically_calibrated,0.482112,0.081959,5.7233,6.3349,0.0,0.6116
3965,6,15,5,weather_driven,historically_calibrated,0.569099,0.096747,6.443,6.6916,0.0039,0.2447
3966,6,15,6,weather_driven,historically_calibrated,0.597488,0.101573,6.6648,6.9281,0.0674,0.1959
3967,6,15,7,weather_driven,historically_calibrated,0.811549,0.137963,8.1668,8.5683,0.1568,0.2447
3968,6,15,8,weather_driven,historically_calibrated,0.745741,0.126776,7.7338,8.4687,0.2968,0.4381
3969,6,15,9,weather_driven,historically_calibrated,0.624475,0.106161,6.8701,8.0616,0.4782,0.7133
3970,6,15,10,weather_driven,historically_calibrated,0.532913,0.090595,6.1513,7.489,0.6765,0.6611
3971,6,15,11,weather_driven,historically_calibrated,0.508446,0.086436,5.948,7.3109,0.7983,0.5645
3972,6,15,12,weather_driven,historically_calibrated,0.431591,0.073371,5.2742,7.1349,0.9746,0.8861
3973,6,15,13,weather_driven,historically_calibrated,0.489936,0.083289,5.7907,7.0546,0.9318,0.332
3974,6,15,14,weather_driven,historically_calibrated,0.481335,0.081827,5.7166,7.1127,0.8761,0.52
3975,6,15,15,weather_driven,historically_calibrated,0.542961,0.092303,6.2334,7.3049,0.7063,0.3652
3976,6,15,16,weather_driven,historically_calibrated,0.6066,0.103122,6.7347,7.5916,0.5249,0.332
3977,6,15,17,weather_driven,historically_calibrated,0.666084,0.113234,7.1769,7.9017,0.5054,0.2194
3978,6,15,18,weather_driven,historically_calibrated,0.67235,0.114299,7.2221,8.1434,0.3097,0.6116
3979,6,15,19,weather_driven,historically_calibrated,0.737508,0.125376,7.678,8.235,0.1918,0.3652
3980,6,15,20,weather_driven,historically_calibrated,0.750578,0.127598,7.7665,8.1433,0.105,0.2718
3981,6,15,21,weather_driven,historically_calibrated,0.743982,0.126477,7.7219,7.9006,0.0246,0.1541
3982,6,15,22,weather_driven,historically_calibrated,0.736149,0.125145,7.6687,7.8646,0.0,0.1959
3983,6,15,23,weather_driven,historically_calibrated,0.73922,0.125667,7.6896,7.7661,0.0,0.0764
3984,6,15,24,weather_driven,historically_calibrated,0.557076,0.094703,6.3473,6.3929,0.0,0.0457
3985,6,16,1,weather_driven,historically_calibrated,0.474842,0.080723,5.6602,5.6908,0.0,0.0306
3986,6,16,2,weather_driven,historically_calibrated,0.494912,0.084135,5.8333,5.8445,0.0,0.0111
3987,6,16,3,weather_driven,historically_calibrated,0.515346,0.087609,6.0059,6.0097,0.0,0.0038
3988,6,16,4,weather_driven,historically_calibrated,0.544189,0.092512,6.2433,6.2434,0.0,0.0001
3989,6,16,5,weather_driven,historically_calibrated,0.580775,0.098732,6.535,6.5401,0.0052,0.0
3990,6,16,6,weather_driven,historically_calibrated,0.60293,0.102498,6.7066,6.7688,0.0622,0.0
3991,6,16,7,weather_driven,historically_calibrated,0.812002,0.13804,8.1697,8.3253,0.1555,0.0
3992,6,16,8,weather_driven,historically_calibrated,0.791205,0.134505,8.0354,8.2959,0.2605,0.0
3993,6,16,9,weather_driven,historically_calibrated,0.717302,0.121941,7.5393,7.9269,0.3875,0.0001
3994,6,16,10,weather_driven,historically_calibrated,0.670374,0.113964,7.2079,7.5972,0.3836,0.0057
3995,6,16,11,weather_driven,historically_calibrated,0.635657,0.108062,6.9537,7.3179,0.3266,0.0376
3996,6,16,12,weather_driven,historically_calibrated,0.503034,0.085516,5.9023,6.5641,0.5262,0.1356
3997,6,16,13,weather_driven,historically_calibrated,0.533368,0.090672,6.1551,6.633,0.3888,0.0892
3998,6,16,14,weather_driven,historically_calibrated,0.664609,0.112984,7.1662,7.5994,0.3784,0.0548
3999,6,16,15,weather_driven,historically_calibrated,0.568788,0.096694,6.4406,6.8191,0.3771,0.0014
4000,6,16,16,weather_driven,historically_calibrated,0.572383,0.097305,6.469,6.9843,0.4847,0.0306
4001,6,16,17,weather_driven,historically_calibrated,0.576171,0.097949,6.4988,7.2696,0.2929,0.4779
4002,6,16,18,weather_driven,historically_calibrated,0.670049,0.113908,7.2055,7.492,0.2864,0.0
4003,6,16,19,weather_driven,historically_calibrated,0.692547,0.117733,7.3662,7.5762,0.21,0.0001
4004,6,16,20,weather_driven,historically_calibrated,0.696021,0.118324,7.3907,7.4918,0.1011,0.0
4005,6,16,21,weather_driven,historically_calibrated,0.678058,0.11527,7.2631,7.2686,0.0052,0.0003
4006,6,16,22,weather_driven,historically_calibrated,0.695782,0.118283,7.389,7.389,0.0,0.0
4007,6,16,23,weather_driven,historically_calibrated,0.710031,0.120705,7.4889,7.4889,0.0,0.0
4008,6,16,24,weather_driven,historically_calibrated,0.538432,0.091533,6.1965,6.1965,0.0,0.0
4009,6,17,1,weather_driven,historically_calibrated,0.513402,0.087278,5.9896,5.9896,0.0,0.0
4010,6,17,2,weather_driven,historically_calibrated,0.513925,0.087367,5.994,5.994,0.0,0.0
4011,6,17,3,weather_driven,historically_calibrated,0.580696,0.098718,6.5343,6.5343,0.0,0.0
4012,6,17,4,weather_driven,historically_calibrated,0.577303,0.098141,6.5077,6.5077,0.0,0.0
4013,6,17,5,weather_driven,historically_calibrated,0.576048,0.097928,6.4979,6.5018,0.0039,0.0
4014,6,17,6,weather_driven,historically_calibrated,0.56894,0.09672,6.4418,6.4923,0.0505,0.0
4015,6,17,7,weather_driven,historically_calibrated,0.736214,0.125156,7.6692,7.7845,0.1153,0.0
4016,6,17,8,weather_driven,historically_calibrated,0.679098,0.115447,7.2705,7.5388,0.2683,0.0
4017,6,17,9,weather_driven,historically_calibrated,0.650616,0.110605,7.0642,7.4167,0.3525,0.0
4018,6,17,10,weather_driven,historically_calibrated,0.620712,0.105521,6.8418,7.193,0.3512,0.0
4019,6,17,11,weather_driven,historically_calibrated,0.606204,0.103055,6.7317,7.022,0.2903,0.0
4020,6,17,12,weather_driven,historically_calibrated,0.499003,0.084831,5.8682,6.5641,0.696,0.0
4021,6,17,13,weather_driven,historically_calibrated,0.477885,0.081241,5.6867,6.4902,0.8035,0.0
4022,6,17,14,weather_driven,historically_calibrated,0.514726,0.087503,6.0007,6.5437,0.543,0.0
4023,6,17,15,weather_driven,historically_calibrated,0.530892,0.090252,6.1347,6.7205,0.5858,0.0
4024,6,17,16,weather_driven,historically_calibrated,0.579566,0.098526,6.5255,6.9843,0.4588,0.0
4025,6,17,17,weather_driven,historically_calibrated,0.612849,0.104184,6.7823,7.2696,0.4873,0.0
4026,6,17,18,weather_driven,historically_calibrated,0.668539,0.113652,7.1947,7.492,0.2916,0.0057
4027,6,17,19,weather_driven,historically_calibrated,0.686316,0.116674,7.322,7.5762,0.1892,0.065
4028,6,17,20,weather_driven,historically_calibrated,0.695788,0.118284,7.3891,7.4918,0.0946,0.0081
4029,6,17,21,weather_driven,historically_calibrated,0.675569,0.114847,7.2453,7.2686,0.0233,0.0
4030,6,17,22,weather_driven,historically_calibrated,0.639138,0.108653,6.9796,6.9796,0.0,0.0
4031,6,17,23,weather_driven,historically_calibrated,0.65491,0.111335,7.0957,7.0957,0.0,0.0
4032,6,17,24,weather_driven,historically_calibrated,0.486748,0.082747,5.7634,5.7634,0.0,0.0
4033,6,18,1,weather_driven,historically_calibrated,0.512574,0.087138,5.9827,5.9827,0.0,0.0
4034,6,18,2,weather_driven,historically_calibrated,0.519898,0.088383,6.0438,6.0683,0.0,0.0245
4035,6,18,3,weather_driven,historically_calibrated,0.554576,0.094278,6.3272,6.3286,0.0,0.0014
4036,6,18,4,weather_driven,historically_calibrated,0.613383,0.104275,6.7863,6.7863,0.0,0.0
4037,6,18,5,weather_driven,historically_calibrated,0.64439,0.109546,7.0184,7.0254,0.0013,0.0057
4038,6,18,6,weather_driven,historically_calibrated,0.687418,0.116861,7.3298,7.3574,0.0194,0.0081
4039,6,18,7,weather_driven,historically_calibrated,1.005418,0.170921,9.323,9.3698,0.0467,0.0001
4040,6,18,8,weather_driven,historically_calibrated,1.009005,0.171531,9.3429,9.6208,0.1037,0.1741
4041,6,18,9,weather_driven,historically_calibrated,0.995537,0.169241,9.2679,9.559,0.1555,0.1356
4042,6,18,10,weather_driven,historically_calibrated,0.937753,0.159418,8.9379,9.4111,0.1724,0.3009
4043,6,18,11,weather_driven,historically_calibrated,0.890399,0.151368,8.657,9.1874,0.1983,0.332
4044,6,18,12,weather_driven,historically_calibrated,0.862061,0.14655,8.4842,9.1232,0.2009,0.4381
4045,6,18,13,weather_driven,historically_calibrated,0.938606,0.159563,8.9428,9.4344,0.2722,0.2194
4046,6,18,14,weather_driven,historically_calibrated,0.904487,0.153763,8.7416,9.2513,0.2903,0.2194
4047,6,18,15,weather_driven,historically_calibrated,0.834011,0.141782,8.3095,9.2334,0.3123,0.6116
4048,6,18,16,weather_driven,historically_calibrated,0.98585,0.167594,9.2135,9.8185,0.2398,0.3652
4049,6,18,17,weather_driven,historically_calibrated,1.059871,0.180178,9.6203,10.0457,0.2061,0.2194
4050,6,18,18,weather_driven,historically_calibrated,1.013628,0.172317,9.3685,10.0544,0.1659,0.52
4051,6,18,19,weather_driven,historically_calibrated,0.877308,0.149142,8.5777,8.9597,0.1374,0.2447
4052,6,18,20,weather_driven,historically_calibrated,0.868746,0.147687,8.5253,8.9196,0.0622,0.332
4053,6,18,21,weather_driven,historically_calibrated,0.828747,0.140887,8.2763,8.7697,0.0156,0.4779
4054,6,18,22,weather_driven,historically_calibrated,0.87557,0.148847,8.5671,8.6435,0.0,0.0764
4055,6,18,23,weather_driven,historically_calibrated,0.879385,0.149496,8.5903,8.6209,0.0,0.0306
4056,6,18,24,weather_driven,historically_calibrated,0.720401,0.122468,7.5608,7.5913,0.0,0.0306
4057,6,19,1,weather_driven,historically_calibrated,0.67542,0.114821,7.2442,7.2818,0.0,0.0376
4058,6,19,2,weather_driven,historically_calibrated,0.73694,0.12528,7.6741,7.6934,0.0,0.0193
4059,6,19,3,weather_driven,historically_calibrated,0.802101,0.136357,8.1061,8.1209,0.0,0.0148
4060,6,19,4,weather_driven,historically_calibrated,0.826384,0.140485,8.2613,8.2637,0.0,0.0024
4061,6,19,5,weather_driven,historically_calibrated,0.848015,0.144163,8.3972,8.4024,0.0052,0.0
4062,6,19,6,weather_driven,historically_calibrated,0.856812,0.145658,8.4518,8.5166,0.0648,0.0
4063,6,19,7,weather_driven,historically_calibrated,1.072921,0.182397,9.6899,9.8506,0.1607,0.0
4064,6,19,8,weather_driven,historically_calibrated,0.921047,0.156578,8.8399,9.127,0.2864,0.0007
4065,6,19,9,weather_driven,historically_calibrated,0.756242,0.128561,7.8045,8.2835,0.4484,0.0306
4066,6,19,10,weather_driven,historically_calibrated,0.613212,0.104246,6.785,7.489,0.6389,0.065
4067,6,19,11,weather_driven,historically_calibrated,0.563023,0.095714,6.3948,7.3109,0.762,0.1541
4068,6,19,12,weather_driven,historically_calibrated,0.550241,0.093541,6.2923,7.1349,0.6467,0.1959
4069,6,19,13,weather_driven,historically_calibrated,0.545083,0.092664,6.2506,7.0546,0.6299,0.1741
4070,6,19,14,weather_driven,historically_calibrated,0.614276,0.104427,6.7931,7.1127,0.3084,0.0111
4071,6,19,15,weather_driven,historically_calibrated,0.55904,0.095037,6.363,7.3049,0.5767,0.3652
4072,6,19,16,weather_driven,historically_calibrated,0.63255,0.107534,6.9306,7.5916,0.2605,0.4005
4073,6,19,17,weather_driven,historically_calibrated,0.730221,0.124138,7.6283,7.9017,0.2735,0.0
4074,6,19,18,weather_driven,historically_calibrated,0.775061,0.13176,7.9296,8.1434,0.2138,0.0
4075,6,19,19,weather_driven,historically_calibrated,0.803998,0.13668,8.1183,8.235,0.1166,0.0001
4076,6,19,20,weather_driven,historically_calibrated,0.800846,0.136144,8.098,8.1433,0.0415,0.0038
4077,6,19,21,weather_driven,historically_calibrated,0.764899,0.130033,7.8623,7.9006,0.0078,0.0306
4078,6,19,22,weather_driven,historically_calibrated,0.713074,0.121223,7.51,7.5865,0.0,0.0764
4079,6,19,23,weather_driven,historically_calibrated,0.672091,0.114256,7.2203,7.2853,0.0,0.065
4080,6,19,24,weather_driven,historically_calibrated,0.49303,0.083815,5.8172,5.8365,0.0,0.0193
4081,6,20,1,weather_driven,historically_calibrated,0.472875,0.080389,5.643,5.6579,0.0,0.0148
4082,6,20,2,weather_driven,historically_calibrated,0.474772,0.080711,5.6596,5.662,0.0,0.0024
4083,6,20,3,weather_driven,historically_calibrated,0.460632,0.078307,5.5354,5.5546,0.0,0.0193
4084,6,20,4,weather_driven,historically_calibrated,0.463257,0.078754,5.5586,5.5962,0.0,0.0376
4085,6,20,5,weather_driven,historically_calibrated,0.47274,0.080366,5.6419,5.6901,0.0026,0.0457
4086,6,20,6,weather_driven,historically_calibrated,0.488894,0.083112,5.7818,5.8547,0.0181,0.0548
4087,6,20,7,weather_driven,historically_calibrated,0.662538,0.112632,7.1512,7.286,0.0583,0.0764
4088,6,20,8,weather_driven,historically_calibrated,0.670964,0.114064,7.2121,7.4812,0.1503,0.1187
4089,6,20,9,weather_driven,historically_calibrated,0.648539,0.110252,7.049,7.5625,0.2942,0.2194
4090,6,20,10,weather_driven,historically_calibrated,0.530766,0.09023,6.1337,7.489,0.4692,0.8861
4091,6,20,11,weather_driven,historically_calibrated,0.58906,0.10014,6.5996,7.3109,0.6921,0.0193
4092,6,20,12,weather_driven,historically_calibrated,0.424203,0.072115,5.2064,7.1349,0.8437,1.0848
4093,6,20,13,weather_driven,historically_calibrated,0.489526,0.083219,5.7872,7.318,0.8696,0.6611
4094,6,20,14,weather_driven,historically_calibrated,0.520583,0.088499,6.0495,7.4115,0.7504,0.6116
4095,6,20,15,weather_driven,historically_calibrated,0.448016,0.076163,5.4229,7.714,0.8126,1.4784
4096,6,20,16,weather_driven,historically_calibrated,0.379996,0.064599,4.7884,7.9104,0.5923,2.5298
4097,6,20,17,weather_driven,historically_calibrated,0.64787,0.110138,7.044,8.0492,0.4406,0.5645
4098,6,20,18,weather_driven,historically_calibrated,0.555901,0.094503,6.3378,8.1434,0.2385,1.5671
4099,6,20,19,weather_driven,historically_calibrated,0.777075,0.132103,7.9429,8.6578,0.1503,0.5645
4100,6,20,20,weather_driven,historically_calibrated,0.697728,0.118614,7.4027,8.1433,0.0272,0.7133
4101,6,20,21,weather_driven,historically_calibrated,0.729543,0.124022,7.6236,7.9006,0.0052,0.2718
4102,6,20,22,weather_driven,historically_calibrated,0.724027,0.123085,7.5858,7.5865,0.0,0.0007
4103,6,20,23,weather_driven,historically_calibrated,0.790854,0.134445,8.0331,8.0332,0.0,0.0001
4104,6,20,24,weather_driven,historically_calibrated,0.58204,0.098947,6.5449,6.5641,0.0,0.0193
4105,6,21,1,weather_driven,historically_calibrated,0.534414,0.09085,6.1636,6.2669,0.0,0.1032
4106,6,21,2,weather_driven,historically_calibrated,0.474244,0.080621,5.655,5.987,0.0,0.332
4107,6,21,3,weather_driven,historically_calibrated,0.497233,0.08453,5.8531,6.1249,0.0,0.2718
4108,6,21,4,weather_driven,historically_calibrated,0.535972,0.091115,6.1764,6.2528,0.0,0.0764
4109,6,21,5,weather_driven,historically_calibrated,0.56815,0.096585,6.4355,6.5247,0.0,0.0892
4110,6,21,6,weather_driven,historically_calibrated,0.5859,0.099603,6.575,6.5846,0.0039,0.0057
4111,6,21,7,weather_driven,historically_calibrated,0.801298,0.136221,8.1009,8.1409,0.0376,0.0024
4112,6,21,8,weather_driven,historically_calibrated,0.839089,0.142645,8.3414,8.4138,0.0531,0.0193
4113,6,21,9,weather_driven,historically_calibrated,0.844,0.14348,8.3722,8.4499,0.0739,0.0038
4114,6,21,10,weather_driven,historically_calibrated,0.816927,0.138878,8.2012,8.3677,0.1516,0.0148
4115,6,21,11,weather_driven,historically_calibrated,0.681845,0.115914,7.2902,7.6862,0.2773,0.1187
4116,6,21,12,weather_driven,historically_calibrated,0.648002,0.11016,7.045,8.286,0.2916,0.9494
4117,6,21,13,weather_driven,historically_calibrated,0.733792,0.124745,7.6527,8.917,0.3149,0.9494
4118,6,21,14,weather_driven,historically_calibrated,0.425304,0.072302,5.2165,8.8862,0.3175,3.3521
4119,6,21,15,weather_driven,historically_calibrated,0.207846,0.035334,2.9191,8.912,0.2864,5.7064
4120,6,21,16,weather_driven,historically_calibrated,0.214442,0.036455,2.9992,9.0947,0.1724,5.9231
4121,6,21,17,weather_driven,historically_calibrated,0.200086,0.034015,2.8239,8.3073,0.1944,5.2891
4122,6,21,18,weather_driven,historically_calibrated,0.424341,0.072138,5.2076,10.2933,0.1931,4.8926
4123,6,21,19,weather_driven,historically_calibrated,0.446122,0.075841,5.4059,10.0467,0.1244,4.5164
4124,6,21,20,weather_driven,historically_calibrated,0.728241,0.123801,7.6147,10.8902,0.0713,3.2043
4125,6,21,21,weather_driven,historically_calibrated,0.731491,0.124353,7.637,10.8555,0.0143,3.2043
4126,6,21,22,weather_driven,historically_calibrated,0.744383,0.126545,7.7246,10.6463,0.0,2.9217
4127,6,21,23,weather_driven,historically_calibrated,0.694014,0.117982,7.3765,10.4374,0.0,3.0608
4128,6,21,24,weather_driven,historically_calibrated,0.304101,0.051697,4.0166,8.533,0.0,4.5164
4129,6,22,1,weather_driven,historically_calibrated,0.237221,0.040328,3.27,7.972,0.0,4.702
4130,6,22,2,weather_driven,historically_calibrated,0.218825,0.0372,3.0521,8.1403,0.0,5.0882
4131,6,22,3,weather_driven,historically_calibrated,0.28643,0.048693,3.8259,8.1616,0.0,4.3358
4132,6,22,4,weather_driven,historically_calibrated,0.352816,0.059979,4.5203,8.1817,0.0,3.6614
4133,6,22,5,weather_driven,historically_calibrated,0.538155,0.091486,6.1942,8.4859,0.0026,2.289
4134,6,22,6,weather_driven,historically_calibrated,0.547573,0.093087,6.2708,8.7313,0.0531,2.4074
4135,6,22,7,weather_driven,historically_calibrated,0.727835,0.123732,7.6119,10.5452,0.1464,2.7869
4136,6,22,8,weather_driven,historically_calibrated,0.773686,0.131527,7.9205,10.4986,0.289,2.289
4137,6,22,9,weather_driven,historically_calibrated,0.594146,0.101005,6.639,10.28,0.4368,3.2043
4138,6,22,10,weather_driven,historically_calibrated,0.622199,0.105774,6.853,9.521,0.6039,2.0641
4139,6,22,11,weather_driven,historically_calibrated,0.489657,0.083242,5.7884,8.544,0.7983,1.9573
4140,6,22,12,weather_driven,historically_calibrated,0.354162,0.060207,4.5338,7.9721,0.9085,2.5298
4141,6,22,13,weather_driven,historically_calibrated,0.339244,0.057672,4.3831,8.2962,0.9914,2.9217
4142,6,22,14,weather_driven,historically_calibrated,0.214541,0.036472,3.0004,8.2602,0.924,4.3358
4143,6,22,15,weather_driven,historically_calibrated,0.177707,0.03021,2.5427,7.5192,0.8165,4.16
4144,6,22,16,weather_driven,historically_calibrated,0.145923,0.024807,2.1259,7.87,0.6558,5.0882
4145,6,22,17,weather_driven,historically_calibrated,0.176616,0.030025,2.5288,8.2494,0.4316,5.2891
4146,6,22,18,weather_driven,historically_calibrated,0.48629,0.082669,5.7594,9.8156,0.2333,3.8229
4147,6,22,19,weather_driven,historically_calibrated,0.734612,0.124884,7.6583,9.322,0.1853,1.4784
4148,6,22,20,weather_driven,historically_calibrated,0.645475,0.109731,7.0264,9.5167,0.0829,2.4074
4149,6,22,21,weather_driven,historically_calibrated,0.746263,0.126865,7.7374,9.407,0.0104,1.6593
4150,6,22,22,weather_driven,historically_calibrated,0.768864,0.130707,7.8886,9.1999,0.0,1.3112
4151,6,22,23,weather_driven,historically_calibrated,0.831952,0.141432,8.2965,9.5291,0.0,1.2326
4152,6,22,24,weather_driven,historically_calibrated,0.667482,0.113472,7.187,7.8482,0.0,0.6611
4153,6,23,1,weather_driven,historically_calibrated,0.527231,0.089629,6.1046,6.6246,0.0,0.52
4154,6,23,2,weather_driven,historically_calibrated,0.591046,0.100478,6.615,6.7041,0.0,0.0892
4155,6,23,3,weather_driven,historically_calibrated,0.606773,0.103151,6.736,6.8716,0.0,0.1356
4156,6,23,4,weather_driven,historically_calibrated,0.598309,0.101712,6.6711,7.0363,0.0,0.3652
4157,6,23,5,weather_driven,historically_calibrated,0.582832,0.099081,6.5511,7.2695,0.0052,0.7133
4158,6,23,6,weather_driven,historically_calibrated,0.600782,0.102133,6.6901,7.3613,0.0596,0.6116
4159,6,23,7,weather_driven,historically_calibrated,0.75438,0.128245,7.792,8.8168,0.1387,0.8861
4160,6,23,8,weather_driven,historically_calibrated,0.692686,0.117757,7.3672,8.8006,0.2009,1.2326
4161,6,23,9,weather_driven,historically_calibrated,0.672819,0.114379,7.2255,8.6923,0.1555,1.3112
4162,6,23,10,weather_driven,historically_calibrated,0.57639,0.097986,6.5006,8.0014,0.2683,1.2326
4163,6,23,11,weather_driven,historically_calibrated,0.442086,0.075155,5.3695,7.0713,0.4692,1.2326
4164,6,23,12,weather_driven,historically_calibrated,0.39373,0.066934,4.9205,6.7567,0.5249,1.3112
4165,6,23,13,weather_driven,historically_calibrated,0.310264,0.052745,4.0821,6.4902,0.6532,1.755
4166,6,23,14,weather_driven,historically_calibrated,0.262705,0.04466,3.5626,6.5437,0.6921,2.289
4167,6,23,15,weather_driven,historically_calibrated,0.272823,0.04638,3.6759,6.7205,0.7556,2.289
4168,6,23,16,weather_driven,historically_calibrated,0.076594,0.013021,1.1353,6.9843,0.5599,5.2891
4169,6,23,17,weather_driven,historically_calibrated,0.264639,0.044989,3.5844,7.2696,0.3331,3.3521
4170,6,23,18,weather_driven,historically_calibrated,0.302305,0.051392,3.9974,7.492,0.2903,3.2043
4171,6,23,19,weather_driven,historically_calibrated,0.366711,0.062341,4.6585,7.5762,0.1309,2.7869
4172,6,23,20,weather_driven,historically_calibrated,0.464815,0.079018,5.5723,7.7116,0.0752,2.0641
4173,6,23,21,weather_driven,historically_calibrated,0.626984,0.106587,6.8889,8.0681,0.022,1.1571
4174,6,23,22,weather_driven,historically_calibrated,0.679111,0.115449,7.2706,8.1568,0.0,0.8861
4175,6,23,23,weather_driven,historically_calibrated,0.666293,0.11327,7.1784,8.1278,0.0,0.9494
4176,6,23,24,weather_driven,historically_calibrated,0.555424,0.094422,6.334,7.1022,0.0,0.7682
4177,6,24,1,weather_driven,historically_calibrated,0.49703,0.084495,5.8514,6.5125,0.0,0.6611
4178,6,24,2,weather_driven,historically_calibrated,0.536043,0.091127,6.177,6.7415,0.0,0.5645
4179,6,24,3,weather_driven,historically_calibrated,0.567023,0.096394,6.4266,6.9466,0.0,0.52
4180,6,24,4,weather_driven,historically_calibrated,0.603541,0.102602,6.7113,7.1118,0.0,0.4005
4181,6,24,5,weather_driven,historically_calibrated,0.633484,0.107692,6.9375,7.3079,0.0052,0.3652
4182,6,24,6,weather_driven,historically_calibrated,0.638408,0.108529,6.9741,7.2823,0.0635,0.2447
4183,6,24,7,weather_driven,historically_calibrated,0.804063,0.136691,8.1187,8.4727,0.1581,0.1959
4184,6,24,8,weather_driven,historically_calibrated,0.717904,0.122044,7.5435,7.9931,0.2955,0.1541
4185,6,24,9,weather_driven,historically_calibrated,0.584048,0.099288,6.5605,7.2126,0.4562,0.1959
4186,6,24,10,weather_driven,historically_calibrated,0.512531,0.08713,5.9823,6.8899,0.6882,0.2194
4187,6,24,11,weather_driven,historically_calibrated,0.468116,0.07958,5.6014,6.726,0.88,0.2447
4188,6,24,12,weather_driven,historically_calibrated,0.436718,0.074242,5.3209,6.5641,1.0238,0.2194
4189,6,24,13,weather_driven,historically_calibrated,0.420814,0.071538,5.1751,6.4902,1.0705,0.2447
4190,6,24,14,weather_driven,historically_calibrated,0.424497,0.072165,5.2091,6.5437,0.9694,0.3652
4191,6,24,15,weather_driven,historically_calibrated,0.455325,0.077405,5.4883,6.7205,0.867,0.3652
4192,6,24,16,weather_driven,historically_calibrated,0.451428,0.076743,5.4535,6.9843,0.705,0.8257
4193,6,24,17,weather_driven,historically_calibrated,0.441239,0.075011,5.3619,7.2696,0.5145,1.3932
4194,6,24,18,weather_driven,historically_calibrated,0.447337,0.076047,5.4169,7.492,0.3201,1.755
4195,6,24,19,weather_driven,historically_calibrated,0.525471,0.08933,6.09,7.5762,0.175,1.3112
4196,6,24,20,weather_driven,historically_calibrated,0.586776,0.099752,6.5818,7.4918,0.0842,0.8257
4197,6,24,21,weather_driven,historically_calibrated,0.6211,0.105587,6.8447,7.2686,0.0233,0.4005
4198,6,24,22,weather_driven,historically_calibrated,0.664258,0.112924,7.1637,7.3378,0.0,0.1741
4199,6,24,23,weather_driven,historically_calibrated,0.688258,0.117004,7.3358,7.3906,0.0,0.0548
4200,6,24,24,weather_driven,historically_calibrated,0.527031,0.089595,6.1029,6.1177,0.0,0.0148
4201,6,25,1,weather_driven,historically_calibrated,0.584113,0.099299,6.5611,6.5916,0.0,0.0306
4202,6,25,2,weather_driven,historically_calibrated,0.610413,0.10377,6.7638,6.8402,0.0,0.0764
4203,6,25,3,weather_driven,historically_calibrated,0.645434,0.109724,7.0261,7.1025,0.0,0.0764
4204,6,25,4,weather_driven,historically_calibrated,0.684084,0.116294,7.3061,7.3609,0.0,0.0548
4205,6,25,5,weather_driven,historically_calibrated,0.717817,0.122029,7.5429,7.6513,0.0052,0.1032
4206,6,25,6,weather_driven,historically_calibrated,0.717677,0.122005,7.5419,7.7009,0.0557,0.1032
4207,6,25,7,weather_driven,historically_calibrated,0.914263,0.155425,8.7998,8.9958,0.1503,0.0457
4208,6,25,8,weather_driven,historically_calibrated,0.810802,0.137836,8.162,8.4687,0.2955,0.0111
4209,6,25,9,weather_driven,historically_calibrated,0.674364,0.114642,7.2366,7.7289,0.4899,0.0024
4210,6,25,10,weather_driven,historically_calibrated,0.611658,0.103982,6.7732,7.489,0.7076,0.0081
4211,6,25,11,weather_driven,historically_calibrated,0.562606,0.095643,6.3915,7.3109,0.9046,0.0148
4212,6,25,12,weather_driven,historically_calibrated,0.521818,0.088709,6.0598,7.1349,1.0446,0.0306
4213,6,25,13,weather_driven,historically_calibrated,0.505564,0.085946,5.9237,7.0546,1.1003,0.0306
4214,6,25,14,weather_driven,historically_calibrated,0.525274,0.089297,6.0884,7.1791,1.0601,0.0306
4215,6,25,15,weather_driven,historically_calibrated,0.600005,0.102001,6.6841,7.6458,0.924,0.0376
4216,6,25,16,weather_driven,historically_calibrated,0.722398,0.122808,7.5745,8.3356,0.7154,0.0457
4217,6,25,17,weather_driven,historically_calibrated,0.788697,0.134079,8.0191,8.5286,0.4445,0.065
4218,6,25,18,weather_driven,historically_calibrated,0.757521,0.128779,7.8131,8.1814,0.3136,0.0548
4219,6,25,19,weather_driven,historically_calibrated,0.76127,0.129416,7.8381,8.235,0.1776,0.2194
4220,6,25,20,weather_driven,historically_calibrated,0.744919,0.126636,7.7283,8.1433,0.0829,0.332
4221,6,25,21,weather_driven,historically_calibrated,0.7382,0.125494,7.6827,7.9006,0.022,0.1959
4222,6,25,22,weather_driven,historically_calibrated,0.70701,0.120192,7.4678,7.5865,0.0,0.1187
4223,6,25,23,weather_driven,historically_calibrated,0.664659,0.112992,7.1666,7.2853,0.0,0.1187
4224,6,25,24,weather_driven,historically_calibrated,0.481474,0.081851,5.7178,5.8365,0.0,0.1187
4225,6,26,1,weather_driven,historically_calibrated,0.472052,0.080249,5.6359,5.7391,0.0,0.1032
4226,6,26,2,weather_driven,historically_calibrated,0.489698,0.083249,5.7887,5.8652,0.0,0.0764
4227,6,26,3,weather_driven,historically_calibrated,0.509524,0.086619,5.9571,6.0027,0.0,0.0457
4228,6,26,4,weather_driven,historically_calibrated,0.547403,0.093059,6.2694,6.2939,0.0,0.0245
4229,6,26,5,weather_driven,historically_calibrated,0.582872,0.099088,6.5514,6.5664,0.0039,0.0111
4230,6,26,6,weather_driven,historically_calibrated,0.595993,0.101319,6.6532,6.7134,0.0544,0.0057
4231,6,26,7,weather_driven,historically_calibrated,0.728515,0.123848,7.6166,7.7669,0.1464,0.0038
4232,6,26,8,weather_driven,historically_calibrated,0.666767,0.11335,7.1818,7.4812,0.2955,0.0038
4233,6,26,9,weather_driven,historically_calibrated,0.650907,0.110654,7.0663,7.5625,0.4938,0.0024
4234,6,26,10,weather_driven,historically_calibrated,0.610442,0.103775,6.764,7.489,0.7193,0.0057
4235,6,26,11,weather_driven,historically_calibrated,0.559683,0.095146,6.3681,7.3109,0.9279,0.0148
4236,6,26,12,weather_driven,historically_calibrated,0.518654,0.088171,6.0335,7.1349,1.077,0.0245
4237,6,26,13,weather_driven,historically_calibrated,0.535378,0.091014,6.1715,7.318,1.1353,0.0111
4238,6,26,14,weather_driven,historically_calibrated,0.585545,0.099543,6.5722,7.677,1.0899,0.0148
4239,6,26,15,weather_driven,historically_calibrated,0.646475,0.109901,7.0338,8.0208,0.9564,0.0306
4240,6,26,16,weather_driven,historically_calibrated,0.742368,0.126202,7.711,8.4773,0.7582,0.0081
4241,6,26,17,weather_driven,historically_calibrated,0.693652,0.117921,7.374,8.6761,0.534,0.7682
4242,6,26,18,weather_driven,historically_calibrated,0.776516,0.132008,7.9392,8.6375,0.3331,0.3652
4243,6,26,19,weather_driven,historically_calibrated,0.77285,0.131385,7.915,8.4272,0.1801,0.332
4244,6,26,20,weather_driven,historically_calibrated,0.770937,0.131059,7.9023,8.1433,0.0868,0.1541
4245,6,26,21,weather_driven,historically_calibrated,0.751906,0.127824,7.7754,7.9006,0.022,0.1032
4246,6,26,22,weather_driven,historically_calibrated,0.701951,0.119332,7.4324,7.5865,0.0,0.1541
4247,6,26,23,weather_driven,historically_calibrated,0.654051,0.111189,7.0894,7.2853,0.0,0.1959
4248,6,26,24,weather_driven,historically_calibrated,0.475087,0.080765,5.6624,5.8365,0.0,0.1741
4249,6,27,1,weather_driven,historically_calibrated,0.441244,0.075012,5.3619,5.5361,0.0,0.1741
4250,6,27,2,weather_driven,historically_calibrated,0.471226,0.080108,5.6286,5.8245,0.0,0.1959
4251,6,27,3,weather_driven,historically_calibrated,0.501504,0.085256,5.8894,6.0435,0.0,0.1541
4252,6,27,4,weather_driven,historically_calibrated,0.538777,0.091592,6.1993,6.3349,0.0,0.1356
4253,6,27,5,weather_driven,historically_calibrated,0.585133,0.099473,6.569,6.6916,0.0039,0.1187
4254,6,27,6,weather_driven,historically_calibrated,0.608993,0.103529,6.753,6.8851,0.0557,0.0764
4255,6,27,7,weather_driven,historically_calibrated,0.780401,0.132668,7.9647,8.1409,0.1516,0.0245
4256,6,27,8,weather_driven,historically_calibrated,0.692629,0.117747,7.3668,7.7006,0.3033,0.0306
4257,6,27,9,weather_driven,historically_calibrated,0.644961,0.109643,7.0226,7.5625,0.5093,0.0306
4258,6,27,10,weather_driven,historically_calibrated,0.601314,0.102223,6.6942,7.489,0.74,0.0548
4259,6,27,11,weather_driven,historically_calibrated,0.547536,0.093081,6.2705,7.3109,0.9513,0.0892
4260,6,27,12,weather_driven,historically_calibrated,0.502487,0.085423,5.8977,7.1349,1.1016,0.1356
4261,6,27,13,weather_driven,historically_calibrated,0.522115,0.08876,6.0622,7.4167,1.1586,0.1959
4262,6,27,14,weather_driven,historically_calibrated,0.566514,0.096307,6.4225,7.7766,1.1094,0.2447
4263,6,27,15,weather_driven,historically_calibrated,0.643774,0.109442,7.0139,8.2253,0.9668,0.2447
4264,6,27,16,weather_driven,historically_calibrated,0.722923,0.122897,7.5782,8.5836,0.7608,0.2447
4265,6,27,17,weather_driven,historically_calibrated,0.798156,0.135687,8.0806,8.8605,0.5352,0.2447
4266,6,27,18,weather_driven,historically_calibrated,0.830972,0.141265,8.2903,8.8655,0.3305,0.2447
4267,6,27,19,weather_driven,historically_calibrated,0.826236,0.14046,8.2604,8.5425,0.1788,0.1032
4268,6,27,20,weather_driven,historically_calibrated,0.779236,0.13247,7.9571,8.1433,0.0829,0.1032
4269,6,27,21,weather_driven,historically_calibrated,0.734752,0.124908,7.6592,7.9006,0.022,0.2194
4270,6,27,22,weather_driven,historically_calibrated,0.689104,0.117148,7.3418,7.5865,0.0,0.2447
4271,6,27,23,weather_driven,historically_calibrated,0.635593,0.108051,6.9532,7.2853,0.0,0.332
4272,6,27,24,weather_driven,historically_calibrated,0.457145,0.077715,5.5045,5.8365,0.0,0.332
4273,6,28,1,weather_driven,historically_calibrated,0.43348,0.073692,5.2914,5.5361,0.0,0.2447
4274,6,28,2,weather_driven,historically_calibrated,0.455278,0.077397,5.4879,5.662,0.0,0.1741
4275,6,28,3,weather_driven,historically_calibrated,0.511165,0.086898,5.9709,6.1249,0.0,0.1541
4276,6,28,4,weather_driven,historically_calibrated,0.571558,0.097165,6.4625,6.5811,0.0,0.1187
4277,6,28,5,weather_driven,historically_calibrated,0.621654,0.105681,6.8489,6.9419,0.0039,0.0892
4278,6,28,6,weather_driven,historically_calibrated,0.634672,0.107894,6.9464,7.0569,0.0557,0.0548
4279,6,28,7,weather_driven,historically_calibrated,0.757212,0.128726,7.811,7.9806,0.1503,0.0193
4280,6,28,8,weather_driven,historically_calibrated,0.66374,0.112836,7.1599,7.4812,0.302,0.0193
4281,6,28,9,weather_driven,historically_calibrated,0.643446,0.109386,7.0114,7.5625,0.5054,0.0457
4282,6,28,10,weather_driven,historically_calibrated,0.602158,0.102367,6.7007,7.489,0.7335,0.0548
4283,6,28,11,weather_driven,historically_calibrated,0.568575,0.096658,6.4389,7.4474,0.9435,0.065
4284,6,28,12,weather_driven,historically_calibrated,0.583343,0.099168,6.555,7.7675,1.0938,0.1187
4285,6,28,13,weather_driven,historically_calibrated,0.625866,0.106397,6.8806,8.2069,1.1521,0.1741
4286,6,28,14,weather_driven,historically_calibrated,0.651025,0.110674,7.0672,8.4736,1.1055,0.3009
4287,6,28,15,weather_driven,historically_calibrated,0.687628,0.116897,7.3313,8.9071,0.9642,0.6116
4288,6,28,16,weather_driven,historically_calibrated,0.782698,0.133059,7.9798,9.2567,0.7569,0.52
4289,6,28,17,weather_driven,historically_calibrated,0.831273,0.141316,8.2922,9.4873,0.534,0.6611
4290,6,28,18,weather_driven,historically_calibrated,0.873647,0.14852,8.5553,9.5495,0.3331,0.6611
4291,6,28,19,weather_driven,historically_calibrated,0.889959,0.151293,8.6544,9.0805,0.1814,0.2447
4292,6,28,20,weather_driven,historically_calibrated,0.779659,0.132542,7.9599,8.5233,0.0855,0.4779
4293,6,28,21,weather_driven,historically_calibrated,0.708296,0.12041,7.4768,7.9006,0.0233,0.4005
4294,6,28,22,weather_driven,historically_calibrated,0.667332,0.113446,7.1859,7.5865,0.0,0.4005
4295,6,28,23,weather_driven,historically_calibrated,0.643718,0.109432,7.0134,7.2853,0.0,0.2718
4296,6,28,24,weather_driven,historically_calibrated,0.469912,0.079885,5.6171,5.8365,0.0,0.2194
4297,6,29,1,weather_driven,historically_calibrated,0.43348,0.073692,5.2914,5.5361,0.0,0.2447
4298,6,29,2,weather_driven,historically_calibrated,0.427773,0.072721,5.2392,5.5401,0.0,0.3009
4299,6,29,3,weather_driven,historically_calibrated,0.422368,0.071803,5.1894,5.5546,0.0,0.3652
4300,6,29,4,weather_driven,historically_calibrated,0.439512,0.074717,5.3463,5.6783,0.0,0.332
4301,6,29,5,weather_driven,historically_calibrated,0.473246,0.080452,5.6463,5.9822,0.0039,0.332
4302,6,29,6,weather_driven,historically_calibrated,0.457753,0.077818,5.5099,5.8976,0.0557,0.332
4303,6,29,7,weather_driven,historically_calibrated,0.623637,0.106018,6.8638,7.286,0.1503,0.2718
4304,6,29,8,weather_driven,historically_calibrated,0.612542,0.104132,6.78,7.4812,0.3007,0.4005
4305,6,29,9,weather_driven,historically_calibrated,0.5757,0.097869,6.4951,7.5625,0.5028,0.5645
4306,6,29,10,weather_driven,historically_calibrated,0.593392,0.100877,6.6331,7.9783,0.7335,0.6116
4307,6,29,11,weather_driven,historically_calibrated,0.644496,0.109564,7.0192,8.2662,0.9461,0.3009
4308,6,29,12,weather_driven,historically_calibrated,0.675163,0.114778,7.2423,8.5334,1.0951,0.1959
4309,6,29,13,weather_driven,historically_calibrated,0.776983,0.132087,7.9423,9.2274,1.1496,0.1356
4310,6,29,14,weather_driven,historically_calibrated,0.86848,0.147642,8.5237,9.7017,1.1016,0.0764
4311,6,29,15,weather_driven,historically_calibrated,0.971627,0.165177,9.133,10.1684,0.959,0.0764
4312,6,29,16,weather_driven,historically_calibrated,1.097624,0.186596,9.8202,10.6738,0.7504,0.1032
4313,6,29,17,weather_driven,historically_calibrated,1.225945,0.208411,10.4652,11.1467,0.5275,0.1541
4314,6,29,18,weather_driven,historically_calibrated,1.338645,0.22757,10.9923,11.3737,0.3266,0.0548
4315,6,29,19,weather_driven,historically_calibrated,1.252227,0.212879,10.5912,10.7714,0.1788,0.0014
4316,6,29,20,weather_driven,historically_calibrated,1.165083,0.198064,10.1656,10.2714,0.0946,0.0111
4317,6,29,21,weather_driven,historically_calibrated,1.03052,0.175188,9.4614,9.486,0.0246,0.0
4318,6,29,22,weather_driven,historically_calibrated,0.883148,0.150135,8.6132,8.6132,0.0,0.0
4319,6,29,23,weather_driven,historically_calibrated,0.795884,0.1353,8.0658,8.0672,0.0,0.0014
4320,6,29,24,weather_driven,historically_calibrated,0.54648,0.092902,6.2619,6.2995,0.0,0.0376
4321,6,30,1,weather_driven,historically_calibrated,0.30333,0.051566,4.0084,5.0932,0.0,1.0848
4322,6,30,2,weather_driven,historically_calibrated,0.399795,0.067965,4.9782,5.0969,0.0,0.1187
4323,6,30,3,weather_driven,historically_calibrated,0.39063,0.066407,4.8909,5.1103,0.0,0.2194
4324,6,30,4,weather_driven,historically_calibrated,0.405256,0.068894,5.0298,5.1485,0.0,0.1187
4325,6,30,5,weather_driven,historically_calibrated,0.316594,0.053821,4.1488,5.2349,0.0013,1.0848
4326,6,30,6,weather_driven,historically_calibrated,0.35412,0.0602,4.5334,5.3863,0.0272,0.8257
4327,6,30,7,weather_driven,historically_calibrated,0.498627,0.084767,5.865,6.7031,0.07,0.7682
4328,6,30,8,weather_driven,historically_calibrated,0.527545,0.089683,6.1072,6.8827,0.0622,0.7133
4329,6,30,9,weather_driven,historically_calibrated,0.5273,0.089641,6.1051,6.9575,0.0842,0.7682
4330,6,30,10,weather_driven,historically_calibrated,0.497114,0.084509,5.8521,6.8899,0.1516,0.8861
4331,6,30,11,weather_driven,historically_calibrated,0.420248,0.071442,5.1698,6.726,0.2449,1.3112
4332,6,30,12,weather_driven,historically_calibrated,0.363739,0.061836,4.6291,6.5641,0.7024,1.2326
4333,6,30,13,weather_driven,historically_calibrated,0.337725,0.057413,4.3676,6.4902,0.9655,1.1571
4334,6,30,14,weather_driven,historically_calibrated,0.374626,0.063686,4.7361,6.5437,0.9215,0.8861
4335,6,30,15,weather_driven,historically_calibrated,0.42821,0.072796,5.2432,6.7205,0.8657,0.6116
4336,6,30,16,weather_driven,historically_calibrated,0.485369,0.082513,5.7515,6.9843,0.7128,0.52
4337,6,30,17,weather_driven,historically_calibrated,0.557823,0.09483,6.3532,7.2696,0.5158,0.4005
4338,6,30,18,weather_driven,historically_calibrated,0.627079,0.106603,6.8897,7.492,0.3305,0.2718
4339,6,30,19,weather_driven,historically_calibrated,0.668049,0.113568,7.1911,7.5762,0.1892,0.1959
4340,6,30,20,weather_driven,historically_calibrated,0.694209,0.118016,7.3779,7.4918,0.0946,0.0193
4341,6,30,21,weather_driven,historically_calibrated,0.674413,0.11465,7.237,7.2686,0.0259,0.0057
4342,6,30,22,weather_driven,historically_calibrated,0.667005,0.113391,7.1836,7.1843,0.0,0.0007
4343,6,30,23,weather_driven,historically_calibrated,0.695458,0.118228,7.3867,7.3906,0.0,0.0038
4344,6,30,24,weather_driven,historically_calibrated,0.547422,0.093062,6.2695,6.2753,0.0,0.0057
4345,7,1,1,weather_driven,historically_calibrated,0.289618,0.049235,3.8606,5.0932,0.0,1.2326
4346,7,1,2,weather_driven,historically_calibrated,0.349337,0.059387,4.4853,5.0969,0.0,0.6116
4347,7,1,3,weather_driven,historically_calibrated,0.397473,0.06757,4.9562,5.1103,0.0,0.1541
4348,7,1,4,weather_driven,historically_calibrated,0.405256,0.068894,5.0298,5.1485,0.0,0.1187
4349,7,1,5,weather_driven,historically_calibrated,0.400789,0.068134,4.9877,5.2349,0.0026,0.2447
4350,7,1,6,weather_driven,historically_calibrated,0.412064,0.070051,5.0937,5.3863,0.048,0.2447
4351,7,1,7,weather_driven,historically_calibrated,0.547957,0.093153,6.2739,6.7031,0.1283,0.3009
4352,7,1,8,weather_driven,historically_calibrated,0.533164,0.090638,6.1534,6.8827,0.2514,0.4779
4353,7,1,9,weather_driven,historically_calibrated,0.478844,0.081403,5.695,6.9575,0.4368,0.8257
4354,7,1,10,weather_driven,historically_calibrated,0.469307,0.079782,5.6118,6.8899,0.6169,0.6611
4355,7,1,11,weather_driven,historically_calibrated,0.454062,0.07719,5.477,6.8202,0.6299,0.7133
4356,7,1,12,weather_driven,historically_calibrated,0.521005,0.088571,6.053,7.2687,0.7776,0.4381
4357,7,1,13,weather_driven,historically_calibrated,0.599116,0.10185,6.6773,7.9138,0.8359,0.4005
4358,7,1,14,weather_driven,historically_calibrated,0.698577,0.118758,7.4087,8.4065,0.8437,0.1541
4359,7,1,15,weather_driven,historically_calibrated,0.79275,0.134767,8.0455,8.8532,0.762,0.0457
4360,7,1,16,weather_driven,historically_calibrated,0.882907,0.150094,8.6117,9.2332,0.6208,0.0007
4361,7,1,17,weather_driven,historically_calibrated,0.935444,0.159025,8.9244,9.4068,0.4743,0.0081
4362,7,1,18,weather_driven,historically_calibrated,0.959964,0.163194,9.0663,9.3799,0.3136,0.0
4363,7,1,19,weather_driven,historically_calibrated,0.912327,0.155096,8.7883,8.9905,0.2022,0.0
4364,7,1,20,weather_driven,historically_calibrated,0.845048,0.143658,8.3787,8.4707,0.092,0.0
4365,7,1,21,weather_driven,historically_calibrated,0.764705,0.13,7.861,7.8791,0.0181,0.0
4366,7,1,22,weather_driven,historically_calibrated,0.679204,0.115465,7.2713,7.2727,0.0,0.0014
4367,7,1,23,weather_driven,historically_calibrated,0.618641,0.105169,6.8262,6.8276,0.0,0.0014
4368,7,1,24,weather_driven,historically_calibrated,0.438711,0.074581,5.339,5.3696,0.0,0.0306
4369,7,2,1,weather_driven,historically_calibrated,0.443467,0.075389,5.382,5.5361,0.0,0.1541
4370,7,2,2,weather_driven,historically_calibrated,0.436701,0.074239,5.3208,5.5401,0.0,0.2194
4371,7,2,3,weather_driven,historically_calibrated,0.432537,0.073531,5.2828,5.5546,0.0,0.2718
4372,7,2,4,weather_driven,historically_calibrated,0.447918,0.076146,5.4221,5.5962,0.0,0.1741
4373,7,2,5,weather_driven,historically_calibrated,0.460559,0.078295,5.5347,5.6901,0.0013,0.1541
4374,7,2,6,weather_driven,historically_calibrated,0.474571,0.080677,5.6579,5.8547,0.0428,0.1541
4375,7,2,7,weather_driven,historically_calibrated,0.639188,0.108662,6.9799,7.286,0.1102,0.1959
4376,7,2,8,weather_driven,historically_calibrated,0.661816,0.112509,7.146,7.4812,0.1996,0.1356
4377,7,2,9,weather_driven,historically_calibrated,0.638104,0.108478,6.9719,7.5625,0.3188,0.2718
4378,7,2,10,weather_driven,historically_calibrated,0.629439,0.107005,6.9073,7.489,0.4925,0.0892
4379,7,2,11,weather_driven,historically_calibrated,0.660067,0.112211,7.1333,7.9932,0.7413,0.1187
4380,7,2,12,weather_driven,historically_calibrated,0.6714,0.114138,7.2153,8.3669,1.0329,0.1187
4381,7,2,13,weather_driven,historically_calibrated,0.768739,0.130686,7.8878,9.1945,1.0873,0.2194
4382,7,2,14,weather_driven,historically_calibrated,0.856909,0.145675,8.4524,9.6686,1.042,0.1741
4383,7,2,15,weather_driven,historically_calibrated,0.968671,0.164674,9.1161,10.1003,0.81,0.1741
4384,7,2,16,weather_driven,historically_calibrated,1.063337,0.180767,9.6388,10.3904,0.5975,0.1541
4385,7,2,17,weather_driven,historically_calibrated,1.16596,0.198213,10.17,10.7411,0.4679,0.1032
4386,7,2,18,weather_driven,historically_calibrated,1.156894,0.196672,10.1244,10.5376,0.324,0.0892
4387,7,2,19,weather_driven,historically_calibrated,1.053189,0.179042,9.5844,9.8107,0.1957,0.0306
4388,7,2,20,weather_driven,historically_calibrated,0.966061,0.16423,9.1012,9.2073,0.1037,0.0024
4389,7,2,21,weather_driven,historically_calibrated,0.845593,0.143751,8.3821,8.4537,0.0259,0.0457
4390,7,2,22,weather_driven,historically_calibrated,0.718677,0.122175,7.5489,7.5865,0.0,0.0376
4391,7,2,23,weather_driven,historically_calibrated,0.678464,0.115339,7.266,7.2853,0.0,0.0193
4392,7,2,24,weather_driven,historically_calibrated,0.494616,0.084085,5.8308,5.8365,0.0,0.0057
4393,7,3,1,weather_driven,historically_calibrated,0.46063,0.078307,5.5354,5.5361,0.0,0.0007
4394,7,3,2,weather_driven,historically_calibrated,0.461167,0.078398,5.5401,5.5401,0.0,0.0
4395,7,3,3,weather_driven,historically_calibrated,0.467434,0.079464,5.5954,5.5954,0.0,0.0
4396,7,3,4,weather_driven,historically_calibrated,0.500809,0.085137,5.8835,5.8835,0.0,0.0
4397,7,3,5,weather_driven,historically_calibrated,0.51221,0.087076,5.9796,5.9822,0.0026,0.0
4398,7,3,6,weather_driven,historically_calibrated,0.506044,0.086028,5.9278,5.9835,0.0557,0.0
4399,7,3,7,weather_driven,historically_calibrated,0.660396,0.112267,7.1356,7.286,0.1503,0.0
4400,7,3,8,weather_driven,historically_calibrated,0.669629,0.113837,7.2025,7.4812,0.2786,0.0
4401,7,3,9,weather_driven,historically_calibrated,0.654953,0.111342,7.096,7.5625,0.4666,0.0
4402,7,3,10,weather_driven,historically_calibrated,0.681651,0.115881,7.2888,7.9783,0.6895,0.0
4403,7,3,11,weather_driven,historically_calibrated,0.709056,0.12054,7.4821,8.3685,0.8865,0.0
4404,7,3,12,weather_driven,historically_calibrated,0.731573,0.124367,7.6375,8.6665,1.029,0.0
4405,7,3,13,weather_driven,historically_calibrated,0.833657,0.141722,8.3073,9.392,1.0848,0.0
4406,7,3,14,weather_driven,historically_calibrated,0.912826,0.15518,8.7912,9.8345,1.0433,0.0
4407,7,3,15,weather_driven,historically_calibrated,1.018187,0.173092,9.3937,10.3048,0.9111,0.0
4408,7,3,16,weather_driven,historically_calibrated,1.151045,0.195678,10.0949,10.8155,0.7206,0.0
4409,7,3,17,weather_driven,historically_calibrated,1.29299,0.219808,10.7829,11.2942,0.5106,0.0007
4410,7,3,18,weather_driven,historically_calibrated,1.379429,0.234503,11.175,11.5257,0.3201,0.0306
4411,7,3,19,weather_driven,historically_calibrated,1.276299,0.216971,10.7049,10.8867,0.1737,0.0081
4412,7,3,20,weather_driven,historically_calibrated,1.191744,0.202596,10.2982,10.3854,0.0791,0.0081
4413,7,3,21,weather_driven,historically_calibrated,0.964255,0.163923,9.0909,9.1173,0.0207,0.0057
4414,7,3,22,weather_driven,historically_calibrated,0.81986,0.139376,8.2199,8.2237,0.0,0.0038
4415,7,3,23,weather_driven,historically_calibrated,0.719789,0.122364,7.5565,7.5572,0.0,0.0007
4416,7,3,24,weather_driven,historically_calibrated,0.494837,0.084122,5.8327,5.8365,0.0,0.0038
4417,7,4,1,weather_driven,historically_calibrated,0.460279,0.078247,5.5323,5.5361,0.0,0.0038
4418,7,4,2,weather_driven,historically_calibrated,0.461167,0.078398,5.5401,5.5401,0.0,0.0
4419,7,4,3,weather_driven,historically_calibrated,0.462809,0.078677,5.5546,5.5546,0.0,0.0
4420,7,4,4,weather_driven,historically_calibrated,0.467495,0.079474,5.5959,5.5962,0.0,0.0003
4421,7,4,5,weather_driven,historically_calibrated,0.47797,0.081255,5.6874,5.6901,0.0026,0.0001
4422,7,4,6,weather_driven,historically_calibrated,0.491651,0.083581,5.8054,5.8547,0.0492,0.0
4423,7,4,7,weather_driven,historically_calibrated,0.662167,0.112568,7.1485,7.286,0.1374,0.0001
4424,7,4,8,weather_driven,historically_calibrated,0.739068,0.125642,7.6886,7.9699,0.2812,0.0001
4425,7,4,9,weather_driven,historically_calibrated,0.841798,0.143106,8.3584,8.833,0.4743,0.0003
4426,7,4,10,weather_driven,historically_calibrated,0.917499,0.155975,8.8189,9.516,0.6947,0.0024
4427,7,4,11,weather_driven,historically_calibrated,0.934829,0.158921,8.9208,9.8356,0.8955,0.0193
4428,7,4,12,weather_driven,historically_calibrated,0.918978,0.156226,8.8277,9.9651,1.0342,0.1032
4429,7,4,13,weather_driven,historically_calibrated,1.032579,0.175539,9.4727,10.7089,1.0822,0.1541
4430,7,4,14,weather_driven,historically_calibrated,1.111825,0.18901,9.8941,11.0626,1.0329,0.1356
4431,7,4,15,weather_driven,historically_calibrated,1.230932,0.209259,10.4892,11.532,0.9072,0.1356
4432,7,4,16,weather_driven,historically_calibrated,1.382293,0.23499,11.1877,12.1263,0.7193,0.2194
4433,7,4,17,weather_driven,historically_calibrated,1.517708,0.25801,11.7655,12.5479,0.5106,0.2718
4434,7,4,18,weather_driven,historically_calibrated,1.570726,0.267023,11.981,12.7418,0.3227,0.4381
4435,7,4,19,weather_driven,historically_calibrated,1.55628,0.264568,11.9228,12.1165,0.1879,0.0057
4436,7,4,20,weather_driven,historically_calibrated,1.464173,0.248909,11.5419,11.6394,0.0972,0.0003
4437,7,4,21,weather_driven,historically_calibrated,1.307425,0.222262,10.8497,10.8871,0.0181,0.0193
4438,7,4,22,weather_driven,historically_calibrated,1.081163,0.183798,9.7336,9.8877,0.0,0.1541
4439,7,4,23,weather_driven,historically_calibrated,0.926963,0.157584,8.8747,8.9512,0.0,0.0764
4440,7,4,24,weather_driven,historically_calibrated,0.642168,0.109169,7.002,7.0077,0.0,0.0057
4441,7,5,1,weather_driven,historically_calibrated,0.529,0.08993,6.1192,6.1303,0.0,0.0111
4442,7,5,2,weather_driven,historically_calibrated,0.507371,0.086253,5.939,5.9538,0.0,0.0148
4443,7,5,3,weather_driven,historically_calibrated,0.487368,0.082853,5.7687,5.7879,0.0,0.0193
4444,7,5,4,weather_driven,historically_calibrated,0.471795,0.080205,5.6336,5.6484,0.0,0.0148
4445,7,5,5,weather_driven,historically_calibrated,0.477472,0.08117,5.6831,5.6901,0.0013,0.0057
4446,7,5,6,weather_driven,historically_calibrated,0.492733,0.083765,5.8147,5.8547,0.0376,0.0024
4447,7,5,7,weather_driven,historically_calibrated,0.670722,0.114023,7.2104,7.32,0.1089,0.0007
4448,7,5,8,weather_driven,historically_calibrated,0.738721,0.125583,7.6863,7.9001,0.2138,0.0
4449,7,5,9,weather_driven,historically_calibrated,0.77292,0.131396,7.9155,8.2331,0.3175,0.0001
4450,7,5,10,weather_driven,historically_calibrated,0.785423,0.133522,7.9977,8.4675,0.4692,0.0007
4451,7,5,11,weather_driven,historically_calibrated,0.78649,0.133703,8.0046,8.5391,0.5288,0.0057
4452,7,5,12,weather_driven,historically_calibrated,0.789633,0.134238,8.0252,8.7331,0.6998,0.0081
4453,7,5,13,weather_driven,historically_calibrated,0.888568,0.151057,8.646,9.4908,0.8256,0.0193
4454,7,5,14,weather_driven,historically_calibrated,0.951804,0.161807,9.0194,9.8677,0.8178,0.0306
4455,7,5,15,weather_driven,historically_calibrated,1.030149,0.175125,9.4594,10.3389,0.7439,0.1356
4456,7,5,16,weather_driven,historically_calibrated,1.145094,0.194666,10.0648,10.9218,0.6376,0.2194
4457,7,5,17,weather_driven,historically_calibrated,1.213942,0.20637,10.4069,11.1467,0.3745,0.3652
4458,7,5,18,weather_driven,historically_calibrated,1.206315,0.205074,10.3697,11.0696,0.2994,0.4005
4459,7,5,19,weather_driven,historically_calibrated,1.057449,0.179766,9.6073,10.1565,0.184,0.3652
4460,7,5,20,weather_driven,historically_calibrated,0.985644,0.16756,9.2123,9.4733,0.0868,0.1741
4461,7,5,21,weather_driven,historically_calibrated,0.866919,0.147376,8.5141,8.6012,0.022,0.065
4462,7,5,22,weather_driven,historically_calibrated,0.755077,0.128363,7.7967,7.8343,0.0,0.0376
4463,7,5,23,weather_driven,historically_calibrated,0.677734,0.115215,7.2608,7.2853,0.0,0.0245
4464,7,5,24,weather_driven,historically_calibrated,0.494837,0.084122,5.8327,5.8365,0.0,0.0038
4465,7,6,1,weather_driven,historically_calibrated,0.46063,0.078307,5.5354,5.5361,0.0,0.0007
4466,7,6,2,weather_driven,historically_calibrated,0.459492,0.078114,5.5253,5.5401,0.0,0.0148
4467,7,6,3,weather_driven,historically_calibrated,0.462377,0.078604,5.5508,5.5546,0.0,0.0038
4468,7,6,4,weather_driven,historically_calibrated,0.467529,0.07948,5.5962,5.5962,0.0,0.0
4469,7,6,5,weather_driven,historically_calibrated,0.478129,0.081282,5.6888,5.6901,0.0013,0.0
4470,7,6,6,weather_driven,historically_calibrated,0.49256,0.083735,5.8132,5.8547,0.0415,0.0
4471,7,6,7,weather_driven,historically_calibrated,0.662536,0.112631,7.1512,7.286,0.1348,0.0
4472,7,6,8,weather_driven,historically_calibrated,0.673588,0.11451,7.231,7.4812,0.2501,0.0
4473,7,6,9,weather_driven,historically_calibrated,0.664032,0.112885,7.162,7.5625,0.4005,0.0
4474,7,6,10,weather_driven,historically_calibrated,0.626634,0.106528,6.8863,7.489,0.6026,0.0
4475,7,6,11,weather_driven,historically_calibrated,0.599818,0.101969,6.6827,7.4474,0.7646,0.0
4476,7,6,12,weather_driven,historically_calibrated,0.629168,0.106959,6.9053,7.8008,0.8955,0.0
4477,7,6,13,weather_driven,historically_calibrated,0.689143,0.117154,7.3421,8.2727,0.9305,0.0001
4478,7,6,14,weather_driven,historically_calibrated,0.750904,0.127654,7.7686,8.8055,1.0355,0.0014
4479,7,6,15,weather_driven,historically_calibrated,0.862787,0.146674,8.4887,9.4185,0.924,0.0057
4480,7,6,16,weather_driven,historically_calibrated,0.975562,0.165846,9.1553,9.8944,0.7309,0.0081
4481,7,6,17,weather_driven,historically_calibrated,1.086088,0.184635,9.7596,10.2986,0.5197,0.0193
4482,7,6,18,weather_driven,historically_calibrated,1.069229,0.181769,9.6703,10.0436,0.3357,0.0376
4483,7,6,19,weather_driven,historically_calibrated,0.960153,0.163226,9.0674,9.3111,0.2061,0.0376
4484,7,6,20,weather_driven,historically_calibrated,0.85699,0.145688,8.4529,8.5613,0.0972,0.0111
4485,7,6,21,weather_driven,historically_calibrated,0.764733,0.130005,7.8612,7.9006,0.0246,0.0148
4486,7,6,22,weather_driven,historically_calibrated,0.722512,0.122827,7.5753,7.5865,0.0,0.0111
4487,7,6,23,weather_driven,historically_calibrated,0.679083,0.115444,7.2704,7.2853,0.0,0.0148
4488,7,6,24,weather_driven,historically_calibrated,0.494616,0.084085,5.8308,5.8365,0.0,0.0057
4489,7,7,1,weather_driven,historically_calibrated,0.411399,0.069938,5.0875,5.0932,0.0,0.0057
4490,7,7,2,weather_driven,historically_calibrated,0.411797,0.070005,5.0912,5.0969,0.0,0.0057
4491,7,7,3,weather_driven,historically_calibrated,0.416991,0.070889,5.1396,5.1478,0.0,0.0081
4492,7,7,4,weather_driven,historically_calibrated,0.456821,0.07766,5.5016,5.5261,0.0,0.0245
4493,7,7,5,weather_driven,historically_calibrated,0.500123,0.085021,5.8777,5.9259,0.0026,0.0457
4494,7,7,6,weather_driven,historically_calibrated,0.509434,0.086604,5.9563,6.0973,0.0518,0.0892
4495,7,7,7,weather_driven,historically_calibrated,0.602032,0.102345,6.6997,6.8506,0.1452,0.0057
4496,7,7,8,weather_driven,historically_calibrated,0.584822,0.09942,6.5666,6.8827,0.2916,0.0245
4497,7,7,9,weather_driven,historically_calibrated,0.577501,0.098175,6.5093,6.9575,0.429,0.0193
4498,7,7,10,weather_driven,historically_calibrated,0.54977,0.093461,6.2885,6.8899,0.6013,0.0
4499,7,7,11,weather_driven,historically_calibrated,0.563802,0.095846,6.401,7.0399,0.6389,0.0
4500,7,7,12,weather_driven,historically_calibrated,0.583557,0.099205,6.5567,7.2074,0.6493,0.0014
4501,7,7,13,weather_driven,historically_calibrated,0.604777,0.102812,6.7208,7.6715,0.832,0.1187
4502,7,7,14,weather_driven,historically_calibrated,0.630204,0.107135,6.913,7.8263,0.81,0.1032
4503,7,7,15,weather_driven,historically_calibrated,0.758366,0.128922,7.8187,8.6336,0.7258,0.0892
4504,7,7,16,weather_driven,historically_calibrated,0.766894,0.130372,7.8755,8.7117,0.5352,0.3009
4505,7,7,17,weather_driven,historically_calibrated,0.45526,0.077394,5.4877,8.9658,0.4173,3.0608
4506,7,7,18,weather_driven,historically_calibrated,0.182425,0.031012,2.6028,8.1563,0.2644,5.2891
4507,7,7,19,weather_driven,historically_calibrated,0.163944,0.027871,2.3649,7.5762,0.1231,5.0882
4508,7,7,20,weather_driven,historically_calibrated,0.235304,0.040002,3.2476,7.4918,0.0842,4.16
4509,7,7,21,weather_driven,historically_calibrated,0.347562,0.059086,4.4675,7.2686,0.0143,2.7869
4510,7,7,22,weather_driven,historically_calibrated,0.281812,0.047908,3.7753,6.9796,0.0,3.2043
4511,7,7,23,weather_driven,historically_calibrated,0.204612,0.034784,2.8796,6.7024,0.0,3.8229
4512,7,7,24,weather_driven,historically_calibrated,0.115657,0.019662,1.7082,5.3696,0.0,3.6614
4513,7,8,1,weather_driven,historically_calibrated,0.074546,0.012673,1.1041,5.0932,0.0,3.9891
4514,7,8,2,weather_driven,historically_calibrated,0.10754,0.018282,1.5924,5.0969,0.0,3.5045
4515,7,8,3,weather_driven,historically_calibrated,0.179566,0.030526,2.5664,5.2227,0.0,2.6563
4516,7,8,4,weather_driven,historically_calibrated,0.263251,0.044753,3.5688,5.5261,0.0,1.9573
4517,7,8,5,weather_driven,historically_calibrated,0.336866,0.057267,4.3588,5.9259,0.0,1.5671
4518,7,8,6,weather_driven,historically_calibrated,0.352699,0.059959,4.5191,6.0183,0.0207,1.4784
4519,7,8,7,weather_driven,historically_calibrated,0.407082,0.069204,5.047,7.0963,0.092,1.9573
4520,7,8,8,weather_driven,historically_calibrated,0.329283,0.055978,4.2809,6.8827,0.1944,2.4074
4521,7,8,9,weather_driven,historically_calibrated,0.326915,0.055575,4.2564,6.9575,0.4121,2.289
4522,7,8,10,weather_driven,historically_calibrated,0.310335,0.052757,4.0828,6.8899,0.6324,2.1746
4523,7,8,11,weather_driven,historically_calibrated,0.294124,0.050001,3.9095,6.726,0.8592,1.9573
4524,7,8,12,weather_driven,historically_calibrated,0.287936,0.048949,3.8423,6.5641,0.9668,1.755
4525,7,8,13,weather_driven,historically_calibrated,0.280995,0.047769,3.7663,6.5205,0.9992,1.755
4526,7,8,14,weather_driven,historically_calibrated,0.300812,0.051138,3.9814,7.0628,1.0174,2.0641
4527,7,8,15,weather_driven,historically_calibrated,0.271542,0.046162,3.6617,6.8773,0.9266,2.289
4528,7,8,16,weather_driven,historically_calibrated,0.281347,0.047829,3.7702,6.9843,0.6843,2.5298
4529,7,8,17,weather_driven,historically_calibrated,0.403199,0.068544,5.0104,7.2696,0.5041,1.755
4530,7,8,18,weather_driven,historically_calibrated,0.42509,0.072265,5.2145,7.492,0.3201,1.9573
4531,7,8,19,weather_driven,historically_calibrated,0.505457,0.085928,5.9228,7.5762,0.175,1.4784
4532,7,8,20,weather_driven,historically_calibrated,0.594703,0.1011,6.6433,7.4918,0.0804,0.7682
4533,7,8,21,weather_driven,historically_calibrated,0.626315,0.106474,6.8839,7.2686,0.0194,0.3652
4534,7,8,22,weather_driven,historically_calibrated,0.613029,0.104215,6.7837,6.9796,0.0,0.1959
4535,7,8,23,weather_driven,historically_calibrated,0.587027,0.099795,6.5838,6.7024,0.0,0.1187
4536,7,8,24,weather_driven,historically_calibrated,0.488483,0.083042,5.7783,5.8815,0.0,0.1032
4537,7,9,1,weather_driven,historically_calibrated,0.550405,0.093569,6.2936,6.4292,0.0,0.1356
4538,7,9,2,weather_driven,historically_calibrated,0.579329,0.098486,6.5236,6.6777,0.0,0.1541
4539,7,9,3,weather_driven,historically_calibrated,0.617949,0.105051,6.8209,6.9396,0.0,0.1187
4540,7,9,4,weather_driven,historically_calibrated,0.649018,0.110333,7.0525,7.1557,0.0,0.1032
4541,7,9,5,weather_driven,historically_calibrated,0.692299,0.117691,7.3644,7.4844,0.0013,0.1187
4542,7,9,6,weather_driven,historically_calibrated,0.707954,0.120352,7.4744,7.6579,0.048,0.1356
4543,7,9,7,weather_driven,historically_calibrated,0.886771,0.150751,8.6351,8.9958,0.1413,0.2194
4544,7,9,8,weather_driven,historically_calibrated,0.763478,0.129791,7.8528,8.4687,0.2838,0.332
4545,7,9,9,weather_driven,historically_calibrated,0.620835,0.105542,6.8427,7.618,0.4743,0.3009
4546,7,9,10,weather_driven,historically_calibrated,0.566811,0.096358,6.4249,7.489,0.6636,0.4005
4547,7,9,11,weather_driven,historically_calibrated,0.508658,0.086472,5.9498,7.3109,0.8411,0.52
4548,7,9,12,weather_driven,historically_calibrated,0.476057,0.08093,5.6708,7.1349,0.9863,0.4779
4549,7,9,13,weather_driven,historically_calibrated,0.472743,0.080366,5.6419,7.0546,1.0122,0.4005
4550,7,9,14,weather_driven,historically_calibrated,0.501404,0.085239,5.8885,7.1459,0.9564,0.3009
4551,7,9,15,weather_driven,historically_calibrated,0.591902,0.100623,6.6216,7.6458,0.8048,0.2194
4552,7,9,16,weather_driven,historically_calibrated,0.677053,0.115099,7.2559,8.1939,0.6661,0.2718
4553,7,9,17,weather_driven,historically_calibrated,0.675054,0.114759,7.2416,8.0492,0.5067,0.3009
4554,7,9,18,weather_driven,historically_calibrated,0.743108,0.126328,7.716,8.1434,0.3383,0.0892
4555,7,9,19,weather_driven,historically_calibrated,0.49799,0.084658,5.8595,8.235,0.2009,2.1746
4556,7,9,20,weather_driven,historically_calibrated,0.444905,0.075634,5.395,8.1433,0.092,2.6563
4557,7,9,21,weather_driven,historically_calibrated,0.53017,0.090129,6.1288,7.9006,0.0168,1.755
4558,7,9,22,weather_driven,historically_calibrated,0.494695,0.084098,5.8315,7.5865,0.0,1.755
4559,7,9,23,weather_driven,historically_calibrated,0.448908,0.076314,5.4309,7.2853,0.0,1.8543
4560,7,9,24,weather_driven,historically_calibrated,0.328172,0.055789,4.2694,5.8365,0.0,1.5671
4561,7,10,1,weather_driven,historically_calibrated,0.331479,0.056351,4.3035,5.5361,0.0,1.2326
4562,7,10,2,weather_driven,historically_calibrated,0.336017,0.057123,4.3501,5.7433,0.0,1.3932
4563,7,10,3,weather_driven,historically_calibrated,0.349158,0.059357,4.4835,5.962,0.0,1.4784
4564,7,10,4,weather_driven,historically_calibrated,0.418662,0.071172,5.1551,6.1708,0.0,1.0156
4565,7,10,5,weather_driven,historically_calibrated,0.467448,0.079466,5.5955,6.4829,0.0013,0.8861
4566,7,10,6,weather_driven,historically_calibrated,0.445,0.07565,5.3958,6.7563,0.0492,1.3112
4567,7,10,7,weather_driven,historically_calibrated,0.56208,0.095554,6.3873,8.1943,0.1477,1.6593
4568,7,10,8,weather_driven,historically_calibrated,0.480469,0.08168,5.7091,8.0298,0.2566,2.0641
4569,7,10,9,weather_driven,historically_calibrated,0.432569,0.073537,5.2831,7.5625,0.4251,1.8543
4570,7,10,10,weather_driven,historically_calibrated,0.477821,0.08123,5.6861,7.489,0.5702,1.2326
4571,7,10,11,weather_driven,historically_calibrated,0.420958,0.071563,5.1764,7.3109,0.7413,1.3932
4572,7,10,12,weather_driven,historically_calibrated,0.372601,0.063342,4.7163,7.1349,0.8515,1.5671
4573,7,10,13,weather_driven,historically_calibrated,0.33472,0.056902,4.3368,7.1534,0.8592,1.9573
4574,7,10,14,weather_driven,historically_calibrated,0.331983,0.056437,4.3087,7.677,0.8385,2.5298
4575,7,10,15,weather_driven,historically_calibrated,0.402301,0.068391,5.002,8.1572,0.7478,2.4074
4576,7,10,16,weather_driven,historically_calibrated,0.671575,0.114168,7.2165,8.7253,0.683,0.8257
4577,7,10,17,weather_driven,historically_calibrated,0.692787,0.117774,7.3679,9.1923,0.5132,1.3112
4578,7,10,18,weather_driven,historically_calibrated,0.986775,0.167752,9.2187,9.5495,0.3227,0.0081
4579,7,10,19,weather_driven,historically_calibrated,0.790693,0.134418,8.0321,8.235,0.1724,0.0306
4580,7,10,20,weather_driven,historically_calibrated,0.794435,0.135054,8.0564,8.1433,0.0868,0.0
4581,7,10,21,weather_driven,historically_calibrated,0.769099,0.130747,7.8902,7.9006,0.0091,0.0014
4582,7,10,22,weather_driven,historically_calibrated,0.724131,0.123102,7.5865,7.5865,0.0,0.0
4583,7,10,23,weather_driven,historically_calibrated,0.680021,0.115604,7.2771,7.2853,0.0,0.0081
4584,7,10,24,weather_driven,historically_calibrated,0.493979,0.083977,5.8254,5.8365,0.0,0.0111
4585,7,11,1,weather_driven,historically_calibrated,0.481101,0.081787,5.7146,5.7391,0.0,0.0245
4586,7,11,2,weather_driven,historically_calibrated,0.529717,0.090052,6.1251,6.1495,0.0,0.0245
4587,7,11,3,weather_driven,historically_calibrated,0.535743,0.091076,6.1745,6.3286,0.0,0.1541
4588,7,11,4,weather_driven,historically_calibrated,0.53642,0.091191,6.1801,6.376,0.0,0.1959
4589,7,11,5,weather_driven,historically_calibrated,0.549599,0.093432,6.2871,6.4412,0.0,0.1541
4590,7,11,6,weather_driven,historically_calibrated,0.563037,0.095716,6.3949,6.5846,0.0156,0.1741
4591,7,11,7,weather_driven,historically_calibrated,0.591987,0.100638,6.6223,8.2477,0.0583,1.5671
4592,7,11,8,weather_driven,historically_calibrated,0.798738,0.135786,8.0843,8.3041,0.1011,0.1187
4593,7,11,9,weather_driven,historically_calibrated,0.43035,0.073159,5.2628,7.9507,0.1581,2.5298
4594,7,11,10,weather_driven,historically_calibrated,0.437479,0.074371,5.3278,7.9283,0.1931,2.4074
4595,7,11,11,weather_driven,historically_calibrated,0.355367,0.060412,4.5458,7.579,0.2462,2.7869
4596,7,11,12,weather_driven,historically_calibrated,0.317027,0.053895,4.1533,7.2396,0.2994,2.7869
4597,7,11,13,weather_driven,historically_calibrated,0.278341,0.047318,3.7371,7.3133,0.372,3.2043
4598,7,11,14,weather_driven,historically_calibrated,0.282336,0.047997,3.781,7.1127,0.2709,3.0608
4599,7,11,15,weather_driven,historically_calibrated,0.30518,0.051881,4.0281,7.4656,0.2333,3.2043
4600,7,11,16,weather_driven,historically_calibrated,0.424558,0.072175,5.2096,7.5916,0.2074,2.1746
4601,7,11,17,weather_driven,historically_calibrated,0.493575,0.083908,5.8219,7.9017,0.2255,1.8543
4602,7,11,18,weather_driven,historically_calibrated,0.598865,0.101807,6.6754,8.1434,0.1568,1.3112
4603,7,11,19,weather_driven,historically_calibrated,0.689665,0.117243,7.3458,8.235,0.0635,0.8257
4604,7,11,20,weather_driven,historically_calibrated,0.724015,0.123083,7.5857,8.1433,0.0376,0.52
4605,7,11,21,weather_driven,historically_calibrated,0.728975,0.123926,7.6197,7.9006,0.0091,0.2718
4606,7,11,22,weather_driven,historically_calibrated,0.745031,0.126655,7.729,7.8646,0.0,0.1356
4607,7,11,23,weather_driven,historically_calibrated,0.73735,0.12535,7.6769,7.7661,0.0,0.0892
4608,7,11,24,weather_driven,historically_calibrated,0.540058,0.09181,6.2098,6.2645,0.0,0.0548
4609,7,12,1,weather_driven,historically_calibrated,0.508095,0.086376,5.9451,5.9827,0.0,0.0376
4610,7,12,2,weather_driven,historically_calibrated,0.512125,0.087061,5.9789,5.987,0.0,0.0081
4611,7,12,3,weather_driven,historically_calibrated,0.529237,0.08997,6.1211,6.1249,0.0,0.0038
4612,7,12,4,weather_driven,historically_calibrated,0.550435,0.093574,6.2939,6.2939,0.0,0.0
4613,7,12,5,weather_driven,historically_calibrated,0.56887,0.096708,6.4412,6.4412,0.0,0.0
4614,7,12,6,weather_driven,historically_calibrated,0.583499,0.099195,6.5563,6.5846,0.0259,0.0024
4615,7,12,7,weather_driven,historically_calibrated,0.768855,0.130705,7.8885,7.9806,0.092,0.0
4616,7,12,8,weather_driven,historically_calibrated,0.733522,0.124699,7.6508,7.8103,0.1594,0.0001
4617,7,12,9,weather_driven,historically_calibrated,0.682262,0.115984,7.2931,7.5625,0.267,0.0024
4618,7,12,10,weather_driven,historically_calibrated,0.651201,0.110704,7.0685,7.489,0.4056,0.0148
4619,7,12,11,weather_driven,historically_calibrated,0.639001,0.10863,6.9785,7.3109,0.3175,0.0148
4620,7,12,12,weather_driven,historically_calibrated,0.605612,0.102954,6.7271,7.1349,0.3046,0.1032
4621,7,12,13,weather_driven,historically_calibrated,0.524532,0.08917,6.0823,7.0546,0.753,0.2194
4622,7,12,14,weather_driven,historically_calibrated,0.556164,0.094548,6.34,7.1127,0.7646,0.0081
4623,7,12,15,weather_driven,historically_calibrated,0.603994,0.102679,6.7148,7.3049,0.416,0.1741
4624,7,12,16,weather_driven,historically_calibrated,0.643177,0.10934,7.0094,7.5916,0.2812,0.3009
4625,7,12,17,weather_driven,historically_calibrated,0.701907,0.119324,7.4321,7.9017,0.2955,0.1741
4626,7,12,18,weather_driven,historically_calibrated,0.730659,0.124212,7.6313,8.1434,0.2112,0.3009
4627,7,12,19,weather_driven,historically_calibrated,0.757405,0.128759,7.8123,8.235,0.1218,0.3009
4628,7,12,20,weather_driven,historically_calibrated,0.799662,0.135943,8.0903,8.1433,0.0505,0.0024
4629,7,12,21,weather_driven,historically_calibrated,0.769459,0.130808,7.8926,7.9006,0.0078,0.0003
4630,7,12,22,weather_driven,historically_calibrated,0.724131,0.123102,7.5865,7.5865,0.0,0.0
4631,7,12,23,weather_driven,historically_calibrated,0.681058,0.11578,7.2846,7.2853,0.0,0.0007
4632,7,12,24,weather_driven,historically_calibrated,0.495284,0.084198,5.8365,5.8365,0.0,0.0
4633,7,13,1,weather_driven,historically_calibrated,0.479242,0.081471,5.6985,5.6985,0.0,0.0
4634,7,13,2,weather_driven,historically_calibrated,0.493882,0.08396,5.8245,5.8245,0.0,0.0
4635,7,13,3,weather_driven,historically_calibrated,0.510109,0.086719,5.962,5.962,0.0,0.0
4636,7,13,4,weather_driven,historically_calibrated,0.540308,0.091852,6.2118,6.2118,0.0,0.0
4637,7,13,5,weather_driven,historically_calibrated,0.574152,0.097606,6.4829,6.4829,0.0,0.0
4638,7,13,6,weather_driven,historically_calibrated,0.582646,0.09905,6.5496,6.5846,0.035,0.0
4639,7,13,7,weather_driven,historically_calibrated,0.758884,0.12901,7.8222,7.9271,0.105,0.0
4640,7,13,8,weather_driven,historically_calibrated,0.731259,0.124314,7.6354,7.8103,0.175,0.0
4641,7,13,9,weather_driven,historically_calibrated,0.679233,0.11547,7.2715,7.5625,0.2903,0.0007
4642,7,13,10,weather_driven,historically_calibrated,0.647759,0.110119,7.0432,7.489,0.4419,0.0038
4643,7,13,11,weather_driven,historically_calibrated,0.589192,0.100163,6.6006,7.3109,0.7102,0.0001
4644,7,13,12,weather_driven,historically_calibrated,0.551552,0.093764,6.3029,7.1349,0.832,0.0
4645,7,13,13,weather_driven,historically_calibrated,0.542907,0.092294,6.2329,7.0546,0.8217,0.0
4646,7,13,14,weather_driven,historically_calibrated,0.549441,0.093405,6.2859,7.1127,0.8268,0.0
4647,7,13,15,weather_driven,historically_calibrated,0.567339,0.096448,6.4291,7.3049,0.7867,0.0892
4648,7,13,16,weather_driven,historically_calibrated,0.629688,0.107047,6.9092,7.5916,0.6817,0.0007
4649,7,13,17,weather_driven,historically_calibrated,0.638875,0.108609,6.9776,7.9017,0.5236,0.4005
4650,7,13,18,weather_driven,historically_calibrated,0.697265,0.118535,7.3995,8.1434,0.3434,0.4005
4651,7,13,19,weather_driven,historically_calibrated,0.747657,0.127102,7.7468,8.235,0.2164,0.2718
4652,7,13,20,weather_driven,historically_calibrated,0.742239,0.126181,7.7101,8.1433,0.1011,0.332
4653,7,13,21,weather_driven,historically_calibrated,0.748549,0.127253,7.7528,8.0744,0.0207,0.3009
4654,7,13,22,weather_driven,historically_calibrated,0.812685,0.138156,8.1741,8.3097,0.0,0.1356
4655,7,13,23,weather_driven,historically_calibrated,0.808345,0.137419,8.1463,8.3003,0.0,0.1541
4656,7,13,24,weather_driven,historically_calibrated,0.600396,0.102067,6.6872,6.9065,0.0,0.2194
4657,7,14,1,weather_driven,historically_calibrated,0.474949,0.080741,5.6611,6.139,0.0,0.4779
4658,7,14,2,weather_driven,historically_calibrated,0.512708,0.08716,5.9838,6.2556,0.0,0.2718
4659,7,14,3,weather_driven,historically_calibrated,0.556852,0.094665,6.3455,6.4219,0.0,0.0764
4660,7,14,4,weather_driven,historically_calibrated,0.578583,0.098359,6.5178,6.621,0.0,0.1032
4661,7,14,5,weather_driven,historically_calibrated,0.578258,0.098304,6.5152,6.8473,0.0,0.332
4662,7,14,6,weather_driven,historically_calibrated,0.609919,0.103686,6.76,7.2033,0.0428,0.4005
4663,7,14,7,weather_driven,historically_calibrated,0.825474,0.14033,8.2556,8.7185,0.1309,0.332
4664,7,14,8,weather_driven,historically_calibrated,0.726971,0.123585,7.606,8.3969,0.2709,0.52
4665,7,14,9,weather_driven,historically_calibrated,0.626199,0.106454,6.8831,7.8249,0.464,0.4779
4666,7,14,10,weather_driven,historically_calibrated,0.455433,0.077424,5.4892,6.9404,0.683,0.7682
4667,7,14,11,weather_driven,historically_calibrated,0.383669,0.065224,4.8239,6.726,0.8865,1.0156
4668,7,14,12,weather_driven,historically_calibrated,0.368248,0.062602,4.6736,6.5641,1.0044,0.8861
4669,7,14,13,weather_driven,historically_calibrated,0.363,0.06171,4.6218,6.4902,1.1003,0.7682
4670,7,14,14,weather_driven,historically_calibrated,0.360568,0.061297,4.5977,6.5437,0.9966,0.9494
4671,7,14,15,weather_driven,historically_calibrated,0.424228,0.072119,5.2066,6.7205,0.6882,0.8257
4672,7,14,16,weather_driven,historically_calibrated,0.506118,0.08604,5.9284,6.9843,0.578,0.4779
4673,7,14,17,weather_driven,historically_calibrated,0.499579,0.084929,5.8731,7.2696,0.4471,0.9494
4674,7,14,18,weather_driven,historically_calibrated,0.555219,0.094387,6.3324,7.492,0.2735,0.8861
4675,7,14,19,weather_driven,historically_calibrated,0.620726,0.105523,6.8419,7.5762,0.1698,0.5645
4676,7,14,20,weather_driven,historically_calibrated,0.649403,0.110398,7.0553,7.4918,0.0713,0.3652
4677,7,14,21,weather_driven,historically_calibrated,0.646988,0.109988,7.0375,7.2686,0.0117,0.2194
4678,7,14,22,weather_driven,historically_calibrated,0.571188,0.097102,6.4596,6.9796,0.0,0.52
4679,7,14,23,weather_driven,historically_calibrated,0.513346,0.087269,5.9891,6.7024,0.0,0.7133
4680,7,14,24,weather_driven,historically_calibrated,0.381715,0.064892,4.805,5.3696,0.0,0.5645
4681,7,15,1,weather_driven,historically_calibrated,0.358109,0.060878,4.5732,5.0932,0.0,0.52
4682,7,15,2,weather_driven,historically_calibrated,0.35402,0.060183,4.5324,5.0969,0.0,0.5645
4683,7,15,3,weather_driven,historically_calibrated,0.367399,0.062458,4.6652,5.1852,0.0,0.52
4684,7,15,4,weather_driven,historically_calibrated,0.403418,0.068581,5.0125,5.4506,0.0,0.4381
4685,7,15,5,weather_driven,historically_calibrated,0.41394,0.07037,5.1112,5.7724,0.0,0.6611
4686,7,15,6,weather_driven,historically_calibrated,0.456383,0.077585,5.4977,6.0183,0.0428,0.4779
4687,7,15,7,weather_driven,historically_calibrated,0.618171,0.105089,6.8226,7.4404,0.14,0.4779
4688,7,15,8,weather_driven,historically_calibrated,0.552219,0.093877,6.3083,7.1855,0.2657,0.6116
4689,7,15,9,weather_driven,historically_calibrated,0.520444,0.088476,6.0483,7.0085,0.3486,0.6116
4690,7,15,10,weather_driven,historically_calibrated,0.519238,0.088271,6.0383,6.8899,0.451,0.4005
4691,7,15,11,weather_driven,historically_calibrated,0.47234,0.080298,5.6384,6.726,0.5676,0.52
4692,7,15,12,weather_driven,historically_calibrated,0.430685,0.073216,5.2659,6.5641,0.8204,0.4779
4693,7,15,13,weather_driven,historically_calibrated,0.413142,0.070234,5.1038,6.4902,1.0212,0.3652
4694,7,15,14,weather_driven,historically_calibrated,0.405309,0.068903,5.0303,6.5437,1.0355,0.4779
4695,7,15,15,weather_driven,historically_calibrated,0.417509,0.070977,5.1444,6.8146,0.902,0.7682
4696,7,15,16,weather_driven,historically_calibrated,0.521324,0.088625,6.0557,7.245,0.7115,0.4779
4697,7,15,17,weather_driven,historically_calibrated,0.617147,0.104915,6.8149,7.541,0.5067,0.2194
4698,7,15,18,weather_driven,historically_calibrated,0.667918,0.113546,7.1902,7.5969,0.3175,0.0892
4699,7,15,19,weather_driven,historically_calibrated,0.673224,0.114448,7.2284,7.5762,0.1737,0.1741
4700,7,15,20,weather_driven,historically_calibrated,0.689392,0.117197,7.3438,7.4918,0.0829,0.065
4701,7,15,21,weather_driven,historically_calibrated,0.652441,0.110915,7.0776,7.2686,0.0168,0.1741
4702,7,15,22,weather_driven,historically_calibrated,0.615897,0.104702,6.8054,6.9796,0.0,0.1741
4703,7,15,23,weather_driven,historically_calibrated,0.592468,0.10072,6.626,6.7024,0.0,0.0764
4704,7,15,24,weather_driven,historically_calibrated,0.441823,0.07511,5.3672,5.3696,0.0,0.0024
4705,7,16,1,weather_driven,historically_calibrated,0.460711,0.078321,5.5361,5.5361,0.0,0.0
4706,7,16,2,weather_driven,historically_calibrated,0.461167,0.078398,5.5401,5.5401,0.0,0.0
4707,7,16,3,weather_driven,historically_calibrated,0.46281,0.078678,5.5546,5.5546,0.0,0.0
4708,7,16,4,weather_driven,historically_calibrated,0.467529,0.07948,5.5962,5.5962,0.0,0.0
4709,7,16,5,weather_driven,historically_calibrated,0.478278,0.081307,5.6901,5.6901,0.0,0.0
4710,7,16,6,weather_driven,historically_calibrated,0.493925,0.083967,5.8249,5.8547,0.0298,0.0
4711,7,16,7,weather_driven,historically_calibrated,0.664144,0.112904,7.1629,7.286,0.1231,0.0
4712,7,16,8,weather_driven,historically_calibrated,0.673769,0.114541,7.2323,7.4812,0.2488,0.0
4713,7,16,9,weather_driven,historically_calibrated,0.661533,0.112461,7.1439,7.5625,0.4186,0.0
4714,7,16,10,weather_driven,historically_calibrated,0.624219,0.106117,6.8682,7.489,0.6208,0.0
4715,7,16,11,weather_driven,historically_calibrated,0.583711,0.099231,6.5579,7.3109,0.753,0.0
4716,7,16,12,weather_driven,historically_calibrated,0.588943,0.10012,6.5987,7.4346,0.8359,0.0
4717,7,16,13,weather_driven,historically_calibrated,0.607359,0.103251,6.7405,7.3509,0.6104,0.0
4718,7,16,14,weather_driven,historically_calibrated,0.635751,0.108078,6.9544,7.8098,0.8554,0.0
4719,7,16,15,weather_driven,historically_calibrated,0.728432,0.123833,7.616,8.3276,0.7115,0.0001
4720,7,16,16,weather_driven,historically_calibrated,0.804403,0.136748,8.1209,8.6899,0.5689,0.0
4721,7,16,17,weather_driven,historically_calibrated,0.908002,0.15436,8.7626,9.2292,0.4666,0.0001
4722,7,16,18,weather_driven,historically_calibrated,0.950869,0.161648,9.014,9.2835,0.2696,0.0
4723,7,16,19,weather_driven,historically_calibrated,0.922453,0.156817,8.8482,9.0805,0.1776,0.0548
4724,7,16,20,weather_driven,historically_calibrated,0.839263,0.142675,8.3425,8.4853,0.0778,0.065
4725,7,16,21,weather_driven,historically_calibrated,0.768224,0.130598,7.8844,7.9006,0.0156,0.0007
4726,7,16,22,weather_driven,historically_calibrated,0.713074,0.121223,7.51,7.5865,0.0,0.0764
4727,7,16,23,weather_driven,historically_calibrated,0.666794,0.113355,7.182,7.2853,0.0,0.1032
4728,7,16,24,weather_driven,historically_calibrated,0.494616,0.084085,5.8308,5.8365,0.0,0.0057
4729,7,17,1,weather_driven,historically_calibrated,0.460709,0.078321,5.5361,5.5361,0.0,0.0
4730,7,17,2,weather_driven,historically_calibrated,0.461167,0.078398,5.5401,5.5401,0.0,0.0
4731,7,17,3,weather_driven,historically_calibrated,0.46281,0.078678,5.5546,5.5546,0.0,0.0
4732,7,17,4,weather_driven,historically_calibrated,0.442894,0.075292,5.3768,5.5962,0.0,0.2194
4733,7,17,5,weather_driven,historically_calibrated,0.478278,0.081307,5.6901,5.6901,0.0,0.0
4734,7,17,6,weather_driven,historically_calibrated,0.495451,0.084227,5.8379,5.8547,0.013,0.0038
4735,7,17,7,weather_driven,historically_calibrated,0.632984,0.107607,6.9338,7.286,0.0804,0.2718
4736,7,17,8,weather_driven,historically_calibrated,0.513233,0.08725,5.9882,7.4812,0.0998,1.3932
4737,7,17,9,weather_driven,historically_calibrated,0.411332,0.069926,5.0869,7.5625,0.1866,2.289
4738,7,17,10,weather_driven,historically_calibrated,0.387347,0.065849,4.8594,7.489,0.0998,2.5298
4739,7,17,11,weather_driven,historically_calibrated,0.074379,0.012644,1.1016,7.3109,0.5028,5.7064
4740,7,17,12,weather_driven,historically_calibrated,0.223296,0.03796,3.1056,7.1349,0.5249,3.5045
4741,7,17,13,weather_driven,historically_calibrated,0.150866,0.025647,2.1922,7.0546,0.7024,4.16
4742,7,17,14,weather_driven,historically_calibrated,0.189397,0.032198,2.6908,7.1127,0.4329,3.9891
4743,7,17,15,weather_driven,historically_calibrated,0.248126,0.042182,3.3965,7.3049,0.0855,3.8229
4744,7,17,16,weather_driven,historically_calibrated,0.243213,0.041346,3.3397,7.5916,0.429,3.8229
4745,7,17,17,weather_driven,historically_calibrated,0.267008,0.045391,3.611,7.9017,0.4679,3.8229
4746,7,17,18,weather_driven,historically_calibrated,0.28934,0.049188,3.8576,8.1434,0.2968,3.9891
4747,7,17,19,weather_driven,historically_calibrated,0.357642,0.060799,4.5686,8.235,0.162,3.5045
4748,7,17,20,weather_driven,historically_calibrated,0.476085,0.080934,5.671,8.1433,0.0648,2.4074
4749,7,17,21,weather_driven,historically_calibrated,0.576774,0.098052,6.5036,7.9006,0.0039,1.3932
4750,7,17,22,weather_driven,historically_calibrated,0.576526,0.098009,6.5016,7.5865,0.0,1.0848
4751,7,17,23,weather_driven,historically_calibrated,0.578498,0.098345,6.5171,7.2853,0.0,0.7682
4752,7,17,24,weather_driven,historically_calibrated,0.463912,0.078865,5.5644,5.9649,0.0,0.4005
4753,7,18,1,weather_driven,historically_calibrated,0.463975,0.078876,5.5649,5.7391,0.0,0.1741
4754,7,18,2,weather_driven,historically_calibrated,0.541213,0.092006,6.2192,6.3933,0.0,0.1741
4755,7,18,3,weather_driven,historically_calibrated,0.581563,0.098866,6.5411,6.6952,0.0,0.1541
4756,7,18,4,weather_driven,historically_calibrated,0.62484,0.106223,6.8729,6.9915,0.0,0.1187
4757,7,18,5,weather_driven,historically_calibrated,0.669185,0.113761,7.1993,7.2758,0.0,0.0764
4758,7,18,6,weather_driven,historically_calibrated,0.69647,0.1184,7.3939,7.4862,0.0376,0.0548
4759,7,18,7,weather_driven,historically_calibrated,0.897626,0.152596,8.7005,8.9423,0.1231,0.1187
4760,7,18,8,weather_driven,historically_calibrated,0.787646,0.1339,8.0122,8.4138,0.2475,0.1541
4761,7,18,9,weather_driven,historically_calibrated,0.640772,0.108931,6.9917,7.618,0.4069,0.2194
4762,7,18,10,weather_driven,historically_calibrated,0.603189,0.102542,6.7086,7.489,0.5845,0.1959
4763,7,18,11,weather_driven,historically_calibrated,0.540152,0.091826,6.2105,7.3109,0.6998,0.4005
4764,7,18,12,weather_driven,historically_calibrated,0.501988,0.085338,5.8935,7.1349,0.6299,0.6116
4765,7,18,13,weather_driven,historically_calibrated,0.524949,0.089241,6.0857,7.0546,0.4044,0.5645
4766,7,18,14,weather_driven,historically_calibrated,0.563306,0.095762,6.397,7.1127,0.1957,0.52
4767,7,18,15,weather_driven,historically_calibrated,0.55785,0.094835,6.3535,7.3049,0.1257,0.8257
4768,7,18,16,weather_driven,historically_calibrated,0.578072,0.098272,6.5138,7.5916,0.0622,1.0156
4769,7,18,17,weather_driven,historically_calibrated,0.58141,0.09884,6.5399,7.9017,0.0505,1.3112
4770,7,18,18,weather_driven,historically_calibrated,0.558658,0.094972,6.3599,8.1434,0.0285,1.755
4771,7,18,19,weather_driven,historically_calibrated,0.685175,0.11648,7.3139,8.235,0.035,0.8861
4772,7,18,20,weather_driven,historically_calibrated,0.647885,0.110141,7.0441,8.1433,0.0143,1.0848
4773,7,18,21,weather_driven,historically_calibrated,0.507735,0.086315,5.942,7.9006,0.0013,1.9573
4774,7,18,22,weather_driven,historically_calibrated,0.381153,0.064796,4.7996,7.5865,0.0,2.7869
4775,7,18,23,weather_driven,historically_calibrated,0.376611,0.064024,4.7555,7.2853,0.0,2.5298
4776,7,18,24,weather_driven,historically_calibrated,0.149591,0.02543,2.1751,5.8365,0.0,3.6614
4777,7,19,1,weather_driven,historically_calibrated,0.104387,0.017746,1.547,5.5361,0.0,3.9891
4778,7,19,2,weather_driven,historically_calibrated,0.316422,0.053792,4.147,5.5401,0.0,1.3932
4779,7,19,3,weather_driven,historically_calibrated,0.418552,0.071154,5.1541,5.5546,0.0,0.4005
4780,7,19,4,weather_driven,historically_calibrated,0.250311,0.042553,3.4216,5.5962,0.0,2.1746
4781,7,19,5,weather_driven,historically_calibrated,0.173275,0.029457,2.4859,5.6901,0.0,3.2043
4782,7,19,6,weather_driven,historically_calibrated,0.220032,0.037405,3.0665,5.8547,0.0013,2.7869
4783,7,19,7,weather_driven,historically_calibrated,0.245162,0.041677,3.3623,7.3928,0.0415,3.9891
4784,7,19,8,weather_driven,historically_calibrated,0.406689,0.069137,5.0433,7.8652,0.035,2.7869
4785,7,19,9,weather_driven,historically_calibrated,0.407502,0.069275,5.051,7.5625,0.337,2.1746
4786,7,19,10,weather_driven,historically_calibrated,0.39593,0.067308,4.9415,7.489,0.4834,2.0641
4787,7,19,11,weather_driven,historically_calibrated,0.574432,0.097653,6.4851,7.3109,0.6299,0.1959
4788,7,19,12,weather_driven,historically_calibrated,0.089389,0.015196,1.3274,7.1349,0.5184,5.2891
4789,7,19,13,weather_driven,historically_calibrated,0.264206,0.044915,3.5795,7.0546,0.5534,2.9217
4790,7,19,14,weather_driven,historically_calibrated,0.211857,0.036016,2.9679,7.1127,0.4834,3.6614
4791,7,19,15,weather_driven,historically_calibrated,0.1587,0.026979,2.296,7.3049,0.4925,4.5164
4792,7,19,16,weather_driven,historically_calibrated,0.171722,0.029193,2.4658,7.5916,0.4238,4.702
4793,7,19,17,weather_driven,historically_calibrated,0.336262,0.057165,4.3526,7.9017,0.197,3.3521
4794,7,19,18,weather_driven,historically_calibrated,0.337651,0.057401,4.3668,8.1434,0.2722,3.5045
4795,7,19,19,weather_driven,historically_calibrated,0.402427,0.068413,5.0031,8.235,0.1711,3.0608
4796,7,19,20,weather_driven,historically_calibrated,0.515282,0.087598,6.0053,8.1433,0.0739,2.0641
4797,7,19,21,weather_driven,historically_calibrated,0.596231,0.101359,6.6551,7.9006,0.013,1.2326
4798,7,19,22,weather_driven,historically_calibrated,0.576526,0.098009,6.5016,7.5865,0.0,1.0848
4799,7,19,23,weather_driven,historically_calibrated,0.613293,0.10426,6.7857,7.499,0.0,0.7133
4800,7,19,24,weather_driven,historically_calibrated,0.484562,0.082376,5.7445,6.2645,0.0,0.52
4801,7,20,1,weather_driven,historically_calibrated,0.488666,0.083073,5.7798,6.1451,0.0,0.3652
4802,7,20,2,weather_driven,historically_calibrated,0.526909,0.089575,6.1019,6.4339,0.0,0.332
4803,7,20,3,weather_driven,historically_calibrated,0.55134,0.093728,6.3012,6.573,0.0,0.2718
4804,7,20,4,weather_driven,historically_calibrated,0.551658,0.093782,6.3037,6.7043,0.0,0.4005
4805,7,20,5,weather_driven,historically_calibrated,0.561197,0.095404,6.3802,6.9002,0.0,0.52
4806,7,20,6,weather_driven,historically_calibrated,0.548241,0.093201,6.2762,6.971,0.0337,0.6611
4807,7,20,7,weather_driven,historically_calibrated,0.667746,0.113517,7.1889,8.1943,0.1192,0.8861
4808,7,20,8,weather_driven,historically_calibrated,0.61363,0.104317,6.7882,7.9749,0.1711,1.0156
4809,7,20,9,weather_driven,historically_calibrated,0.521718,0.088692,6.0589,7.6734,0.3033,1.3112
4810,7,20,10,weather_driven,historically_calibrated,0.457282,0.077738,5.5057,7.489,0.324,1.6593
4811,7,20,11,weather_driven,historically_calibrated,0.522087,0.088755,6.062,7.3109,0.2333,1.0156
4812,7,20,12,weather_driven,historically_calibrated,0.419588,0.07133,5.1637,7.1349,0.578,1.3932
4813,7,20,13,weather_driven,historically_calibrated,0.456042,0.077527,5.4947,7.0546,0.5443,1.0156
4814,7,20,14,weather_driven,historically_calibrated,0.526409,0.08949,6.0978,7.1127,0.3538,0.6611
4815,7,20,15,weather_driven,historically_calibrated,0.461994,0.078539,5.5474,7.3049,0.6726,1.0848
4816,7,20,16,weather_driven,historically_calibrated,0.59583,0.101291,6.652,7.5916,0.5016,0.4381
4817,7,20,17,weather_driven,historically_calibrated,0.480472,0.08168,5.7092,7.9017,0.3383,1.8543
4818,7,20,18,weather_driven,historically_calibrated,0.661015,0.112373,7.1401,8.1434,0.1776,0.8257
4819,7,20,19,weather_driven,historically_calibrated,0.657837,0.111832,7.117,8.235,0.1024,1.0156
4820,7,20,20,weather_driven,historically_calibrated,0.740405,0.125869,7.6977,8.1433,0.0804,0.3652
4821,7,20,21,weather_driven,historically_calibrated,0.742549,0.126233,7.7122,7.9006,0.0143,0.1741
4822,7,20,22,weather_driven,historically_calibrated,0.724131,0.123102,7.5865,7.5865,0.0,0.0
4823,7,20,23,weather_driven,historically_calibrated,0.726946,0.123581,7.6058,7.6058,0.0,0.0
4824,7,20,24,weather_driven,historically_calibrated,0.520704,0.08852,6.0505,6.0505,0.0,0.0
4825,7,21,1,weather_driven,historically_calibrated,0.432213,0.073476,5.2799,5.28,0.0,0.0001
4826,7,21,2,weather_driven,historically_calibrated,0.436595,0.074221,5.3198,5.3212,0.0,0.0014
4827,7,21,3,weather_driven,historically_calibrated,0.442424,0.075212,5.3726,5.3726,0.0,0.0
4828,7,21,4,weather_driven,historically_calibrated,0.45533,0.077406,5.4883,5.4883,0.0,0.0
4829,7,21,5,weather_driven,historically_calibrated,0.474495,0.080664,5.6572,5.6572,0.0,0.0
4830,7,21,6,weather_driven,historically_calibrated,0.486427,0.082693,5.7606,5.7813,0.0207,0.0
4831,7,21,7,weather_driven,historically_calibrated,0.650392,0.110567,7.0626,7.1455,0.0829,0.0
4832,7,21,8,weather_driven,historically_calibrated,0.629385,0.106995,6.9069,7.135,0.2281,0.0
4833,7,21,9,weather_driven,historically_calibrated,0.589748,0.100257,6.6049,6.9575,0.3512,0.0014
4834,7,21,10,weather_driven,historically_calibrated,0.567664,0.096503,6.4317,6.8899,0.4575,0.0007
4835,7,21,11,weather_driven,historically_calibrated,0.533614,0.090714,6.1571,6.726,0.5689,0.0
4836,7,21,12,weather_driven,historically_calibrated,0.495347,0.084209,5.837,6.5641,0.6895,0.0376
4837,7,21,13,weather_driven,historically_calibrated,0.457835,0.077832,5.5106,6.4902,0.9552,0.0245
4838,7,21,14,weather_driven,historically_calibrated,0.520954,0.088562,6.0526,6.5437,0.4873,0.0038
4839,7,21,15,weather_driven,historically_calibrated,0.558005,0.094861,6.3547,6.7205,0.3577,0.0081
4840,7,21,16,weather_driven,historically_calibrated,0.5678,0.096526,6.4327,6.9843,0.4329,0.1187
4841,7,21,17,weather_driven,historically_calibrated,0.624299,0.106131,6.8688,7.2696,0.346,0.0548
4842,7,21,18,weather_driven,historically_calibrated,0.667971,0.113555,7.1906,7.492,0.1827,0.1187
4843,7,21,19,weather_driven,historically_calibrated,0.699437,0.118904,7.4147,7.5762,0.1309,0.0306
4844,7,21,20,weather_driven,historically_calibrated,0.703016,0.119513,7.4399,7.4918,0.0518,0.0001
4845,7,21,21,weather_driven,historically_calibrated,0.6781,0.115277,7.2634,7.2686,0.0052,0.0
4846,7,21,22,weather_driven,historically_calibrated,0.639138,0.108653,6.9796,6.9796,0.0,0.0
4847,7,21,23,weather_driven,historically_calibrated,0.602388,0.102406,6.7024,6.7024,0.0,0.0
4848,7,21,24,weather_driven,historically_calibrated,0.44209,0.075155,5.3696,5.3696,0.0,0.0
4849,7,22,1,weather_driven,historically_calibrated,0.41201,0.070042,5.0932,5.0932,0.0,0.0
4850,7,22,2,weather_driven,historically_calibrated,0.412407,0.070109,5.0969,5.0969,0.0,0.0
4851,7,22,3,weather_driven,historically_calibrated,0.413837,0.070352,5.1103,5.1103,0.0,0.0
4852,7,22,4,weather_driven,historically_calibrated,0.426121,0.072441,5.224,5.224,0.0,0.0
4853,7,22,5,weather_driven,historically_calibrated,0.461347,0.078429,5.5417,5.542,0.0,0.0003
4854,7,22,6,weather_driven,historically_calibrated,0.477893,0.081242,5.6868,5.7023,0.0156,0.0
4855,7,22,7,weather_driven,historically_calibrated,0.641797,0.109105,6.9992,7.0472,0.048,0.0
4856,7,22,8,weather_driven,historically_calibrated,0.643998,0.10948,7.0155,7.135,0.0739,0.0457
4857,7,22,9,weather_driven,historically_calibrated,0.654602,0.111282,7.0934,7.2126,0.1192,0.0
4858,7,22,10,weather_driven,historically_calibrated,0.675322,0.114805,7.2435,7.3951,0.1516,0.0
4859,7,22,11,weather_driven,historically_calibrated,0.663726,0.112833,7.1598,7.2193,0.057,0.0024
4860,7,22,12,weather_driven,historically_calibrated,0.547221,0.093028,6.2679,6.5641,0.2955,0.0007
4861,7,22,13,weather_driven,historically_calibrated,0.559395,0.095097,6.3658,6.4902,0.1244,0.0
4862,7,22,14,weather_driven,historically_calibrated,0.571669,0.097184,6.4633,6.5437,0.0804,0.0
4863,7,22,15,weather_driven,historically_calibrated,0.584785,0.099413,6.5663,6.7205,0.1542,0.0
4864,7,22,16,weather_driven,historically_calibrated,0.625697,0.106369,6.8793,6.9843,0.105,0.0
4865,7,22,17,weather_driven,historically_calibrated,0.650249,0.110542,7.0615,7.2696,0.2074,0.0007
4866,7,22,18,weather_driven,historically_calibrated,0.69154,0.117562,7.3591,7.492,0.1322,0.0007
4867,7,22,19,weather_driven,historically_calibrated,0.711308,0.120922,7.4978,7.5762,0.0778,0.0007
4868,7,22,20,weather_driven,historically_calibrated,0.688207,0.116995,7.3354,7.4918,0.0531,0.1032
4869,7,22,21,weather_driven,historically_calibrated,0.659139,0.112054,7.1265,7.2686,0.0065,0.1356
4870,7,22,22,weather_driven,historically_calibrated,0.47577,0.080881,5.6683,6.9796,0.0,1.3112
4871,7,22,23,weather_driven,historically_calibrated,0.530427,0.090173,6.1309,6.899,0.0,0.7682
4872,7,22,24,weather_driven,historically_calibrated,0.336372,0.057183,4.3537,5.9209,0.0,1.5671
4873,7,23,1,weather_driven,historically_calibrated,0.278084,0.047274,3.7342,6.0233,0.0,2.289
4874,7,23,2,weather_driven,historically_calibrated,0.320747,0.054527,4.1922,6.1495,0.0,1.9573
4875,7,23,3,weather_driven,historically_calibrated,0.421328,0.071626,5.1798,6.573,0.0,1.3932
4876,7,23,4,weather_driven,historically_calibrated,0.385895,0.065602,4.8454,6.9095,0.0,2.0641
4877,7,23,5,weather_driven,historically_calibrated,0.59306,0.10082,6.6306,7.1506,0.0,0.52
4878,7,23,6,weather_driven,historically_calibrated,0.561522,0.095459,6.3828,7.2715,0.0026,0.8861
4879,7,23,7,weather_driven,historically_calibrated,0.815262,0.138595,8.1906,9.3698,0.022,1.1571
4880,7,23,8,weather_driven,historically_calibrated,0.939979,0.159796,8.9508,9.5659,0.0505,0.5645
4881,7,23,9,weather_driven,historically_calibrated,0.951316,0.161724,9.0165,9.5036,0.1218,0.3652
4882,7,23,10,weather_driven,historically_calibrated,0.885487,0.150533,8.6273,9.0267,0.2035,0.1959
4883,7,23,11,weather_driven,historically_calibrated,0.68792,0.116946,7.3334,8.0615,0.4834,0.2447
4884,7,23,12,weather_driven,historically_calibrated,0.547252,0.093033,6.2682,7.1349,0.6221,0.2447
4885,7,23,13,weather_driven,historically_calibrated,0.564958,0.096043,6.4102,7.0546,0.5897,0.0548
4886,7,23,14,weather_driven,historically_calibrated,0.579084,0.098444,6.5217,7.1127,0.5534,0.0376
4887,7,23,15,weather_driven,historically_calibrated,0.546646,0.09293,6.2633,7.3049,0.7698,0.2718
4888,7,23,16,weather_driven,historically_calibrated,0.621195,0.105603,6.8454,7.5916,0.4743,0.2718
4889,7,23,17,weather_driven,historically_calibrated,0.668322,0.113615,7.1931,7.9017,0.464,0.2447
4890,7,23,18,weather_driven,historically_calibrated,0.729145,0.123955,7.6209,8.1434,0.2216,0.3009
4891,7,23,19,weather_driven,historically_calibrated,0.793968,0.134975,8.0534,8.235,0.1166,0.065
4892,7,23,20,weather_driven,historically_calibrated,0.796632,0.135427,8.0707,8.1433,0.0726,0.0
4893,7,23,21,weather_driven,historically_calibrated,0.769114,0.130749,7.8903,7.9006,0.0104,0.0
4894,7,23,22,weather_driven,historically_calibrated,0.723781,0.123043,7.5841,7.5865,0.0,0.0024
4895,7,23,23,weather_driven,historically_calibrated,0.719187,0.122262,7.5524,7.5524,0.0,0.0
4896,7,23,24,weather_driven,historically_calibrated,0.568177,0.09659,6.4357,6.4357,0.0,0.0
4897,7,24,1,weather_driven,historically_calibrated,0.557174,0.09472,6.348,6.348,0.0,0.0
4898,7,24,2,weather_driven,historically_calibrated,0.578253,0.098303,6.5152,6.5152,0.0,0.0
4899,7,24,3,weather_driven,historically_calibrated,0.601444,0.102246,6.6952,6.6952,0.0,0.0
4900,7,24,4,weather_driven,historically_calibrated,0.618802,0.105196,6.8274,6.8274,0.0,0.0
4901,7,24,5,weather_driven,historically_calibrated,0.639693,0.108748,6.9837,6.9837,0.0,0.0
4902,7,24,6,weather_driven,historically_calibrated,0.627534,0.106681,6.8931,6.9281,0.035,0.0
4903,7,24,7,weather_driven,historically_calibrated,0.772424,0.131312,7.9122,8.034,0.1218,0.0
4904,7,24,8,weather_driven,historically_calibrated,0.675032,0.114755,7.2414,7.4812,0.2398,0.0
4905,7,24,9,weather_driven,historically_calibrated,0.667794,0.113525,7.1893,7.5625,0.3732,0.0
4906,7,24,10,weather_driven,historically_calibrated,0.637404,0.108359,6.9667,7.489,0.5223,0.0
4907,7,24,11,weather_driven,historically_calibrated,0.599432,0.101903,6.6797,7.3109,0.6312,0.0
4908,7,24,12,weather_driven,historically_calibrated,0.565319,0.096104,6.413,7.1349,0.7219,0.0
4909,7,24,13,weather_driven,historically_calibrated,0.547383,0.093055,6.2692,7.0546,0.7854,0.0
4910,7,24,14,weather_driven,historically_calibrated,0.590703,0.10042,6.6123,7.3783,0.7659,0.0
4911,7,24,15,weather_driven,historically_calibrated,0.650859,0.110646,7.066,7.714,0.648,0.0
4912,7,24,16,weather_driven,historically_calibrated,0.72589,0.123401,7.5986,8.1584,0.5599,0.0
4913,7,24,17,weather_driven,historically_calibrated,0.799299,0.135881,8.088,8.5286,0.4406,0.0
4914,7,24,18,weather_driven,historically_calibrated,0.829166,0.140958,8.2789,8.5615,0.2825,0.0
4915,7,24,19,weather_driven,historically_calibrated,0.827604,0.140693,8.2691,8.4272,0.1581,0.0
4916,7,24,20,weather_driven,historically_calibrated,0.797832,0.135631,8.0785,8.1433,0.0648,0.0
4917,7,24,21,weather_driven,historically_calibrated,0.7697,0.130849,7.8942,7.9006,0.0065,0.0
4918,7,24,22,weather_driven,historically_calibrated,0.724131,0.123102,7.5865,7.5865,0.0,0.0
4919,7,24,23,weather_driven,historically_calibrated,0.681158,0.115797,7.2853,7.2853,0.0,0.0
4920,7,24,24,weather_driven,historically_calibrated,0.495122,0.084171,5.8351,5.8365,0.0,0.0014
4921,7,25,1,weather_driven,historically_calibrated,0.460439,0.078275,5.5337,5.5361,0.0,0.0024
4922,7,25,2,weather_driven,historically_calibrated,0.458404,0.077929,5.5156,5.5401,0.0,0.0245
4923,7,25,3,weather_driven,historically_calibrated,0.45856,0.077955,5.517,5.5546,0.0,0.0376
4924,7,25,4,weather_driven,historically_calibrated,0.464746,0.079007,5.5717,5.5962,0.0,0.0245
4925,7,25,5,weather_driven,historically_calibrated,0.476063,0.080931,5.6709,5.6901,0.0,0.0193
4926,7,25,6,weather_driven,historically_calibrated,0.493076,0.083823,5.8176,5.8547,0.0259,0.0111
4927,7,25,7,weather_driven,historically_calibrated,0.664811,0.113018,7.1677,7.286,0.1102,0.0081
4928,7,25,8,weather_driven,historically_calibrated,0.674499,0.114665,7.2376,7.4812,0.2398,0.0038
4929,7,25,9,weather_driven,historically_calibrated,0.661542,0.112462,7.144,7.5625,0.4147,0.0038
4930,7,25,10,weather_driven,historically_calibrated,0.631578,0.107368,6.9233,7.5589,0.6299,0.0057
4931,7,25,11,weather_driven,historically_calibrated,0.647438,0.110064,7.0409,7.8909,0.8256,0.0245
4932,7,25,12,weather_driven,historically_calibrated,0.640898,0.108953,6.9926,8.0006,0.9189,0.0892
4933,7,25,13,weather_driven,historically_calibrated,0.688192,0.116993,7.3353,8.4044,0.915,0.1541
4934,7,25,14,weather_driven,historically_calibrated,0.714677,0.121495,7.5212,8.54,0.823,0.1959
4935,7,25,15,weather_driven,historically_calibrated,0.767449,0.130466,7.8792,8.9753,0.8243,0.2718
4936,7,25,16,weather_driven,historically_calibrated,0.827042,0.140597,8.2655,9.2567,0.626,0.3652
4937,7,25,17,weather_driven,historically_calibrated,0.888812,0.151098,8.6475,9.4873,0.4393,0.4005
4938,7,25,18,weather_driven,historically_calibrated,0.904297,0.153731,8.7405,9.5875,0.2825,0.5645
4939,7,25,19,weather_driven,historically_calibrated,0.881571,0.149867,8.6036,9.2726,0.149,0.52
4940,7,25,20,weather_driven,historically_calibrated,0.79113,0.134492,8.0349,8.8653,0.0622,0.7682
4941,7,25,21,weather_driven,historically_calibrated,0.688827,0.117101,7.3398,8.2325,0.0065,0.8861
4942,7,25,22,weather_driven,historically_calibrated,0.544964,0.092644,6.2496,7.7281,0.0,1.4784
4943,7,25,23,weather_driven,historically_calibrated,0.647403,0.110059,7.0406,7.2853,0.0,0.2447
4944,7,25,24,weather_driven,historically_calibrated,0.487696,0.082908,5.7715,5.8365,0.0,0.065
4945,7,26,1,weather_driven,historically_calibrated,0.394146,0.067005,4.9245,5.5361,0.0,0.6116
4946,7,26,2,weather_driven,historically_calibrated,0.452567,0.076936,5.4637,5.5401,0.0,0.0764
4947,7,26,3,weather_driven,historically_calibrated,0.429356,0.07299,5.2537,5.5546,0.0,0.3009
4948,7,26,4,weather_driven,historically_calibrated,0.465339,0.079108,5.577,5.5962,0.0,0.0193
4949,7,26,5,weather_driven,historically_calibrated,0.475463,0.080829,5.6656,5.6901,0.0,0.0245
4950,7,26,6,weather_driven,historically_calibrated,0.494289,0.084029,5.828,5.8547,0.0156,0.0111
4951,7,26,7,weather_driven,historically_calibrated,0.635769,0.108081,6.9545,7.286,0.0596,0.2718
4952,7,26,8,weather_driven,historically_calibrated,0.652654,0.110951,7.0791,7.4812,0.1011,0.3009
4953,7,26,9,weather_driven,historically_calibrated,0.59234,0.100698,6.625,7.5625,0.2242,0.7133
4954,7,26,10,weather_driven,historically_calibrated,0.616649,0.10483,6.8111,7.489,0.2773,0.4005
4955,7,26,11,weather_driven,historically_calibrated,0.598119,0.10168,6.6696,7.3109,0.276,0.3652
4956,7,26,12,weather_driven,historically_calibrated,0.449426,0.076402,5.4356,7.1349,0.1322,1.5671
4957,7,26,13,weather_driven,historically_calibrated,0.214805,0.036517,3.0036,7.0546,0.2281,3.8229
4958,7,26,14,weather_driven,historically_calibrated,0.589919,0.100286,6.6062,7.1127,0.1413,0.3652
4959,7,26,15,weather_driven,historically_calibrated,0.614307,0.104432,6.7934,7.3049,0.0337,0.4779
4960,7,26,16,weather_driven,historically_calibrated,0.47998,0.081597,5.7049,7.5916,0.0324,1.8543
4961,7,26,17,weather_driven,historically_calibrated,0.594358,0.101041,6.6406,7.9017,0.0285,1.2326
4962,7,26,18,weather_driven,historically_calibrated,0.683477,0.116191,7.3018,8.2629,0.0117,0.9494
4963,7,26,19,weather_driven,historically_calibrated,0.712332,0.121096,7.5049,8.235,0.0168,0.7133
4964,7,26,20,weather_driven,historically_calibrated,0.754347,0.128239,7.7918,8.1433,0.0194,0.332
4965,7,26,21,weather_driven,historically_calibrated,0.752498,0.127925,7.7794,7.9006,0.0026,0.1187
4966,7,26,22,weather_driven,historically_calibrated,0.696003,0.118321,7.3906,7.5865,0.0,0.1959
4967,7,26,23,weather_driven,historically_calibrated,0.635593,0.108051,6.9532,7.2853,0.0,0.332
4968,7,26,24,weather_driven,historically_calibrated,0.463946,0.078871,5.5647,5.8365,0.0,0.2718
4969,7,27,1,weather_driven,historically_calibrated,0.438843,0.074603,5.3402,5.5361,0.0,0.1959
4970,7,27,2,weather_driven,historically_calibrated,0.47588,0.0809,5.6693,5.8652,0.0,0.1959
4971,7,27,3,weather_driven,historically_calibrated,0.518509,0.088147,6.0322,6.2064,0.0,0.1741
4972,7,27,4,weather_driven,historically_calibrated,0.559413,0.0951,6.366,6.5401,0.0,0.1741
4973,7,27,5,weather_driven,historically_calibrated,0.6081,0.103377,6.7461,6.9002,0.0,0.1541
4974,7,27,6,weather_driven,historically_calibrated,0.64409,0.109495,7.0162,7.1427,0.0233,0.1032
4975,7,27,7,weather_driven,historically_calibrated,0.848196,0.144193,8.3983,8.5683,0.105,0.065
4976,7,27,8,weather_driven,historically_calibrated,0.733382,0.124675,7.6499,7.9749,0.2359,0.0892
4977,7,27,9,weather_driven,historically_calibrated,0.654022,0.111184,7.0892,7.5625,0.4186,0.0548
4978,7,27,10,weather_driven,historically_calibrated,0.619935,0.105389,6.8359,7.489,0.6286,0.0245
4979,7,27,11,weather_driven,historically_calibrated,0.572933,0.097399,6.4733,7.3109,0.8294,0.0081
4980,7,27,12,weather_driven,historically_calibrated,0.537609,0.091394,6.1898,7.1349,0.937,0.0081
4981,7,27,13,weather_driven,historically_calibrated,0.543025,0.092314,6.2339,7.2192,0.9772,0.0081
4982,7,27,14,weather_driven,historically_calibrated,0.587276,0.099837,6.5857,7.5442,0.9474,0.0111
4983,7,27,15,weather_driven,historically_calibrated,0.651717,0.110792,7.0723,7.9526,0.8722,0.0081
4984,7,27,16,weather_driven,historically_calibrated,0.751854,0.127815,7.775,8.4773,0.683,0.0193
4985,7,27,17,weather_driven,historically_calibrated,0.71346,0.121288,7.5127,8.3811,0.4679,0.4005
4986,7,27,18,weather_driven,historically_calibrated,0.730274,0.124147,7.6286,8.2574,0.2968,0.332
4987,7,27,19,weather_driven,historically_calibrated,0.78661,0.133724,8.0054,8.235,0.1646,0.065
4988,7,27,20,weather_driven,historically_calibrated,0.796832,0.135461,8.072,8.1433,0.0713,0.0
4989,7,27,21,weather_driven,historically_calibrated,0.7697,0.130849,7.8942,7.9006,0.0065,0.0
4990,7,27,22,weather_driven,historically_calibrated,0.724131,0.123102,7.5865,7.5865,0.0,0.0
4991,7,27,23,weather_driven,historically_calibrated,0.681158,0.115797,7.2853,7.2853,0.0,0.0
4992,7,27,24,weather_driven,historically_calibrated,0.495285,0.084198,5.8365,5.8365,0.0,0.0
4993,7,28,1,weather_driven,historically_calibrated,0.436321,0.074175,5.3173,5.3173,0.0,0.0
4994,7,28,2,weather_driven,historically_calibrated,0.457551,0.077784,5.5081,5.5081,0.0,0.0
4995,7,28,3,weather_driven,historically_calibrated,0.471946,0.080231,5.6349,5.6349,0.0,0.0
4996,7,28,4,weather_driven,historically_calibrated,0.494303,0.084032,5.8281,5.8281,0.0,0.0
4997,7,28,5,weather_driven,historically_calibrated,0.533513,0.090697,6.1563,6.1563,0.0,0.0
4998,7,28,6,weather_driven,historically_calibrated,0.552559,0.093935,6.311,6.3343,0.0233,0.0
4999,7,28,7,weather_driven,historically_calibrated,0.694975,0.118146,7.3833,7.4896,0.1063,0.0
5000,7,28,8,weather_driven,historically_calibrated,0.595157,0.101177,6.6468,6.8827,0.2359,0.0
5001,7,28,9,weather_driven,historically_calibrated,0.581943,0.09893,6.5441,6.9575,0.4134,0.0
5002,7,28,10,weather_driven,historically_calibrated,0.549288,0.093379,6.2846,6.8899,0.6052,0.0
5003,7,28,11,weather_driven,historically_calibrated,0.506494,0.086104,5.9316,6.726,0.7944,0.0
5004,7,28,12,weather_driven,historically_calibrated,0.541434,0.092044,6.221,7.1155,0.8942,0.0003
5005,7,28,13,weather_driven,historically_calibrated,0.593053,0.100819,6.6305,7.3989,0.7659,0.0024
5006,7,28,14,weather_driven,historically_calibrated,0.63623,0.108159,6.958,7.7652,0.788,0.0193
5007,7,28,15,weather_driven,historically_calibrated,0.693745,0.117937,7.3746,8.1946,0.7167,0.1032
5008,7,28,16,weather_driven,historically_calibrated,0.787234,0.13383,8.0095,8.5813,0.5262,0.0457
5009,7,28,17,weather_driven,historically_calibrated,0.865902,0.147203,8.5079,8.898,0.3901,0.0
5010,7,28,18,weather_driven,historically_calibrated,0.823138,0.139934,8.2408,9.1702,0.2683,0.6611
5011,7,28,19,weather_driven,historically_calibrated,0.891456,0.151547,8.6634,8.849,0.14,0.0457
5012,7,28,20,weather_driven,historically_calibrated,0.843801,0.143446,8.3709,8.5057,0.0583,0.0764
5013,7,28,21,weather_driven,historically_calibrated,0.776332,0.131976,7.938,7.947,0.0052,0.0038
5014,7,28,22,weather_driven,historically_calibrated,0.688444,0.117035,7.3371,7.3378,0.0,0.0007
5015,7,28,23,weather_driven,historically_calibrated,0.63132,0.107324,6.9214,6.9214,0.0,0.0
5016,7,28,24,weather_driven,historically_calibrated,0.44209,0.075155,5.3696,5.3696,0.0,0.0
5017,7,29,1,weather_driven,historically_calibrated,0.41201,0.070042,5.0932,5.0932,0.0,0.0
5018,7,29,2,weather_driven,historically_calibrated,0.412407,0.070109,5.0969,5.0969,0.0,0.0
5019,7,29,3,weather_driven,historically_calibrated,0.413839,0.070353,5.1103,5.1103,0.0,0.0
5020,7,29,4,weather_driven,historically_calibrated,0.417949,0.071051,5.1485,5.1485,0.0,0.0
5021,7,29,5,weather_driven,historically_calibrated,0.427305,0.072642,5.2349,5.2349,0.0,0.0
5022,7,29,6,weather_driven,historically_calibrated,0.441791,0.075104,5.3669,5.3863,0.0194,0.0
5023,7,29,7,weather_driven,historically_calibrated,0.588207,0.099995,6.5929,6.7031,0.1102,0.0
5024,7,29,8,weather_driven,historically_calibrated,0.596333,0.101377,6.6559,6.8827,0.2268,0.0
5025,7,29,9,weather_driven,historically_calibrated,0.586581,0.099719,6.5803,6.9575,0.3758,0.0014
5026,7,29,10,weather_driven,historically_calibrated,0.606059,0.10303,6.7306,7.34,0.5547,0.0548
5027,7,29,11,weather_driven,historically_calibrated,0.59796,0.101653,6.6684,7.5735,0.7309,0.1741
5028,7,29,12,weather_driven,historically_calibrated,0.615395,0.104617,6.8016,7.7588,0.8385,0.1187
5029,7,29,13,weather_driven,historically_calibrated,0.686046,0.116628,7.3201,8.3681,0.9124,0.1356
5030,7,29,14,weather_driven,historically_calibrated,0.701891,0.119321,7.432,8.5592,0.8554,0.2718
5031,7,29,15,weather_driven,historically_calibrated,0.788245,0.134002,8.0161,8.9159,0.6804,0.2194
5032,7,29,16,weather_driven,historically_calibrated,0.794574,0.135078,8.0573,8.6465,0.4536,0.1356
5033,7,29,17,weather_driven,historically_calibrated,0.67861,0.115364,7.2671,8.5587,0.276,1.0156
5034,7,29,18,weather_driven,historically_calibrated,0.707352,0.12025,7.4702,8.5059,0.21,0.8257
5035,7,29,19,weather_driven,historically_calibrated,0.732475,0.124521,7.6437,8.1773,0.0557,0.4779
5036,7,29,20,weather_driven,historically_calibrated,0.654532,0.11127,7.0929,7.4918,0.0337,0.3652
5037,7,29,21,weather_driven,historically_calibrated,0.665894,0.113202,7.1755,7.2686,0.0039,0.0892
5038,7,29,22,weather_driven,historically_calibrated,0.63584,0.108093,6.9551,6.9796,0.0,0.0245
5039,7,29,23,weather_driven,historically_calibrated,0.5992,0.101864,6.678,6.7024,0.0,0.0245
5040,7,29,24,weather_driven,historically_calibrated,0.438711,0.074581,5.339,5.3696,0.0,0.0306
5041,7,30,1,weather_driven,historically_calibrated,0.459452,0.078107,5.5249,5.5361,0.0,0.0111
5042,7,30,2,weather_driven,historically_calibrated,0.460895,0.078352,5.5377,5.5401,0.0,0.0024
5043,7,30,3,weather_driven,historically_calibrated,0.45856,0.077955,5.517,5.5546,0.0,0.0376
5044,7,30,4,weather_driven,historically_calibrated,0.462347,0.078599,5.5506,5.5962,0.0,0.0457
5045,7,30,5,weather_driven,historically_calibrated,0.474764,0.08071,5.6595,5.6901,0.0,0.0306
5046,7,30,6,weather_driven,historically_calibrated,0.492733,0.083765,5.8147,5.8547,0.0207,0.0193
5047,7,30,7,weather_driven,historically_calibrated,0.665527,0.11314,7.1729,7.286,0.105,0.0081
5048,7,30,8,weather_driven,historically_calibrated,0.674951,0.114742,7.2408,7.4812,0.2255,0.0148
5049,7,30,9,weather_driven,historically_calibrated,0.660714,0.112321,7.138,7.5625,0.394,0.0306
5050,7,30,10,weather_driven,historically_calibrated,0.622565,0.105836,6.8558,7.489,0.6026,0.0306
5051,7,30,11,weather_driven,historically_calibrated,0.57166,0.097182,6.4633,7.3109,0.81,0.0376
5052,7,30,12,weather_driven,historically_calibrated,0.526886,0.089571,6.1017,7.1349,0.9876,0.0457
5053,7,30,13,weather_driven,historically_calibrated,0.507923,0.086347,5.9436,7.0546,1.0562,0.0548
5054,7,30,14,weather_driven,historically_calibrated,0.551547,0.093763,6.3028,7.3783,0.9863,0.0892
5055,7,30,15,weather_driven,historically_calibrated,0.612606,0.104143,6.7804,7.6799,0.8618,0.0376
5056,7,30,16,weather_driven,historically_calibrated,0.62743,0.106663,6.8923,7.7687,0.6571,0.2194
5057,7,30,17,weather_driven,historically_calibrated,0.677495,0.115174,7.2591,7.9755,0.4717,0.2447
5058,7,30,18,weather_driven,historically_calibrated,0.728844,0.123904,7.6188,8.1434,0.2799,0.2447
5059,7,30,19,weather_driven,historically_calibrated,0.773157,0.131437,7.917,8.235,0.1439,0.1741
5060,7,30,20,weather_driven,historically_calibrated,0.785132,0.133472,7.9958,8.1433,0.0583,0.0892
5061,7,30,21,weather_driven,historically_calibrated,0.760124,0.129221,7.8304,7.9006,0.0052,0.065
5062,7,30,22,weather_driven,historically_calibrated,0.723302,0.122961,7.5808,7.5865,0.0,0.0057
5063,7,30,23,weather_driven,historically_calibrated,0.680963,0.115764,7.2839,7.2853,0.0,0.0014
5064,7,30,24,weather_driven,historically_calibrated,0.5257,0.089369,6.0919,6.0933,0.0,0.0014
5065,7,31,1,weather_driven,historically_calibrated,0.582739,0.099066,6.5503,6.551,0.0,0.0007
5066,7,31,2,weather_driven,historically_calibrated,0.625808,0.106387,6.8801,6.8808,0.0,0.0007
5067,7,31,3,weather_driven,historically_calibrated,0.661404,0.112439,7.143,7.1433,0.0,0.0003
5068,7,31,4,weather_driven,historically_calibrated,0.709332,0.120586,7.484,7.484,0.0,0.0
5069,7,31,5,weather_driven,historically_calibrated,0.758294,0.12891,7.8182,7.8182,0.0,0.0
5070,7,31,6,weather_driven,historically_calibrated,0.809505,0.137616,8.1537,8.1732,0.0194,0.0
5071,7,31,7,weather_driven,historically_calibrated,1.06404,0.180887,9.6426,9.7438,0.0998,0.0014
5072,7,31,8,weather_driven,historically_calibrated,0.839188,0.142662,8.342,8.743,0.2268,0.1741
5073,7,31,9,weather_driven,historically_calibrated,0.617496,0.104974,6.8175,7.7289,0.3914,0.52
5074,7,31,10,weather_driven,historically_calibrated,0.583299,0.099161,6.5547,7.489,0.3227,0.6116
5075,7,31,11,weather_driven,historically_calibrated,0.524788,0.089214,6.0844,7.3109,0.5132,0.7133
5076,7,31,12,weather_driven,historically_calibrated,0.469821,0.07987,5.6163,7.1349,0.6324,0.8861
5077,7,31,13,weather_driven,historically_calibrated,0.427871,0.072738,5.2401,7.0546,0.5819,1.2326
5078,7,31,14,weather_driven,historically_calibrated,0.438275,0.074507,5.335,7.1127,0.762,1.0156
5079,7,31,15,weather_driven,historically_calibrated,0.503261,0.085554,5.9043,7.3049,0.5145,0.8861
5080,7,31,16,weather_driven,historically_calibrated,0.41799,0.071058,5.1489,7.5916,0.5884,1.8543
5081,7,31,17,weather_driven,historically_calibrated,0.390844,0.066443,4.8929,7.9017,0.3525,2.6563
5082,7,31,18,weather_driven,historically_calibrated,0.514193,0.087413,5.9962,8.1434,0.2929,1.8543
5083,7,31,19,weather_driven,historically_calibrated,0.621047,0.105578,6.8443,8.235,0.1581,1.2326
5084,7,31,20,weather_driven,historically_calibrated,0.651488,0.110753,7.0706,8.1433,0.057,1.0156
5085,7,31,21,weather_driven,historically_calibrated,0.62594,0.10641,6.8811,7.9006,0.0039,1.0156
5086,7,31,22,weather_driven,historically_calibrated,0.593897,0.100963,6.6371,7.5865,0.0,0.9494
5087,7,31,23,weather_driven,historically_calibrated,0.697465,0.118569,7.4009,7.7661,0.0,0.3652
5088,7,31,24,weather_driven,historically_calibrated,0.532538,0.090532,6.1483,6.3929,0.0,0.2447
5089,8,1,1,weather_driven,historically_calibrated,0.43348,0.073692,5.2914,5.5361,0.0,0.2447
5090,8,1,2,weather_driven,historically_calibrated,0.445966,0.075814,5.4045,5.5401,0.0,0.1356
5091,8,1,3,weather_driven,historically_calibrated,0.449469,0.07641,5.436,5.5546,0.0,0.1187
5092,8,1,4,weather_driven,historically_calibrated,0.466261,0.079264,5.5851,5.5962,0.0,0.0111
5093,8,1,5,weather_driven,historically_calibrated,0.478118,0.08128,5.6887,5.6901,0.0,0.0014
5094,8,1,6,weather_driven,historically_calibrated,0.483268,0.082156,5.7333,5.8547,0.0181,0.1032
5095,8,1,7,weather_driven,historically_calibrated,0.559695,0.095148,6.3682,7.286,0.092,0.8257
5096,8,1,8,weather_driven,historically_calibrated,0.527754,0.089718,6.1089,7.4812,0.2151,1.1571
5097,8,1,9,weather_driven,historically_calibrated,0.458705,0.07798,5.5183,7.5625,0.3849,1.6593
5098,8,1,10,weather_driven,historically_calibrated,0.388305,0.066012,4.8686,7.8385,0.5625,2.4074
5099,8,1,11,weather_driven,historically_calibrated,0.289447,0.049206,3.8588,8.0274,0.8165,3.3521
5100,8,1,12,weather_driven,historically_calibrated,0.265355,0.04511,3.5924,8.0339,0.937,3.5045
5101,8,1,13,weather_driven,historically_calibrated,0.312975,0.053206,4.1107,8.2727,0.9577,3.2043
5102,8,1,14,weather_driven,historically_calibrated,0.323615,0.055015,4.2221,8.3077,0.8813,3.2043
5103,8,1,15,weather_driven,historically_calibrated,0.3898,0.066266,4.8829,8.2253,0.8126,2.5298
5104,8,1,16,weather_driven,historically_calibrated,0.454259,0.077224,5.4788,8.1584,0.6156,2.0641
5105,8,1,17,weather_driven,historically_calibrated,0.53465,0.09089,6.1656,8.0123,0.4536,1.3932
5106,8,1,18,weather_driven,historically_calibrated,0.639892,0.108782,6.9851,8.1434,0.2722,0.8861
5107,8,1,19,weather_driven,historically_calibrated,0.716401,0.121788,7.5331,8.235,0.1374,0.5645
5108,8,1,20,weather_driven,historically_calibrated,0.753961,0.128173,7.7892,8.1433,0.0531,0.3009
5109,8,1,21,weather_driven,historically_calibrated,0.754414,0.12825,7.7922,7.9006,0.0052,0.1032
5110,8,1,22,weather_driven,historically_calibrated,0.718677,0.122175,7.5489,7.5865,0.0,0.0376
5111,8,1,23,weather_driven,historically_calibrated,0.681116,0.11579,7.285,7.2853,0.0,0.0003
5112,8,1,24,weather_driven,historically_calibrated,0.53105,0.090278,6.136,6.1361,0.0,0.0001
5113,8,2,1,weather_driven,historically_calibrated,0.474136,0.080603,5.6541,5.6579,0.0,0.0038
5114,8,2,2,weather_driven,historically_calibrated,0.472243,0.080281,5.6375,5.662,0.0,0.0245
5115,8,2,3,weather_driven,historically_calibrated,0.47792,0.081246,5.687,5.7176,0.0,0.0306
5116,8,2,4,weather_driven,historically_calibrated,0.497988,0.084658,5.8595,5.9245,0.0,0.065
5117,8,2,5,weather_driven,historically_calibrated,0.529666,0.090043,6.1246,6.1491,0.0,0.0245
5118,8,2,6,weather_driven,historically_calibrated,0.549254,0.093373,6.2843,6.327,0.0181,0.0245
5119,8,2,7,weather_driven,historically_calibrated,0.675158,0.114777,7.2423,7.3928,0.0855,0.065
5120,8,2,8,weather_driven,historically_calibrated,0.638412,0.10853,6.9742,7.4812,0.175,0.332
5121,8,2,9,weather_driven,historically_calibrated,0.60195,0.102331,6.6991,7.5625,0.3434,0.52
5122,8,2,10,weather_driven,historically_calibrated,0.575967,0.097914,6.4972,7.489,0.4717,0.52
5123,8,2,11,weather_driven,historically_calibrated,0.550997,0.09367,6.2984,7.3109,0.4925,0.52
5124,8,2,12,weather_driven,historically_calibrated,0.476888,0.081071,5.678,7.1349,0.7957,0.6611
5125,8,2,13,weather_driven,historically_calibrated,0.488172,0.082989,5.7756,7.0546,0.6674,0.6116
5126,8,2,14,weather_driven,historically_calibrated,0.524768,0.08921,6.0842,7.1127,0.464,0.5645
5127,8,2,15,weather_driven,historically_calibrated,0.59785,0.101634,6.6676,7.3049,0.3927,0.2447
5128,8,2,16,weather_driven,historically_calibrated,0.582971,0.099105,6.5521,7.5916,0.6389,0.4005
5129,8,2,17,weather_driven,historically_calibrated,0.624147,0.106105,6.8677,7.9017,0.4225,0.6116
5130,8,2,18,weather_driven,historically_calibrated,0.753144,0.128034,7.7837,8.1434,0.2411,0.1187
5131,8,2,19,weather_driven,historically_calibrated,0.773157,0.131437,7.917,8.235,0.1439,0.1741
5132,8,2,20,weather_driven,historically_calibrated,0.789804,0.134267,8.0263,8.1433,0.0622,0.0548
5133,8,2,21,weather_driven,historically_calibrated,0.769035,0.130736,7.8897,7.9006,0.0052,0.0057
5134,8,2,22,weather_driven,historically_calibrated,0.724131,0.123102,7.5865,7.5865,0.0,0.0
5135,8,2,23,weather_driven,historically_calibrated,0.681158,0.115797,7.2853,7.2853,0.0,0.0
5136,8,2,24,weather_driven,historically_calibrated,0.495285,0.084198,5.8365,5.8365,0.0,0.0
5137,8,3,1,weather_driven,historically_calibrated,0.493385,0.083875,5.8203,5.8203,0.0,0.0
5138,8,3,2,weather_driven,historically_calibrated,0.513095,0.087226,5.987,5.987,0.0,0.0
5139,8,3,3,weather_driven,historically_calibrated,0.524766,0.08921,6.0842,6.0842,0.0,0.0
5140,8,3,4,weather_driven,historically_calibrated,0.535283,0.090998,6.1708,6.1708,0.0,0.0
5141,8,3,5,weather_driven,historically_calibrated,0.542862,0.092287,6.2326,6.2326,0.0,0.0
5142,8,3,6,weather_driven,historically_calibrated,0.568746,0.096687,6.4402,6.4558,0.0156,0.0
5143,8,3,7,weather_driven,historically_calibrated,0.717277,0.121937,7.5392,7.6066,0.0674,0.0
5144,8,3,8,weather_driven,historically_calibrated,0.690298,0.117351,7.3503,7.4812,0.1309,0.0
5145,8,3,9,weather_driven,historically_calibrated,0.692638,0.117749,7.3668,7.5625,0.1957,0.0
5146,8,3,10,weather_driven,historically_calibrated,0.678291,0.11531,7.2648,7.489,0.2242,0.0
5147,8,3,11,weather_driven,historically_calibrated,0.651737,0.110795,7.0724,7.3109,0.2385,0.0
5148,8,3,12,weather_driven,historically_calibrated,0.62522,0.106287,6.8757,7.1349,0.2592,0.0
5149,8,3,13,weather_driven,historically_calibrated,0.610483,0.103782,6.7643,7.0546,0.2903,0.0
5150,8,3,14,weather_driven,historically_calibrated,0.619346,0.105289,6.8315,7.1127,0.2812,0.0
5151,8,3,15,weather_driven,historically_calibrated,0.650215,0.110537,7.0613,7.3049,0.2436,0.0
5152,8,3,16,weather_driven,historically_calibrated,0.696023,0.118324,7.3907,7.5916,0.2009,0.0
5153,8,3,17,weather_driven,historically_calibrated,0.745271,0.126696,7.7307,7.9017,0.1711,0.0
5154,8,3,18,weather_driven,historically_calibrated,0.796061,0.13533,8.067,8.1434,0.0765,0.0
5155,8,3,19,weather_driven,historically_calibrated,0.819791,0.139365,8.2195,8.235,0.0156,0.0
5156,8,3,20,weather_driven,historically_calibrated,0.805659,0.136962,8.129,8.1433,0.0143,0.0
5157,8,3,21,weather_driven,historically_calibrated,0.787738,0.133916,8.0128,8.0165,0.0013,0.0024
5158,8,3,22,weather_driven,historically_calibrated,0.723929,0.123068,7.5851,7.5865,0.0,0.0014
5159,8,3,23,weather_driven,historically_calibrated,0.681158,0.115797,7.2853,7.2853,0.0,0.0
5160,8,3,24,weather_driven,historically_calibrated,0.51264,0.087149,5.9832,6.0077,0.0,0.0245
5161,8,4,1,weather_driven,historically_calibrated,0.433285,0.073659,5.2897,5.3547,0.0,0.065
5162,8,4,2,weather_driven,historically_calibrated,0.429533,0.073021,5.2553,5.3586,0.0,0.1032
5163,8,4,3,weather_driven,historically_calibrated,0.441793,0.075105,5.3669,5.3726,0.0,0.0057
5164,8,4,4,weather_driven,historically_calibrated,0.437653,0.074401,5.3294,5.3751,0.0,0.0457
5165,8,4,5,weather_driven,historically_calibrated,0.43997,0.074795,5.3504,5.4269,0.0,0.0764
5166,8,4,6,weather_driven,historically_calibrated,0.467384,0.079455,5.5949,5.6233,0.0039,0.0245
5167,8,4,7,weather_driven,historically_calibrated,0.598724,0.101783,6.6743,6.7523,0.013,0.065
5168,8,4,8,weather_driven,historically_calibrated,0.607312,0.103243,6.7401,6.8827,0.0661,0.0764
5169,8,4,9,weather_driven,historically_calibrated,0.587985,0.099957,6.5912,6.9575,0.2631,0.1032
5170,8,4,10,weather_driven,historically_calibrated,0.545955,0.092812,6.2577,6.8899,0.543,0.0892
5171,8,4,11,weather_driven,historically_calibrated,0.505539,0.085942,5.9235,6.726,0.7569,0.0457
5172,8,4,12,weather_driven,historically_calibrated,0.449066,0.076341,5.4324,6.5641,0.9124,0.2194
5173,8,4,13,weather_driven,historically_calibrated,0.441571,0.075067,5.3649,6.6114,0.8813,0.3652
5174,8,4,14,weather_driven,historically_calibrated,0.480394,0.081667,5.7085,6.9407,0.9876,0.2447
5175,8,4,15,weather_driven,historically_calibrated,0.488065,0.082971,5.7747,7.0655,0.8528,0.4381
5176,8,4,16,weather_driven,historically_calibrated,0.534572,0.090877,6.1649,7.1146,0.5845,0.3652
5177,8,4,17,weather_driven,historically_calibrated,0.550857,0.093646,6.2973,7.2696,0.4523,0.52
5178,8,4,18,weather_driven,historically_calibrated,0.631852,0.107415,6.9254,7.492,0.2657,0.3009
5179,8,4,19,weather_driven,historically_calibrated,0.689147,0.117155,7.3421,7.5762,0.1309,0.1032
5180,8,4,20,weather_driven,historically_calibrated,0.702668,0.119454,7.4374,7.4918,0.0505,0.0038
5181,8,4,21,weather_driven,historically_calibrated,0.67845,0.115336,7.2659,7.2686,0.0026,0.0001
5182,8,4,22,weather_driven,historically_calibrated,0.637635,0.108398,6.9684,6.9796,0.0,0.0111
5183,8,4,23,weather_driven,historically_calibrated,0.602074,0.102353,6.7,6.7024,0.0,0.0024
5184,8,4,24,weather_driven,historically_calibrated,0.455261,0.077394,5.4877,5.4877,0.0,0.0
5185,8,5,1,weather_driven,historically_calibrated,0.44873,0.076284,5.4294,5.4294,0.0,0.0
5186,8,5,2,weather_driven,historically_calibrated,0.466006,0.079221,5.5828,5.5828,0.0,0.0
5187,8,5,3,weather_driven,historically_calibrated,0.476241,0.080961,5.6724,5.6724,0.0,0.0
5188,8,5,4,weather_driven,historically_calibrated,0.485501,0.082535,5.7526,5.7526,0.0,0.0
5189,8,5,5,weather_driven,historically_calibrated,0.505824,0.08599,5.9259,5.9259,0.0,0.0
5190,8,5,6,weather_driven,historically_calibrated,0.529257,0.089974,6.1213,6.1368,0.0156,0.0
5191,8,5,7,weather_driven,historically_calibrated,0.67426,0.114624,7.2359,7.3421,0.1063,0.0
5192,8,5,8,weather_driven,historically_calibrated,0.596333,0.101377,6.6559,6.8827,0.2268,0.0
5193,8,5,9,weather_driven,historically_calibrated,0.585595,0.099551,6.5726,6.9575,0.3849,0.0
5194,8,5,10,weather_driven,historically_calibrated,0.5543,0.094231,6.325,6.8899,0.5625,0.0024
5195,8,5,11,weather_driven,historically_calibrated,0.529221,0.089968,6.121,6.726,0.6026,0.0024
5196,8,5,12,weather_driven,historically_calibrated,0.491628,0.083577,5.8052,6.5641,0.7582,0.0007
5197,8,5,13,weather_driven,historically_calibrated,0.514962,0.087544,6.0027,6.7628,0.7595,0.0007
5198,8,5,14,weather_driven,historically_calibrated,0.543036,0.092316,6.234,7.1544,0.9202,0.0003
5199,8,5,15,weather_driven,historically_calibrated,0.615843,0.104693,6.805,7.5359,0.7309,0.0
5200,8,5,16,weather_driven,historically_calibrated,0.693059,0.11782,7.3698,7.9621,0.5923,0.0
5201,8,5,17,weather_driven,historically_calibrated,0.754666,0.128293,7.7939,8.1516,0.3577,0.0
5202,8,5,18,weather_driven,historically_calibrated,0.779364,0.132492,7.9579,8.366,0.254,0.1541
5203,8,5,19,weather_driven,historically_calibrated,0.762378,0.129604,7.8455,8.0005,0.1439,0.0111
5204,8,5,20,weather_driven,historically_calibrated,0.704497,0.119765,7.4502,7.4918,0.0415,0.0001
5205,8,5,21,weather_driven,historically_calibrated,0.678643,0.115369,7.2673,7.2686,0.0013,0.0
5206,8,5,22,weather_driven,historically_calibrated,0.639138,0.108653,6.9796,6.9796,0.0,0.0
5207,8,5,23,weather_driven,historically_calibrated,0.602388,0.102406,6.7024,6.7024,0.0,0.0
5208,8,5,24,weather_driven,historically_calibrated,0.44209,0.075155,5.3696,5.3696,0.0,0.0
5209,8,6,1,weather_driven,historically_calibrated,0.460711,0.078321,5.5361,5.5361,0.0,0.0
5210,8,6,2,weather_driven,historically_calibrated,0.461167,0.078398,5.5401,5.5401,0.0,0.0
5211,8,6,3,weather_driven,historically_calibrated,0.46281,0.078678,5.5546,5.5546,0.0,0.0
5212,8,6,4,weather_driven,historically_calibrated,0.467529,0.07948,5.5962,5.5962,0.0,0.0
5213,8,6,5,weather_driven,historically_calibrated,0.478278,0.081307,5.6901,5.6901,0.0,0.0
5214,8,6,6,weather_driven,historically_calibrated,0.496507,0.084406,5.8469,5.8547,0.0078,0.0
5215,8,6,7,weather_driven,historically_calibrated,0.679807,0.115567,7.2756,7.286,0.0104,0.0
5216,8,6,8,weather_driven,historically_calibrated,0.690481,0.117382,7.3516,7.4812,0.1296,0.0
5217,8,6,9,weather_driven,historically_calibrated,0.676256,0.114964,7.2502,7.5625,0.3123,0.0
5218,8,6,10,weather_driven,historically_calibrated,0.661565,0.112466,7.1441,7.489,0.3434,0.0014
5219,8,6,11,weather_driven,historically_calibrated,0.658073,0.111872,7.1187,7.3109,0.184,0.0081
5220,8,6,12,weather_driven,historically_calibrated,0.655686,0.111467,7.1013,7.8341,0.718,0.0148
5221,8,6,13,weather_driven,historically_calibrated,0.715582,0.121649,7.5274,8.3385,0.7919,0.0193
5222,8,6,14,weather_driven,historically_calibrated,0.779721,0.132553,7.9603,8.7724,0.7815,0.0306
5223,8,6,15,weather_driven,historically_calibrated,0.871993,0.148239,8.5452,9.3162,0.7465,0.0245
5224,8,6,16,weather_driven,historically_calibrated,0.974512,0.165667,9.1494,9.7881,0.6195,0.0193
5225,8,6,17,weather_driven,historically_calibrated,1.085081,0.184464,9.7543,10.188,0.4225,0.0111
5226,8,6,18,weather_driven,historically_calibrated,1.1204,0.190468,9.9385,10.1956,0.2514,0.0057
5227,8,6,19,weather_driven,historically_calibrated,1.071605,0.182173,9.6829,9.8107,0.127,0.0007
5228,8,6,20,weather_driven,historically_calibrated,0.983286,0.167159,9.199,9.2833,0.0467,0.0376
5229,8,6,21,weather_driven,historically_calibrated,0.910681,0.154816,8.7785,8.7855,0.0013,0.0057
5230,8,6,22,weather_driven,historically_calibrated,0.77585,0.131894,7.9348,7.9405,0.0,0.0057
5231,8,6,23,weather_driven,historically_calibrated,0.700321,0.119055,7.421,7.4213,0.0,0.0003
5232,8,6,24,weather_driven,historically_calibrated,0.495284,0.084198,5.8365,5.8365,0.0,0.0
5233,8,7,1,weather_driven,historically_calibrated,0.460701,0.078319,5.536,5.5361,0.0,0.0001
5234,8,7,2,weather_driven,historically_calibrated,0.461167,0.078398,5.5401,5.5401,0.0,0.0
5235,8,7,3,weather_driven,historically_calibrated,0.46281,0.078678,5.5546,5.5546,0.0,0.0
5236,8,7,4,weather_driven,historically_calibrated,0.467529,0.07948,5.5962,5.5962,0.0,0.0
5237,8,7,5,weather_driven,historically_calibrated,0.478278,0.081307,5.6901,5.6901,0.0,0.0
5238,8,7,6,weather_driven,historically_calibrated,0.496507,0.084406,5.8469,5.8547,0.0078,0.0
5239,8,7,7,weather_driven,historically_calibrated,0.676187,0.114952,7.2497,7.286,0.0363,0.0
5240,8,7,8,weather_driven,historically_calibrated,0.686827,0.116761,7.3256,7.4812,0.1555,0.0
5241,8,7,9,weather_driven,historically_calibrated,0.680446,0.115676,7.2802,7.5625,0.2799,0.0024
5242,8,7,10,weather_driven,historically_calibrated,0.662072,0.112552,7.1478,7.489,0.3408,0.0003
5243,8,7,11,weather_driven,historically_calibrated,0.615344,0.104608,6.8012,7.3109,0.5016,0.0081
5244,8,7,12,weather_driven,historically_calibrated,0.594982,0.101147,6.6454,7.2681,0.6078,0.0148
5245,8,7,13,weather_driven,historically_calibrated,0.612465,0.104119,6.7794,7.4826,0.6921,0.0111
5246,8,7,14,weather_driven,historically_calibrated,0.658902,0.112013,7.1248,7.9757,0.8398,0.0111
5247,8,7,15,weather_driven,historically_calibrated,0.722139,0.122764,7.5728,8.3276,0.74,0.0148
5248,8,7,16,weather_driven,historically_calibrated,0.785783,0.133583,8.0,8.619,0.5884,0.0306
5249,8,7,17,weather_driven,historically_calibrated,0.846191,0.143852,8.3858,8.8605,0.429,0.0457
5250,8,7,18,weather_driven,historically_calibrated,0.860772,0.146331,8.4763,8.8275,0.2748,0.0764
5251,8,7,19,weather_driven,historically_calibrated,0.787999,0.13396,8.0145,8.235,0.1555,0.065
5252,8,7,20,weather_driven,historically_calibrated,0.792636,0.134748,8.0447,8.1433,0.0609,0.0376
5253,8,7,21,weather_driven,historically_calibrated,0.765873,0.130198,7.8688,7.9006,0.0013,0.0306
5254,8,7,22,weather_driven,historically_calibrated,0.719695,0.122348,7.5559,7.5865,0.0,0.0306
5255,8,7,23,weather_driven,historically_calibrated,0.678464,0.115339,7.266,7.2853,0.0,0.0193
5256,8,7,24,weather_driven,historically_calibrated,0.494837,0.084122,5.8327,5.8365,0.0,0.0038
5257,8,8,1,weather_driven,historically_calibrated,0.460701,0.078319,5.536,5.5361,0.0,0.0001
5258,8,8,2,weather_driven,historically_calibrated,0.461167,0.078398,5.5401,5.5401,0.0,0.0
5259,8,8,3,weather_driven,historically_calibrated,0.46281,0.078678,5.5546,5.5546,0.0,0.0
5260,8,8,4,weather_driven,historically_calibrated,0.467529,0.07948,5.5962,5.5962,0.0,0.0
5261,8,8,5,weather_driven,historically_calibrated,0.478278,0.081307,5.6901,5.6901,0.0,0.0
5262,8,8,6,weather_driven,historically_calibrated,0.495747,0.084277,5.8404,5.8547,0.0143,0.0
5263,8,8,7,weather_driven,historically_calibrated,0.667008,0.113391,7.1836,7.286,0.1024,0.0
5264,8,8,8,weather_driven,historically_calibrated,0.677562,0.115186,7.2595,7.4812,0.2216,0.0
5265,8,8,9,weather_driven,historically_calibrated,0.669949,0.113891,7.2048,7.5625,0.3577,0.0
5266,8,8,10,weather_driven,historically_calibrated,0.635137,0.107973,6.9498,7.489,0.5391,0.0
5267,8,8,11,weather_driven,historically_calibrated,0.597353,0.10155,6.6637,7.3791,0.7154,0.0
5268,8,8,12,weather_driven,historically_calibrated,0.610699,0.103819,6.7659,7.5345,0.7685,0.0
5269,8,8,13,weather_driven,historically_calibrated,0.633654,0.107721,6.9388,7.6801,0.7413,0.0
5270,8,8,14,weather_driven,historically_calibrated,0.683547,0.116203,7.3023,7.9425,0.6402,0.0
5271,8,8,15,weather_driven,historically_calibrated,0.745846,0.126794,7.7345,8.2594,0.5249,0.0
5272,8,8,16,weather_driven,historically_calibrated,0.80843,0.137433,8.1468,8.5836,0.4368,0.0
5273,8,8,17,weather_driven,historically_calibrated,0.879481,0.149512,8.5909,8.8605,0.2696,0.0
5274,8,8,18,weather_driven,historically_calibrated,0.8992,0.152864,8.71,8.8655,0.1555,0.0
5275,8,8,19,weather_driven,historically_calibrated,0.832189,0.141472,8.298,8.3887,0.0907,0.0
5276,8,8,20,weather_driven,historically_calibrated,0.802442,0.136415,8.1083,8.1433,0.035,0.0
5277,8,8,21,weather_driven,historically_calibrated,0.765873,0.130198,7.8688,7.9006,0.0013,0.0306
5278,8,8,22,weather_driven,historically_calibrated,0.711244,0.120912,7.4973,7.5865,0.0,0.0892
5279,8,8,23,weather_driven,historically_calibrated,0.659783,0.112163,7.1312,7.2853,0.0,0.1541
5280,8,8,24,weather_driven,historically_calibrated,0.47952,0.081518,5.7009,5.8365,0.0,0.1356
5281,8,9,1,weather_driven,historically_calibrated,0.454545,0.077273,5.4813,5.5361,0.0,0.0548
5282,8,9,2,weather_driven,historically_calibrated,0.460249,0.078242,5.532,5.5401,0.0,0.0081
5283,8,9,3,weather_driven,historically_calibrated,0.46281,0.078678,5.5546,5.5546,0.0,0.0
5284,8,9,4,weather_driven,historically_calibrated,0.467529,0.07948,5.5962,5.5962,0.0,0.0
5285,8,9,5,weather_driven,historically_calibrated,0.478278,0.081307,5.6901,5.6901,0.0,0.0
5286,8,9,6,weather_driven,historically_calibrated,0.496659,0.084432,5.8482,5.8547,0.0065,0.0
5287,8,9,7,weather_driven,historically_calibrated,0.674382,0.114645,7.2367,7.286,0.0492,0.0
5288,8,9,8,weather_driven,historically_calibrated,0.696903,0.118474,7.3969,7.4812,0.0842,0.0
5289,8,9,9,weather_driven,historically_calibrated,0.706294,0.12007,7.4628,7.5625,0.0959,0.0038
5290,8,9,10,weather_driven,historically_calibrated,0.642366,0.109202,7.0035,7.489,0.3499,0.1356
5291,8,9,11,weather_driven,historically_calibrated,0.585739,0.099576,6.5737,7.3109,0.648,0.0892
5292,8,9,12,weather_driven,historically_calibrated,0.592054,0.100649,6.6228,7.1349,0.4471,0.065
5293,8,9,13,weather_driven,historically_calibrated,0.556899,0.094673,6.3458,7.0546,0.5547,0.1541
5294,8,9,14,weather_driven,historically_calibrated,0.60365,0.10262,6.7121,7.511,0.7841,0.0148
5295,8,9,15,weather_driven,historically_calibrated,0.629561,0.107025,6.9082,7.3049,0.3953,0.0014
5296,8,9,16,weather_driven,historically_calibrated,0.655207,0.111385,7.0978,7.6979,0.6,0.0
5297,8,9,17,weather_driven,historically_calibrated,0.725436,0.123324,7.5954,7.9755,0.3797,0.0003
5298,8,9,18,weather_driven,historically_calibrated,0.767307,0.130442,7.8783,8.1434,0.2346,0.0306
5299,8,9,19,weather_driven,historically_calibrated,0.800509,0.136086,8.0958,8.235,0.1244,0.0148
5300,8,9,20,weather_driven,historically_calibrated,0.801438,0.136244,8.1018,8.1433,0.0415,0.0
5301,8,9,21,weather_driven,historically_calibrated,0.769257,0.130774,7.8912,7.9006,0.0013,0.0081
5302,8,9,22,weather_driven,historically_calibrated,0.722951,0.122902,7.5783,7.5865,0.0,0.0081
5303,8,9,23,weather_driven,historically_calibrated,0.680623,0.115706,7.2814,7.2853,0.0,0.0038
5304,8,9,24,weather_driven,historically_calibrated,0.49525,0.084192,5.8362,5.8365,0.0,0.0003
5305,8,10,1,weather_driven,historically_calibrated,0.483933,0.082269,5.7391,5.7391,0.0,0.0
5306,8,10,2,weather_driven,historically_calibrated,0.475048,0.080758,5.662,5.662,0.0,0.0
5307,8,10,3,weather_driven,historically_calibrated,0.490905,0.083454,5.7991,5.7991,0.0,0.0
5308,8,10,4,weather_driven,historically_calibrated,0.510535,0.086791,5.9656,5.9656,0.0,0.0
5309,8,10,5,weather_driven,historically_calibrated,0.54801,0.093162,6.2743,6.2743,0.0,0.0
5310,8,10,6,weather_driven,historically_calibrated,0.591493,0.100554,6.6184,6.6275,0.0091,0.0
5311,8,10,7,weather_driven,historically_calibrated,0.762962,0.129704,7.8494,7.9271,0.0778,0.0
5312,8,10,8,weather_driven,historically_calibrated,0.680642,0.115709,7.2816,7.4812,0.1996,0.0
5313,8,10,9,weather_driven,historically_calibrated,0.667615,0.113495,7.188,7.5625,0.3745,0.0
5314,8,10,10,weather_driven,historically_calibrated,0.628712,0.106881,6.9019,7.489,0.5871,0.0
5315,8,10,11,weather_driven,historically_calibrated,0.583213,0.099146,6.554,7.3109,0.7569,0.0
5316,8,10,12,weather_driven,historically_calibrated,0.567077,0.096403,6.427,7.2681,0.8411,0.0
5317,8,10,13,weather_driven,historically_calibrated,0.593465,0.100889,6.6337,7.6472,1.0135,0.0
5318,8,10,14,weather_driven,historically_calibrated,0.660473,0.11228,7.1362,8.0421,0.9059,0.0
5319,8,10,15,weather_driven,historically_calibrated,0.718843,0.122203,7.55,8.3276,0.7776,0.0
5320,8,10,16,weather_driven,historically_calibrated,0.796201,0.135354,8.0679,8.7253,0.6026,0.0548
5321,8,10,17,weather_driven,historically_calibrated,0.821585,0.139669,8.2309,8.6392,0.4082,0.0001
5322,8,10,18,weather_driven,historically_calibrated,0.824122,0.140101,8.247,8.4855,0.2385,0.0
5323,8,10,19,weather_driven,historically_calibrated,0.796949,0.135481,8.0727,8.235,0.1166,0.0457
5324,8,10,20,weather_driven,historically_calibrated,0.760244,0.129241,7.8313,8.1433,0.0402,0.2718
5325,8,10,21,weather_driven,historically_calibrated,0.741444,0.126046,7.7047,7.9006,0.0,0.1959
5326,8,10,22,weather_driven,historically_calibrated,0.70701,0.120192,7.4678,7.5865,0.0,0.1187
5327,8,10,23,weather_driven,historically_calibrated,0.666794,0.113355,7.182,7.2853,0.0,0.1032
5328,8,10,24,weather_driven,historically_calibrated,0.486366,0.082682,5.7601,5.8365,0.0,0.0764
5329,8,11,1,weather_driven,historically_calibrated,0.405082,0.068864,5.0282,5.0932,0.0,0.065
5330,8,11,2,weather_driven,historically_calibrated,0.430743,0.073226,5.2664,5.3212,0.0,0.0548
5331,8,11,3,weather_driven,historically_calibrated,0.47193,0.080228,5.6348,5.6724,0.0,0.0376
5332,8,11,4,weather_driven,historically_calibrated,0.514363,0.087442,5.9976,6.0169,0.0,0.0193
5333,8,11,5,weather_driven,historically_calibrated,0.560978,0.095366,6.3785,6.3866,0.0,0.0081
5334,8,11,6,weather_driven,historically_calibrated,0.598338,0.101717,6.6713,6.6898,0.0104,0.0081
5335,8,11,7,weather_driven,historically_calibrated,0.76251,0.129627,7.8464,7.932,0.0842,0.0014
5336,8,11,8,weather_driven,historically_calibrated,0.611844,0.104014,6.7747,6.9836,0.2087,0.0003
5337,8,11,9,weather_driven,historically_calibrated,0.590954,0.100462,6.6143,6.9575,0.3408,0.0024
5338,8,11,10,weather_driven,historically_calibrated,0.560595,0.095301,6.3754,6.8899,0.5106,0.0038
5339,8,11,11,weather_driven,historically_calibrated,0.51936,0.088291,6.0393,6.726,0.6843,0.0024
5340,8,11,12,weather_driven,historically_calibrated,0.491989,0.083638,5.8083,6.656,0.8463,0.0014
5341,8,11,13,weather_driven,historically_calibrated,0.516714,0.087841,6.0173,6.9748,0.9552,0.0024
5342,8,11,14,weather_driven,historically_calibrated,0.554168,0.094209,6.3239,7.1239,0.7919,0.0081
5343,8,11,15,weather_driven,historically_calibrated,0.602648,0.10245,6.7044,7.3791,0.6441,0.0306
5344,8,11,16,weather_driven,historically_calibrated,0.68021,0.115636,7.2785,7.8969,0.5534,0.065
5345,8,11,17,weather_driven,historically_calibrated,0.724557,0.123175,7.5894,8.1177,0.4251,0.1032
5346,8,11,18,weather_driven,historically_calibrated,0.744353,0.12654,7.7244,8.0514,0.2722,0.0548
5347,8,11,19,weather_driven,historically_calibrated,0.729858,0.124076,7.6258,7.7884,0.1477,0.0148
5348,8,11,20,weather_driven,historically_calibrated,0.699724,0.118953,7.4168,7.4918,0.0505,0.0245
5349,8,11,21,weather_driven,historically_calibrated,0.672462,0.114319,7.2229,7.2686,0.0,0.0457
5350,8,11,22,weather_driven,historically_calibrated,0.628874,0.106909,6.9031,6.9796,0.0,0.0764
5351,8,11,23,weather_driven,historically_calibrated,0.592468,0.10072,6.626,6.7024,0.0,0.0764
5352,8,11,24,weather_driven,historically_calibrated,0.434923,0.073937,5.3046,5.3696,0.0,0.065
5353,8,12,1,weather_driven,historically_calibrated,0.409951,0.069692,5.0739,5.0932,0.0,0.0193
5354,8,12,2,weather_driven,historically_calibrated,0.412258,0.070084,5.0955,5.0969,0.0,0.0014
5355,8,12,3,weather_driven,historically_calibrated,0.413839,0.070353,5.1103,5.1103,0.0,0.0
5356,8,12,4,weather_driven,historically_calibrated,0.417949,0.071051,5.1485,5.1485,0.0,0.0
5357,8,12,5,weather_driven,historically_calibrated,0.439933,0.074789,5.3501,5.3501,0.0,0.0
5358,8,12,6,weather_driven,historically_calibrated,0.456456,0.077597,5.4983,5.5048,0.0065,0.0
5359,8,12,7,weather_driven,historically_calibrated,0.59255,0.100734,6.6266,6.7031,0.0765,0.0
5360,8,12,8,weather_driven,historically_calibrated,0.601216,0.102207,6.6935,6.8827,0.1892,0.0
5361,8,12,9,weather_driven,historically_calibrated,0.588926,0.100117,6.5985,6.9575,0.359,0.0
5362,8,12,10,weather_driven,historically_calibrated,0.551056,0.093679,6.2989,6.8899,0.591,0.0
5363,8,12,11,weather_driven,historically_calibrated,0.551251,0.093713,6.3005,7.1027,0.8022,0.0
5364,8,12,12,weather_driven,historically_calibrated,0.548752,0.093288,6.2803,7.238,0.9577,0.0
5365,8,12,13,weather_driven,historically_calibrated,0.599519,0.101918,6.6804,7.7017,1.0212,0.0001
5366,8,12,14,weather_driven,historically_calibrated,0.649926,0.110487,7.0591,8.04,0.9785,0.0024
5367,8,12,15,weather_driven,historically_calibrated,0.712312,0.121093,7.5047,8.3514,0.8385,0.0081
5368,8,12,16,weather_driven,historically_calibrated,0.79507,0.135162,8.0605,8.7117,0.6363,0.0148
5369,8,12,17,weather_driven,historically_calibrated,0.813296,0.13826,8.178,8.9997,0.4212,0.4005
5370,8,12,18,weather_driven,historically_calibrated,0.869676,0.147845,8.531,9.1002,0.2372,0.332
5371,8,12,19,weather_driven,historically_calibrated,0.80487,0.136828,8.1239,8.3541,0.1115,0.1187
5372,8,12,20,weather_driven,historically_calibrated,0.725036,0.123256,7.5927,7.6666,0.0363,0.0376
5373,8,12,21,weather_driven,historically_calibrated,0.675407,0.114819,7.2441,7.2686,0.0,0.0245
5374,8,12,22,weather_driven,historically_calibrated,0.627176,0.10662,6.8904,6.9796,0.0,0.0892
5375,8,12,23,weather_driven,historically_calibrated,0.601329,0.102226,6.6943,6.7024,0.0,0.0081
5376,8,12,24,weather_driven,historically_calibrated,0.442089,0.075155,5.3696,5.3696,0.0,0.0
5377,8,13,1,weather_driven,historically_calibrated,0.460711,0.078321,5.5361,5.5361,0.0,0.0
5378,8,13,2,weather_driven,historically_calibrated,0.461167,0.078398,5.5401,5.5401,0.0,0.0
5379,8,13,3,weather_driven,historically_calibrated,0.46281,0.078678,5.5546,5.5546,0.0,0.0
5380,8,13,4,weather_driven,historically_calibrated,0.467529,0.07948,5.5962,5.5962,0.0,0.0
5381,8,13,5,weather_driven,historically_calibrated,0.478278,0.081307,5.6901,5.6901,0.0,0.0
5382,8,13,6,weather_driven,historically_calibrated,0.496659,0.084432,5.8482,5.8547,0.0065,0.0
5383,8,13,7,weather_driven,historically_calibrated,0.672219,0.114277,7.2212,7.286,0.0648,0.0
5384,8,13,8,weather_driven,historically_calibrated,0.684639,0.116389,7.3101,7.4812,0.1711,0.0
5385,8,13,9,weather_driven,historically_calibrated,0.676785,0.115053,7.254,7.5625,0.3072,0.0014
5386,8,13,10,weather_driven,historically_calibrated,0.63992,0.108786,6.9854,7.489,0.4925,0.0111
5387,8,13,11,weather_driven,historically_calibrated,0.595864,0.101297,6.6523,7.3791,0.7076,0.0193
5388,8,13,12,weather_driven,historically_calibrated,0.601508,0.102256,6.6957,7.5678,0.8476,0.0245
5389,8,13,13,weather_driven,historically_calibrated,0.64136,0.109031,6.996,7.8776,0.8735,0.0081
5390,8,13,14,weather_driven,historically_calibrated,0.665725,0.113173,7.1743,8.0421,0.8567,0.0111
5391,8,13,15,weather_driven,historically_calibrated,0.717053,0.121899,7.5376,8.3617,0.8048,0.0193
5392,8,13,16,weather_driven,historically_calibrated,0.772776,0.131372,7.9145,8.5836,0.6143,0.0548
5393,8,13,17,weather_driven,historically_calibrated,0.816798,0.138856,8.2004,8.6392,0.4082,0.0306
5394,8,13,18,weather_driven,historically_calibrated,0.819631,0.139337,8.2185,8.4855,0.2294,0.0376
5395,8,13,19,weather_driven,historically_calibrated,0.803118,0.13653,8.1126,8.235,0.1076,0.0148
5396,8,13,20,weather_driven,historically_calibrated,0.799662,0.135942,8.0903,8.1433,0.0337,0.0193
5397,8,13,21,weather_driven,historically_calibrated,0.768996,0.130729,7.8895,7.9006,0.0,0.0111
5398,8,13,22,weather_driven,historically_calibrated,0.723302,0.122961,7.5808,7.5865,0.0,0.0057
5399,8,13,23,weather_driven,historically_calibrated,0.680623,0.115706,7.2814,7.2853,0.0,0.0038
5400,8,13,24,weather_driven,historically_calibrated,0.495122,0.084171,5.8351,5.8365,0.0,0.0014
5401,8,14,1,weather_driven,historically_calibrated,0.460701,0.078319,5.536,5.5361,0.0,0.0001
5402,8,14,2,weather_driven,historically_calibrated,0.461167,0.078398,5.5401,5.5401,0.0,0.0
5403,8,14,3,weather_driven,historically_calibrated,0.46281,0.078678,5.5546,5.5546,0.0,0.0
5404,8,14,4,weather_driven,historically_calibrated,0.467529,0.07948,5.5962,5.5962,0.0,0.0
5405,8,14,5,weather_driven,historically_calibrated,0.478278,0.081307,5.6901,5.6901,0.0,0.0
5406,8,14,6,weather_driven,historically_calibrated,0.496659,0.084432,5.8482,5.8547,0.0065,0.0
5407,8,14,7,weather_driven,historically_calibrated,0.670239,0.113941,7.2069,7.286,0.0791,0.0
5408,8,14,8,weather_driven,historically_calibrated,0.681731,0.115894,7.2894,7.4812,0.1918,0.0
5409,8,14,9,weather_driven,historically_calibrated,0.671747,0.114197,7.2178,7.5625,0.3447,0.0
5410,8,14,10,weather_driven,historically_calibrated,0.642471,0.10922,7.0042,7.5239,0.5197,0.0
5411,8,14,11,weather_driven,historically_calibrated,0.674635,0.114688,7.2386,7.9591,0.7206,0.0
5412,8,14,12,weather_driven,historically_calibrated,0.68845,0.117036,7.3372,8.2004,0.8618,0.0014
5413,8,14,13,weather_driven,historically_calibrated,0.784996,0.133449,7.9949,8.7665,0.7659,0.0057
5414,8,14,14,weather_driven,historically_calibrated,0.841649,0.14308,8.3575,9.1375,0.7608,0.0193
5415,8,14,15,weather_driven,historically_calibrated,0.89856,0.152755,8.7061,9.4866,0.7258,0.0548
5416,8,14,16,weather_driven,historically_calibrated,1.005202,0.170884,9.3218,10.0007,0.5897,0.0892
5417,8,14,17,weather_driven,historically_calibrated,1.090957,0.185463,9.7852,10.2617,0.3732,0.1032
5418,8,14,18,weather_driven,historically_calibrated,1.16739,0.198456,10.1772,10.4996,0.2333,0.0892
5419,8,14,19,weather_driven,historically_calibrated,1.080243,0.183641,9.7288,9.926,0.1322,0.065
5420,8,14,20,weather_driven,historically_calibrated,0.999602,0.169932,9.2906,9.4353,0.0415,0.1032
5421,8,14,21,weather_driven,historically_calibrated,0.865267,0.147095,8.504,8.7486,0.0,0.2447
5422,8,14,22,weather_driven,historically_calibrated,0.741347,0.126029,7.7041,7.9759,0.0,0.2718
5423,8,14,23,weather_driven,historically_calibrated,0.65762,0.111795,7.1154,7.3873,0.0,0.2718
5424,8,14,24,weather_driven,historically_calibrated,0.460653,0.078311,5.5356,5.8365,0.0,0.3009
5425,8,15,1,weather_driven,historically_calibrated,0.43348,0.073692,5.2914,5.5361,0.0,0.2447
5426,8,15,2,weather_driven,historically_calibrated,0.430948,0.073261,5.2683,5.5401,0.0,0.2718
5427,8,15,3,weather_driven,historically_calibrated,0.435517,0.074038,5.31,5.5546,0.0,0.2447
5428,8,15,4,weather_driven,historically_calibrated,0.442894,0.075292,5.3768,5.5962,0.0,0.2194
5429,8,15,5,weather_driven,historically_calibrated,0.450527,0.07659,5.4455,5.6901,0.0,0.2447
5430,8,15,6,weather_driven,historically_calibrated,0.465423,0.079122,5.5777,5.8547,0.0052,0.2718
5431,8,15,7,weather_driven,historically_calibrated,0.634201,0.107814,6.9429,7.286,0.0713,0.2718
5432,8,15,8,weather_driven,historically_calibrated,0.64937,0.110393,7.0551,7.4812,0.1814,0.2447
5433,8,15,9,weather_driven,historically_calibrated,0.734424,0.124852,7.657,8.3389,0.3499,0.332
5434,8,15,10,weather_driven,historically_calibrated,0.772488,0.131323,7.9126,8.9568,0.5664,0.4779
5435,8,15,11,weather_driven,historically_calibrated,0.805833,0.136992,8.1301,9.3921,0.7841,0.4779
5436,8,15,12,weather_driven,historically_calibrated,0.836728,0.142244,8.3266,9.6654,0.9383,0.4005
5437,8,15,13,weather_driven,historically_calibrated,0.973675,0.165525,9.1446,10.4784,1.0018,0.332
5438,8,15,14,weather_driven,historically_calibrated,1.07875,0.183388,9.7209,10.8967,0.9564,0.2194
5439,8,15,15,weather_driven,historically_calibrated,1.217412,0.20696,10.4238,11.3957,0.8178,0.1541
5440,8,15,16,weather_driven,historically_calibrated,1.387876,0.235939,11.2123,11.9492,0.6182,0.1187
5441,8,15,17,weather_driven,historically_calibrated,1.54233,0.262196,11.8663,12.3267,0.4056,0.0548
5442,8,15,18,weather_driven,historically_calibrated,1.615687,0.274667,12.1594,12.3997,0.2255,0.0148
5443,8,15,19,weather_driven,historically_calibrated,1.464546,0.248973,11.5435,11.6553,0.1037,0.0081
5444,8,15,20,weather_driven,historically_calibrated,1.270363,0.215962,10.677,10.7274,0.0311,0.0193
5445,8,15,21,weather_driven,historically_calibrated,1.073386,0.182476,9.6924,9.7072,0.0,0.0148
5446,8,15,22,weather_driven,historically_calibrated,0.881312,0.149823,8.602,8.6132,0.0,0.0111
5447,8,15,23,weather_driven,historically_calibrated,0.732581,0.124539,7.6444,7.6592,0.0,0.0148
5448,8,15,24,weather_driven,historically_calibrated,0.493979,0.083977,5.8254,5.8365,0.0,0.0111
5449,8,16,1,weather_driven,historically_calibrated,0.459452,0.078107,5.5249,5.5361,0.0,0.0111
5450,8,16,2,weather_driven,historically_calibrated,0.460249,0.078242,5.532,5.5401,0.0,0.0081
5451,8,16,3,weather_driven,historically_calibrated,0.462377,0.078604,5.5508,5.5546,0.0,0.0038
5452,8,16,4,weather_driven,historically_calibrated,0.467255,0.079433,5.5938,5.5962,0.0,0.0024
5453,8,16,5,weather_driven,historically_calibrated,0.478001,0.08126,5.6877,5.6901,0.0,0.0024
5454,8,16,6,weather_driven,historically_calibrated,0.496648,0.08443,5.8481,5.8547,0.0052,0.0014
5455,8,16,7,weather_driven,historically_calibrated,0.671845,0.114214,7.2185,7.286,0.0661,0.0014
5456,8,16,8,weather_driven,historically_calibrated,0.683085,0.116124,7.299,7.4812,0.1814,0.0007
5457,8,16,9,weather_driven,historically_calibrated,0.843967,0.143474,8.372,8.7272,0.3551,0.0001
5458,8,16,10,weather_driven,historically_calibrated,0.927698,0.157709,8.879,9.4461,0.5664,0.0007
5459,8,16,11,weather_driven,historically_calibrated,0.953695,0.162128,9.0303,9.8015,0.7698,0.0014
5460,8,16,12,weather_driven,historically_calibrated,0.97327,0.165456,9.1423,10.065,0.9189,0.0038
5461,8,16,13,weather_driven,historically_calibrated,1.117857,0.190036,9.9253,10.9064,0.9811,0.0
5462,8,16,14,weather_driven,historically_calibrated,1.202855,0.204485,10.3528,11.295,0.9422,0.0
5463,8,16,15,weather_driven,historically_calibrated,1.333378,0.226674,10.9684,11.7707,0.8022,0.0
5464,8,16,16,weather_driven,historically_calibrated,1.501758,0.255299,11.6995,12.3035,0.6039,0.0
5465,8,16,17,weather_driven,historically_calibrated,1.670389,0.283966,12.3713,12.7692,0.3979,0.0
5466,8,16,18,weather_driven,historically_calibrated,1.749832,0.297472,12.6696,12.8938,0.2242,0.0
5467,8,16,19,weather_driven,historically_calibrated,1.587979,0.269956,12.0499,12.1549,0.105,0.0
5468,8,16,20,weather_driven,historically_calibrated,1.453265,0.247055,11.4956,11.5254,0.0298,0.0
5469,8,16,21,weather_driven,historically_calibrated,1.18408,0.201294,10.2603,10.2603,0.0,0.0
5470,8,16,22,weather_driven,historically_calibrated,0.979852,0.166575,9.1796,9.1796,0.0,0.0
5471,8,16,23,weather_driven,historically_calibrated,0.855095,0.145366,8.4412,8.4412,0.0,0.0
5472,8,16,24,weather_driven,historically_calibrated,0.571195,0.097103,6.4596,6.4902,0.0,0.0306
5473,8,17,1,weather_driven,historically_calibrated,0.419356,0.07129,5.1616,5.6394,0.0,0.4779
5474,8,17,2,weather_driven,historically_calibrated,0.416988,0.070888,5.1396,5.5401,0.0,0.4005
5475,8,17,3,weather_driven,historically_calibrated,0.410255,0.069743,5.0768,5.5546,0.0,0.4779
5476,8,17,4,weather_driven,historically_calibrated,0.414705,0.0705,5.1184,5.5962,0.0,0.4779
5477,8,17,5,weather_driven,historically_calibrated,0.424842,0.072223,5.2123,5.6901,0.0,0.4779
5478,8,17,6,weather_driven,historically_calibrated,0.442463,0.075219,5.373,5.8547,0.0039,0.4779
5479,8,17,7,weather_driven,historically_calibrated,0.583984,0.099277,6.56,7.286,0.0648,0.6611
5480,8,17,8,weather_driven,historically_calibrated,0.55859,0.09496,6.3594,7.4812,0.1724,0.9494
5481,8,17,9,weather_driven,historically_calibrated,0.540557,0.091895,6.2138,7.5625,0.3331,1.0156
5482,8,17,10,weather_driven,historically_calibrated,0.514231,0.087419,5.9965,7.489,0.543,0.9494
5483,8,17,11,weather_driven,historically_calibrated,0.488678,0.083075,5.7799,7.6862,0.7491,1.1571
5484,8,17,12,weather_driven,historically_calibrated,0.455178,0.07738,5.487,7.8674,0.902,1.4784
5485,8,17,13,weather_driven,historically_calibrated,0.501136,0.085193,5.8863,8.2398,0.9603,1.3932
5486,8,17,14,weather_driven,historically_calibrated,0.510289,0.086749,5.9635,8.4404,0.9098,1.5671
5487,8,17,15,weather_driven,historically_calibrated,0.557022,0.094694,6.3468,8.7708,0.7646,1.6593
5488,8,17,16,weather_driven,historically_calibrated,0.582456,0.099018,6.5481,9.0796,0.5741,1.9573
5489,8,17,17,weather_driven,historically_calibrated,0.660876,0.112349,7.1391,9.2661,0.372,1.755
5490,8,17,18,weather_driven,historically_calibrated,0.701855,0.119315,7.4317,9.2075,0.2087,1.5671
5491,8,17,19,weather_driven,historically_calibrated,0.595602,0.101252,6.6502,8.8115,0.0972,2.0641
5492,8,17,20,weather_driven,historically_calibrated,0.423179,0.07194,5.1969,8.1433,0.0246,2.9217
5493,8,17,21,weather_driven,historically_calibrated,0.340529,0.05789,4.3962,7.9006,0.0,3.5045
5494,8,17,22,weather_driven,historically_calibrated,0.310258,0.052744,4.082,7.5865,0.0,3.5045
5495,8,17,23,weather_driven,historically_calibrated,0.310165,0.052728,4.081,7.2853,0.0,3.2043
5496,8,17,24,weather_driven,historically_calibrated,0.137632,0.023397,2.0136,5.8365,0.0,3.8229
5497,8,18,1,weather_driven,historically_calibrated,0.063455,0.010787,0.9332,5.0932,0.0,4.16
5498,8,18,2,weather_driven,historically_calibrated,0.099878,0.016979,1.4816,5.4707,0.0,3.9891
5499,8,18,3,weather_driven,historically_calibrated,0.283156,0.048137,3.79,5.7474,0.0,1.9573
5500,8,18,4,weather_driven,historically_calibrated,0.101176,0.0172,1.5005,6.0169,0.0,4.5164
5501,8,18,5,weather_driven,historically_calibrated,0.297326,0.050545,3.944,6.233,0.0,2.289
5502,8,18,6,weather_driven,historically_calibrated,0.24546,0.041728,3.3658,6.5713,0.0013,3.2043
5503,8,18,7,weather_driven,historically_calibrated,0.310909,0.052855,4.0889,8.2761,0.0272,4.16
5504,8,18,8,weather_driven,historically_calibrated,0.650829,0.110641,7.0658,8.3969,0.0985,1.2326
5505,8,18,9,weather_driven,historically_calibrated,0.441335,0.075027,5.3628,8.131,0.2385,2.5298
5506,8,18,10,weather_driven,historically_calibrated,0.298703,0.050779,3.9588,7.5972,0.4342,3.2043
5507,8,18,11,weather_driven,historically_calibrated,0.388529,0.06605,4.8707,6.9233,0.5741,1.4784
5508,8,18,12,weather_driven,historically_calibrated,0.400754,0.068128,4.9873,6.5641,0.5612,1.0156
5509,8,18,13,weather_driven,historically_calibrated,0.431935,0.073429,5.2773,6.4902,0.6013,0.6116
5510,8,18,14,weather_driven,historically_calibrated,0.442767,0.07527,5.3757,6.5437,0.648,0.52
5511,8,18,15,weather_driven,historically_calibrated,0.45969,0.078147,5.527,6.7205,0.5819,0.6116
5512,8,18,16,weather_driven,historically_calibrated,0.498403,0.084728,5.8631,6.9843,0.4601,0.6611
5513,8,18,17,weather_driven,historically_calibrated,0.547221,0.093028,6.2679,7.2696,0.3901,0.6116
5514,8,18,18,weather_driven,historically_calibrated,0.622023,0.105744,6.8517,7.492,0.2398,0.4005
5515,8,18,19,weather_driven,historically_calibrated,0.669731,0.113854,7.2033,7.5762,0.1283,0.2447
5516,8,18,20,weather_driven,historically_calibrated,0.699294,0.11888,7.4137,7.4918,0.0324,0.0457
5517,8,18,21,weather_driven,historically_calibrated,0.677689,0.115207,7.2605,7.2686,0.0,0.0081
5518,8,18,22,weather_driven,historically_calibrated,0.658009,0.111862,7.1183,7.1331,0.0,0.0148
5519,8,18,23,weather_driven,historically_calibrated,0.673718,0.114532,7.232,7.2431,0.0,0.0111
5520,8,18,24,weather_driven,historically_calibrated,0.536075,0.091133,6.1772,6.1965,0.0,0.0193
5521,8,19,1,weather_driven,historically_calibrated,0.524549,0.089173,6.0824,6.1017,0.0,0.0193
5522,8,19,2,weather_driven,historically_calibrated,0.551925,0.093827,6.3059,6.3304,0.0,0.0245
5523,8,19,3,weather_driven,historically_calibrated,0.564013,0.095882,6.4027,6.4219,0.0,0.0193
5524,8,19,4,weather_driven,historically_calibrated,0.565865,0.096197,6.4174,6.4322,0.0,0.0148
5525,8,19,5,weather_driven,historically_calibrated,0.588142,0.099984,6.5924,6.6169,0.0,0.0245
5526,8,19,6,weather_driven,historically_calibrated,0.61271,0.104161,6.7812,6.8083,0.0026,0.0245
5527,8,19,7,weather_driven,historically_calibrated,0.808743,0.137486,8.1488,8.2269,0.07,0.0081
5528,8,19,8,weather_driven,historically_calibrated,0.703828,0.119651,7.4455,7.6398,0.1918,0.0024
5529,8,19,9,weather_driven,historically_calibrated,0.618428,0.105133,6.8246,7.1616,0.3357,0.0014
5530,8,19,10,weather_driven,historically_calibrated,0.569292,0.09678,6.4446,6.8899,0.4342,0.0111
5531,8,19,11,weather_driven,historically_calibrated,0.539341,0.091688,6.2039,6.726,0.5028,0.0193
5532,8,19,12,weather_driven,historically_calibrated,0.502387,0.085406,5.8969,6.5641,0.648,0.0193
5533,8,19,13,weather_driven,historically_calibrated,0.48886,0.083106,5.7815,6.4902,0.6895,0.0193
5534,8,19,14,weather_driven,historically_calibrated,0.502093,0.085356,5.8944,6.5437,0.6117,0.0376
5535,8,19,15,weather_driven,historically_calibrated,0.534382,0.090845,6.1634,6.7205,0.5327,0.0245
5536,8,19,16,weather_driven,historically_calibrated,0.566382,0.096285,6.4215,6.9843,0.508,0.0548
5537,8,19,17,weather_driven,historically_calibrated,0.616612,0.104824,6.8108,7.2696,0.3823,0.0764
5538,8,19,18,weather_driven,historically_calibrated,0.660806,0.112337,7.1386,7.492,0.2177,0.1356
5539,8,19,19,weather_driven,historically_calibrated,0.674593,0.114681,7.2382,7.5762,0.0933,0.2447
5540,8,19,20,weather_driven,historically_calibrated,0.656661,0.111632,7.1084,7.4918,0.0181,0.3652
5541,8,19,21,weather_driven,historically_calibrated,0.61396,0.104373,6.7907,7.2686,0.0,0.4779
5542,8,19,22,weather_driven,historically_calibrated,0.553482,0.094092,6.3184,6.9796,0.0,0.6611
5543,8,19,23,weather_driven,historically_calibrated,0.525574,0.089348,6.0909,6.7024,0.0,0.6116
5544,8,19,24,weather_driven,historically_calibrated,0.414485,0.070462,5.1163,5.4483,0.0,0.332
5545,8,20,1,weather_driven,historically_calibrated,0.420061,0.07141,5.1681,5.7797,0.0,0.6116
5546,8,20,2,weather_driven,historically_calibrated,0.410602,0.069802,5.08,5.9058,0.0,0.8257
5547,8,20,3,weather_driven,historically_calibrated,0.41647,0.0708,5.1348,6.0842,0.0,0.9494
5548,8,20,4,weather_driven,historically_calibrated,0.434797,0.073915,5.3034,6.2528,0.0,0.9494
5549,8,20,5,weather_driven,historically_calibrated,0.515203,0.087585,6.0047,6.5247,0.0,0.52
5550,8,20,6,weather_driven,historically_calibrated,0.521461,0.088648,6.0568,6.8851,0.0026,0.8257
5551,8,20,7,weather_driven,historically_calibrated,0.761731,0.129494,7.8412,8.4615,0.0557,0.5645
5552,8,20,8,weather_driven,historically_calibrated,0.704953,0.119842,7.4534,8.359,0.1374,0.7682
5553,8,20,9,weather_driven,historically_calibrated,0.651263,0.110715,7.069,7.7844,0.2773,0.4381
5554,8,20,10,weather_driven,historically_calibrated,0.605972,0.103015,6.7299,7.489,0.2812,0.4779
5555,8,20,11,weather_driven,historically_calibrated,0.527179,0.08962,6.1041,7.3109,0.381,0.8257
5556,8,20,12,weather_driven,historically_calibrated,0.539302,0.091681,6.2036,7.1349,0.3668,0.5645
5557,8,20,13,weather_driven,historically_calibrated,0.511009,0.086872,5.9695,7.0546,0.5651,0.52
5558,8,20,14,weather_driven,historically_calibrated,0.553749,0.094137,6.3206,7.1127,0.2722,0.52
5559,8,20,15,weather_driven,historically_calibrated,0.577056,0.0981,6.5058,7.3049,0.2346,0.5645
5560,8,20,16,weather_driven,historically_calibrated,0.542698,0.092259,6.2312,7.5916,0.3447,1.0156
5561,8,20,17,weather_driven,historically_calibrated,0.65134,0.110728,7.0695,7.9017,0.1711,0.6611
5562,8,20,18,weather_driven,historically_calibrated,0.657912,0.111845,7.1176,8.1434,0.0765,0.9494
5563,8,20,19,weather_driven,historically_calibrated,0.67686,0.115066,7.2545,8.235,0.0311,0.9494
5564,8,20,20,weather_driven,historically_calibrated,0.638448,0.108536,6.9744,8.1433,0.0117,1.1571
5565,8,20,21,weather_driven,historically_calibrated,0.597912,0.101645,6.668,7.9006,0.0,1.2326
5566,8,20,22,weather_driven,historically_calibrated,0.548124,0.093181,6.2752,7.5865,0.0,1.3112
5567,8,20,23,weather_driven,historically_calibrated,0.572015,0.097243,6.4661,8.0332,0.0,1.5671
5568,8,20,24,weather_driven,historically_calibrated,0.474532,0.08067,5.6575,6.6069,0.0,0.9494
5569,8,21,1,weather_driven,historically_calibrated,0.468359,0.079621,5.6035,6.4292,0.0,0.8257
5570,8,21,2,weather_driven,historically_calibrated,0.445827,0.075791,5.4033,6.3527,0.0,0.9494
5571,8,21,3,weather_driven,historically_calibrated,0.456799,0.077656,5.5014,6.4508,0.0,0.9494
5572,8,21,4,weather_driven,historically_calibrated,0.474126,0.080601,5.654,6.5401,0.0,0.8861
5573,8,21,5,weather_driven,historically_calibrated,0.517039,0.087897,6.02,6.7333,0.0,0.7133
5574,8,21,6,weather_driven,historically_calibrated,0.579661,0.098542,6.5262,6.9281,0.0013,0.4005
5575,8,21,7,weather_driven,historically_calibrated,0.801632,0.136278,8.103,8.5683,0.0272,0.4381
5576,8,21,8,weather_driven,historically_calibrated,0.796205,0.135355,8.0679,8.743,0.0635,0.6116
5577,8,21,9,weather_driven,historically_calibrated,0.817697,0.139008,8.2061,8.8381,0.0674,0.5645
5578,8,21,10,weather_driven,historically_calibrated,0.703668,0.119623,7.4444,8.3677,0.21,0.7133
5579,8,21,11,weather_driven,historically_calibrated,0.544291,0.092529,6.2442,7.6862,0.4264,1.0156
5580,8,21,12,weather_driven,historically_calibrated,0.480619,0.081705,5.7104,7.1349,0.5988,0.8257
5581,8,21,13,weather_driven,historically_calibrated,0.471839,0.080213,5.634,7.0546,0.5949,0.8257
5582,8,21,14,weather_driven,historically_calibrated,0.472346,0.080299,5.6384,7.1127,0.5249,0.9494
5583,8,21,15,weather_driven,historically_calibrated,0.512745,0.087167,5.9841,7.3049,0.4951,0.8257
5584,8,21,16,weather_driven,historically_calibrated,0.568532,0.09665,6.4385,7.5916,0.3849,0.7682
5585,8,21,17,weather_driven,historically_calibrated,0.619876,0.105379,6.8355,7.9017,0.2981,0.7682
5586,8,21,18,weather_driven,historically_calibrated,0.666813,0.113358,7.1822,8.1434,0.1931,0.7682
5587,8,21,19,weather_driven,historically_calibrated,0.699906,0.118984,7.418,8.235,0.1037,0.7133
5588,8,21,20,weather_driven,historically_calibrated,0.724218,0.123117,7.5871,8.3224,0.022,0.7133
5589,8,21,21,weather_driven,historically_calibrated,0.725515,0.123337,7.596,8.3641,0.0,0.7682
5590,8,21,22,weather_driven,historically_calibrated,0.682395,0.116007,7.2941,8.3097,0.0,1.0156
5591,8,21,23,weather_driven,historically_calibrated,0.750966,0.127664,7.7691,8.2469,0.0,0.4779
5592,8,21,24,weather_driven,historically_calibrated,0.491761,0.083599,5.8064,6.6925,0.0,0.8861
5593,8,22,1,weather_driven,historically_calibrated,0.476579,0.081018,5.6753,6.3886,0.0,0.7133
5594,8,22,2,weather_driven,historically_calibrated,0.335089,0.056965,4.3406,6.5152,0.0,2.1746
5595,8,22,3,weather_driven,historically_calibrated,0.270612,0.046004,3.6513,6.573,0.0,2.9217
5596,8,22,4,weather_driven,historically_calibrated,0.166108,0.028238,2.3931,6.9095,0.0,4.5164
5597,8,22,5,weather_driven,historically_calibrated,0.15898,0.027027,2.2997,7.1923,0.0,4.8926
5598,8,22,6,weather_driven,historically_calibrated,0.370869,0.063048,4.6993,7.4862,0.0,2.7869
5599,8,22,7,weather_driven,historically_calibrated,0.667024,0.113394,7.1837,9.4766,0.0039,2.289
5600,8,22,8,weather_driven,historically_calibrated,0.688775,0.117092,7.3395,10.0048,0.0091,2.6563
5601,8,22,9,weather_driven,historically_calibrated,0.874166,0.148608,8.5585,10.5573,0.0415,1.9573
5602,8,22,10,weather_driven,historically_calibrated,0.67888,0.11541,7.269,10.5095,0.0363,3.2043
5603,8,22,11,weather_driven,historically_calibrated,0.38491,0.065435,4.8359,9.9916,0.0674,5.0882
5604,8,22,12,weather_driven,historically_calibrated,0.225709,0.038371,3.1343,10.0127,0.0337,6.8447
5605,8,22,13,weather_driven,historically_calibrated,0.269457,0.045808,3.6384,10.5725,0.0894,6.8447
5606,8,22,14,weather_driven,historically_calibrated,0.277438,0.047164,3.7271,10.451,0.1179,6.6059
5607,8,22,15,weather_driven,historically_calibrated,0.364013,0.061882,4.6318,10.6262,0.0713,5.9231
5608,8,22,16,weather_driven,historically_calibrated,0.476424,0.080992,5.674,10.8206,0.0583,5.0882
5609,8,22,17,weather_driven,historically_calibrated,1.069991,0.181899,9.6744,11.2046,0.0518,1.4784
5610,8,22,18,weather_driven,historically_calibrated,1.131077,0.192283,9.9933,11.428,0.0415,1.3932
5611,8,22,19,weather_driven,historically_calibrated,1.085339,0.184508,9.7557,11.4357,0.0207,1.6593
5612,8,22,20,weather_driven,historically_calibrated,1.015509,0.172637,9.3789,10.95,0.0039,1.5671
5613,8,22,21,weather_driven,historically_calibrated,1.010403,0.171768,9.3507,10.5078,0.0,1.1571
5614,8,22,22,weather_driven,historically_calibrated,1.040241,0.176841,9.5144,10.0344,0.0,0.52
5615,8,22,23,weather_driven,historically_calibrated,0.997991,0.169658,9.2816,9.5826,0.0,0.3009
5616,8,22,24,weather_driven,historically_calibrated,0.716087,0.121735,7.5309,7.6341,0.0,0.1032
5617,8,23,1,weather_driven,historically_calibrated,0.611262,0.103914,6.7702,6.8352,0.0,0.065
5618,8,23,2,weather_driven,historically_calibrated,0.601596,0.102271,6.6964,6.7996,0.0,0.1032
5619,8,23,3,weather_driven,historically_calibrated,0.579645,0.09854,6.5261,6.8581,0.0,0.332
5620,8,23,4,weather_driven,historically_calibrated,0.554974,0.094346,6.3304,6.9915,0.0,0.6611
5621,8,23,5,weather_driven,historically_calibrated,0.5981,0.101677,6.6695,7.234,0.0,0.5645
5622,8,23,6,weather_driven,historically_calibrated,0.613598,0.104312,6.788,7.615,0.0013,0.8257
5623,8,23,7,weather_driven,historically_calibrated,0.862594,0.146641,8.4875,9.1026,0.0505,0.5645
5624,8,23,8,weather_driven,historically_calibrated,0.735351,0.12501,7.6633,8.9076,0.1594,1.0848
5625,8,23,9,weather_driven,historically_calibrated,0.508986,0.086528,5.9526,8.4499,0.3227,2.1746
5626,8,23,10,weather_driven,historically_calibrated,0.444982,0.075647,5.3957,7.489,0.5262,1.5671
5627,8,23,11,weather_driven,historically_calibrated,0.27801,0.047262,3.7334,7.3109,0.6558,2.9217
5628,8,23,12,weather_driven,historically_calibrated,0.305871,0.051998,4.0354,7.1349,0.6921,2.4074
5629,8,23,13,weather_driven,historically_calibrated,0.316951,0.053882,4.1525,7.0546,0.9448,1.9573
5630,8,23,14,weather_driven,historically_calibrated,0.23405,0.039788,3.2328,7.1127,0.8191,3.0608
5631,8,23,15,weather_driven,historically_calibrated,0.33792,0.057446,4.3696,7.3049,0.7608,2.1746
5632,8,23,16,weather_driven,historically_calibrated,0.401143,0.068194,4.991,7.5916,0.5365,2.0641
5633,8,23,17,weather_driven,historically_calibrated,0.500344,0.085059,5.8795,7.9017,0.3629,1.6593
5634,8,23,18,weather_driven,historically_calibrated,0.673882,0.11456,7.2331,8.1434,0.197,0.7133
5635,8,23,19,weather_driven,historically_calibrated,0.804092,0.136696,8.1189,8.235,0.0855,0.0306
5636,8,23,20,weather_driven,historically_calibrated,0.813535,0.138301,8.1795,8.2627,0.0181,0.065
5637,8,23,21,weather_driven,historically_calibrated,0.860756,0.146328,8.4762,8.48,0.0,0.0038
5638,8,23,22,weather_driven,historically_calibrated,0.877651,0.149201,8.5798,8.5879,0.0,0.0081
5639,8,23,23,weather_driven,historically_calibrated,0.910896,0.154852,8.7798,8.7812,0.0,0.0014
5640,8,23,24,weather_driven,historically_calibrated,0.756012,0.128522,7.8029,7.8054,0.0,0.0024
5641,8,24,1,weather_driven,historically_calibrated,0.684286,0.116329,7.3076,7.3224,0.0,0.0148
5642,8,24,2,weather_driven,historically_calibrated,0.718413,0.12213,7.547,7.5715,0.0,0.0245
5643,8,24,3,weather_driven,historically_calibrated,0.716149,0.121745,7.5314,7.5506,0.0,0.0193
5644,8,24,4,weather_driven,historically_calibrated,0.705825,0.11999,7.4595,7.484,0.0,0.0245
5645,8,24,5,weather_driven,historically_calibrated,0.737803,0.125426,7.68,7.7348,0.0,0.0548
5646,8,24,6,weather_driven,historically_calibrated,0.759408,0.129099,7.8257,7.8726,0.0013,0.0457
5647,8,24,7,weather_driven,historically_calibrated,1.035297,0.176,9.4875,9.5301,0.0233,0.0193
5648,8,24,8,weather_driven,historically_calibrated,0.927651,0.157701,8.8788,9.0173,0.114,0.0245
5649,8,24,9,weather_driven,historically_calibrated,0.862353,0.1466,8.486,8.6717,0.1309,0.0548
5650,8,24,10,weather_driven,historically_calibrated,0.750166,0.127528,7.7637,8.0382,0.1853,0.0892
5651,8,24,11,weather_driven,historically_calibrated,0.618447,0.105136,6.8247,7.3109,0.2903,0.1959
5652,8,24,12,weather_driven,historically_calibrated,0.4701,0.079917,5.6188,7.1349,0.359,1.1571
5653,8,24,13,weather_driven,historically_calibrated,0.566629,0.096327,6.4234,7.0546,0.1931,0.4381
5654,8,24,14,weather_driven,historically_calibrated,0.555201,0.094384,6.3322,7.1127,0.2605,0.52
5655,8,24,15,weather_driven,historically_calibrated,0.545525,0.092739,6.2542,7.3049,0.1646,0.8861
5656,8,24,16,weather_driven,historically_calibrated,0.61306,0.10422,6.7839,7.7029,0.0933,0.8257
5657,8,24,17,weather_driven,historically_calibrated,0.662532,0.11263,7.1512,7.9017,0.0894,0.6611
5658,8,24,18,weather_driven,historically_calibrated,0.738285,0.125509,7.6833,8.1434,0.0596,0.4005
5659,8,24,19,weather_driven,historically_calibrated,0.816167,0.138748,8.1964,8.6578,0.0233,0.4381
5660,8,24,20,weather_driven,historically_calibrated,0.742427,0.126213,7.7114,8.8001,0.0039,1.0848
5661,8,24,21,weather_driven,historically_calibrated,0.757366,0.128752,7.812,8.8276,0.0,1.0156
5662,8,24,22,weather_driven,historically_calibrated,0.82626,0.140464,8.2606,8.9217,0.0,0.6611
5663,8,24,23,weather_driven,historically_calibrated,0.778081,0.132274,7.9495,8.514,0.0,0.5645
5664,8,24,24,weather_driven,historically_calibrated,0.504451,0.085757,5.9143,6.8637,0.0,0.9494
5665,8,25,1,weather_driven,historically_calibrated,0.475017,0.080753,5.6617,6.027,0.0,0.3652
5666,8,25,2,weather_driven,historically_calibrated,0.517065,0.087901,6.0202,6.0314,0.0,0.0111
5667,8,25,3,weather_driven,historically_calibrated,0.515637,0.087658,6.0083,6.0097,0.0,0.0014
5668,8,25,4,weather_driven,historically_calibrated,0.51826,0.088104,6.0302,6.0547,0.0,0.0245
5669,8,25,5,weather_driven,historically_calibrated,0.535209,0.090986,6.1702,6.1946,0.0,0.0245
5670,8,25,6,weather_driven,historically_calibrated,0.573241,0.097451,6.4758,6.5318,0.0013,0.0548
5671,8,25,7,weather_driven,historically_calibrated,0.786822,0.13376,8.0068,8.1286,0.0454,0.0764
5672,8,25,8,weather_driven,historically_calibrated,0.726412,0.12349,7.6022,7.8417,0.1503,0.0892
5673,8,25,9,weather_driven,historically_calibrated,0.601578,0.102268,6.6962,7.3147,0.3175,0.3009
5674,8,25,10,weather_driven,historically_calibrated,0.516634,0.087828,6.0166,6.8899,0.508,0.3652
5675,8,25,11,weather_driven,historically_calibrated,0.477549,0.081183,5.6838,6.726,0.7102,0.332
5676,8,25,12,weather_driven,historically_calibrated,0.433197,0.073643,5.2888,6.5641,0.8372,0.4381
5677,8,25,13,weather_driven,historically_calibrated,0.419943,0.07139,5.167,6.4902,0.8852,0.4381
5678,8,25,14,weather_driven,historically_calibrated,0.446081,0.075834,5.4056,6.5437,0.8061,0.332
5679,8,25,15,weather_driven,historically_calibrated,0.488824,0.0831,5.7812,6.7205,0.6947,0.2447
5680,8,25,16,weather_driven,historically_calibrated,0.543938,0.092469,6.2413,6.9843,0.5236,0.2194
5681,8,25,17,weather_driven,historically_calibrated,0.598143,0.101684,6.6698,7.2696,0.3551,0.2447
5682,8,25,18,weather_driven,historically_calibrated,0.662189,0.112572,7.1487,7.492,0.1892,0.1541
5683,8,25,19,weather_driven,historically_calibrated,0.706651,0.120131,7.4653,7.5762,0.0804,0.0306
5684,8,25,20,weather_driven,historically_calibrated,0.708061,0.12037,7.4751,7.4918,0.0143,0.0024
5685,8,25,21,weather_driven,historically_calibrated,0.701196,0.119203,7.4271,7.4285,0.0,0.0014
5686,8,25,22,weather_driven,historically_calibrated,0.724987,0.123248,7.5924,7.5938,0.0,0.0014
5687,8,25,23,weather_driven,historically_calibrated,0.731384,0.124335,7.6362,7.6363,0.0,0.0001
5688,8,25,24,weather_driven,historically_calibrated,0.572782,0.097373,6.4721,6.4721,0.0,0.0
5689,8,26,1,weather_driven,historically_calibrated,0.573165,0.097438,6.4752,6.4752,0.0,0.0
5690,8,26,2,weather_driven,historically_calibrated,0.617333,0.104947,6.8163,6.8163,0.0,0.0
5691,8,26,3,weather_driven,historically_calibrated,0.644813,0.109618,7.0215,7.0215,0.0,0.0
5692,8,26,4,weather_driven,historically_calibrated,0.672762,0.114369,7.2251,7.2251,0.0,0.0
5693,8,26,5,weather_driven,historically_calibrated,0.722706,0.12286,7.5767,7.5767,0.0,0.0
5694,8,26,6,weather_driven,historically_calibrated,0.772549,0.131333,7.913,7.9143,0.0013,0.0
5695,8,26,7,weather_driven,historically_calibrated,1.029959,0.175093,9.4583,9.505,0.0467,0.0
5696,8,26,8,weather_driven,historically_calibrated,0.923135,0.156933,8.8522,9.0025,0.1503,0.0
5697,8,26,9,weather_driven,historically_calibrated,0.755969,0.128515,7.8027,8.08,0.2773,0.0
5698,8,26,10,weather_driven,historically_calibrated,0.588386,0.100026,6.5943,6.9909,0.3966,0.0
5699,8,26,11,weather_driven,historically_calibrated,0.537255,0.091333,6.1869,6.726,0.5391,0.0
5700,8,26,12,weather_driven,historically_calibrated,0.502672,0.085454,5.8993,6.5641,0.6648,0.0
5701,8,26,13,weather_driven,historically_calibrated,0.474017,0.080583,5.653,6.4902,0.8372,0.0
5702,8,26,14,weather_driven,historically_calibrated,0.492051,0.083649,5.8089,6.5437,0.7348,0.0
5703,8,26,15,weather_driven,historically_calibrated,0.527275,0.089637,6.1049,6.7205,0.6156,0.0
5704,8,26,16,weather_driven,historically_calibrated,0.575935,0.097909,6.497,6.9843,0.4873,0.0
5705,8,26,17,weather_driven,historically_calibrated,0.631263,0.107315,6.921,7.2696,0.3486,0.0
5706,8,26,18,weather_driven,historically_calibrated,0.684883,0.11643,7.3118,7.492,0.1801,0.0
5707,8,26,19,weather_driven,historically_calibrated,0.711038,0.120876,7.4959,7.5762,0.0804,0.0
5708,8,26,20,weather_driven,historically_calibrated,0.708247,0.120402,7.4764,7.4918,0.013,0.0024
5709,8,26,21,weather_driven,historically_calibrated,0.66819,0.113592,7.1921,7.2686,0.0,0.0764
5710,8,26,22,weather_driven,historically_calibrated,0.623246,0.105952,6.8609,6.9796,0.0,0.1187
5711,8,26,23,weather_driven,historically_calibrated,0.607947,0.103351,6.745,6.899,0.0,0.1541
5712,8,26,24,weather_driven,historically_calibrated,0.495878,0.084299,5.8416,5.9602,0.0,0.1187
5713,8,27,1,weather_driven,historically_calibrated,0.548118,0.09318,6.2752,6.4292,0.0,0.1541
5714,8,27,2,weather_driven,historically_calibrated,0.591063,0.100481,6.6151,6.7183,0.0,0.1032
5715,8,27,3,weather_driven,historically_calibrated,0.635976,0.108116,6.9561,7.0211,0.0,0.065
5716,8,27,4,weather_driven,historically_calibrated,0.680734,0.115725,7.2822,7.3199,0.0,0.0376
5717,8,27,5,weather_driven,historically_calibrated,0.734194,0.124813,7.6554,7.693,0.0,0.0376
5718,8,27,6,weather_driven,historically_calibrated,0.806676,0.137135,8.1355,8.1732,0.0,0.0376
5719,8,27,7,weather_driven,historically_calibrated,1.084363,0.184342,9.7505,9.8506,0.0454,0.0548
5720,8,27,8,weather_driven,historically_calibrated,0.977755,0.166218,9.1678,9.3465,0.1542,0.0245
5721,8,27,9,weather_driven,historically_calibrated,0.776673,0.132034,7.9402,8.2835,0.324,0.0193
5722,8,27,10,weather_driven,historically_calibrated,0.629365,0.106992,6.9068,7.489,0.5365,0.0457
5723,8,27,11,weather_driven,historically_calibrated,0.573668,0.097524,6.4791,7.3109,0.7426,0.0892
5724,8,27,12,weather_driven,historically_calibrated,0.511937,0.087029,5.9773,7.1349,0.8567,0.3009
5725,8,27,13,weather_driven,historically_calibrated,0.473755,0.080538,5.6507,7.0546,0.8839,0.52
5726,8,27,14,weather_driven,historically_calibrated,0.464106,0.078898,5.5661,7.1127,0.8333,0.7133
5727,8,27,15,weather_driven,historically_calibrated,0.52762,0.089695,6.1078,7.3049,0.7193,0.4779
5728,8,27,16,weather_driven,historically_calibrated,0.581118,0.09879,6.5376,7.5916,0.534,0.52
5729,8,27,17,weather_driven,historically_calibrated,0.619759,0.105359,6.8346,7.9017,0.3538,0.7133
5730,8,27,18,weather_driven,historically_calibrated,0.723747,0.123037,7.5838,8.1434,0.1944,0.3652
5731,8,27,19,weather_driven,historically_calibrated,0.762061,0.12955,7.8434,8.235,0.0907,0.3009
5732,8,27,20,weather_driven,historically_calibrated,0.727598,0.123692,7.6103,8.1433,0.013,0.52
5733,8,27,21,weather_driven,historically_calibrated,0.659961,0.112193,7.1325,7.9006,0.0,0.7682
5734,8,27,22,weather_driven,historically_calibrated,0.631849,0.107414,6.9253,7.5865,0.0,0.6611
5735,8,27,23,weather_driven,historically_calibrated,0.591668,0.100583,6.6198,7.4455,0.0,0.8257
5736,8,27,24,weather_driven,historically_calibrated,0.438513,0.074547,5.3372,6.0505,0.0,0.7133
5737,8,28,1,weather_driven,historically_calibrated,0.42223,0.071779,5.1882,5.9015,0.0,0.7133
5738,8,28,2,weather_driven,historically_calibrated,0.363877,0.061859,4.6305,6.1089,0.0,1.4784
5739,8,28,3,weather_driven,historically_calibrated,0.373053,0.063419,4.7207,6.2879,0.0,1.5671
5740,8,28,4,weather_driven,historically_calibrated,0.443572,0.075407,5.383,6.5401,0.0,1.1571
5741,8,28,5,weather_driven,historically_calibrated,0.496536,0.084411,5.8472,6.7333,0.0,0.8861
5742,8,28,6,weather_driven,historically_calibrated,0.551272,0.093716,6.3006,7.0139,0.0,0.7133
5743,8,28,7,weather_driven,historically_calibrated,0.792493,0.134724,8.0438,8.5683,0.0467,0.4779
5744,8,28,8,weather_driven,historically_calibrated,0.753144,0.128035,7.7837,8.2492,0.1646,0.3009
5745,8,28,9,weather_driven,historically_calibrated,0.658882,0.11201,7.1246,7.5625,0.2838,0.1541
5746,8,28,10,weather_driven,historically_calibrated,0.648587,0.11026,7.0493,7.489,0.3849,0.0548
5747,8,28,11,weather_driven,historically_calibrated,0.626691,0.106537,6.8868,7.3109,0.416,0.0081
5748,8,28,12,weather_driven,historically_calibrated,0.587638,0.099899,6.5885,7.1349,0.5352,0.0111
5749,8,28,13,weather_driven,historically_calibrated,0.613762,0.10434,6.7892,7.4497,0.6299,0.0306
5750,8,28,14,weather_driven,historically_calibrated,0.645944,0.10981,7.0299,7.8098,0.5352,0.2447
5751,8,28,15,weather_driven,historically_calibrated,0.550427,0.093573,6.2938,8.1572,0.5521,1.3112
5752,8,28,16,weather_driven,historically_calibrated,0.620556,0.105494,6.8406,8.4773,0.4795,1.1571
5753,8,28,17,weather_driven,historically_calibrated,0.664258,0.112924,7.1637,8.6023,0.3538,1.0848
5754,8,28,18,weather_driven,historically_calibrated,0.731864,0.124417,7.6395,8.5615,0.2087,0.7133
5755,8,28,19,weather_driven,historically_calibrated,0.776414,0.13199,7.9385,8.4272,0.0881,0.4005
5756,8,28,20,weather_driven,historically_calibrated,0.782741,0.133066,7.9801,8.1433,0.0091,0.1541
5757,8,28,21,weather_driven,historically_calibrated,0.757285,0.128738,7.8115,7.9006,0.0,0.0892
5758,8,28,22,weather_driven,historically_calibrated,0.717515,0.121978,7.5408,7.5865,0.0,0.0457
5759,8,28,23,weather_driven,historically_calibrated,0.679083,0.115444,7.2704,7.2853,0.0,0.0148
5760,8,28,24,weather_driven,historically_calibrated,0.495003,0.08415,5.8341,5.8365,0.0,0.0024
5761,8,29,1,weather_driven,historically_calibrated,0.460677,0.078315,5.5358,5.5361,0.0,0.0003
5762,8,29,2,weather_driven,historically_calibrated,0.46577,0.079181,5.5807,5.5808,0.0,0.0
5763,8,29,3,weather_driven,historically_calibrated,0.490905,0.083454,5.7991,5.7991,0.0,0.0
5764,8,29,4,weather_driven,historically_calibrated,0.52036,0.088461,6.0476,6.0476,0.0,0.0
5765,8,29,5,weather_driven,historically_calibrated,0.56887,0.096708,6.4412,6.4412,0.0,0.0
5766,8,29,6,weather_driven,historically_calibrated,0.603816,0.102649,6.7134,6.7134,0.0,0.0
5767,8,29,7,weather_driven,historically_calibrated,0.775716,0.131872,7.9339,7.9806,0.0467,0.0
5768,8,29,8,weather_driven,historically_calibrated,0.687192,0.116823,7.3282,7.4812,0.1529,0.0
5769,8,29,9,weather_driven,historically_calibrated,0.678608,0.115363,7.267,7.5625,0.2955,0.0
5770,8,29,10,weather_driven,historically_calibrated,0.642127,0.109162,7.0017,7.489,0.4873,0.0
5771,8,29,11,weather_driven,historically_calibrated,0.594686,0.101097,6.6432,7.3109,0.6674,0.0003
5772,8,29,12,weather_driven,historically_calibrated,0.610775,0.103832,6.7665,7.5345,0.7672,0.0007
5773,8,29,13,weather_driven,historically_calibrated,0.649564,0.110426,7.0565,7.746,0.6895,0.0
5774,8,29,14,weather_driven,historically_calibrated,0.713894,0.121362,7.5157,8.1417,0.626,0.0
5775,8,29,15,weather_driven,historically_calibrated,0.797427,0.135563,8.0758,8.6344,0.5586,0.0
5776,8,29,16,weather_driven,historically_calibrated,0.864025,0.146884,8.4963,8.867,0.3707,0.0
5777,8,29,17,weather_driven,historically_calibrated,0.896204,0.152355,8.692,8.8605,0.1685,0.0
5778,8,29,18,weather_driven,historically_calibrated,0.813354,0.13827,8.1784,8.2574,0.0791,0.0
5779,8,29,19,weather_driven,historically_calibrated,0.847832,0.144132,8.3961,8.4272,0.0311,0.0
5780,8,29,20,weather_driven,historically_calibrated,0.831531,0.14136,8.2939,8.2953,0.0013,0.0001
5781,8,29,21,weather_driven,historically_calibrated,0.767773,0.130521,7.8814,7.9006,0.0,0.0193
5782,8,29,22,weather_driven,historically_calibrated,0.722951,0.122902,7.5783,7.5865,0.0,0.0081
5783,8,29,23,weather_driven,historically_calibrated,0.664659,0.112992,7.1666,7.2853,0.0,0.1187
5784,8,29,24,weather_driven,historically_calibrated,0.494616,0.084085,5.8308,5.8365,0.0,0.0057
5785,8,30,1,weather_driven,historically_calibrated,0.455567,0.077446,5.4904,5.5361,0.0,0.0457
5786,8,30,2,weather_driven,historically_calibrated,0.461157,0.078397,5.54,5.5401,0.0,0.0001
5787,8,30,3,weather_driven,historically_calibrated,0.459353,0.07809,5.5241,5.5546,0.0,0.0306
5788,8,30,4,weather_driven,historically_calibrated,0.467519,0.079478,5.5961,5.5962,0.0,0.0001
5789,8,30,5,weather_driven,historically_calibrated,0.478278,0.081307,5.6901,5.6901,0.0,0.0
5790,8,30,6,weather_driven,historically_calibrated,0.496971,0.084485,5.8509,5.8547,0.0,0.0038
5791,8,30,7,weather_driven,historically_calibrated,0.679454,0.115507,7.2731,7.286,0.0091,0.0038
5792,8,30,8,weather_driven,historically_calibrated,0.701169,0.119199,7.4269,7.4812,0.0518,0.0024
5793,8,30,9,weather_driven,historically_calibrated,0.698105,0.118678,7.4054,7.5625,0.1024,0.0548
5794,8,30,10,weather_driven,historically_calibrated,0.683526,0.116199,7.3022,7.489,0.1218,0.065
5795,8,30,11,weather_driven,historically_calibrated,0.658805,0.111997,7.1241,7.3109,0.1218,0.065
5796,8,30,12,weather_driven,historically_calibrated,0.560723,0.095323,6.3764,7.1349,0.7037,0.0548
5797,8,30,13,weather_driven,historically_calibrated,0.541367,0.092032,6.2204,7.1863,0.7465,0.2194
5798,8,30,14,weather_driven,historically_calibrated,0.580256,0.098644,6.5309,7.4446,0.5132,0.4005
5799,8,30,15,weather_driven,historically_calibrated,0.522048,0.088748,6.0617,7.9185,0.5456,1.3112
5800,8,30,16,weather_driven,historically_calibrated,0.546826,0.09296,6.2647,8.2647,0.4329,1.5671
5801,8,30,17,weather_driven,historically_calibrated,0.694864,0.118127,7.3825,8.5655,0.2968,0.8861
5802,8,30,18,weather_driven,historically_calibrated,0.637039,0.108297,6.964,8.1434,0.0946,1.0848
5803,8,30,19,weather_driven,historically_calibrated,0.590014,0.100302,6.607,8.235,0.0609,1.5671
5804,8,30,20,weather_driven,historically_calibrated,0.510285,0.086748,5.9635,8.1433,0.0052,2.1746
5805,8,30,21,weather_driven,historically_calibrated,0.442229,0.075179,5.3708,7.9006,0.0,2.5298
5806,8,30,22,weather_driven,historically_calibrated,0.421245,0.071612,5.1791,7.5865,0.0,2.4074
5807,8,30,23,weather_driven,historically_calibrated,0.3746,0.063682,4.7359,7.3921,0.0,2.6563
5808,8,30,24,weather_driven,historically_calibrated,0.300883,0.05115,3.9822,5.8365,0.0,1.8543
5809,8,31,1,weather_driven,historically_calibrated,0.331479,0.056351,4.3035,5.5361,0.0,1.2326
5810,8,31,2,weather_driven,historically_calibrated,0.365488,0.062133,4.6464,5.662,0.0,1.0156
5811,8,31,3,weather_driven,historically_calibrated,0.527796,0.089725,6.1092,6.3286,0.0,0.2194
5812,8,31,4,weather_driven,historically_calibrated,0.381055,0.064779,4.7986,5.8835,0.0,1.0848
5813,8,31,5,weather_driven,historically_calibrated,0.354881,0.06033,4.541,5.7736,0.0,1.2326
5814,8,31,6,weather_driven,historically_calibrated,0.359889,0.061181,4.5909,6.0694,0.0,1.4784
5815,8,31,7,weather_driven,historically_calibrated,0.563592,0.095811,6.3993,7.4997,0.0156,1.0848
5816,8,31,8,weather_driven,historically_calibrated,0.615144,0.104574,6.7997,7.7006,0.0752,0.8257
5817,8,31,9,weather_driven,historically_calibrated,0.583548,0.099203,6.5566,7.5625,0.1801,0.8257
5818,8,31,10,weather_driven,historically_calibrated,0.581767,0.0989,6.5427,7.489,0.2851,0.6611
5819,8,31,11,weather_driven,historically_calibrated,0.539342,0.091688,6.2039,7.3109,0.2812,0.8257
5820,8,31,12,weather_driven,historically_calibrated,0.529531,0.09002,6.1235,7.1349,0.2981,0.7133
5821,8,31,13,weather_driven,historically_calibrated,0.510099,0.086717,5.9619,7.0546,0.4316,0.6611
5822,8,31,14,weather_driven,historically_calibrated,0.541014,0.091972,6.2175,7.1127,0.4173,0.4779
5823,8,31,15,weather_driven,historically_calibrated,0.570383,0.096965,6.4532,7.3049,0.5508,0.3009
5824,8,31,16,weather_driven,historically_calibrated,0.630624,0.107206,6.9162,7.5916,0.4795,0.1959
5825,8,31,17,weather_driven,historically_calibrated,0.707056,0.1202,7.4681,7.9017,0.3149,0.1187
5826,8,31,18,weather_driven,historically_calibrated,0.717511,0.121977,7.5408,8.1434,0.1646,0.4381
5827,8,31,19,weather_driven,historically_calibrated,0.773861,0.131556,7.9217,8.235,0.0687,0.2447
5828,8,31,20,weather_driven,historically_calibrated,0.776576,0.132018,7.9396,8.1433,0.0078,0.1959
5829,8,31,21,weather_driven,historically_calibrated,0.750366,0.127562,7.765,7.9006,0.0,0.1356
5830,8,31,22,weather_driven,historically_calibrated,0.711244,0.120912,7.4973,7.5865,0.0,0.0892
5831,8,31,23,weather_driven,historically_calibrated,0.713758,0.121339,7.5148,7.5524,0.0,0.0376
5832,8,31,24,weather_driven,historically_calibrated,0.540157,0.091827,6.2106,6.2217,0.0,0.0111
5833,9,1,1,weather_driven,historically_calibrated,0.421429,0.071643,5.1808,5.2053,0.0,0.0245
5834,9,1,2,weather_driven,historically_calibrated,0.433389,0.073676,5.2906,5.3212,0.0,0.0306
5835,9,1,3,weather_driven,historically_calibrated,0.449849,0.076474,5.4394,5.485,0.0,0.0457
5836,9,1,4,weather_driven,historically_calibrated,0.451114,0.076689,5.4507,5.4883,0.0,0.0376
5837,9,1,5,weather_driven,historically_calibrated,0.449322,0.076385,5.4347,5.4652,0.0,0.0306
5838,9,1,6,weather_driven,historically_calibrated,0.455517,0.077438,5.49,5.5048,0.0,0.0148
5839,9,1,7,weather_driven,historically_calibrated,0.597341,0.101548,6.6636,6.7031,0.0246,0.0148
5840,9,1,8,weather_driven,historically_calibrated,0.612857,0.104186,6.7824,6.8827,0.0946,0.0057
5841,9,1,9,weather_driven,historically_calibrated,0.604405,0.102749,6.7179,6.9575,0.2151,0.0245
5842,9,1,10,weather_driven,historically_calibrated,0.575367,0.097812,6.4925,6.8899,0.3668,0.0306
5843,9,1,11,weather_driven,historically_calibrated,0.530515,0.090187,6.1316,6.726,0.4912,0.1032
5844,9,1,12,weather_driven,historically_calibrated,0.506929,0.086178,5.9352,6.5641,0.5741,0.0548
5845,9,1,13,weather_driven,historically_calibrated,0.481833,0.081912,5.7209,6.4902,0.7387,0.0306
5846,9,1,14,weather_driven,historically_calibrated,0.484865,0.082427,5.7471,6.5437,0.6934,0.1032
5847,9,1,15,weather_driven,historically_calibrated,0.520507,0.088486,6.0489,6.7205,0.6169,0.0548
5848,9,1,16,weather_driven,historically_calibrated,0.575074,0.097763,6.4902,6.9843,0.4484,0.0457
5849,9,1,17,weather_driven,historically_calibrated,0.632896,0.107592,6.9331,7.2696,0.3059,0.0306
5850,9,1,18,weather_driven,historically_calibrated,0.685531,0.11654,7.3164,7.492,0.1607,0.0148
5851,9,1,19,weather_driven,historically_calibrated,0.71346,0.121288,7.5127,7.5762,0.0635,0.0
5852,9,1,20,weather_driven,historically_calibrated,0.709521,0.120619,7.4853,7.4918,0.0065,0.0
5853,9,1,21,weather_driven,historically_calibrated,0.678824,0.1154,7.2686,7.2686,0.0,0.0
5854,9,1,22,weather_driven,historically_calibrated,0.639138,0.108653,6.9796,6.9796,0.0,0.0
5855,9,1,23,weather_driven,historically_calibrated,0.634593,0.107881,6.9458,6.9482,0.0,0.0024
5856,9,1,24,weather_driven,historically_calibrated,0.463438,0.078784,5.5602,5.6058,0.0,0.0457
5857,9,2,1,weather_driven,historically_calibrated,0.411032,0.069875,5.0841,5.28,0.0,0.1959
5858,9,2,2,weather_driven,historically_calibrated,0.349337,0.059387,4.4853,5.0969,0.0,0.6116
5859,9,2,3,weather_driven,historically_calibrated,0.335239,0.056991,4.3421,5.1103,0.0,0.7682
5860,9,2,4,weather_driven,historically_calibrated,0.287474,0.048871,3.8373,5.1485,0.0,1.3112
5861,9,2,5,weather_driven,historically_calibrated,0.272091,0.046255,3.6678,5.2349,0.0,1.5671
5862,9,2,6,weather_driven,historically_calibrated,0.408872,0.069508,5.0638,5.5838,0.0,0.52
5863,9,2,7,weather_driven,historically_calibrated,0.621509,0.105656,6.8478,7.0963,0.0039,0.2447
5864,9,2,8,weather_driven,historically_calibrated,0.621752,0.105698,6.8496,7.0846,0.0156,0.2194
5865,9,2,9,weather_driven,historically_calibrated,0.623864,0.106057,6.8655,6.9575,0.0156,0.0764
5866,9,2,10,weather_driven,historically_calibrated,0.618456,0.105138,6.8248,6.8899,0.0194,0.0457
5867,9,2,11,weather_driven,historically_calibrated,0.595511,0.101237,6.6495,6.726,0.0389,0.0376
5868,9,2,12,weather_driven,historically_calibrated,0.547218,0.093027,6.2679,6.5641,0.1776,0.1187
5869,9,2,13,weather_driven,historically_calibrated,0.567542,0.096482,6.4307,6.4902,0.0557,0.0038
5870,9,2,14,weather_driven,historically_calibrated,0.537428,0.091363,6.1883,6.5437,0.3551,0.0003
5871,9,2,15,weather_driven,historically_calibrated,0.547062,0.093,6.2666,6.7205,0.4082,0.0457
5872,9,2,16,weather_driven,historically_calibrated,0.561897,0.095523,6.3858,6.9843,0.3538,0.2447
5873,9,2,17,weather_driven,historically_calibrated,0.628856,0.106905,6.903,7.2696,0.2125,0.1541
5874,9,2,18,weather_driven,historically_calibrated,0.681312,0.115823,7.2864,7.492,0.1024,0.1032
5875,9,2,19,weather_driven,historically_calibrated,0.68577,0.116581,7.3181,7.5762,0.0622,0.1959
5876,9,2,20,weather_driven,historically_calibrated,0.682104,0.115958,7.292,7.4918,0.0039,0.1959
5877,9,2,21,weather_driven,historically_calibrated,0.671197,0.114104,7.2138,7.2686,0.0,0.0548
5878,9,2,22,weather_driven,historically_calibrated,0.63584,0.108093,6.9551,6.9796,0.0,0.0245
5879,9,2,23,weather_driven,historically_calibrated,0.627248,0.106632,6.8909,6.899,0.0,0.0081
5880,9,2,24,weather_driven,historically_calibrated,0.459263,0.078075,5.5233,5.5271,0.0,0.0038
5881,9,3,1,weather_driven,historically_calibrated,0.502257,0.085384,5.8958,5.9015,0.0,0.0057
5882,9,3,2,weather_driven,historically_calibrated,0.521503,0.088656,6.0571,6.0683,0.0,0.0111
5883,9,3,3,weather_driven,historically_calibrated,0.538279,0.091507,6.1952,6.2064,0.0,0.0111
5884,9,3,4,weather_driven,historically_calibrated,0.550136,0.093523,6.2915,6.2939,0.0,0.0024
5885,9,3,5,weather_driven,historically_calibrated,0.583756,0.099239,6.5583,6.5664,0.0,0.0081
5886,9,3,6,weather_driven,historically_calibrated,0.600624,0.102106,6.6889,6.7134,0.0,0.0245
5887,9,3,7,weather_driven,historically_calibrated,0.782575,0.133038,7.979,8.1409,0.0078,0.1541
5888,9,3,8,weather_driven,historically_calibrated,0.772865,0.131387,7.9151,8.1395,0.0285,0.1959
5889,9,3,9,weather_driven,historically_calibrated,0.69856,0.118755,7.4086,7.8398,0.1594,0.2718
5890,9,3,10,weather_driven,historically_calibrated,0.61392,0.104366,6.7904,7.489,0.2605,0.4381
5891,9,3,11,weather_driven,historically_calibrated,0.477508,0.081176,5.6834,7.3109,0.3162,1.3112
5892,9,3,12,weather_driven,historically_calibrated,0.484302,0.082331,5.7423,7.1349,0.4432,0.9494
5893,9,3,13,weather_driven,historically_calibrated,0.363202,0.061744,4.6238,7.0546,0.3668,2.0641
5894,9,3,14,weather_driven,historically_calibrated,0.458615,0.077965,5.5175,7.1127,0.438,1.1571
5895,9,3,15,weather_driven,historically_calibrated,0.569922,0.096887,6.4495,7.3049,0.4173,0.4381
5896,9,3,16,weather_driven,historically_calibrated,0.615661,0.104662,6.8036,7.5916,0.3499,0.4381
5897,9,3,17,weather_driven,historically_calibrated,0.665824,0.11319,7.175,7.9017,0.2488,0.4779
5898,9,3,18,weather_driven,historically_calibrated,0.744651,0.126591,7.7265,8.1434,0.1452,0.2718
5899,9,3,19,weather_driven,historically_calibrated,0.795282,0.135198,8.0619,8.235,0.0544,0.1187
5900,9,3,20,weather_driven,historically_calibrated,0.836232,0.142159,8.3235,8.3821,0.0039,0.0548
5901,9,3,21,weather_driven,historically_calibrated,0.860756,0.146328,8.4762,8.48,0.0,0.0038
5902,9,3,22,weather_driven,historically_calibrated,0.869874,0.147879,8.5322,8.5322,0.0,0.0
5903,9,3,23,weather_driven,historically_calibrated,0.893267,0.151855,8.6743,8.6743,0.0,0.0
5904,9,3,24,weather_driven,historically_calibrated,0.676082,0.114934,7.2489,7.2489,0.0,0.0
5905,9,4,1,weather_driven,historically_calibrated,0.658166,0.111888,7.1194,7.1194,0.0,0.0
5906,9,4,2,weather_driven,historically_calibrated,0.675741,0.114876,7.2465,7.2465,0.0,0.0
5907,9,4,3,weather_driven,historically_calibrated,0.707204,0.120225,7.4692,7.4692,0.0,0.0
5908,9,4,4,weather_driven,historically_calibrated,0.721172,0.122599,7.5661,7.5661,0.0,0.0
5909,9,4,5,weather_driven,historically_calibrated,0.758294,0.12891,7.8182,7.8182,0.0,0.0
5910,9,4,6,weather_driven,historically_calibrated,0.812537,0.138131,8.1732,8.1732,0.0,0.0
5911,9,4,7,weather_driven,historically_calibrated,1.095272,0.186196,9.8079,9.8506,0.0428,0.0
5912,9,4,8,weather_driven,historically_calibrated,0.991133,0.168493,9.2432,9.4013,0.1581,0.0
5913,9,4,9,weather_driven,historically_calibrated,0.825575,0.140348,8.2562,8.5608,0.3046,0.0
5914,9,4,10,weather_driven,historically_calibrated,0.692181,0.117671,7.3636,7.8185,0.4549,0.0
5915,9,4,11,weather_driven,historically_calibrated,0.612998,0.10421,6.7834,7.3109,0.5275,0.0
5916,9,4,12,weather_driven,historically_calibrated,0.578448,0.098336,6.5167,7.1349,0.6182,0.0
5917,9,4,13,weather_driven,historically_calibrated,0.548345,0.093219,6.277,7.0546,0.7776,0.0
5918,9,4,14,weather_driven,historically_calibrated,0.563181,0.095741,6.396,7.1127,0.7167,0.0
5919,9,4,15,weather_driven,historically_calibrated,0.597141,0.101514,6.6621,7.3049,0.6428,0.0
5920,9,4,16,weather_driven,historically_calibrated,0.658049,0.111868,7.1186,7.5916,0.473,0.0
5921,9,4,17,weather_driven,historically_calibrated,0.722861,0.122886,7.5777,7.9017,0.324,0.0
5922,9,4,18,weather_driven,historically_calibrated,0.779391,0.132496,7.9581,8.1434,0.1853,0.0
5923,9,4,19,weather_driven,historically_calibrated,0.810866,0.137847,8.1625,8.235,0.0726,0.0
5924,9,4,20,weather_driven,historically_calibrated,0.80727,0.137236,8.1394,8.1433,0.0039,0.0
5925,9,4,21,weather_driven,historically_calibrated,0.770679,0.131015,7.9006,7.9006,0.0,0.0
5926,9,4,22,weather_driven,historically_calibrated,0.732244,0.124481,7.6421,7.6421,0.0,0.0
5927,9,4,23,weather_driven,historically_calibrated,0.750525,0.127589,7.7661,7.7661,0.0,0.0
5928,9,4,24,weather_driven,historically_calibrated,0.573591,0.09751,6.4785,6.4785,0.0,0.0
5929,9,5,1,weather_driven,historically_calibrated,0.56736,0.096451,6.4292,6.4292,0.0,0.0
5930,9,5,2,weather_driven,historically_calibrated,0.583443,0.099185,6.5558,6.5558,0.0,0.0
5931,9,5,3,weather_driven,historically_calibrated,0.596152,0.101346,6.6545,6.6545,0.0,0.0
5932,9,5,4,weather_driven,historically_calibrated,0.613383,0.104275,6.7863,6.7863,0.0,0.0
5933,9,5,5,weather_driven,historically_calibrated,0.645339,0.109708,7.0254,7.0254,0.0,0.0
5934,9,5,6,weather_driven,historically_calibrated,0.691306,0.117522,7.3574,7.3574,0.0,0.0
5935,9,5,7,weather_driven,historically_calibrated,0.905616,0.153955,8.7483,8.782,0.0337,0.0
5936,9,5,8,weather_driven,historically_calibrated,0.826721,0.140543,8.2635,8.4138,0.1503,0.0
5937,9,5,9,weather_driven,historically_calibrated,0.678789,0.115394,7.2683,7.5625,0.2942,0.0
5938,9,5,10,weather_driven,historically_calibrated,0.647574,0.110088,7.0419,7.489,0.4471,0.0
5939,9,5,11,weather_driven,historically_calibrated,0.612657,0.104152,6.7808,7.3109,0.5301,0.0
5940,9,5,12,weather_driven,historically_calibrated,0.573505,0.097496,6.4778,7.1349,0.6571,0.0
5941,9,5,13,weather_driven,historically_calibrated,0.550753,0.093628,6.2964,7.0546,0.7582,0.0
5942,9,5,14,weather_driven,historically_calibrated,0.561555,0.095464,6.3831,7.1127,0.7296,0.0
5943,9,5,15,weather_driven,historically_calibrated,0.612211,0.104076,6.7774,7.3049,0.5275,0.0
5944,9,5,16,weather_driven,historically_calibrated,0.672186,0.114272,7.2209,7.5916,0.3707,0.0
5945,9,5,17,weather_driven,historically_calibrated,0.725875,0.123399,7.5985,7.9017,0.3033,0.0
5946,9,5,18,weather_driven,historically_calibrated,0.779982,0.132597,7.962,8.1434,0.1814,0.0
5947,9,5,19,weather_driven,historically_calibrated,0.814915,0.138536,8.1884,8.235,0.0467,0.0
5948,9,5,20,weather_driven,historically_calibrated,0.807673,0.137304,8.142,8.1433,0.0013,0.0
5949,9,5,21,weather_driven,historically_calibrated,0.770679,0.131015,7.9006,7.9006,0.0,0.0
5950,9,5,22,weather_driven,historically_calibrated,0.724131,0.123102,7.5865,7.5865,0.0,0.0
5951,9,5,23,weather_driven,historically_calibrated,0.681158,0.115797,7.2853,7.2853,0.0,0.0
5952,9,5,24,weather_driven,historically_calibrated,0.495285,0.084198,5.8365,5.8365,0.0,0.0
5953,9,6,1,weather_driven,historically_calibrated,0.460711,0.078321,5.5361,5.5361,0.0,0.0
5954,9,6,2,weather_driven,historically_calibrated,0.461167,0.078398,5.5401,5.5401,0.0,0.0
5955,9,6,3,weather_driven,historically_calibrated,0.46281,0.078678,5.5546,5.5546,0.0,0.0
5956,9,6,4,weather_driven,historically_calibrated,0.467529,0.07948,5.5962,5.5962,0.0,0.0
5957,9,6,5,weather_driven,historically_calibrated,0.478278,0.081307,5.6901,5.6901,0.0,0.0
5958,9,6,6,weather_driven,historically_calibrated,0.502478,0.085421,5.8976,5.8976,0.0,0.0
5959,9,6,7,weather_driven,historically_calibrated,0.677453,0.115167,7.2588,7.286,0.0272,0.0
5960,9,6,8,weather_driven,historically_calibrated,0.690847,0.117444,7.3542,7.4812,0.127,0.0
5961,9,6,9,weather_driven,historically_calibrated,0.686969,0.116785,7.3267,7.5625,0.2359,0.0
5962,9,6,10,weather_driven,historically_calibrated,0.65855,0.111953,7.1222,7.489,0.3668,0.0
5963,9,6,11,weather_driven,historically_calibrated,0.621049,0.105578,6.8443,7.3109,0.4666,0.0
5964,9,6,12,weather_driven,historically_calibrated,0.583581,0.099209,6.5569,7.1349,0.578,0.0
5965,9,6,13,weather_driven,historically_calibrated,0.558661,0.094972,6.3599,7.0546,0.6947,0.0
5966,9,6,14,weather_driven,historically_calibrated,0.568928,0.096718,6.4417,7.1791,0.7374,0.0
5967,9,6,15,weather_driven,historically_calibrated,0.622579,0.105839,6.8559,7.4754,0.6195,0.0
5968,9,6,16,weather_driven,historically_calibrated,0.695169,0.118179,7.3847,7.8396,0.4549,0.0
5969,9,6,17,weather_driven,historically_calibrated,0.768529,0.13065,7.8864,8.1598,0.2735,0.0
5970,9,6,18,weather_driven,historically_calibrated,0.79859,0.13576,8.0834,8.2194,0.1361,0.0
5971,9,6,19,weather_driven,historically_calibrated,0.814104,0.138398,8.1832,8.235,0.0518,0.0
5972,9,6,20,weather_driven,historically_calibrated,0.807472,0.13727,8.1407,8.1433,0.0026,0.0
5973,9,6,21,weather_driven,historically_calibrated,0.76844,0.130635,7.8858,7.9006,0.0,0.0148
5974,9,6,22,weather_driven,historically_calibrated,0.722951,0.122902,7.5783,7.5865,0.0,0.0081
5975,9,6,23,weather_driven,historically_calibrated,0.681158,0.115797,7.2853,7.2853,0.0,0.0
5976,9,6,24,weather_driven,historically_calibrated,0.495285,0.084198,5.8365,5.8365,0.0,0.0
5977,9,7,1,weather_driven,historically_calibrated,0.460709,0.078321,5.5361,5.5361,0.0,0.0
5978,9,7,2,weather_driven,historically_calibrated,0.461133,0.078393,5.5398,5.5401,0.0,0.0003
5979,9,7,3,weather_driven,historically_calibrated,0.500449,0.085076,5.8804,5.8805,0.0,0.0001
5980,9,7,4,weather_driven,historically_calibrated,0.53499,0.090948,6.1684,6.1708,0.0,0.0024
5981,9,7,5,weather_driven,historically_calibrated,0.555983,0.094517,6.3385,6.3578,0.0,0.0193
5982,9,7,6,weather_driven,historically_calibrated,0.56685,0.096365,6.4252,6.4558,0.0,0.0306
5983,9,7,7,weather_driven,historically_calibrated,0.721994,0.122739,7.5718,7.6066,0.0156,0.0193
5984,9,7,8,weather_driven,historically_calibrated,0.710984,0.120867,7.4955,7.536,0.0324,0.0081
5985,9,7,9,weather_driven,historically_calibrated,0.713925,0.121367,7.5159,7.5625,0.0428,0.0038
5986,9,7,10,weather_driven,historically_calibrated,0.517426,0.087962,6.0232,7.489,0.0726,1.3932
5987,9,7,11,weather_driven,historically_calibrated,0.612628,0.104147,6.7806,7.6862,0.0194,0.8861
5988,9,7,12,weather_driven,historically_calibrated,0.633601,0.107712,6.9384,7.5012,0.0428,0.52
5989,9,7,13,weather_driven,historically_calibrated,0.639168,0.108659,6.9798,7.1581,0.0596,0.1187
5990,9,7,14,weather_driven,historically_calibrated,0.598666,0.101773,6.6738,7.1127,0.3033,0.1356
5991,9,7,15,weather_driven,historically_calibrated,0.621322,0.105625,6.8464,7.3049,0.3694,0.0892
5992,9,7,16,weather_driven,historically_calibrated,0.677965,0.115254,7.2624,7.5916,0.2527,0.0764
5993,9,7,17,weather_driven,historically_calibrated,0.726393,0.123487,7.602,7.9017,0.2449,0.0548
5994,9,7,18,weather_driven,historically_calibrated,0.776636,0.132028,7.94,8.1434,0.127,0.0764
5995,9,7,19,weather_driven,historically_calibrated,0.87217,0.148269,8.5463,8.5974,0.0454,0.0057
5996,9,7,20,weather_driven,historically_calibrated,0.913146,0.155235,8.7931,8.8001,0.0013,0.0057
5997,9,7,21,weather_driven,historically_calibrated,0.89945,0.152906,8.7115,8.7118,0.0,0.0003
5998,9,7,22,weather_driven,historically_calibrated,0.897395,0.152557,8.6991,8.6992,0.0,0.0
5999,9,7,23,weather_driven,historically_calibrated,0.875636,0.148858,8.5675,8.5675,0.0,0.0
6000,9,7,24,weather_driven,historically_calibrated,0.635069,0.107962,6.9493,6.9493,0.0,0.0
6001,9,8,1,weather_driven,historically_calibrated,0.549757,0.093459,6.2884,6.2884,0.0,0.0
6002,9,8,2,weather_driven,historically_calibrated,0.573764,0.09754,6.4799,6.4799,0.0,0.0
6003,9,8,3,weather_driven,historically_calibrated,0.609812,0.103668,6.7592,6.7592,0.0,0.0
6004,9,8,4,weather_driven,historically_calibrated,0.64682,0.109959,7.0363,7.0363,0.0,0.0
6005,9,8,5,weather_driven,historically_calibrated,0.689544,0.117223,7.3449,7.3463,0.0,0.0014
6006,9,8,6,weather_driven,historically_calibrated,0.743119,0.12633,7.7161,7.7168,0.0,0.0007
6007,9,8,7,weather_driven,historically_calibrated,1.051517,0.178758,9.5754,9.6033,0.0272,0.0007
6008,9,8,8,weather_driven,historically_calibrated,0.989673,0.168244,9.235,9.3558,0.1205,0.0003
6009,9,8,9,weather_driven,historically_calibrated,0.837236,0.14233,8.3298,8.5902,0.2566,0.0038
6010,9,8,10,weather_driven,historically_calibrated,0.667284,0.113438,7.1856,7.6477,0.4316,0.0306
6011,9,8,11,weather_driven,historically_calibrated,0.519495,0.088314,6.0405,6.726,0.6091,0.0764
6012,9,8,12,weather_driven,historically_calibrated,0.494613,0.084084,5.8308,6.5641,0.7141,0.0193
6013,9,8,13,weather_driven,historically_calibrated,0.472698,0.080359,5.6415,6.4902,0.6947,0.1541
6014,9,8,14,weather_driven,historically_calibrated,0.49764,0.084599,5.8566,6.5437,0.3862,0.3009
6015,9,8,15,weather_driven,historically_calibrated,0.38625,0.065662,4.8488,6.7205,0.3046,1.5671
6016,9,8,16,weather_driven,historically_calibrated,0.574573,0.097677,6.4863,6.9843,0.2786,0.2194
6017,9,8,17,weather_driven,historically_calibrated,0.451585,0.076769,5.4549,7.2696,0.2475,1.5671
6018,9,8,18,weather_driven,historically_calibrated,0.674267,0.114625,7.2359,7.492,0.1374,0.1187
6019,9,8,19,weather_driven,historically_calibrated,0.715093,0.121566,7.524,7.5762,0.0441,0.0081
6020,9,8,20,weather_driven,historically_calibrated,0.710066,0.120711,7.4891,7.4918,0.0013,0.0014
6021,9,8,21,weather_driven,historically_calibrated,0.731626,0.124376,7.6379,7.6417,0.0,0.0038
6022,9,8,22,weather_driven,historically_calibrated,0.75524,0.128391,7.7978,7.7985,0.0,0.0007
6023,9,8,23,weather_driven,historically_calibrated,0.752795,0.127975,7.7814,7.7838,0.0,0.0024
6024,9,8,24,weather_driven,historically_calibrated,0.5675,0.096475,6.4304,6.4328,0.0,0.0024
6025,9,9,1,weather_driven,historically_calibrated,0.558881,0.09501,6.3617,6.3631,0.0,0.0014
6026,9,9,2,weather_driven,historically_calibrated,0.578339,0.098318,6.5159,6.5173,0.0,0.0014
6027,9,9,3,weather_driven,historically_calibrated,0.594973,0.101145,6.6454,6.6468,0.0,0.0014
6028,9,9,4,weather_driven,historically_calibrated,0.61629,0.104769,6.8084,6.8098,0.0,0.0014
6029,9,9,5,weather_driven,historically_calibrated,0.646887,0.109971,7.0368,7.0392,0.0,0.0024
6030,9,9,6,weather_driven,historically_calibrated,0.674695,0.114698,7.239,7.2428,0.0,0.0038
6031,9,9,7,weather_driven,historically_calibrated,0.903989,0.153678,8.7386,8.7677,0.0233,0.0057
6032,9,9,8,weather_driven,historically_calibrated,0.852207,0.144875,8.4233,8.5483,0.1102,0.0148
6033,9,9,9,weather_driven,historically_calibrated,0.754567,0.128276,7.7933,8.08,0.232,0.0548
6034,9,9,10,weather_driven,historically_calibrated,0.5987,0.101779,6.6741,7.2435,0.3953,0.1741
6035,9,9,11,weather_driven,historically_calibrated,0.508997,0.08653,5.9526,6.726,0.5016,0.2718
6036,9,9,12,weather_driven,historically_calibrated,0.471094,0.080086,5.6275,6.5641,0.4588,0.4779
6037,9,9,13,weather_driven,historically_calibrated,0.470901,0.080053,5.6258,6.4902,0.4264,0.4381
6038,9,9,14,weather_driven,historically_calibrated,0.480911,0.081755,5.713,6.5437,0.3927,0.4381
6039,9,9,15,weather_driven,historically_calibrated,0.543549,0.092403,6.2382,6.7205,0.1503,0.332
6040,9,9,16,weather_driven,historically_calibrated,0.606673,0.103134,6.7352,6.9843,0.0531,0.1959
6041,9,9,17,weather_driven,historically_calibrated,0.614042,0.104387,6.7913,7.2696,0.0402,0.4381
6042,9,9,18,weather_driven,historically_calibrated,0.651475,0.110751,7.0705,7.492,0.1205,0.3009
6043,9,9,19,weather_driven,historically_calibrated,0.728137,0.123783,7.614,7.6873,0.0428,0.0306
6044,9,9,20,weather_driven,historically_calibrated,0.782256,0.132983,7.9769,8.1511,0.0,0.1741
6045,9,9,21,weather_driven,historically_calibrated,0.851157,0.144697,8.4168,8.4412,0.0,0.0245
6046,9,9,22,weather_driven,historically_calibrated,0.858142,0.145884,8.46,8.4639,0.0,0.0038
6047,9,9,23,weather_driven,historically_calibrated,0.835776,0.142082,8.3206,8.3244,0.0,0.0038
6048,9,9,24,weather_driven,historically_calibrated,0.58978,0.100263,6.6052,6.6296,0.0,0.0245
6049,9,10,1,weather_driven,historically_calibrated,0.674963,0.114744,7.2409,7.2412,0.0,0.0003
6050,9,10,2,weather_driven,historically_calibrated,0.71608,0.121734,7.5309,7.5309,0.0,0.0
6051,9,10,3,weather_driven,historically_calibrated,0.748772,0.127291,7.7543,7.7543,0.0,0.0
6052,9,10,4,weather_driven,historically_calibrated,0.787215,0.133827,8.0094,8.0175,0.0,0.0081
6053,9,10,5,weather_driven,historically_calibrated,0.854952,0.145342,8.4403,8.4441,0.0,0.0038
6054,9,10,6,weather_driven,historically_calibrated,0.936602,0.159222,8.9311,8.946,0.0,0.0148
6055,9,10,7,weather_driven,historically_calibrated,1.324383,0.225145,10.9275,10.9727,0.0207,0.0245
6056,9,10,8,weather_driven,historically_calibrated,1.207364,0.205252,10.3749,10.4986,0.1089,0.0148
6057,9,10,9,weather_driven,historically_calibrated,0.976093,0.165936,9.1583,9.4481,0.2592,0.0306
6058,9,10,10,weather_driven,historically_calibrated,0.738056,0.12547,7.6817,8.2029,0.4562,0.065
6059,9,10,11,weather_driven,historically_calibrated,0.593547,0.100903,6.6343,7.3109,0.6389,0.0376
6060,9,10,12,weather_driven,historically_calibrated,0.555073,0.094362,6.3312,7.1349,0.7387,0.065
6061,9,10,13,weather_driven,historically_calibrated,0.552358,0.093901,6.3094,7.0546,0.7076,0.0376
6062,9,10,14,weather_driven,historically_calibrated,0.562668,0.095654,6.3919,7.1127,0.6558,0.065
6063,9,10,15,weather_driven,historically_calibrated,0.585995,0.099619,6.5757,7.3049,0.626,0.1032
6064,9,10,16,weather_driven,historically_calibrated,0.622666,0.105853,6.8565,7.5916,0.4342,0.3009
6065,9,10,17,weather_driven,historically_calibrated,0.646093,0.109836,7.031,7.9017,0.2592,0.6116
6066,9,10,18,weather_driven,historically_calibrated,0.667093,0.113406,7.1842,8.1434,0.1335,0.8257
6067,9,10,19,weather_driven,historically_calibrated,0.788083,0.133974,8.0151,8.537,0.0441,0.4779
6068,9,10,20,weather_driven,historically_calibrated,0.874237,0.14862,8.5589,8.8599,0.0,0.3009
6069,9,10,21,weather_driven,historically_calibrated,0.891919,0.151626,8.6662,8.8856,0.0,0.2194
6070,9,10,22,weather_driven,historically_calibrated,0.908373,0.154423,8.7648,8.8104,0.0,0.0457
6071,9,10,23,weather_driven,historically_calibrated,0.907016,0.154193,8.7567,8.7812,0.0,0.0245
6072,9,10,24,weather_driven,historically_calibrated,0.689803,0.117266,7.3468,7.3773,0.0,0.0306
6073,9,11,1,weather_driven,historically_calibrated,0.678693,0.115378,7.2676,7.3224,0.0,0.0548
6074,9,11,2,weather_driven,historically_calibrated,0.696612,0.118424,7.3949,7.4496,0.0,0.0548
6075,9,11,3,weather_driven,historically_calibrated,0.679093,0.115446,7.2705,7.3469,0.0,0.0764
6076,9,11,4,weather_driven,historically_calibrated,0.700445,0.119076,7.4218,7.525,0.0,0.1032
6077,9,11,5,weather_driven,historically_calibrated,0.719919,0.122386,7.5574,7.693,0.0,0.1356
6078,9,11,6,weather_driven,historically_calibrated,0.758991,0.129028,7.8229,7.9585,0.0,0.1356
6079,9,11,7,weather_driven,historically_calibrated,1.105814,0.187988,9.8629,9.9575,0.0181,0.0764
6080,9,11,8,weather_driven,historically_calibrated,1.009135,0.171553,9.3437,9.511,0.1024,0.065
6081,9,11,9,weather_driven,historically_calibrated,0.875757,0.148879,8.5682,8.8381,0.2242,0.0457
6082,9,11,10,weather_driven,historically_calibrated,0.778997,0.13243,7.9555,8.5324,0.381,0.1959
6083,9,11,11,weather_driven,historically_calibrated,0.665437,0.113124,7.1722,8.0079,0.591,0.2447
6084,9,11,12,weather_driven,historically_calibrated,0.562126,0.095561,6.3876,7.1872,0.7232,0.0764
6085,9,11,13,weather_driven,historically_calibrated,0.532318,0.090494,6.1464,7.0546,0.6363,0.2718
6086,9,11,14,weather_driven,historically_calibrated,0.506056,0.086029,5.9279,7.1127,0.6648,0.52
6087,9,11,15,weather_driven,historically_calibrated,0.533106,0.090628,6.1529,7.3049,0.5404,0.6116
6088,9,11,16,weather_driven,historically_calibrated,0.509699,0.086649,5.9585,7.5916,0.4005,1.2326
6089,9,11,17,weather_driven,historically_calibrated,0.56607,0.096232,6.419,7.9017,0.2501,1.2326
6090,9,11,18,weather_driven,historically_calibrated,0.629349,0.106989,6.9067,8.5017,0.1166,1.4784
6091,9,11,19,weather_driven,historically_calibrated,0.809027,0.137535,8.1507,9.2013,0.035,1.0156
6092,9,11,20,weather_driven,historically_calibrated,0.835992,0.142119,8.322,9.3376,0.0,1.0156
6093,9,11,21,weather_driven,historically_calibrated,0.821479,0.139651,8.2302,8.9435,0.0,0.7133
6094,9,11,22,weather_driven,historically_calibrated,0.839376,0.142694,8.3432,8.5879,0.0,0.2447
6095,9,11,23,weather_driven,historically_calibrated,0.820256,0.139444,8.2224,8.2469,0.0,0.0245
6096,9,11,24,weather_driven,historically_calibrated,0.605937,0.103009,6.7296,6.7353,0.0,0.0057
6097,9,12,1,weather_driven,historically_calibrated,0.582523,0.099029,6.5486,6.551,0.0,0.0024
6098,9,12,2,weather_driven,historically_calibrated,0.593405,0.100879,6.6333,6.6371,0.0,0.0038
6099,9,12,3,weather_driven,historically_calibrated,0.617164,0.104918,6.815,6.8174,0.0,0.0024
6100,9,12,4,weather_driven,historically_calibrated,0.646312,0.109873,7.0326,7.0326,0.0,0.0
6101,9,12,5,weather_driven,historically_calibrated,0.674006,0.114581,7.234,7.234,0.0,0.0
6102,9,12,6,weather_driven,historically_calibrated,0.703503,0.119596,7.4433,7.4433,0.0,0.0
6103,9,12,7,weather_driven,historically_calibrated,0.946826,0.16096,8.9906,8.9958,0.0052,0.0
6104,9,12,8,weather_driven,historically_calibrated,0.912919,0.155196,8.7918,8.8527,0.0609,0.0
6105,9,12,9,weather_driven,historically_calibrated,0.837989,0.142458,8.3345,8.4499,0.1153,0.0
6106,9,12,10,weather_driven,historically_calibrated,0.723266,0.122955,7.5805,7.8734,0.2929,0.0
6107,9,12,11,weather_driven,historically_calibrated,0.620873,0.105548,6.843,7.3109,0.4303,0.0376
6108,9,12,12,weather_driven,historically_calibrated,0.60439,0.102746,6.7178,7.1349,0.4147,0.0024
6109,9,12,13,weather_driven,historically_calibrated,0.60792,0.103346,6.7448,7.0546,0.3084,0.0014
6110,9,12,14,weather_driven,historically_calibrated,0.629098,0.106947,6.9048,7.1127,0.1931,0.0148
6111,9,12,15,weather_driven,historically_calibrated,0.637684,0.108406,6.9688,7.3049,0.162,0.1741
6112,9,12,16,weather_driven,historically_calibrated,0.690599,0.117402,7.3524,7.5916,0.1205,0.1187
6113,9,12,17,weather_driven,historically_calibrated,0.75292,0.127996,7.7822,7.9017,0.0739,0.0457
6114,9,12,18,weather_driven,historically_calibrated,0.793875,0.134959,8.0528,8.1434,0.0868,0.0038
6115,9,12,19,weather_driven,historically_calibrated,0.817304,0.138942,8.2036,8.235,0.0311,0.0003
6116,9,12,20,weather_driven,historically_calibrated,0.817154,0.138916,8.2027,8.203,0.0,0.0003
6117,9,12,21,weather_driven,historically_calibrated,0.844742,0.143606,8.3768,8.48,0.0,0.1032
6118,9,12,22,weather_driven,historically_calibrated,0.868666,0.147673,8.5248,8.6435,0.0,0.1187
6119,9,12,23,weather_driven,historically_calibrated,0.882514,0.150027,8.6093,8.6743,0.0,0.065
6120,9,12,24,weather_driven,historically_calibrated,0.662561,0.112635,7.1514,7.2061,0.0,0.0548
6121,9,13,1,weather_driven,historically_calibrated,0.653257,0.111054,7.0836,7.16,0.0,0.0764
6122,9,13,2,weather_driven,historically_calibrated,0.674639,0.114689,7.2386,7.3277,0.0,0.0892
6123,9,13,3,weather_driven,historically_calibrated,0.706102,0.120037,7.4615,7.5506,0.0,0.0892
6124,9,13,4,weather_driven,historically_calibrated,0.738113,0.125479,7.6821,7.7713,0.0,0.0892
6125,9,13,5,weather_driven,historically_calibrated,0.786327,0.133676,8.0036,8.0686,0.0,0.065
6126,9,13,6,weather_driven,historically_calibrated,0.787438,0.133864,8.0108,8.0873,0.0,0.0764
6127,9,13,7,weather_driven,historically_calibrated,1.01588,0.1727,9.381,9.4766,0.0065,0.0892
6128,9,13,8,weather_driven,historically_calibrated,0.969146,0.164755,9.1188,9.2367,0.0415,0.0764
6129,9,13,9,weather_driven,historically_calibrated,0.831789,0.141404,8.2955,8.5053,0.1853,0.0245
6130,9,13,10,weather_driven,historically_calibrated,0.733834,0.124752,7.653,8.0382,0.3396,0.0457
6131,9,13,11,weather_driven,historically_calibrated,0.667172,0.113419,7.1848,7.579,0.1983,0.1959
6132,9,13,12,weather_driven,historically_calibrated,0.653606,0.111113,7.0861,7.6058,0.0816,0.4381
6133,9,13,13,weather_driven,historically_calibrated,0.581947,0.098931,6.5441,7.1581,0.1361,0.4779
6134,9,13,14,weather_driven,historically_calibrated,0.524669,0.089194,6.0834,7.1127,0.5093,0.52
6135,9,13,15,weather_driven,historically_calibrated,0.538452,0.091537,6.1967,7.3049,0.4471,0.6611
6136,9,13,16,weather_driven,historically_calibrated,0.614977,0.104546,6.7984,7.5916,0.3551,0.4381
6137,9,13,17,weather_driven,historically_calibrated,0.725535,0.123341,7.5961,7.9017,0.2164,0.0892
6138,9,13,18,weather_driven,historically_calibrated,0.788571,0.134057,8.0182,8.1434,0.114,0.0111
6139,9,13,19,weather_driven,historically_calibrated,0.81663,0.138827,8.1993,8.235,0.035,0.0007
6140,9,13,20,weather_driven,historically_calibrated,0.802035,0.136346,8.1056,8.1433,0.0,0.0376
6141,9,13,21,weather_driven,historically_calibrated,0.81177,0.138001,8.1682,8.3641,0.0,0.1959
6142,9,13,22,weather_driven,historically_calibrated,0.81303,0.138215,8.1763,8.421,0.0,0.2447
6143,9,13,23,weather_driven,historically_calibrated,0.810878,0.137849,8.1625,8.4072,0.0,0.2447
6144,9,13,24,weather_driven,historically_calibrated,0.608928,0.103518,6.7525,6.9065,0.0,0.1541
6145,9,14,1,weather_driven,historically_calibrated,0.598939,0.10182,6.676,6.7946,0.0,0.1187
6146,9,14,2,weather_driven,historically_calibrated,0.62298,0.105907,6.8589,6.9621,0.0,0.1032
6147,9,14,3,weather_driven,historically_calibrated,0.638207,0.108495,6.9726,7.0618,0.0,0.0892
6148,9,14,4,weather_driven,historically_calibrated,0.650933,0.110659,7.0665,7.1557,0.0,0.0892
6149,9,14,5,weather_driven,historically_calibrated,0.694173,0.118009,7.3777,7.4427,0.0,0.065
6150,9,14,6,weather_driven,historically_calibrated,0.76186,0.129516,7.842,7.8726,0.0,0.0306
6151,9,14,7,weather_driven,historically_calibrated,1.064513,0.180967,9.6451,9.6904,0.0207,0.0245
6152,9,14,8,weather_driven,historically_calibrated,0.957837,0.162832,9.0541,9.1819,0.1166,0.0111
6153,9,14,9,weather_driven,historically_calibrated,0.806541,0.137112,8.1347,8.3944,0.254,0.0057
6154,9,14,10,weather_driven,historically_calibrated,0.677141,0.115114,7.2565,7.7087,0.4329,0.0193
6155,9,14,11,weather_driven,historically_calibrated,0.600418,0.102071,6.6873,7.3109,0.5586,0.065
6156,9,14,12,weather_driven,historically_calibrated,0.559199,0.095064,6.3643,7.1349,0.6674,0.1032
6157,9,14,13,weather_driven,historically_calibrated,0.54744,0.093065,6.2697,7.0546,0.6817,0.1032
6158,9,14,14,weather_driven,historically_calibrated,0.559478,0.095111,6.3665,7.1127,0.6571,0.0892
6159,9,14,15,weather_driven,historically_calibrated,0.592336,0.100697,6.625,7.3049,0.5767,0.1032
6160,9,14,16,weather_driven,historically_calibrated,0.651377,0.110734,7.0698,7.5916,0.3862,0.1356
6161,9,14,17,weather_driven,historically_calibrated,0.70598,0.120017,7.4606,7.9017,0.267,0.1741
6162,9,14,18,weather_driven,historically_calibrated,0.774278,0.131627,7.9244,8.1434,0.1426,0.0764
6163,9,14,19,weather_driven,historically_calibrated,0.807585,0.137289,8.1414,8.235,0.0389,0.0548
6164,9,14,20,weather_driven,historically_calibrated,0.791915,0.134626,8.04,8.1433,0.0,0.1032
6165,9,14,21,weather_driven,historically_calibrated,0.737987,0.125458,7.6813,7.9006,0.0,0.2194
6166,9,14,22,weather_driven,historically_calibrated,0.732706,0.12456,7.6453,7.8646,0.0,0.2194
6167,9,14,23,weather_driven,historically_calibrated,0.733922,0.124767,7.6536,7.8729,0.0,0.2194
6168,9,14,24,weather_driven,historically_calibrated,0.567805,0.096527,6.4328,6.6069,0.0,0.1741
6169,9,15,1,weather_driven,historically_calibrated,0.519531,0.08832,6.0408,6.1764,0.0,0.1356
6170,9,15,2,weather_driven,historically_calibrated,0.560753,0.095328,6.3767,6.4799,0.0,0.1032
6171,9,15,3,weather_driven,historically_calibrated,0.5915,0.100555,6.6185,6.7217,0.0,0.1032
6172,9,15,4,weather_driven,historically_calibrated,0.627898,0.106743,6.8958,6.9608,0.0,0.065
6173,9,15,5,weather_driven,historically_calibrated,0.67133,0.114126,7.2148,7.2695,0.0,0.0548
6174,9,15,6,weather_driven,historically_calibrated,0.726224,0.123458,7.6009,7.6773,0.0,0.0764
6175,9,15,7,weather_driven,historically_calibrated,1.001403,0.170239,9.3007,9.4067,0.0168,0.0892
6176,9,15,8,weather_driven,historically_calibrated,0.949253,0.161373,9.0046,9.1539,0.1037,0.0457
6177,9,15,9,weather_driven,historically_calibrated,0.802117,0.13636,8.1062,8.3861,0.2424,0.0376
6178,9,15,10,weather_driven,historically_calibrated,0.665018,0.113053,7.1692,7.6477,0.4238,0.0548
6179,9,15,11,weather_driven,historically_calibrated,0.533634,0.090718,6.1572,6.8247,0.591,0.0764
6180,9,15,12,weather_driven,historically_calibrated,0.487989,0.082958,5.774,6.5641,0.6869,0.1032
6181,9,15,13,weather_driven,historically_calibrated,0.474071,0.080592,5.6535,6.4902,0.7011,0.1356
6182,9,15,14,weather_driven,historically_calibrated,0.485768,0.082581,5.7549,6.5437,0.6532,0.1356
6183,9,15,15,weather_driven,historically_calibrated,0.526745,0.089547,6.1005,6.7205,0.4458,0.1741
6184,9,15,16,weather_driven,historically_calibrated,0.564894,0.096032,6.4097,6.9843,0.4005,0.1741
6185,9,15,17,weather_driven,historically_calibrated,0.622899,0.105893,6.8583,7.2696,0.2372,0.1741
6186,9,15,18,weather_driven,historically_calibrated,0.677881,0.11524,7.2618,7.492,0.1115,0.1187
6187,9,15,19,weather_driven,historically_calibrated,0.701102,0.119187,7.4264,7.5762,0.0311,0.1187
6188,9,15,20,weather_driven,historically_calibrated,0.682649,0.11605,7.2959,7.4918,0.0,0.1959
6189,9,15,21,weather_driven,historically_calibrated,0.66704,0.113397,7.1838,7.4285,0.0,0.2447
6190,9,15,22,weather_driven,historically_calibrated,0.66508,0.113064,7.1696,7.389,0.0,0.2194
6191,9,15,23,weather_driven,historically_calibrated,0.660745,0.112327,7.1382,7.2923,0.0,0.1541
6192,9,15,24,weather_driven,historically_calibrated,0.493992,0.083979,5.8255,5.9996,0.0,0.1741
6193,9,16,1,weather_driven,historically_calibrated,0.478902,0.081413,5.6955,5.9149,0.0,0.2194
6194,9,16,2,weather_driven,historically_calibrated,0.508397,0.086427,5.9476,6.1435,0.0,0.1959
6195,9,16,3,weather_driven,historically_calibrated,0.54259,0.09224,6.2304,6.3844,0.0,0.1541
6196,9,16,4,weather_driven,historically_calibrated,0.576614,0.098024,6.5023,6.621,0.0,0.1187
6197,9,16,5,weather_driven,historically_calibrated,0.623001,0.10591,6.859,6.924,0.0,0.065
6198,9,16,6,weather_driven,historically_calibrated,0.682848,0.116084,7.2973,7.3218,0.0,0.0245
6199,9,16,7,weather_driven,historically_calibrated,0.963043,0.163717,9.084,9.1117,0.013,0.0148
6200,9,16,8,weather_driven,historically_calibrated,0.896902,0.152473,8.6962,8.8006,0.0933,0.0111
6201,9,16,9,weather_driven,historically_calibrated,0.770074,0.130913,7.8966,8.131,0.232,0.0024
6202,9,16,10,weather_driven,historically_calibrated,0.604363,0.102742,6.7176,7.1425,0.4225,0.0024
6203,9,16,11,weather_driven,historically_calibrated,0.527649,0.0897,6.108,6.726,0.6156,0.0024
6204,9,16,12,weather_driven,historically_calibrated,0.491348,0.083529,5.8028,6.5641,0.7556,0.0057
6205,9,16,13,weather_driven,historically_calibrated,0.475822,0.08089,5.6688,6.4902,0.8022,0.0193
6206,9,16,14,weather_driven,historically_calibrated,0.48598,0.082617,5.7567,6.5437,0.7413,0.0457
6207,9,16,15,weather_driven,historically_calibrated,0.520704,0.08852,6.0505,6.7205,0.5936,0.0764
6208,9,16,16,weather_driven,historically_calibrated,0.578384,0.098325,6.5162,6.9843,0.4031,0.065
6209,9,16,17,weather_driven,historically_calibrated,0.642949,0.109301,7.0078,7.2696,0.2242,0.0376
6210,9,16,18,weather_driven,historically_calibrated,0.695016,0.118153,7.3836,7.492,0.0972,0.0111
6211,9,16,19,weather_driven,historically_calibrated,0.711178,0.1209,7.4968,7.5762,0.0246,0.0548
6212,9,16,20,weather_driven,historically_calibrated,0.682649,0.11605,7.2959,7.4918,0.0,0.1959
6213,9,16,21,weather_driven,historically_calibrated,0.619218,0.105267,6.8305,7.2686,0.0,0.4381
6214,9,16,22,weather_driven,historically_calibrated,0.571188,0.097102,6.4596,6.9796,0.0,0.52
6215,9,16,23,weather_driven,historically_calibrated,0.57375,0.097537,6.4798,6.7516,0.0,0.2718
6216,9,16,24,weather_driven,historically_calibrated,0.470326,0.079955,5.6208,5.724,0.0,0.1032
6217,9,17,1,weather_driven,historically_calibrated,0.548328,0.093216,6.2769,6.3075,0.0,0.0306
6218,9,17,2,weather_driven,historically_calibrated,0.587225,0.099828,6.5853,6.5964,0.0,0.0111
6219,9,17,3,weather_driven,historically_calibrated,0.61601,0.104722,6.8063,6.8174,0.0,0.0111
6220,9,17,4,weather_driven,historically_calibrated,0.647734,0.110115,7.043,7.0736,0.0,0.0306
6221,9,17,5,weather_driven,historically_calibrated,0.68385,0.116254,7.3045,7.3592,0.0,0.0548
6222,9,17,6,weather_driven,historically_calibrated,0.72789,0.123741,7.6123,7.6579,0.0,0.0457
6223,9,17,7,weather_driven,historically_calibrated,1.007325,0.171245,9.3336,9.3698,0.0117,0.0245
6224,9,17,8,weather_driven,historically_calibrated,0.915484,0.155632,8.807,8.9076,0.0894,0.0111
6225,9,17,9,weather_driven,historically_calibrated,0.783933,0.133269,7.9879,8.228,0.232,0.0081
6226,9,17,10,weather_driven,historically_calibrated,0.648905,0.110314,7.0516,7.489,0.4225,0.0148
6227,9,17,11,weather_driven,historically_calibrated,0.599837,0.101972,6.6829,7.3109,0.6169,0.0111
6228,9,17,12,weather_driven,historically_calibrated,0.560751,0.095328,6.3767,7.1349,0.7569,0.0014
6229,9,17,13,weather_driven,historically_calibrated,0.545214,0.092686,6.2517,7.0546,0.8022,0.0007
6230,9,17,14,weather_driven,historically_calibrated,0.585023,0.099454,6.5682,7.3119,0.7413,0.0024
6231,9,17,15,weather_driven,historically_calibrated,0.648835,0.110302,7.0511,7.6458,0.5923,0.0024
6232,9,17,16,weather_driven,historically_calibrated,0.723151,0.122936,7.5797,7.9813,0.3992,0.0024
6233,9,17,17,weather_driven,historically_calibrated,0.771134,0.131093,7.9036,8.123,0.219,0.0003
6234,9,17,18,weather_driven,historically_calibrated,0.793466,0.134889,8.0501,8.1434,0.0933,0.0
6235,9,17,19,weather_driven,historically_calibrated,0.818774,0.139192,8.213,8.235,0.022,0.0
6236,9,17,20,weather_driven,historically_calibrated,0.807873,0.137338,8.1432,8.1433,0.0,0.0
6237,9,17,21,weather_driven,historically_calibrated,0.770468,0.13098,7.8992,7.9006,0.0,0.0014
6238,9,17,22,weather_driven,historically_calibrated,0.724027,0.123085,7.5858,7.5865,0.0,0.0007
6239,9,17,23,weather_driven,historically_calibrated,0.681157,0.115797,7.2853,7.2853,0.0,0.0
6240,9,17,24,weather_driven,historically_calibrated,0.510456,0.086778,5.9649,5.9649,0.0,0.0
6241,9,18,1,weather_driven,historically_calibrated,0.522313,0.088793,6.0639,6.0639,0.0,0.0
6242,9,18,2,weather_driven,historically_calibrated,0.557753,0.094818,6.3527,6.3527,0.0,0.0
6243,9,18,3,weather_driven,historically_calibrated,0.585645,0.09956,6.573,6.573,0.0,0.0
6244,9,18,4,weather_driven,historically_calibrated,0.602625,0.102446,6.7043,6.7043,0.0,0.0
6245,9,18,5,weather_driven,historically_calibrated,0.634076,0.107793,6.9419,6.9419,0.0,0.0
6246,9,18,6,weather_driven,historically_calibrated,0.685256,0.116493,7.3145,7.3145,0.0,0.0
6247,9,18,7,weather_driven,historically_calibrated,0.936742,0.159246,8.932,8.9423,0.0104,0.0
6248,9,18,8,weather_driven,historically_calibrated,0.836995,0.142289,8.3283,8.4138,0.0855,0.0
6249,9,18,9,weather_driven,historically_calibrated,0.688429,0.117033,7.337,7.5625,0.2255,0.0
6250,9,18,10,weather_driven,historically_calibrated,0.651987,0.110838,7.0743,7.489,0.4147,0.0
6251,9,18,11,weather_driven,historically_calibrated,0.602807,0.102477,6.7057,7.3109,0.6052,0.0
6252,9,18,12,weather_driven,historically_calibrated,0.562714,0.095661,6.3923,7.1349,0.7426,0.0
6253,9,18,13,weather_driven,historically_calibrated,0.584353,0.09934,6.5629,7.3509,0.788,0.0
6254,9,18,14,weather_driven,historically_calibrated,0.639795,0.108765,6.9844,7.7102,0.7258,0.0
6255,9,18,15,weather_driven,historically_calibrated,0.718127,0.122082,7.545,8.1231,0.578,0.0
6256,9,18,16,weather_driven,historically_calibrated,0.794117,0.135,8.0544,8.4419,0.3875,0.0
6257,9,18,17,weather_driven,historically_calibrated,0.84196,0.143133,8.3594,8.5655,0.2061,0.0
6258,9,18,18,weather_driven,historically_calibrated,0.841741,0.143096,8.358,8.4475,0.0894,0.0
6259,9,18,19,weather_driven,historically_calibrated,0.819181,0.139261,8.2156,8.235,0.0194,0.0
6260,9,18,20,weather_driven,historically_calibrated,0.807875,0.137339,8.1433,8.1433,0.0,0.0
6261,9,18,21,weather_driven,historically_calibrated,0.770679,0.131015,7.9006,7.9006,0.0,0.0
6262,9,18,22,weather_driven,historically_calibrated,0.724131,0.123102,7.5865,7.5865,0.0,0.0
6263,9,18,23,weather_driven,historically_calibrated,0.681158,0.115797,7.2853,7.2853,0.0,0.0
6264,9,18,24,weather_driven,historically_calibrated,0.495285,0.084198,5.8365,5.8365,0.0,0.0
6265,9,19,1,weather_driven,historically_calibrated,0.479242,0.081471,5.6985,5.6985,0.0,0.0
6266,9,19,2,weather_driven,historically_calibrated,0.508256,0.086403,5.9464,5.9464,0.0,0.0
6267,9,19,3,weather_driven,historically_calibrated,0.524766,0.08921,6.0842,6.0842,0.0,0.0
6268,9,19,4,weather_driven,historically_calibrated,0.550435,0.093574,6.2939,6.2939,0.0,0.0
6269,9,19,5,weather_driven,historically_calibrated,0.579461,0.098508,6.5247,6.5247,0.0,0.0
6270,9,19,6,weather_driven,historically_calibrated,0.626474,0.106501,6.8851,6.8851,0.0,0.0
6271,9,19,7,weather_driven,historically_calibrated,0.856692,0.145638,8.4511,8.4615,0.0104,0.0
6272,9,19,8,weather_driven,historically_calibrated,0.744788,0.126614,7.7274,7.8103,0.0829,0.0
6273,9,19,9,weather_driven,historically_calibrated,0.68916,0.117157,7.3422,7.5625,0.2203,0.0
6274,9,19,10,weather_driven,historically_calibrated,0.653225,0.111048,7.0833,7.489,0.4056,0.0
6275,9,19,11,weather_driven,historically_calibrated,0.604161,0.102707,6.716,7.3109,0.5949,0.0
6276,9,19,12,weather_driven,historically_calibrated,0.564341,0.095938,6.4053,7.1349,0.7296,0.0
6277,9,19,13,weather_driven,historically_calibrated,0.573743,0.097536,6.4797,7.2521,0.7724,0.0
6278,9,19,14,weather_driven,historically_calibrated,0.611261,0.103914,6.7702,7.4778,0.7076,0.0
6279,9,19,15,weather_driven,historically_calibrated,0.67052,0.113988,7.2089,7.7481,0.5391,0.0
6280,9,19,16,weather_driven,historically_calibrated,0.737832,0.125431,7.6802,8.0522,0.372,0.0
6281,9,19,17,weather_driven,historically_calibrated,0.795465,0.135229,8.0631,8.2705,0.2074,0.0
6282,9,19,18,weather_driven,historically_calibrated,0.792868,0.134788,8.0462,8.1434,0.0972,0.0
6283,9,19,19,weather_driven,historically_calibrated,0.818865,0.139207,8.2136,8.235,0.0207,0.0007
6284,9,19,20,weather_driven,historically_calibrated,0.8075,0.137275,8.1408,8.1433,0.0,0.0024
6285,9,19,21,weather_driven,historically_calibrated,0.766986,0.130388,7.8761,7.9006,0.0,0.0245
6286,9,19,22,weather_driven,historically_calibrated,0.720578,0.122498,7.562,7.5865,0.0,0.0245
6287,9,19,23,weather_driven,historically_calibrated,0.674783,0.114713,7.2396,7.2853,0.0,0.0457
6288,9,19,24,weather_driven,historically_calibrated,0.515567,0.087646,6.0077,6.0077,0.0,0.0
6289,9,20,1,weather_driven,historically_calibrated,0.527219,0.089627,6.1045,6.1045,0.0,0.0
6290,9,20,2,weather_driven,historically_calibrated,0.557751,0.094818,6.3527,6.3527,0.0,0.0
6291,9,20,3,weather_driven,historically_calibrated,0.590793,0.100435,6.613,6.6137,0.0,0.0007
6292,9,20,4,weather_driven,historically_calibrated,0.624209,0.106116,6.8681,6.8684,0.0,0.0003
6293,9,20,5,weather_driven,historically_calibrated,0.662259,0.112584,7.1492,7.1506,0.0,0.0014
6294,9,20,6,weather_driven,historically_calibrated,0.715726,0.121673,7.5284,7.5291,0.0,0.0007
6295,9,20,7,weather_driven,historically_calibrated,1.001562,0.170266,9.3016,9.3163,0.0091,0.0057
6296,9,20,8,weather_driven,historically_calibrated,0.98352,0.167198,9.2004,9.2916,0.0855,0.0057
6297,9,20,9,weather_driven,historically_calibrated,0.905892,0.154002,8.75,8.949,0.1983,0.0007
6298,9,20,10,weather_driven,historically_calibrated,0.74314,0.126334,7.7162,8.0382,0.3162,0.0057
6299,9,20,11,weather_driven,historically_calibrated,0.613142,0.104234,6.7845,7.3109,0.4614,0.065
6300,9,20,12,weather_driven,historically_calibrated,0.570225,0.096938,6.4519,7.1349,0.6065,0.0764
6301,9,20,13,weather_driven,historically_calibrated,0.546799,0.092956,6.2645,7.0546,0.6869,0.1032
6302,9,20,14,weather_driven,historically_calibrated,0.579324,0.098485,6.5236,7.1127,0.4704,0.1187
6303,9,20,15,weather_driven,historically_calibrated,0.603622,0.102616,6.7119,7.3049,0.4743,0.1187
6304,9,20,16,weather_driven,historically_calibrated,0.64001,0.108802,6.986,7.5916,0.3862,0.2194
6305,9,20,17,weather_driven,historically_calibrated,0.721019,0.122573,7.565,7.9017,0.2475,0.0892
6306,9,20,18,weather_driven,historically_calibrated,0.783097,0.133127,7.9824,8.1434,0.1153,0.0457
6307,9,20,19,weather_driven,historically_calibrated,0.805863,0.136997,8.1303,8.235,0.0156,0.0892
6308,9,20,20,weather_driven,historically_calibrated,0.766275,0.130267,7.8714,8.1433,0.0,0.2718
6309,9,20,21,weather_driven,historically_calibrated,0.726056,0.12343,7.5997,7.9006,0.0,0.3009
6310,9,20,22,weather_driven,historically_calibrated,0.672229,0.114279,7.2213,7.5865,0.0,0.3652
6311,9,20,23,weather_driven,historically_calibrated,0.631141,0.107294,6.9201,7.2853,0.0,0.3652
6312,9,20,24,weather_driven,historically_calibrated,0.499683,0.084946,5.8739,6.0933,0.0,0.2194
6313,9,21,1,weather_driven,historically_calibrated,0.521704,0.08869,6.0588,6.1045,0.0,0.0457
6314,9,21,2,weather_driven,historically_calibrated,0.541671,0.092084,6.2229,6.3121,0.0,0.0892
6315,9,21,3,weather_driven,historically_calibrated,0.570716,0.097022,6.4558,6.5323,0.0,0.0764
6316,9,21,4,weather_driven,historically_calibrated,0.610231,0.103739,6.7624,6.8274,0.0,0.065
6317,9,21,5,weather_driven,historically_calibrated,0.642661,0.109252,7.0056,7.1089,0.0,0.1032
6318,9,21,6,weather_driven,historically_calibrated,0.686581,0.116719,7.3239,7.4003,0.0,0.0764
6319,9,21,7,weather_driven,historically_calibrated,0.932708,0.15856,8.9084,9.0492,0.0052,0.1356
6320,9,21,8,weather_driven,historically_calibrated,0.913805,0.155347,8.7971,9.0722,0.0557,0.2194
6321,9,21,9,weather_driven,historically_calibrated,0.876746,0.149047,8.5742,8.8381,0.1452,0.1187
6322,9,21,10,weather_driven,historically_calibrated,0.775904,0.131904,7.9352,8.2578,0.2462,0.0764
6323,9,21,11,weather_driven,historically_calibrated,0.632494,0.107524,6.9301,7.3645,0.3694,0.065
6324,9,21,12,weather_driven,historically_calibrated,0.57069,0.097017,6.4556,7.1349,0.4834,0.1959
6325,9,21,13,weather_driven,historically_calibrated,0.578758,0.098389,6.5192,7.0546,0.4704,0.065
6326,9,21,14,weather_driven,historically_calibrated,0.612804,0.104177,6.7819,7.1127,0.2851,0.0457
6327,9,21,15,weather_driven,historically_calibrated,0.636314,0.108173,6.9586,7.3049,0.3007,0.0457
6328,9,21,16,weather_driven,historically_calibrated,0.684998,0.11645,7.3126,7.5916,0.2242,0.0548
6329,9,21,17,weather_driven,historically_calibrated,0.744531,0.12657,7.7256,7.9017,0.1568,0.0193
6330,9,21,18,weather_driven,historically_calibrated,0.783015,0.133112,7.9819,8.1434,0.0583,0.1032
6331,9,21,19,weather_driven,historically_calibrated,0.80249,0.136423,8.1086,8.235,0.0078,0.1187
6332,9,21,20,weather_driven,historically_calibrated,0.803125,0.136531,8.1127,8.1433,0.0,0.0306
6333,9,21,21,weather_driven,historically_calibrated,0.770315,0.130954,7.8982,7.9006,0.0,0.0024
6334,9,21,22,weather_driven,historically_calibrated,0.724131,0.123102,7.5865,7.5865,0.0,0.0
6335,9,21,23,weather_driven,historically_calibrated,0.688665,0.117073,7.3387,7.3387,0.0,0.0
6336,9,21,24,weather_driven,historically_calibrated,0.495285,0.084198,5.8365,5.8365,0.0,0.0
6337,9,22,1,weather_driven,historically_calibrated,0.416015,0.070723,5.1306,5.1306,0.0,0.0
6338,9,22,2,weather_driven,historically_calibrated,0.424493,0.072164,5.209,5.2091,0.0,0.0
6339,9,22,3,weather_driven,historically_calibrated,0.434163,0.073808,5.2977,5.2977,0.0,0.0
6340,9,22,4,weather_driven,historically_calibrated,0.442696,0.075258,5.3751,5.3751,0.0,0.0
6341,9,22,5,weather_driven,historically_calibrated,0.452741,0.076966,5.4652,5.4652,0.0,0.0
6342,9,22,6,weather_driven,historically_calibrated,0.475141,0.080774,5.6628,5.6628,0.0,0.0
6343,9,22,7,weather_driven,historically_calibrated,0.628249,0.106802,6.8984,6.8997,0.0013,0.0
6344,9,22,8,weather_driven,historically_calibrated,0.637589,0.10839,6.9681,6.9836,0.0156,0.0
6345,9,22,9,weather_driven,historically_calibrated,0.629045,0.106938,6.9044,6.9575,0.0531,0.0
6346,9,22,10,weather_driven,historically_calibrated,0.610463,0.103779,6.7641,6.8899,0.1257,0.0
6347,9,22,11,weather_driven,historically_calibrated,0.58645,0.099697,6.5793,6.726,0.1464,0.0003
6348,9,22,12,weather_driven,historically_calibrated,0.516416,0.087791,6.0148,6.5641,0.5469,0.0024
6349,9,22,13,weather_driven,historically_calibrated,0.510595,0.086801,5.9661,6.4902,0.5093,0.0148
6350,9,22,14,weather_driven,historically_calibrated,0.516604,0.087823,6.0164,6.5437,0.5028,0.0245
6351,9,22,15,weather_driven,historically_calibrated,0.548398,0.093228,6.2774,6.7205,0.289,0.1541
6352,9,22,16,weather_driven,historically_calibrated,0.585773,0.099581,6.574,6.9843,0.2916,0.1187
6353,9,22,17,weather_driven,historically_calibrated,0.640011,0.108802,6.986,7.2696,0.1944,0.0892
6354,9,22,18,weather_driven,historically_calibrated,0.695963,0.118314,7.3903,7.492,0.0868,0.0148
6355,9,22,19,weather_driven,historically_calibrated,0.719774,0.122362,7.5564,7.5762,0.0117,0.0081
6356,9,22,20,weather_driven,historically_calibrated,0.710252,0.120743,7.4904,7.4918,0.0,0.0014
6357,9,22,21,weather_driven,historically_calibrated,0.678824,0.1154,7.2686,7.2686,0.0,0.0
6358,9,22,22,weather_driven,historically_calibrated,0.639138,0.108653,6.9796,6.9796,0.0,0.0
6359,9,22,23,weather_driven,historically_calibrated,0.602388,0.102406,6.7024,6.7024,0.0,0.0
6360,9,22,24,weather_driven,historically_calibrated,0.44209,0.075155,5.3696,5.3696,0.0,0.0
6361,9,23,1,weather_driven,historically_calibrated,0.412008,0.070041,5.0932,5.0932,0.0,0.0
6362,9,23,2,weather_driven,historically_calibrated,0.432567,0.073536,5.2831,5.2838,0.0,0.0007
6363,9,23,3,weather_driven,historically_calibrated,0.441962,0.075134,5.3684,5.5225,0.0,0.1541
6364,9,23,4,weather_driven,historically_calibrated,0.463044,0.078718,5.5567,5.7526,0.0,0.1959
6365,9,23,5,weather_driven,historically_calibrated,0.476556,0.081014,5.6751,5.8107,0.0,0.1356
6366,9,23,6,weather_driven,historically_calibrated,0.50379,0.085644,5.9087,5.9393,0.0,0.0306
6367,9,23,7,weather_driven,historically_calibrated,0.668347,0.113619,7.1933,7.1947,0.0,0.0014
6368,9,23,8,weather_driven,historically_calibrated,0.680054,0.115609,7.2774,7.2865,0.0091,0.0
6369,9,23,9,weather_driven,historically_calibrated,0.667798,0.113526,7.1893,7.2126,0.0233,0.0
6370,9,23,10,weather_driven,historically_calibrated,0.678582,0.115359,7.2668,7.2941,0.0272,0.0
6371,9,23,11,weather_driven,historically_calibrated,0.662797,0.112676,7.1531,7.1699,0.0168,0.0
6372,9,23,12,weather_driven,historically_calibrated,0.597194,0.101523,6.6625,6.8048,0.0531,0.0892
6373,9,23,13,weather_driven,historically_calibrated,0.540193,0.091833,6.2109,6.4902,0.1607,0.1187
6374,9,23,14,weather_driven,historically_calibrated,0.527776,0.089722,6.1091,6.5437,0.2605,0.1741
6375,9,23,15,weather_driven,historically_calibrated,0.555171,0.094379,6.332,6.7205,0.2994,0.0892
6376,9,23,16,weather_driven,historically_calibrated,0.600364,0.102062,6.6869,6.9843,0.2825,0.0148
6377,9,23,17,weather_driven,historically_calibrated,0.650911,0.110655,7.0664,7.2696,0.114,0.0892
6378,9,23,18,weather_driven,historically_calibrated,0.695935,0.118309,7.3901,7.492,0.0713,0.0306
6379,9,23,19,weather_driven,historically_calibrated,0.718163,0.122088,7.5453,7.5762,0.0117,0.0193
6380,9,23,20,weather_driven,historically_calibrated,0.708852,0.120505,7.4806,7.4918,0.0,0.0111
6381,9,23,21,weather_driven,historically_calibrated,0.67829,0.115309,7.2648,7.2686,0.0,0.0038
6382,9,23,22,weather_driven,historically_calibrated,0.659929,0.112188,7.1323,7.2355,0.0,0.1032
6383,9,23,23,weather_driven,historically_calibrated,0.681353,0.11583,7.2867,7.3414,0.0,0.0548
6384,9,23,24,weather_driven,historically_calibrated,0.525125,0.089271,6.0872,6.1177,0.0,0.0306
6385,9,24,1,weather_driven,historically_calibrated,0.596609,0.101424,6.658,6.6728,0.0,0.0148
6386,9,24,2,weather_driven,historically_calibrated,0.631144,0.107295,6.9201,6.9215,0.0,0.0014
6387,9,24,3,weather_driven,historically_calibrated,0.672713,0.114361,7.2247,7.2247,0.0,0.0
6388,9,24,4,weather_driven,historically_calibrated,0.715238,0.12159,7.525,7.525,0.0,0.0
6389,9,24,5,weather_driven,historically_calibrated,0.770836,0.131042,7.9017,7.9017,0.0,0.0
6390,9,24,6,weather_driven,historically_calibrated,0.832813,0.141578,8.302,8.302,0.0,0.0
6391,9,24,7,weather_driven,historically_calibrated,1.186627,0.201727,10.2729,10.2781,0.0052,0.0
6392,9,24,8,weather_driven,historically_calibrated,1.119193,0.190263,9.9322,10.0048,0.0726,0.0
6393,9,24,9,weather_driven,historically_calibrated,0.961824,0.16351,9.077,9.2817,0.2048,0.0
6394,9,24,10,weather_driven,historically_calibrated,0.799418,0.135901,8.0887,8.4775,0.3888,0.0
6395,9,24,11,weather_driven,historically_calibrated,0.606702,0.103139,6.7355,7.3109,0.5754,0.0
6396,9,24,12,weather_driven,historically_calibrated,0.566788,0.096354,6.4247,7.1349,0.7102,0.0
6397,9,24,13,weather_driven,historically_calibrated,0.555263,0.094395,6.3327,7.0546,0.7219,0.0
6398,9,24,14,weather_driven,historically_calibrated,0.56754,0.096482,6.4307,7.1127,0.6739,0.0081
6399,9,24,15,weather_driven,historically_calibrated,0.612335,0.104097,6.7784,7.3049,0.5184,0.0081
6400,9,24,16,weather_driven,historically_calibrated,0.674013,0.114582,7.2341,7.5916,0.3383,0.0193
6401,9,24,17,weather_driven,historically_calibrated,0.733256,0.124654,7.649,7.9017,0.1763,0.0764
6402,9,24,18,weather_driven,historically_calibrated,0.784925,0.133437,7.9944,8.1434,0.0726,0.0764
6403,9,24,19,weather_driven,historically_calibrated,0.820227,0.139439,8.2223,8.235,0.0104,0.0024
6404,9,24,20,weather_driven,historically_calibrated,0.80728,0.137238,8.1394,8.1433,0.0,0.0038
6405,9,24,21,weather_driven,historically_calibrated,0.766986,0.130388,7.8761,7.9006,0.0,0.0245
6406,9,24,22,weather_driven,historically_calibrated,0.7162,0.121754,7.5317,7.5865,0.0,0.0548
6407,9,24,23,weather_driven,historically_calibrated,0.70171,0.119291,7.4307,7.4455,0.0,0.0148
6408,9,24,24,weather_driven,historically_calibrated,0.498049,0.084668,5.86,5.8793,0.0,0.0193
6409,9,25,1,weather_driven,historically_calibrated,0.464875,0.079029,5.5729,5.5767,0.0,0.0038
6410,9,25,2,weather_driven,historically_calibrated,0.461167,0.078398,5.5401,5.5401,0.0,0.0
6411,9,25,3,weather_driven,historically_calibrated,0.46281,0.078678,5.5546,5.5546,0.0,0.0
6412,9,25,4,weather_driven,historically_calibrated,0.481648,0.08188,5.7193,5.7193,0.0,0.0
6413,9,25,5,weather_driven,historically_calibrated,0.517512,0.087977,6.0239,6.0239,0.0,0.0
6414,9,25,6,weather_driven,historically_calibrated,0.53339,0.090676,6.1552,6.1552,0.0,0.0
6415,9,25,7,weather_driven,historically_calibrated,0.73466,0.124892,7.6586,7.66,0.0,0.0014
6416,9,25,8,weather_driven,historically_calibrated,0.722571,0.122837,7.5757,7.6457,0.0324,0.0376
6417,9,25,9,weather_driven,historically_calibrated,0.672146,0.114265,7.2207,7.5625,0.0972,0.2447
6418,9,25,10,weather_driven,historically_calibrated,0.545557,0.092745,6.2544,7.489,0.2851,0.9494
6419,9,25,11,weather_driven,historically_calibrated,0.372741,0.063366,4.7177,7.3109,0.4186,2.1746
6420,9,25,12,weather_driven,historically_calibrated,0.312869,0.053188,4.1096,7.1349,0.2385,2.7869
6421,9,25,13,weather_driven,historically_calibrated,0.226233,0.03846,3.1405,7.0546,0.2527,3.6614
6422,9,25,14,weather_driven,historically_calibrated,0.165532,0.02814,2.3856,7.1127,0.3914,4.3358
6423,9,25,15,weather_driven,historically_calibrated,0.314239,0.053421,4.124,7.3049,0.2592,2.9217
6424,9,25,16,weather_driven,historically_calibrated,0.637696,0.108408,6.9689,8.1483,0.0946,1.0848
6425,9,25,17,weather_driven,historically_calibrated,0.576289,0.097969,6.4998,7.9017,0.0907,1.3112
6426,9,25,18,weather_driven,historically_calibrated,0.735819,0.125089,7.6665,8.1434,0.0389,0.4381
6427,9,25,19,weather_driven,historically_calibrated,0.450897,0.076652,5.4488,8.9597,0.0065,3.5045
6428,9,25,20,weather_driven,historically_calibrated,0.607947,0.103351,6.745,8.9196,0.0,2.1746
6429,9,25,21,weather_driven,historically_calibrated,0.693991,0.117978,7.3764,8.9435,0.0,1.5671
6430,9,25,22,weather_driven,historically_calibrated,0.711513,0.120957,7.4992,8.8104,0.0,1.3112
6431,9,25,23,weather_driven,historically_calibrated,0.714103,0.121398,7.5172,8.6743,0.0,1.1571
6432,9,25,24,weather_driven,historically_calibrated,0.510275,0.086747,5.9634,7.1205,0.0,1.1571
6433,9,26,1,weather_driven,historically_calibrated,0.533004,0.090611,6.1521,7.0382,0.0,0.8861
6434,9,26,2,weather_driven,historically_calibrated,0.522854,0.088885,6.0684,7.084,0.0,1.0156
6435,9,26,3,weather_driven,historically_calibrated,0.525096,0.089266,6.0869,7.1025,0.0,1.0156
6436,9,26,4,weather_driven,historically_calibrated,0.5343,0.090831,6.1627,7.3199,0.0,1.1571
6437,9,26,5,weather_driven,historically_calibrated,0.550392,0.093567,6.2935,7.5261,0.0,1.2326
6438,9,26,6,weather_driven,historically_calibrated,0.5874,0.099858,6.5867,7.7438,0.0,1.1571
6439,9,26,7,weather_driven,historically_calibrated,0.848534,0.144251,8.4004,9.6369,0.0039,1.2326
6440,9,26,8,weather_driven,historically_calibrated,0.83438,0.141845,8.3118,9.7854,0.0804,1.3932
6441,9,26,9,weather_driven,historically_calibrated,0.717998,0.12206,7.5442,9.6699,0.1685,1.9573
6442,9,26,10,weather_driven,historically_calibrated,0.498261,0.084704,5.8619,9.0816,0.2981,2.9217
6443,9,26,11,weather_driven,historically_calibrated,0.314271,0.053426,4.1244,8.3295,0.3823,3.8229
6444,9,26,12,weather_driven,historically_calibrated,0.15521,0.026386,2.2499,7.8151,0.4769,5.0882
6445,9,26,13,weather_driven,historically_calibrated,0.217687,0.037007,3.0384,8.2445,0.5041,4.702
6446,9,26,14,weather_driven,historically_calibrated,0.129299,0.021981,1.8992,7.1649,0.5638,4.702
6447,9,26,15,weather_driven,historically_calibrated,0.148563,0.025256,2.1614,7.5192,0.2696,5.0882
6448,9,26,16,weather_driven,historically_calibrated,0.113965,0.019374,1.6842,7.6473,0.2566,5.7064
6449,9,26,17,weather_driven,historically_calibrated,0.121461,0.020648,1.79,8.1335,0.1983,6.1452
6450,9,26,18,weather_driven,historically_calibrated,0.193724,0.032933,2.7449,8.7406,0.0726,5.9231
6451,9,26,19,weather_driven,historically_calibrated,0.431687,0.073387,5.2751,9.4428,0.0078,4.16
6452,9,26,20,weather_driven,historically_calibrated,0.375396,0.063817,4.7436,9.6362,0.0,4.8926
6453,9,26,21,weather_driven,historically_calibrated,0.47942,0.081501,5.7,9.5229,0.0,3.8229
6454,9,26,22,weather_driven,historically_calibrated,0.412255,0.070083,5.0955,9.2555,0.0,4.16
6455,9,26,23,weather_driven,historically_calibrated,0.460689,0.078317,5.5359,8.888,0.0,3.3521
6456,9,26,24,weather_driven,historically_calibrated,0.381885,0.06492,4.8067,7.4629,0.0,2.6563
6457,9,27,1,weather_driven,historically_calibrated,0.413027,0.070215,5.1027,6.957,0.0,1.8543
6458,9,27,2,weather_driven,historically_calibrated,0.415598,0.070652,5.1267,7.084,0.0,1.9573
6459,9,27,3,weather_driven,historically_calibrated,0.540356,0.091861,6.2122,6.9803,0.0,0.7682
6460,9,27,4,weather_driven,historically_calibrated,0.540134,0.091823,6.2104,7.443,0.0,1.2326
6461,9,27,5,weather_driven,historically_calibrated,0.706411,0.12009,7.4636,7.9017,0.0,0.4381
6462,9,27,6,weather_driven,historically_calibrated,0.765615,0.130155,7.867,8.3449,0.0,0.4779
6463,9,27,7,weather_driven,historically_calibrated,1.118199,0.190094,9.9271,10.3315,0.0039,0.4005
6464,9,27,8,weather_driven,historically_calibrated,1.093974,0.185976,9.8011,10.1694,0.0674,0.3009
6465,9,27,9,weather_driven,historically_calibrated,0.966652,0.164331,9.1046,9.8363,0.1672,0.5645
6466,9,27,10,weather_driven,historically_calibrated,0.855925,0.145507,8.4463,9.0816,0.3033,0.332
6467,9,27,11,weather_driven,historically_calibrated,0.718961,0.122223,7.5508,8.5976,0.2786,0.7682
6468,9,27,12,weather_driven,historically_calibrated,0.64459,0.10958,7.0199,8.443,0.1905,1.2326
6469,9,27,13,weather_driven,historically_calibrated,0.646116,0.10984,7.0311,8.917,0.1309,1.755
6470,9,27,14,weather_driven,historically_calibrated,0.773479,0.131491,7.9192,8.8862,0.1413,0.8257
6471,9,27,15,weather_driven,historically_calibrated,0.254578,0.043278,3.4704,8.8049,0.0454,5.2891
6472,9,27,16,weather_driven,historically_calibrated,0.131571,0.022367,1.9305,9.0391,0.0194,7.0891
6473,9,27,17,weather_driven,historically_calibrated,0.401617,0.068275,4.9955,9.0027,0.0181,3.9891
6474,9,27,18,weather_driven,historically_calibrated,0.567912,0.096545,6.4336,8.6212,0.013,2.1746
6475,9,27,19,weather_driven,historically_calibrated,0.565093,0.096066,6.4112,8.4766,0.0013,2.0641
6476,9,27,20,weather_driven,historically_calibrated,0.581889,0.098921,6.5437,8.203,0.0,1.6593
6477,9,27,21,weather_driven,historically_calibrated,0.624955,0.106242,6.8737,7.9586,0.0,1.0848
6478,9,27,22,weather_driven,historically_calibrated,0.653613,0.111114,7.0862,7.6977,0.0,0.6116
6479,9,27,23,weather_driven,historically_calibrated,0.635704,0.10807,6.9541,7.3921,0.0,0.4381
6480,9,27,24,weather_driven,historically_calibrated,0.48515,0.082475,5.7496,6.0505,0.0,0.3009
6481,9,28,1,weather_driven,historically_calibrated,0.475389,0.080816,5.665,5.8609,0.0,0.1959
6482,9,28,2,weather_driven,historically_calibrated,0.507317,0.086244,5.9385,6.0277,0.0,0.0892
6483,9,28,3,weather_driven,historically_calibrated,0.535901,0.091103,6.1758,6.2064,0.0,0.0306
6484,9,28,4,weather_driven,historically_calibrated,0.570512,0.096987,6.4542,6.458,0.0,0.0038
6485,9,28,5,weather_driven,historically_calibrated,0.611894,0.104022,6.775,6.775,0.0,0.0
6486,9,28,6,weather_driven,historically_calibrated,0.655478,0.111431,7.0998,7.0998,0.0,0.0
6487,9,28,7,weather_driven,historically_calibrated,0.892977,0.151806,8.6726,8.6752,0.0026,0.0
6488,9,28,8,weather_driven,historically_calibrated,0.815312,0.138603,8.1909,8.2492,0.0583,0.0
6489,9,28,9,weather_driven,historically_calibrated,0.755632,0.128457,7.8004,7.9507,0.1503,0.0
6490,9,28,10,weather_driven,historically_calibrated,0.664329,0.112936,7.1642,7.489,0.3136,0.0111
6491,9,28,11,weather_driven,historically_calibrated,0.603556,0.102605,6.7114,7.3109,0.4808,0.1187
6492,9,28,12,weather_driven,historically_calibrated,0.52707,0.089602,6.1032,7.1349,0.6312,0.4005
6493,9,28,13,weather_driven,historically_calibrated,0.465342,0.079108,5.577,7.0546,0.6519,0.8257
6494,9,28,14,weather_driven,historically_calibrated,0.438961,0.074623,5.3413,7.1127,0.6143,1.1571
6495,9,28,15,weather_driven,historically_calibrated,0.467288,0.079439,5.5941,7.3049,0.4782,1.2326
6496,9,28,16,weather_driven,historically_calibrated,0.520087,0.088415,6.0454,7.5916,0.3136,1.2326
6497,9,28,17,weather_driven,historically_calibrated,0.621417,0.105641,6.8471,7.9017,0.1685,0.8861
6498,9,28,18,weather_driven,historically_calibrated,0.683422,0.116182,7.3014,8.1434,0.0739,0.7682
6499,9,28,19,weather_driven,historically_calibrated,0.697739,0.118616,7.4028,8.235,0.0065,0.8257
6500,9,28,20,weather_driven,historically_calibrated,0.677223,0.115128,7.2571,8.1433,0.0,0.8861
6501,9,28,21,weather_driven,historically_calibrated,0.706262,0.120065,7.4626,7.9006,0.0,0.4381
6502,9,28,22,weather_driven,historically_calibrated,0.656685,0.111636,7.1086,7.5865,0.0,0.4779
6503,9,28,23,weather_driven,historically_calibrated,0.61061,0.103804,6.7653,7.2853,0.0,0.52
6504,9,28,24,weather_driven,historically_calibrated,0.453419,0.077081,5.4713,5.8365,0.0,0.3652
6505,9,29,1,weather_driven,historically_calibrated,0.38885,0.066104,4.8738,5.0932,0.0,0.2194
6506,9,29,2,weather_driven,historically_calibrated,0.391688,0.066587,4.901,5.0969,0.0,0.1959
6507,9,29,3,weather_driven,historically_calibrated,0.397473,0.06757,4.9562,5.1103,0.0,0.1541
6508,9,29,4,weather_driven,historically_calibrated,0.401506,0.068256,4.9944,5.1485,0.0,0.1541
6509,9,29,5,weather_driven,historically_calibrated,0.410687,0.069817,5.0808,5.2349,0.0,0.1541
6510,9,29,6,weather_driven,historically_calibrated,0.429028,0.072935,5.2507,5.3863,0.0,0.1356
6511,9,29,7,weather_driven,historically_calibrated,0.582242,0.098981,6.5464,6.7031,0.0026,0.1541
6512,9,29,8,weather_driven,historically_calibrated,0.605166,0.102878,6.7237,6.8827,0.0557,0.1032
6513,9,29,9,weather_driven,historically_calibrated,0.594633,0.101088,6.6427,6.9575,0.1607,0.1541
6514,9,29,10,weather_driven,historically_calibrated,0.526638,0.089528,6.0997,6.8899,0.3123,0.4779
6515,9,29,11,weather_driven,historically_calibrated,0.452549,0.076933,5.4635,6.726,0.4368,0.8257
6516,9,29,12,weather_driven,historically_calibrated,0.433776,0.073742,5.2941,6.8398,0.5301,1.0156
6517,9,29,13,weather_driven,historically_calibrated,0.405864,0.068997,5.0356,7.1263,0.5236,1.5671
6518,9,29,14,weather_driven,historically_calibrated,0.346605,0.058923,4.4578,7.3071,0.4419,2.4074
6519,9,29,15,weather_driven,historically_calibrated,0.377866,0.064237,4.7677,7.6928,0.3953,2.5298
6520,9,29,16,weather_driven,historically_calibrated,0.503514,0.085597,5.9064,7.9621,0.3007,1.755
6521,9,29,17,weather_driven,historically_calibrated,0.596082,0.101334,6.6539,8.2195,0.1724,1.3932
6522,9,29,18,weather_driven,historically_calibrated,0.645452,0.109727,7.0262,8.2611,0.0778,1.1571
6523,9,29,19,weather_driven,historically_calibrated,0.639456,0.108708,6.9819,7.6469,0.0039,0.6611
6524,9,29,20,weather_driven,historically_calibrated,0.605155,0.102876,6.7236,7.4918,0.0,0.7682
6525,9,29,21,weather_driven,historically_calibrated,0.553576,0.094108,6.3192,7.2686,0.0,0.9494
6526,9,29,22,weather_driven,historically_calibrated,0.51034,0.086758,5.9639,6.9796,0.0,1.0156
6527,9,29,23,weather_driven,historically_calibrated,0.500009,0.085002,5.8767,6.7024,0.0,0.8257
6528,9,29,24,weather_driven,historically_calibrated,0.315473,0.05363,4.137,5.3696,0.0,1.2326
6529,9,30,1,weather_driven,historically_calibrated,0.278026,0.047265,3.7336,5.212,0.0,1.4784
6530,9,30,2,weather_driven,historically_calibrated,0.331714,0.056391,4.3059,5.1921,0.0,0.8861
6531,9,30,3,weather_driven,historically_calibrated,0.32841,0.05583,4.2718,5.158,0.0,0.8861
6532,9,30,4,weather_driven,historically_calibrated,0.272297,0.04629,3.6701,5.1485,0.0,1.4784
6533,9,30,5,weather_driven,historically_calibrated,0.372458,0.063318,4.7149,5.2349,0.0,0.52
6534,9,30,6,weather_driven,historically_calibrated,0.41721,0.070926,5.1417,5.3863,0.0,0.2447
6535,9,30,7,weather_driven,historically_calibrated,0.5312,0.090304,6.1373,6.7031,0.0013,0.5645
6536,9,30,8,weather_driven,historically_calibrated,0.568801,0.096696,6.4407,6.8827,0.0415,0.4005
6537,9,30,9,weather_driven,historically_calibrated,0.554595,0.094281,6.3274,6.9575,0.1102,0.52
6538,9,30,10,weather_driven,historically_calibrated,0.478885,0.08141,5.6954,6.8899,0.1788,1.0156
6539,9,30,11,weather_driven,historically_calibrated,0.395061,0.06716,4.9332,6.726,0.1335,1.6593
6540,9,30,12,weather_driven,historically_calibrated,0.517992,0.088059,6.0279,6.5641,0.0583,0.4779
6541,9,30,13,weather_driven,historically_calibrated,0.507273,0.086236,5.9381,6.4902,0.114,0.4381
6542,9,30,14,weather_driven,historically_calibrated,0.520136,0.088423,6.0458,6.6964,0.2125,0.4381
6543,9,30,15,weather_driven,historically_calibrated,0.587698,0.099909,6.589,6.7832,0.1698,0.0245
6544,9,30,16,weather_driven,historically_calibrated,0.578243,0.098301,6.5151,6.9843,0.0311,0.4381
6545,9,30,17,weather_driven,historically_calibrated,0.610851,0.103845,6.7671,7.2696,0.0246,0.4779
6546,9,30,18,weather_driven,historically_calibrated,0.698962,0.118824,7.4114,7.492,0.0156,0.065
6547,9,30,19,weather_driven,historically_calibrated,0.722599,0.122842,7.5759,7.5762,0.0,0.0003
6548,9,30,20,weather_driven,historically_calibrated,0.703913,0.119665,7.4461,7.4918,0.0,0.0457
6549,9,30,21,weather_driven,historically_calibrated,0.645139,0.109674,7.0239,7.2686,0.0,0.2447
6550,9,30,22,weather_driven,historically_calibrated,0.540259,0.091844,6.2114,6.9796,0.0,0.7682
6551,9,30,23,weather_driven,historically_calibrated,0.570964,0.097064,6.4578,6.7024,0.0,0.2447
6552,9,30,24,weather_driven,historically_calibrated,0.41541,0.07062,5.1249,5.3696,0.0,0.2447
6553,10,1,1,weather_driven,historically_calibrated,0.818957,0.139223,8.2142,8.2156,0.0,0.0014
6554,10,1,2,weather_driven,historically_calibrated,0.826137,0.140443,8.2598,8.2622,0.0,0.0024
6555,10,1,3,weather_driven,historically_calibrated,0.790111,0.134319,8.0283,8.0394,0.0,0.0111
6556,10,1,4,weather_driven,historically_calibrated,0.786188,0.133652,8.0027,8.0175,0.0,0.0148
6557,10,1,5,weather_driven,historically_calibrated,0.801501,0.136255,8.1022,8.1103,0.0,0.0081
6558,10,1,6,weather_driven,historically_calibrated,0.829761,0.141059,8.2827,8.302,0.0,0.0193
6559,10,1,7,weather_driven,historically_calibrated,1.154443,0.196255,10.1121,10.1178,0.0,0.0057
6560,10,1,8,weather_driven,historically_calibrated,1.169433,0.198804,10.1874,10.2243,0.022,0.0148
6561,10,1,9,weather_driven,historically_calibrated,1.129013,0.191932,9.9827,10.1136,0.0544,0.0764
6562,10,1,10,weather_driven,historically_calibrated,0.999169,0.169859,9.2882,9.6857,0.1257,0.2718
6563,10,1,11,weather_driven,historically_calibrated,0.835426,0.142022,8.3184,8.9729,0.2164,0.4381
6564,10,1,12,weather_driven,historically_calibrated,0.702856,0.119485,7.4387,8.3383,0.2385,0.6611
6565,10,1,13,weather_driven,historically_calibrated,0.701544,0.119263,7.4295,8.1927,0.1516,0.6116
6566,10,1,14,weather_driven,historically_calibrated,0.771914,0.131225,7.9088,8.6254,0.105,0.6116
6567,10,1,15,weather_driven,historically_calibrated,0.828727,0.140884,8.2762,8.912,0.0713,0.5645
6568,10,1,16,weather_driven,historically_calibrated,0.946459,0.160898,8.9884,9.3731,0.0194,0.3652
6569,10,1,17,weather_driven,historically_calibrated,0.996529,0.16941,9.2735,9.5822,0.0078,0.3009
6570,10,1,18,weather_driven,historically_calibrated,1.056402,0.179588,9.6017,9.935,0.0013,0.332
6571,10,1,19,weather_driven,historically_calibrated,1.046499,0.177905,9.5483,9.9863,0.0,0.4381
6572,10,1,20,weather_driven,historically_calibrated,0.83948,0.142712,8.3439,9.5765,0.0,1.2326
6573,10,1,21,weather_driven,historically_calibrated,0.731772,0.124401,7.6389,9.1173,0.0,1.4784
6574,10,1,22,weather_driven,historically_calibrated,0.649199,0.110364,7.0538,8.5322,0.0,1.4784
6575,10,1,23,weather_driven,historically_calibrated,0.594283,0.101028,6.64,8.0332,0.0,1.3932
6576,10,1,24,weather_driven,historically_calibrated,0.425951,0.072412,5.2225,6.3073,0.0,1.0848
6577,10,2,1,weather_driven,historically_calibrated,0.446763,0.07595,5.4117,6.0233,0.0,0.6116
6578,10,2,2,weather_driven,historically_calibrated,0.466424,0.079292,5.5865,5.987,0.0,0.4005
6579,10,2,3,weather_driven,historically_calibrated,0.476044,0.080928,5.6707,6.0027,0.0,0.332
6580,10,2,4,weather_driven,historically_calibrated,0.47334,0.080468,5.6471,6.0476,0.0,0.4005
6581,10,2,5,weather_driven,historically_calibrated,0.480867,0.081747,5.7126,6.2326,0.0,0.52
6582,10,2,6,weather_driven,historically_calibrated,0.479364,0.081492,5.6995,6.4128,0.0,0.7133
6583,10,2,7,weather_driven,historically_calibrated,0.640221,0.108838,6.9876,7.8737,0.0,0.8861
6584,10,2,8,weather_driven,historically_calibrated,0.61208,0.104054,6.7765,8.0298,0.0207,1.2326
6585,10,2,9,weather_driven,historically_calibrated,0.51417,0.087409,5.996,8.1171,0.057,2.0641
6586,10,2,10,weather_driven,historically_calibrated,0.45244,0.076915,5.4626,7.8734,0.1218,2.289
6587,10,2,11,weather_driven,historically_calibrated,0.352941,0.06,4.5216,7.4717,0.1633,2.7869
6588,10,2,12,weather_driven,historically_calibrated,0.298503,0.050746,3.9567,7.1872,0.1698,3.0608
6589,10,2,13,weather_driven,historically_calibrated,0.338444,0.057535,4.3749,7.1063,0.0752,2.6563
6590,10,2,14,weather_driven,historically_calibrated,0.339668,0.057744,4.3874,7.217,0.0428,2.7869
6591,10,2,15,weather_driven,historically_calibrated,0.419521,0.071319,5.1631,7.3049,0.0778,2.0641
6592,10,2,16,weather_driven,historically_calibrated,0.487881,0.08294,5.7731,7.5916,0.0635,1.755
6593,10,2,17,weather_driven,historically_calibrated,0.574277,0.097627,6.4839,7.9017,0.0246,1.3932
6594,10,2,18,weather_driven,historically_calibrated,0.608131,0.103382,6.7464,8.1434,0.0039,1.3932
6595,10,2,19,weather_driven,historically_calibrated,0.688875,0.117109,7.3402,8.3558,0.0,1.0156
6596,10,2,20,weather_driven,historically_calibrated,0.718754,0.122188,7.5494,8.2627,0.0,0.7133
6597,10,2,21,weather_driven,historically_calibrated,0.731408,0.124339,7.6364,8.0744,0.0,0.4381
6598,10,2,22,weather_driven,historically_calibrated,0.732706,0.12456,7.6453,7.8646,0.0,0.2194
6599,10,2,23,weather_driven,historically_calibrated,0.671772,0.114201,7.218,7.3921,0.0,0.1741
6600,10,2,24,weather_driven,historically_calibrated,0.484468,0.08236,5.7437,5.8793,0.0,0.1356
6601,10,3,1,weather_driven,historically_calibrated,0.456934,0.077679,5.5026,5.6985,0.0,0.1959
6602,10,3,2,weather_driven,historically_calibrated,0.451244,0.076711,5.4519,5.7839,0.0,0.332
6603,10,3,3,weather_driven,historically_calibrated,0.454754,0.077308,5.4832,5.9213,0.0,0.4381
6604,10,3,4,weather_driven,historically_calibrated,0.481218,0.081807,5.7156,6.0476,0.0,0.332
6605,10,3,5,weather_driven,historically_calibrated,0.496433,0.084394,5.8463,6.0657,0.0,0.2194
6606,10,3,6,weather_driven,historically_calibrated,0.508922,0.086517,5.952,6.284,0.0,0.332
6607,10,3,7,weather_driven,historically_calibrated,0.672323,0.114295,7.2219,7.66,0.0,0.4381
6608,10,3,8,weather_driven,historically_calibrated,0.628609,0.106864,6.9011,7.536,0.0233,0.6116
6609,10,3,9,weather_driven,historically_calibrated,0.588772,0.100091,6.5973,7.5625,0.0791,0.8861
6610,10,3,10,weather_driven,historically_calibrated,0.553248,0.094052,6.3165,7.489,0.1568,1.0156
6611,10,3,11,weather_driven,historically_calibrated,0.410889,0.069851,5.0827,7.3109,0.2709,1.9573
6612,10,3,12,weather_driven,historically_calibrated,0.416887,0.070871,5.1387,7.1349,0.337,1.6593
6613,10,3,13,weather_driven,historically_calibrated,0.424953,0.072242,5.2133,7.0546,0.3629,1.4784
6614,10,3,14,weather_driven,historically_calibrated,0.450295,0.07655,5.4434,7.1127,0.4368,1.2326
6615,10,3,15,weather_driven,historically_calibrated,0.504041,0.085687,5.9109,7.3049,0.3784,1.0156
6616,10,3,16,weather_driven,historically_calibrated,0.575354,0.09781,6.4924,7.5916,0.2735,0.8257
6617,10,3,17,weather_driven,historically_calibrated,0.678067,0.115271,7.2632,7.9017,0.1607,0.4779
6618,10,3,18,weather_driven,historically_calibrated,0.766005,0.130221,7.8696,8.1434,0.0544,0.2194
6619,10,3,19,weather_driven,historically_calibrated,0.800872,0.136148,8.0981,8.235,0.0013,0.1356
6620,10,3,20,weather_driven,historically_calibrated,0.786948,0.133781,8.0076,8.1433,0.0,0.1356
6621,10,3,21,weather_driven,historically_calibrated,0.741444,0.126046,7.7047,7.9006,0.0,0.1959
6622,10,3,22,weather_driven,historically_calibrated,0.696003,0.118321,7.3906,7.5865,0.0,0.1959
6623,10,3,23,weather_driven,historically_calibrated,0.659783,0.112163,7.1312,7.2853,0.0,0.1541
6624,10,3,24,weather_driven,historically_calibrated,0.483262,0.082155,5.7333,5.8365,0.0,0.1032
6625,10,4,1,weather_driven,historically_calibrated,0.461247,0.078412,5.5408,5.6173,0.0,0.0764
6626,10,4,2,weather_driven,historically_calibrated,0.486304,0.082672,5.7595,5.8245,0.0,0.065
6627,10,4,3,weather_driven,historically_calibrated,0.507225,0.086228,5.9377,6.0027,0.0,0.065
6628,10,4,4,weather_driven,historically_calibrated,0.52599,0.089418,6.0943,6.1708,0.0,0.0764
6629,10,4,5,weather_driven,historically_calibrated,0.554057,0.09419,6.323,6.3995,0.0,0.0764
6630,10,4,6,weather_driven,historically_calibrated,0.586709,0.099741,6.5813,6.6705,0.0,0.0892
6631,10,4,7,weather_driven,historically_calibrated,0.799783,0.135963,8.0911,8.1943,0.0,0.1032
6632,10,4,8,weather_driven,historically_calibrated,0.771559,0.131165,7.9065,8.0298,0.0583,0.065
6633,10,4,9,weather_driven,historically_calibrated,0.679229,0.115469,7.2715,7.5625,0.1724,0.1187
6634,10,4,10,weather_driven,historically_calibrated,0.631704,0.10739,6.9243,7.489,0.2929,0.2718
6635,10,4,11,weather_driven,historically_calibrated,0.576919,0.098076,6.5047,7.3109,0.4056,0.4005
6636,10,4,12,weather_driven,historically_calibrated,0.531289,0.090319,6.138,7.1349,0.4769,0.52
6637,10,4,13,weather_driven,historically_calibrated,0.497567,0.084586,5.8559,7.0546,0.5871,0.6116
6638,10,4,14,weather_driven,historically_calibrated,0.481135,0.081793,5.7149,7.1127,0.4484,0.9494
6639,10,4,15,weather_driven,historically_calibrated,0.475778,0.080882,5.6684,7.3049,0.3253,1.3112
6640,10,4,16,weather_driven,historically_calibrated,0.526812,0.089558,6.1011,7.5916,0.2579,1.2326
6641,10,4,17,weather_driven,historically_calibrated,0.577392,0.098157,6.5084,7.9017,0.1607,1.2326
6642,10,4,18,weather_driven,historically_calibrated,0.651514,0.110757,7.0708,8.1434,0.057,1.0156
6643,10,4,19,weather_driven,historically_calibrated,0.714759,0.121509,7.5217,8.235,0.0,0.7133
6644,10,4,20,weather_driven,historically_calibrated,0.716196,0.121753,7.5317,8.1433,0.0,0.6116
6645,10,4,21,weather_driven,historically_calibrated,0.659961,0.112193,7.1325,7.9006,0.0,0.7682
6646,10,4,22,weather_driven,historically_calibrated,0.62488,0.10623,6.8732,7.5865,0.0,0.7133
6647,10,4,23,weather_driven,historically_calibrated,0.675902,0.114903,7.2476,7.2853,0.0,0.0376
6648,10,4,24,weather_driven,historically_calibrated,0.467031,0.079395,5.5918,5.8365,0.0,0.2447
6649,10,5,1,weather_driven,historically_calibrated,0.291108,0.049488,3.8768,5.5361,0.0,1.6593
6650,10,5,2,weather_driven,historically_calibrated,0.473187,0.080442,5.6458,5.8652,0.0,0.2194
6651,10,5,3,weather_driven,historically_calibrated,0.484342,0.082338,5.7426,5.962,0.0,0.2194
6652,10,5,4,weather_driven,historically_calibrated,0.513739,0.087336,5.9924,6.2118,0.0,0.2194
6653,10,5,5,weather_driven,historically_calibrated,0.547116,0.09301,6.2671,6.4412,0.0,0.1741
6654,10,5,6,weather_driven,historically_calibrated,0.586528,0.09971,6.5799,6.7993,0.0,0.2194
6655,10,5,7,weather_driven,historically_calibrated,0.810565,0.137796,8.1605,8.4615,0.0,0.3009
6656,10,5,8,weather_driven,historically_calibrated,0.829437,0.141004,8.2807,8.5784,0.0259,0.2718
6657,10,5,9,weather_driven,historically_calibrated,0.796832,0.135462,8.072,8.3944,0.0778,0.2447
6658,10,5,10,weather_driven,historically_calibrated,0.734868,0.124927,7.66,8.0382,0.1335,0.2447
6659,10,5,11,weather_driven,historically_calibrated,0.686288,0.116669,7.3218,7.6862,0.1685,0.1959
6660,10,5,12,weather_driven,historically_calibrated,0.629402,0.106998,6.9071,7.4489,0.1413,0.4005
6661,10,5,13,weather_driven,historically_calibrated,0.542554,0.092234,6.2301,7.1063,0.2151,0.6611
6662,10,5,14,weather_driven,historically_calibrated,0.511705,0.08699,5.9754,7.1127,0.1879,0.9494
6663,10,5,15,weather_driven,historically_calibrated,0.564632,0.095987,6.4076,7.3049,0.184,0.7133
6664,10,5,16,weather_driven,historically_calibrated,0.50959,0.08663,5.9576,7.5916,0.1555,1.4784
6665,10,5,17,weather_driven,historically_calibrated,0.658387,0.111926,7.121,8.2494,0.1128,1.0156
6666,10,5,18,weather_driven,historically_calibrated,0.849502,0.144415,8.4065,9.1587,0.0389,0.7133
6667,10,5,19,weather_driven,historically_calibrated,1.020409,0.17347,9.406,9.926,0.0,0.52
6668,10,5,20,weather_driven,historically_calibrated,1.043898,0.177463,9.5342,10.0542,0.0,0.52
6669,10,5,21,weather_driven,historically_calibrated,1.050445,0.178576,9.5696,9.8705,0.0,0.3009
6670,10,5,22,weather_driven,historically_calibrated,0.994454,0.169057,9.2618,9.5337,0.0,0.2718
6671,10,5,23,weather_driven,historically_calibrated,0.969271,0.164776,9.1195,9.3154,0.0,0.1959
6672,10,5,24,weather_driven,historically_calibrated,0.665552,0.113144,7.1731,7.2917,0.0,0.1187
6673,10,6,1,weather_driven,historically_calibrated,0.551467,0.093749,6.3022,6.4378,0.0,0.1356
6674,10,6,2,weather_driven,historically_calibrated,0.563751,0.095838,6.4006,6.5546,0.0,0.1541
6675,10,6,3,weather_driven,historically_calibrated,0.59496,0.101143,6.6453,6.7217,0.0,0.0764
6676,10,6,4,weather_driven,historically_calibrated,0.616492,0.104804,6.8099,6.8475,0.0,0.0376
6677,10,6,5,weather_driven,historically_calibrated,0.634241,0.107821,6.9432,6.9624,0.0,0.0193
6678,10,6,6,weather_driven,historically_calibrated,0.657723,0.111813,7.1162,7.1243,0.0,0.0081
6679,10,6,7,weather_driven,historically_calibrated,0.891493,0.151554,8.6636,8.6693,0.0,0.0057
6680,10,6,8,weather_driven,historically_calibrated,0.871239,0.148111,8.5406,8.5987,0.0389,0.0193
6681,10,6,9,weather_driven,historically_calibrated,0.81318,0.138241,8.1773,8.3861,0.1439,0.065
6682,10,6,10,weather_driven,historically_calibrated,0.704997,0.11985,7.4537,7.8498,0.2929,0.1032
6683,10,6,11,weather_driven,historically_calibrated,0.570909,0.097054,6.4573,7.1206,0.4186,0.2447
6684,10,6,12,weather_driven,historically_calibrated,0.484595,0.082381,5.7448,6.5641,0.4873,0.332
6685,10,6,13,weather_driven,historically_calibrated,0.455016,0.077353,5.4855,6.4902,0.4847,0.52
6686,10,6,14,weather_driven,historically_calibrated,0.447278,0.076037,5.4163,6.5437,0.5158,0.6116
6687,10,6,15,weather_driven,historically_calibrated,0.540051,0.091809,6.2097,6.7205,0.3149,0.1959
6688,10,6,16,weather_driven,historically_calibrated,0.579203,0.098464,6.5226,6.9843,0.1607,0.3009
6689,10,6,17,weather_driven,historically_calibrated,0.645034,0.109656,7.0231,7.2696,0.0505,0.1959
6690,10,6,18,weather_driven,historically_calibrated,0.754678,0.128295,7.794,8.2062,0.0117,0.4005
6691,10,6,19,weather_driven,historically_calibrated,0.715899,0.121703,7.5296,8.2429,0.0,0.7133
6692,10,6,20,weather_driven,historically_calibrated,0.714682,0.121496,7.5212,8.0412,0.0,0.52
6693,10,6,21,weather_driven,historically_calibrated,0.611033,0.103876,6.7685,7.4818,0.0,0.7133
6694,10,6,22,weather_driven,historically_calibrated,0.584224,0.099318,6.5619,7.0819,0.0,0.52
6695,10,6,23,weather_driven,historically_calibrated,0.601434,0.102244,6.6951,7.0957,0.0,0.4005
6696,10,6,24,weather_driven,historically_calibrated,0.426353,0.07248,5.2262,5.5271,0.0,0.3009
6697,10,7,1,weather_driven,historically_calibrated,0.38866,0.066072,4.872,5.392,0.0,0.52
6698,10,7,2,weather_driven,historically_calibrated,0.383443,0.065185,4.8217,5.4333,0.0,0.6116
6699,10,7,3,weather_driven,historically_calibrated,0.373342,0.063468,4.7236,5.3351,0.0,0.6116
6700,10,7,4,weather_driven,historically_calibrated,0.419526,0.071319,5.1632,5.3373,0.0,0.1741
6701,10,7,5,weather_driven,historically_calibrated,0.40076,0.068129,4.9874,5.4652,0.0,0.4779
6702,10,7,6,weather_driven,historically_calibrated,0.23261,0.039544,3.2159,5.6233,0.0,2.4074
6703,10,7,7,weather_driven,historically_calibrated,0.586666,0.099733,6.581,7.1455,0.0,0.5645
6704,10,7,8,weather_driven,historically_calibrated,0.528502,0.089845,6.115,7.2865,0.0143,1.1571
6705,10,7,9,weather_driven,historically_calibrated,0.485729,0.082574,5.7546,7.3147,0.0816,1.4784
6706,10,7,10,weather_driven,historically_calibrated,0.47787,0.081238,5.6866,7.3951,0.0492,1.6593
6707,10,7,11,weather_driven,historically_calibrated,0.317065,0.053901,4.1537,7.2193,0.1439,2.9217
6708,10,7,12,weather_driven,historically_calibrated,0.353621,0.060116,4.5284,6.9492,0.2462,2.1746
6709,10,7,13,weather_driven,historically_calibrated,0.347366,0.059052,4.4655,6.4902,0.3655,1.6593
6710,10,7,14,weather_driven,historically_calibrated,0.36999,0.062898,4.6907,6.5437,0.3745,1.4784
6711,10,7,15,weather_driven,historically_calibrated,0.456644,0.077629,5.5,6.7205,0.3344,0.8861
6712,10,7,16,weather_driven,historically_calibrated,0.547065,0.093001,6.2667,6.9843,0.2398,0.4779
6713,10,7,17,weather_driven,historically_calibrated,0.63663,0.108227,6.9609,7.2696,0.1128,0.1959
6714,10,7,18,weather_driven,historically_calibrated,0.698396,0.118727,7.4074,7.492,0.0389,0.0457
6715,10,7,19,weather_driven,historically_calibrated,0.721027,0.122575,7.5651,7.5762,0.0,0.0111
6716,10,7,20,weather_driven,historically_calibrated,0.748929,0.127318,7.7553,7.7665,0.0,0.0111
6717,10,7,21,weather_driven,historically_calibrated,0.732681,0.124556,7.6451,7.7483,0.0,0.1032
6718,10,7,22,weather_driven,historically_calibrated,0.724009,0.123081,7.5856,7.5938,0.0,0.0081
6719,10,7,23,weather_driven,historically_calibrated,0.696001,0.11832,7.3906,7.3906,0.0,0.0
6720,10,7,24,weather_driven,historically_calibrated,0.500572,0.085097,5.8815,5.8815,0.0,0.0
6721,10,8,1,weather_driven,historically_calibrated,0.559841,0.095173,6.3694,6.3886,0.0,0.0193
6722,10,8,2,weather_driven,historically_calibrated,0.588658,0.100072,6.5964,6.5964,0.0,0.0
6723,10,8,3,weather_driven,historically_calibrated,0.585645,0.09956,6.573,6.573,0.0,0.0
6724,10,8,4,weather_driven,historically_calibrated,0.587131,0.099812,6.5846,6.6222,0.0,0.0376
6725,10,8,5,weather_driven,historically_calibrated,0.554471,0.09426,6.3264,6.6916,0.0,0.3652
6726,10,8,6,weather_driven,historically_calibrated,0.563519,0.095798,6.3987,6.7993,0.0,0.4005
6727,10,8,7,weather_driven,historically_calibrated,0.722657,0.122852,7.5763,8.1409,0.0,0.5645
6728,10,8,8,weather_driven,historically_calibrated,0.669137,0.113753,7.199,7.9201,0.0078,0.7133
6729,10,8,9,weather_driven,historically_calibrated,0.585304,0.099502,6.5703,7.5625,0.0428,0.9494
6730,10,8,10,weather_driven,historically_calibrated,0.567692,0.096508,6.4319,7.489,0.0415,1.0156
6731,10,8,11,weather_driven,historically_calibrated,0.513625,0.087316,5.9915,7.3109,0.0868,1.2326
6732,10,8,12,weather_driven,historically_calibrated,0.415705,0.07067,5.1277,7.1349,0.1529,1.8543
6733,10,8,13,weather_driven,historically_calibrated,0.333014,0.056612,4.3193,7.0546,0.0791,2.6563
6734,10,8,14,weather_driven,historically_calibrated,0.373641,0.063519,4.7265,7.1127,0.0972,2.289
6735,10,8,15,weather_driven,historically_calibrated,0.377356,0.064151,4.7627,7.3049,0.1348,2.4074
6736,10,8,16,weather_driven,historically_calibrated,0.44942,0.076401,5.4355,7.5916,0.092,2.0641
6737,10,8,17,weather_driven,historically_calibrated,0.581907,0.098924,6.5438,7.9017,0.0467,1.3112
6738,10,8,18,weather_driven,historically_calibrated,0.657541,0.111782,7.1149,8.1434,0.013,1.0156
6739,10,8,19,weather_driven,historically_calibrated,0.642228,0.109179,7.0024,8.235,0.0,1.2326
6740,10,8,20,weather_driven,historically_calibrated,0.640022,0.108804,6.9861,8.1433,0.0,1.1571
6741,10,8,21,weather_driven,historically_calibrated,0.607752,0.103318,6.7435,7.9006,0.0,1.1571
6742,10,8,22,weather_driven,historically_calibrated,0.576526,0.098009,6.5016,7.5865,0.0,1.0848
6743,10,8,23,weather_driven,historically_calibrated,0.547434,0.093064,6.2696,7.2853,0.0,1.0156
6744,10,8,24,weather_driven,historically_calibrated,0.390233,0.06634,4.8871,5.8365,0.0,0.9494
6745,10,9,1,weather_driven,historically_calibrated,0.338839,0.057603,4.3789,5.5361,0.0,1.1571
6746,10,9,2,weather_driven,historically_calibrated,0.346357,0.058881,4.4553,5.5401,0.0,1.0848
6747,10,9,3,weather_driven,historically_calibrated,0.361331,0.061426,4.6052,5.5546,0.0,0.9494
6748,10,9,4,weather_driven,historically_calibrated,0.378153,0.064286,4.7705,5.5962,0.0,0.8257
6749,10,9,5,weather_driven,historically_calibrated,0.399644,0.06794,4.9768,5.6901,0.0,0.7133
6750,10,9,6,weather_driven,historically_calibrated,0.4282,0.072794,5.2431,5.8547,0.0,0.6116
6751,10,9,7,weather_driven,historically_calibrated,0.539,0.09163,6.2011,7.286,0.0,1.0848
6752,10,9,8,weather_driven,historically_calibrated,0.524285,0.089128,6.0802,7.4812,0.0078,1.3932
6753,10,9,9,weather_driven,historically_calibrated,0.523187,0.088942,6.0711,7.5625,0.013,1.4784
6754,10,9,10,weather_driven,historically_calibrated,0.476023,0.080924,5.6705,7.6537,0.0259,1.9573
6755,10,9,11,weather_driven,historically_calibrated,0.388406,0.066029,4.8696,7.579,0.0531,2.6563
6756,10,9,12,weather_driven,historically_calibrated,0.422367,0.071802,5.1894,7.3442,0.0907,2.0641
6757,10,9,13,weather_driven,historically_calibrated,0.475867,0.080897,5.6691,7.2098,0.0622,1.4784
6758,10,9,14,weather_driven,historically_calibrated,0.535545,0.091043,6.1729,7.217,0.0285,1.0156
6759,10,9,15,weather_driven,historically_calibrated,0.572103,0.097258,6.4668,7.3049,0.07,0.7682
6760,10,9,16,weather_driven,historically_calibrated,0.67107,0.114082,7.2129,7.5916,0.0467,0.332
6761,10,9,17,weather_driven,historically_calibrated,0.763336,0.129767,7.8519,8.0176,0.0117,0.1541
6762,10,9,18,weather_driven,historically_calibrated,0.810458,0.137778,8.1598,8.442,0.0104,0.2718
6763,10,9,19,weather_driven,historically_calibrated,0.895017,0.152153,8.6849,8.8389,0.0,0.1541
6764,10,9,20,weather_driven,historically_calibrated,0.885256,0.150494,8.626,8.6807,0.0,0.0548
6765,10,9,21,weather_driven,historically_calibrated,0.865715,0.147172,8.5067,8.5959,0.0,0.0892
6766,10,9,22,weather_driven,historically_calibrated,0.818504,0.139146,8.2113,8.3653,0.0,0.1541
6767,10,9,23,weather_driven,historically_calibrated,0.744719,0.126602,7.7269,8.2469,0.0,0.52
6768,10,9,24,weather_driven,historically_calibrated,0.558729,0.094984,6.3605,6.6925,0.0,0.332
6769,10,10,1,weather_driven,historically_calibrated,0.542105,0.092158,6.2264,6.5916,0.0,0.3652
6770,10,10,2,weather_driven,historically_calibrated,0.596004,0.101321,6.6533,6.7183,0.0,0.065
6771,10,10,3,weather_driven,historically_calibrated,0.626329,0.106476,6.884,6.8989,0.0,0.0148
6772,10,10,4,weather_driven,historically_calibrated,0.626524,0.106509,6.8855,6.9505,0.0,0.065
6773,10,10,5,weather_driven,historically_calibrated,0.657679,0.111805,7.1159,7.1923,0.0,0.0764
6774,10,10,6,weather_driven,historically_calibrated,0.67858,0.115359,7.2668,7.4862,0.0,0.2194
6775,10,10,7,weather_driven,historically_calibrated,0.987945,0.167951,9.2253,9.2629,0.0,0.0376
6776,10,10,8,weather_driven,historically_calibrated,0.89213,0.151662,8.6675,9.6208,0.0039,0.9494
6777,10,10,9,weather_driven,historically_calibrated,0.958851,0.163005,9.0599,9.3927,0.0609,0.2718
6778,10,10,10,weather_driven,historically_calibrated,0.943103,0.160328,8.969,9.3562,0.022,0.3652
6779,10,10,11,weather_driven,historically_calibrated,0.796848,0.135464,8.0721,8.7585,0.1218,0.5645
6780,10,10,12,weather_driven,historically_calibrated,0.738288,0.125509,7.6833,8.286,0.2022,0.4005
6781,10,10,13,weather_driven,historically_calibrated,0.611186,0.103902,6.7696,7.6754,0.2942,0.6116
6782,10,10,14,weather_driven,historically_calibrated,0.696906,0.118474,7.3969,7.843,0.2501,0.1959
6783,10,10,15,weather_driven,historically_calibrated,0.728984,0.123927,7.6198,8.4834,0.1503,0.7133
6784,10,10,16,weather_driven,historically_calibrated,0.872461,0.148318,8.5481,9.0947,0.1814,0.3652
6785,10,10,17,weather_driven,historically_calibrated,1.116101,0.189737,9.9163,10.0457,0.105,0.0245
6786,10,10,18,weather_driven,historically_calibrated,1.271577,0.216168,10.6827,10.7113,0.0272,0.0014
6787,10,10,19,weather_driven,historically_calibrated,1.439249,0.244672,11.4357,11.4357,0.0,0.0
6788,10,10,20,weather_driven,historically_calibrated,1.493839,0.253953,11.6666,11.6666,0.0,0.0
6789,10,10,21,weather_driven,historically_calibrated,1.493848,0.253954,11.6666,11.6666,0.0,0.0
6790,10,10,22,weather_driven,historically_calibrated,1.436806,0.244257,11.4252,11.4252,0.0,0.0
6791,10,10,23,weather_driven,historically_calibrated,1.357764,0.23082,11.0785,11.0785,0.0,0.0
6792,10,10,24,weather_driven,historically_calibrated,0.95653,0.16261,9.0466,9.0466,0.0,0.0
6793,10,11,1,weather_driven,historically_calibrated,0.904777,0.153812,8.7433,8.7433,0.0,0.0
6794,10,11,2,weather_driven,historically_calibrated,0.919536,0.156321,8.831,8.831,0.0,0.0
6795,10,11,3,weather_driven,historically_calibrated,0.930394,0.158167,8.8948,8.8948,0.0,0.0
6796,10,11,4,weather_driven,historically_calibrated,0.948878,0.161309,9.0024,9.0024,0.0,0.0
6797,10,11,5,weather_driven,historically_calibrated,0.96791,0.164545,9.1118,9.1118,0.0,0.0
6798,10,11,6,weather_driven,historically_calibrated,1.021169,0.173599,9.4101,9.4183,0.0,0.0081
6799,10,11,7,weather_driven,historically_calibrated,1.480663,0.251713,11.6114,11.6139,0.0,0.0024
6800,10,11,8,weather_driven,historically_calibrated,1.500084,0.255014,11.6926,11.7055,0.013,0.0
6801,10,11,9,weather_driven,historically_calibrated,1.463082,0.248724,11.5373,11.611,0.0544,0.0193
6802,10,11,10,weather_driven,historically_calibrated,1.391336,0.236527,11.2276,11.3882,0.0842,0.0764
6803,10,11,11,weather_driven,historically_calibrated,1.249937,0.212489,10.5803,10.8494,0.1335,0.1356
6804,10,11,12,weather_driven,historically_calibrated,1.21917,0.207259,10.4323,10.5359,0.0791,0.0245
6805,10,11,13,weather_driven,historically_calibrated,1.162276,0.197587,10.1515,10.2104,0.0531,0.0057
6806,10,11,14,weather_driven,historically_calibrated,1.08619,0.184652,9.7602,9.9294,0.1685,0.0007
6807,10,11,15,weather_driven,historically_calibrated,1.114528,0.18947,9.9081,10.037,0.1231,0.0057
6808,10,11,16,weather_driven,historically_calibrated,1.219414,0.2073,10.4335,10.4865,0.0285,0.0245
6809,10,11,17,weather_driven,historically_calibrated,1.238877,0.210609,10.5274,10.6252,0.0829,0.0148
6810,10,11,18,weather_driven,historically_calibrated,1.334113,0.226799,10.9718,11.0099,0.0233,0.0148
6811,10,11,19,weather_driven,historically_calibrated,1.529224,0.259968,11.8128,11.8584,0.0,0.0457
6812,10,11,20,weather_driven,historically_calibrated,1.625734,0.276375,12.1987,12.2637,0.0,0.065
6813,10,11,21,weather_driven,historically_calibrated,1.647849,0.280134,12.2847,12.3039,0.0,0.0193
6814,10,11,22,weather_driven,historically_calibrated,1.627085,0.276604,12.204,12.2041,0.0,0.0001
6815,10,11,23,weather_driven,historically_calibrated,1.480966,0.251764,11.6127,11.6127,0.0,0.0
6816,10,11,24,weather_driven,historically_calibrated,1.032934,0.175599,9.4746,9.4746,0.0,0.0
6817,10,12,1,weather_driven,historically_calibrated,1.003383,0.170575,9.3117,9.3117,0.0,0.0
6818,10,12,2,weather_driven,historically_calibrated,1.064212,0.180916,9.6435,9.6435,0.0,0.0
6819,10,12,3,weather_driven,historically_calibrated,1.115508,0.189636,9.9132,9.9132,0.0,0.0
6820,10,12,4,weather_driven,historically_calibrated,1.154128,0.196202,10.1105,10.1105,0.0,0.0
6821,10,12,5,weather_driven,historically_calibrated,1.230842,0.209243,10.4888,10.4888,0.0,0.0
6822,10,12,6,weather_driven,historically_calibrated,1.304266,0.221725,10.8351,10.8351,0.0,0.0
6823,10,12,7,weather_driven,historically_calibrated,1.99823,0.339699,13.5373,13.5373,0.0,0.0
6824,10,12,8,weather_driven,historically_calibrated,2.049931,0.348488,13.7069,13.7354,0.0285,0.0
6825,10,12,9,weather_driven,historically_calibrated,1.882682,0.320056,13.1451,13.2747,0.1296,0.0
6826,10,12,10,weather_driven,historically_calibrated,1.530269,0.260146,11.8171,12.1022,0.2851,0.0
6827,10,12,11,weather_driven,historically_calibrated,1.257326,0.213745,10.6154,11.0638,0.4484,0.0
6828,10,12,12,weather_driven,historically_calibrated,1.054443,0.179255,9.5911,10.1173,0.5262,0.0
6829,10,12,13,weather_driven,historically_calibrated,0.924077,0.157093,8.8577,9.3826,0.5249,0.0
6830,10,12,14,weather_driven,historically_calibrated,0.904492,0.153764,8.7416,9.1991,0.4575,0.0
6831,10,12,15,weather_driven,historically_calibrated,0.931996,0.158439,8.9042,9.2334,0.3292,0.0
6832,10,12,16,weather_driven,historically_calibrated,0.997177,0.16952,9.2771,9.4844,0.2074,0.0
6833,10,12,17,weather_driven,historically_calibrated,1.134156,0.192806,10.0091,10.1037,0.0946,0.0
6834,10,12,18,weather_driven,historically_calibrated,1.298568,0.220757,10.8087,10.8308,0.022,0.0
6835,10,12,19,weather_driven,historically_calibrated,1.45338,0.247075,11.4961,11.4961,0.0,0.0
6836,10,12,20,weather_driven,historically_calibrated,1.437383,0.244355,11.4277,11.4277,0.0,0.0
6837,10,12,21,weather_driven,historically_calibrated,1.346758,0.228949,11.029,11.0293,0.0,0.0003
6838,10,12,22,weather_driven,historically_calibrated,1.311295,0.22292,10.8675,10.8689,0.0,0.0014
6839,10,12,23,weather_driven,historically_calibrated,1.28681,0.218758,10.7541,10.7579,0.0,0.0038
6840,10,12,24,weather_driven,historically_calibrated,0.906257,0.154064,8.7522,8.7898,0.0,0.0376
6841,10,13,1,weather_driven,historically_calibrated,0.771212,0.131106,7.9042,7.9692,0.0,0.065
6842,10,13,2,weather_driven,historically_calibrated,0.792134,0.134663,8.0415,8.0871,0.0,0.0457
6843,10,13,3,weather_driven,historically_calibrated,0.814093,0.138396,8.1831,8.2207,0.0,0.0376
6844,10,13,4,weather_driven,historically_calibrated,0.82844,0.140835,8.2744,8.32,0.0,0.0457
6845,10,13,5,weather_driven,historically_calibrated,0.851929,0.144828,8.4216,8.498,0.0,0.0764
6846,10,13,6,weather_driven,historically_calibrated,0.910453,0.154777,8.7771,8.8228,0.0,0.0457
6847,10,13,7,weather_driven,historically_calibrated,1.347502,0.229075,11.0323,11.078,0.0,0.0457
6848,10,13,8,weather_driven,historically_calibrated,1.33277,0.226571,10.9657,11.0719,0.0298,0.0764
6849,10,13,9,weather_driven,historically_calibrated,1.211105,0.205888,10.3931,10.5801,0.1322,0.0548
6850,10,13,10,weather_driven,historically_calibrated,1.039152,0.176656,9.5085,9.8709,0.2592,0.1032
6851,10,13,11,weather_driven,historically_calibrated,0.812152,0.138066,8.1707,8.699,0.3927,0.1356
6852,10,13,12,weather_driven,historically_calibrated,0.659139,0.112054,7.1265,7.7675,0.5054,0.1356
6853,10,13,13,weather_driven,historically_calibrated,0.549972,0.093495,6.2901,6.9662,0.5404,0.1356
6854,10,13,14,weather_driven,historically_calibrated,0.515256,0.087593,6.0051,6.6397,0.499,0.1356
6855,10,13,15,weather_driven,historically_calibrated,0.538504,0.091546,6.1971,6.7205,0.3694,0.1541
6856,10,13,16,weather_driven,historically_calibrated,0.589219,0.100167,6.6008,6.9843,0.2294,0.1541
6857,10,13,17,weather_driven,historically_calibrated,0.666134,0.113243,7.1773,7.4295,0.1166,0.1356
6858,10,13,18,weather_driven,historically_calibrated,0.781788,0.132904,7.9739,8.1513,0.0233,0.1541
6859,10,13,19,weather_driven,historically_calibrated,0.882529,0.15003,8.6094,8.8541,0.0,0.2447
6860,10,13,20,weather_driven,historically_calibrated,0.921131,0.156592,8.8404,9.085,0.0,0.2447
6861,10,13,21,weather_driven,historically_calibrated,0.932425,0.158512,8.9067,9.0809,0.0,0.1741
6862,10,13,22,weather_driven,historically_calibrated,0.926584,0.157519,8.8725,8.9757,0.0,0.1032
6863,10,13,23,weather_driven,historically_calibrated,0.902008,0.153341,8.7268,8.8159,0.0,0.0892
6864,10,13,24,weather_driven,historically_calibrated,0.647094,0.110006,7.0383,7.1415,0.0,0.1032
6865,10,14,1,weather_driven,historically_calibrated,0.617844,0.105034,6.8201,6.9234,0.0,0.1032
6866,10,14,2,weather_driven,historically_calibrated,0.630331,0.107156,6.914,7.0032,0.0,0.0892
6867,10,14,3,weather_driven,historically_calibrated,0.643705,0.10943,7.0133,7.059,0.0,0.0457
6868,10,14,4,weather_driven,historically_calibrated,0.658945,0.112021,7.1251,7.1496,0.0,0.0245
6869,10,14,5,weather_driven,historically_calibrated,0.682773,0.116071,7.2968,7.3079,0.0,0.0111
6870,10,14,6,weather_driven,historically_calibrated,0.725022,0.123254,7.5926,7.5983,0.0,0.0057
6871,10,14,7,weather_driven,historically_calibrated,1.002535,0.170431,9.307,9.3084,0.0,0.0014
6872,10,14,8,weather_driven,historically_calibrated,1.016712,0.172841,9.3856,9.4063,0.0207,0.0
6873,10,14,9,weather_driven,historically_calibrated,0.931257,0.158314,8.8999,8.9984,0.0985,0.0
6874,10,14,10,weather_driven,historically_calibrated,0.792739,0.134766,8.0454,8.2541,0.2087,0.0
6875,10,14,11,weather_driven,historically_calibrated,0.667534,0.113481,7.1874,7.5645,0.3771,0.0
6876,10,14,12,weather_driven,historically_calibrated,0.553208,0.094045,6.3162,6.8048,0.4886,0.0
6877,10,14,13,weather_driven,historically_calibrated,0.508814,0.086498,5.9511,6.4902,0.5391,0.0
6878,10,14,14,weather_driven,historically_calibrated,0.523445,0.088986,6.0733,6.5437,0.4704,0.0
6879,10,14,15,weather_driven,historically_calibrated,0.568627,0.096667,6.4393,6.7205,0.2812,0.0
6880,10,14,16,weather_driven,historically_calibrated,0.614189,0.104412,6.7925,6.9843,0.1918,0.0
6881,10,14,17,weather_driven,historically_calibrated,0.662956,0.112702,7.1542,7.2696,0.1153,0.0
6882,10,14,18,weather_driven,historically_calibrated,0.707501,0.120275,7.4712,7.492,0.0207,0.0
6883,10,14,19,weather_driven,historically_calibrated,0.788947,0.134121,8.0207,8.0207,0.0,0.0
6884,10,14,20,weather_driven,historically_calibrated,0.843787,0.143444,8.3708,8.3708,0.0,0.0
6885,10,14,21,weather_driven,historically_calibrated,0.872424,0.148312,8.5479,8.5479,0.0,0.0
6886,10,14,22,weather_driven,historically_calibrated,0.867071,0.147402,8.5151,8.5151,0.0,0.0
6887,10,14,23,weather_driven,historically_calibrated,0.852119,0.14486,8.4227,8.4227,0.0,0.0
6888,10,14,24,weather_driven,historically_calibrated,0.61869,0.105177,6.8265,6.8265,0.0,0.0
6889,10,15,1,weather_driven,historically_calibrated,0.680674,0.115715,7.2818,7.2818,0.0,0.0
6890,10,15,2,weather_driven,historically_calibrated,0.687081,0.116804,7.3274,7.3277,0.0,0.0003
6891,10,15,3,weather_driven,historically_calibrated,0.695251,0.118193,7.3853,7.3877,0.0,0.0024
6892,10,15,4,weather_driven,historically_calibrated,0.697416,0.118561,7.4005,7.4019,0.0,0.0014
6893,10,15,5,weather_driven,historically_calibrated,0.709045,0.120538,7.482,7.4844,0.0,0.0024
6894,10,15,6,weather_driven,historically_calibrated,0.746016,0.126823,7.7357,7.7438,0.0,0.0081
6895,10,15,7,weather_driven,historically_calibrated,1.070903,0.182054,9.6792,9.6904,0.0,0.0111
6896,10,15,8,weather_driven,historically_calibrated,1.053582,0.179109,9.5865,9.6208,0.0194,0.0148
6897,10,15,9,weather_driven,historically_calibrated,0.947015,0.160992,8.9917,9.1154,0.1089,0.0148
6898,10,15,10,weather_driven,historically_calibrated,0.850904,0.144654,8.4152,8.6423,0.1814,0.0457
6899,10,15,11,weather_driven,historically_calibrated,0.68921,0.117166,7.3426,7.7934,0.2968,0.1541
6900,10,15,12,weather_driven,historically_calibrated,0.559758,0.095159,6.3687,7.1349,0.4342,0.332
6901,10,15,13,weather_driven,historically_calibrated,0.511217,0.086907,5.9713,7.0546,0.4717,0.6116
6902,10,15,14,weather_driven,historically_calibrated,0.481435,0.081844,5.7175,7.1127,0.4458,0.9494
6903,10,15,15,weather_driven,historically_calibrated,0.473994,0.080579,5.6528,7.3049,0.3408,1.3112
6904,10,15,16,weather_driven,historically_calibrated,0.523101,0.088927,6.0704,7.5916,0.21,1.3112
6905,10,15,17,weather_driven,historically_calibrated,0.607179,0.103221,6.7391,7.9017,0.0778,1.0848
6906,10,15,18,weather_driven,historically_calibrated,0.666659,0.113332,7.1811,8.1434,0.013,0.9494
6907,10,15,19,weather_driven,historically_calibrated,0.671971,0.114235,7.2194,8.235,0.0,1.0156
6908,10,15,20,weather_driven,historically_calibrated,0.668427,0.113633,7.1938,8.1433,0.0,0.9494
6909,10,15,21,weather_driven,historically_calibrated,0.597912,0.101645,6.668,7.9006,0.0,1.2326
6910,10,15,22,weather_driven,historically_calibrated,0.52765,0.089701,6.108,7.5865,0.0,1.4784
6911,10,15,23,weather_driven,historically_calibrated,0.553654,0.094121,6.3198,7.5524,0.0,1.2326
6912,10,15,24,weather_driven,historically_calibrated,0.438214,0.074496,5.3345,6.3501,0.0,1.0156
6913,10,16,1,weather_driven,historically_calibrated,0.485957,0.082613,5.7565,6.4698,0.0,0.7133
6914,10,16,2,weather_driven,historically_calibrated,0.532433,0.090514,6.1474,6.759,0.0,0.6116
6915,10,16,3,weather_driven,historically_calibrated,0.581301,0.098821,6.5391,6.9396,0.0,0.4005
6916,10,16,4,weather_driven,historically_calibrated,0.616996,0.104889,6.8137,7.1147,0.0,0.3009
6917,10,16,5,weather_driven,historically_calibrated,0.64981,0.110468,7.0583,7.3592,0.0,0.3009
6918,10,16,6,weather_driven,historically_calibrated,0.684917,0.116436,7.3121,7.4862,0.0,0.1741
6919,10,16,7,weather_driven,historically_calibrated,0.942764,0.16027,8.967,9.1026,0.0,0.1356
6920,10,16,8,weather_driven,historically_calibrated,0.956491,0.162603,9.0464,9.1819,0.0168,0.1187
6921,10,16,9,weather_driven,historically_calibrated,0.922846,0.156884,8.8505,9.1154,0.0907,0.1741
6922,10,16,10,weather_driven,historically_calibrated,0.812695,0.138158,8.1742,8.6423,0.1672,0.3009
6923,10,16,11,weather_driven,historically_calibrated,0.71981,0.122368,7.5567,8.2223,0.1011,0.5645
6924,10,16,12,weather_driven,historically_calibrated,0.548705,0.09328,6.2799,7.6058,0.0933,1.2326
6925,10,16,13,weather_driven,historically_calibrated,0.469058,0.07974,5.6096,7.1581,0.07,1.4784
6926,10,16,14,weather_driven,historically_calibrated,0.606072,0.103032,6.7307,7.1649,0.0337,0.4005
6927,10,16,15,weather_driven,historically_calibrated,0.546819,0.092959,6.2647,7.3049,0.0246,1.0156
6928,10,16,16,weather_driven,historically_calibrated,0.592048,0.100648,6.6227,7.5916,0.0194,0.9494
6929,10,16,17,weather_driven,historically_calibrated,0.642079,0.109153,7.0013,7.9017,0.0143,0.8861
6930,10,16,18,weather_driven,historically_calibrated,0.676706,0.11504,7.2534,8.1434,0.0039,0.8861
6931,10,16,19,weather_driven,historically_calibrated,0.715558,0.121645,7.5273,8.2954,0.0,0.7682
6932,10,16,20,weather_driven,historically_calibrated,0.710146,0.120725,7.4897,8.203,0.0,0.7133
6933,10,16,21,weather_driven,historically_calibrated,0.688298,0.117011,7.3361,7.9006,0.0,0.5645
6934,10,16,22,weather_driven,historically_calibrated,0.63851,0.108547,6.9749,7.5865,0.0,0.6116
6935,10,16,23,weather_driven,historically_calibrated,0.611777,0.104002,6.7741,7.3387,0.0,0.5645
6936,10,16,24,weather_driven,historically_calibrated,0.45485,0.077324,5.484,5.9221,0.0,0.4381
6937,10,17,1,weather_driven,historically_calibrated,0.451462,0.076749,5.4538,5.6985,0.0,0.2447
6938,10,17,2,weather_driven,historically_calibrated,0.465669,0.079164,5.5799,5.8245,0.0,0.2447
6939,10,17,3,weather_driven,historically_calibrated,0.461024,0.078374,5.5389,5.8398,0.0,0.3009
6940,10,17,4,weather_driven,historically_calibrated,0.481218,0.081807,5.7156,6.0476,0.0,0.332
6941,10,17,5,weather_driven,historically_calibrated,0.514941,0.08754,6.0025,6.2743,0.0,0.2718
6942,10,17,6,weather_driven,historically_calibrated,0.555973,0.094515,6.3384,6.6705,0.0,0.332
6943,10,17,7,weather_driven,historically_calibrated,0.816315,0.138774,8.1973,8.6752,0.0,0.4779
6944,10,17,8,weather_driven,historically_calibrated,0.950554,0.161594,9.0121,9.127,0.0117,0.1032
6945,10,17,9,weather_driven,historically_calibrated,1.000172,0.170029,9.2938,9.3927,0.0907,0.0081
6946,10,17,10,weather_driven,historically_calibrated,0.975656,0.165862,9.1559,9.4111,0.1788,0.0764
6947,10,17,11,weather_driven,historically_calibrated,0.954221,0.162217,9.0333,9.241,0.1529,0.0548
6948,10,17,12,weather_driven,historically_calibrated,0.860643,0.146309,8.4755,8.8616,0.3616,0.0245
6949,10,17,13,weather_driven,historically_calibrated,0.773971,0.131575,7.9224,8.3997,0.4692,0.0081
6950,10,17,14,weather_driven,historically_calibrated,0.757292,0.12874,7.8115,8.2602,0.4484,0.0003
6951,10,17,15,weather_driven,historically_calibrated,0.790798,0.134436,8.0328,8.3763,0.3421,0.0014
6952,10,17,16,weather_driven,historically_calibrated,0.866024,0.147224,8.5086,8.705,0.1957,0.0007
6953,10,17,17,weather_driven,historically_calibrated,0.974879,0.165729,9.1514,9.2345,0.0816,0.0014
6954,10,17,18,weather_driven,historically_calibrated,1.100752,0.187128,9.8365,9.8753,0.0143,0.0245
6955,10,17,19,weather_driven,historically_calibrated,1.245616,0.211755,10.5597,10.5902,0.0,0.0306
6956,10,17,20,weather_driven,historically_calibrated,1.234722,0.209903,10.5075,10.5319,0.0,0.0245
6957,10,17,21,weather_driven,historically_calibrated,1.162389,0.197606,10.1521,10.1602,0.0,0.0081
6958,10,17,22,weather_driven,historically_calibrated,1.10669,0.188137,9.8675,9.8675,0.0,0.0
6959,10,17,23,weather_driven,historically_calibrated,1.033138,0.175633,9.4757,9.4757,0.0,0.0
6960,10,17,24,weather_driven,historically_calibrated,0.72449,0.123163,7.5889,7.5913,0.0,0.0024
6961,10,18,1,weather_driven,historically_calibrated,0.679537,0.115521,7.2737,7.2818,0.0,0.0081
6962,10,18,2,weather_driven,historically_calibrated,0.674188,0.114612,7.2353,7.2465,0.0,0.0111
6963,10,18,3,weather_driven,historically_calibrated,0.673148,0.114435,7.2279,7.2655,0.0,0.0376
6964,10,18,4,weather_driven,historically_calibrated,0.676907,0.115074,7.2549,7.3199,0.0,0.065
6965,10,18,5,weather_driven,historically_calibrated,0.684878,0.116429,7.3118,7.4009,0.0,0.0892
6966,10,18,6,weather_driven,historically_calibrated,0.713328,0.121266,7.5118,7.615,0.0,0.1032
6967,10,18,7,weather_driven,historically_calibrated,0.976333,0.165977,9.1597,9.2629,0.0,0.1032
6968,10,18,8,weather_driven,historically_calibrated,1.002302,0.170391,9.3057,9.4013,0.0065,0.0892
6969,10,18,9,weather_driven,historically_calibrated,1.000516,0.170088,9.2957,9.5036,0.0337,0.1741
6970,10,18,10,weather_driven,historically_calibrated,0.929865,0.158077,8.8917,9.1915,0.0804,0.2194
6971,10,18,11,weather_driven,historically_calibrated,0.819121,0.139251,8.2152,8.7048,0.1244,0.3652
6972,10,18,12,weather_driven,historically_calibrated,0.656549,0.111613,7.1076,8.0244,0.2035,0.7133
6973,10,18,13,weather_driven,historically_calibrated,0.502474,0.085421,5.8976,7.0546,0.2709,0.8861
6974,10,18,14,weather_driven,historically_calibrated,0.501865,0.085317,5.8924,7.1127,0.2709,0.9494
6975,10,18,15,weather_driven,historically_calibrated,0.550431,0.093573,6.2938,7.3049,0.1853,0.8257
6976,10,18,16,weather_driven,historically_calibrated,0.605496,0.102934,6.7262,7.5916,0.0972,0.7682
6977,10,18,17,weather_driven,historically_calibrated,0.668798,0.113696,7.1965,7.9017,0.0441,0.6611
6978,10,18,18,weather_driven,historically_calibrated,1.022713,0.173861,9.4186,9.7558,0.0052,0.332
6979,10,18,19,weather_driven,historically_calibrated,1.206546,0.205113,10.3709,10.5902,0.0,0.2194
6980,10,18,20,weather_driven,historically_calibrated,1.271347,0.216129,10.6816,10.7708,0.0,0.0892
6981,10,18,21,weather_driven,historically_calibrated,1.37264,0.233349,11.1449,11.1452,0.0,0.0003
6982,10,18,22,weather_driven,historically_calibrated,1.292475,0.219721,10.7805,11.2583,0.0,0.4779
6983,10,18,23,weather_driven,historically_calibrated,1.236065,0.210131,10.5139,11.0785,0.0,0.5645
6984,10,18,24,weather_driven,historically_calibrated,0.865349,0.147109,8.5045,9.2178,0.0,0.7133
6985,10,19,1,weather_driven,historically_calibrated,0.823393,0.139977,8.2424,9.0681,0.0,0.8257
6986,10,19,2,weather_driven,historically_calibrated,0.762266,0.129585,7.8447,9.156,0.0,1.3112
6987,10,19,3,weather_driven,historically_calibrated,0.909602,0.154632,8.7721,9.3837,0.0,0.6116
6988,10,19,4,weather_driven,historically_calibrated,0.932081,0.158454,8.9047,9.618,0.0,0.7133
6989,10,19,5,weather_driven,historically_calibrated,1.024191,0.174112,9.4267,9.9046,0.0,0.4779
6990,10,19,6,weather_driven,historically_calibrated,1.119359,0.190291,9.9331,10.234,0.0,0.3009
6991,10,19,7,weather_driven,historically_calibrated,1.567462,0.266468,11.9679,12.629,0.0,0.6611
6992,10,19,8,weather_driven,historically_calibrated,1.706604,0.290123,12.5086,13.0771,0.0039,0.5645
6993,10,19,9,weather_driven,historically_calibrated,1.834341,0.311838,12.9753,13.2193,0.0246,0.2194
6994,10,19,10,weather_driven,historically_calibrated,1.834646,0.31189,12.9764,13.0358,0.0402,0.0193
6995,10,19,11,weather_driven,historically_calibrated,1.764569,0.299977,12.7237,12.7794,0.0557,0.0
6996,10,19,12,weather_driven,historically_calibrated,1.667066,0.283401,12.3586,12.4195,0.0609,0.0
6997,10,19,13,weather_driven,historically_calibrated,1.593629,0.270917,12.0724,12.1762,0.0389,0.065
6998,10,19,14,weather_driven,historically_calibrated,1.677086,0.285105,12.3969,12.433,0.0117,0.0245
6999,10,19,15,weather_driven,historically_calibrated,1.641316,0.279024,12.2594,12.8761,0.0052,0.6116
7000,10,19,16,weather_driven,historically_calibrated,1.360304,0.231252,11.0898,13.3815,0.0026,2.289
7001,10,19,17,weather_driven,historically_calibrated,1.204957,0.204843,10.3631,13.8702,0.0026,3.5045
7002,10,19,18,weather_driven,historically_calibrated,1.772662,0.301352,12.7533,14.4139,0.0013,1.6593
7003,10,19,19,weather_driven,historically_calibrated,2.315769,0.393681,14.527,15.2403,0.0,0.7133
7004,10,19,20,weather_driven,historically_calibrated,2.379544,0.404522,14.712,15.1899,0.0,0.4779
7005,10,19,21,weather_driven,historically_calibrated,2.163632,0.367817,14.0678,14.6794,0.0,0.6116
7006,10,19,22,weather_driven,historically_calibrated,2.148028,0.365165,14.0192,14.0957,0.0,0.0764
7007,10,19,23,weather_driven,historically_calibrated,1.815794,0.308685,12.9092,13.4292,0.0,0.52
7008,10,19,24,weather_driven,historically_calibrated,1.200445,0.204076,10.341,10.673,0.0,0.332
7009,10,20,1,weather_driven,historically_calibrated,0.970278,0.164947,9.1253,9.2017,0.0,0.0764
7010,10,20,2,weather_driven,historically_calibrated,0.944168,0.160509,8.9752,9.1711,0.0,0.1959
7011,10,20,3,weather_driven,historically_calibrated,0.955203,0.162384,9.0389,9.1576,0.0,0.1187
7012,10,20,4,weather_driven,historically_calibrated,0.969947,0.164891,9.1234,9.1884,0.0,0.065
7013,10,20,5,weather_driven,historically_calibrated,1.013189,0.172242,9.3661,9.381,0.0,0.0148
7014,10,20,6,weather_driven,historically_calibrated,1.065593,0.181151,9.6509,9.6523,0.0,0.0014
7015,10,20,7,weather_driven,historically_calibrated,1.554005,0.264181,11.9136,11.9136,0.0,0.0
7016,10,20,8,weather_driven,historically_calibrated,1.58028,0.268648,12.0192,12.0309,0.0117,0.0
7017,10,20,9,weather_driven,historically_calibrated,1.498526,0.254749,11.6861,11.7536,0.0661,0.0014
7018,10,20,10,weather_driven,historically_calibrated,1.455979,0.247517,11.5072,11.5887,0.0778,0.0038
7019,10,20,11,weather_driven,historically_calibrated,1.322928,0.224898,10.9208,11.0665,0.1309,0.0148
7020,10,20,12,weather_driven,historically_calibrated,1.158884,0.19701,10.1345,10.5113,0.2877,0.0892
7021,10,20,13,weather_driven,historically_calibrated,1.088608,0.185063,9.7729,10.1075,0.2696,0.065
7022,10,20,14,weather_driven,historically_calibrated,1.071337,0.182127,9.6815,9.9988,0.2281,0.0892
7023,10,20,15,weather_driven,historically_calibrated,1.112609,0.189144,9.8982,10.1211,0.2229,0.0
7024,10,20,16,weather_driven,historically_calibrated,1.280248,0.217642,10.7234,10.8256,0.0998,0.0024
7025,10,20,17,weather_driven,historically_calibrated,1.467484,0.249472,11.5559,11.6943,0.0492,0.0892
7026,10,20,18,weather_driven,historically_calibrated,1.230326,0.209155,10.4863,11.8872,0.0078,1.3932
7027,10,20,19,weather_driven,historically_calibrated,1.293917,0.219966,10.7872,12.3543,0.0,1.5671
7028,10,20,20,weather_driven,historically_calibrated,1.541295,0.26202,11.8621,12.1067,0.0,0.2447
7029,10,20,21,weather_driven,historically_calibrated,1.578529,0.26835,12.0122,12.0125,0.0,0.0003
7030,10,20,22,weather_driven,historically_calibrated,1.527167,0.259618,11.8044,11.842,0.0,0.0376
7031,10,20,23,weather_driven,historically_calibrated,1.346727,0.228944,11.0288,11.2735,0.0,0.2447
7032,10,20,24,weather_driven,historically_calibrated,0.410807,0.069837,5.082,9.071,0.0,3.9891
7033,10,21,1,weather_driven,historically_calibrated,0.558007,0.094861,6.3547,9.2764,0.0,2.9217
7034,10,21,2,weather_driven,historically_calibrated,0.852773,0.144971,8.4268,8.9468,0.0,0.52
7035,10,21,3,weather_driven,historically_calibrated,0.828865,0.140907,8.277,9.0452,0.0,0.7682
7036,10,21,4,weather_driven,historically_calibrated,0.592979,0.100807,6.63,9.0374,0.0,2.4074
7037,10,21,5,weather_driven,historically_calibrated,0.459757,0.078159,5.5276,9.189,0.0,3.6614
7038,10,21,6,weather_driven,historically_calibrated,0.663615,0.112815,7.159,10.3633,0.0,3.2043
7039,10,21,7,weather_driven,historically_calibrated,1.073404,0.182479,9.6925,12.8968,0.0,3.2043
7040,10,21,8,weather_driven,historically_calibrated,1.486725,0.252743,11.6368,14.3022,0.0091,2.6563
7041,10,21,9,weather_driven,historically_calibrated,1.145373,0.194713,10.0662,13.3352,0.0648,3.2043
7042,10,21,10,weather_driven,historically_calibrated,1.013186,0.172242,9.3661,12.5487,0.1218,3.0608
7043,10,21,11,weather_driven,historically_calibrated,0.87089,0.148051,8.5385,11.9544,0.3551,3.0608
7044,10,21,12,weather_driven,historically_calibrated,1.072042,0.182247,9.6853,12.8701,0.2631,2.9217
7045,10,21,13,weather_driven,historically_calibrated,1.124675,0.191195,9.9605,13.3915,0.2268,3.2043
7046,10,21,14,weather_driven,historically_calibrated,0.896461,0.152398,8.6935,12.4461,0.4005,3.3521
7047,10,21,15,weather_driven,historically_calibrated,1.078243,0.183301,9.7182,12.7331,0.2281,2.7869
7048,10,21,16,weather_driven,historically_calibrated,1.350927,0.229658,11.0478,14.1548,0.1853,2.9217
7049,10,21,17,weather_driven,historically_calibrated,1.715788,0.291684,12.5431,14.6797,0.0726,2.0641
7050,10,21,18,weather_driven,historically_calibrated,2.214827,0.376521,14.2252,15.1837,0.0091,0.9494
7051,10,21,19,weather_driven,historically_calibrated,2.239552,0.380724,14.3002,14.6322,0.0,0.332
7052,10,21,20,weather_driven,historically_calibrated,2.780474,0.472681,15.7879,15.8426,0.0,0.0548
7053,10,21,21,weather_driven,historically_calibrated,2.557924,0.434847,15.2083,15.2107,0.0,0.0024
7054,10,21,22,weather_driven,historically_calibrated,2.414115,0.4104,14.8106,14.8106,0.0,0.0
7055,10,21,23,weather_driven,historically_calibrated,2.181433,0.370844,14.1229,14.1243,0.0,0.0014
7056,10,21,24,weather_driven,historically_calibrated,1.401534,0.238261,11.2723,11.2761,0.0,0.0038
7057,10,22,1,weather_driven,historically_calibrated,1.299512,0.220917,10.8131,10.8138,0.0,0.0007
7058,10,22,2,weather_driven,historically_calibrated,1.275198,0.216784,10.6997,10.6998,0.0,0.0001
7059,10,22,3,weather_driven,historically_calibrated,1.246723,0.211943,10.5649,10.5649,0.0,0.0
7060,10,22,4,weather_driven,historically_calibrated,1.212058,0.20605,10.3978,10.3978,0.0,0.0
7061,10,22,5,weather_driven,historically_calibrated,1.230049,0.209108,10.485,10.4888,0.0,0.0038
7062,10,22,6,weather_driven,historically_calibrated,1.281646,0.21788,10.73,10.7492,0.0,0.0193
7063,10,22,7,weather_driven,historically_calibrated,1.9413,0.330021,13.3465,13.3771,0.0,0.0306
7064,10,22,8,weather_driven,historically_calibrated,1.99977,0.339961,13.5425,13.5708,0.0039,0.0245
7065,10,22,9,weather_driven,historically_calibrated,1.95088,0.33165,13.3789,13.4966,0.0285,0.0892
7066,10,22,10,weather_driven,historically_calibrated,1.620121,0.275421,12.1768,12.6514,0.1426,0.332
7067,10,22,11,weather_driven,historically_calibrated,1.19389,0.202961,10.3088,11.8144,0.1944,1.3112
7068,10,22,12,weather_driven,historically_calibrated,1.052351,0.1789,9.5799,11.1114,0.2203,1.3112
7069,10,22,13,weather_driven,historically_calibrated,0.962532,0.16363,9.081,10.4173,0.2514,1.0848
7070,10,22,14,weather_driven,historically_calibrated,0.705078,0.119863,7.4543,10.1902,0.2061,2.5298
7071,10,22,15,weather_driven,historically_calibrated,0.508217,0.086397,5.9461,10.2512,0.1452,4.16
7072,10,22,16,weather_driven,historically_calibrated,0.899097,0.152846,8.7093,10.9319,0.048,2.1746
7073,10,22,17,weather_driven,historically_calibrated,1.199664,0.203943,10.3372,12.0159,0.0194,1.6593
7074,10,22,18,weather_driven,historically_calibrated,0.990022,0.168304,9.237,12.0251,0.0013,2.7869
7075,10,22,19,weather_driven,historically_calibrated,1.458017,0.247863,11.5158,12.3416,0.0,0.8257
7076,10,22,20,weather_driven,historically_calibrated,1.519193,0.258263,11.7716,12.3832,0.0,0.6116
7077,10,22,21,weather_driven,historically_calibrated,1.504676,0.255795,11.7116,11.9563,0.0,0.2447
7078,10,22,22,weather_driven,historically_calibrated,1.454993,0.247349,11.503,11.5921,0.0,0.0892
7079,10,22,23,weather_driven,historically_calibrated,1.397937,0.237649,11.2565,11.4524,0.0,0.1959
7080,10,22,24,weather_driven,historically_calibrated,0.9486,0.161262,9.0008,9.175,0.0,0.1741
7081,10,23,1,weather_driven,historically_calibrated,0.868521,0.147649,8.524,8.7433,0.0,0.2194
7082,10,23,2,weather_driven,historically_calibrated,0.827914,0.140745,8.271,8.7091,0.0,0.4381
7083,10,23,3,weather_driven,historically_calibrated,0.594119,0.101,6.6388,8.8134,0.0,2.1746
7084,10,23,4,weather_driven,historically_calibrated,0.89097,0.151465,8.6605,8.9614,0.0,0.3009
7085,10,23,5,weather_driven,historically_calibrated,0.903887,0.153661,8.738,9.07,0.0,0.332
7086,10,23,6,weather_driven,historically_calibrated,0.814851,0.138525,8.188,9.2036,0.0,1.0156
7087,10,23,7,weather_driven,historically_calibrated,0.988642,0.168069,9.2292,11.2933,0.0,2.0641
7088,10,23,8,weather_driven,historically_calibrated,0.872929,0.148398,8.5509,11.7604,0.0052,3.2043
7089,10,23,9,weather_driven,historically_calibrated,0.599676,0.101945,6.6816,11.9992,0.0285,5.2891
7090,10,23,10,weather_driven,historically_calibrated,0.437721,0.074412,5.33,11.553,0.0778,6.1452
7091,10,23,11,weather_driven,historically_calibrated,0.728335,0.123817,7.6153,12.4041,0.0868,4.702
7092,10,23,12,weather_driven,historically_calibrated,0.927837,0.157732,8.8799,11.687,0.2773,2.5298
7093,10,23,13,weather_driven,historically_calibrated,1.043199,0.177344,9.5304,10.7794,0.3629,0.8861
7094,10,23,14,weather_driven,historically_calibrated,1.153755,0.196138,10.1086,10.5553,0.3434,0.1032
7095,10,23,15,weather_driven,historically_calibrated,1.23644,0.210195,10.5157,10.7869,0.2631,0.0081
7096,10,23,16,weather_driven,historically_calibrated,1.342925,0.228297,11.0117,11.2103,0.1529,0.0457
7097,10,23,17,weather_driven,historically_calibrated,1.466235,0.24926,11.5506,11.6103,0.0596,0.0
7098,10,23,18,weather_driven,historically_calibrated,1.578426,0.268332,12.0118,12.0251,0.0052,0.0081
7099,10,23,19,weather_driven,historically_calibrated,1.726506,0.293506,12.5831,12.5831,0.0,0.0
7100,10,23,20,weather_driven,historically_calibrated,1.753142,0.298034,12.6818,12.6818,0.0,0.0
7101,10,23,21,weather_driven,historically_calibrated,1.729323,0.293985,12.5936,12.5936,0.0,0.0
7102,10,23,22,weather_driven,historically_calibrated,1.641409,0.27904,12.2597,12.2597,0.0,0.0
7103,10,23,23,weather_driven,historically_calibrated,1.532554,0.260534,11.8264,11.8264,0.0,0.0
7104,10,23,24,weather_driven,historically_calibrated,1.064638,0.180988,9.6458,9.6458,0.0,0.0
7105,10,24,1,weather_driven,historically_calibrated,1.06288,0.18069,9.6364,9.6365,0.0,0.0001
7106,10,24,2,weather_driven,historically_calibrated,1.110368,0.188763,9.8866,9.8873,0.0,0.0007
7107,10,24,3,weather_driven,historically_calibrated,1.124011,0.191082,9.957,9.9947,0.0,0.0376
7108,10,24,4,weather_driven,historically_calibrated,1.088476,0.185041,9.7722,9.9463,0.0,0.1741
7109,10,24,5,weather_driven,historically_calibrated,1.148937,0.195319,10.0843,10.2801,0.0,0.1959
7110,10,24,6,weather_driven,historically_calibrated,1.266766,0.21535,10.6601,10.7492,0.0,0.0892
7111,10,24,7,weather_driven,historically_calibrated,2.037685,0.346406,13.6671,13.6976,0.0,0.0306
7112,10,24,8,weather_driven,historically_calibrated,2.052398,0.348908,13.7149,13.7903,0.0104,0.065
7113,10,24,9,weather_driven,historically_calibrated,1.991094,0.338486,13.5137,13.6075,0.0881,0.0057
7114,10,24,10,weather_driven,historically_calibrated,1.783179,0.30314,12.7916,12.9809,0.1879,0.0014
7115,10,24,11,weather_driven,historically_calibrated,1.543578,0.262408,11.8714,12.2433,0.372,0.0
7116,10,24,12,weather_driven,historically_calibrated,1.293451,0.219887,10.785,11.2684,0.4834,0.0
7117,10,24,13,weather_driven,historically_calibrated,1.112516,0.189128,9.8977,10.3656,0.4679,0.0
7118,10,24,14,weather_driven,historically_calibrated,1.105266,0.187895,9.8601,10.2423,0.3784,0.0038
7119,10,24,15,weather_driven,historically_calibrated,1.175506,0.199836,10.2177,10.5191,0.3007,0.0007
7120,10,24,16,weather_driven,historically_calibrated,1.353748,0.230137,11.0604,11.2103,0.1387,0.0111
7121,10,24,17,weather_driven,historically_calibrated,1.478458,0.251338,11.6022,11.6682,0.0622,0.0038
7122,10,24,18,weather_driven,historically_calibrated,1.610925,0.273857,12.1407,12.1446,0.0039,0.0
7123,10,24,19,weather_driven,historically_calibrated,1.809071,0.307542,12.8851,12.8851,0.0,0.0
7124,10,24,20,weather_driven,historically_calibrated,1.852656,0.314951,13.0401,13.0401,0.0,0.0
7125,10,24,21,weather_driven,historically_calibrated,1.775876,0.301899,12.765,12.7674,0.0,0.0024
7126,10,24,22,weather_driven,historically_calibrated,1.629171,0.276959,12.2122,12.3154,0.0,0.1032
7127,10,24,23,weather_driven,historically_calibrated,1.542252,0.262183,11.866,12.0401,0.0,0.1741
7128,10,24,24,weather_driven,historically_calibrated,1.072132,0.182262,9.6857,9.7314,0.0,0.0457
7129,10,25,1,weather_driven,historically_calibrated,0.964895,0.164032,9.0946,9.1493,0.0,0.0548
7130,10,25,2,weather_driven,historically_calibrated,0.94646,0.160898,8.9885,9.0341,0.0,0.0457
7131,10,25,3,weather_driven,historically_calibrated,0.863521,0.146799,8.4932,9.0578,0.0,0.5645
7132,10,25,4,weather_driven,historically_calibrated,0.865437,0.147124,8.505,9.3308,0.0,0.8257
7133,10,25,5,weather_driven,historically_calibrated,0.923025,0.156914,8.8515,9.7377,0.0,0.8861
7134,10,25,6,weather_driven,historically_calibrated,0.956144,0.162544,9.0444,10.2769,0.0,1.2326
7135,10,25,7,weather_driven,historically_calibrated,1.279855,0.217575,10.7216,12.8962,0.0,2.1746
7136,10,25,8,weather_driven,historically_calibrated,1.531268,0.260316,11.8212,12.9125,0.0065,1.0848
7137,10,25,9,weather_driven,historically_calibrated,1.288615,0.219065,10.7625,12.5538,0.0363,1.755
7138,10,25,10,weather_driven,historically_calibrated,1.103394,0.187577,9.8503,12.1571,0.1322,2.1746
7139,10,25,11,weather_driven,historically_calibrated,1.034368,0.175843,9.4824,11.4927,0.2553,1.755
7140,10,25,12,weather_driven,historically_calibrated,0.935385,0.159015,8.924,10.9021,0.3188,1.6593
7141,10,25,13,weather_driven,historically_calibrated,0.966722,0.164343,9.105,10.3138,0.3227,0.8861
7142,10,25,14,weather_driven,historically_calibrated,0.920575,0.156498,8.8371,10.3466,0.1983,1.3112
7143,10,25,15,weather_driven,historically_calibrated,1.008502,0.171445,9.3402,10.5191,0.1633,1.0156
7144,10,25,16,weather_driven,historically_calibrated,1.223291,0.207959,10.4523,10.9876,0.0972,0.4381
7145,10,25,17,weather_driven,historically_calibrated,1.385754,0.235578,11.203,11.4364,0.0376,0.1959
7146,10,25,18,weather_driven,historically_calibrated,1.449438,0.246404,11.4793,11.7266,0.0026,0.2447
7147,10,25,19,weather_driven,historically_calibrated,1.59686,0.271466,12.0852,12.2208,0.0,0.1356
7148,10,25,20,weather_driven,historically_calibrated,1.653566,0.281106,12.3067,12.3832,0.0,0.0764
7149,10,25,21,weather_driven,historically_calibrated,1.606174,0.27305,12.122,12.1301,0.0,0.0081
7150,10,25,22,weather_driven,historically_calibrated,1.514757,0.257509,11.7533,11.759,0.0,0.0057
7151,10,25,23,weather_driven,historically_calibrated,1.46811,0.249579,11.5586,11.5593,0.0,0.0007
7152,10,25,24,weather_driven,historically_calibrated,1.072666,0.182353,9.6886,9.6886,0.0,0.0
7153,10,26,1,weather_driven,historically_calibrated,1.025423,0.174322,9.4335,9.4335,0.0,0.0
7154,10,26,2,weather_driven,historically_calibrated,0.99007,0.168312,9.2372,9.2372,0.0,0.0
7155,10,26,3,weather_driven,historically_calibrated,0.987132,0.167812,9.2207,9.2207,0.0,0.0
7156,10,26,4,weather_driven,historically_calibrated,1.014216,0.172417,9.3718,9.3718,0.0,0.0
7157,10,26,5,weather_driven,historically_calibrated,1.089848,0.185274,9.7794,9.7794,0.0,0.0
7158,10,26,6,weather_driven,historically_calibrated,1.187445,0.201866,10.2769,10.2769,0.0,0.0
7159,10,26,7,weather_driven,historically_calibrated,1.903368,0.323573,13.2168,13.2168,0.0,0.0
7160,10,26,8,weather_driven,historically_calibrated,2.072929,0.352398,13.7812,13.7903,0.0091,0.0
7161,10,26,9,weather_driven,historically_calibrated,1.943577,0.330408,13.3542,13.4411,0.0855,0.0014
7162,10,26,10,weather_driven,historically_calibrated,1.687796,0.286925,12.4376,12.6514,0.21,0.0038
7163,10,26,11,weather_driven,historically_calibrated,1.368314,0.232613,11.1256,11.4927,0.359,0.0081
7164,10,26,12,weather_driven,historically_calibrated,1.146753,0.194948,10.0732,10.5359,0.4251,0.0376
7165,10,26,13,weather_driven,historically_calibrated,1.01479,0.172514,9.375,9.7965,0.3668,0.0548
7166,10,26,14,weather_driven,historically_calibrated,0.987301,0.167841,9.2217,9.6164,0.276,0.1187
7167,10,26,15,weather_driven,historically_calibrated,0.9747,0.165699,9.1504,9.6084,0.2838,0.1741
7168,10,26,16,weather_driven,historically_calibrated,1.085305,0.184502,9.7555,10.0968,0.1672,0.1741
7169,10,26,17,weather_driven,historically_calibrated,1.243558,0.211405,10.5498,10.7411,0.0726,0.1187
7170,10,26,18,weather_driven,historically_calibrated,1.49993,0.254988,11.6919,11.7863,0.0052,0.0892
7171,10,26,19,weather_driven,historically_calibrated,1.735008,0.294951,12.6147,12.7039,0.0,0.0892
7172,10,26,20,weather_driven,historically_calibrated,1.764851,0.300025,12.7247,12.8012,0.0,0.0764
7173,10,26,21,weather_driven,historically_calibrated,1.647727,0.280114,12.2842,12.4198,0.0,0.1356
7174,10,26,22,weather_driven,historically_calibrated,1.497217,0.254527,11.6806,11.9816,0.0,0.3009
7175,10,26,23,weather_driven,historically_calibrated,1.400004,0.238001,11.2656,11.6661,0.0,0.4005
7176,10,26,24,weather_driven,historically_calibrated,0.902187,0.153372,8.7279,9.389,0.0,0.6611
7177,10,27,1,weather_driven,historically_calibrated,0.716987,0.121888,7.5372,8.3053,0.0,0.7682
7178,10,27,2,weather_driven,historically_calibrated,0.693159,0.117837,7.3705,8.3861,0.0,1.0156
7179,10,27,3,weather_driven,historically_calibrated,0.676364,0.114982,7.251,8.4081,0.0,1.1571
7180,10,27,4,weather_driven,historically_calibrated,0.746748,0.126947,7.7406,8.5088,0.0,0.7682
7181,10,27,5,weather_driven,historically_calibrated,0.83692,0.142276,8.3278,8.7283,0.0,0.4005
7182,10,27,6,weather_driven,historically_calibrated,0.877048,0.149098,8.5761,8.9413,0.0,0.3652
7183,10,27,7,weather_driven,historically_calibrated,1.277976,0.217256,10.7128,11.078,0.0,0.3652
7184,10,27,8,weather_driven,historically_calibrated,1.255468,0.21343,10.6066,11.2233,0.0052,0.6116
7185,10,27,9,weather_driven,historically_calibrated,1.161204,0.197405,10.1461,11.0393,0.0674,0.8257
7186,10,27,10,weather_driven,historically_calibrated,0.961682,0.163486,9.0762,10.3256,0.1646,1.0848
7187,10,27,11,weather_driven,historically_calibrated,0.797626,0.135596,8.0771,9.3895,0.2968,1.0156
7188,10,27,12,weather_driven,historically_calibrated,0.686492,0.116704,7.3233,8.7303,0.3914,1.0156
7189,10,27,13,weather_driven,historically_calibrated,0.527387,0.089656,6.1059,8.0133,0.429,1.4784
7190,10,27,14,weather_driven,historically_calibrated,0.524345,0.089139,6.0807,7.8394,0.3655,1.3932
7191,10,27,15,weather_driven,historically_calibrated,0.566495,0.096304,6.4224,8.0019,0.2683,1.3112
7192,10,27,16,weather_driven,historically_calibrated,0.684453,0.116357,7.3088,8.3159,0.1814,0.8257
7193,10,27,17,weather_driven,historically_calibrated,0.890418,0.151371,8.6572,9.1354,0.0778,0.4005
7194,10,27,18,weather_driven,historically_calibrated,1.011444,0.171945,9.3565,9.5797,0.0039,0.2194
7195,10,27,19,weather_driven,historically_calibrated,1.106551,0.188114,9.8667,10.0208,0.0,0.1541
7196,10,27,20,weather_driven,historically_calibrated,1.105421,0.187922,9.8609,9.9641,0.0,0.1032
7197,10,27,21,weather_driven,historically_calibrated,1.052013,0.178842,9.5781,9.6672,0.0,0.0892
7198,10,27,22,weather_driven,historically_calibrated,0.979845,0.166574,9.1796,9.2828,0.0,0.1032
7199,10,27,23,weather_driven,historically_calibrated,0.921867,0.156717,8.8447,8.9634,0.0,0.1187
7200,10,27,24,weather_driven,historically_calibrated,0.644996,0.109649,7.0229,7.1415,0.0,0.1187
7201,10,28,1,weather_driven,historically_calibrated,0.598907,0.101814,6.6757,6.8113,0.0,0.1356
7202,10,28,2,weather_driven,historically_calibrated,0.601757,0.102299,6.6976,6.8163,0.0,0.1187
7203,10,28,3,weather_driven,historically_calibrated,0.604087,0.102695,6.7155,6.8341,0.0,0.1187
7204,10,28,4,weather_driven,historically_calibrated,0.61635,0.10478,6.8088,6.8853,0.0,0.0764
7205,10,28,5,weather_driven,historically_calibrated,0.626588,0.10652,6.886,6.9624,0.0,0.0764
7206,10,28,6,weather_driven,historically_calibrated,0.659189,0.112062,7.1269,7.2033,0.0,0.0764
7207,10,28,7,weather_driven,historically_calibrated,0.884489,0.150363,8.6213,8.866,0.0,0.2447
7208,10,28,8,weather_driven,historically_calibrated,0.859593,0.146131,8.469,8.9521,0.0052,0.4779
7209,10,28,9,weather_driven,historically_calibrated,0.778431,0.132333,7.9518,8.5902,0.0739,0.5645
7210,10,28,10,weather_driven,historically_calibrated,0.694092,0.117996,7.3771,8.0519,0.197,0.4779
7211,10,28,11,weather_driven,historically_calibrated,0.567865,0.096537,6.4333,7.3179,0.3201,0.5645
7212,10,28,12,weather_driven,historically_calibrated,0.453572,0.077107,5.4727,6.7567,0.3979,0.8861
7213,10,28,13,weather_driven,historically_calibrated,0.408038,0.069367,5.056,6.4902,0.4186,1.0156
7214,10,28,14,weather_driven,historically_calibrated,0.427347,0.072649,5.2353,6.5437,0.359,0.9494
7215,10,28,15,weather_driven,historically_calibrated,0.456816,0.077659,5.5015,6.7205,0.2696,0.9494
7216,10,28,16,weather_driven,historically_calibrated,0.520359,0.088461,6.0476,6.9843,0.1685,0.7682
7217,10,28,17,weather_driven,historically_calibrated,0.604907,0.102834,6.7217,7.2696,0.07,0.4779
7218,10,28,18,weather_driven,historically_calibrated,0.684545,0.116373,7.3094,7.8766,0.0026,0.5645
7219,10,28,19,weather_driven,historically_calibrated,0.760663,0.129313,7.8341,8.3541,0.0,0.52
7220,10,28,20,weather_driven,historically_calibrated,0.786638,0.133728,8.0056,8.3708,0.0,0.3652
7221,10,28,21,weather_driven,historically_calibrated,0.732458,0.124518,7.6436,8.1214,0.0,0.4779
7222,10,28,22,weather_driven,historically_calibrated,0.653478,0.111091,7.0852,7.7985,0.0,0.7133
7223,10,28,23,weather_driven,historically_calibrated,0.618448,0.105136,6.8247,7.538,0.0,0.7133
7224,10,28,24,weather_driven,historically_calibrated,0.42495,0.072241,5.2133,6.039,0.0,0.8257
7225,10,29,1,weather_driven,historically_calibrated,0.434837,0.073922,5.3038,6.3886,0.0,1.0848
7226,10,29,2,weather_driven,historically_calibrated,0.448841,0.076303,5.4303,6.5152,0.0,1.0848
7227,10,29,3,weather_driven,historically_calibrated,0.487327,0.082846,5.7683,6.6545,0.0,0.8861
7228,10,29,4,weather_driven,historically_calibrated,0.497197,0.084523,5.8528,6.8684,0.0,1.0156
7229,10,29,5,weather_driven,historically_calibrated,0.528642,0.089869,6.1162,6.9419,0.0,0.8257
7230,10,29,6,weather_driven,historically_calibrated,0.558658,0.094972,6.3599,7.1857,0.0,0.8257
7231,10,29,7,weather_driven,historically_calibrated,0.821093,0.139586,8.2278,8.8889,0.0,0.6611
7232,10,29,8,weather_driven,historically_calibrated,0.875038,0.148757,8.5638,9.1819,0.0065,0.6116
7233,10,29,9,weather_driven,historically_calibrated,0.827051,0.140599,8.2656,9.1154,0.0816,0.7682
7234,10,29,10,weather_driven,historically_calibrated,0.688015,0.116963,7.3341,8.5324,0.1827,1.0156
7235,10,29,11,weather_driven,historically_calibrated,0.551429,0.093743,6.3019,7.7934,0.3344,1.1571
7236,10,29,12,weather_driven,historically_calibrated,0.440099,0.074817,5.3516,7.2396,0.4095,1.4784
7237,10,29,13,weather_driven,historically_calibrated,0.408304,0.069412,5.0585,7.0546,0.429,1.5671
7238,10,29,14,weather_driven,historically_calibrated,0.436517,0.074208,5.3191,7.1127,0.4005,1.3932
7239,10,29,15,weather_driven,historically_calibrated,0.498659,0.084772,5.8652,7.3049,0.2825,1.1571
7240,10,29,16,weather_driven,historically_calibrated,0.59672,0.101442,6.6589,7.5916,0.1646,0.7682
7241,10,29,17,weather_driven,historically_calibrated,0.721803,0.122707,7.5704,8.2494,0.0674,0.6116
7242,10,29,18,weather_driven,historically_calibrated,0.902735,0.153465,8.7311,9.0989,0.0026,0.3652
7243,10,29,19,weather_driven,historically_calibrated,0.983863,0.167257,9.2023,9.5032,0.0,0.3009
7244,10,29,20,weather_driven,historically_calibrated,0.964417,0.163951,9.0918,9.457,0.0,0.3652
7245,10,29,21,weather_driven,historically_calibrated,0.94567,0.160764,8.9839,9.3491,0.0,0.3652
7246,10,29,22,weather_driven,historically_calibrated,0.882746,0.150067,8.6107,9.0886,0.0,0.4779
7247,10,29,23,weather_driven,historically_calibrated,0.830867,0.141247,8.2897,8.7277,0.0,0.4381
7248,10,29,24,weather_driven,historically_calibrated,0.614687,0.104497,6.7962,6.9921,0.0,0.1959
7249,10,30,1,weather_driven,historically_calibrated,0.616601,0.104822,6.8107,6.8352,0.0,0.0245
7250,10,30,2,weather_driven,historically_calibrated,0.642079,0.109153,7.0013,7.0027,0.0,0.0014
7251,10,30,3,weather_driven,historically_calibrated,0.678391,0.115326,7.2655,7.2655,0.0,0.0
7252,10,30,4,weather_driven,historically_calibrated,0.74521,0.126686,7.7302,7.7302,0.0,0.0
7253,10,30,5,weather_driven,historically_calibrated,0.802713,0.136461,8.11,8.1103,0.0,0.0003
7254,10,30,6,weather_driven,historically_calibrated,0.853413,0.14508,8.4308,8.4308,0.0,0.0
7255,10,30,7,weather_driven,historically_calibrated,1.198517,0.203748,10.3315,10.3315,0.0,0.0
7256,10,30,8,weather_driven,historically_calibrated,1.24404,0.211487,10.5521,10.5534,0.0013,0.0
7257,10,30,9,weather_driven,historically_calibrated,1.257255,0.213733,10.6151,10.6682,0.0531,0.0
7258,10,30,10,weather_driven,historically_calibrated,1.155256,0.196394,10.1162,10.2899,0.1737,0.0
7259,10,30,11,weather_driven,historically_calibrated,1.053776,0.179142,9.5875,9.8843,0.2968,0.0
7260,10,30,12,weather_driven,historically_calibrated,0.946867,0.160967,8.9908,9.3848,0.394,0.0
7261,10,30,13,weather_driven,historically_calibrated,0.849939,0.14449,8.4092,8.8136,0.4044,0.0
7262,10,30,14,weather_driven,historically_calibrated,0.828909,0.140914,8.2773,8.6254,0.3473,0.0007
7263,10,30,15,weather_driven,historically_calibrated,0.861256,0.146414,8.4793,8.6977,0.2177,0.0007
7264,10,30,16,weather_driven,historically_calibrated,0.92573,0.157374,8.8675,8.9834,0.1011,0.0148
7265,10,30,17,weather_driven,historically_calibrated,1.022218,0.173777,9.4159,9.4663,0.0311,0.0193
7266,10,30,18,weather_driven,historically_calibrated,1.175459,0.199828,10.2175,10.2336,0.0013,0.0148
7267,10,30,19,weather_driven,historically_calibrated,1.31248,0.223122,10.8729,10.8922,0.0,0.0193
7268,10,30,20,weather_driven,historically_calibrated,1.393576,0.236908,11.2374,11.2485,0.0,0.0111
7269,10,30,21,weather_driven,historically_calibrated,1.338501,0.227545,10.9917,11.0293,0.0,0.0376
7270,10,30,22,weather_driven,historically_calibrated,1.246991,0.211989,10.5662,10.5907,0.0,0.0245
7271,10,30,23,weather_driven,historically_calibrated,1.162166,0.197568,10.151,10.1702,0.0,0.0193
7272,10,30,24,weather_driven,historically_calibrated,0.820222,0.139438,8.2222,8.2334,0.0,0.0111
7273,10,31,1,weather_driven,historically_calibrated,0.780631,0.132707,7.9663,7.972,0.0,0.0057
7274,10,31,2,weather_driven,historically_calibrated,0.794839,0.135123,8.059,8.059,0.0,0.0
7275,10,31,3,weather_driven,historically_calibrated,0.798096,0.135676,8.0802,8.0802,0.0,0.0
7276,10,31,4,weather_driven,historically_calibrated,0.813867,0.138357,8.1817,8.1817,0.0,0.0
7277,10,31,5,weather_driven,historically_calibrated,0.82231,0.139793,8.2355,8.2355,0.0,0.0
7278,10,31,6,weather_driven,historically_calibrated,0.853364,0.145072,8.4305,8.4308,0.0,0.0003
7279,10,31,7,weather_driven,historically_calibrated,1.166062,0.198231,10.1705,10.1712,0.0,0.0007
7280,10,31,8,weather_driven,historically_calibrated,1.187618,0.201895,10.2778,10.2791,0.0013,0.0
7281,10,31,9,weather_driven,historically_calibrated,1.17136,0.199131,10.197,10.2245,0.0272,0.0003
7282,10,31,10,weather_driven,historically_calibrated,1.107101,0.188207,9.8696,9.9603,0.0907,0.0
7283,10,31,11,weather_driven,historically_calibrated,1.042244,0.177182,9.5252,9.6163,0.0907,0.0003
7284,10,31,12,weather_driven,historically_calibrated,0.988335,0.168017,9.2275,9.3325,0.105,0.0
7285,10,31,13,weather_driven,historically_calibrated,0.831187,0.141302,8.2917,8.5549,0.2631,0.0001
7286,10,31,14,weather_driven,historically_calibrated,0.824173,0.140109,8.2473,8.4689,0.2177,0.0038
7287,10,31,15,weather_driven,historically_calibrated,0.86419,0.146912,8.4974,8.6441,0.1387,0.0081
7288,10,31,16,weather_driven,historically_calibrated,0.912233,0.15508,8.7877,8.9277,0.1024,0.0376
7289,10,31,17,weather_driven,historically_calibrated,1.002447,0.170416,9.3065,9.3504,0.0415,0.0024
7290,10,31,18,weather_driven,historically_calibrated,1.142663,0.194253,10.0524,10.0544,0.0013,0.0007
7291,10,31,19,weather_driven,historically_calibrated,1.238198,0.210494,10.5241,10.5299,0.0,0.0057
7292,10,31,20,weather_driven,historically_calibrated,1.289174,0.21916,10.7651,10.7708,0.0,0.0057
7293,10,31,21,weather_driven,historically_calibrated,1.249474,0.212411,10.5781,10.6237,0.0,0.0457
7294,10,31,22,weather_driven,historically_calibrated,1.156969,0.196685,10.1248,10.2013,0.0,0.0764
7295,10,31,23,weather_driven,historically_calibrated,1.017238,0.17293,9.3885,9.6894,0.0,0.3009
7296,10,31,24,weather_driven,historically_calibrated,0.669245,0.113772,7.1997,7.7197,0.0,0.52
7297,11,1,1,weather_driven,historically_calibrated,0.675028,0.114755,7.2414,7.6066,0.0,0.3652
7298,11,1,2,weather_driven,historically_calibrated,0.686136,0.116643,7.3207,7.6528,0.0,0.332
7299,11,1,3,weather_driven,historically_calibrated,0.704945,0.119841,7.4534,7.7543,0.0,0.3009
7300,11,1,4,weather_driven,historically_calibrated,0.772744,0.131366,7.9143,8.0175,0.0,0.1032
7301,11,1,5,weather_driven,historically_calibrated,0.882151,0.149966,8.6071,8.6528,0.0,0.0457
7302,11,1,6,weather_driven,historically_calibrated,0.954895,0.162332,9.0372,9.0748,0.0,0.0376
7303,11,1,7,weather_driven,historically_calibrated,1.284676,0.218395,10.7441,10.759,0.0,0.0148
7304,11,1,8,weather_driven,historically_calibrated,1.254476,0.213261,10.6019,10.6083,0.0026,0.0038
7305,11,1,9,weather_driven,historically_calibrated,1.222579,0.207839,10.4489,10.5018,0.0505,0.0024
7306,11,1,10,weather_driven,historically_calibrated,1.155152,0.196376,10.1157,10.2899,0.1685,0.0057
7307,11,1,11,weather_driven,historically_calibrated,1.031663,0.175383,9.4677,9.7235,0.2501,0.0057
7308,11,1,12,weather_driven,historically_calibrated,0.909233,0.15457,8.7699,9.1232,0.3421,0.0111
7309,11,1,13,weather_driven,historically_calibrated,0.78242,0.133011,7.978,8.3997,0.2475,0.1741
7310,11,1,14,weather_driven,historically_calibrated,0.914844,0.155524,8.8032,8.8862,0.0829,0.0
7311,11,1,15,weather_driven,historically_calibrated,0.867964,0.147554,8.5205,9.287,0.0531,0.7133
7312,11,1,16,weather_driven,historically_calibrated,0.932098,0.158457,8.9048,9.4844,0.0596,0.52
7313,11,1,17,weather_driven,historically_calibrated,1.099174,0.18686,9.8283,10.1616,0.0324,0.3009
7314,11,1,18,weather_driven,historically_calibrated,1.195925,0.203307,10.3188,10.5919,0.0013,0.2718
7315,11,1,19,weather_driven,historically_calibrated,1.355936,0.230509,11.0703,11.3149,0.0,0.2447
7316,11,1,20,weather_driven,historically_calibrated,1.430537,0.243191,11.3983,11.4874,0.0,0.0892
7317,11,1,21,weather_driven,historically_calibrated,1.449988,0.246498,11.4816,11.4928,0.0,0.0111
7318,11,1,22,weather_driven,historically_calibrated,1.502692,0.255458,11.7034,11.7034,0.0,0.0
7319,11,1,23,weather_driven,historically_calibrated,1.393879,0.236959,11.2387,11.2387,0.0,0.0
7320,11,1,24,weather_driven,historically_calibrated,1.01733,0.172946,9.389,9.389,0.0,0.0
7321,11,2,1,weather_driven,historically_calibrated,0.988871,0.168108,9.2305,9.2305,0.0,0.0
7322,11,2,2,weather_driven,historically_calibrated,0.933363,0.158672,8.9122,8.9122,0.0,0.0
7323,11,2,3,weather_driven,historically_calibrated,0.951405,0.161739,9.017,9.017,0.0,0.0
7324,11,2,4,weather_driven,historically_calibrated,1.051816,0.178809,9.577,9.577,0.0,0.0
7325,11,2,5,weather_driven,historically_calibrated,1.02763,0.174697,9.4456,9.4456,0.0,0.0
7326,11,2,6,weather_driven,historically_calibrated,1.030481,0.175182,9.4612,9.4612,0.0,0.0
7327,11,2,7,weather_driven,historically_calibrated,1.545951,0.262812,11.881,11.881,0.0,0.0
7328,11,2,8,weather_driven,historically_calibrated,1.625464,0.276329,12.1977,12.1993,0.0013,0.0003
7329,11,2,9,weather_driven,historically_calibrated,1.623016,0.275913,12.1881,12.221,0.0272,0.0057
7330,11,2,10,weather_driven,historically_calibrated,1.46255,0.248634,11.535,11.6628,0.0972,0.0306
7331,11,2,11,weather_driven,historically_calibrated,1.36196,0.231533,11.0972,11.4391,0.0972,0.2447
7332,11,2,12,weather_driven,historically_calibrated,1.08276,0.184069,9.7421,10.5882,0.2346,0.6116
7333,11,2,13,weather_driven,historically_calibrated,1.032086,0.175455,9.47,10.3138,0.1827,0.6611
7334,11,2,14,weather_driven,historically_calibrated,1.171939,0.19923,10.1999,11.2855,0.07,1.0156
7335,11,2,15,weather_driven,historically_calibrated,1.118012,0.190062,9.9261,11.2155,0.1322,1.1571
7336,11,2,16,weather_driven,historically_calibrated,1.011851,0.172015,9.3587,11.767,0.1192,2.289
7337,11,2,17,weather_driven,historically_calibrated,1.561424,0.265442,11.9436,12.5953,0.0402,0.6116
7338,11,2,18,weather_driven,historically_calibrated,1.800466,0.306079,12.8541,13.1001,0.0013,0.2447
7339,11,2,19,weather_driven,historically_calibrated,1.913917,0.325366,13.253,13.3078,0.0,0.0548
7340,11,2,20,weather_driven,historically_calibrated,1.91714,0.325914,13.2641,13.2789,0.0,0.0148
7341,11,2,21,weather_driven,historically_calibrated,1.755443,0.298425,12.6902,12.7095,0.0,0.0193
7342,11,2,22,weather_driven,historically_calibrated,1.702253,0.289383,12.4923,12.5379,0.0,0.0457
7343,11,2,23,weather_driven,historically_calibrated,1.497983,0.254657,11.6838,11.773,0.0,0.0892
7344,11,2,24,weather_driven,historically_calibrated,0.992098,0.168657,9.2486,9.3034,0.0,0.0548
7345,11,3,1,weather_driven,historically_calibrated,0.833068,0.141622,8.3036,8.38,0.0,0.0764
7346,11,3,2,weather_driven,historically_calibrated,0.839989,0.142798,8.3471,8.4235,0.0,0.0764
7347,11,3,3,weather_driven,historically_calibrated,0.869465,0.147809,8.5297,8.633,0.0,0.1032
7348,11,3,4,weather_driven,historically_calibrated,0.890352,0.15136,8.6568,8.8108,0.0,0.1541
7349,11,3,5,weather_driven,historically_calibrated,0.931247,0.158312,8.8998,9.0355,0.0,0.1356
7350,11,3,6,weather_driven,historically_calibrated,0.972936,0.165399,9.1404,9.3363,0.0,0.1959
7351,11,3,7,weather_driven,historically_calibrated,1.240659,0.210912,10.5359,11.4221,0.0,0.8861
7352,11,3,8,weather_driven,historically_calibrated,1.29016,0.219327,10.7697,11.0719,0.0013,0.3009
7353,11,3,9,weather_driven,historically_calibrated,1.171632,0.199177,10.1984,10.478,0.035,0.2447
7354,11,3,10,weather_driven,historically_calibrated,1.002391,0.170406,9.3062,9.8709,0.0868,0.4779
7355,11,3,11,weather_driven,historically_calibrated,0.885878,0.150599,8.6297,9.4882,0.1452,0.7133
7356,11,3,12,weather_driven,historically_calibrated,0.813706,0.13833,8.1806,9.1635,0.2696,0.7133
7357,11,3,13,weather_driven,historically_calibrated,0.751139,0.127694,7.7702,8.7748,0.3434,0.6611
7358,11,3,14,weather_driven,historically_calibrated,0.754562,0.128276,7.7932,8.7991,0.3447,0.6611
7359,11,3,15,weather_driven,historically_calibrated,0.746649,0.12693,7.74,8.9876,0.232,1.0156
7360,11,3,16,weather_driven,historically_calibrated,0.796121,0.135341,8.0674,9.494,0.1153,1.3112
7361,11,3,17,weather_driven,historically_calibrated,1.048182,0.178191,9.5574,10.3083,0.0376,0.7133
7362,11,3,18,weather_driven,historically_calibrated,1.247584,0.212089,10.5691,10.7884,0.0,0.2194
7363,11,3,19,weather_driven,historically_calibrated,1.442705,0.24526,11.4505,11.4654,0.0,0.0148
7364,11,3,20,weather_driven,historically_calibrated,1.477331,0.251146,11.5974,11.6123,0.0,0.0148
7365,11,3,21,weather_driven,historically_calibrated,1.458527,0.24795,11.518,11.5328,0.0,0.0148
7366,11,3,22,weather_driven,historically_calibrated,1.425727,0.242374,11.3775,11.3813,0.0,0.0038
7367,11,3,23,weather_driven,historically_calibrated,1.390608,0.236403,11.2243,11.2244,0.0,0.0
7368,11,3,24,weather_driven,historically_calibrated,0.960785,0.163333,9.071,9.071,0.0,0.0
7369,11,4,1,weather_driven,historically_calibrated,0.91907,0.156242,8.8282,8.8282,0.0,0.0
7370,11,4,2,weather_driven,historically_calibrated,0.932883,0.15859,8.9094,8.9094,0.0,0.0
7371,11,4,3,weather_driven,historically_calibrated,0.93688,0.15927,8.9328,8.9328,0.0,0.0
7372,11,4,4,weather_driven,historically_calibrated,0.974737,0.165705,9.1506,9.1506,0.0,0.0
7373,11,4,5,weather_driven,historically_calibrated,1.029848,0.175074,9.4577,9.4577,0.0,0.0
7374,11,4,6,weather_driven,historically_calibrated,1.126198,0.191454,9.9683,9.9683,0.0,0.0
7375,11,4,7,weather_driven,historically_calibrated,1.771566,0.301166,12.7493,12.7493,0.0,0.0
7376,11,4,8,weather_driven,historically_calibrated,1.881205,0.319805,13.14,13.1413,0.0013,0.0
7377,11,4,9,weather_driven,historically_calibrated,1.763086,0.299725,12.7183,12.774,0.0557,0.0
7378,11,4,10,weather_driven,historically_calibrated,1.558873,0.265008,11.9333,12.0435,0.1102,0.0
7379,11,4,11,weather_driven,historically_calibrated,1.397289,0.237539,11.2537,11.4118,0.1581,0.0
7380,11,4,12,weather_driven,historically_calibrated,1.21124,0.205911,10.3938,10.6076,0.2138,0.0
7381,11,4,13,weather_driven,historically_calibrated,1.047965,0.178154,9.5562,9.8219,0.2657,0.0
7382,11,4,14,weather_driven,historically_calibrated,0.983696,0.167228,9.2013,9.4709,0.2696,0.0
7383,11,4,15,weather_driven,historically_calibrated,0.998312,0.169713,9.2834,9.4804,0.197,0.0
7384,11,4,16,weather_driven,historically_calibrated,1.062078,0.180553,9.6321,9.75,0.1179,0.0
7385,11,4,17,weather_driven,historically_calibrated,1.166069,0.198232,10.1705,10.2017,0.0311,0.0
7386,11,4,18,weather_driven,historically_calibrated,1.282399,0.218008,10.7335,10.7335,0.0,0.0
7387,11,4,19,weather_driven,historically_calibrated,1.394877,0.237129,11.2431,11.2431,0.0,0.0
7388,11,4,20,weather_driven,historically_calibrated,1.467818,0.249529,11.5573,11.5573,0.0,0.0
7389,11,4,21,weather_driven,historically_calibrated,1.400163,0.238028,11.2663,11.2663,0.0,0.0
7390,11,4,22,weather_driven,historically_calibrated,1.31173,0.222994,10.8695,10.8695,0.0,0.0
7391,11,4,23,weather_driven,historically_calibrated,1.292805,0.219777,10.782,10.782,0.0,0.0
7392,11,4,24,weather_driven,historically_calibrated,0.933583,0.158709,8.9135,8.9135,0.0,0.0
7393,11,5,1,weather_driven,historically_calibrated,0.988871,0.168108,9.2305,9.2305,0.0,0.0
7394,11,5,2,weather_driven,historically_calibrated,0.997319,0.169544,9.2779,9.2779,0.0,0.0
7395,11,5,3,weather_driven,historically_calibrated,0.979915,0.166586,9.18,9.18,0.0,0.0
7396,11,5,4,weather_driven,historically_calibrated,0.984811,0.167418,9.2076,9.2076,0.0,0.0
7397,11,5,5,weather_driven,historically_calibrated,1.042946,0.177301,9.529,9.529,0.0,0.0
7398,11,5,6,weather_driven,historically_calibrated,1.127779,0.191722,9.9764,9.9764,0.0,0.0
7399,11,5,7,weather_driven,historically_calibrated,1.640193,0.278833,12.255,12.255,0.0,0.0
7400,11,5,8,weather_driven,historically_calibrated,1.696961,0.288483,12.4723,12.4736,0.0013,0.0
7401,11,5,9,weather_driven,historically_calibrated,1.648014,0.280162,12.2853,12.332,0.0467,0.0
7402,11,5,10,weather_driven,historically_calibrated,1.527698,0.259709,11.8065,11.9374,0.1309,0.0
7403,11,5,11,weather_driven,historically_calibrated,1.387876,0.235939,11.2123,11.4391,0.2268,0.0
7404,11,5,12,weather_driven,historically_calibrated,1.244774,0.211612,10.5556,10.8498,0.2942,0.0
7405,11,5,13,weather_driven,historically_calibrated,1.103867,0.187657,9.8528,10.1586,0.3059,0.0
7406,11,5,14,weather_driven,historically_calibrated,1.095329,0.186206,9.8082,10.0337,0.2255,0.0
7407,11,5,15,weather_driven,historically_calibrated,1.141151,0.193996,10.0447,10.1977,0.1529,0.0
7408,11,5,16,weather_driven,historically_calibrated,1.212986,0.206208,10.4023,10.4865,0.0842,0.0
7409,11,5,17,weather_driven,historically_calibrated,1.344576,0.228578,11.0191,11.0308,0.0117,0.0
7410,11,5,18,weather_driven,historically_calibrated,1.437443,0.244365,11.428,11.428,0.0,0.0
7411,11,5,19,weather_driven,historically_calibrated,1.66226,0.282584,12.3402,12.3416,0.0,0.0014
7412,11,5,20,weather_driven,historically_calibrated,1.611844,0.274013,12.1443,12.1443,0.0,0.0
7413,11,5,21,weather_driven,historically_calibrated,1.549634,0.263438,11.8959,11.8984,0.0,0.0024
7414,11,5,22,weather_driven,historically_calibrated,1.528289,0.259809,11.809,11.8147,0.0,0.0057
7415,11,5,23,weather_driven,historically_calibrated,1.499222,0.254868,11.689,11.7196,0.0,0.0306
7416,11,5,24,weather_driven,historically_calibrated,1.022377,0.173804,9.4168,9.6886,0.0,0.2718
7417,11,6,1,weather_driven,historically_calibrated,0.976682,0.166036,9.1617,9.4335,0.0,0.2718
7418,11,6,2,weather_driven,historically_calibrated,0.962857,0.163686,9.0829,9.6029,0.0,0.52
7419,11,6,3,weather_driven,historically_calibrated,1.020891,0.173551,9.4086,9.7095,0.0,0.3009
7420,11,6,4,weather_driven,historically_calibrated,1.009243,0.171571,9.3443,9.8643,0.0,0.52
7421,11,6,5,weather_driven,historically_calibrated,1.014063,0.172391,9.3709,10.1967,0.0,0.8257
7422,11,6,6,weather_driven,historically_calibrated,1.128689,0.191877,9.9811,10.7492,0.0,0.7682
7423,11,6,7,weather_driven,historically_calibrated,1.611811,0.274008,12.1442,13.5373,0.0,1.3932
7424,11,6,8,weather_driven,historically_calibrated,1.660021,0.282204,12.3316,13.9,0.0013,1.5671
7425,11,6,9,weather_driven,historically_calibrated,1.439135,0.244653,11.4352,13.663,0.0531,2.1746
7426,11,6,10,weather_driven,historically_calibrated,1.161384,0.197435,10.147,13.0907,0.1568,2.7869
7427,11,6,11,weather_driven,historically_calibrated,0.919729,0.156354,8.8321,12.1897,0.2968,3.0608
7428,11,6,12,weather_driven,historically_calibrated,0.769469,0.13081,7.8926,11.2161,0.4018,2.9217
7429,11,6,13,weather_driven,historically_calibrated,0.649052,0.110339,7.0527,10.2621,0.4225,2.7869
7430,11,6,14,weather_driven,historically_calibrated,0.641033,0.108976,6.9936,9.8772,0.3538,2.5298
7431,11,6,15,weather_driven,historically_calibrated,0.681699,0.115889,7.2891,9.9298,0.2333,2.4074
7432,11,6,16,weather_driven,historically_calibrated,0.891352,0.15153,8.6628,10.5422,0.1244,1.755
7433,11,6,17,weather_driven,historically_calibrated,1.164953,0.198042,10.165,11.4364,0.0389,1.2326
7434,11,6,18,weather_driven,historically_calibrated,1.35359,0.23011,11.0597,12.1446,0.0,1.0848
7435,11,6,19,weather_driven,historically_calibrated,1.390859,0.236446,11.2255,12.7039,0.0,1.4784
7436,11,6,20,weather_driven,historically_calibrated,1.319164,0.224258,10.9036,12.8609,0.0,1.9573
7437,11,6,21,weather_driven,historically_calibrated,1.411617,0.239975,11.3163,12.7095,0.0,1.3932
7438,11,6,22,weather_driven,historically_calibrated,1.404702,0.238799,11.2862,12.371,0.0,1.0848
7439,11,6,23,weather_driven,historically_calibrated,1.197677,0.203605,10.3274,11.9867,0.0,1.6593
7440,11,6,24,weather_driven,historically_calibrated,0.657698,0.111809,7.116,9.6458,0.0,2.5298
7441,11,7,1,weather_driven,historically_calibrated,0.535154,0.090976,6.1697,9.2305,0.0,3.0608
7442,11,7,2,weather_driven,historically_calibrated,0.545958,0.092813,6.2577,9.3185,0.0,3.0608
7443,11,7,3,weather_driven,historically_calibrated,0.643679,0.109426,7.0132,9.3022,0.0,2.289
7444,11,7,4,weather_driven,historically_calibrated,0.770061,0.13091,7.8965,9.2897,0.0,1.3932
7445,11,7,5,weather_driven,historically_calibrated,0.805744,0.136976,8.1295,9.3621,0.0,1.2326
7446,11,7,6,weather_driven,historically_calibrated,0.809531,0.13762,8.1539,9.5471,0.0,1.3932
7447,11,7,7,weather_driven,historically_calibrated,1.327446,0.225666,10.9414,11.8276,0.0,0.8861
7448,11,7,8,weather_driven,historically_calibrated,1.516449,0.257796,11.7603,12.5285,0.0,0.7682
7449,11,7,9,weather_driven,historically_calibrated,1.687588,0.28689,12.4368,12.8865,0.0117,0.4381
7450,11,7,10,weather_driven,historically_calibrated,1.624509,0.276167,12.194,12.5415,0.0156,0.332
7451,11,7,11,weather_driven,historically_calibrated,1.386987,0.235788,11.2084,11.7608,0.0324,0.52
7452,11,7,12,weather_driven,historically_calibrated,1.140088,0.193815,10.0393,10.8498,0.0972,0.7133
7453,11,7,13,weather_driven,historically_calibrated,0.888645,0.15107,8.6464,9.5896,0.175,0.7682
7454,11,7,14,weather_driven,historically_calibrated,0.855708,0.14547,8.445,9.2513,0.1452,0.6611
7455,11,7,15,weather_driven,historically_calibrated,0.863396,0.146777,8.4925,9.3405,0.1348,0.7133
7456,11,7,16,weather_driven,historically_calibrated,0.934019,0.158783,8.9161,9.7071,0.0778,0.7133
7457,11,7,17,weather_driven,historically_calibrated,1.160397,0.197268,10.1421,10.5672,0.0246,0.4005
7458,11,7,18,weather_driven,historically_calibrated,1.341256,0.228014,11.0041,11.2488,0.0,0.2447
7459,11,7,19,weather_driven,historically_calibrated,1.402847,0.238484,11.278,11.798,0.0,0.52
7460,11,7,20,weather_driven,historically_calibrated,1.368148,0.232585,11.1249,11.786,0.0,0.6611
7461,11,7,21,weather_driven,historically_calibrated,1.228432,0.208834,10.4772,11.4928,0.0,1.0156
7462,11,7,22,weather_driven,historically_calibrated,1.136329,0.193176,10.0202,11.0358,0.0,1.0156
7463,11,7,23,weather_driven,historically_calibrated,1.119988,0.190398,9.9363,10.7045,0.0,0.7682
7464,11,7,24,weather_driven,historically_calibrated,0.767355,0.13045,7.8786,8.4902,0.0,0.6116
7465,11,8,1,weather_driven,historically_calibrated,0.703659,0.119622,7.4444,7.8096,0.0,0.3652
7466,11,8,2,weather_driven,historically_calibrated,0.688894,0.117112,7.3403,7.6121,0.0,0.2718
7467,11,8,3,weather_driven,historically_calibrated,0.731294,0.12432,7.6356,7.7543,0.0,0.1187
7468,11,8,4,weather_driven,historically_calibrated,0.739984,0.125797,7.6948,7.7713,0.0,0.0764
7469,11,8,5,weather_driven,historically_calibrated,0.762321,0.129595,7.8451,7.8599,0.0,0.0148
7470,11,8,6,weather_driven,historically_calibrated,0.79915,0.135856,8.087,8.0873,0.0,0.0003
7471,11,8,7,weather_driven,historically_calibrated,1.094722,0.186103,9.805,9.8506,0.0,0.0457
7472,11,8,8,weather_driven,historically_calibrated,1.097328,0.186546,9.8186,9.8951,0.0,0.0764
7473,11,8,9,weather_driven,historically_calibrated,1.090565,0.185396,9.7832,9.8918,0.0194,0.0892
7474,11,8,10,weather_driven,historically_calibrated,0.996292,0.16937,9.2721,9.4661,0.0907,0.1032
7475,11,8,11,weather_driven,historically_calibrated,0.885557,0.150545,8.6278,8.8657,0.1192,0.1187
7476,11,8,12,weather_driven,historically_calibrated,0.780305,0.132652,7.9641,8.286,0.1477,0.1741
7477,11,8,13,weather_driven,historically_calibrated,0.679177,0.11546,7.2711,7.7789,0.1426,0.3652
7478,11,8,14,weather_driven,historically_calibrated,0.651992,0.110839,7.0743,7.7386,0.0998,0.5645
7479,11,8,15,weather_driven,historically_calibrated,0.766435,0.130294,7.8725,8.2156,0.0713,0.2718
7480,11,8,16,weather_driven,historically_calibrated,0.88107,0.149782,8.6006,8.7607,0.0415,0.1187
7481,11,8,17,weather_driven,historically_calibrated,0.969236,0.16477,9.1193,9.3504,0.0117,0.2194
7482,11,8,18,weather_driven,historically_calibrated,1.002154,0.170366,9.3049,9.5767,0.0,0.2718
7483,11,8,19,weather_driven,historically_calibrated,1.103496,0.187594,9.8508,10.0467,0.0,0.1959
7484,11,8,20,weather_driven,historically_calibrated,1.093501,0.185895,9.7986,9.9945,0.0,0.1959
7485,11,8,21,weather_driven,historically_calibrated,1.039742,0.176756,9.5117,9.8126,0.0,0.3009
7486,11,8,22,weather_driven,historically_calibrated,1.005585,0.170949,9.324,9.478,0.0,0.1541
7487,11,8,23,weather_driven,historically_calibrated,0.967236,0.16443,9.1079,9.262,0.0,0.1541
7488,11,8,24,weather_driven,historically_calibrated,0.699799,0.118966,7.4173,7.4629,0.0,0.0457
7489,11,9,1,weather_driven,historically_calibrated,0.654811,0.111318,7.0949,7.1194,0.0,0.0245
7490,11,9,2,weather_driven,historically_calibrated,0.650686,0.110617,7.0647,7.084,0.0,0.0193
7491,11,9,3,weather_driven,historically_calibrated,0.634182,0.107811,6.9427,6.9803,0.0,0.0376
7492,11,9,4,weather_driven,historically_calibrated,0.659786,0.112164,7.1312,7.1557,0.0,0.0245
7493,11,9,5,weather_driven,historically_calibrated,0.688107,0.116978,7.3347,7.3592,0.0,0.0245
7494,11,9,6,weather_driven,historically_calibrated,0.73098,0.124267,7.6335,7.6579,0.0,0.0245
7495,11,9,7,weather_driven,historically_calibrated,1.004871,0.170828,9.32,9.4232,0.0,0.1032
7496,11,9,8,weather_driven,historically_calibrated,1.035662,0.176063,9.4895,9.5659,0.0,0.0764
7497,11,9,9,weather_driven,historically_calibrated,1.022806,0.173877,9.4191,9.5036,0.0194,0.065
7498,11,9,10,weather_driven,historically_calibrated,0.94215,0.160165,8.9634,9.1366,0.0544,0.1187
7499,11,9,11,weather_driven,historically_calibrated,0.864347,0.146939,8.4983,8.6512,0.0765,0.0764
7500,11,9,12,weather_driven,historically_calibrated,0.832684,0.141556,8.3011,8.3907,0.0894,0.0001
7501,11,9,13,weather_driven,historically_calibrated,0.7768,0.132056,7.9411,8.0375,0.0816,0.0148
7502,11,9,14,weather_driven,historically_calibrated,0.764261,0.129924,7.858,7.9473,0.07,0.0193
7503,11,9,15,weather_driven,historically_calibrated,0.808237,0.1374,8.1456,8.2156,0.0324,0.0376
7504,11,9,16,weather_driven,historically_calibrated,0.880604,0.149703,8.5977,8.705,0.0181,0.0892
7505,11,9,17,weather_driven,historically_calibrated,0.955945,0.162511,9.0432,9.0606,0.0026,0.0148
7506,11,9,18,weather_driven,historically_calibrated,1.029759,0.175059,9.4572,9.4572,0.0,0.0
7507,11,9,19,weather_driven,historically_calibrated,1.060565,0.180296,9.624,9.624,0.0,0.0
7508,11,9,20,weather_driven,historically_calibrated,1.040548,0.176893,9.516,9.5167,0.0,0.0007
7509,11,9,21,weather_driven,historically_calibrated,1.007438,0.171264,9.3342,9.3491,0.0,0.0148
7510,11,9,22,weather_driven,historically_calibrated,0.954148,0.162205,9.0329,9.033,0.0,0.0001
7511,11,9,23,weather_driven,historically_calibrated,0.875636,0.148858,8.5675,8.5675,0.0,0.0
7512,11,9,24,weather_driven,historically_calibrated,0.629332,0.106986,6.9065,6.9065,0.0,0.0
7513,11,10,1,weather_driven,historically_calibrated,0.549584,0.093429,6.287,6.2884,0.0,0.0014
7514,11,10,2,weather_driven,historically_calibrated,0.554797,0.094315,6.329,6.3304,0.0,0.0014
7515,11,10,3,weather_driven,historically_calibrated,0.552361,0.093901,6.3094,6.3095,0.0,0.0001
7516,11,10,4,weather_driven,historically_calibrated,0.553548,0.094103,6.3189,6.3189,0.0,0.0
7517,11,10,5,weather_driven,historically_calibrated,0.55893,0.095018,6.3621,6.3866,0.0,0.0245
7518,11,10,6,weather_driven,historically_calibrated,0.529198,0.089964,6.1208,6.4528,0.0,0.332
7519,11,10,7,weather_driven,historically_calibrated,0.712106,0.121058,7.5033,7.9812,0.0,0.4779
7520,11,10,8,weather_driven,historically_calibrated,0.785217,0.133487,7.9963,8.3969,0.0,0.4005
7521,11,10,9,weather_driven,historically_calibrated,0.856634,0.145628,8.4507,8.5902,0.0039,0.1356
7522,11,10,10,weather_driven,historically_calibrated,0.836397,0.142187,8.3245,8.4562,0.013,0.1187
7523,11,10,11,weather_driven,historically_calibrated,0.802584,0.136439,8.1092,8.2551,0.0272,0.1187
7524,11,10,12,weather_driven,historically_calibrated,0.744099,0.126497,7.7227,7.9601,0.0415,0.1959
7525,11,10,13,weather_driven,historically_calibrated,0.654969,0.111345,7.0961,7.3469,0.1322,0.1187
7526,11,10,14,weather_driven,historically_calibrated,0.667769,0.113521,7.1891,7.3115,0.1076,0.0148
7527,11,10,15,weather_driven,historically_calibrated,0.699321,0.118885,7.4139,7.5091,0.0894,0.0057
7528,11,10,16,weather_driven,historically_calibrated,0.757229,0.128729,7.8111,7.855,0.0415,0.0024
7529,11,10,17,weather_driven,historically_calibrated,0.831828,0.141411,8.2958,8.3358,0.0156,0.0245
7530,11,10,18,weather_driven,historically_calibrated,0.924013,0.157082,8.8574,8.8655,0.0,0.0081
7531,11,10,19,weather_driven,historically_calibrated,1.001007,0.170171,9.2985,9.2986,0.0,0.0001
7532,11,10,20,weather_driven,historically_calibrated,1.021997,0.17374,9.4147,9.4147,0.0,0.0
7533,11,10,21,weather_driven,historically_calibrated,0.971828,0.165211,9.1341,9.1342,0.0,0.0001
7534,11,10,22,weather_driven,historically_calibrated,0.900837,0.153142,8.7198,8.7198,0.0,0.0
7535,11,10,23,weather_driven,historically_calibrated,0.860059,0.14621,8.4719,8.4719,0.0,0.0
7536,11,10,24,weather_driven,historically_calibrated,0.61869,0.105177,6.8265,6.8265,0.0,0.0
7537,11,11,1,weather_driven,historically_calibrated,0.597116,0.10151,6.6619,6.6619,0.0,0.0
7538,11,11,2,weather_driven,historically_calibrated,0.632261,0.107484,6.9284,6.9284,0.0,0.0
7539,11,11,3,weather_driven,historically_calibrated,0.644813,0.109618,7.0215,7.0215,0.0,0.0
7540,11,11,4,weather_driven,historically_calibrated,0.64682,0.109959,7.0363,7.0363,0.0,0.0
7541,11,11,5,weather_driven,historically_calibrated,0.657696,0.111808,7.116,7.116,0.0,0.0
7542,11,11,6,weather_driven,historically_calibrated,0.691518,0.117558,7.3589,7.3613,0.0,0.0024
7543,11,11,7,weather_driven,historically_calibrated,0.966906,0.164374,9.106,9.1117,0.0,0.0057
7544,11,11,8,weather_driven,historically_calibrated,1.006917,0.171176,9.3314,9.3558,0.0,0.0245
7545,11,11,9,weather_driven,historically_calibrated,0.984465,0.167359,9.2057,9.2535,0.0233,0.0245
7546,11,11,10,weather_driven,historically_calibrated,0.92261,0.156844,8.8491,9.0119,0.0596,0.1032
7547,11,11,11,weather_driven,historically_calibrated,0.834378,0.141844,8.3118,8.699,0.1153,0.2718
7548,11,11,12,weather_driven,historically_calibrated,0.717075,0.121903,7.5378,8.2489,0.2333,0.4779
7549,11,11,13,weather_driven,historically_calibrated,0.635103,0.107968,6.9496,8.0133,0.1776,0.8861
7550,11,11,14,weather_driven,historically_calibrated,0.619816,0.105369,6.835,8.0793,0.1594,1.0848
7551,11,11,15,weather_driven,historically_calibrated,0.574791,0.097714,6.488,8.2976,0.1503,1.6593
7552,11,11,16,weather_driven,historically_calibrated,0.599834,0.101972,6.6828,8.7257,0.0855,1.9573
7553,11,11,17,weather_driven,historically_calibrated,0.564139,0.095904,6.4037,9.3487,0.0233,2.9217
7554,11,11,18,weather_driven,historically_calibrated,0.392304,0.066692,4.9069,9.7995,0.0,4.8926
7555,11,11,19,weather_driven,historically_calibrated,0.137142,0.023314,2.0069,10.1319,0.0,8.125
7556,11,11,20,weather_driven,historically_calibrated,0.121044,0.020577,1.7841,9.9091,0.0,8.125
7557,11,11,21,weather_driven,historically_calibrated,0.122799,0.020876,1.8087,9.9337,0.0,8.125
7558,11,11,22,weather_driven,historically_calibrated,0.09873,0.016784,1.4649,9.5899,0.0,8.125
7559,11,11,23,weather_driven,historically_calibrated,0.066846,0.011364,0.9859,9.1109,0.0,8.125
7560,11,11,24,weather_driven,historically_calibrated,-0.031966,-0.005434,-0.7078,7.4172,0.0,8.125
7561,11,12,1,weather_driven,historically_calibrated,0.016898,0.002873,0.1737,7.769,0.0,7.5953
7562,11,12,2,weather_driven,historically_calibrated,-0.015009,-0.002551,-0.391,7.734,0.0,8.125
7563,11,12,3,weather_driven,historically_calibrated,0.003302,0.000561,-0.0621,7.795,0.0,7.8572
7564,11,12,4,weather_driven,historically_calibrated,0.006629,0.001127,-0.0038,7.8534,0.0,7.8572
7565,11,12,5,weather_driven,historically_calibrated,0.215259,0.036594,3.0091,7.9017,0.0,4.8926
7566,11,12,6,weather_driven,historically_calibrated,0.517428,0.087963,6.0232,8.0873,0.0,2.0641
7567,11,12,7,weather_driven,historically_calibrated,0.943532,0.1604,8.9715,9.7972,0.0,0.8257
7568,11,12,8,weather_driven,historically_calibrated,1.108828,0.188501,9.8786,10.2791,0.0,0.4005
7569,11,12,9,weather_driven,historically_calibrated,1.120325,0.190455,9.9381,10.8346,0.0104,0.8861
7570,11,12,10,weather_driven,historically_calibrated,1.024386,0.174146,9.4278,10.5095,0.0661,1.0156
7571,11,12,11,weather_driven,historically_calibrated,0.774299,0.131631,7.9246,10.0988,0.1102,2.0641
7572,11,12,12,weather_driven,historically_calibrated,0.539094,0.091646,6.2019,9.5941,0.1879,3.2043
7573,11,12,13,weather_driven,historically_calibrated,0.137753,0.023418,2.0153,10.2621,0.1218,8.125
7574,11,12,14,weather_driven,historically_calibrated,0.435191,0.073982,5.307,9.9815,0.1581,4.5164
7575,11,12,15,weather_driven,historically_calibrated,0.374143,0.063604,4.7314,9.7691,0.1452,4.8926
7576,11,12,16,weather_driven,historically_calibrated,0.449352,0.07639,5.4349,10.2082,0.0713,4.702
7577,11,12,17,weather_driven,historically_calibrated,0.58452,0.099368,6.5642,10.7411,0.0168,4.16
7578,11,12,18,weather_driven,historically_calibrated,0.622243,0.105781,6.8533,11.1891,0.0,4.3358
7579,11,12,19,weather_driven,historically_calibrated,0.697611,0.118594,7.4019,11.7377,0.0,4.3358
7580,11,12,20,weather_driven,historically_calibrated,0.629112,0.106949,6.9049,11.6069,0.0,4.702
7581,11,12,21,weather_driven,historically_calibrated,0.542635,0.092248,6.2307,11.319,0.0,5.0882
7582,11,12,22,weather_driven,historically_calibrated,0.315329,0.053606,4.1355,10.9802,0.0,6.8447
7583,11,12,23,weather_driven,historically_calibrated,0.172248,0.029282,2.4726,10.5976,0.0,8.125
7584,11,12,24,weather_driven,historically_calibrated,0.030798,0.005236,0.408,8.533,0.0,8.125
7585,11,13,1,weather_driven,historically_calibrated,0.014416,0.002451,0.1312,8.2562,0.0,8.125
7586,11,13,2,weather_driven,historically_calibrated,0.014767,0.00251,0.1372,8.2622,0.0,8.125
7587,11,13,3,weather_driven,historically_calibrated,0.011297,0.00192,0.0774,8.2024,0.0,8.125
7588,11,13,4,weather_driven,historically_calibrated,0.017254,0.002933,0.1798,8.3048,0.0,8.125
7589,11,13,5,weather_driven,historically_calibrated,0.02548,0.004332,0.3191,8.4441,0.0,8.125
7590,11,13,6,weather_driven,historically_calibrated,0.527796,0.089725,6.1092,8.5166,0.0,2.4074
7591,11,13,7,weather_driven,historically_calibrated,0.706359,0.120081,7.4632,10.3849,0.0,2.9217
7592,11,13,8,weather_driven,historically_calibrated,0.663567,0.112806,7.1587,10.6631,0.0,3.5045
7593,11,13,9,weather_driven,historically_calibrated,0.878038,0.149267,8.5821,10.6682,0.022,2.0641
7594,11,13,10,weather_driven,historically_calibrated,0.715374,0.121614,7.526,10.3997,0.0868,2.7869
7595,11,13,11,weather_driven,historically_calibrated,0.635591,0.10805,6.9532,9.9916,0.1166,2.9217
7596,11,13,12,weather_driven,historically_calibrated,0.390327,0.066356,4.888,9.5418,0.1374,4.5164
7597,11,13,13,weather_driven,historically_calibrated,0.126934,0.021579,1.8664,9.124,0.1685,7.0891
7598,11,13,14,weather_driven,historically_calibrated,0.065266,0.011095,0.9614,9.1991,0.1128,8.125
7599,11,13,15,weather_driven,historically_calibrated,0.115193,0.019583,1.7016,9.3941,0.0972,7.5953
7600,11,13,16,weather_driven,historically_calibrated,0.420635,0.071508,5.1734,9.9298,0.0544,4.702
7601,11,13,17,weather_driven,historically_calibrated,0.408513,0.069447,5.0605,10.5672,0.0117,5.4951
7602,11,13,18,weather_driven,historically_calibrated,0.364551,0.061974,4.6371,11.0099,0.0,6.3728
7603,11,13,19,weather_driven,historically_calibrated,0.812209,0.138076,8.1711,11.3753,0.0,3.2043
7604,11,13,20,weather_driven,historically_calibrated,0.833641,0.141719,8.3072,11.368,0.0,3.0608
7605,11,13,21,weather_driven,historically_calibrated,1.118775,0.190192,9.9301,11.0872,0.0,1.1571
7606,11,13,22,weather_driven,historically_calibrated,0.661253,0.112413,7.1419,10.6463,0.0,3.5045
7607,11,13,23,weather_driven,historically_calibrated,0.885749,0.150577,8.6289,10.3839,0.0,1.755
7608,11,13,24,weather_driven,historically_calibrated,0.528561,0.089855,6.1155,8.4046,0.0,2.289
7609,11,14,1,weather_driven,historically_calibrated,0.501429,0.085243,5.8888,8.4185,0.0,2.5298
7610,11,14,2,weather_driven,historically_calibrated,0.356904,0.060674,4.5612,8.3841,0.0,3.8229
7611,11,14,3,weather_driven,historically_calibrated,0.508093,0.086376,5.945,8.7319,0.0,2.7869
7612,11,14,4,weather_driven,historically_calibrated,0.471843,0.080213,5.634,8.8383,0.0,3.2043
7613,11,14,5,weather_driven,historically_calibrated,0.620353,0.10546,6.8391,8.9031,0.0,2.0641
7614,11,14,6,weather_driven,historically_calibrated,0.842116,0.14316,8.3604,9.2465,0.0,0.8861
7615,11,14,7,weather_driven,historically_calibrated,1.192641,0.202749,10.3026,11.6139,0.0,1.3112
7616,11,14,8,weather_driven,historically_calibrated,1.476368,0.250983,11.5934,11.5958,0.0,0.0024
7617,11,14,9,weather_driven,historically_calibrated,1.431056,0.24328,11.4005,11.5555,0.0194,0.1356
7618,11,14,10,weather_driven,historically_calibrated,1.331768,0.226401,10.9611,11.3333,0.0713,0.3009
7619,11,14,11,weather_driven,historically_calibrated,1.176021,0.199924,10.2203,10.7958,0.175,0.4005
7620,11,14,12,weather_driven,historically_calibrated,1.090858,0.185446,9.7847,10.4836,0.1788,0.52
7621,11,14,13,weather_driven,historically_calibrated,1.031057,0.17528,9.4643,10.1586,0.2164,0.4779
7622,11,14,14,weather_driven,historically_calibrated,1.004704,0.1708,9.3191,10.2423,0.21,0.7133
7623,11,14,15,weather_driven,historically_calibrated,1.104096,0.187696,9.854,10.3584,0.1724,0.332
7624,11,14,16,weather_driven,historically_calibrated,1.263433,0.214784,10.6443,10.8206,0.0998,0.0764
7625,11,14,17,weather_driven,historically_calibrated,1.526736,0.259545,11.8026,11.842,0.0246,0.0148
7626,11,14,18,weather_driven,historically_calibrated,1.767943,0.30055,12.7361,12.7418,0.0,0.0057
7627,11,14,19,weather_driven,historically_calibrated,1.946999,0.33099,13.3658,13.3682,0.0,0.0024
7628,11,14,20,weather_driven,historically_calibrated,2.046864,0.347967,13.6969,13.697,0.0,0.0
7629,11,14,21,weather_driven,historically_calibrated,2.028304,0.344812,13.6364,13.6365,0.0,0.0001
7630,11,14,22,weather_driven,historically_calibrated,1.916192,0.325753,13.2608,13.2611,0.0,0.0003
7631,11,14,23,weather_driven,historically_calibrated,1.782016,0.302943,12.7874,12.7881,0.0,0.0007
7632,11,14,24,weather_driven,historically_calibrated,1.233487,0.209693,10.5015,10.5018,0.0,0.0003
7633,11,15,1,weather_driven,historically_calibrated,1.116937,0.189879,9.9206,9.9207,0.0,0.0001
7634,11,15,2,weather_driven,historically_calibrated,1.118086,0.190075,9.9265,9.9279,0.0,0.0014
7635,11,15,3,weather_driven,historically_calibrated,1.083856,0.184256,9.7479,9.7503,0.0,0.0024
7636,11,15,4,weather_driven,historically_calibrated,1.096652,0.186431,9.8151,9.8232,0.0,0.0081
7637,11,15,5,weather_driven,historically_calibrated,1.079823,0.18357,9.7265,9.7377,0.0,0.0111
7638,11,15,6,weather_driven,historically_calibrated,1.124891,0.191231,9.9616,9.9764,0.0,0.0148
7639,11,15,7,weather_driven,historically_calibrated,1.59202,0.270643,12.066,12.2016,0.0,0.1356
7640,11,15,8,weather_driven,historically_calibrated,1.729031,0.293935,12.5925,12.6382,0.0,0.0457
7641,11,15,9,weather_driven,historically_calibrated,1.683041,0.286117,12.4195,12.6092,0.0156,0.1741
7642,11,15,10,weather_driven,historically_calibrated,1.671433,0.284144,12.3753,12.4866,0.0868,0.0245
7643,11,15,11,weather_driven,historically_calibrated,1.412362,0.240102,11.3196,11.5463,0.1503,0.0764
7644,11,15,12,weather_driven,historically_calibrated,1.281259,0.217814,10.7282,11.0591,0.1568,0.1741
7645,11,15,13,weather_driven,historically_calibrated,1.195463,0.203229,10.3165,10.7794,0.1309,0.332
7646,11,15,14,weather_driven,historically_calibrated,1.236049,0.210128,10.5138,11.0247,0.1788,0.332
7647,11,15,15,weather_driven,historically_calibrated,1.474236,0.25062,11.5844,12.1262,0.1037,0.4381
7648,11,15,16,weather_driven,historically_calibrated,1.599515,0.271918,12.0957,12.6021,0.0285,0.4779
7649,11,15,17,weather_driven,historically_calibrated,1.81818,0.309091,12.9177,13.2907,0.0078,0.3652
7650,11,15,18,weather_driven,historically_calibrated,1.937379,0.329354,13.3332,13.5778,0.0,0.2447
7651,11,15,19,weather_driven,historically_calibrated,1.883737,0.320235,13.1488,13.3682,0.0,0.2194
7652,11,15,20,weather_driven,historically_calibrated,1.807772,0.307321,12.8804,13.0998,0.0,0.2194
7653,11,15,21,weather_driven,historically_calibrated,1.780015,0.302603,12.7801,12.8833,0.0,0.1032
7654,11,15,22,weather_driven,historically_calibrated,1.722734,0.292865,12.5691,12.5935,0.0,0.0245
7655,11,15,23,weather_driven,historically_calibrated,1.652708,0.28096,12.3034,12.3072,0.0,0.0038
7656,11,15,24,weather_driven,historically_calibrated,1.172121,0.199261,10.2008,10.2022,0.0,0.0014
7657,11,16,1,weather_driven,historically_calibrated,1.164815,0.198018,10.1643,10.1643,0.0,0.0
7658,11,16,2,weather_driven,historically_calibrated,1.207354,0.20525,10.3748,10.3748,0.0,0.0
7659,11,16,3,weather_driven,historically_calibrated,1.263875,0.214859,10.6464,10.6464,0.0,0.0
7660,11,16,4,weather_driven,historically_calibrated,1.316248,0.223762,10.8902,10.8902,0.0,0.0
7661,11,16,5,weather_driven,historically_calibrated,1.347238,0.229031,11.0312,11.0312,0.0,0.0001
7662,11,16,6,weather_driven,historically_calibrated,1.418562,0.241156,11.3465,11.3503,0.0,0.0038
7663,11,16,7,weather_driven,historically_calibrated,2.144146,0.364505,14.0071,14.0182,0.0,0.0111
7664,11,16,8,weather_driven,historically_calibrated,2.194851,0.373125,14.1642,14.2292,0.0,0.065
7665,11,16,9,weather_driven,historically_calibrated,2.08508,0.354464,13.8202,13.9403,0.0168,0.1032
7666,11,16,10,weather_driven,historically_calibrated,1.786508,0.303706,12.8037,13.3104,0.0687,0.4381
7667,11,16,11,weather_driven,historically_calibrated,1.407169,0.239219,11.2969,12.5114,0.1296,1.0848
7668,11,16,12,weather_driven,historically_calibrated,1.135429,0.193023,10.0156,11.8963,0.1257,1.755
7669,11,16,13,weather_driven,historically_calibrated,0.979368,0.166493,9.1769,11.3485,0.1076,2.0641
7670,11,16,14,weather_driven,historically_calibrated,0.942716,0.160262,8.9667,11.2334,0.092,2.1746
7671,11,16,15,weather_driven,historically_calibrated,0.940519,0.159888,8.954,11.5369,0.0531,2.5298
7672,11,16,16,weather_driven,historically_calibrated,1.207443,0.205265,10.3752,11.8783,0.0246,1.4784
7673,11,16,17,weather_driven,historically_calibrated,1.385364,0.235512,11.2012,12.3636,0.0052,1.1571
7674,11,16,18,weather_driven,historically_calibrated,1.620231,0.275439,12.1772,12.7418,0.0,0.5645
7675,11,16,19,weather_driven,historically_calibrated,1.743052,0.296319,12.6445,12.9455,0.0,0.3009
7676,11,16,20,weather_driven,historically_calibrated,1.716455,0.291797,12.5456,12.7415,0.0,0.1959
7677,11,16,21,weather_driven,historically_calibrated,1.63279,0.277574,12.2263,12.3619,0.0,0.1356
7678,11,16,22,weather_driven,historically_calibrated,1.514345,0.257439,11.7516,11.8703,0.0,0.1187
7679,11,16,23,weather_driven,historically_calibrated,1.409702,0.239649,11.308,11.3456,0.0,0.0376
7680,11,16,24,weather_driven,historically_calibrated,0.946545,0.160913,8.9889,9.0038,0.0,0.0148
7681,11,17,1,weather_driven,historically_calibrated,0.779836,0.132572,7.961,7.9692,0.0,0.0081
7682,11,17,2,weather_driven,historically_calibrated,0.76331,0.129763,7.8517,7.8628,0.0,0.0111
7683,11,17,3,weather_driven,historically_calibrated,0.751051,0.127679,7.7696,7.771,0.0,0.0014
7684,11,17,4,weather_driven,historically_calibrated,0.748113,0.127179,7.7498,7.7537,0.0,0.0038
7685,11,17,5,weather_driven,historically_calibrated,0.753744,0.128136,7.7877,7.807,0.0,0.0193
7686,11,17,6,weather_driven,historically_calibrated,0.759329,0.129086,7.8251,7.9143,0.0,0.0892
7687,11,17,7,weather_driven,historically_calibrated,1.031176,0.1753,9.465,9.5542,0.0,0.0892
7688,11,17,8,weather_driven,historically_calibrated,1.032569,0.175537,9.4726,9.6082,0.0,0.1356
7689,11,17,9,weather_driven,historically_calibrated,1.029401,0.174998,9.4553,9.6107,0.0013,0.1541
7690,11,17,10,weather_driven,historically_calibrated,0.95616,0.162547,9.0444,9.4161,0.0065,0.3652
7691,11,17,11,weather_driven,historically_calibrated,0.883404,0.150179,8.6147,9.1922,0.013,0.5645
7692,11,17,12,weather_driven,historically_calibrated,0.683375,0.116174,7.3011,8.8747,0.0065,1.5671
7693,11,17,13,weather_driven,historically_calibrated,0.530072,0.090112,6.128,8.4416,0.0246,2.289
7694,11,17,14,weather_driven,historically_calibrated,0.490765,0.08343,5.7979,8.4632,0.0091,2.6563
7695,11,17,15,weather_driven,historically_calibrated,0.542386,0.092206,6.2287,8.6426,0.0065,2.4074
7696,11,17,16,weather_driven,historically_calibrated,0.659092,0.112046,7.1262,8.9818,0.0013,1.8543
7697,11,17,17,weather_driven,historically_calibrated,0.703002,0.11951,7.4398,9.2954,0.0013,1.8543
7698,11,17,18,weather_driven,historically_calibrated,0.720375,0.122464,7.5606,9.4149,0.0,1.8543
7699,11,17,19,weather_driven,historically_calibrated,0.98263,0.167047,9.1953,9.2986,0.0,0.1032
7700,11,17,20,weather_driven,historically_calibrated,0.952052,0.161849,9.0208,9.1949,0.0,0.1741
7701,11,17,21,weather_driven,historically_calibrated,0.870522,0.147989,8.5362,8.9743,0.0,0.4381
7702,11,17,22,weather_driven,historically_calibrated,0.815287,0.138599,8.1907,8.6686,0.0,0.4779
7703,11,17,23,weather_driven,historically_calibrated,0.781666,0.132883,7.9731,8.3736,0.0,0.4005
7704,11,17,24,weather_driven,historically_calibrated,0.542612,0.092244,6.2305,6.7084,0.0,0.4779
7705,11,18,1,weather_driven,historically_calibrated,0.531914,0.090425,6.1431,6.4752,0.0,0.332
7706,11,18,2,weather_driven,historically_calibrated,0.524182,0.089111,6.0794,6.4799,0.0,0.4005
7707,11,18,3,weather_driven,historically_calibrated,0.558825,0.095,6.3613,6.4969,0.0,0.1356
7708,11,18,4,weather_driven,historically_calibrated,0.560183,0.095231,6.3721,6.5077,0.0,0.1356
7709,11,18,5,weather_driven,historically_calibrated,0.566757,0.096349,6.4245,6.5785,0.0,0.1541
7710,11,18,6,weather_driven,historically_calibrated,0.593638,0.100919,6.6351,6.6898,0.0,0.0548
7711,11,18,7,weather_driven,historically_calibrated,0.808489,0.137443,8.1472,8.1778,0.0,0.0306
7712,11,18,8,weather_driven,historically_calibrated,0.827977,0.140756,8.2714,8.2959,0.0,0.0245
7713,11,18,9,weather_driven,historically_calibrated,0.819915,0.139385,8.2203,8.2841,0.0091,0.0548
7714,11,18,10,weather_driven,historically_calibrated,0.764161,0.129907,7.8574,8.0014,0.0791,0.065
7715,11,18,11,weather_driven,historically_calibrated,0.671142,0.114094,7.2134,7.4659,0.1633,0.0892
7716,11,18,12,weather_driven,historically_calibrated,0.613461,0.104288,6.7869,7.0936,0.2035,0.1032
7717,11,18,13,weather_driven,historically_calibrated,0.554263,0.094225,6.3247,6.6806,0.2203,0.1356
7718,11,18,14,weather_driven,historically_calibrated,0.527054,0.089599,6.1031,6.6877,0.184,0.4005
7719,11,18,15,weather_driven,historically_calibrated,0.521857,0.088716,6.0601,6.9177,0.0894,0.7682
7720,11,18,16,weather_driven,historically_calibrated,0.576583,0.098019,6.5021,7.3428,0.0726,0.7682
7721,11,18,17,weather_driven,historically_calibrated,0.740714,0.125921,7.6998,8.2825,0.0181,0.5645
7722,11,18,18,weather_driven,historically_calibrated,0.772933,0.131399,7.9155,8.3161,0.0,0.4005
7723,11,18,19,weather_driven,historically_calibrated,0.823689,0.140027,8.2443,8.5763,0.0,0.332
7724,11,18,20,weather_driven,historically_calibrated,0.792317,0.134694,8.0427,8.4807,0.0,0.4381
7725,11,18,21,weather_driven,historically_calibrated,0.775122,0.131771,7.93,8.4946,0.0,0.5645
7726,11,18,22,weather_driven,historically_calibrated,0.73328,0.124658,7.6492,8.3103,0.0,0.6611
7727,11,18,23,weather_driven,historically_calibrated,0.605323,0.102905,6.7249,7.8821,0.0,1.1571
7728,11,18,24,weather_driven,historically_calibrated,0.439694,0.074748,5.3479,6.4328,0.0,1.0848
7729,11,19,1,weather_driven,historically_calibrated,0.501304,0.085222,5.8877,6.7134,0.0,0.8257
7730,11,19,2,weather_driven,historically_calibrated,0.546284,0.092868,6.2603,6.9215,0.0,0.6611
7731,11,19,3,weather_driven,historically_calibrated,0.543292,0.09236,6.2361,7.0618,0.0,0.8257
7732,11,19,4,weather_driven,historically_calibrated,0.459504,0.078116,5.5254,8.1817,0.0,2.6563
7733,11,19,5,weather_driven,historically_calibrated,0.735105,0.124968,7.6616,8.611,0.0,0.9494
7734,11,19,6,weather_driven,historically_calibrated,0.879052,0.149439,8.5883,8.8601,0.0,0.2718
7735,11,19,7,weather_driven,historically_calibrated,1.188285,0.202008,10.2811,10.759,0.0,0.4779
7736,11,19,8,weather_driven,historically_calibrated,1.326589,0.22552,10.9375,11.1569,0.0,0.2194
7737,11,19,9,weather_driven,historically_calibrated,1.550539,0.263592,11.8996,12.0547,0.0194,0.1356
7738,11,19,10,weather_driven,historically_calibrated,1.499823,0.25497,11.6915,11.9923,0.105,0.1959
7739,11,19,11,weather_driven,historically_calibrated,1.344746,0.228607,11.0199,11.5463,0.2255,0.3009
7740,11,19,12,weather_driven,historically_calibrated,1.156748,0.196647,10.1237,11.1114,0.3266,0.6611
7741,11,19,13,weather_driven,historically_calibrated,1.039207,0.176665,9.5088,10.6242,0.3473,0.7682
7742,11,19,14,weather_driven,historically_calibrated,1.028169,0.174789,9.4485,10.5031,0.2864,0.7682
7743,11,19,15,weather_driven,historically_calibrated,1.160311,0.197253,10.1416,10.8405,0.1788,0.52
7744,11,19,16,weather_driven,historically_calibrated,1.34003,0.227805,10.9986,11.3773,0.0778,0.3009
7745,11,19,17,weather_driven,historically_calibrated,1.633582,0.277709,12.2293,12.3636,0.0156,0.1187
7746,11,19,18,weather_driven,historically_calibrated,1.79201,0.304642,12.8236,12.8612,0.0,0.0376
7747,11,19,19,weather_driven,historically_calibrated,1.946025,0.330824,13.3625,13.3682,0.0,0.0057
7748,11,19,20,weather_driven,historically_calibrated,2.009959,0.341693,13.5761,13.5775,0.0,0.0014
7749,11,19,21,weather_driven,historically_calibrated,1.992971,0.338805,13.5199,13.5206,0.0,0.0007
7750,11,19,22,weather_driven,historically_calibrated,1.948749,0.331287,13.3717,13.3724,0.0,0.0007
7751,11,19,23,weather_driven,historically_calibrated,1.918332,0.326116,13.2682,13.2689,0.0,0.0007
7752,11,19,24,weather_driven,historically_calibrated,1.305722,0.221973,10.8418,10.8442,0.0,0.0024
7753,11,20,1,weather_driven,historically_calibrated,1.222429,0.207813,10.4481,10.4484,0.0,0.0003
7754,11,20,2,weather_driven,historically_calibrated,1.249448,0.212406,10.5779,10.578,0.0,0.0
7755,11,20,3,weather_driven,historically_calibrated,1.2812,0.217804,10.7279,10.7279,0.0,0.0
7756,11,20,4,weather_driven,historically_calibrated,1.325218,0.225287,10.9313,10.9313,0.0,0.0
7757,11,20,5,weather_driven,historically_calibrated,1.384667,0.235393,11.1981,11.1981,0.0,0.0
7758,11,20,6,weather_driven,historically_calibrated,1.479823,0.25157,11.6079,11.6079,0.0,0.0
7759,11,20,7,weather_driven,historically_calibrated,2.270232,0.385939,14.3922,14.3922,0.0,0.0
7760,11,20,8,weather_driven,historically_calibrated,2.383347,0.405169,14.7229,14.7229,0.0,0.0
7761,11,20,9,weather_driven,historically_calibrated,2.354713,0.400301,14.6405,14.6612,0.0207,0.0
7762,11,20,10,weather_driven,historically_calibrated,2.100987,0.357168,13.8709,13.9694,0.0985,0.0
7763,11,20,11,weather_driven,historically_calibrated,1.778808,0.302397,12.7757,12.9403,0.1646,0.0
7764,11,20,12,weather_driven,historically_calibrated,1.555316,0.264404,11.9189,12.1056,0.1866,0.0
7765,11,20,13,weather_driven,historically_calibrated,1.358184,0.230891,11.0803,11.2968,0.2164,0.0
7766,11,20,14,weather_driven,historically_calibrated,1.30267,0.221454,10.8277,11.0247,0.197,0.0
7767,11,20,15,weather_driven,historically_calibrated,1.321895,0.224722,10.9161,11.0548,0.1387,0.0
7768,11,20,16,weather_driven,historically_calibrated,1.459827,0.248171,11.5235,11.6,0.0765,0.0
7769,11,20,17,weather_driven,historically_calibrated,1.710122,0.290721,12.5218,12.5374,0.0156,0.0
7770,11,20,18,weather_driven,historically_calibrated,1.904166,0.323708,13.2195,13.2195,0.0,0.0
7771,11,20,19,weather_driven,historically_calibrated,2.057223,0.349728,13.7305,13.7305,0.0,0.0
7772,11,20,20,weather_driven,historically_calibrated,2.140459,0.363878,13.9955,13.9955,0.0,0.0
7773,11,20,21,weather_driven,historically_calibrated,2.081995,0.353939,13.8103,13.8103,0.0,0.0
7774,11,20,22,weather_driven,historically_calibrated,1.965468,0.33413,13.4281,13.4281,0.0,0.0
7775,11,20,23,weather_driven,historically_calibrated,1.902993,0.323509,13.2155,13.2155,0.0,0.0
7776,11,20,24,weather_driven,historically_calibrated,1.278625,0.217366,10.7158,10.7158,0.0,0.0
7777,11,21,1,weather_driven,historically_calibrated,1.172931,0.199398,10.2049,10.2049,0.0,0.0
7778,11,21,2,weather_driven,historically_calibrated,1.174425,0.199652,10.2123,10.2123,0.0,0.0
7779,11,21,3,weather_driven,historically_calibrated,1.188022,0.201964,10.2798,10.2798,0.0,0.0
7780,11,21,4,weather_driven,historically_calibrated,1.203657,0.204622,10.3567,10.3567,0.0,0.0
7781,11,21,5,weather_driven,historically_calibrated,1.239524,0.210719,10.5305,10.5305,0.0,0.0
7782,11,21,6,weather_driven,historically_calibrated,1.313589,0.22331,10.878,10.878,0.0,0.0
7783,11,21,7,weather_driven,historically_calibrated,2.03069,0.345217,13.6442,13.6442,0.0,0.0
7784,11,21,8,weather_driven,historically_calibrated,2.162593,0.367641,14.0646,14.0646,0.0,0.0
7785,11,21,9,weather_driven,historically_calibrated,2.152453,0.365917,14.033,14.0512,0.0181,0.0
7786,11,21,10,weather_driven,historically_calibrated,1.984102,0.337297,13.4904,13.585,0.0946,0.0
7787,11,21,11,weather_driven,historically_calibrated,1.753532,0.2981,12.6832,12.8867,0.2035,0.0
7788,11,21,12,weather_driven,historically_calibrated,1.503184,0.255541,11.7054,12.0009,0.2955,0.0
7789,11,21,13,weather_driven,historically_calibrated,1.28961,0.219234,10.7671,11.0898,0.3227,0.0
7790,11,21,14,weather_driven,historically_calibrated,1.233074,0.209623,10.4995,10.7639,0.2644,0.0
7791,11,21,15,weather_driven,historically_calibrated,1.303471,0.22159,10.8314,11.0012,0.1698,0.0
7792,11,21,16,weather_driven,historically_calibrated,1.539225,0.261668,11.8536,11.934,0.0804,0.0
7793,11,21,17,weather_driven,historically_calibrated,1.853224,0.315048,13.0421,13.0589,0.0168,0.0
7794,11,21,18,weather_driven,historically_calibrated,2.083991,0.354278,13.8167,13.8167,0.0,0.0
7795,11,21,19,weather_driven,historically_calibrated,2.230904,0.379254,14.274,14.274,0.0,0.0
7796,11,21,20,weather_driven,historically_calibrated,2.237545,0.380383,14.2941,14.2941,0.0,0.0
7797,11,21,21,weather_driven,historically_calibrated,2.136817,0.363259,13.9841,13.9841,0.0,0.0
7798,11,21,22,weather_driven,historically_calibrated,2.049722,0.348453,13.7062,13.7062,0.0,0.0
7799,11,21,23,weather_driven,historically_calibrated,1.902993,0.323509,13.2155,13.2155,0.0,0.0
7800,11,21,24,weather_driven,historically_calibrated,1.269515,0.215817,10.673,10.673,0.0,0.0
7801,11,22,1,weather_driven,historically_calibrated,1.164815,0.198018,10.1643,10.1643,0.0,0.0
7802,11,22,2,weather_driven,historically_calibrated,1.182596,0.201041,10.2529,10.2529,0.0,0.0
7803,11,22,3,weather_driven,historically_calibrated,1.196283,0.203368,10.3205,10.3205,0.0,0.0
7804,11,22,4,weather_driven,historically_calibrated,1.24609,0.211835,10.5619,10.5619,0.0,0.0
7805,11,22,5,weather_driven,historically_calibrated,1.310608,0.222803,10.8643,10.8643,0.0,0.0
7806,11,22,6,weather_driven,historically_calibrated,1.409565,0.239626,11.3074,11.3074,0.0,0.0
7807,11,22,7,weather_driven,historically_calibrated,2.164871,0.368028,14.0717,14.0717,0.0,0.0
7808,11,22,8,weather_driven,historically_calibrated,2.289193,0.389163,14.4486,14.4486,0.0,0.0
7809,11,22,9,weather_driven,historically_calibrated,2.299563,0.390926,14.4793,14.4948,0.0156,0.0
7810,11,22,10,weather_driven,historically_calibrated,2.138231,0.363499,13.9886,14.0793,0.0907,0.0
7811,11,22,11,weather_driven,historically_calibrated,1.887857,0.320936,13.1631,13.3692,0.2061,0.0
7812,11,22,12,weather_driven,historically_calibrated,1.741683,0.296086,12.6395,12.9427,0.3033,0.0
7813,11,22,13,weather_driven,historically_calibrated,1.549698,0.263449,11.8962,12.228,0.3318,0.0
7814,11,22,14,weather_driven,historically_calibrated,1.549693,0.263448,11.8962,12.1722,0.276,0.0
7815,11,22,15,weather_driven,historically_calibrated,1.645739,0.279776,12.2765,12.4476,0.1711,0.0
7816,11,22,16,weather_driven,historically_calibrated,1.834217,0.311817,12.9749,13.0474,0.0726,0.0
7817,11,22,17,weather_driven,historically_calibrated,2.096263,0.356365,13.8559,13.8702,0.0143,0.0
7818,11,22,18,weather_driven,historically_calibrated,2.29764,0.390599,14.4736,14.4736,0.0,0.0
7819,11,22,19,weather_driven,historically_calibrated,2.525201,0.429284,15.1195,15.1195,0.0,0.0
7820,11,22,20,weather_driven,historically_calibrated,2.529109,0.429949,15.1302,15.1302,0.0,0.0
7821,11,22,21,weather_driven,historically_calibrated,2.408706,0.40948,14.7953,14.7953,0.0,0.0
7822,11,22,22,weather_driven,historically_calibrated,2.245529,0.38174,14.3182,14.3182,0.0,0.0
7823,11,22,23,weather_driven,historically_calibrated,2.096474,0.356401,13.8566,13.8566,0.0,0.0
7824,11,22,24,weather_driven,historically_calibrated,1.382061,0.23495,11.1866,11.1866,0.0,0.0
7825,11,23,1,weather_driven,historically_calibrated,1.273556,0.216504,10.692,10.692,0.0,0.0
7826,11,23,2,weather_driven,historically_calibrated,1.29261,0.219744,10.7811,10.7811,0.0,0.0
7827,11,23,3,weather_driven,historically_calibrated,1.307514,0.222277,10.8501,10.8501,0.0,0.0
7828,11,23,4,weather_driven,historically_calibrated,1.343295,0.22836,11.0134,11.0134,0.0,0.0
7829,11,23,5,weather_driven,historically_calibrated,1.394139,0.237004,11.2399,11.2399,0.0,0.0
7830,11,23,6,weather_driven,historically_calibrated,1.479823,0.25157,11.6079,11.6079,0.0,0.0
7831,11,23,7,weather_driven,historically_calibrated,2.270232,0.385939,14.3922,14.3922,0.0,0.0
7832,11,23,8,weather_driven,historically_calibrated,2.402561,0.408435,14.7778,14.7778,0.0,0.0
7833,11,23,9,weather_driven,historically_calibrated,2.41508,0.410564,14.8133,14.8276,0.0143,0.0
7834,11,23,10,weather_driven,historically_calibrated,2.19216,0.372667,14.1559,14.244,0.0881,0.0
7835,11,23,11,weather_driven,historically_calibrated,1.890099,0.321317,13.1709,13.3692,0.1983,0.0
7836,11,23,12,weather_driven,historically_calibrated,1.68823,0.286999,12.4393,12.7334,0.2942,0.0
7837,11,23,13,weather_driven,historically_calibrated,1.577653,0.268201,12.0087,12.3314,0.3227,0.0
7838,11,23,14,weather_driven,historically_calibrated,1.538138,0.261483,11.8492,12.1201,0.2709,0.0
7839,11,23,15,weather_driven,historically_calibrated,1.619218,0.275267,12.1733,12.3404,0.1672,0.0
7840,11,23,16,weather_driven,historically_calibrated,1.834582,0.311879,12.9761,13.0474,0.0713,0.0
7841,11,23,17,weather_driven,historically_calibrated,2.096669,0.356434,13.8572,13.8702,0.013,0.0
7842,11,23,18,weather_driven,historically_calibrated,2.421646,0.41168,14.8319,14.8319,0.0,0.0
7843,11,23,19,weather_driven,historically_calibrated,2.547415,0.433061,15.1799,15.1799,0.0,0.0
7844,11,23,20,weather_driven,historically_calibrated,2.551103,0.433687,15.1899,15.1899,0.0,0.0
7845,11,23,21,weather_driven,historically_calibrated,2.449805,0.416467,14.9111,14.9111,0.0,0.0
7846,11,23,22,weather_driven,historically_calibrated,2.301534,0.391261,14.4851,14.4851,0.0,0.0
7847,11,23,23,weather_driven,historically_calibrated,2.164427,0.367953,14.0703,14.0703,0.0,0.0
7848,11,23,24,weather_driven,historically_calibrated,1.607766,0.27332,12.1283,12.1283,0.0,0.0
7849,11,24,1,weather_driven,historically_calibrated,1.136968,0.193285,10.0234,10.0234,0.0,0.0
7850,11,24,2,weather_driven,historically_calibrated,1.153136,0.196033,10.1055,10.1055,0.0,0.0
7851,11,24,3,weather_driven,historically_calibrated,1.158389,0.196926,10.132,10.132,0.0,0.0
7852,11,24,4,weather_driven,historically_calibrated,1.17352,0.199498,10.2078,10.2078,0.0,0.0
7853,11,24,5,weather_driven,historically_calibrated,1.216106,0.206738,10.4175,10.4175,0.0,0.0
7854,11,24,6,weather_driven,historically_calibrated,1.296204,0.220355,10.7978,10.7978,0.0,0.0
7855,11,24,7,weather_driven,historically_calibrated,1.997761,0.339619,13.5358,13.5358,0.0,0.0
7856,11,24,8,weather_driven,historically_calibrated,2.093762,0.355939,13.8479,13.8479,0.0,0.0
7857,11,24,9,weather_driven,historically_calibrated,2.104539,0.357772,13.8822,13.8965,0.0143,0.0
7858,11,24,10,weather_driven,historically_calibrated,1.904243,0.323721,13.2198,13.3066,0.0868,0.0
7859,11,24,11,weather_driven,historically_calibrated,1.70668,0.290136,12.5089,12.6942,0.1853,0.0
7860,11,24,12,weather_driven,historically_calibrated,1.592626,0.270746,12.0684,12.3405,0.2722,0.0
7861,11,24,13,weather_driven,historically_calibrated,1.5363,0.261171,11.8417,12.154,0.3123,0.0
7862,11,24,14,weather_driven,historically_calibrated,1.501387,0.255236,11.698,11.9662,0.2683,0.0
7863,11,24,15,weather_driven,historically_calibrated,1.605954,0.273012,12.1211,12.2896,0.1685,0.0
7864,11,24,16,weather_driven,historically_calibrated,1.785985,0.303617,12.8018,12.8743,0.0726,0.0
7865,11,24,17,weather_driven,historically_calibrated,2.066494,0.351304,13.7605,13.7734,0.013,0.0
7866,11,24,18,weather_driven,historically_calibrated,2.314896,0.393532,14.5244,14.5244,0.0,0.0
7867,11,24,19,weather_driven,historically_calibrated,2.807087,0.477205,15.8545,15.8545,0.0,0.0
7868,11,24,20,weather_driven,historically_calibrated,2.824408,0.480149,15.8976,15.8976,0.0,0.0
7869,11,24,21,weather_driven,historically_calibrated,2.741942,0.46613,15.6904,15.6904,0.0,0.0
7870,11,24,22,weather_driven,historically_calibrated,2.581335,0.438827,15.2713,15.2713,0.0,0.0
7871,11,24,23,weather_driven,historically_calibrated,2.449653,0.416441,14.9107,14.9107,0.0,0.0
7872,11,24,24,weather_driven,historically_calibrated,1.591436,0.270544,12.0637,12.0637,0.0,0.0
7873,11,25,1,weather_driven,historically_calibrated,1.389309,0.236183,11.2186,11.2186,0.0,0.0
7874,11,25,2,weather_driven,historically_calibrated,1.391169,0.236499,11.2268,11.2268,0.0,0.0
7875,11,25,3,weather_driven,historically_calibrated,1.355623,0.230456,11.0689,11.0689,0.0,0.0
7876,11,25,4,weather_driven,historically_calibrated,1.332164,0.226468,10.9629,10.9629,0.0,0.0
7877,11,25,5,weather_driven,historically_calibrated,1.355896,0.230502,11.0701,11.0701,0.0,0.0
7878,11,25,6,weather_driven,historically_calibrated,1.30474,0.221806,10.8373,10.8373,0.0,0.0
7879,11,25,7,weather_driven,historically_calibrated,1.982975,0.337106,13.4866,13.4866,0.0,0.0
7880,11,25,8,weather_driven,historically_calibrated,2.01586,0.342696,13.5956,13.5956,0.0,0.0
7881,11,25,9,weather_driven,historically_calibrated,2.043476,0.347391,13.6859,13.6924,0.0065,0.0
7882,11,25,10,weather_driven,historically_calibrated,1.899739,0.322956,13.2042,13.2561,0.0518,0.0
7883,11,25,11,weather_driven,historically_calibrated,1.725026,0.293254,12.5776,12.6942,0.1166,0.0
7884,11,25,12,weather_driven,historically_calibrated,1.607937,0.273349,12.1289,12.2443,0.1153,0.0
7885,11,25,13,weather_driven,historically_calibrated,1.523843,0.259053,11.7907,11.8685,0.0778,0.0
7886,11,25,14,weather_driven,historically_calibrated,1.452323,0.246895,11.4916,11.5344,0.0428,0.0
7887,11,25,15,weather_driven,historically_calibrated,1.459431,0.248103,11.5218,11.5503,0.0285,0.0
7888,11,25,16,weather_driven,historically_calibrated,1.570553,0.266994,11.9803,12.0036,0.0233,0.0
7889,11,25,17,weather_driven,historically_calibrated,1.729812,0.294068,12.5954,12.6006,0.0052,0.0
7890,11,25,18,weather_driven,historically_calibrated,2.04447,0.34756,13.6892,13.7003,0.0,0.0111
7891,11,25,19,weather_driven,historically_calibrated,2.32125,0.394612,14.5431,14.6322,0.0,0.0892
7892,11,25,20,weather_driven,historically_calibrated,2.754936,0.468339,15.7234,15.8976,0.0,0.1741
7893,11,25,21,weather_driven,historically_calibrated,2.681947,0.455931,15.5364,15.6904,0.0,0.1541
7894,11,25,22,weather_driven,historically_calibrated,2.463551,0.418804,14.9495,15.1689,0.0,0.2194
7895,11,25,23,weather_driven,historically_calibrated,2.288166,0.388988,14.4456,14.6649,0.0,0.2194
7896,11,25,24,weather_driven,historically_calibrated,1.464513,0.248967,11.5434,11.788,0.0,0.2447
7897,11,26,1,weather_driven,historically_calibrated,1.539697,0.261748,11.8556,11.9912,0.0,0.1356
7898,11,26,2,weather_driven,historically_calibrated,1.581902,0.268923,12.0257,12.0405,0.0,0.0148
7899,11,26,3,weather_driven,historically_calibrated,1.607977,0.273356,12.1291,12.1536,0.0,0.0245
7900,11,26,4,weather_driven,historically_calibrated,1.670323,0.283955,12.3711,12.4087,0.0,0.0376
7901,11,26,5,weather_driven,historically_calibrated,1.75465,0.298291,12.6873,12.7421,0.0,0.0548
7902,11,26,6,weather_driven,historically_calibrated,1.886633,0.320728,13.1589,13.1965,0.0,0.0376
7903,11,26,7,weather_driven,historically_calibrated,2.794758,0.475109,15.8237,15.8349,0.0,0.0111
7904,11,26,8,weather_driven,historically_calibrated,2.950266,0.501545,16.2039,16.2042,0.0,0.0003
7905,11,26,9,weather_driven,historically_calibrated,3.019994,0.513399,16.3688,16.3804,0.0117,0.0
7906,11,26,10,weather_driven,historically_calibrated,2.834425,0.481852,15.9224,16.0014,0.0791,0.0
7907,11,26,11,weather_driven,historically_calibrated,2.562654,0.435651,15.2211,15.4065,0.1853,0.0001
7908,11,26,12,weather_driven,historically_calibrated,2.319714,0.394351,14.5386,14.8264,0.2877,0.0001
7909,11,26,13,weather_driven,historically_calibrated,2.20137,0.374233,14.1841,14.5043,0.3201,0.0
7910,11,26,14,weather_driven,historically_calibrated,2.122629,0.360847,13.9395,14.2065,0.267,0.0
7911,11,26,15,weather_driven,historically_calibrated,2.300016,0.391003,14.4806,14.6439,0.1633,0.0
7912,11,26,16,weather_driven,historically_calibrated,2.641029,0.448975,15.4296,15.497,0.0674,0.0
7913,11,26,17,weather_driven,historically_calibrated,2.963011,0.503712,16.2343,16.2459,0.0117,0.0
7914,11,26,18,weather_driven,historically_calibrated,3.183432,0.541184,16.7426,16.7429,0.0,0.0003
7915,11,26,19,weather_driven,historically_calibrated,3.799124,0.645851,18.0144,18.0182,0.0,0.0038
7916,11,26,20,weather_driven,historically_calibrated,3.786837,0.643762,17.9909,17.9966,0.0,0.0057
7917,11,26,21,weather_driven,historically_calibrated,3.566547,0.606313,17.557,17.5763,0.0,0.0193
7918,11,26,22,weather_driven,historically_calibrated,3.25562,0.553455,16.9024,16.933,0.0,0.0306
7919,11,26,23,weather_driven,historically_calibrated,2.964445,0.503956,16.2377,16.3141,0.0,0.0764
7920,11,26,24,weather_driven,historically_calibrated,1.862613,0.316644,13.0751,13.1127,0.0,0.0376
7921,11,27,1,weather_driven,historically_calibrated,1.633677,0.277725,12.2297,12.2754,0.0,0.0457
7922,11,27,2,weather_driven,historically_calibrated,1.654626,0.281286,12.3108,12.3656,0.0,0.0548
7923,11,27,3,weather_driven,historically_calibrated,1.650463,0.280579,12.2948,12.398,0.0,0.1032
7924,11,27,4,weather_driven,historically_calibrated,1.672065,0.284251,12.3777,12.5318,0.0,0.1541
7925,11,27,5,weather_driven,historically_calibrated,1.72779,0.293724,12.5879,12.7838,0.0,0.1959
7926,11,27,6,weather_driven,historically_calibrated,1.805376,0.306914,12.8718,13.0677,0.0,0.1959
7927,11,27,7,weather_driven,historically_calibrated,2.599668,0.441943,15.3202,15.6211,0.0,0.3009
7928,11,27,8,weather_driven,historically_calibrated,2.770365,0.470962,15.7624,16.0945,0.0,0.332
7929,11,27,9,weather_driven,historically_calibrated,2.804714,0.476801,15.8486,16.1586,0.0091,0.3009
7930,11,27,10,weather_driven,historically_calibrated,2.568391,0.436627,15.2365,15.7818,0.0674,0.4779
7931,11,27,11,weather_driven,historically_calibrated,2.371235,0.40311,14.6882,15.192,0.1387,0.3652
7932,11,27,12,weather_driven,historically_calibrated,2.115927,0.359708,13.9183,14.7217,0.1918,0.6116
7933,11,27,13,weather_driven,historically_calibrated,1.88752,0.320878,13.162,14.0904,0.2151,0.7133
7934,11,27,14,weather_driven,historically_calibrated,1.860399,0.316268,13.0673,14.1543,0.2009,0.8861
7935,11,27,15,weather_driven,historically_calibrated,1.86463,0.316987,13.0821,14.3225,0.1555,1.0848
7936,11,27,16,weather_driven,historically_calibrated,2.142597,0.364242,14.0022,15.1073,0.0894,1.0156
7937,11,27,17,weather_driven,historically_calibrated,2.430572,0.413197,14.8571,15.9562,0.0143,1.0848
7938,11,27,18,weather_driven,historically_calibrated,2.621837,0.445712,15.379,16.2652,0.0,0.8861
7939,11,27,19,weather_driven,historically_calibrated,3.035311,0.516003,16.4045,17.3539,0.0,0.9494
7940,11,27,20,weather_driven,historically_calibrated,2.928369,0.497823,16.1514,17.1008,0.0,0.9494
7941,11,27,21,weather_driven,historically_calibrated,2.563053,0.435719,15.2221,16.5334,0.0,1.3112
7942,11,27,22,weather_driven,historically_calibrated,2.431715,0.413391,14.8603,15.876,0.0,1.0156
7943,11,27,23,weather_driven,historically_calibrated,2.085211,0.354486,13.8206,15.2991,0.0,1.4784
7944,11,27,24,weather_driven,historically_calibrated,1.362466,0.231619,11.0995,12.2567,0.0,1.1571
7945,11,28,1,weather_driven,historically_calibrated,1.05294,0.179,9.583,10.9762,0.0,1.3932
7946,11,28,2,weather_driven,historically_calibrated,0.857234,0.14573,8.4544,10.9842,0.0,2.5298
7947,11,28,3,weather_driven,historically_calibrated,0.951046,0.161678,9.015,10.9723,0.0,1.9573
7948,11,28,4,weather_driven,historically_calibrated,1.012832,0.172181,9.3641,10.9313,0.0,1.5671
7949,11,28,5,weather_driven,historically_calibrated,1.063192,0.180743,9.6381,11.0312,0.0,1.3932
7950,11,28,6,weather_driven,historically_calibrated,1.167875,0.198539,10.1796,11.2644,0.0,1.0848
7951,11,28,7,weather_driven,historically_calibrated,1.925702,0.327369,13.2934,13.8579,0.0,0.5645
7952,11,28,8,weather_driven,historically_calibrated,2.055776,0.349482,13.7258,13.9,0.0,0.1741
7953,11,28,9,weather_driven,historically_calibrated,2.01013,0.341722,13.5767,13.7739,0.0013,0.1959
7954,11,28,10,weather_driven,historically_calibrated,1.854269,0.315226,13.0457,13.5301,0.0065,0.4779
7955,11,28,11,weather_driven,historically_calibrated,1.640352,0.27886,12.2556,13.1547,0.013,0.8861
7956,11,28,12,weather_driven,historically_calibrated,1.453474,0.247091,11.4965,12.4718,0.0259,0.9494
7957,11,28,13,weather_driven,historically_calibrated,1.224056,0.20809,10.456,11.7106,0.022,1.2326
7958,11,28,14,weather_driven,historically_calibrated,1.189184,0.202161,10.2855,11.3898,0.0194,1.0848
7959,11,28,15,weather_driven,historically_calibrated,1.216551,0.206814,10.4196,11.3226,0.0168,0.8861
7960,11,28,16,weather_driven,historically_calibrated,1.302153,0.221366,10.8253,11.6,0.0065,0.7682
7961,11,28,17,weather_driven,historically_calibrated,1.453026,0.247014,11.4946,12.0159,0.0013,0.52
7962,11,28,18,weather_driven,historically_calibrated,1.646148,0.279845,12.2781,12.3237,0.0,0.0457
7963,11,28,19,weather_driven,historically_calibrated,1.726425,0.293492,12.5828,12.5831,0.0,0.0003
7964,11,28,20,weather_driven,historically_calibrated,1.5618,0.265506,11.9451,12.3832,0.0,0.4381
7965,11,28,21,weather_driven,historically_calibrated,1.394847,0.237124,11.243,11.9563,0.0,0.7133
7966,11,28,22,weather_driven,historically_calibrated,1.002276,0.170387,9.3055,11.3696,0.0,2.0641
7967,11,28,23,weather_driven,historically_calibrated,0.818068,0.139072,8.2085,10.8648,0.0,2.6563
7968,11,28,24,weather_driven,historically_calibrated,0.672804,0.114377,7.2254,8.6186,0.0,1.3932
7969,11,29,1,weather_driven,historically_calibrated,0.778149,0.132285,7.9499,8.0532,0.0,0.1032
7970,11,29,2,weather_driven,historically_calibrated,0.576235,0.09796,6.4993,7.9778,0.0,1.4784
7971,11,29,3,weather_driven,historically_calibrated,0.268009,0.045562,3.6222,7.958,0.0,4.3358
7972,11,29,4,weather_driven,historically_calibrated,0.42684,0.072563,5.2306,8.0175,0.0,2.7869
7973,11,29,5,weather_driven,historically_calibrated,0.503317,0.085564,5.9047,8.1938,0.0,2.289
7974,11,29,6,weather_driven,historically_calibrated,0.652842,0.110983,7.0805,8.4737,0.0,1.3932
7975,11,29,7,weather_driven,historically_calibrated,0.739988,0.125798,7.6949,10.2247,0.0,2.5298
7976,11,29,8,weather_driven,historically_calibrated,0.6411,0.108987,6.9941,10.4986,0.0,3.5045
7977,11,29,9,weather_driven,historically_calibrated,0.442572,0.075237,5.3739,10.6682,0.0052,5.2891
7978,11,29,10,weather_driven,historically_calibrated,0.47071,0.080021,5.6241,10.7292,0.0168,5.0882
7979,11,29,11,weather_driven,historically_calibrated,0.410617,0.069805,5.0802,10.206,0.0376,5.0882
7980,11,29,12,weather_driven,historically_calibrated,0.369095,0.062746,4.6819,9.8557,0.0855,5.0882
7981,11,29,13,weather_driven,historically_calibrated,0.481429,0.081843,5.7174,9.5896,0.0492,3.8229
7982,11,29,14,weather_driven,historically_calibrated,0.61781,0.105028,6.8199,9.3556,0.1283,2.4074
7983,11,29,15,weather_driven,historically_calibrated,0.629923,0.107087,6.9109,9.7691,0.0713,2.7869
7984,11,29,16,weather_driven,historically_calibrated,0.522914,0.088895,6.0689,10.2638,0.035,4.16
7985,11,29,17,weather_driven,historically_calibrated,0.814339,0.138438,8.1847,10.9729,0.0013,2.7869
7986,11,29,18,weather_driven,historically_calibrated,0.961885,0.16352,9.0773,11.6071,0.0,2.5298
7987,11,29,19,weather_driven,historically_calibrated,1.32098,0.224567,10.9119,11.798,0.0,0.8861
7988,11,29,20,weather_driven,historically_calibrated,1.47954,0.251522,11.6067,12.0846,0.0,0.4779
7989,11,29,21,weather_driven,historically_calibrated,1.376731,0.234044,11.163,11.4349,0.0,0.2718
7990,11,29,22,weather_driven,historically_calibrated,1.318417,0.224131,10.9002,11.0358,0.0,0.1356
7991,11,29,23,weather_driven,historically_calibrated,1.268607,0.215663,10.6687,10.7579,0.0,0.0892
7992,11,29,24,weather_driven,historically_calibrated,0.883553,0.150204,8.6156,8.7898,0.0,0.1741
7993,11,30,1,weather_driven,historically_calibrated,0.860618,0.146305,8.4753,8.5403,0.0,0.065
7994,11,30,2,weather_driven,historically_calibrated,0.831102,0.141287,8.2912,8.4653,0.0,0.1741
7995,11,30,3,weather_driven,historically_calibrated,0.857427,0.145763,8.4556,8.6097,0.0,0.1541
7996,11,30,4,weather_driven,historically_calibrated,0.881202,0.149804,8.6014,8.7973,0.0,0.1959
7997,11,30,5,weather_driven,historically_calibrated,0.905722,0.153973,8.749,8.9449,0.0,0.1959
7998,11,30,6,weather_driven,historically_calibrated,0.960622,0.163306,9.0701,9.2895,0.0,0.2194
7999,11,30,7,weather_driven,historically_calibrated,1.371946,0.233231,11.1418,11.507,0.0,0.3652
8000,11,30,8,weather_driven,historically_calibrated,1.39417,0.237009,11.24,11.5409,0.0,0.3009
8001,11,30,9,weather_driven,historically_calibrated,1.29908,0.220844,10.8111,11.3337,0.0026,0.52
8002,11,30,10,weather_driven,historically_calibrated,1.281945,0.217931,10.7314,11.2235,0.0143,0.4779
8003,11,30,11,weather_driven,historically_calibrated,1.236896,0.210272,10.5179,11.0638,0.0259,0.52
8004,11,30,12,weather_driven,historically_calibrated,1.21047,0.20578,10.39,10.8498,0.2151,0.2447
8005,11,30,13,weather_driven,historically_calibrated,1.148018,0.195163,10.0796,10.4173,0.219,0.1187
8006,11,30,14,weather_driven,historically_calibrated,1.203378,0.204574,10.3554,10.5553,0.1452,0.0548
8007,11,30,15,weather_driven,historically_calibrated,1.282375,0.218004,10.7334,10.8941,0.0842,0.0764
8008,11,30,16,weather_driven,historically_calibrated,1.406965,0.239184,11.296,11.4329,0.0337,0.1032
8009,11,30,17,weather_driven,historically_calibrated,1.585,0.26945,12.0381,12.0738,0.0052,0.0306
8010,11,30,18,weather_driven,historically_calibrated,1.688256,0.287004,12.4394,12.4432,0.0,0.0038
8011,11,30,19,weather_driven,historically_calibrated,1.790735,0.304425,12.819,12.8247,0.0,0.0057
8012,11,30,20,weather_driven,historically_calibrated,1.832626,0.311546,12.9692,12.9803,0.0,0.0111
8013,11,30,21,weather_driven,historically_calibrated,1.712286,0.291089,12.53,12.5357,0.0,0.0057
8014,11,30,22,weather_driven,historically_calibrated,1.684719,0.286402,12.4259,12.4266,0.0,0.0007
8015,11,30,23,weather_driven,historically_calibrated,1.653676,0.281125,12.3072,12.3072,0.0,0.0001
8016,11,30,24,weather_driven,historically_calibrated,1.138455,0.193537,10.031,10.031,0.0,0.0
8017,12,1,1,weather_driven,historically_calibrated,0.95298,0.162007,9.0261,9.6873,0.0,0.6611
8018,12,1,2,weather_driven,historically_calibrated,1.024569,0.174177,9.4288,9.9934,0.0,0.5645
8019,12,1,3,weather_driven,historically_calibrated,1.088347,0.185019,9.7715,9.9071,0.0,0.1356
8020,12,1,4,weather_driven,historically_calibrated,1.0019,0.170323,9.3034,9.868,0.0,0.5645
8021,12,1,5,weather_driven,historically_calibrated,1.075855,0.182895,9.7055,10.2255,0.0,0.52
8022,12,1,6,weather_driven,historically_calibrated,1.087157,0.184817,9.7653,10.1658,0.0,0.4005
8023,12,1,7,weather_driven,historically_calibrated,1.659449,0.282106,12.3294,12.5035,0.0,0.1741
8024,12,1,8,weather_driven,historically_calibrated,1.885276,0.320497,13.1542,13.1918,0.0,0.0376
8025,12,1,9,weather_driven,historically_calibrated,1.981444,0.336846,13.4815,13.4883,0.0065,0.0003
8026,12,1,10,weather_driven,historically_calibrated,1.945202,0.330684,13.3597,13.4077,0.048,0.0
8027,12,1,11,weather_driven,historically_calibrated,1.827194,0.310623,12.9499,13.0888,0.0933,0.0457
8028,12,1,12,weather_driven,historically_calibrated,1.725159,0.293277,12.5781,12.7738,0.1192,0.0764
8029,12,1,13,weather_driven,historically_calibrated,1.595129,0.271172,12.0783,12.4396,0.1166,0.2447
8030,12,1,14,weather_driven,historically_calibrated,1.297234,0.22053,10.8026,12.4941,0.1244,1.5671
8031,12,1,15,weather_driven,historically_calibrated,1.600282,0.272048,12.0987,13.3246,0.0687,1.1571
8032,12,1,16,weather_driven,historically_calibrated,1.879234,0.31947,13.1332,14.3084,0.0181,1.1571
8033,12,1,17,weather_driven,historically_calibrated,2.324902,0.395233,14.5537,14.9996,0.0078,0.4381
8034,12,1,18,weather_driven,historically_calibrated,2.398037,0.407666,14.7649,14.8541,0.0,0.0892
8035,12,1,19,weather_driven,historically_calibrated,2.571236,0.43711,15.2442,15.2989,0.0,0.0548
8036,12,1,20,weather_driven,historically_calibrated,2.519502,0.428315,15.1039,15.1284,0.0,0.0245
8037,12,1,21,weather_driven,historically_calibrated,2.598038,0.441666,15.3159,15.3706,0.0,0.0548
8038,12,1,22,weather_driven,historically_calibrated,2.589036,0.440136,15.2919,15.3224,0.0,0.0306
8039,12,1,23,weather_driven,historically_calibrated,2.294196,0.390013,14.4634,14.5666,0.0,0.1032
8040,12,1,24,weather_driven,historically_calibrated,1.444072,0.245492,11.4564,11.6305,0.0,0.1741
8041,12,2,1,weather_driven,historically_calibrated,1.297901,0.220643,10.8057,11.1066,0.0,0.3009
8042,12,2,2,weather_driven,historically_calibrated,1.249129,0.212352,10.5764,11.5258,0.0,0.9494
8043,12,2,3,weather_driven,historically_calibrated,1.091504,0.185556,9.7881,11.1813,0.0,1.3932
8044,12,2,4,weather_driven,historically_calibrated,1.046394,0.177887,9.5477,11.3027,0.0,1.755
8045,12,2,5,weather_driven,historically_calibrated,1.118669,0.190174,9.9295,12.3369,0.0,2.4074
8046,12,2,6,weather_driven,historically_calibrated,1.084053,0.184289,9.7489,12.5358,0.0,2.7869
8047,12,2,7,weather_driven,historically_calibrated,1.538356,0.26152,11.8501,15.3546,0.0,3.5045
8048,12,2,8,weather_driven,historically_calibrated,1.491395,0.253537,11.6564,15.8164,0.0,4.16
8049,12,2,9,weather_driven,historically_calibrated,1.611592,0.273971,12.1433,16.1415,0.0091,3.9891
8050,12,2,10,weather_driven,historically_calibrated,1.535879,0.261099,11.84,15.3782,0.0337,3.5045
8051,12,2,11,weather_driven,historically_calibrated,1.36609,0.232235,11.1157,15.6044,0.1529,4.3358
8052,12,2,12,weather_driven,historically_calibrated,1.197274,0.203537,10.3254,14.6993,0.2138,4.16
8053,12,2,13,weather_driven,historically_calibrated,1.363293,0.23176,11.1032,14.629,0.1737,3.3521
8054,12,2,14,weather_driven,historically_calibrated,1.31347,0.22329,10.8775,14.8935,0.1931,3.8229
8055,12,2,15,weather_driven,historically_calibrated,1.63351,0.277697,12.2291,15.2959,0.1452,2.9217
8056,12,2,16,weather_driven,historically_calibrated,1.738934,0.295619,12.6293,15.2304,0.0713,2.5298
8057,12,2,17,weather_driven,historically_calibrated,2.004578,0.340778,13.5584,15.7459,0.013,2.1746
8058,12,2,18,weather_driven,historically_calibrated,2.533621,0.430716,15.1425,16.9968,0.0,1.8543
8059,12,2,19,weather_driven,historically_calibrated,2.771605,0.471173,15.7656,17.0768,0.0,1.3112
8060,12,2,20,weather_driven,historically_calibrated,2.823032,0.479915,15.8942,17.0513,0.0,1.1571
8061,12,2,21,weather_driven,historically_calibrated,2.663068,0.452722,15.4873,16.4367,0.0,0.9494
8062,12,2,22,weather_driven,historically_calibrated,2.600354,0.44206,15.322,16.0902,0.0,0.7682
8063,12,2,23,weather_driven,historically_calibrated,2.255402,0.383418,14.3479,15.009,0.0,0.6611
8064,12,2,24,weather_driven,historically_calibrated,1.454089,0.247195,11.4991,12.0637,0.0,0.5645
8065,12,3,1,weather_driven,historically_calibrated,1.615587,0.27465,12.159,12.5595,0.0,0.4005
8066,12,3,2,weather_driven,historically_calibrated,1.647527,0.28008,12.2834,12.5281,0.0,0.2447
8067,12,3,3,weather_driven,historically_calibrated,1.663217,0.282747,12.3438,12.4794,0.0,0.1356
8068,12,3,4,weather_driven,historically_calibrated,1.750488,0.297583,12.672,12.737,0.0,0.065
8069,12,3,5,weather_driven,historically_calibrated,1.91631,0.325773,13.2613,13.3263,0.0,0.065
8070,12,3,6,weather_driven,historically_calibrated,2.053052,0.349019,13.717,13.7546,0.0,0.0376
8071,12,3,7,weather_driven,historically_calibrated,3.157331,0.536746,16.684,16.6898,0.0,0.0057
8072,12,3,8,weather_driven,historically_calibrated,3.364104,0.571898,17.1368,17.1368,0.0,0.0
8073,12,3,9,weather_driven,historically_calibrated,3.868501,0.657645,18.146,18.1551,0.0091,0.0
8074,12,3,10,weather_driven,historically_calibrated,3.541394,0.602037,17.506,17.5941,0.0881,0.0
8075,12,3,11,weather_driven,historically_calibrated,3.223705,0.54803,16.8322,17.0149,0.1827,0.0
8076,12,3,12,weather_driven,historically_calibrated,3.242009,0.551142,16.8725,17.1286,0.2553,0.0007
8077,12,3,13,weather_driven,historically_calibrated,2.986091,0.507635,16.289,16.5736,0.2735,0.0111
8078,12,3,14,weather_driven,historically_calibrated,2.99731,0.509543,16.3155,16.6058,0.2527,0.0376
8079,12,3,15,weather_driven,historically_calibrated,3.214598,0.546482,16.812,17.0545,0.1776,0.065
8080,12,3,16,weather_driven,historically_calibrated,3.511305,0.596922,17.4445,17.6125,0.0648,0.1032
8081,12,3,17,weather_driven,historically_calibrated,3.829722,0.651053,18.0727,18.2161,0.0078,0.1356
8082,12,3,18,weather_driven,historically_calibrated,4.122446,0.700816,18.6104,18.7136,0.0,0.1032
8083,12,3,19,weather_driven,historically_calibrated,4.277391,0.727156,18.8813,18.9845,0.0,0.1032
8084,12,3,20,weather_driven,historically_calibrated,4.082478,0.694021,18.539,18.7132,0.0,0.1741
8085,12,3,21,weather_driven,historically_calibrated,3.761307,0.639422,17.9418,18.2136,0.0,0.2718
8086,12,3,22,weather_driven,historically_calibrated,3.358144,0.570884,17.1241,17.4893,0.0,0.3652
8087,12,3,23,weather_driven,historically_calibrated,2.898956,0.492823,16.0804,16.7415,0.0,0.6611
8088,12,3,24,weather_driven,historically_calibrated,1.66583,0.283191,12.3539,13.3695,0.0,1.0156
8089,12,4,1,weather_driven,historically_calibrated,1.450444,0.246575,11.4836,12.6407,0.0,1.1571
8090,12,4,2,weather_driven,historically_calibrated,1.379553,0.234524,11.1755,12.5687,0.0,1.3932
8091,12,4,3,weather_driven,historically_calibrated,1.315626,0.223656,10.8874,12.6424,0.0,1.755
8092,12,4,4,weather_driven,historically_calibrated,1.278231,0.217299,10.714,12.778,0.0,2.0641
8093,12,4,5,weather_driven,historically_calibrated,1.368735,0.232685,11.1275,13.5349,0.0,2.4074
8094,12,4,6,weather_driven,historically_calibrated,1.399246,0.237872,11.2623,14.184,0.0,2.9217
8095,12,4,7,weather_driven,historically_calibrated,1.910731,0.324824,13.2421,16.9035,0.0,3.6614
8096,12,4,8,weather_driven,historically_calibrated,1.986459,0.337698,13.4982,18.0146,0.0,4.5164
8097,12,4,9,weather_driven,historically_calibrated,2.027821,0.34473,13.6348,18.1551,0.0039,4.5164
8098,12,4,10,weather_driven,historically_calibrated,1.636578,0.278218,12.241,17.9785,0.0311,5.7064
8099,12,4,11,weather_driven,historically_calibrated,1.405577,0.238948,11.29,17.4974,0.0622,6.1452
8100,12,4,12,weather_driven,historically_calibrated,1.067631,0.181497,9.6618,17.0762,0.0752,7.3393
8101,12,4,13,weather_driven,historically_calibrated,1.097464,0.186569,9.8193,16.7288,0.0648,6.8447
8102,12,4,14,weather_driven,historically_calibrated,1.65734,0.281748,12.3213,16.7101,0.0531,4.3358
8103,12,4,15,weather_driven,historically_calibrated,2.349985,0.399497,14.6268,16.8403,0.0389,2.1746
8104,12,4,16,weather_driven,historically_calibrated,3.073687,0.522527,16.4935,17.2785,0.0168,0.7682
8105,12,4,17,weather_driven,historically_calibrated,3.5858,0.609586,17.5959,17.7525,0.0026,0.1541
8106,12,4,18,weather_driven,historically_calibrated,3.571892,0.607222,17.5678,17.579,0.0,0.0111
8107,12,4,19,weather_driven,historically_calibrated,3.736435,0.635194,17.8936,17.8975,0.0,0.0038
8108,12,4,20,weather_driven,historically_calibrated,3.430077,0.583113,17.2762,17.28,0.0,0.0038
8109,12,4,21,weather_driven,historically_calibrated,3.164015,0.537883,16.6991,16.7072,0.0,0.0081
8110,12,4,22,weather_driven,historically_calibrated,2.898472,0.49274,16.0792,16.0985,0.0,0.0193
8111,12,4,23,weather_driven,historically_calibrated,2.840644,0.482909,15.9378,15.9402,0.0,0.0024
8112,12,4,24,weather_driven,historically_calibrated,1.947381,0.331055,13.3671,13.3695,0.0,0.0024
8113,12,5,1,weather_driven,historically_calibrated,1.912737,0.325165,13.249,13.2497,0.0,0.0007
8114,12,5,2,weather_driven,historically_calibrated,1.85705,0.315698,13.0555,13.0562,0.0,0.0007
8115,12,5,3,weather_driven,historically_calibrated,1.961954,0.333532,13.4162,13.4163,0.0,0.0001
8116,12,5,4,weather_driven,historically_calibrated,2.029327,0.344986,13.6398,13.6398,0.0,0.0001
8117,12,5,5,weather_driven,historically_calibrated,2.100061,0.35701,13.868,13.8687,0.0,0.0007
8118,12,5,6,weather_driven,historically_calibrated,2.228258,0.378804,14.266,14.2699,0.0,0.0038
8119,12,5,7,weather_driven,historically_calibrated,3.454478,0.587261,17.3271,17.3309,0.0,0.0038
8120,12,5,8,weather_driven,historically_calibrated,3.767685,0.640506,17.9541,17.9598,0.0,0.0057
8121,12,5,9,weather_driven,historically_calibrated,3.4997,0.594949,17.4207,17.4341,0.0078,0.0057
8122,12,5,10,weather_driven,historically_calibrated,2.877872,0.489238,16.0291,16.1113,0.0765,0.0057
8123,12,5,11,weather_driven,historically_calibrated,2.523349,0.428969,15.1145,15.2993,0.1737,0.0111
8124,12,5,12,weather_driven,historically_calibrated,2.368954,0.402722,14.6816,14.931,0.2346,0.0148
8125,12,5,13,weather_driven,historically_calibrated,2.223367,0.377972,14.2512,14.5043,0.2449,0.0081
8126,12,5,14,weather_driven,historically_calibrated,2.26822,0.385597,14.3862,14.6237,0.2294,0.0081
8127,12,5,15,weather_driven,historically_calibrated,2.427158,0.412617,14.8475,15.0189,0.1633,0.0081
8128,12,5,16,weather_driven,historically_calibrated,2.6501,0.450517,15.4534,15.5527,0.0687,0.0306
8129,12,5,17,weather_driven,historically_calibrated,2.934723,0.498903,16.1667,16.188,0.0065,0.0148
8130,12,5,18,weather_driven,historically_calibrated,3.143397,0.534378,16.6526,16.6832,0.0,0.0306
8131,12,5,19,weather_driven,historically_calibrated,3.287655,0.558901,16.9723,16.9916,0.0,0.0193
8132,12,5,20,weather_driven,historically_calibrated,3.206547,0.545113,16.7941,16.8022,0.0,0.0081
8133,12,5,21,weather_driven,historically_calibrated,3.116353,0.52978,16.5912,16.5913,0.0,0.0001
8134,12,5,22,weather_driven,historically_calibrated,2.86075,0.486327,15.9872,15.9872,0.0,0.0
8135,12,5,23,weather_driven,historically_calibrated,2.611778,0.444002,15.3524,15.3525,0.0,0.0001
8136,12,5,24,weather_driven,historically_calibrated,1.616821,0.27486,12.1639,12.2995,0.0,0.1356
8137,12,6,1,weather_driven,historically_calibrated,1.40435,0.238739,11.2846,11.504,0.0,0.2194
8138,12,6,2,weather_driven,historically_calibrated,1.397469,0.23757,11.2545,11.3093,0.0,0.0548
8139,12,6,3,weather_driven,historically_calibrated,1.401846,0.238314,11.2737,11.2982,0.0,0.0245
8140,12,6,4,weather_driven,historically_calibrated,1.414035,0.240386,11.3268,11.3417,0.0,0.0148
8141,12,6,5,weather_driven,historically_calibrated,1.411919,0.240026,11.3176,11.3233,0.0,0.0057
8142,12,6,6,weather_driven,historically_calibrated,1.47925,0.251473,11.6055,11.6079,0.0,0.0024
8143,12,6,7,weather_driven,historically_calibrated,2.270228,0.385939,14.3922,14.3922,0.0,0.0
8144,12,6,8,weather_driven,historically_calibrated,2.289193,0.389163,14.4486,14.4486,0.0,0.0
8145,12,6,9,weather_driven,historically_calibrated,2.304397,0.391747,14.4935,14.4948,0.0013,0.0
8146,12,6,10,weather_driven,historically_calibrated,2.232711,0.379561,14.2795,14.299,0.0194,0.0
8147,12,6,11,weather_driven,historically_calibrated,2.09144,0.355545,13.8405,13.9053,0.0648,0.0
8148,12,6,12,weather_driven,historically_calibrated,1.932463,0.328519,13.3164,13.4136,0.0972,0.0
8149,12,6,13,weather_driven,historically_calibrated,1.87961,0.319534,13.1345,13.2109,0.0765,0.0
8150,12,6,14,weather_driven,historically_calibrated,1.885097,0.320467,13.1535,13.2676,0.114,0.0
8151,12,6,15,weather_driven,historically_calibrated,1.875399,0.318818,13.1198,13.1975,0.0778,0.0
8152,12,6,16,weather_driven,historically_calibrated,2.005884,0.341,13.5627,13.6041,0.0415,0.0
8153,12,6,17,weather_driven,historically_calibrated,2.229765,0.37906,14.2706,14.2758,0.0052,0.0
8154,12,6,18,weather_driven,historically_calibrated,2.421642,0.411679,14.8319,14.8319,0.0,0.0
8155,12,6,19,weather_driven,historically_calibrated,2.547304,0.433042,15.1796,15.1799,0.0,0.0003
8156,12,6,20,weather_driven,historically_calibrated,2.572993,0.437409,15.2489,15.2496,0.0,0.0007
8157,12,6,21,weather_driven,historically_calibrated,2.427159,0.412617,14.8475,14.8532,0.0,0.0057
8158,12,6,22,weather_driven,historically_calibrated,2.19391,0.372965,14.1613,14.2069,0.0,0.0457
8159,12,6,23,weather_driven,historically_calibrated,1.990894,0.338452,13.513,13.5894,0.0,0.0764
8160,12,6,24,weather_driven,historically_calibrated,1.289748,0.219257,10.7678,10.8442,0.0,0.0764
8161,12,7,1,weather_driven,historically_calibrated,1.171919,0.199226,10.1998,10.2455,0.0,0.0457
8162,12,7,2,weather_driven,historically_calibrated,1.163477,0.197791,10.1575,10.2123,0.0,0.0548
8163,12,7,3,weather_driven,historically_calibrated,1.150586,0.1956,10.0926,10.1576,0.0,0.065
8164,12,7,4,weather_driven,historically_calibrated,1.146692,0.194938,10.0729,10.1105,0.0,0.0376
8165,12,7,5,weather_driven,historically_calibrated,1.169065,0.198741,10.1855,10.1967,0.0,0.0111
8166,12,7,6,weather_driven,historically_calibrated,1.213411,0.20628,10.4044,10.4058,0.0,0.0014
8167,12,7,7,weather_driven,historically_calibrated,1.763844,0.299853,12.7211,12.7359,0.0,0.0148
8168,12,7,8,weather_driven,historically_calibrated,1.639945,0.278791,12.2541,13.0222,0.0,0.7682
8169,12,7,9,weather_driven,historically_calibrated,1.420151,0.241426,11.3534,13.1084,0.0,1.755
8170,12,7,10,weather_driven,historically_calibrated,1.503663,0.255623,11.7074,12.8711,0.0065,1.1571
8171,12,7,11,weather_driven,historically_calibrated,1.22336,0.207971,10.4527,12.0289,0.0091,1.5671
8172,12,7,12,weather_driven,historically_calibrated,0.42627,0.072466,5.2254,10.3266,0.013,5.0882
8173,12,7,13,weather_driven,historically_calibrated,0.271539,0.046162,3.6616,10.0552,0.0207,6.3728
8174,12,7,14,weather_driven,historically_calibrated,0.221725,0.037693,3.0868,10.1902,0.0143,7.0891
8175,12,7,15,weather_driven,historically_calibrated,0.159813,0.027168,2.3107,10.4655,0.0298,8.125
8176,12,7,16,weather_driven,historically_calibrated,0.428811,0.072898,5.2487,10.9876,0.0324,5.7064
8177,12,7,17,weather_driven,historically_calibrated,0.834438,0.141855,8.3122,11.6682,0.0039,3.3521
8178,12,7,18,weather_driven,historically_calibrated,1.198879,0.203809,10.3333,12.6223,0.0,2.289
8179,12,7,19,weather_driven,historically_calibrated,1.541142,0.261994,11.8615,13.4286,0.0,1.5671
8180,12,7,20,weather_driven,historically_calibrated,1.578063,0.268271,12.0104,13.5775,0.0,1.5671
8181,12,7,21,weather_driven,historically_calibrated,1.441984,0.245137,11.4474,13.4047,0.0,1.9573
8182,12,7,22,weather_driven,historically_calibrated,1.334729,0.226904,10.9746,13.0386,0.0,2.0641
8183,12,7,23,weather_driven,historically_calibrated,1.257675,0.213805,10.6171,12.5744,0.0,1.9573
8184,12,7,24,weather_driven,historically_calibrated,0.810374,0.137764,8.1593,10.1166,0.0,1.9573
8185,12,8,1,weather_driven,historically_calibrated,0.704155,0.119706,7.4478,9.015,0.0,1.5671
8186,12,8,2,weather_driven,historically_calibrated,0.802636,0.136448,8.1095,9.0589,0.0,0.9494
8187,12,8,3,weather_driven,historically_calibrated,0.878269,0.149306,8.5835,9.1951,0.0,0.6116
8188,12,8,4,weather_driven,historically_calibrated,0.955124,0.162371,9.0385,9.3394,0.0,0.3009
8189,12,8,5,weather_driven,historically_calibrated,1.008225,0.171398,9.3386,9.5345,0.0,0.1959
8190,12,8,6,weather_driven,historically_calibrated,1.026362,0.174481,9.4386,9.6128,0.0,0.1741
8191,12,8,7,weather_driven,historically_calibrated,1.431342,0.243328,11.4017,11.5204,0.0,0.1187
8192,12,8,8,weather_driven,historically_calibrated,1.504365,0.255742,11.7103,11.829,0.0,0.1187
8193,12,8,9,weather_driven,historically_calibrated,1.557643,0.264799,11.9283,12.0087,0.0039,0.0764
8194,12,8,10,weather_driven,historically_calibrated,1.547331,0.263046,11.8866,11.9424,0.0557,0.0001
8195,12,8,11,weather_driven,historically_calibrated,1.502254,0.255383,11.7016,11.8557,0.1503,0.0038
8196,12,8,12,weather_driven,historically_calibrated,1.498869,0.254808,11.6875,11.9073,0.2087,0.0111
8197,12,8,13,weather_driven,historically_calibrated,1.450613,0.246604,11.4843,11.9161,0.2359,0.1959
8198,12,8,14,weather_driven,historically_calibrated,1.40264,0.238449,11.2771,11.9662,0.2112,0.4779
8199,12,8,15,weather_driven,historically_calibrated,1.51682,0.257859,11.7618,12.2403,0.1464,0.332
8200,12,8,16,weather_driven,historically_calibrated,1.783774,0.303242,12.7937,13.0792,0.0661,0.2194
8201,12,8,17,weather_driven,historically_calibrated,2.082381,0.354005,13.8115,14.04,0.0091,0.2194
8202,12,8,18,weather_driven,historically_calibrated,2.325148,0.395275,14.5545,14.7991,0.0,0.2447
8203,12,8,19,weather_driven,historically_calibrated,2.573159,0.437437,15.2493,15.5212,0.0,0.2718
8204,12,8,20,weather_driven,historically_calibrated,2.6175,0.444975,15.3676,15.7328,0.0,0.3652
8205,12,8,21,weather_driven,historically_calibrated,2.428274,0.412807,14.8506,15.3706,0.0,0.52
8206,12,8,22,weather_driven,historically_calibrated,2.299324,0.390885,14.4786,14.8106,0.0,0.332
8207,12,8,23,weather_driven,historically_calibrated,2.237775,0.380422,14.2948,14.5666,0.0,0.2718
8208,12,8,24,weather_driven,historically_calibrated,1.5524,0.263908,11.9071,12.103,0.0,0.1959
8209,12,9,1,weather_driven,historically_calibrated,1.443829,0.245451,11.4553,11.6295,0.0,0.1741
8210,12,9,2,weather_driven,historically_calibrated,1.484841,0.252423,11.629,11.8249,0.0,0.1959
8211,12,9,3,weather_driven,historically_calibrated,1.501254,0.255213,11.6974,11.8933,0.0,0.1959
8212,12,9,4,weather_driven,historically_calibrated,1.537333,0.261347,11.8459,12.0201,0.0,0.1741
8213,12,9,5,weather_driven,historically_calibrated,1.587437,0.269864,12.0478,12.1834,0.0,0.1356
8214,12,9,6,weather_driven,historically_calibrated,1.677947,0.285251,12.4002,12.5358,0.0,0.1356
8215,12,9,7,weather_driven,historically_calibrated,2.598564,0.441756,15.3173,15.4529,0.0,0.1356
8216,12,9,8,weather_driven,historically_calibrated,2.742826,0.46628,15.6927,15.8668,0.0,0.1741
8217,12,9,9,weather_driven,historically_calibrated,2.822135,0.479763,15.8919,16.0904,0.0026,0.1959
8218,12,9,10,weather_driven,historically_calibrated,2.702509,0.459427,15.5895,15.8834,0.0492,0.2447
8219,12,9,11,weather_driven,historically_calibrated,2.362769,0.401671,14.6638,15.1111,0.1464,0.3009
8220,12,9,12,weather_driven,historically_calibrated,2.151033,0.365676,14.0286,14.603,0.2424,0.332
8221,12,9,13,weather_driven,historically_calibrated,1.943309,0.330362,13.3533,13.9627,0.2773,0.332
8222,12,9,14,weather_driven,historically_calibrated,1.956678,0.332635,13.3985,14.0297,0.2307,0.4005
8223,12,9,15,weather_driven,historically_calibrated,2.090416,0.355371,13.8372,14.4088,0.1335,0.4381
8224,12,9,16,weather_driven,historically_calibrated,2.276763,0.38705,14.4117,15.0255,0.0492,0.5645
8225,12,9,17,weather_driven,historically_calibrated,2.53006,0.43011,15.1328,15.8525,0.0065,0.7133
8226,12,9,18,weather_driven,historically_calibrated,2.862868,0.486688,15.9924,16.9418,0.0,0.9494
8227,12,9,19,weather_driven,historically_calibrated,2.916157,0.495747,16.122,17.3546,0.0,1.2326
8228,12,9,20,weather_driven,historically_calibrated,2.91281,0.495178,16.1139,17.2711,0.0,1.1571
8229,12,9,21,weather_driven,historically_calibrated,2.776648,0.47203,15.7783,16.8631,0.0,1.0848
8230,12,9,22,weather_driven,historically_calibrated,2.565271,0.436096,15.2281,16.2437,0.0,1.0156
8231,12,9,23,weather_driven,historically_calibrated,2.435642,0.414059,14.8714,15.6971,0.0,0.8257
8232,12,9,24,weather_driven,historically_calibrated,1.566491,0.266303,11.964,12.5756,0.0,0.6116
8233,12,10,1,weather_driven,historically_calibrated,1.72797,0.293755,12.5886,13.2497,0.0,0.6611
8234,12,10,2,weather_driven,historically_calibrated,1.756695,0.298638,12.6948,13.2594,0.0,0.5645
8235,12,10,3,weather_driven,historically_calibrated,1.77733,0.302146,12.7703,13.3349,0.0,0.5645
8236,12,10,4,weather_driven,historically_calibrated,1.804905,0.306834,12.8701,13.4346,0.0,0.5645
8237,12,10,5,weather_driven,historically_calibrated,1.868455,0.317637,13.0955,13.6601,0.0,0.5645
8238,12,10,6,weather_driven,historically_calibrated,1.984173,0.337309,13.4906,14.0552,0.0,0.5645
8239,12,10,7,weather_driven,historically_calibrated,3.149289,0.535379,16.6659,17.2775,0.0,0.6116
8240,12,10,8,weather_driven,historically_calibrated,3.151028,0.535675,16.6698,17.6855,0.0,1.0156
8241,12,10,9,weather_driven,historically_calibrated,3.423485,0.581993,17.2623,17.8778,0.0039,0.6116
8242,12,10,10,weather_driven,historically_calibrated,3.147379,0.535054,16.6616,17.5392,0.0518,0.8257
8243,12,10,11,weather_driven,historically_calibrated,2.774569,0.471677,15.773,16.8004,0.1413,0.8861
8244,12,10,12,weather_driven,historically_calibrated,2.417422,0.410962,14.82,15.9251,0.219,0.8861
8245,12,10,13,weather_driven,historically_calibrated,2.177259,0.370134,14.11,15.1768,0.2411,0.8257
8246,12,10,14,weather_driven,historically_calibrated,2.232225,0.379478,14.278,15.2497,0.2035,0.7682
8247,12,10,15,weather_driven,historically_calibrated,2.397253,0.407533,14.7627,15.6082,0.1322,0.7133
8248,12,10,16,weather_driven,historically_calibrated,2.687026,0.456794,15.5495,16.2207,0.0596,0.6116
8249,12,10,17,weather_driven,historically_calibrated,2.975524,0.505839,16.264,16.8833,0.0078,0.6116
8250,12,10,18,weather_driven,historically_calibrated,3.33807,0.567472,17.0812,17.5193,0.0,0.4381
8251,12,10,19,weather_driven,historically_calibrated,3.880901,0.659753,18.1693,18.5014,0.0,0.332
8252,12,10,20,weather_driven,historically_calibrated,3.803798,0.646646,18.0234,18.2952,0.0,0.2718
8253,12,10,21,weather_driven,historically_calibrated,3.569686,0.606847,17.5634,17.808,0.0,0.2447
8254,12,10,22,weather_driven,historically_calibrated,3.305362,0.561911,17.0107,17.0999,0.0,0.0892
8255,12,10,23,weather_driven,historically_calibrated,3.009662,0.511642,16.3445,16.421,0.0,0.0764
8256,12,10,24,weather_driven,historically_calibrated,1.919426,0.326302,13.2719,13.3267,0.0,0.0548
8257,12,11,1,weather_driven,historically_calibrated,1.802077,0.306353,12.8599,12.9249,0.0,0.065
8258,12,11,2,weather_driven,historically_calibrated,1.830278,0.311147,12.9609,13.0156,0.0,0.0548
8259,12,11,3,weather_driven,historically_calibrated,1.848513,0.314247,13.0255,13.0905,0.0,0.065
8260,12,11,4,weather_driven,historically_calibrated,1.861435,0.316444,13.0709,13.1474,0.0,0.0764
8261,12,11,5,weather_driven,historically_calibrated,1.921439,0.326645,13.2788,13.368,0.0,0.0892
8262,12,11,6,weather_driven,historically_calibrated,2.021474,0.343651,13.614,13.6688,0.0,0.0548
8263,12,11,7,weather_driven,historically_calibrated,3.143188,0.534342,16.6521,16.6898,0.0,0.0376
8264,12,11,8,weather_driven,historically_calibrated,3.074671,0.522694,16.4957,16.5334,0.0,0.0376
8265,12,11,9,weather_driven,historically_calibrated,2.943189,0.500342,16.187,16.2141,0.0026,0.0245
8266,12,11,10,weather_driven,historically_calibrated,2.587208,0.439825,15.287,15.3973,0.0454,0.065
8267,12,11,11,weather_driven,historically_calibrated,2.381768,0.404901,14.7184,14.8704,0.0972,0.0548
8268,12,11,12,weather_driven,historically_calibrated,2.175826,0.36989,14.1056,14.3554,0.1607,0.0892
8269,12,11,13,weather_driven,historically_calibrated,1.963438,0.333785,13.4212,13.6765,0.1788,0.0764
8270,12,11,14,weather_driven,historically_calibrated,1.960272,0.333246,13.4106,13.6849,0.1711,0.1032
8271,12,11,15,weather_driven,historically_calibrated,2.112363,0.359102,13.907,14.0547,0.1231,0.0245
8272,12,11,16,weather_driven,historically_calibrated,2.329975,0.396096,14.5686,14.6619,0.0557,0.0376
8273,12,11,17,weather_driven,historically_calibrated,2.567797,0.436525,15.2349,15.4347,0.0039,0.1959
8274,12,11,18,weather_driven,historically_calibrated,2.821625,0.479676,15.8907,16.0263,0.0,0.1356
8275,12,11,19,weather_driven,historically_calibrated,2.870311,0.487953,16.0106,16.2065,0.0,0.1959
8276,12,11,20,weather_driven,historically_calibrated,2.969043,0.504737,16.2486,16.3842,0.0,0.1356
8277,12,11,21,weather_driven,historically_calibrated,2.811236,0.47791,15.8649,15.954,0.0,0.0892
8278,12,11,22,weather_driven,historically_calibrated,2.569497,0.436814,15.2395,15.264,0.0,0.0245
8279,12,11,23,weather_driven,historically_calibrated,2.451887,0.416821,14.917,14.9251,0.0,0.0081
8280,12,11,24,weather_driven,historically_calibrated,1.56108,0.265384,11.9422,11.9571,0.0,0.0148
8281,12,12,1,weather_driven,historically_calibrated,1.443109,0.245329,11.4523,11.4634,0.0,0.0111
8282,12,12,2,weather_driven,historically_calibrated,1.466466,0.249299,11.5516,11.553,0.0,0.0014
8283,12,12,3,weather_driven,historically_calibrated,1.542267,0.262185,11.866,11.8684,0.0,0.0024
8284,12,12,4,weather_driven,historically_calibrated,1.633672,0.277724,12.2297,12.2445,0.0,0.0148
8285,12,12,5,weather_driven,historically_calibrated,1.697001,0.28849,12.4724,12.4917,0.0,0.0193
8286,12,12,6,weather_driven,historically_calibrated,1.871996,0.318239,13.1079,13.1536,0.0,0.0457
8287,12,12,7,weather_driven,historically_calibrated,2.881011,0.489772,16.0368,16.1554,0.0,0.1187
8288,12,12,8,weather_driven,historically_calibrated,3.009245,0.511572,16.3436,16.5882,0.0,0.2447
8289,12,12,9,weather_driven,historically_calibrated,3.110034,0.528706,16.5768,16.8241,0.0026,0.2447
8290,12,12,10,weather_driven,historically_calibrated,2.760643,0.469309,15.7379,16.0564,0.0467,0.2718
8291,12,12,11,weather_driven,historically_calibrated,2.435662,0.414063,14.8714,15.2456,0.1024,0.2718
8292,12,12,12,weather_driven,historically_calibrated,2.176439,0.369995,14.1075,14.6171,0.1776,0.332
8293,12,12,13,weather_driven,historically_calibrated,1.996908,0.339474,13.533,14.0387,0.2048,0.3009
8294,12,12,14,weather_driven,historically_calibrated,1.940691,0.329918,13.3444,13.7892,0.1439,0.3009
8295,12,12,15,weather_driven,historically_calibrated,2.078546,0.353353,13.7992,14.1618,0.0907,0.2718
8296,12,12,16,weather_driven,historically_calibrated,2.214666,0.376493,14.2247,14.7733,0.0285,0.52
8297,12,12,17,weather_driven,historically_calibrated,2.464083,0.418894,14.951,15.3188,0.0026,0.3652
8298,12,12,18,weather_driven,historically_calibrated,2.588203,0.439995,15.2896,15.7277,0.0,0.4381
8299,12,12,19,weather_driven,historically_calibrated,2.676101,0.454937,15.5212,16.0858,0.0,0.5645
8300,12,12,20,weather_driven,historically_calibrated,2.439189,0.414662,14.8814,15.9662,0.0,1.0848
8301,12,12,21,weather_driven,historically_calibrated,2.298073,0.390672,14.4749,15.4905,0.0,1.0156
8302,12,12,22,weather_driven,historically_calibrated,2.083104,0.354128,13.8139,14.7633,0.0,0.9494
8303,12,12,23,weather_driven,historically_calibrated,1.974612,0.335684,13.4587,14.0703,0.0,0.6116
8304,12,12,24,weather_driven,historically_calibrated,1.286413,0.21869,10.7522,11.2722,0.0,0.52
8305,12,13,1,weather_driven,historically_calibrated,1.106464,0.188099,9.8663,10.692,0.0,0.8257
8306,12,13,2,weather_driven,historically_calibrated,1.156003,0.196521,10.12,10.7811,0.0,0.6611
8307,12,13,3,weather_driven,historically_calibrated,1.206823,0.20516,10.3722,10.8501,0.0,0.4779
8308,12,13,4,weather_driven,historically_calibrated,1.223518,0.207998,10.4534,10.9313,0.0,0.4779
8309,12,13,5,weather_driven,historically_calibrated,1.252967,0.213004,10.5947,11.1147,0.0,0.52
8310,12,13,6,weather_driven,historically_calibrated,1.295999,0.22032,10.7968,11.565,0.0,0.7682
8311,12,13,7,weather_driven,historically_calibrated,1.969872,0.334878,13.4428,14.3922,0.0,0.9494
8312,12,13,8,weather_driven,historically_calibrated,2.056151,0.349546,13.7271,14.6132,0.0,0.8861
8313,12,13,9,weather_driven,historically_calibrated,2.305232,0.391889,14.496,14.7167,0.0013,0.2194
8314,12,13,10,weather_driven,historically_calibrated,2.164384,0.367945,14.0701,14.1891,0.0298,0.0892
8315,12,13,11,weather_driven,historically_calibrated,1.968471,0.33464,13.4381,13.6373,0.0959,0.1032
8316,12,13,12,weather_driven,historically_calibrated,1.782529,0.30303,12.7892,13.0997,0.1918,0.1187
8317,12,13,13,weather_driven,historically_calibrated,1.687358,0.286851,12.4359,12.7971,0.2255,0.1356
8318,12,13,14,weather_driven,historically_calibrated,1.718033,0.292066,12.5515,12.8503,0.1801,0.1187
8319,12,13,15,weather_driven,historically_calibrated,1.82882,0.310899,12.9557,13.1975,0.1063,0.1356
8320,12,13,16,weather_driven,historically_calibrated,2.064677,0.350995,13.7546,13.9382,0.048,0.1356
8321,12,13,17,weather_driven,historically_calibrated,2.303026,0.391514,14.4895,14.7393,0.0052,0.2447
8322,12,13,18,weather_driven,historically_calibrated,2.406738,0.409145,14.7897,15.3097,0.0,0.52
8323,12,13,19,weather_driven,historically_calibrated,2.47368,0.420526,14.9777,15.5422,0.0,0.5645
8324,12,13,20,weather_driven,historically_calibrated,2.422695,0.411858,14.8349,15.5482,0.0,0.7133
8325,12,13,21,weather_driven,historically_calibrated,2.283816,0.388249,14.4327,15.2008,0.0,0.7682
8326,12,13,22,weather_driven,historically_calibrated,2.035924,0.346107,13.6613,14.4295,0.0,0.7682
8327,12,13,23,weather_driven,historically_calibrated,1.848061,0.31417,13.0239,13.91,0.0,0.8861
8328,12,13,24,weather_driven,historically_calibrated,1.192543,0.202732,10.3021,11.0154,0.0,0.7133
8329,12,14,1,weather_driven,historically_calibrated,1.108615,0.188465,9.8775,10.489,0.0,0.6116
8330,12,14,2,weather_driven,historically_calibrated,1.119178,0.19026,9.9322,10.4967,0.0,0.5645
8331,12,14,3,weather_driven,historically_calibrated,1.140443,0.193875,10.0411,10.6057,0.0,0.5645
8332,12,14,4,weather_driven,historically_calibrated,1.112917,0.189196,9.8998,10.8492,0.0,0.9494
8333,12,14,5,weather_driven,historically_calibrated,1.101488,0.187253,9.8404,11.073,0.0,1.2326
8334,12,14,6,weather_driven,historically_calibrated,1.181303,0.200822,10.2465,11.4791,0.0,1.2326
8335,12,14,7,weather_driven,historically_calibrated,1.841128,0.312992,12.9994,14.2319,0.0,1.2326
8336,12,14,8,weather_driven,historically_calibrated,1.892277,0.321687,13.1784,14.0646,0.0,0.8861
8337,12,14,9,weather_driven,historically_calibrated,1.937935,0.329449,13.335,14.1621,0.0013,0.8257
8338,12,14,10,weather_driven,historically_calibrated,1.734249,0.294822,12.6119,13.4202,0.0402,0.7682
8339,12,14,11,weather_driven,historically_calibrated,1.440669,0.244914,11.4418,12.565,0.1076,1.0156
8340,12,14,12,weather_driven,historically_calibrated,1.251466,0.212749,10.5876,11.7916,0.1192,1.0848
8341,12,14,13,weather_driven,historically_calibrated,1.257847,0.213834,10.6179,11.1933,0.1374,0.4381
8342,12,14,14,weather_driven,historically_calibrated,1.29792,0.220646,10.8057,11.2855,0.1788,0.3009
8343,12,14,15,weather_driven,historically_calibrated,1.449231,0.246369,11.4784,11.9654,0.1218,0.3652
8344,12,14,16,weather_driven,historically_calibrated,1.700095,0.289016,12.4841,13.1031,0.0544,0.5645
8345,12,14,17,weather_driven,historically_calibrated,1.957227,0.332729,13.4003,13.9281,0.0078,0.52
8346,12,14,18,weather_driven,historically_calibrated,2.065375,0.351114,13.7569,14.2347,0.0,0.4779
8347,12,14,19,weather_driven,historically_calibrated,2.076273,0.352966,13.7919,14.0929,0.0,0.3009
8348,12,14,20,weather_driven,historically_calibrated,1.97439,0.335646,13.458,13.9358,0.0,0.4779
8349,12,14,21,weather_driven,historically_calibrated,1.864752,0.317008,13.0826,13.5206,0.0,0.4381
8350,12,14,22,weather_driven,historically_calibrated,1.744786,0.296614,12.6509,12.983,0.0,0.332
8351,12,14,23,weather_driven,historically_calibrated,1.590448,0.270376,12.0597,12.3607,0.0,0.3009
8352,12,14,24,weather_driven,historically_calibrated,0.984419,0.167351,9.2054,9.817,0.0,0.6116
8353,12,15,1,weather_driven,historically_calibrated,0.726962,0.123584,7.6059,8.4921,0.0,0.8861
8354,12,15,2,weather_driven,historically_calibrated,0.697247,0.118532,7.3993,8.3488,0.0,0.9494
8355,12,15,3,weather_driven,historically_calibrated,0.660429,0.112273,7.1359,8.2207,0.0,1.0848
8356,12,15,4,weather_driven,historically_calibrated,0.553792,0.094145,6.3209,7.9802,0.0,1.6593
8357,12,15,5,weather_driven,historically_calibrated,0.570259,0.096944,6.4522,7.8454,0.0,1.3932
8358,12,15,6,weather_driven,historically_calibrated,0.550513,0.093587,6.2945,7.9538,0.0,1.6593
8359,12,15,7,weather_driven,historically_calibrated,0.854827,0.145321,8.4395,9.7508,0.0,1.3112
8360,12,15,8,weather_driven,historically_calibrated,0.91819,0.156092,8.823,9.7092,0.0,0.8861
8361,12,15,9,weather_driven,historically_calibrated,0.955166,0.162378,9.0387,9.8658,0.0013,0.8257
8362,12,15,10,weather_driven,historically_calibrated,0.909864,0.154677,8.7736,9.5677,0.0259,0.7682
8363,12,15,11,weather_driven,historically_calibrated,0.817009,0.138892,8.2017,9.0936,0.0661,0.8257
8364,12,15,12,weather_driven,historically_calibrated,0.691385,0.117535,7.358,8.3452,0.1011,0.8861
8365,12,15,13,weather_driven,historically_calibrated,0.736291,0.125169,7.6697,8.394,0.1128,0.6116
8366,12,15,14,weather_driven,historically_calibrated,0.738116,0.12548,7.6821,8.3672,0.1205,0.5645
8367,12,15,15,weather_driven,historically_calibrated,0.77885,0.132404,7.9546,8.6426,0.0765,0.6116
8368,12,15,16,weather_driven,historically_calibrated,0.873645,0.14852,8.5553,8.9818,0.0259,0.4005
8369,12,15,17,weather_driven,historically_calibrated,0.974941,0.16574,9.1518,9.4553,0.0026,0.3009
8370,12,15,18,weather_driven,historically_calibrated,1.042691,0.177257,9.5277,9.7995,0.0,0.2718
8371,12,15,19,weather_driven,historically_calibrated,0.975608,0.165853,9.1556,9.5208,0.0,0.3652
8372,12,15,20,weather_driven,historically_calibrated,1.078478,0.183341,9.7194,9.9641,0.0,0.2447
8373,12,15,21,weather_driven,historically_calibrated,1.029508,0.175016,9.4559,9.9337,0.0,0.4779
8374,12,15,22,weather_driven,historically_calibrated,0.987618,0.167895,9.2235,9.7435,0.0,0.52
8375,12,15,23,weather_driven,historically_calibrated,0.952993,0.162009,9.0262,9.5041,0.0,0.4779
8376,12,15,24,weather_driven,historically_calibrated,0.693046,0.117818,7.3697,7.8897,0.0,0.52
8377,12,16,1,weather_driven,historically_calibrated,0.652178,0.11087,7.0757,7.5957,0.0,0.52
8378,12,16,2,weather_driven,historically_calibrated,0.655747,0.111477,7.1018,7.7133,0.0,0.6116
8379,12,16,3,weather_driven,historically_calibrated,0.675547,0.114843,7.2451,7.9584,0.0,0.7133
8380,12,16,4,weather_driven,historically_calibrated,0.662834,0.112682,7.1534,8.169,0.0,1.0156
8381,12,16,5,weather_driven,historically_calibrated,0.66222,0.112577,7.1489,8.3061,0.0,1.1571
8382,12,16,6,weather_driven,historically_calibrated,0.668615,0.113665,7.1952,8.4278,0.0,1.2326
8383,12,16,7,weather_driven,historically_calibrated,1.097259,0.186534,9.8183,10.5864,0.0,0.7682
8384,12,16,8,weather_driven,historically_calibrated,1.129858,0.192076,9.9871,11.0719,0.0,1.0848
8385,12,16,9,weather_driven,historically_calibrated,1.180318,0.200654,10.2416,11.1923,0.0013,0.9494
8386,12,16,10,weather_driven,historically_calibrated,1.066309,0.181273,9.6547,10.6288,0.0246,0.9494
8387,12,16,11,weather_driven,historically_calibrated,0.839073,0.142642,8.3413,10.228,0.0324,1.8543
8388,12,16,12,weather_driven,historically_calibrated,0.836696,0.142238,8.3264,9.9337,0.0402,1.5671
8389,12,16,13,weather_driven,historically_calibrated,0.827708,0.14071,8.2697,9.6315,0.0505,1.3112
8390,12,16,14,weather_driven,historically_calibrated,0.858401,0.145928,8.4617,9.6629,0.0441,1.1571
8391,12,16,15,weather_driven,historically_calibrated,0.947424,0.161062,8.994,9.9733,0.0298,0.9494
8392,12,16,16,weather_driven,historically_calibrated,1.099051,0.186839,9.8276,10.211,0.0181,0.3652
8393,12,16,17,weather_driven,historically_calibrated,1.24102,0.210973,10.5377,10.6281,0.0013,0.0892
8394,12,16,18,weather_driven,historically_calibrated,1.292296,0.21969,10.7796,10.8983,0.0,0.1187
8395,12,16,19,weather_driven,historically_calibrated,1.294781,0.220113,10.7912,10.9653,0.0,0.1741
8396,12,16,20,weather_driven,historically_calibrated,1.298602,0.220762,10.8089,10.8981,0.0,0.0892
8397,12,16,21,weather_driven,historically_calibrated,1.173592,0.199511,10.2082,10.5734,0.0,0.3652
8398,12,16,22,weather_driven,historically_calibrated,1.015405,0.172619,9.3784,10.2041,0.0,0.8257
8399,12,16,23,weather_driven,historically_calibrated,0.963342,0.163768,9.0857,9.799,0.0,0.7133
8400,12,16,24,weather_driven,historically_calibrated,0.518887,0.088211,6.0354,7.8897,0.0,1.8543
8401,12,17,1,weather_driven,historically_calibrated,0.379363,0.064492,4.7822,8.1344,0.0,3.3521
8402,12,17,2,weather_driven,historically_calibrated,0.541658,0.092082,6.2228,7.9778,0.0,1.755
8403,12,17,3,weather_driven,historically_calibrated,0.051615,0.008774,0.7467,7.8358,0.0,7.0891
8404,12,17,4,weather_driven,historically_calibrated,0.138378,0.023524,2.0238,7.7302,0.0,5.7064
8405,12,17,5,weather_driven,historically_calibrated,0.058855,0.010005,0.8612,7.234,0.0,6.3728
8406,12,17,6,weather_driven,historically_calibrated,-0.046131,-0.007842,-0.9823,7.1427,0.0,8.125
8407,12,17,7,weather_driven,historically_calibrated,0.052697,0.008959,0.7639,8.8889,0.0,8.125
8408,12,17,8,weather_driven,historically_calibrated,0.060835,0.010342,0.8923,9.0173,0.0,8.125
8409,12,17,9,weather_driven,historically_calibrated,0.074358,0.012641,1.1013,9.2263,0.0,8.125
8410,12,17,10,weather_driven,historically_calibrated,0.056457,0.009598,0.8235,8.9718,0.0233,8.125
8411,12,17,11,weather_driven,historically_calibrated,0.041362,0.007032,0.5816,8.7585,0.0518,8.125
8412,12,17,12,weather_driven,historically_calibrated,0.034463,0.005859,0.4686,8.7569,0.1633,8.125
8413,12,17,13,weather_driven,historically_calibrated,0.051432,0.008743,0.7437,9.0722,0.2035,8.125
8414,12,17,14,weather_driven,historically_calibrated,0.052586,0.00894,0.7621,9.0426,0.1555,8.125
8415,12,17,15,weather_driven,historically_calibrated,0.081843,0.013913,1.2147,9.3941,0.0544,8.125
8416,12,17,16,weather_driven,historically_calibrated,0.128842,0.021903,1.8928,10.0412,0.0233,8.125
8417,12,17,17,weather_driven,historically_calibrated,0.178711,0.030381,2.5555,10.6831,0.0026,8.125
8418,12,17,18,weather_driven,historically_calibrated,0.277734,0.047215,3.7304,11.0696,0.0,7.3393
8419,12,17,19,weather_driven,historically_calibrated,0.468926,0.079717,5.6085,11.3149,0.0,5.7064
8420,12,17,20,weather_driven,historically_calibrated,0.625379,0.106314,6.8769,11.9652,0.0,5.0882
8421,12,17,21,weather_driven,historically_calibrated,0.772422,0.131312,7.9122,12.0722,0.0,4.16
8422,12,17,22,weather_driven,historically_calibrated,0.801636,0.136278,8.1031,11.9259,0.0,3.8229
8423,12,17,23,weather_driven,historically_calibrated,0.810743,0.137826,8.1617,11.6661,0.0,3.5045
8424,12,17,24,weather_driven,historically_calibrated,0.547519,0.093078,6.2703,9.4746,0.0,3.2043
8425,12,18,1,weather_driven,historically_calibrated,0.459238,0.07807,5.523,9.0275,0.0,3.5045
8426,12,18,2,weather_driven,historically_calibrated,0.364801,0.062016,4.6396,9.156,0.0,4.5164
8427,12,18,3,weather_driven,historically_calibrated,0.454318,0.077234,5.4793,9.3022,0.0,3.8229
8428,12,18,4,weather_driven,historically_calibrated,0.374236,0.06362,4.7323,9.2487,0.0,4.5164
8429,12,18,5,weather_driven,historically_calibrated,0.37113,0.063092,4.7019,9.4039,0.0,4.702
8430,12,18,6,weather_driven,historically_calibrated,0.472968,0.080405,5.6439,9.6329,0.0,3.9891
8431,12,18,7,weather_driven,historically_calibrated,0.72295,0.122902,7.5783,12.0947,0.0,4.5164
8432,12,18,8,weather_driven,historically_calibrated,0.751346,0.127729,7.7716,12.4736,0.0,4.702
8433,12,18,9,weather_driven,historically_calibrated,0.901669,0.153284,8.7248,12.3874,0.0013,3.6614
8434,12,18,10,weather_driven,historically_calibrated,1.286142,0.218644,10.751,12.1571,0.013,1.3932
8435,12,18,11,weather_driven,historically_calibrated,1.265462,0.215129,10.6539,11.7608,0.022,1.0848
8436,12,18,12,weather_driven,historically_calibrated,1.073361,0.182471,9.6923,11.2161,0.0454,1.4784
8437,12,18,13,weather_driven,historically_calibrated,0.854348,0.145239,8.4366,10.676,0.0648,2.1746
8438,12,18,14,weather_driven,historically_calibrated,0.881147,0.149795,8.601,10.3988,0.0428,1.755
8439,12,18,15,weather_driven,historically_calibrated,0.618023,0.105064,6.8215,10.3584,0.0324,3.5045
8440,12,18,16,weather_driven,historically_calibrated,0.506716,0.086142,5.9334,10.6535,0.0181,4.702
8441,12,18,17,weather_driven,historically_calibrated,0.631959,0.107433,6.9262,11.0888,0.0026,4.16
8442,12,18,18,weather_driven,historically_calibrated,0.909537,0.154621,8.7717,11.428,0.0,2.6563
8443,12,18,19,weather_driven,historically_calibrated,1.025158,0.174277,9.432,11.4961,0.0,2.0641
8444,12,18,20,weather_driven,historically_calibrated,1.065338,0.181108,9.6495,11.6069,0.0,1.9573
8445,12,18,21,weather_driven,historically_calibrated,0.983866,0.167257,9.2023,11.3769,0.0,2.1746
8446,12,18,22,weather_driven,historically_calibrated,1.074484,0.182662,9.6982,11.0914,0.0,1.3932
8447,12,18,23,weather_driven,historically_calibrated,1.194238,0.20302,10.3105,10.9716,0.0,0.6611
8448,12,18,24,weather_driven,historically_calibrated,0.997291,0.169539,9.2777,9.4318,0.0,0.1541
8449,12,19,1,weather_driven,historically_calibrated,0.885159,0.150477,8.6254,9.1899,0.0,0.5645
8450,12,19,2,weather_driven,historically_calibrated,0.883646,0.15022,8.6162,8.7903,0.0,0.1741
8451,12,19,3,weather_driven,historically_calibrated,0.711533,0.120961,7.4993,8.7319,0.0,1.2326
8452,12,19,4,weather_driven,historically_calibrated,0.756588,0.12862,7.8068,8.7562,0.0,0.9494
8453,12,19,5,weather_driven,historically_calibrated,0.850265,0.144545,8.4112,9.237,0.0,0.8257
8454,12,19,6,weather_driven,historically_calibrated,0.916383,0.155785,8.8123,9.7617,0.0,0.9494
8455,12,19,7,weather_driven,historically_calibrated,1.224049,0.208088,10.456,11.9344,0.0,1.4784
8456,12,19,8,weather_driven,historically_calibrated,1.159035,0.197036,10.1352,12.1993,0.0,2.0641
8457,12,19,9,weather_driven,historically_calibrated,1.072922,0.182397,9.6899,12.221,0.0013,2.5298
8458,12,19,10,weather_driven,historically_calibrated,0.816191,0.138752,8.1965,11.8825,0.0246,3.6614
8459,12,19,11,weather_driven,historically_calibrated,0.664881,0.11303,7.1682,11.2247,0.0674,3.9891
8460,12,19,12,weather_driven,historically_calibrated,0.495484,0.084232,5.8382,11.0068,0.0804,5.0882
8461,12,19,13,weather_driven,historically_calibrated,0.314263,0.053425,4.1243,10.7794,0.0492,6.6059
8462,12,19,14,weather_driven,historically_calibrated,0.40961,0.069634,5.0707,10.8161,0.0389,5.7064
8463,12,19,15,weather_driven,historically_calibrated,0.544198,0.092514,6.2434,11.1619,0.0259,4.8926
8464,12,19,16,weather_driven,historically_calibrated,0.32073,0.054524,4.192,11.5443,0.013,7.3393
8465,12,19,17,weather_driven,historically_calibrated,0.297535,0.050581,3.9462,12.0738,0.0026,8.125
8466,12,19,18,weather_driven,historically_calibrated,0.528957,0.089923,6.1188,12.264,0.0,6.1452
8467,12,19,19,weather_driven,historically_calibrated,0.469974,0.079896,5.6177,12.4623,0.0,6.8447
8468,12,19,20,weather_driven,historically_calibrated,0.59904,0.101837,6.6767,12.3832,0.0,5.7064
8469,12,19,21,weather_driven,historically_calibrated,0.56127,0.095416,6.3808,12.3039,0.0,5.9231
8470,12,19,22,weather_driven,historically_calibrated,0.51498,0.087547,6.0028,11.9259,0.0,5.9231
8471,12,19,23,weather_driven,historically_calibrated,0.891812,0.151608,8.6656,11.4524,0.0,2.7869
8472,12,19,24,weather_driven,historically_calibrated,0.668799,0.113696,7.1965,9.2606,0.0,2.0641
8473,12,20,1,weather_driven,historically_calibrated,0.658883,0.11201,7.1246,8.7839,0.0,1.6593
8474,12,20,2,weather_driven,historically_calibrated,0.679199,0.115464,7.2713,8.7497,0.0,1.4784
8475,12,20,3,weather_driven,historically_calibrated,0.688671,0.117074,7.3387,8.7319,0.0,1.3932
8476,12,20,4,weather_driven,historically_calibrated,0.620466,0.105479,6.8399,8.7973,0.0,1.9573
8477,12,20,5,weather_driven,historically_calibrated,0.662115,0.112559,7.1481,8.9031,0.0,1.755
8478,12,20,6,weather_driven,historically_calibrated,0.669743,0.113856,7.2033,9.1607,0.0,1.9573
8479,12,20,7,weather_driven,historically_calibrated,0.978522,0.166349,9.1721,11.3467,0.0,2.1746
8480,12,20,8,weather_driven,historically_calibrated,1.063271,0.180756,9.6385,11.5958,0.0,1.9573
8481,12,20,9,weather_driven,historically_calibrated,1.17401,0.199582,10.2102,11.7774,0.0,1.5671
8482,12,20,10,weather_driven,historically_calibrated,1.00188,0.17032,9.3033,11.6079,0.0156,2.289
8483,12,20,11,weather_driven,historically_calibrated,0.910071,0.154712,8.7749,11.3319,0.0272,2.5298
8484,12,20,12,weather_driven,historically_calibrated,0.938675,0.159575,8.9432,11.0591,0.0518,2.0641
8485,12,20,13,weather_driven,historically_calibrated,1.093625,0.185916,9.7992,10.9346,0.0505,1.0848
8486,12,20,14,weather_driven,historically_calibrated,1.228496,0.208844,10.4775,10.9726,0.057,0.4381
8487,12,20,15,weather_driven,historically_calibrated,1.356647,0.23063,11.0735,11.1619,0.0337,0.0548
8488,12,20,16,weather_driven,historically_calibrated,1.424445,0.242156,11.372,11.767,0.0298,0.3652
8489,12,20,17,weather_driven,historically_calibrated,1.473816,0.250549,11.5826,12.2477,0.0039,0.6611
8490,12,20,18,weather_driven,historically_calibrated,1.556369,0.264583,11.9232,12.3237,0.0,0.4005
8491,12,20,19,weather_driven,historically_calibrated,1.69041,0.28737,12.4475,12.5831,0.0,0.1356
8492,12,20,20,weather_driven,historically_calibrated,1.725277,0.293297,12.5785,12.6818,0.0,0.1032
8493,12,20,21,weather_driven,historically_calibrated,1.667187,0.283422,12.3591,12.4777,0.0,0.1187
8494,12,20,22,weather_driven,historically_calibrated,1.530455,0.260177,11.8178,12.0372,0.0,0.2194
8495,12,20,23,weather_driven,historically_calibrated,1.424051,0.242089,11.3703,11.5059,0.0,0.1356
8496,12,20,24,weather_driven,historically_calibrated,0.943816,0.160449,8.9731,9.2178,0.0,0.2447
8497,12,21,1,weather_driven,historically_calibrated,0.88225,0.149983,8.6077,8.7433,0.0,0.1356
8498,12,21,2,weather_driven,historically_calibrated,0.976211,0.165956,9.159,9.1966,0.0,0.0376
8499,12,21,3,weather_driven,historically_calibrated,1.025613,0.174354,9.4345,9.4651,0.0,0.0306
8500,12,21,4,weather_driven,historically_calibrated,1.039706,0.17675,9.5115,9.536,0.0,0.0245
8501,12,21,5,weather_driven,historically_calibrated,1.061864,0.180517,9.631,9.696,0.0,0.065
8502,12,21,6,weather_driven,historically_calibrated,1.121261,0.190614,9.9429,10.0193,0.0,0.0764
8503,12,21,7,weather_driven,historically_calibrated,1.623439,0.275985,12.1898,12.3084,0.0,0.1187
8504,12,21,8,weather_driven,historically_calibrated,1.651677,0.280785,12.2994,12.4736,0.0,0.1741
8505,12,21,9,weather_driven,historically_calibrated,1.572781,0.267373,11.9892,12.5538,0.0,0.5645
8506,12,21,10,weather_driven,historically_calibrated,1.30351,0.221597,10.8316,12.1571,0.0143,1.3112
8507,12,21,11,weather_driven,historically_calibrated,1.187862,0.201936,10.279,11.7072,0.035,1.3932
8508,12,21,12,weather_driven,historically_calibrated,1.129225,0.191968,9.9838,11.1114,0.0428,1.0848
8509,12,21,13,weather_driven,historically_calibrated,1.136194,0.193153,10.0195,10.7794,0.0467,0.7133
8510,12,21,14,weather_driven,historically_calibrated,1.195327,0.203206,10.3158,10.8682,0.0324,0.52
8511,12,21,15,weather_driven,historically_calibrated,1.275402,0.216818,10.7007,11.0548,0.022,0.332
8512,12,21,16,weather_driven,historically_calibrated,1.392119,0.23666,11.231,11.4886,0.013,0.2447
8513,12,21,17,weather_driven,historically_calibrated,1.521842,0.258713,11.7825,11.9579,0.0013,0.1741
8514,12,21,18,weather_driven,historically_calibrated,1.613176,0.27424,12.1495,12.2043,0.0,0.0548
8515,12,21,19,weather_driven,historically_calibrated,1.650761,0.280629,12.2959,12.3416,0.0,0.0457
8516,12,21,20,weather_driven,historically_calibrated,1.559185,0.265061,11.9346,11.9652,0.0,0.0306
8517,12,21,21,weather_driven,historically_calibrated,1.448087,0.246175,11.4735,11.4928,0.0,0.0193
8518,12,21,22,weather_driven,historically_calibrated,1.311789,0.223004,10.8698,10.9245,0.0,0.0548
8519,12,21,23,weather_driven,historically_calibrated,1.190671,0.202414,10.2929,10.3305,0.0,0.0376
8520,12,21,24,weather_driven,historically_calibrated,0.791552,0.134564,8.0377,8.0622,0.0,0.0245
8521,12,22,1,weather_driven,historically_calibrated,0.60365,0.102621,6.7121,6.7366,0.0,0.0245
8522,12,22,2,weather_driven,historically_calibrated,0.578301,0.098311,6.5156,6.592,0.0,0.0764
8523,12,22,3,weather_driven,historically_calibrated,0.561204,0.095405,6.3803,6.5343,0.0,0.1541
8524,12,22,4,weather_driven,historically_calibrated,0.552664,0.093953,6.3118,6.5077,0.0,0.1959
8525,12,22,5,weather_driven,historically_calibrated,0.573946,0.097571,6.4813,6.6169,0.0,0.1356
8526,12,22,6,weather_driven,historically_calibrated,0.593399,0.100878,6.6332,6.7688,0.0,0.1356
8527,12,22,7,weather_driven,historically_calibrated,0.786936,0.133779,8.0076,8.2269,0.0,0.2194
8528,12,22,8,weather_driven,historically_calibrated,0.79723,0.135529,8.0746,8.3464,0.0,0.2718
8529,12,22,9,weather_driven,historically_calibrated,0.810634,0.137808,8.161,8.3351,0.0,0.1741
8530,12,22,10,weather_driven,historically_calibrated,0.769033,0.130736,7.8897,8.1025,0.0168,0.1959
8531,12,22,11,weather_driven,historically_calibrated,0.70991,0.120685,7.488,7.7618,0.0544,0.2194
8532,12,22,12,weather_driven,historically_calibrated,0.635392,0.108017,6.9517,7.3343,0.0816,0.3009
8533,12,22,13,weather_driven,historically_calibrated,0.52125,0.088612,6.055,6.4902,0.07,0.3652
8534,12,22,14,weather_driven,historically_calibrated,0.536958,0.091283,6.1845,6.5437,0.0583,0.3009
8535,12,22,15,weather_driven,historically_calibrated,0.558016,0.094863,6.3548,6.7205,0.0337,0.332
8536,12,22,16,weather_driven,historically_calibrated,0.60487,0.102828,6.7215,6.9843,0.0181,0.2447
8537,12,22,17,weather_driven,historically_calibrated,0.719794,0.122365,7.5566,7.6961,0.0039,0.1356
8538,12,22,18,weather_driven,historically_calibrated,0.996054,0.169329,9.2708,9.36,0.0,0.0892
8539,12,22,19,weather_driven,historically_calibrated,0.972826,0.16538,9.1398,9.243,0.0,0.1032
8540,12,22,20,weather_driven,historically_calibrated,0.974755,0.165708,9.1507,9.3048,0.0,0.1541
8541,12,22,21,weather_driven,historically_calibrated,0.915831,0.155691,8.8091,9.0809,0.0,0.2718
8542,12,22,22,weather_driven,historically_calibrated,0.807301,0.137241,8.1396,8.6174,0.0,0.4779
8543,12,22,23,weather_driven,historically_calibrated,0.74892,0.127316,7.7553,8.2753,0.0,0.52
8544,12,22,24,weather_driven,historically_calibrated,0.536807,0.091257,6.1832,6.7478,0.0,0.5645
8545,12,23,1,weather_driven,historically_calibrated,0.495291,0.084199,5.8366,6.5499,0.0,0.7133
8546,12,23,2,weather_driven,historically_calibrated,0.482789,0.082074,5.7292,6.4425,0.0,0.7133
8547,12,23,3,weather_driven,historically_calibrated,0.51692,0.087876,6.019,6.4969,0.0,0.4779
8548,12,23,4,weather_driven,historically_calibrated,0.549825,0.09347,6.289,6.621,0.0,0.332
8549,12,23,5,weather_driven,historically_calibrated,0.579608,0.098533,6.5258,6.7705,0.0,0.2447
8550,12,23,6,weather_driven,historically_calibrated,0.621724,0.105693,6.8494,7.0453,0.0,0.1959
8551,12,23,7,weather_driven,historically_calibrated,0.941157,0.159997,8.9577,9.1117,0.0,0.1541
8552,12,23,8,weather_driven,historically_calibrated,0.999067,0.169841,9.2876,9.4063,0.0,0.1187
8553,12,23,9,weather_driven,historically_calibrated,1.04366,0.177422,9.5329,9.6107,0.0013,0.0764
8554,12,23,10,weather_driven,historically_calibrated,1.009912,0.171685,9.348,9.4161,0.0376,0.0306
8555,12,23,11,weather_driven,historically_calibrated,0.85432,0.145234,8.4364,8.551,0.0998,0.0148
8556,12,23,12,weather_driven,historically_calibrated,0.792598,0.134742,8.0445,8.2008,0.1452,0.0111
8557,12,23,13,weather_driven,historically_calibrated,0.801971,0.136335,8.1052,8.2988,0.1879,0.0057
8558,12,23,14,weather_driven,historically_calibrated,0.798463,0.135739,8.0825,8.2712,0.1776,0.0111
8559,12,23,15,weather_driven,historically_calibrated,0.837247,0.142332,8.3299,8.4947,0.1192,0.0457
8560,12,23,16,weather_driven,historically_calibrated,0.986511,0.167707,9.2172,9.2891,0.057,0.0148
8561,12,23,17,weather_driven,historically_calibrated,1.127858,0.191736,9.9768,9.9884,0.0078,0.0038
8562,12,23,18,weather_driven,historically_calibrated,1.190888,0.202451,10.294,10.294,0.0,0.0
8563,12,23,19,weather_driven,historically_calibrated,1.169455,0.198807,10.1875,10.1875,0.0,0.0
8564,12,23,20,weather_driven,historically_calibrated,1.19084,0.202443,10.2937,10.2937,0.0,0.0
8565,12,23,21,weather_driven,historically_calibrated,1.140287,0.193849,10.0403,10.0403,0.0,0.0
8566,12,23,22,weather_driven,historically_calibrated,1.07336,0.182471,9.6923,9.6923,0.0,0.0
8567,12,23,23,weather_driven,historically_calibrated,1.002621,0.170446,9.3075,9.3075,0.0,0.0
8568,12,23,24,weather_driven,historically_calibrated,0.705402,0.119918,7.4566,7.4566,0.0,0.0
8569,12,24,1,weather_driven,historically_calibrated,0.76919,0.130762,7.8908,7.8908,0.0,0.0
8570,12,24,2,weather_driven,historically_calibrated,0.826517,0.140508,8.2622,8.2622,0.0,0.0
8571,12,24,3,weather_driven,historically_calibrated,0.875882,0.1489,8.569,8.569,0.0,0.0
8572,12,24,4,weather_driven,historically_calibrated,0.906936,0.154179,8.7562,8.7562,0.0,0.0
8573,12,24,5,weather_driven,historically_calibrated,0.997464,0.169569,9.2787,9.2787,0.0,0.0
8574,12,24,6,weather_driven,historically_calibrated,1.086489,0.184703,9.7617,9.7617,0.0,0.0
8575,12,24,7,weather_driven,historically_calibrated,1.532838,0.260582,11.8276,11.8276,0.0,0.0
8576,12,24,8,weather_driven,historically_calibrated,1.570256,0.266944,11.9791,11.9798,0.0,0.0007
8577,12,24,9,weather_driven,historically_calibrated,1.588565,0.270056,12.0523,12.0547,0.0,0.0024
8578,12,24,10,weather_driven,historically_calibrated,1.485996,0.252619,11.6338,11.6628,0.0233,0.0057
8579,12,24,11,weather_driven,historically_calibrated,1.331832,0.226411,10.9614,11.0638,0.0648,0.0376
8580,12,24,12,weather_driven,historically_calibrated,1.185324,0.201505,10.2665,10.4312,0.0998,0.065
8581,12,24,13,weather_driven,historically_calibrated,1.100393,0.187067,9.8347,10.0034,0.1231,0.0457
8582,12,24,14,weather_driven,historically_calibrated,1.07701,0.183092,9.7116,9.9294,0.1413,0.0764
8583,12,24,15,weather_driven,historically_calibrated,1.134229,0.192819,10.0094,10.2512,0.1231,0.1187
8584,12,24,16,weather_driven,historically_calibrated,1.273985,0.216577,10.6941,10.8762,0.0635,0.1187
8585,12,24,17,weather_driven,historically_calibrated,1.477561,0.251185,11.5984,11.7262,0.0091,0.1187
8586,12,24,18,weather_driven,historically_calibrated,1.541328,0.262026,11.8622,11.9654,0.0,0.1032
8587,12,24,19,weather_driven,historically_calibrated,1.581695,0.268888,12.0249,12.2208,0.0,0.1959
8588,12,24,20,weather_driven,historically_calibrated,1.500268,0.255046,11.6933,11.9652,0.0,0.2718
8589,12,24,21,weather_driven,historically_calibrated,1.32688,0.22557,10.9389,11.3769,0.0,0.4381
8590,12,24,22,weather_driven,historically_calibrated,1.183479,0.201191,10.2573,10.8689,0.0,0.6116
8591,12,24,23,weather_driven,historically_calibrated,1.037192,0.176323,9.4978,10.3839,0.0,0.8861
8592,12,24,24,weather_driven,historically_calibrated,0.710657,0.120812,7.4932,8.319,0.0,0.8257
8593,12,25,1,weather_driven,historically_calibrated,0.61714,0.104914,6.8148,7.972,0.0,1.1571
8594,12,25,2,weather_driven,historically_calibrated,0.571082,0.097084,6.4587,7.9372,0.0,1.4784
8595,12,25,3,weather_driven,historically_calibrated,0.5173,0.087941,6.0222,7.8765,0.0,1.8543
8596,12,25,4,weather_driven,historically_calibrated,0.526479,0.089502,6.0984,7.8534,0.0,1.755
8597,12,25,5,weather_driven,historically_calibrated,0.503069,0.085522,5.9026,7.8599,0.0,1.9573
8598,12,25,6,weather_driven,historically_calibrated,0.560572,0.095297,6.3752,8.1302,0.0,1.755
8599,12,25,7,weather_driven,historically_calibrated,0.84072,0.142922,8.3516,10.0109,0.0,1.6593
8600,12,25,8,weather_driven,historically_calibrated,0.821068,0.139581,8.2276,9.6208,0.0,1.3932
8601,12,25,9,weather_driven,historically_calibrated,0.832885,0.14159,8.3024,9.7809,0.0,1.4784
8602,12,25,10,weather_driven,historically_calibrated,0.825067,0.140261,8.253,9.5759,0.0117,1.3112
8603,12,25,11,weather_driven,historically_calibrated,0.749692,0.127448,7.7605,9.1874,0.0337,1.3932
8604,12,25,12,weather_driven,historically_calibrated,0.704285,0.119728,7.4487,8.8092,0.0492,1.3112
8605,12,25,13,weather_driven,historically_calibrated,0.756902,0.128673,7.8089,9.0205,0.0544,1.1571
8606,12,25,14,weather_driven,historically_calibrated,0.763623,0.129816,7.8538,8.9905,0.0518,1.0848
8607,12,25,15,weather_driven,historically_calibrated,0.791906,0.134624,8.04,9.2334,0.0363,1.1571
8608,12,25,16,weather_driven,historically_calibrated,0.870018,0.147903,8.5331,9.7071,0.0168,1.1571
8609,12,25,17,weather_driven,historically_calibrated,0.996427,0.169393,9.2729,10.1616,0.0026,0.8861
8610,12,25,18,weather_driven,historically_calibrated,1.075627,0.182857,9.7043,10.4725,0.0,0.7682
8611,12,25,19,weather_driven,historically_calibrated,1.00729,0.171239,9.3334,10.0467,0.0,0.7133
8612,12,25,20,weather_driven,historically_calibrated,1.250877,0.212649,10.5847,10.95,0.0,0.3652
8613,12,25,21,weather_driven,historically_calibrated,1.286417,0.218691,10.7523,10.8555,0.0,0.1032
8614,12,25,22,weather_driven,historically_calibrated,1.236139,0.210144,10.5143,10.5907,0.0,0.0764
8615,12,25,23,weather_driven,historically_calibrated,1.158889,0.197011,10.1345,10.2237,0.0,0.0892
8616,12,25,24,weather_driven,historically_calibrated,0.818486,0.139143,8.2112,8.2762,0.0,0.065
8617,12,26,1,weather_driven,historically_calibrated,0.765502,0.130135,7.8663,7.8908,0.0,0.0245
8618,12,26,2,weather_driven,historically_calibrated,0.812859,0.138186,8.1752,8.1809,0.0,0.0057
8619,12,26,3,weather_driven,historically_calibrated,0.842903,0.143293,8.3653,8.3653,0.0,0.0
8620,12,26,4,weather_driven,historically_calibrated,0.872926,0.148398,8.5509,8.551,0.0,0.0001
8621,12,26,5,weather_driven,historically_calibrated,0.898479,0.152741,8.7056,8.7362,0.0,0.0306
8622,12,26,6,weather_driven,historically_calibrated,0.92392,0.157066,8.8568,8.946,0.0,0.0892
8623,12,26,7,weather_driven,historically_calibrated,1.33976,0.227759,10.9974,11.133,0.0,0.1356
8624,12,26,8,weather_driven,historically_calibrated,1.373198,0.233444,11.1473,11.3215,0.0,0.1741
8625,12,26,9,weather_driven,historically_calibrated,1.383562,0.235206,11.1933,11.3892,0.0,0.1959
8626,12,26,10,weather_driven,historically_calibrated,1.395568,0.237246,11.2462,11.3882,0.0065,0.1356
8627,12,26,11,weather_driven,historically_calibrated,1.351354,0.22973,11.0497,11.171,0.0181,0.1032
8628,12,26,12,weather_driven,historically_calibrated,1.30711,0.222209,10.8482,10.9545,0.0298,0.0764
8629,12,26,13,weather_driven,historically_calibrated,1.288088,0.218975,10.76,10.8829,0.0337,0.0892
8630,12,26,14,weather_driven,historically_calibrated,1.311349,0.222929,10.8677,11.0769,0.035,0.1741
8631,12,26,15,weather_driven,historically_calibrated,1.350414,0.22957,11.0455,11.3762,0.0298,0.3009
8632,12,26,16,weather_driven,historically_calibrated,1.480916,0.251756,11.6125,11.8227,0.0143,0.1959
8633,12,26,17,weather_driven,historically_calibrated,1.561883,0.26552,11.9454,12.2477,0.0013,0.3009
8634,12,26,18,weather_driven,historically_calibrated,1.685003,0.286451,12.427,12.5626,0.0,0.1356
8635,12,26,19,weather_driven,historically_calibrated,1.7607,0.299319,12.7095,12.7643,0.0,0.0548
8636,12,26,20,weather_driven,historically_calibrated,1.782757,0.303069,12.79,12.8012,0.0,0.0111
8637,12,26,21,weather_driven,historically_calibrated,1.683106,0.286128,12.4198,12.4198,0.0,0.0
8638,12,26,22,weather_driven,historically_calibrated,1.557044,0.264698,11.9259,11.9259,0.0,0.0
8639,12,26,23,weather_driven,historically_calibrated,1.653699,0.281129,12.3072,12.3072,0.0,0.0
8640,12,26,24,weather_driven,historically_calibrated,1.189643,0.202239,10.2878,10.2878,0.0,0.0
8641,12,27,1,weather_driven,historically_calibrated,1.156738,0.196645,10.1237,10.1237,0.0,0.0
8642,12,27,2,weather_driven,historically_calibrated,1.21569,0.206667,10.4154,10.4154,0.0,0.0
8643,12,27,3,weather_driven,historically_calibrated,1.246723,0.211943,10.5649,10.5649,0.0,0.0
8644,12,27,4,weather_driven,historically_calibrated,1.280816,0.217739,10.7261,10.7261,0.0,0.0
8645,12,27,5,weather_driven,historically_calibrated,1.319698,0.224349,10.906,10.9061,0.0,0.0
8646,12,27,6,weather_driven,historically_calibrated,1.389801,0.236266,11.2208,11.2215,0.0,0.0007
8647,12,27,7,weather_driven,historically_calibrated,2.197669,0.373604,14.1728,14.1785,0.0,0.0057
8648,12,27,8,weather_driven,historically_calibrated,2.378173,0.404289,14.7081,14.7229,0.0,0.0148
8649,12,27,9,weather_driven,historically_calibrated,2.490743,0.423426,15.0249,15.0494,0.0,0.0245
8650,12,27,10,weather_driven,historically_calibrated,2.33813,0.397482,14.5923,14.6834,0.0363,0.0548
8651,12,27,11,weather_driven,historically_calibrated,2.138835,0.363602,13.9904,14.1734,0.1179,0.065
8652,12,27,12,weather_driven,historically_calibrated,1.961031,0.333375,13.4131,13.6753,0.2074,0.0548
8653,12,27,13,weather_driven,historically_calibrated,1.921368,0.326633,13.2786,13.5731,0.2488,0.0457
8654,12,27,14,weather_driven,historically_calibrated,1.739471,0.29571,12.6313,12.9025,0.2164,0.0548
8655,12,27,15,weather_driven,historically_calibrated,1.759471,0.29911,12.705,12.8761,0.1335,0.0376
8656,12,27,16,weather_driven,historically_calibrated,2.008212,0.341396,13.5704,13.6598,0.0518,0.0376
8657,12,27,17,weather_driven,historically_calibrated,2.278663,0.387373,14.4174,14.4496,0.0078,0.0245
8658,12,27,18,weather_driven,historically_calibrated,2.37582,0.403889,14.7013,14.7125,0.0,0.0111
8659,12,27,19,weather_driven,historically_calibrated,2.169875,0.368879,14.0872,14.0929,0.0,0.0057
8660,12,27,20,weather_driven,historically_calibrated,1.930005,0.328101,13.3081,13.3386,0.0,0.0306
8661,12,27,21,weather_driven,historically_calibrated,1.732628,0.294547,12.6059,12.6515,0.0,0.0457
8662,12,27,22,weather_driven,historically_calibrated,1.53581,0.261088,11.8397,11.8703,0.0,0.0306
8663,12,27,23,weather_driven,historically_calibrated,1.346688,0.228937,11.0287,11.1319,0.0,0.1032
8664,12,27,24,weather_driven,historically_calibrated,0.864996,0.147049,8.5023,8.747,0.0,0.2447
8665,12,28,1,weather_driven,historically_calibrated,0.7402,0.125834,7.6963,8.1344,0.0,0.4381
8666,12,28,2,weather_driven,historically_calibrated,0.699222,0.118868,7.4132,7.9778,0.0,0.5645
8667,12,28,3,weather_driven,historically_calibrated,0.691177,0.1175,7.3565,7.8765,0.0,0.52
8668,12,28,4,weather_driven,historically_calibrated,0.699035,0.118836,7.4119,7.9765,0.0,0.5645
8669,12,28,5,weather_driven,historically_calibrated,0.629988,0.107098,6.9114,8.0686,0.0,1.1571
8670,12,28,6,weather_driven,historically_calibrated,0.564272,0.095926,6.4047,8.259,0.0,1.8543
8671,12,28,7,weather_driven,historically_calibrated,0.777124,0.132111,7.9432,10.1178,0.0,2.1746
8672,12,28,8,weather_driven,historically_calibrated,0.756196,0.128553,7.8042,10.334,0.0,2.5298
8673,12,28,9,weather_driven,historically_calibrated,0.695291,0.118199,7.3856,10.4464,0.0,3.0608
8674,12,28,10,weather_driven,historically_calibrated,0.616641,0.104829,6.811,10.18,0.0168,3.3521
8675,12,28,11,weather_driven,historically_calibrated,0.397527,0.06758,4.9567,9.3482,0.0557,4.3358
8676,12,28,12,weather_driven,historically_calibrated,0.237758,0.040419,3.2763,9.0709,0.0881,5.7064
8677,12,28,13,weather_driven,historically_calibrated,0.171138,0.029093,2.4583,9.1757,0.1115,6.6059
8678,12,28,14,weather_driven,historically_calibrated,0.064099,0.010897,0.9432,9.1991,0.1309,8.125
8679,12,28,15,weather_driven,historically_calibrated,0.082648,0.01405,1.2268,9.4477,0.0959,8.125
8680,12,28,16,weather_driven,historically_calibrated,0.260489,0.044283,3.5376,9.9298,0.0194,6.3728
8681,12,28,17,weather_driven,historically_calibrated,0.271807,0.046207,3.6646,10.5093,0.0,6.8447
8682,12,28,18,weather_driven,historically_calibrated,0.404964,0.068844,5.0271,10.9502,0.0,5.9231
8683,12,28,19,weather_driven,historically_calibrated,1.614868,0.274528,12.1562,13.5494,0.0,1.3932
8684,12,28,20,weather_driven,historically_calibrated,1.961461,0.333448,13.4146,13.5178,0.0,0.1032
8685,12,28,21,weather_driven,historically_calibrated,1.648416,0.280231,12.2869,13.173,0.0,0.8861
8686,12,28,22,weather_driven,historically_calibrated,1.628134,0.276783,12.2081,13.0942,0.0,0.8861
8687,12,28,23,weather_driven,historically_calibrated,1.554815,0.264318,11.9169,13.0018,0.0,1.0848
8688,12,28,24,weather_driven,historically_calibrated,0.959403,0.163098,9.0631,10.6302,0.0,1.5671
8689,12,29,1,weather_driven,historically_calibrated,0.468295,0.07961,5.6029,9.4258,0.0,3.8229
8690,12,29,2,weather_driven,historically_calibrated,0.51442,0.087451,5.9981,9.0589,0.0,3.0608
8691,12,29,3,weather_driven,historically_calibrated,0.495804,0.084287,5.8409,9.0452,0.0,3.2043
8692,12,29,4,weather_driven,historically_calibrated,0.824366,0.140142,8.2485,8.9619,0.0,0.7133
8693,12,29,5,weather_driven,historically_calibrated,0.330663,0.056213,4.2951,8.9971,0.0,4.702
8694,12,29,6,weather_driven,historically_calibrated,0.383252,0.065153,4.8199,9.3363,0.0,4.5164
8695,12,29,7,weather_driven,historically_calibrated,0.719859,0.122376,7.557,11.717,0.0,4.16
8696,12,29,8,weather_driven,historically_calibrated,0.284517,0.048368,3.805,11.93,0.0,8.125
8697,12,29,9,weather_driven,historically_calibrated,0.320515,0.054488,4.1898,12.3148,0.0,8.125
8698,12,29,10,weather_driven,historically_calibrated,0.337135,0.057313,4.3615,12.4982,0.0117,8.125
8699,12,29,11,weather_driven,historically_calibrated,0.280124,0.047621,3.7567,11.9051,0.0233,8.125
8700,12,29,12,weather_driven,historically_calibrated,0.258902,0.044013,3.5196,11.6666,0.022,8.125
8701,12,29,13,weather_driven,historically_calibrated,0.257058,0.0437,3.4987,11.6781,0.0544,8.125
8702,12,29,14,weather_driven,historically_calibrated,0.248571,0.042257,3.4016,11.5824,0.0557,8.125
8703,12,29,15,weather_driven,historically_calibrated,0.54164,0.092079,6.2226,11.9939,0.0648,5.7064
8704,12,29,16,weather_driven,historically_calibrated,1.224785,0.208213,10.4595,12.7719,0.0233,2.289
8705,12,29,17,weather_driven,historically_calibrated,1.490113,0.253319,11.651,13.6135,0.0052,1.9573
8706,12,29,18,weather_driven,historically_calibrated,1.498999,0.25483,11.6881,13.6454,0.0,1.9573
8707,12,29,19,weather_driven,historically_calibrated,1.91797,0.326055,13.2669,13.6322,0.0,0.3652
8708,12,29,20,weather_driven,historically_calibrated,2.054189,0.349212,13.7207,13.8099,0.0,0.0892
8709,12,29,21,weather_driven,historically_calibrated,2.116215,0.359757,13.9192,14.2513,0.0,0.332
8710,12,29,22,weather_driven,historically_calibrated,2.056697,0.349638,13.7288,14.094,0.0,0.3652
8711,12,29,23,weather_driven,historically_calibrated,2.103716,0.357632,13.8796,14.1243,0.0,0.2447
8712,12,29,24,weather_driven,historically_calibrated,1.402935,0.238499,11.2784,11.3549,0.0,0.0764
8713,12,30,1,weather_driven,historically_calibrated,1.197215,0.203527,10.3251,10.8451,0.0,0.52
8714,12,30,2,weather_driven,historically_calibrated,1.266149,0.215245,10.6571,10.853,0.0,0.1959
8715,12,30,3,weather_driven,historically_calibrated,1.191337,0.202527,10.2962,10.4318,0.0,0.1356
8716,12,30,4,weather_driven,historically_calibrated,1.024471,0.17416,9.4283,10.6609,0.0,1.2326
8717,12,30,5,weather_driven,historically_calibrated,1.042376,0.177204,9.526,11.1853,0.0,1.6593
8718,12,30,6,weather_driven,historically_calibrated,0.96107,0.163382,9.0726,10.6398,0.0,1.5671
8719,12,30,7,weather_driven,historically_calibrated,1.521923,0.258727,11.7828,12.7985,0.0,1.0156
8720,12,30,8,weather_driven,historically_calibrated,1.821639,0.309679,12.9301,13.4946,0.0,0.5645
8721,12,30,9,weather_driven,historically_calibrated,1.999039,0.339837,13.54,14.1516,0.0,0.6116
8722,12,30,10,weather_driven,historically_calibrated,1.817385,0.308956,12.9149,14.014,0.0143,1.0848
8723,12,30,11,weather_driven,historically_calibrated,1.457283,0.247738,11.5127,12.9409,0.035,1.3932
8724,12,30,12,weather_driven,historically_calibrated,1.215855,0.206695,10.4162,12.3405,0.07,1.8543
8725,12,30,13,weather_driven,historically_calibrated,0.910521,0.154789,8.7775,11.0118,0.0596,2.1746
8726,12,30,14,weather_driven,historically_calibrated,1.004228,0.170719,9.3164,10.8146,0.105,1.3932
8727,12,30,15,weather_driven,historically_calibrated,1.065652,0.181161,9.6512,11.2546,0.0363,1.5671
8728,12,30,16,weather_driven,historically_calibrated,1.26263,0.214647,10.6405,11.6963,0.0402,1.0156
8729,12,30,17,weather_driven,historically_calibrated,1.579713,0.268551,12.017,12.3874,0.0052,0.3652
8730,12,30,18,weather_driven,historically_calibrated,1.747049,0.296998,12.6593,12.9311,0.0,0.2718
8731,12,30,19,weather_driven,historically_calibrated,1.872949,0.318401,13.1112,13.1877,0.0,0.0764
8732,12,30,20,weather_driven,historically_calibrated,1.926513,0.327507,13.2962,13.3154,0.0,0.0193
8733,12,30,21,weather_driven,historically_calibrated,1.815341,0.308608,12.9075,12.9187,0.0,0.0111
8734,12,30,22,weather_driven,historically_calibrated,1.788823,0.3041,12.8121,12.8145,0.0,0.0024
8735,12,30,23,weather_driven,historically_calibrated,1.771221,0.301108,12.748,12.748,0.0,0.0
8736,12,30,24,weather_driven,historically_calibrated,1.174551,0.199674,10.2129,10.2129,0.0,0.0
8737,12,31,1,weather_driven,historically_calibrated,1.230748,0.209227,10.4883,10.489,0.0,0.0007
8738,12,31,2,weather_driven,historically_calibrated,1.240798,0.210936,10.5366,10.5373,0.0,0.0007
8739,12,31,3,weather_driven,historically_calibrated,1.315541,0.223642,10.887,10.8908,0.0,0.0038
8740,12,31,4,weather_driven,historically_calibrated,1.376651,0.234031,11.1627,11.1775,0.0,0.0148
8741,12,31,5,weather_driven,historically_calibrated,1.457286,0.247739,11.5127,11.532,0.0,0.0193
8742,12,31,6,weather_driven,historically_calibrated,1.522444,0.258816,11.785,11.8226,0.0,0.0376
8743,12,31,7,weather_driven,historically_calibrated,2.308927,0.392518,14.5069,14.5525,0.0,0.0457
8744,12,31,8,weather_driven,historically_calibrated,2.409795,0.409665,14.7983,14.8875,0.0,0.0892
8745,12,31,9,weather_driven,historically_calibrated,2.343587,0.39841,14.6082,14.8276,0.0,0.2194
8746,12,31,10,weather_driven,historically_calibrated,2.449161,0.416357,14.9093,15.2875,0.013,0.3652
8747,12,31,11,weather_driven,historically_calibrated,2.391261,0.406514,14.7456,15.2993,0.0337,0.52
8748,12,31,12,weather_driven,historically_calibrated,2.034433,0.345854,13.6564,14.2508,0.0298,0.5645
8749,12,31,13,weather_driven,historically_calibrated,1.949496,0.331414,13.3742,13.8317,0.0194,0.4381
8750,12,31,14,weather_driven,historically_calibrated,1.957708,0.33281,13.4019,13.7892,0.022,0.3652
8751,12,31,15,weather_driven,historically_calibrated,2.041081,0.346984,13.6781,14.0011,0.022,0.3009
8752,12,31,16,weather_driven,historically_calibrated,2.199132,0.373852,14.1773,14.3836,0.0104,0.1959
8753,12,31,17,weather_driven,historically_calibrated,2.418397,0.411127,14.8227,14.9132,0.0013,0.0892
8754,12,31,18,weather_driven,historically_calibrated,2.56202,0.435543,15.2194,15.2499,0.0,0.0306
8755,12,31,19,weather_driven,historically_calibrated,2.52112,0.42859,15.1084,15.1195,0.0,0.0111
8756,12,31,20,weather_driven,historically_calibrated,2.441367,0.415032,14.8875,14.8913,0.0,0.0038
8757,12,31,21,weather_driven,historically_calibrated,2.248762,0.38229,14.3279,14.3317,0.0,0.0038
8758,12,31,22,weather_driven,historically_calibrated,2.031471,0.34535,13.6468,13.6506,0.0,0.0038
8759,12,31,23,weather_driven,historically_calibrated,1.841609,0.313073,13.0011,13.0018,0.0,0.0007
8760,12,31,24,weather_driven,historically_calibrated,1.189498,0.202215,10.2871,10.2878,0.0,0.0007
