timestep,month,day,hour_epw,tariff_type,calibration_status,price_factor,price_eur_per_kWh_at_base_price,RL_GW,demand_proxy_GW,pv_proxy_GW,wind_proxy_GW
1,1,1,1,tou,historically_calibrated,0.740365,0.125862,11.1166,11.2198,0.0,0.1032
2,1,1,2,tou,historically_calibrated,0.740365,0.125862,11.9837,12.2031,0.0,0.2194
3,1,1,3,tou,historically_calibrated,0.740365,0.125862,12.7836,12.8868,0.0,0.1032
4,1,1,4,tou,historically_calibrated,0.740365,0.125862,13.0511,13.2705,0.0,0.2194
5,1,1,5,tou,historically_calibrated,0.740365,0.125862,13.4317,13.5349,0.0,0.1032
6,1,1,6,tou,historically_calibrated,0.740365,0.125862,13.909,14.0122,0.0,0.1032
7,1,1,7,tou,historically_calibrated,0.740365,0.125862,16.8003,16.9035,0.0,0.1032
8,1,1,8,tou,historically_calibrated,0.740365,0.125862,17.1769,17.1917,0.0,0.0148
9,1,1,9,tou,historically_calibrated,0.740365,0.125862,17.2755,17.3787,0.0,0.1032
10,1,1,10,tou,historically_calibrated,0.740365,0.125862,17.1819,17.2097,0.013,0.0148
11,1,1,11,tou,historically_calibrated,0.740365,0.125862,16.0885,16.6932,0.0402,0.5645
12,1,1,12,tou,historically_calibrated,0.740365,0.125862,15.9639,16.0298,0.0635,0.0024
13,1,1,13,tou,historically_calibrated,0.740365,0.125862,15.4712,15.5907,0.0739,0.0457
14,1,1,14,tou,historically_calibrated,0.740365,0.125862,15.3948,15.5105,0.07,0.0457
15,1,1,15,tou,historically_calibrated,0.740365,0.125862,15.6337,15.8224,0.0855,0.1032
16,1,1,16,tou,historically_calibrated,0.740365,0.125862,16.4088,16.5547,0.0428,0.1032
17,1,1,17,tou,historically_calibrated,0.740365,0.125862,17.3895,17.4049,0.013,0.0024
18,1,1,18,tou,historically_calibrated,0.740365,0.125862,17.8319,17.8776,0.0,0.0457
19,1,1,19,tou,historically_calibrated,0.740365,0.125862,17.98,18.1994,0.0,0.2194
20,1,1,20,tou,historically_calibrated,0.740365,0.125862,17.8315,17.8772,0.0,0.0457
21,1,1,21,tou,historically_calibrated,0.740365,0.125862,16.7476,17.1128,0.0,0.3652
22,1,1,22,tou,historically_calibrated,0.740365,0.125862,15.6452,16.2098,0.0,0.5645
23,1,1,23,tou,historically_calibrated,0.740365,0.125862,14.9338,15.2991,0.0,0.3652
24,1,1,24,tou,historically_calibrated,0.740365,0.125862,12.239,12.3423,0.0,0.1032
25,1,2,1,tou,historically_calibrated,0.740365,0.125862,10.8812,11.707,0.0,0.8257
26,1,2,2,tou,historically_calibrated,0.740365,0.125862,10.7679,11.5936,0.0,0.8257
27,1,2,3,tou,historically_calibrated,0.740365,0.125862,11.2181,11.5833,0.0,0.3652
28,1,2,4,tou,historically_calibrated,0.740365,0.125862,10.639,11.4648,0.0,0.8257
29,1,2,5,tou,historically_calibrated,0.740365,0.125862,10.7171,11.2816,0.0,0.5645
30,1,2,6,tou,historically_calibrated,0.740365,0.125862,10.6999,11.2644,0.0,0.5645
31,1,2,7,tou,historically_calibrated,0.740365,0.125862,12.4871,13.6442,0.0,1.1571
32,1,2,8,tou,historically_calibrated,1.332657,0.226552,13.1291,13.9549,0.0,0.8257
33,1,2,9,tou,historically_calibrated,1.332657,0.226552,13.6305,13.9957,0.0,0.3652
34,1,2,10,tou,historically_calibrated,1.332657,0.226552,13.1519,13.5301,0.013,0.3652
35,1,2,11,tou,historically_calibrated,1.332657,0.226552,11.8461,12.7794,0.1076,0.8257
36,1,2,12,tou,historically_calibrated,1.332657,0.226552,7.3384,11.844,0.1698,4.3358
37,1,2,13,tou,historically_calibrated,1.332657,0.226552,7.1766,11.7106,0.1983,4.3358
38,1,2,14,tou,historically_calibrated,1.332657,0.226552,9.9827,11.7028,0.1529,1.5671
39,1,2,15,tou,historically_calibrated,1.332657,0.226552,8.3741,11.9654,0.0868,3.5045
40,1,2,16,tou,historically_calibrated,1.332657,0.226552,8.8179,12.3794,0.057,3.5045
41,1,2,17,tou,historically_calibrated,1.332657,0.226552,10.6987,12.7692,0.0065,2.0641
42,1,2,18,tou,historically_calibrated,1.332657,0.226552,9.9539,13.4584,0.0,3.5045
43,1,2,19,tou,historically_calibrated,1.332657,0.226552,10.0449,13.5494,0.0,3.5045
44,1,2,20,tou,historically_calibrated,1.332657,0.226552,11.7118,13.2789,0.0,1.5671
45,1,2,21,tou,historically_calibrated,1.332657,0.226552,9.9805,12.7674,0.0,2.7869
46,1,2,22,tou,historically_calibrated,1.332657,0.226552,9.4172,12.2041,0.0,2.7869
47,1,2,23,tou,historically_calibrated,0.740365,0.125862,10.2059,11.773,0.0,1.5671
48,1,2,24,tou,historically_calibrated,0.740365,0.125862,8.0787,9.6458,0.0,1.5671
49,1,3,1,tou,historically_calibrated,0.740365,0.125862,7.8258,9.3929,0.0,1.5671
50,1,3,2,tou,historically_calibrated,0.740365,0.125862,8.6146,9.4404,0.0,0.8257
51,1,3,3,tou,historically_calibrated,0.740365,0.125862,8.7208,9.5466,0.0,0.8257
52,1,3,4,tou,historically_calibrated,0.740365,0.125862,8.9304,9.4949,0.0,0.5645
53,1,3,5,tou,historically_calibrated,0.740365,0.125862,9.3818,9.9463,0.0,0.5645
54,1,3,6,tou,historically_calibrated,0.740365,0.125862,10.1737,10.2769,0.0,0.1032
55,1,3,7,tou,historically_calibrated,0.740365,0.125862,12.6234,12.8428,0.0,0.2194
56,1,3,8,tou,historically_calibrated,1.332657,0.226552,13.4038,13.4062,0.0,0.0024
57,1,3,9,tou,historically_calibrated,1.332657,0.226552,12.932,13.4966,0.0,0.5645
58,1,3,10,tou,historically_calibrated,1.332657,0.226552,13.1393,13.2555,0.013,0.1032
59,1,3,11,tou,historically_calibrated,1.332657,0.226552,12.8008,12.8867,0.0402,0.0457
60,1,3,12,tou,historically_calibrated,1.332657,0.226552,12.4458,12.5242,0.0635,0.0148
61,1,3,13,tou,historically_calibrated,1.332657,0.226552,12.3586,12.4349,0.0739,0.0024
62,1,3,14,tou,historically_calibrated,1.332657,0.226552,12.9965,13.8935,0.0713,0.8257
63,1,3,15,tou,historically_calibrated,1.332657,0.226552,14.7064,15.126,0.0544,0.3652
64,1,3,16,tou,historically_calibrated,1.332657,0.226552,15.6449,15.7753,0.0272,0.1032
65,1,3,17,tou,historically_calibrated,1.332657,0.226552,16.0806,16.3039,0.0039,0.2194
66,1,3,18,tou,historically_calibrated,1.332657,0.226552,16.6086,16.6235,0.0,0.0148
67,1,3,19,tou,historically_calibrated,1.332657,0.226552,16.9164,16.9312,0.0,0.0148
68,1,3,20,tou,historically_calibrated,1.332657,0.226552,16.7425,16.7425,0.0,0.0
69,1,3,21,tou,historically_calibrated,1.332657,0.226552,16.5334,16.5334,0.0,0.0
70,1,3,22,tou,historically_calibrated,1.332657,0.226552,16.321,16.321,0.0,0.0
71,1,3,23,tou,historically_calibrated,0.740365,0.125862,15.3525,15.3525,0.0,0.0
72,1,3,24,tou,historically_calibrated,0.740365,0.125862,12.3423,12.3423,0.0,0.0
73,1,4,1,tou,historically_calibrated,0.740365,0.125862,11.6613,11.707,0.0,0.0457
74,1,4,2,tou,historically_calibrated,0.740365,0.125862,11.7105,11.7562,0.0,0.0457
75,1,4,3,tou,historically_calibrated,0.740365,0.125862,11.6092,11.624,0.0,0.0148
76,1,4,4,tou,historically_calibrated,0.740365,0.125862,11.6488,11.7521,0.0,0.1032
77,1,4,5,tou,historically_calibrated,0.740365,0.125862,11.9453,11.991,0.0,0.0457
78,1,4,6,tou,historically_calibrated,0.740365,0.125862,11.775,11.9943,0.0,0.2194
79,1,4,7,tou,historically_calibrated,0.740365,0.125862,14.5613,14.9265,0.0,0.3652
80,1,4,8,tou,historically_calibrated,1.332657,0.226552,15.0161,15.3813,0.0,0.3652
81,1,4,9,tou,historically_calibrated,1.332657,0.226552,15.7802,15.8258,0.0,0.0457
82,1,4,10,tou,historically_calibrated,1.332657,0.226552,14.9435,15.3424,0.0337,0.3652
83,1,4,11,tou,historically_calibrated,1.332657,0.226552,14.5744,14.7095,0.0894,0.0457
84,1,4,12,tou,historically_calibrated,1.332657,0.226552,13.2774,14.0415,0.1996,0.5645
85,1,4,13,tou,historically_calibrated,1.332657,0.226552,13.1866,13.8317,0.2799,0.3652
86,1,4,14,tou,historically_calibrated,1.332657,0.226552,13.0005,13.6327,0.267,0.3652
87,1,4,15,tou,historically_calibrated,1.332657,0.226552,13.5538,14.1082,0.1892,0.3652
88,1,4,16,tou,historically_calibrated,1.332657,0.226552,14.6777,14.8846,0.1037,0.1032
89,1,4,17,tou,historically_calibrated,1.332657,0.226552,16.2169,16.2459,0.0143,0.0148
90,1,4,18,tou,historically_calibrated,1.332657,0.226552,16.7878,16.8026,0.0,0.0148
91,1,4,19,tou,historically_calibrated,1.332657,0.226552,16.6748,16.6897,0.0,0.0148
92,1,4,20,tou,historically_calibrated,1.332657,0.226552,15.9593,16.3245,0.0,0.3652
93,1,4,21,tou,historically_calibrated,1.332657,0.226552,14.7806,15.6064,0.0,0.8257
94,1,4,22,tou,historically_calibrated,1.332657,0.226552,14.4213,14.9858,0.0,0.5645
95,1,4,23,tou,historically_calibrated,0.740365,0.125862,13.1268,14.284,0.0,1.1571
96,1,4,24,tou,historically_calibrated,0.740365,0.125862,11.5062,11.8714,0.0,0.3652
97,1,5,1,tou,historically_calibrated,0.740365,0.125862,11.1572,11.2604,0.0,0.1032
98,1,5,2,tou,historically_calibrated,0.740365,0.125862,10.6054,11.4311,0.0,0.8257
99,1,5,3,tou,historically_calibrated,0.740365,0.125862,10.7576,11.5833,0.0,0.8257
100,1,5,4,tou,historically_calibrated,0.740365,0.125862,10.6801,11.5058,0.0,0.8257
101,1,5,5,tou,historically_calibrated,0.740365,0.125862,8.7868,11.5737,0.0,2.7869
102,1,5,6,tou,historically_calibrated,0.740365,0.125862,9.1216,11.9085,0.0,2.7869
103,1,5,7,tou,historically_calibrated,0.740365,0.125862,12.7022,14.7663,0.0,2.0641
104,1,5,8,tou,historically_calibrated,1.332657,0.226552,12.3201,15.107,0.0,2.7869
105,1,5,9,tou,historically_calibrated,1.332657,0.226552,13.5932,15.1603,0.0,1.5671
106,1,5,10,tou,historically_calibrated,1.332657,0.226552,14.0094,14.8481,0.013,0.8257
107,1,5,11,tou,historically_calibrated,1.332657,0.226552,14.0884,14.4951,0.0415,0.3652
108,1,5,12,tou,historically_calibrated,1.332657,0.226552,14.1236,14.4078,0.0648,0.2194
109,1,5,13,tou,historically_calibrated,1.332657,0.226552,14.5695,14.6595,0.0752,0.0148
110,1,5,14,tou,historically_calibrated,1.332657,0.226552,14.0816,14.5194,0.0726,0.3652
111,1,5,15,tou,historically_calibrated,1.332657,0.226552,14.7568,14.8582,0.0557,0.0457
112,1,5,16,tou,historically_calibrated,1.332657,0.226552,14.8249,15.2186,0.0285,0.3652
113,1,5,17,tou,historically_calibrated,1.332657,0.226552,15.7319,15.8403,0.0052,0.1032
114,1,5,18,tou,historically_calibrated,1.332657,0.226552,16.1001,16.1457,0.0,0.0457
115,1,5,19,tou,historically_calibrated,1.332657,0.226552,16.1313,16.1461,0.0,0.0148
116,1,5,20,tou,historically_calibrated,1.332657,0.226552,16.0259,16.0259,0.0,0.0
117,1,5,21,tou,historically_calibrated,1.332657,0.226552,15.4905,15.4905,0.0,0.0
118,1,5,22,tou,historically_calibrated,1.332657,0.226552,15.0971,15.0971,0.0,0.0
119,1,5,23,tou,historically_calibrated,0.740365,0.125862,14.4443,14.4443,0.0,0.0
120,1,5,24,tou,historically_calibrated,0.740365,0.125862,11.743,11.743,0.0,0.0
121,1,6,1,tou,historically_calibrated,0.740365,0.125862,10.4343,10.4343,0.0,0.0
122,1,6,2,tou,historically_calibrated,0.740365,0.125862,10.5914,10.5914,0.0,0.0
123,1,6,3,tou,historically_calibrated,0.740365,0.125862,10.5817,10.5817,0.0,0.0
124,1,6,4,tou,historically_calibrated,0.740365,0.125862,10.5476,10.5476,0.0,0.0
125,1,6,5,tou,historically_calibrated,0.740365,0.125862,10.4026,10.4175,0.0,0.0148
126,1,6,6,tou,historically_calibrated,0.740365,0.125862,10.7916,10.8373,0.0,0.0457
127,1,6,7,tou,historically_calibrated,0.740365,0.125862,13.2851,13.3883,0.0,0.1032
128,1,6,8,tou,historically_calibrated,0.740365,0.125862,13.6312,13.646,0.0,0.0148
129,1,6,9,tou,historically_calibrated,0.740365,0.125862,13.6912,13.7944,0.0,0.1032
130,1,6,10,tou,historically_calibrated,0.740365,0.125862,13.5165,13.6098,0.0168,0.0764
131,1,6,11,tou,historically_calibrated,0.740365,0.125862,13.0744,13.1875,0.0674,0.0457
132,1,6,12,tou,historically_calibrated,0.740365,0.125862,13.1635,13.4477,0.0648,0.2194
133,1,6,13,tou,historically_calibrated,0.740365,0.125862,12.7767,12.868,0.0765,0.0148
134,1,6,14,tou,historically_calibrated,0.740365,0.125862,12.9997,13.1179,0.0726,0.0457
135,1,6,15,tou,historically_calibrated,0.740365,0.125862,13.2851,13.3738,0.0739,0.0148
136,1,6,16,tou,historically_calibrated,0.740365,0.125862,13.7472,13.7963,0.0467,0.0024
137,1,6,17,tou,historically_calibrated,0.740365,0.125862,14.5614,14.5731,0.0117,0.0
138,1,6,18,tou,historically_calibrated,0.740365,0.125862,14.7843,14.7991,0.0,0.0148
139,1,6,19,tou,historically_calibrated,0.740365,0.125862,15.1322,15.1322,0.0,0.0
140,1,6,20,tou,historically_calibrated,0.740365,0.125862,15.0185,15.0185,0.0,0.0
141,1,6,21,tou,historically_calibrated,0.740365,0.125862,14.6244,14.6244,0.0,0.0
142,1,6,22,tou,historically_calibrated,0.740365,0.125862,14.2328,14.2476,0.0,0.0148
143,1,6,23,tou,historically_calibrated,0.740365,0.125862,13.8637,13.8785,0.0,0.0148
144,1,6,24,tou,historically_calibrated,0.740365,0.125862,11.1038,11.1186,0.0,0.0148
145,1,7,1,tou,historically_calibrated,0.740365,0.125862,10.6957,10.6957,0.0,0.0
146,1,7,2,tou,historically_calibrated,0.740365,0.125862,10.9278,10.9278,0.0,0.0
147,1,7,3,tou,historically_calibrated,0.740365,0.125862,11.1438,11.1438,0.0,0.0
148,1,7,4,tou,historically_calibrated,0.740365,0.125862,11.2272,11.2272,0.0,0.0
149,1,7,5,tou,historically_calibrated,0.740365,0.125862,11.5308,11.5308,0.0,0.0
150,1,7,6,tou,historically_calibrated,0.740365,0.125862,11.9828,11.9828,0.0,0.0
151,1,7,7,tou,historically_calibrated,0.740365,0.125862,14.9122,14.9122,0.0,0.0
152,1,7,8,tou,historically_calibrated,0.740365,0.125862,15.7659,15.7659,0.0,0.0
153,1,7,9,tou,historically_calibrated,0.740365,0.125862,15.732,15.7333,0.0013,0.0
154,1,7,10,tou,historically_calibrated,0.740365,0.125862,15.2823,15.3276,0.0454,0.0
155,1,7,11,tou,historically_calibrated,0.740365,0.125862,14.1417,14.2726,0.1309,0.0
156,1,7,12,tou,historically_calibrated,0.740365,0.125862,13.7852,13.9291,0.1439,0.0
157,1,7,13,tou,historically_calibrated,0.740365,0.125862,13.3658,13.5343,0.1685,0.0
158,1,7,14,tou,historically_calibrated,0.740365,0.125862,13.4773,13.5978,0.1205,0.0
159,1,7,15,tou,historically_calibrated,0.740365,0.125862,13.7747,13.8667,0.092,0.0
160,1,7,16,tou,historically_calibrated,0.740365,0.125862,14.619,14.667,0.048,0.0
161,1,7,17,tou,historically_calibrated,0.740365,0.125862,15.5212,15.5327,0.0091,0.0024
162,1,7,18,tou,historically_calibrated,0.740365,0.125862,16.0604,16.0628,0.0,0.0024
163,1,7,19,tou,historically_calibrated,0.740365,0.125862,16.2841,16.299,0.0,0.0148
164,1,7,20,tou,historically_calibrated,0.740365,0.125862,16.1723,16.1723,0.0,0.0
165,1,7,21,tou,historically_calibrated,0.740365,0.125862,15.7289,15.7438,0.0,0.0148
166,1,7,22,tou,historically_calibrated,0.740365,0.125862,15.1153,15.1177,0.0,0.0024
167,1,7,23,tou,historically_calibrated,0.740365,0.125862,14.4659,14.4683,0.0,0.0024
168,1,7,24,tou,historically_calibrated,0.740365,0.125862,11.6157,11.6305,0.0,0.0148
169,1,8,1,tou,historically_calibrated,0.740365,0.125862,11.9455,11.9912,0.0,0.0457
170,1,8,2,tou,historically_calibrated,0.740365,0.125862,11.9975,11.9999,0.0,0.0024
171,1,8,3,tou,historically_calibrated,0.740365,0.125862,11.9882,11.9906,0.0,0.0024
172,1,8,4,tou,historically_calibrated,0.740365,0.125862,12.0393,12.0393,0.0,0.0
173,1,8,5,tou,historically_calibrated,0.740365,0.125862,12.1555,12.1579,0.0,0.0024
174,1,8,6,tou,historically_calibrated,0.740365,0.125862,12.6813,12.6813,0.0,0.0
175,1,8,7,tou,historically_calibrated,0.740365,0.125862,15.8883,15.8883,0.0,0.0
176,1,8,8,tou,historically_calibrated,1.332657,0.226552,16.3664,16.3688,0.0,0.0024
177,1,8,9,tou,historically_calibrated,1.332657,0.226552,16.4913,16.4913,0.0,0.0
178,1,8,10,tou,historically_calibrated,1.332657,0.226552,16.1933,16.2211,0.013,0.0148
179,1,8,11,tou,historically_calibrated,1.332657,0.226552,15.683,15.7282,0.0428,0.0024
180,1,8,12,tou,historically_calibrated,1.332657,0.226552,15.321,15.4019,0.0661,0.0148
181,1,8,13,tou,historically_calibrated,1.332657,0.226552,15.1484,15.2285,0.0778,0.0024
182,1,8,14,tou,historically_calibrated,1.332657,0.226552,15.1288,15.2497,0.0752,0.0457
183,1,8,15,tou,historically_calibrated,1.332657,0.226552,15.5578,15.6617,0.0583,0.0457
184,1,8,16,tou,historically_calibrated,1.332657,0.226552,16.144,16.2207,0.0311,0.0457
185,1,8,17,tou,historically_calibrated,1.332657,0.226552,16.9324,16.9413,0.0065,0.0024
186,1,8,18,tou,historically_calibrated,1.332657,0.226552,17.5168,17.5193,0.0,0.0024
187,1,8,19,tou,historically_calibrated,1.332657,0.226552,17.7743,17.7767,0.0,0.0024
188,1,8,20,tou,historically_calibrated,1.332657,0.226552,17.5786,17.5786,0.0,0.0
189,1,8,21,tou,historically_calibrated,1.332657,0.226552,17.0548,17.0548,0.0,0.0
190,1,8,22,tou,historically_calibrated,1.332657,0.226552,16.321,16.321,0.0,0.0
191,1,8,23,tou,historically_calibrated,0.740365,0.125862,15.7264,15.7265,0.0,0.0
192,1,8,24,tou,historically_calibrated,0.740365,0.125862,12.6419,12.6419,0.0,0.0
193,1,9,1,tou,historically_calibrated,0.740365,0.125862,11.9912,11.9912,0.0,0.0
194,1,9,2,tou,historically_calibrated,0.740365,0.125862,12.0405,12.0405,0.0,0.0
195,1,9,3,tou,historically_calibrated,0.740365,0.125862,12.0721,12.0721,0.0,0.0
196,1,9,4,tou,historically_calibrated,0.740365,0.125862,12.2035,12.2035,0.0,0.0
197,1,9,5,tou,historically_calibrated,0.740365,0.125862,12.4082,12.4082,0.0,0.0
198,1,9,6,tou,historically_calibrated,0.740365,0.125862,12.7671,12.7671,0.0,0.0
199,1,9,7,tou,historically_calibrated,0.740365,0.125862,15.9417,15.9417,0.0,0.0
200,1,9,8,tou,historically_calibrated,1.332657,0.226552,16.3139,16.3139,0.0,0.0
201,1,9,9,tou,historically_calibrated,1.332657,0.226552,16.6023,16.6023,0.0,0.0
202,1,9,10,tou,historically_calibrated,1.332657,0.226552,16.7549,16.7703,0.013,0.0024
203,1,9,11,tou,historically_calibrated,1.332657,0.226552,16.4896,16.5324,0.0428,0.0
204,1,9,12,tou,historically_calibrated,1.332657,0.226552,15.9209,16.0298,0.1089,0.0
205,1,9,13,tou,historically_calibrated,1.332657,0.226552,15.5658,15.6941,0.1283,0.0
206,1,9,14,tou,historically_calibrated,1.332657,0.226552,15.596,15.7191,0.1231,0.0
207,1,9,15,tou,historically_calibrated,1.332657,0.226552,16.048,16.1439,0.0959,0.0
208,1,9,16,tou,historically_calibrated,1.332657,0.226552,16.6155,16.6661,0.0505,0.0
209,1,9,17,tou,historically_calibrated,1.332657,0.226552,17.6842,17.6946,0.0104,0.0
210,1,9,18,tou,historically_calibrated,1.332657,0.226552,18.1762,18.1762,0.0,0.0
211,1,9,19,tou,historically_calibrated,1.332657,0.226552,18.3202,18.3202,0.0,0.0
212,1,9,20,tou,historically_calibrated,1.332657,0.226552,18.2355,18.2355,0.0,0.0
213,1,9,21,tou,historically_calibrated,1.332657,0.226552,17.5763,17.5763,0.0,0.0
214,1,9,22,tou,historically_calibrated,1.332657,0.226552,16.933,16.933,0.0,0.0
215,1,9,23,tou,historically_calibrated,0.740365,0.125862,16.3141,16.3141,0.0,0.0
216,1,9,24,tou,historically_calibrated,0.740365,0.125862,13.2387,13.2411,0.0,0.0024
217,1,10,1,tou,historically_calibrated,0.740365,0.125862,12.3515,12.3971,0.0,0.0457
218,1,10,2,tou,historically_calibrated,0.740365,0.125862,12.3101,12.3249,0.0,0.0148
219,1,10,3,tou,historically_calibrated,0.740365,0.125862,12.1894,12.235,0.0,0.0457
220,1,10,4,tou,historically_calibrated,0.740365,0.125862,12.1578,12.2035,0.0,0.0457
221,1,10,5,tou,historically_calibrated,0.740365,0.125862,12.1122,12.1579,0.0,0.0457
222,1,10,6,tou,historically_calibrated,0.740365,0.125862,11.8009,12.1661,0.0,0.3652
223,1,10,7,tou,historically_calibrated,0.740365,0.125862,14.9302,15.0334,0.0,0.1032
224,1,10,8,tou,historically_calibrated,1.332657,0.226552,14.1144,15.2715,0.0,1.1571
225,1,10,9,tou,historically_calibrated,1.332657,0.226552,14.3346,15.1603,0.0,0.8257
226,1,10,10,tou,historically_calibrated,1.332657,0.226552,13.4584,14.6285,0.013,1.1571
227,1,10,11,tou,historically_calibrated,1.332657,0.226552,12.013,14.1198,0.0428,2.0641
228,1,10,12,tou,historically_calibrated,1.332657,0.226552,10.365,13.9369,0.0674,3.5045
229,1,10,13,tou,historically_calibrated,1.332657,0.226552,5.4207,13.6248,0.0791,8.125
230,1,10,14,tou,historically_calibrated,1.332657,0.226552,9.9475,13.5284,0.0765,3.5045
231,1,10,15,tou,historically_calibrated,1.332657,0.226552,8.2238,13.5725,0.0596,5.2891
232,1,10,16,tou,historically_calibrated,1.332657,0.226552,9.403,13.7712,0.0324,4.3358
233,1,10,17,tou,historically_calibrated,1.332657,0.226552,9.6438,13.986,0.0065,4.3358
234,1,10,18,tou,historically_calibrated,1.332657,0.226552,8.8262,14.1153,0.0,5.2891
235,1,10,19,tou,historically_calibrated,1.332657,0.226552,9.576,13.9117,0.0,4.3358
236,1,10,20,tou,historically_calibrated,1.332657,0.226552,9.655,13.1595,0.0,3.5045
237,1,10,21,tou,historically_calibrated,1.332657,0.226552,9.3432,12.1301,0.0,2.7869
238,1,10,22,tou,historically_calibrated,1.332657,0.226552,9.3612,11.4252,0.0,2.0641
239,1,10,23,tou,historically_calibrated,0.740365,0.125862,9.1373,10.7045,0.0,1.5671
240,1,10,24,tou,historically_calibrated,0.740365,0.125862,7.5898,8.747,0.0,1.1571
241,1,11,1,tou,historically_calibrated,0.740365,0.125862,8.0164,8.5809,0.0,0.5645
242,1,11,2,tou,historically_calibrated,0.740365,0.125862,8.2258,8.7903,0.0,0.5645
243,1,11,3,tou,historically_calibrated,0.740365,0.125862,7.6155,8.7726,0.0,1.1571
244,1,11,4,tou,historically_calibrated,0.740365,0.125862,8.5962,8.9614,0.0,0.3652
245,1,11,5,tou,historically_calibrated,0.740365,0.125862,8.83,9.1952,0.0,0.3652
246,1,11,6,tou,historically_calibrated,0.740365,0.125862,8.7678,9.3324,0.0,0.5645
247,1,11,7,tou,historically_calibrated,0.740365,0.125862,11.0493,11.6139,0.0,0.5645
248,1,11,8,tou,historically_calibrated,1.332657,0.226552,12.4828,12.5285,0.0,0.0457
249,1,11,9,tou,historically_calibrated,1.332657,0.226552,12.1873,12.5538,0.0013,0.3652
250,1,11,10,tou,historically_calibrated,1.332657,0.226552,11.7509,11.9923,0.022,0.2194
251,1,11,11,tou,historically_calibrated,1.332657,0.226552,10.8102,11.7072,0.0713,0.8257
252,1,11,12,tou,historically_calibrated,1.332657,0.226552,10.646,11.3207,0.1102,0.5645
253,1,11,13,tou,historically_calibrated,1.332657,0.226552,10.1358,11.0898,0.1283,0.8257
254,1,11,14,tou,historically_calibrated,1.332657,0.226552,9.8899,10.9204,0.2048,0.8257
255,1,11,15,tou,historically_calibrated,1.332657,0.226552,9.851,11.2155,0.2074,1.1571
256,1,11,16,tou,historically_calibrated,1.332657,0.226552,9.9602,11.6556,0.1283,1.5671
257,1,11,17,tou,historically_calibrated,1.332657,0.226552,12.0922,12.4795,0.022,0.3652
258,1,11,18,tou,historically_calibrated,1.332657,0.226552,13.1196,13.339,0.0,0.2194
259,1,11,19,tou,historically_calibrated,1.332657,0.226552,12.7433,13.3078,0.0,0.5645
260,1,11,20,tou,historically_calibrated,1.332657,0.226552,10.2532,13.0401,0.0,2.7869
261,1,11,21,tou,historically_calibrated,1.332657,0.226552,11.2552,14.0421,0.0,2.7869
262,1,11,22,tou,historically_calibrated,1.332657,0.226552,10.1405,12.9273,0.0,2.7869
263,1,11,23,tou,historically_calibrated,0.740365,0.125862,10.35,12.4141,0.0,2.0641
264,1,11,24,tou,historically_calibrated,0.740365,0.125862,9.6805,10.245,0.0,0.5645
265,1,12,1,tou,historically_calibrated,0.740365,0.125862,8.9731,9.7989,0.0,0.8257
266,1,12,2,tou,historically_calibrated,0.740365,0.125862,9.6033,9.9685,0.0,0.3652
267,1,12,3,tou,historically_calibrated,0.740365,0.125862,9.6702,10.0354,0.0,0.3652
268,1,12,4,tou,historically_calibrated,0.740365,0.125862,9.3258,10.1515,0.0,0.8257
269,1,12,5,tou,historically_calibrated,0.740365,0.125862,9.4544,10.2801,0.0,0.8257
270,1,12,6,tou,historically_calibrated,0.740365,0.125862,10.1847,10.7492,0.0,0.5645
271,1,12,7,tou,historically_calibrated,0.740365,0.125862,12.6582,13.4839,0.0,0.8257
272,1,12,8,tou,historically_calibrated,1.332657,0.226552,13.6994,14.0646,0.0,0.3652
273,1,12,9,tou,historically_calibrated,1.332657,0.226552,13.851,14.2175,0.0013,0.3652
274,1,12,10,tou,historically_calibrated,1.332657,0.226552,13.4387,13.8596,0.0557,0.3652
275,1,12,11,tou,historically_calibrated,1.332657,0.226552,11.395,12.7258,0.1737,1.1571
276,1,12,12,tou,historically_calibrated,1.332657,0.226552,9.8052,12.0532,0.184,2.0641
277,1,12,13,tou,historically_calibrated,1.332657,0.226552,10.1742,11.9176,0.1763,1.5671
278,1,12,14,tou,historically_calibrated,1.332657,0.226552,9.6601,12.0158,0.2916,2.0641
279,1,12,15,tou,historically_calibrated,1.332657,0.226552,10.5128,12.1797,0.0998,1.5671
280,1,12,16,tou,historically_calibrated,1.332657,0.226552,10.9805,12.6021,0.0544,1.5671
281,1,12,17,tou,historically_calibrated,1.332657,0.226552,11.948,13.1169,0.0117,1.1571
282,1,12,18,tou,historically_calibrated,1.332657,0.226552,12.361,13.5181,0.0,1.1571
283,1,12,19,tou,historically_calibrated,1.332657,0.226552,12.6942,13.8513,0.0,1.1571
284,1,12,20,tou,historically_calibrated,1.332657,0.226552,12.5398,13.697,0.0,1.1571
285,1,12,21,tou,historically_calibrated,1.332657,0.226552,12.1317,13.2889,0.0,1.1571
286,1,12,22,tou,historically_calibrated,1.332657,0.226552,11.1377,12.7048,0.0,1.5671
287,1,12,23,tou,historically_calibrated,0.740365,0.125862,9.4669,12.2538,0.0,2.7869
288,1,12,24,tou,historically_calibrated,0.740365,0.125862,8.3355,9.9026,0.0,1.5671
289,1,13,1,tou,historically_calibrated,0.740365,0.125862,7.447,8.6041,0.0,1.1571
290,1,13,2,tou,historically_calibrated,0.740365,0.125862,6.5837,8.6478,0.0,2.0641
291,1,13,3,tou,historically_calibrated,0.740365,0.125862,6.7563,8.8203,0.0,2.0641
292,1,13,4,tou,historically_calibrated,0.740365,0.125862,8.3596,8.9241,0.0,0.5645
293,1,13,5,tou,historically_calibrated,0.740365,0.125862,6.6643,8.7283,0.0,2.0641
294,1,13,6,tou,historically_calibrated,0.740365,0.125862,5.6409,8.4278,0.0,2.7869
295,1,13,7,tou,historically_calibrated,0.740365,0.125862,5.6117,9.9474,0.0,4.3358
296,1,13,8,tou,historically_calibrated,0.740365,0.125862,5.7772,10.1129,0.0,4.3358
297,1,13,9,tou,historically_calibrated,0.740365,0.125862,3.7481,10.1209,0.0,6.3728
298,1,13,10,tou,historically_calibrated,0.740365,0.125862,5.7735,10.1235,0.0143,4.3358
299,1,13,11,tou,historically_calibrated,0.740365,0.125862,3.5646,9.9814,0.0441,6.3728
300,1,13,12,tou,historically_calibrated,0.740365,0.125862,5.831,9.4042,0.0687,3.5045
301,1,13,13,tou,historically_calibrated,0.740365,0.125862,6.2407,9.108,0.0804,2.7869
302,1,13,14,tou,historically_calibrated,0.740365,0.125862,7.0412,9.183,0.0778,2.0641
303,1,13,15,tou,historically_calibrated,0.740365,0.125862,7.7032,9.3326,0.0622,1.5671
304,1,13,16,tou,historically_calibrated,0.740365,0.125862,8.8893,9.75,0.035,0.8257
305,1,13,17,tou,historically_calibrated,0.740365,0.125862,8.7334,10.3083,0.0078,1.5671
306,1,13,18,tou,historically_calibrated,0.740365,0.125862,7.7818,10.5687,0.0,2.7869
307,1,13,19,tou,historically_calibrated,0.740365,0.125862,6.2407,10.5764,0.0,4.3358
308,1,13,20,tou,historically_calibrated,0.740365,0.125862,8.9988,11.0629,0.0,2.0641
309,1,13,21,tou,historically_calibrated,0.740365,0.125862,7.1222,10.6267,0.0,3.5045
310,1,13,22,tou,historically_calibrated,0.740365,0.125862,4.8638,10.1529,0.0,5.2891
311,1,13,23,tou,historically_calibrated,0.740365,0.125862,1.5757,9.7007,0.0,8.125
312,1,13,24,tou,historically_calibrated,0.740365,0.125862,0.0188,7.6141,0.0,7.5953
313,1,14,1,tou,historically_calibrated,0.740365,0.125862,-1.1643,6.9607,0.0,8.125
314,1,14,2,tou,historically_calibrated,0.740365,0.125862,1.5646,6.8537,0.0,5.2891
315,1,14,3,tou,historically_calibrated,0.740365,0.125862,-1.2909,6.8341,0.0,8.125
316,1,14,4,tou,historically_calibrated,0.740365,0.125862,1.9738,7.2628,0.0,5.2891
317,1,14,5,tou,historically_calibrated,0.740365,0.125862,6.3811,7.5383,0.0,1.1571
318,1,14,6,tou,historically_calibrated,0.740365,0.125862,-0.2107,7.9143,0.0,8.125
319,1,14,7,tou,historically_calibrated,0.740365,0.125862,7.4063,10.1932,0.0,2.7869
320,1,14,8,tou,historically_calibrated,0.740365,0.125862,6.2314,10.5672,0.0,4.3358
321,1,14,9,tou,historically_calibrated,0.740365,0.125862,9.1647,10.7331,0.0013,1.5671
322,1,14,10,tou,historically_calibrated,0.740365,0.125862,8.7422,10.8309,0.0246,2.0641
323,1,14,11,tou,historically_calibrated,0.740365,0.125862,6.847,10.4253,0.0739,3.5045
324,1,14,12,tou,historically_calibrated,0.740365,0.125862,6.4596,10.0781,0.114,3.5045
325,1,14,13,tou,historically_calibrated,0.740365,0.125862,3.3156,9.8219,0.1335,6.3728
326,1,14,14,tou,historically_calibrated,0.740365,0.125862,5.2961,9.8068,0.175,4.3358
327,1,14,15,tou,historically_calibrated,0.740365,0.125862,3.7432,10.2197,0.1037,6.3728
328,1,14,16,tou,historically_calibrated,0.740365,0.125862,4.3433,10.7744,0.0583,6.3728
329,1,14,17,tou,historically_calibrated,0.740365,0.125862,3.8177,11.9609,0.0181,8.125
330,1,14,18,tou,historically_calibrated,0.740365,0.125862,6.0639,12.4367,0.0,6.3728
331,1,14,19,tou,historically_calibrated,0.740365,0.125862,10.3452,13.1321,0.0,2.7869
332,1,14,20,tou,historically_calibrated,0.740365,0.125862,8.3204,12.6561,0.0,4.3358
333,1,14,21,tou,historically_calibrated,0.740365,0.125862,7.89,12.2258,0.0,4.3358
334,1,14,22,tou,historically_calibrated,0.740365,0.125862,6.3993,11.6884,0.0,5.2891
335,1,14,23,tou,historically_calibrated,0.740365,0.125862,3.0994,11.2244,0.0,8.125
336,1,14,24,tou,historically_calibrated,0.740365,0.125862,0.946,9.071,0.0,8.125
337,1,15,1,tou,historically_calibrated,0.740365,0.125862,1.1461,9.2711,0.0,8.125
338,1,15,2,tou,historically_calibrated,0.740365,0.125862,1.0716,9.1966,0.0,8.125
339,1,15,3,tou,historically_calibrated,0.740365,0.125862,1.055,9.18,0.0,8.125
340,1,15,4,tou,historically_calibrated,0.740365,0.125862,1.2468,9.3718,0.0,8.125
341,1,15,5,tou,historically_calibrated,0.740365,0.125862,1.6961,9.8211,0.0,8.125
342,1,15,6,tou,historically_calibrated,0.740365,0.125862,1.9802,10.1052,0.0,8.125
343,1,15,7,tou,historically_calibrated,0.740365,0.125862,4.4994,12.0947,0.0,7.5953
344,1,15,8,tou,historically_calibrated,1.332657,0.226552,8.083,12.4187,0.0,4.3358
345,1,15,9,tou,historically_calibrated,1.332657,0.226552,8.3831,12.7202,0.0013,4.3358
346,1,15,10,tou,historically_calibrated,1.332657,0.226552,9.0764,12.5965,0.0156,3.5045
347,1,15,11,tou,historically_calibrated,1.332657,0.226552,9.3277,12.1897,0.0752,2.7869
348,1,15,12,tou,historically_calibrated,1.332657,0.226552,7.4452,11.8963,0.1153,4.3358
349,1,15,13,tou,historically_calibrated,1.332657,0.226552,11.2624,11.7624,0.1348,0.3652
350,1,15,14,tou,historically_calibrated,1.332657,0.226552,11.2681,11.9636,0.1309,0.5645
351,1,15,15,tou,historically_calibrated,1.332657,0.226552,12.1031,12.6083,0.14,0.3652
352,1,15,16,tou,historically_calibrated,1.332657,0.226552,12.8082,12.9918,0.0804,0.1032
353,1,15,17,tou,historically_calibrated,1.332657,0.226552,13.6821,13.6963,0.0143,0.0
354,1,15,18,tou,historically_calibrated,1.332657,0.226552,14.4115,14.4139,0.0,0.0024
355,1,15,19,tou,historically_calibrated,1.332657,0.226552,14.6819,14.6968,0.0,0.0148
356,1,15,20,tou,historically_calibrated,1.332657,0.226552,14.7121,14.7121,0.0,0.0
357,1,15,21,tou,historically_calibrated,1.332657,0.226552,14.3317,14.3317,0.0,0.0
358,1,15,22,tou,historically_calibrated,1.332657,0.226552,13.8175,13.8175,0.0,0.0
359,1,15,23,tou,historically_calibrated,0.740365,0.125862,13.2155,13.2155,0.0,0.0
360,1,15,24,tou,historically_calibrated,0.740365,0.125862,10.4566,10.459,0.0,0.0024
361,1,16,1,tou,historically_calibrated,0.740365,0.125862,9.987,10.0019,0.0,0.0148
362,1,16,2,tou,historically_calibrated,0.740365,0.125862,10.2123,10.2123,0.0,0.0
363,1,16,3,tou,historically_calibrated,0.740365,0.125862,10.0737,10.0761,0.0,0.0024
364,1,16,4,tou,historically_calibrated,0.740365,0.125862,10.0483,10.1515,0.0,0.1032
365,1,16,5,tou,historically_calibrated,0.740365,0.125862,10.3597,10.4053,0.0,0.0457
366,1,16,6,tou,historically_calibrated,0.740365,0.125862,10.7748,10.878,0.0,0.1032
367,1,16,7,tou,historically_calibrated,0.740365,0.125862,13.4341,13.5373,0.0,0.1032
368,1,16,8,tou,historically_calibrated,1.332657,0.226552,14.1808,14.284,0.0,0.1032
369,1,16,9,tou,historically_calibrated,1.332657,0.226552,14.6109,14.7167,0.0026,0.1032
370,1,16,10,tou,historically_calibrated,1.332657,0.226552,13.6916,14.299,0.0428,0.5645
371,1,16,11,tou,historically_calibrated,1.332657,0.226552,12.8428,13.5836,0.1763,0.5645
372,1,16,12,tou,historically_calibrated,1.332657,0.226552,12.5941,12.8904,0.1931,0.1032
373,1,16,13,tou,historically_calibrated,1.332657,0.226552,10.1958,12.4866,0.2268,2.0641
374,1,16,14,tou,historically_calibrated,1.332657,0.226552,12.1378,12.5374,0.1801,0.2194
375,1,16,15,tou,historically_calibrated,1.332657,0.226552,12.8492,13.3583,0.1439,0.3652
376,1,16,16,tou,historically_calibrated,1.332657,0.226552,14.1543,14.2722,0.1179,0.0
377,1,16,17,tou,historically_calibrated,1.332657,0.226552,14.3106,14.3337,0.0207,0.0024
378,1,16,18,tou,historically_calibrated,1.332657,0.226552,15.0111,15.0111,0.0,0.0
379,1,16,19,tou,historically_calibrated,1.332657,0.226552,15.7838,15.7838,0.0,0.0
380,1,16,20,tou,historically_calibrated,1.332657,0.226552,15.8663,16.0856,0.0,0.2194
381,1,16,21,tou,historically_calibrated,1.332657,0.226552,15.7345,15.7802,0.0,0.0457
382,1,16,22,tou,historically_calibrated,1.332657,0.226552,15.2616,15.264,0.0,0.0024
383,1,16,23,tou,historically_calibrated,0.740365,0.125862,14.4953,14.4977,0.0,0.0024
384,1,16,24,tou,historically_calibrated,0.740365,0.125862,11.5718,11.5718,0.0,0.0
385,1,17,1,tou,historically_calibrated,0.740365,0.125862,10.9614,10.9762,0.0,0.0148
386,1,17,2,tou,historically_calibrated,0.740365,0.125862,11.1061,11.1061,0.0,0.0
387,1,17,3,tou,historically_calibrated,0.740365,0.125862,11.3772,11.3796,0.0,0.0024
388,1,17,4,tou,historically_calibrated,0.740365,0.125862,11.4624,11.4648,0.0,0.0024
389,1,17,5,tou,historically_calibrated,0.740365,0.125862,11.6115,11.6572,0.0,0.0457
390,1,17,6,tou,historically_calibrated,0.740365,0.125862,11.9795,11.9943,0.0,0.0148
391,1,17,7,tou,historically_calibrated,0.740365,0.125862,14.774,14.8197,0.0,0.0457
392,1,17,8,tou,historically_calibrated,1.332657,0.226552,15.147,15.1618,0.0,0.0148
393,1,17,9,tou,historically_calibrated,1.332657,0.226552,15.2935,15.3267,0.0026,0.0306
394,1,17,10,tou,historically_calibrated,1.332657,0.226552,15.0802,15.1777,0.0518,0.0457
395,1,17,11,tou,historically_calibrated,1.332657,0.226552,14.3255,14.4951,0.1672,0.0024
396,1,17,12,tou,historically_calibrated,1.332657,0.226552,13.7505,13.8845,0.1192,0.0148
397,1,17,13,tou,historically_calibrated,1.332657,0.226552,13.5393,13.6248,0.0855,0.0
398,1,17,14,tou,historically_calibrated,1.332657,0.226552,13.8614,13.9457,0.0842,0.0
399,1,17,15,tou,historically_calibrated,1.332657,0.226552,14.2015,14.2689,0.0674,0.0
400,1,17,16,tou,historically_calibrated,1.332657,0.226552,14.8211,14.8846,0.0635,0.0
401,1,17,17,tou,historically_calibrated,1.332657,0.226552,15.3033,15.3188,0.0156,0.0
402,1,17,18,tou,historically_calibrated,1.332657,0.226552,15.668,15.668,0.0,0.0
403,1,17,19,tou,historically_calibrated,1.332657,0.226552,16.0254,16.0254,0.0,0.0
404,1,17,20,tou,historically_calibrated,1.332657,0.226552,16.4439,16.4439,0.0,0.0
405,1,17,21,tou,historically_calibrated,1.332657,0.226552,16.1278,16.1278,0.0,0.0
406,1,17,22,tou,historically_calibrated,1.332657,0.226552,15.6534,15.6534,0.0,0.0
407,1,17,23,tou,historically_calibrated,0.740365,0.125862,15.0319,15.0319,0.0,0.0
408,1,17,24,tou,historically_calibrated,0.740365,0.125862,11.7834,11.7858,0.0,0.0024
409,1,18,1,tou,historically_calibrated,0.740365,0.125862,11.1644,11.1792,0.0,0.0148
410,1,18,2,tou,historically_calibrated,0.740365,0.125862,11.1443,11.1467,0.0,0.0024
411,1,18,3,tou,historically_calibrated,0.740365,0.125862,10.8283,10.9315,0.0,0.1032
412,1,18,4,tou,historically_calibrated,0.740365,0.125862,10.6071,10.9723,0.0,0.3652
413,1,18,5,tou,historically_calibrated,0.740365,0.125862,10.7078,11.073,0.0,0.3652
414,1,18,6,tou,historically_calibrated,0.740365,0.125862,10.1502,11.3074,0.0,1.1571
415,1,18,7,tou,historically_calibrated,0.740365,0.125862,12.4511,14.0182,0.0,1.5671
416,1,18,8,tou,historically_calibrated,1.332657,0.226552,13.072,14.2292,0.0,1.1571
417,1,18,9,tou,historically_calibrated,1.332657,0.226552,11.0966,13.8848,0.0013,2.7869
418,1,18,10,tou,historically_calibrated,1.332657,0.226552,5.3333,13.4752,0.0168,8.125
419,1,18,11,tou,historically_calibrated,1.332657,0.226552,6.1979,12.6186,0.048,6.3728
420,1,18,12,tou,historically_calibrated,1.332657,0.226552,3.8021,12.0009,0.0739,8.125
421,1,18,13,tou,historically_calibrated,1.332657,0.226552,6.1808,11.5554,0.0855,5.2891
422,1,18,14,tou,historically_calibrated,1.332657,0.226552,7.5925,11.1812,0.0842,3.5045
423,1,18,15,tou,historically_calibrated,1.332657,0.226552,7.4829,11.0548,0.0674,3.5045
424,1,18,16,tou,historically_calibrated,1.332657,0.226552,9.3816,10.9876,0.0389,1.5671
425,1,18,17,tou,historically_calibrated,1.332657,0.226552,8.4074,11.2046,0.0104,2.7869
426,1,18,18,tou,historically_calibrated,1.332657,0.226552,9.4236,11.4877,0.0,2.0641
427,1,18,19,tou,historically_calibrated,1.332657,0.226552,9.3113,11.3753,0.0,2.0641
428,1,18,20,tou,historically_calibrated,1.332657,0.226552,9.6814,11.2485,0.0,1.5671
429,1,18,21,tou,historically_calibrated,1.332657,0.226552,10.984,11.0872,0.0,0.1032
430,1,18,22,tou,historically_calibrated,1.332657,0.226552,10.1699,10.5351,0.0,0.3652
431,1,18,23,tou,historically_calibrated,0.740365,0.125862,9.0131,10.1702,0.0,1.1571
432,1,18,24,tou,historically_calibrated,0.740365,0.125862,6.6662,8.2334,0.0,1.5671
433,1,19,1,tou,historically_calibrated,0.740365,0.125862,5.7455,7.8096,0.0,2.0641
434,1,19,2,tou,historically_calibrated,0.740365,0.125862,4.9065,7.6934,0.0,2.7869
435,1,19,3,tou,historically_calibrated,0.740365,0.125862,4.2091,7.7136,0.0,3.5045
436,1,19,4,tou,historically_calibrated,0.740365,0.125862,5.7072,7.7713,0.0,2.0641
437,1,19,5,tou,historically_calibrated,0.740365,0.125862,5.1565,7.9434,0.0,2.7869
438,1,19,6,tou,historically_calibrated,0.740365,0.125862,6.0232,8.0873,0.0,2.0641
439,1,19,7,tou,historically_calibrated,0.740365,0.125862,9.0675,10.2247,0.0,1.1571
440,1,19,8,tou,historically_calibrated,1.332657,0.226552,9.3963,10.5534,0.0,1.1571
441,1,19,9,tou,historically_calibrated,1.332657,0.226552,7.1624,10.6682,0.0013,3.5045
442,1,19,10,tou,historically_calibrated,1.332657,0.226552,6.102,10.4546,0.0168,4.3358
443,1,19,11,tou,historically_calibrated,1.332657,0.226552,4.7068,10.0452,0.0492,5.2891
444,1,19,12,tou,historically_calibrated,1.332657,0.226552,3.0951,9.5418,0.0739,6.3728
445,1,19,13,tou,historically_calibrated,1.332657,0.226552,1.1191,9.3309,0.0868,8.125
446,1,19,14,tou,historically_calibrated,1.332657,0.226552,1.2507,9.4599,0.0842,8.125
447,1,19,15,tou,historically_calibrated,1.332657,0.226552,1.629,9.8227,0.0687,8.125
448,1,19,16,tou,historically_calibrated,1.332657,0.226552,4.8789,10.2082,0.0402,5.2891
449,1,19,17,tou,historically_calibrated,1.332657,0.226552,2.4319,10.5672,0.0104,8.125
450,1,19,18,tou,historically_calibrated,1.332657,0.226552,2.8252,10.9502,0.0,8.125
451,1,19,19,tou,historically_calibrated,1.332657,0.226552,3.4919,11.6169,0.0,8.125
452,1,19,20,tou,historically_calibrated,1.332657,0.226552,4.0193,12.1443,0.0,8.125
453,1,19,21,tou,historically_calibrated,1.332657,0.226552,4.4686,12.5936,0.0,8.125
454,1,19,22,tou,historically_calibrated,1.332657,0.226552,4.0791,12.2041,0.0,8.125
455,1,19,23,tou,historically_calibrated,0.740365,0.125862,3.4877,11.6127,0.0,8.125
456,1,19,24,tou,historically_calibrated,0.740365,0.125862,5.0532,9.389,0.0,4.3358
457,1,20,1,tou,historically_calibrated,0.740365,0.125862,1.9325,8.3053,0.0,6.3728
458,1,20,2,tou,historically_calibrated,0.740365,0.125862,5.0685,8.573,0.0,3.5045
459,1,20,3,tou,historically_calibrated,0.740365,0.125862,5.166,8.6704,0.0,3.5045
460,1,20,4,tou,historically_calibrated,0.740365,0.125862,6.709,8.7731,0.0,2.0641
461,1,20,5,tou,historically_calibrated,0.740365,0.125862,7.9167,9.0738,0.0,1.1571
462,1,20,6,tou,historically_calibrated,0.740365,0.125862,7.8877,9.4548,0.0,1.5671
463,1,20,7,tou,historically_calibrated,0.740365,0.125862,10.7565,11.9136,0.0,1.1571
464,1,20,8,tou,historically_calibrated,0.740365,0.125862,11.7692,12.3337,0.0,0.5645
465,1,20,9,tou,historically_calibrated,0.740365,0.125862,11.4599,12.6209,0.0039,1.1571
466,1,20,10,tou,historically_calibrated,0.740365,0.125862,11.0677,12.2961,0.0713,1.1571
467,1,20,11,tou,historically_calibrated,0.740365,0.125862,10.8476,11.6091,0.197,0.5645
468,1,20,12,tou,historically_calibrated,0.740365,0.125862,9.6763,10.8002,0.2981,0.8257
469,1,20,13,tou,historically_calibrated,0.740365,0.125862,9.1711,10.3454,0.3486,0.8257
470,1,20,14,tou,historically_calibrated,0.740365,0.125862,8.993,10.1427,0.324,0.8257
471,1,20,15,tou,historically_calibrated,0.740365,0.125862,8.6372,10.4661,0.2618,1.5671
472,1,20,16,tou,historically_calibrated,0.740365,0.125862,9.8035,10.7744,0.1452,0.8257
473,1,20,17,tou,historically_calibrated,0.740365,0.125862,10.4565,11.3212,0.0389,0.8257
474,1,20,18,tou,historically_calibrated,0.740365,0.125862,11.0066,11.8323,0.0,0.8257
475,1,20,19,tou,historically_calibrated,0.740365,0.125862,11.1952,12.0209,0.0,0.8257
476,1,20,20,tou,historically_calibrated,0.740365,0.125862,11.1711,11.9969,0.0,0.8257
477,1,20,21,tou,historically_calibrated,0.740365,0.125862,9.8591,11.4262,0.0,1.5671
478,1,20,22,tou,historically_calibrated,0.740365,0.125862,9.9683,11.1254,0.0,1.1571
479,1,20,23,tou,historically_calibrated,0.740365,0.125862,8.7671,10.8311,0.0,2.0641
480,1,20,24,tou,historically_calibrated,0.740365,0.125862,7.9303,8.756,0.0,0.8257
481,1,21,1,tou,historically_calibrated,0.740365,0.125862,6.9249,8.4921,0.0,1.5671
482,1,21,2,tou,historically_calibrated,0.740365,0.125862,7.528,8.6852,0.0,1.1571
483,1,21,3,tou,historically_calibrated,0.740365,0.125862,7.6632,8.8203,0.0,1.1571
484,1,21,4,tou,historically_calibrated,0.740365,0.125862,6.9733,9.0374,0.0,2.0641
485,1,21,5,tou,historically_calibrated,0.740365,0.125862,6.3254,9.1122,0.0,2.7869
486,1,21,6,tou,historically_calibrated,0.740365,0.125862,7.9816,9.1388,0.0,1.1571
487,1,21,7,tou,historically_calibrated,0.740365,0.125862,7.721,11.2255,0.0,3.5045
488,1,21,8,tou,historically_calibrated,0.740365,0.125862,9.3612,11.4252,0.0,2.0641
489,1,21,9,tou,historically_calibrated,0.740365,0.125862,9.6869,11.7536,0.0026,2.0641
490,1,21,10,tou,historically_calibrated,0.740365,0.125862,8.5687,11.3866,0.0311,2.7869
491,1,21,11,tou,historically_calibrated,0.740365,0.125862,4.3149,10.7706,0.0829,6.3728
492,1,21,12,tou,historically_calibrated,0.740365,0.125862,2.555,10.3188,0.1685,7.5953
493,1,21,13,tou,historically_calibrated,0.740365,0.125862,2.2262,10.4406,0.0894,8.125
494,1,21,14,tou,historically_calibrated,0.740365,0.125862,4.1617,10.6226,0.0881,6.3728
495,1,21,15,tou,historically_calibrated,0.740365,0.125862,7.6572,10.5154,0.0713,2.7869
496,1,21,16,tou,historically_calibrated,0.740365,0.125862,6.652,11.0305,0.0428,4.3358
497,1,21,17,tou,historically_calibrated,0.740365,0.125862,7.187,11.5344,0.0117,4.3358
498,1,21,18,tou,historically_calibrated,0.740365,0.125862,8.8806,11.6675,0.0,2.7869
499,1,21,19,tou,historically_calibrated,0.740365,0.125862,9.7347,11.7987,0.0,2.0641
500,1,21,20,tou,historically_calibrated,0.740365,0.125862,10.8415,11.6672,0.0,0.8257
501,1,21,21,tou,historically_calibrated,0.740365,0.125862,11.1143,11.4795,0.0,0.3652
502,1,21,22,tou,historically_calibrated,0.740365,0.125862,9.5583,11.1254,0.0,1.5671
503,1,21,23,tou,historically_calibrated,0.740365,0.125862,9.674,10.8311,0.0,1.1571
504,1,21,24,tou,historically_calibrated,0.740365,0.125862,7.1101,8.6772,0.0,1.5671
505,1,22,1,tou,historically_calibrated,0.740365,0.125862,6.9635,9.0275,0.0,2.0641
506,1,22,2,tou,historically_calibrated,0.740365,0.125862,8.202,9.3591,0.0,1.1571
507,1,22,3,tou,historically_calibrated,0.740365,0.125862,8.1858,9.3429,0.0,1.1571
508,1,22,4,tou,historically_calibrated,0.740365,0.125862,8.543,9.7001,0.0,1.1571
509,1,22,5,tou,historically_calibrated,0.740365,0.125862,7.7154,9.7794,0.0,2.0641
510,1,22,6,tou,historically_calibrated,0.740365,0.125862,7.4042,10.1911,0.0,2.7869
511,1,22,7,tou,historically_calibrated,0.740365,0.125862,12.3851,12.9496,0.0,0.5645
512,1,22,8,tou,historically_calibrated,1.332657,0.226552,13.4251,13.7903,0.0,0.3652
513,1,22,9,tou,historically_calibrated,1.332657,0.226552,13.6808,14.0512,0.0052,0.3652
514,1,22,10,tou,historically_calibrated,1.332657,0.226552,12.6919,13.585,0.0674,0.8257
515,1,22,11,tou,historically_calibrated,1.332657,0.226552,11.4958,12.8331,0.1801,1.1571
516,1,22,12,tou,historically_calibrated,1.332657,0.226552,9.1015,12.1579,0.2696,2.7869
517,1,22,13,tou,historically_calibrated,1.332657,0.226552,7.7154,11.5037,0.2838,3.5045
518,1,22,14,tou,historically_calibrated,1.332657,0.226552,7.1176,11.5985,0.1452,4.3358
519,1,22,15,tou,historically_calibrated,1.332657,0.226552,8.1206,11.6976,0.0726,3.5045
520,1,22,16,tou,historically_calibrated,1.332657,0.226552,3.9319,12.101,0.0441,8.125
521,1,22,17,tou,historically_calibrated,1.332657,0.226552,5.0948,13.2328,0.013,8.125
522,1,22,18,tou,historically_calibrated,1.332657,0.226552,5.5125,13.6375,0.0,8.125
523,1,22,19,tou,historically_calibrated,1.332657,0.226552,5.8471,13.9721,0.0,8.125
524,1,22,20,tou,historically_calibrated,1.332657,0.226552,5.572,13.697,0.0,8.125
525,1,22,21,tou,historically_calibrated,1.332657,0.226552,4.9321,13.0571,0.0,8.125
526,1,22,22,tou,historically_calibrated,1.332657,0.226552,4.5532,12.1485,0.0,7.5953
527,1,22,23,tou,historically_calibrated,0.740365,0.125862,7.0633,11.399,0.0,4.3358
528,1,22,24,tou,historically_calibrated,0.740365,0.125862,4.5396,8.8754,0.0,4.3358
529,1,23,1,tou,historically_calibrated,0.740365,0.125862,5.4287,8.2156,0.0,2.7869
530,1,23,2,tou,historically_calibrated,0.740365,0.125862,4.6358,8.1403,0.0,3.5045
531,1,23,3,tou,historically_calibrated,0.740365,0.125862,5.334,8.1209,0.0,2.7869
532,1,23,4,tou,historically_calibrated,0.740365,0.125862,4.7182,8.2227,0.0,3.5045
533,1,23,5,tou,historically_calibrated,0.740365,0.125862,4.9814,8.4859,0.0,3.5045
534,1,23,6,tou,historically_calibrated,0.740365,0.125862,5.3986,8.903,0.0,3.5045
535,1,23,7,tou,historically_calibrated,0.740365,0.125862,7.0644,11.4001,0.0,4.3358
536,1,23,8,tou,historically_calibrated,1.332657,0.226552,12.1536,12.1993,0.0,0.0457
537,1,23,9,tou,historically_calibrated,1.332657,0.226552,12.2427,12.6092,0.0013,0.3652
538,1,23,10,tou,historically_calibrated,1.332657,0.226552,11.0904,12.2669,0.0194,1.1571
539,1,23,11,tou,historically_calibrated,1.332657,0.226552,10.8495,11.7608,0.0855,0.8257
540,1,23,12,tou,historically_calibrated,1.332657,0.226552,10.1574,11.1114,0.1283,0.8257
541,1,23,13,tou,historically_calibrated,1.332657,0.226552,9.5249,10.8829,0.2009,1.1571
542,1,23,14,tou,historically_calibrated,1.332657,0.226552,8.544,10.9204,0.3123,2.0641
543,1,23,15,tou,historically_calibrated,1.332657,0.226552,9.3965,11.1619,0.1983,1.5671
544,1,23,16,tou,historically_calibrated,1.332657,0.226552,9.959,11.6,0.0739,1.5671
545,1,23,17,tou,historically_calibrated,1.332657,0.226552,11.3432,12.1897,0.0207,0.8257
546,1,23,18,tou,historically_calibrated,1.332657,0.226552,12.0355,12.8612,0.0,0.8257
547,1,23,19,tou,historically_calibrated,1.332657,0.226552,12.8822,13.2474,0.0,0.3652
548,1,23,20,tou,historically_calibrated,1.332657,0.226552,12.7943,13.1595,0.0,0.3652
549,1,23,21,tou,historically_calibrated,1.332657,0.226552,12.5505,13.1151,0.0,0.5645
550,1,23,22,tou,historically_calibrated,1.332657,0.226552,12.729,13.0942,0.0,0.3652
551,1,23,23,tou,historically_calibrated,0.740365,0.125862,12.5246,12.6278,0.0,0.1032
552,1,23,24,tou,historically_calibrated,0.740365,0.125862,9.8544,10.0738,0.0,0.2194
553,1,24,1,tou,historically_calibrated,0.740365,0.125862,9.3931,9.7583,0.0,0.3652
554,1,24,2,tou,historically_calibrated,0.740365,0.125862,9.4446,10.0092,0.0,0.5645
555,1,24,3,tou,historically_calibrated,0.740365,0.125862,9.2504,10.0761,0.0,0.8257
556,1,24,4,tou,historically_calibrated,0.740365,0.125862,9.2848,10.1105,0.0,0.8257
557,1,24,5,tou,historically_calibrated,0.740365,0.125862,9.1647,10.3219,0.0,1.1571
558,1,24,6,tou,historically_calibrated,0.740365,0.125862,9.6544,11.2215,0.0,1.5671
559,1,24,7,tou,historically_calibrated,0.740365,0.125862,12.2374,13.8045,0.0,1.5671
560,1,24,8,tou,historically_calibrated,1.332657,0.226552,11.5476,15.0521,0.0,3.5045
561,1,24,9,tou,historically_calibrated,1.332657,0.226552,13.929,14.4948,0.0013,0.5645
562,1,24,10,tou,historically_calibrated,1.332657,0.226552,11.039,13.8596,0.0337,2.7869
563,1,24,11,tou,historically_calibrated,1.332657,0.226552,11.3853,13.6373,0.1879,2.0641
564,1,24,12,tou,historically_calibrated,1.332657,0.226552,10.5028,13.466,0.1763,2.7869
565,1,24,13,tou,historically_calibrated,1.332657,0.226552,8.6225,13.2109,0.2527,4.3358
566,1,24,14,tou,historically_calibrated,1.332657,0.226552,10.1797,13.2154,0.2488,2.7869
567,1,24,15,tou,historically_calibrated,1.332657,0.226552,9.3279,13.7868,0.1231,4.3358
568,1,24,16,tou,historically_calibrated,1.332657,0.226552,10.8583,14.4392,0.0765,3.5045
569,1,24,17,tou,historically_calibrated,1.332657,0.226552,14.4873,15.6665,0.022,1.1571
570,1,24,18,tou,historically_calibrated,1.332657,0.226552,14.7386,16.8026,0.0,2.0641
571,1,24,19,tou,historically_calibrated,1.332657,0.226552,12.6559,16.9916,0.0,4.3358
572,1,24,20,tou,historically_calibrated,1.332657,0.226552,15.9168,16.7425,0.0,0.8257
573,1,24,21,tou,historically_calibrated,1.332657,0.226552,15.5918,16.4175,0.0,0.8257
574,1,24,22,tou,historically_calibrated,1.332657,0.226552,15.1769,15.5421,0.0,0.3652
575,1,24,23,tou,historically_calibrated,0.740365,0.125862,14.3996,14.7648,0.0,0.3652
576,1,24,24,tou,historically_calibrated,0.740365,0.125862,11.0354,11.4006,0.0,0.3652
577,1,25,1,tou,historically_calibrated,0.740365,0.125862,9.9069,10.7326,0.0,0.8257
578,1,25,2,tou,historically_calibrated,0.740365,0.125862,9.3265,11.3905,0.0,2.0641
579,1,25,3,tou,historically_calibrated,0.740365,0.125862,10.8107,11.176,0.0,0.3652
580,1,25,4,tou,historically_calibrated,0.740365,0.125862,10.7771,11.3417,0.0,0.5645
581,1,25,5,tou,historically_calibrated,0.740365,0.125862,11.4171,11.7823,0.0,0.3652
582,1,25,6,tou,historically_calibrated,0.740365,0.125862,10.9539,11.7797,0.0,0.8257
583,1,25,7,tou,historically_calibrated,0.740365,0.125862,14.4934,14.7128,0.0,0.2194
584,1,25,8,tou,historically_calibrated,1.332657,0.226552,15.0064,15.0521,0.0,0.0457
585,1,25,9,tou,historically_calibrated,1.332657,0.226552,15.0405,15.0494,0.0065,0.0024
586,1,25,10,tou,historically_calibrated,1.332657,0.226552,11.2592,15.617,0.022,4.3358
587,1,25,11,tou,historically_calibrated,1.332657,0.226552,14.7842,14.9776,0.1477,0.0457
588,1,25,12,tou,historically_calibrated,1.332657,0.226552,13.5511,13.9369,0.2825,0.1032
589,1,25,13,tou,historically_calibrated,1.332657,0.226552,13.7894,14.0904,0.2553,0.0457
590,1,25,14,tou,historically_calibrated,1.332657,0.226552,13.346,13.6849,0.324,0.0148
591,1,25,15,tou,historically_calibrated,1.332657,0.226552,12.3813,14.2154,0.267,1.5671
592,1,25,16,tou,historically_calibrated,1.332657,0.226552,13.7869,14.7176,0.105,0.8257
593,1,25,17,tou,historically_calibrated,1.332657,0.226552,15.1647,15.2609,0.0505,0.0457
594,1,25,18,tou,historically_calibrated,1.332657,0.226552,15.341,15.9068,0.0013,0.5645
595,1,25,19,tou,historically_calibrated,1.332657,0.226552,15.6248,15.8442,0.0,0.2194
596,1,25,20,tou,historically_calibrated,1.332657,0.226552,16.2624,16.2648,0.0,0.0024
597,1,25,21,tou,historically_calibrated,1.332657,0.226552,16.0675,16.0699,0.0,0.0024
598,1,25,22,tou,historically_calibrated,1.332657,0.226552,15.264,15.264,0.0,0.0
599,1,25,23,tou,historically_calibrated,0.740365,0.125862,14.9637,14.9785,0.0,0.0148
600,1,25,24,tou,historically_calibrated,0.740365,0.125862,11.8994,11.9142,0.0,0.0148
601,1,26,1,tou,historically_calibrated,0.740365,0.125862,11.6234,11.6258,0.0,0.0024
602,1,26,2,tou,historically_calibrated,0.740365,0.125862,11.3068,11.3093,0.0,0.0024
603,1,26,3,tou,historically_calibrated,0.740365,0.125862,11.787,11.787,0.0,0.0
604,1,26,4,tou,historically_calibrated,0.740365,0.125862,11.9983,11.9983,0.0,0.0
605,1,26,5,tou,historically_calibrated,0.740365,0.125862,11.8634,11.8658,0.0,0.0024
606,1,26,6,tou,historically_calibrated,0.740365,0.125862,12.4237,12.4237,0.0,0.0
607,1,26,7,tou,historically_calibrated,0.740365,0.125862,15.6746,15.6746,0.0,0.0
608,1,26,8,tou,historically_calibrated,1.332657,0.226552,16.0945,16.0945,0.0,0.0
609,1,26,9,tou,historically_calibrated,1.332657,0.226552,16.0953,16.1031,0.0078,0.0
610,1,26,10,tou,historically_calibrated,1.332657,0.226552,15.9172,16.0014,0.0842,0.0
611,1,26,11,tou,historically_calibrated,1.332657,0.226552,14.749,14.924,0.175,0.0
612,1,26,12,tou,historically_calibrated,1.332657,0.226552,13.9921,14.3031,0.311,0.0
613,1,26,13,tou,historically_calibrated,1.332657,0.226552,13.4973,13.8317,0.3344,0.0
614,1,26,14,tou,historically_calibrated,1.332657,0.226552,13.3035,13.6327,0.3292,0.0
615,1,26,15,tou,historically_calibrated,1.332657,0.226552,13.7363,13.9475,0.2112,0.0
616,1,26,16,tou,historically_calibrated,1.332657,0.226552,14.3407,14.4949,0.1542,0.0
617,1,26,17,tou,historically_calibrated,1.332657,0.226552,15.724,15.7824,0.0583,0.0
618,1,26,18,tou,historically_calibrated,1.332657,0.226552,16.8598,16.8623,0.0026,0.0
619,1,26,19,tou,historically_calibrated,1.332657,0.226552,17.2332,17.2332,0.0,0.0
620,1,26,20,tou,historically_calibrated,1.332657,0.226552,17.3994,17.3994,0.0,0.0
621,1,26,21,tou,historically_calibrated,1.332657,0.226552,17.6342,17.6342,0.0,0.0
622,1,26,22,tou,historically_calibrated,1.332657,0.226552,17.0999,17.0999,0.0,0.0
623,1,26,23,tou,historically_calibrated,0.740365,0.125862,16.5813,16.5813,0.0,0.0
624,1,26,24,tou,historically_calibrated,0.740365,0.125862,13.4979,13.4979,0.0,0.0
625,1,27,1,tou,historically_calibrated,0.740365,0.125862,11.9283,11.9283,0.0,0.0
626,1,27,2,tou,historically_calibrated,0.740365,0.125862,11.6753,11.6753,0.0,0.0
627,1,27,3,tou,historically_calibrated,0.740365,0.125862,11.631,11.631,0.0,0.0
628,1,27,4,tou,historically_calibrated,0.740365,0.125862,11.6803,11.6803,0.0,0.0
629,1,27,5,tou,historically_calibrated,0.740365,0.125862,11.9914,11.9914,0.0,0.0
630,1,27,6,tou,historically_calibrated,0.740365,0.125862,12.4173,12.4173,0.0,0.0
631,1,27,7,tou,historically_calibrated,0.740365,0.125862,15.2563,15.2563,0.0,0.0
632,1,27,8,tou,historically_calibrated,0.740365,0.125862,15.5184,15.564,0.0,0.0457
633,1,27,9,tou,historically_calibrated,0.740365,0.125862,15.5589,15.5802,0.0065,0.0148
634,1,27,10,tou,historically_calibrated,0.740365,0.125862,15.2117,15.2771,0.0505,0.0148
635,1,27,11,tou,historically_calibrated,0.740365,0.125862,14.5391,14.6672,0.1257,0.0024
636,1,27,12,tou,historically_calibrated,0.740365,0.125862,13.3371,13.9291,0.2268,0.3652
637,1,27,13,tou,historically_calibrated,0.740365,0.125862,13.2619,13.6295,0.2644,0.1032
638,1,27,14,tou,historically_calibrated,0.740365,0.125862,13.116,13.6938,0.2125,0.3652
639,1,27,15,tou,historically_calibrated,0.740365,0.125862,13.5507,14.5074,0.1309,0.8257
640,1,27,16,tou,historically_calibrated,0.740365,0.125862,14.8768,15.1792,0.0829,0.2194
641,1,27,17,tou,historically_calibrated,0.740365,0.125862,15.3141,15.9059,0.0272,0.5645
642,1,27,18,tou,historically_calibrated,0.740365,0.125862,15.5654,16.3924,0.0013,0.8257
643,1,27,19,tou,historically_calibrated,0.740365,0.125862,15.6955,16.5212,0.0,0.8257
644,1,27,20,tou,historically_calibrated,0.740365,0.125862,15.4979,16.0624,0.0,0.5645
645,1,27,21,tou,historically_calibrated,0.740365,0.125862,14.8061,15.3706,0.0,0.5645
646,1,27,22,tou,historically_calibrated,0.740365,0.125862,14.1437,14.7082,0.0,0.5645
647,1,27,23,tou,historically_calibrated,0.740365,0.125862,13.6116,13.9768,0.0,0.3652
648,1,27,24,tou,historically_calibrated,0.740365,0.125862,10.4504,11.2761,0.0,0.8257
649,1,28,1,tou,historically_calibrated,0.740365,0.125862,9.3892,10.5463,0.0,1.1571
650,1,28,2,tou,historically_calibrated,0.740365,0.125862,8.8,10.3671,0.0,1.5671
651,1,28,3,tou,historically_calibrated,0.740365,0.125862,9.1247,10.2819,0.0,1.1571
652,1,28,4,tou,historically_calibrated,0.740365,0.125862,9.4953,10.3211,0.0,0.8257
653,1,28,5,tou,historically_calibrated,0.740365,0.125862,8.7736,10.3407,0.0,1.5671
654,1,28,6,tou,historically_calibrated,0.740365,0.125862,9.6011,10.7583,0.0,1.1571
655,1,28,7,tou,historically_calibrated,0.740365,0.125862,12.182,13.3392,0.0,1.1571
656,1,28,8,tou,historically_calibrated,0.740365,0.125862,12.6689,13.4946,0.0,0.8257
657,1,28,9,tou,historically_calibrated,0.740365,0.125862,12.7581,13.5904,0.0065,0.8257
658,1,28,10,tou,historically_calibrated,0.740365,0.125862,12.9804,13.6098,0.0648,0.5645
659,1,28,11,tou,historically_calibrated,0.740365,0.125862,12.5907,13.0395,0.2294,0.2194
660,1,28,12,tou,historically_calibrated,0.740365,0.125862,11.9017,12.3405,0.3357,0.1032
661,1,28,13,tou,historically_calibrated,0.740365,0.125862,11.1149,11.7257,0.3914,0.2194
662,1,28,14,tou,historically_calibrated,0.740365,0.125862,10.747,11.6783,0.3668,0.5645
663,1,28,15,tou,historically_calibrated,0.740365,0.125862,10.9769,11.846,0.3046,0.5645
664,1,28,16,tou,historically_calibrated,0.740365,0.125862,11.9235,12.6695,0.1814,0.5645
665,1,28,17,tou,historically_calibrated,0.740365,0.125862,13.0404,13.4536,0.048,0.3652
666,1,28,18,tou,historically_calibrated,0.740365,0.125862,12.9251,14.0849,0.0026,1.1571
667,1,28,19,tou,historically_calibrated,0.740365,0.125862,13.6788,14.2433,0.0,0.5645
668,1,28,20,tou,historically_calibrated,0.740365,0.125862,13.8652,14.0846,0.0,0.2194
669,1,28,21,tou,historically_calibrated,0.740365,0.125862,13.3136,13.8781,0.0,0.5645
670,1,28,22,tou,historically_calibrated,0.740365,0.125862,12.9099,13.2751,0.0,0.3652
671,1,28,23,tou,historically_calibrated,0.740365,0.125862,12.2829,12.5023,0.0,0.2194
672,1,28,24,tou,historically_calibrated,0.740365,0.125862,9.4121,9.9767,0.0,0.5645
673,1,29,1,tou,historically_calibrated,0.740365,0.125862,9.7215,10.2861,0.0,0.5645
674,1,29,2,tou,historically_calibrated,0.740365,0.125862,10.6372,10.7405,0.0,0.1032
675,1,29,3,tou,historically_calibrated,0.740365,0.125862,10.7122,10.9315,0.0,0.2194
676,1,29,4,tou,historically_calibrated,0.740365,0.125862,11.0402,11.2596,0.0,0.2194
677,1,29,5,tou,historically_calibrated,0.740365,0.125862,11.4378,11.6572,0.0,0.2194
678,1,29,6,tou,historically_calibrated,0.740365,0.125862,11.2545,12.0802,0.0,0.8257
679,1,29,7,tou,historically_calibrated,0.740365,0.125862,14.9209,15.1403,0.0,0.2194
680,1,29,8,tou,historically_calibrated,1.332657,0.226552,15.2716,15.491,0.0,0.2194
681,1,29,9,tou,historically_calibrated,1.332657,0.226552,15.7737,15.8258,0.0065,0.0457
682,1,29,10,tou,historically_calibrated,1.332657,0.226552,15.4374,15.5072,0.0674,0.0024
683,1,29,11,tou,historically_calibrated,1.332657,0.226552,14.8268,14.924,0.0972,0.0
684,1,29,12,tou,historically_calibrated,1.332657,0.226552,14.1457,14.3031,0.1426,0.0148
685,1,29,13,tou,historically_calibrated,1.332657,0.226552,13.6274,13.8317,0.1011,0.1032
686,1,29,14,tou,historically_calibrated,1.332657,0.226552,13.6348,13.737,0.0998,0.0024
687,1,29,15,tou,historically_calibrated,1.332657,0.226552,13.4399,13.6261,0.0829,0.1032
688,1,29,16,tou,historically_calibrated,1.332657,0.226552,13.9964,14.0495,0.0531,0.0
689,1,29,17,tou,historically_calibrated,1.332657,0.226552,14.5474,14.5655,0.0181,0.0
690,1,29,18,tou,historically_calibrated,1.332657,0.226552,15.0074,15.0111,0.0013,0.0024
691,1,29,19,tou,historically_calibrated,1.332657,0.226552,15.1651,15.1799,0.0,0.0148
692,1,29,20,tou,historically_calibrated,1.332657,0.226552,13.9289,14.2941,0.0,0.3652
693,1,29,21,tou,historically_calibrated,1.332657,0.226552,14.0852,14.1,0.0,0.0148
694,1,29,22,tou,historically_calibrated,1.332657,0.226552,13.8707,13.8731,0.0,0.0024
695,1,29,23,tou,historically_calibrated,0.740365,0.125862,13.4678,13.4826,0.0,0.0148
696,1,29,24,tou,historically_calibrated,0.740365,0.125862,10.8014,10.8014,0.0,0.0
697,1,30,1,tou,historically_calibrated,0.740365,0.125862,10.5296,10.5296,0.0,0.0
698,1,30,2,tou,historically_calibrated,0.740365,0.125862,10.9436,10.9436,0.0,0.0
699,1,30,3,tou,historically_calibrated,0.740365,0.125862,11.1759,11.176,0.0,0.0
700,1,30,4,tou,historically_calibrated,0.740365,0.125862,11.3417,11.3417,0.0,0.0
701,1,30,5,tou,historically_calibrated,0.740365,0.125862,11.8241,11.8241,0.0,0.0
702,1,30,6,tou,historically_calibrated,0.740365,0.125862,12.1231,12.1231,0.0,0.0
703,1,30,7,tou,historically_calibrated,0.740365,0.125862,15.3006,15.3006,0.0,0.0
704,1,30,8,tou,historically_calibrated,1.332657,0.226552,16.1493,16.1493,0.0,0.0
705,1,30,9,tou,historically_calibrated,1.332657,0.226552,16.4836,16.4913,0.0078,0.0
706,1,30,10,tou,historically_calibrated,1.332657,0.226552,16.219,16.276,0.057,0.0
707,1,30,11,tou,historically_calibrated,1.332657,0.226552,14.7995,14.9776,0.1633,0.0148
708,1,30,12,tou,historically_calibrated,1.332657,0.226552,14.72,14.8787,0.1439,0.0148
709,1,30,13,tou,historically_calibrated,1.332657,0.226552,14.2188,14.4008,0.1672,0.0148
710,1,30,14,tou,historically_calibrated,1.332657,0.226552,13.9375,14.4673,0.1646,0.3652
711,1,30,15,tou,historically_calibrated,1.332657,0.226552,14.4973,14.6975,0.1853,0.0148
712,1,30,16,tou,historically_calibrated,1.332657,0.226552,15.1946,15.33,0.1205,0.0148
713,1,30,17,tou,historically_calibrated,1.332657,0.226552,15.8394,15.8983,0.0441,0.0148
714,1,30,18,tou,historically_calibrated,1.332657,0.226552,16.4853,16.504,0.0039,0.0148
715,1,30,19,tou,historically_calibrated,1.332657,0.226552,16.856,16.8708,0.0,0.0148
716,1,30,20,tou,historically_calibrated,1.332657,0.226552,16.2579,16.6231,0.0,0.3652
717,1,30,21,tou,historically_calibrated,1.332657,0.226552,16.1405,16.2437,0.0,0.1032
718,1,30,22,tou,historically_calibrated,1.332657,0.226552,15.5829,15.5978,0.0,0.0148
719,1,30,23,tou,historically_calibrated,0.740365,0.125862,15.1239,15.1388,0.0,0.0148
720,1,30,24,tou,historically_calibrated,0.740365,0.125862,12.199,12.2139,0.0,0.0148
721,1,31,1,tou,historically_calibrated,0.740365,0.125862,11.4892,11.504,0.0,0.0148
722,1,31,2,tou,historically_calibrated,0.740365,0.125862,11.1248,11.228,0.0,0.1032
723,1,31,3,tou,historically_calibrated,0.740365,0.125862,11.1602,11.3796,0.0,0.2194
724,1,31,4,tou,historically_calibrated,0.740365,0.125862,11.4026,11.5058,0.0,0.1032
725,1,31,5,tou,historically_calibrated,0.740365,0.125862,11.4795,11.6989,0.0,0.2194
726,1,31,6,tou,historically_calibrated,0.740365,0.125862,11.672,12.0373,0.0,0.3652
727,1,31,7,tou,historically_calibrated,0.740365,0.125862,15.037,15.1403,0.0,0.1032
728,1,31,8,tou,historically_calibrated,1.332657,0.226552,15.2168,15.4361,0.0,0.2194
729,1,31,9,tou,historically_calibrated,1.332657,0.226552,14.7679,15.604,0.0104,0.8257
730,1,31,10,tou,historically_calibrated,1.332657,0.226552,14.3775,15.2875,0.0842,0.8257
731,1,31,11,tou,historically_calibrated,1.332657,0.226552,13.6371,14.6559,0.1931,0.8257
732,1,31,12,tou,historically_calibrated,1.332657,0.226552,12.8701,13.9369,0.2411,0.8257
733,1,31,13,tou,historically_calibrated,1.332657,0.226552,12.0843,13.4696,0.2281,1.1571
734,1,31,14,tou,historically_calibrated,1.332657,0.226552,12.7445,13.4762,0.1672,0.5645
735,1,31,15,tou,historically_calibrated,1.332657,0.226552,12.2948,13.9475,0.0855,1.5671
736,1,31,16,tou,historically_calibrated,1.332657,0.226552,13.4477,14.6619,0.057,1.1571
737,1,31,17,tou,historically_calibrated,1.332657,0.226552,14.5753,15.4347,0.0337,0.8257
738,1,31,18,tou,historically_calibrated,1.332657,0.226552,15.5176,16.086,0.0039,0.5645
739,1,31,19,tou,historically_calibrated,1.332657,0.226552,15.7431,16.5689,0.0,0.8257
740,1,31,20,tou,historically_calibrated,1.332657,0.226552,16.281,16.3842,0.0,0.1032
741,1,31,21,tou,historically_calibrated,1.332657,0.226552,15.5309,15.8961,0.0,0.3652
742,1,31,22,tou,historically_calibrated,1.332657,0.226552,14.8431,15.2083,0.0,0.3652
743,1,31,23,tou,historically_calibrated,0.740365,0.125862,14.5013,14.6045,0.0,0.1032
744,1,31,24,tou,historically_calibrated,0.740365,0.125862,10.0475,11.6146,0.0,1.5671
745,2,1,1,tou,historically_calibrated,0.740365,0.125862,10.9762,10.9762,0.0,0.0
746,2,1,2,tou,historically_calibrated,0.740365,0.125862,10.8512,10.8623,0.0,0.0111
747,2,1,3,tou,historically_calibrated,0.740365,0.125862,10.7982,10.8093,0.0,0.0111
748,2,1,4,tou,historically_calibrated,0.740365,0.125862,10.7671,10.7671,0.0,0.0
749,2,1,5,tou,historically_calibrated,0.740365,0.125862,10.8643,10.8643,0.0,0.0
750,2,1,6,tou,historically_calibrated,0.740365,0.125862,11.0927,11.0927,0.0,0.0
751,2,1,7,tou,historically_calibrated,0.740365,0.125862,13.6442,13.6442,0.0,0.0
752,2,1,8,tou,historically_calibrated,1.332657,0.226552,13.7903,13.7903,0.0,0.0
753,2,1,9,tou,historically_calibrated,1.332657,0.226552,13.8254,13.8293,0.0039,0.0
754,2,1,10,tou,historically_calibrated,1.332657,0.226552,13.5565,13.585,0.0285,0.0
755,2,1,11,tou,historically_calibrated,1.332657,0.226552,12.8232,12.8867,0.0635,0.0
756,2,1,12,tou,historically_calibrated,1.332657,0.226552,12.1195,12.2102,0.0907,0.0
757,2,1,13,tou,historically_calibrated,1.332657,0.226552,11.9678,12.0728,0.105,0.0
758,2,1,14,tou,historically_calibrated,1.332657,0.226552,12.0164,12.1201,0.1037,0.0
759,2,1,15,tou,historically_calibrated,1.332657,0.226552,12.3322,12.4476,0.1153,0.0
760,2,1,16,tou,historically_calibrated,1.332657,0.226552,12.7858,12.8804,0.0946,0.0
761,2,1,17,tou,historically_calibrated,1.332657,0.226552,13.3188,13.3486,0.0298,0.0
762,2,1,18,tou,historically_calibrated,1.332657,0.226552,13.696,13.6973,0.0013,0.0
763,2,1,19,tou,historically_calibrated,1.332657,0.226552,13.9117,13.9117,0.0,0.0
764,2,1,20,tou,historically_calibrated,1.332657,0.226552,13.6372,13.6372,0.0,0.0
765,2,1,21,tou,historically_calibrated,1.332657,0.226552,13.3468,13.3468,0.0,0.0
766,2,1,22,tou,historically_calibrated,1.332657,0.226552,12.7604,12.7604,0.0,0.0
767,2,1,23,tou,historically_calibrated,0.740365,0.125862,12.4141,12.4141,0.0,0.0
768,2,1,24,tou,historically_calibrated,0.740365,0.125862,9.9882,9.9882,0.0,0.0
769,2,2,1,tou,historically_calibrated,0.740365,0.125862,9.3117,9.3117,0.0,0.0
770,2,2,2,tou,historically_calibrated,0.740365,0.125862,9.3998,9.3998,0.0,0.0
771,2,2,3,tou,historically_calibrated,0.740365,0.125862,9.3429,9.3429,0.0,0.0
772,2,2,4,tou,historically_calibrated,0.740365,0.125862,9.3196,9.3308,0.0,0.0111
773,2,2,5,tou,historically_calibrated,0.740365,0.125862,9.4344,9.4456,0.0,0.0111
774,2,2,6,tou,historically_calibrated,0.740365,0.125862,9.7617,9.7617,0.0,0.0
775,2,2,7,tou,historically_calibrated,0.740365,0.125862,12.3084,12.3084,0.0,0.0
776,2,2,8,tou,historically_calibrated,1.332657,0.226552,12.4736,12.4736,0.0,0.0
777,2,2,9,tou,historically_calibrated,1.332657,0.226552,12.4919,12.4983,0.0065,0.0
778,2,2,10,tou,historically_calibrated,1.332657,0.226552,12.4568,12.4866,0.0298,0.0
779,2,2,11,tou,historically_calibrated,1.332657,0.226552,11.9641,12.0289,0.0648,0.0
780,2,2,12,tou,historically_calibrated,1.332657,0.226552,11.5937,11.687,0.0933,0.0
781,2,2,13,tou,historically_calibrated,1.332657,0.226552,11.3961,11.5037,0.1076,0.0
782,2,2,14,tou,historically_calibrated,1.332657,0.226552,11.1653,11.3377,0.1724,0.0
783,2,2,15,tou,historically_calibrated,1.332657,0.226552,11.501,11.5905,0.0894,0.0
784,2,2,16,tou,historically_calibrated,1.332657,0.226552,11.9857,12.0453,0.0596,0.0
785,2,2,17,tou,historically_calibrated,1.332657,0.226552,12.5141,12.5374,0.0233,0.0
786,2,2,18,tou,historically_calibrated,1.332657,0.226552,12.9768,12.9806,0.0039,0.0
787,2,2,19,tou,historically_calibrated,1.332657,0.226552,14.0929,14.0929,0.0,0.0
788,2,2,20,tou,historically_calibrated,1.332657,0.226552,14.533,14.533,0.0,0.0
789,2,2,21,tou,historically_calibrated,1.332657,0.226552,14.1579,14.1579,0.0,0.0
790,2,2,22,tou,historically_calibrated,1.332657,0.226552,13.3724,13.3724,0.0,0.0
791,2,2,23,tou,historically_calibrated,0.740365,0.125862,12.8415,12.8415,0.0,0.0
792,2,2,24,tou,historically_calibrated,0.740365,0.125862,10.3306,10.3306,0.0,0.0
793,2,3,1,tou,historically_calibrated,0.740365,0.125862,8.8282,8.8282,0.0,0.0
794,2,3,2,tou,historically_calibrated,0.740365,0.125862,8.8609,8.872,0.0,0.0111
795,2,3,3,tou,historically_calibrated,0.740365,0.125862,8.8953,8.8953,0.0,0.0
796,2,3,4,tou,historically_calibrated,0.740365,0.125862,8.9507,8.9619,0.0,0.0111
797,2,3,5,tou,historically_calibrated,0.740365,0.125862,9.2163,9.2274,0.0,0.0111
798,2,3,6,tou,historically_calibrated,0.740365,0.125862,9.6918,9.6918,0.0,0.0
799,2,3,7,tou,historically_calibrated,0.740365,0.125862,12.1594,12.1594,0.0,0.0
800,2,3,8,tou,historically_calibrated,0.740365,0.125862,12.3226,12.3337,0.0,0.0111
801,2,3,9,tou,historically_calibrated,0.740365,0.125862,12.3482,12.3658,0.0065,0.0111
802,2,3,10,tou,historically_calibrated,0.740365,0.125862,11.7535,11.8919,0.0492,0.0892
803,2,3,11,tou,historically_calibrated,0.740365,0.125862,11.2644,11.4611,0.1076,0.0892
804,2,3,12,tou,historically_calibrated,0.740365,0.125862,10.6645,10.8483,0.0946,0.0892
805,2,3,13,tou,historically_calibrated,0.740365,0.125862,10.2902,10.4882,0.1089,0.0892
806,2,3,14,tou,historically_calibrated,0.740365,0.125862,10.1859,10.3827,0.1076,0.0892
807,2,3,15,tou,historically_calibrated,0.740365,0.125862,10.4135,10.5154,0.0907,0.0111
808,2,3,16,tou,historically_calibrated,0.740365,0.125862,10.5731,10.7232,0.0609,0.0892
809,2,3,17,tou,historically_calibrated,0.740365,0.125862,10.9941,11.1079,0.0246,0.0892
810,2,3,18,tou,historically_calibrated,0.740365,0.125862,11.301,11.3928,0.0026,0.0892
811,2,3,19,tou,historically_calibrated,0.740365,0.125862,11.4873,11.5765,0.0,0.0892
812,2,3,20,tou,historically_calibrated,0.740365,0.125862,11.3583,11.4475,0.0,0.0892
813,2,3,21,tou,historically_calibrated,0.740365,0.125862,10.9106,10.9998,0.0,0.0892
814,2,3,22,tou,historically_calibrated,0.740365,0.125862,10.5512,10.5624,0.0,0.0111
815,2,3,23,tou,historically_calibrated,0.740365,0.125862,10.0047,10.0939,0.0,0.0892
816,2,3,24,tou,historically_calibrated,0.740365,0.125862,7.9974,8.0866,0.0,0.0892
817,2,4,1,tou,historically_calibrated,0.740365,0.125862,7.5812,7.6704,0.0,0.0892
818,2,4,2,tou,historically_calibrated,0.740365,0.125862,7.5868,7.676,0.0,0.0892
819,2,4,3,tou,historically_calibrated,0.740365,0.125862,7.5694,7.6586,0.0,0.0892
820,2,4,4,tou,historically_calibrated,0.740365,0.125862,7.7803,7.7914,0.0,0.0111
821,2,4,5,tou,historically_calibrated,0.740365,0.125862,7.9494,7.9605,0.0,0.0111
822,2,4,6,tou,historically_calibrated,0.740365,0.125862,7.8899,8.1908,0.0,0.3009
823,2,4,7,tou,historically_calibrated,0.740365,0.125862,10.0549,10.144,0.0,0.0892
824,2,4,8,tou,historically_calibrated,0.740365,0.125862,10.2761,10.3653,0.0,0.0892
825,2,4,9,tou,historically_calibrated,0.740365,0.125862,9.7098,10.427,0.0039,0.7133
826,2,4,10,tou,historically_calibrated,0.740365,0.125862,9.5812,10.3256,0.0311,0.7133
827,2,4,11,tou,historically_calibrated,0.740365,0.125862,8.4222,9.8828,0.0674,1.3932
828,2,4,12,tou,historically_calibrated,0.740365,0.125862,8.3483,9.8374,0.0959,1.3932
829,2,4,13,tou,historically_calibrated,0.740365,0.125862,8.6653,9.4887,0.1102,0.7133
830,2,4,14,tou,historically_calibrated,0.740365,0.125862,8.3449,9.3749,0.1439,0.8861
831,2,4,15,tou,historically_calibrated,0.740365,0.125862,8.1249,9.4311,0.149,1.1571
832,2,4,16,tou,historically_calibrated,0.740365,0.125862,8.084,9.5964,0.1192,1.3932
833,2,4,17,tou,historically_calibrated,0.740365,0.125862,8.2188,9.9351,0.057,1.6593
834,2,4,18,tou,historically_calibrated,0.740365,0.125862,8.1685,10.239,0.0065,2.0641
835,2,4,19,tou,historically_calibrated,0.740365,0.125862,7.8912,10.2986,0.0,2.4074
836,2,4,20,tou,historically_calibrated,0.740365,0.125862,8.9005,10.2937,0.0,1.3932
837,2,4,21,tou,historically_calibrated,0.740365,0.125862,8.4873,9.8804,0.0,1.3932
838,2,4,22,tou,historically_calibrated,0.740365,0.125862,7.992,9.3852,0.0,1.3932
839,2,4,23,tou,historically_calibrated,0.740365,0.125862,7.9143,9.3075,0.0,1.3932
840,2,4,24,tou,historically_calibrated,0.740365,0.125862,6.2603,7.6534,0.0,1.3932
841,2,5,1,tou,historically_calibrated,0.740365,0.125862,6.7412,8.1344,0.0,1.3932
842,2,5,2,tou,historically_calibrated,0.740365,0.125862,6.9503,8.3434,0.0,1.3932
843,2,5,3,tou,historically_calibrated,0.740365,0.125862,7.5126,8.5282,0.0,1.0156
844,2,5,4,tou,historically_calibrated,0.740365,0.125862,8.0429,8.7562,0.0,0.7133
845,2,5,5,tou,historically_calibrated,0.740365,0.125862,7.5934,8.9866,0.0,1.3932
846,2,5,6,tou,historically_calibrated,0.740365,0.125862,6.9679,9.3753,0.0,2.4074
847,2,5,7,tou,historically_calibrated,0.740365,0.125862,7.9513,11.7741,0.0,3.8229
848,2,5,8,tou,historically_calibrated,1.332657,0.226552,8.7374,12.0896,0.0,3.3521
849,2,5,9,tou,historically_calibrated,1.332657,0.226552,9.3709,12.1656,0.0078,2.7869
850,2,5,10,tou,historically_calibrated,1.332657,0.226552,9.5867,12.0473,0.0531,2.4074
851,2,5,11,tou,historically_calibrated,1.332657,0.226552,11.2444,12.2433,0.1128,0.8861
852,2,5,12,tou,historically_calibrated,1.332657,0.226552,12.093,12.4718,0.1594,0.2194
853,2,5,13,tou,historically_calibrated,1.332657,0.226552,12.6032,12.7971,0.1827,0.0111
854,2,5,14,tou,historically_calibrated,1.332657,0.226552,12.9792,13.2154,0.1814,0.0548
855,2,5,15,tou,historically_calibrated,1.332657,0.226552,13.6041,13.8939,0.1542,0.1356
856,2,5,16,tou,historically_calibrated,1.332657,0.226552,14.3674,14.7733,0.105,0.3009
857,2,5,17,tou,historically_calibrated,1.332657,0.226552,14.6497,14.9132,0.0441,0.2194
858,2,5,18,tou,historically_calibrated,1.332657,0.226552,14.7508,14.8916,0.0052,0.1356
859,2,5,19,tou,historically_calibrated,1.332657,0.226552,14.4868,14.576,0.0,0.0892
860,2,5,20,tou,historically_calibrated,1.332657,0.226552,14.4621,14.4733,0.0,0.0111
861,2,5,21,tou,historically_calibrated,1.332657,0.226552,14.0309,14.0421,0.0,0.0111
862,2,5,22,tou,historically_calibrated,1.332657,0.226552,13.8731,13.8731,0.0,0.0
863,2,5,23,tou,historically_calibrated,0.740365,0.125862,12.3269,12.6278,0.0,0.3009
864,2,5,24,tou,historically_calibrated,0.740365,0.125862,10.4907,10.5018,0.0,0.0111
865,2,6,1,tou,historically_calibrated,0.740365,0.125862,10.8138,10.8138,0.0,0.0
866,2,6,2,tou,historically_calibrated,0.740365,0.125862,10.0739,10.3748,0.0,0.3009
867,2,6,3,tou,historically_calibrated,0.740365,0.125862,10.435,10.5242,0.0,0.0892
868,2,6,4,tou,historically_calibrated,0.740365,0.125862,10.3496,10.4388,0.0,0.0892
869,2,6,5,tou,historically_calibrated,0.740365,0.125862,9.8123,10.1132,0.0,0.3009
870,2,6,6,tou,historically_calibrated,0.740365,0.125862,11.2104,11.2215,0.0,0.0111
871,2,6,7,tou,historically_calibrated,0.740365,0.125862,14.3811,14.3922,0.0,0.0111
872,2,6,8,tou,historically_calibrated,1.332657,0.226552,14.4692,14.5583,0.0,0.0892
873,2,6,9,tou,historically_calibrated,1.332657,0.226552,14.0613,14.1621,0.0117,0.0892
874,2,6,10,tou,historically_calibrated,1.332657,0.226552,13.6172,14.0244,0.1063,0.3009
875,2,6,11,tou,historically_calibrated,1.332657,0.226552,13.2315,13.7981,0.2657,0.3009
876,2,6,12,tou,historically_calibrated,1.332657,0.226552,9.0627,10.065,0.289,0.7133
877,2,6,13,tou,historically_calibrated,1.332657,0.226552,12.2639,12.5384,0.1853,0.0892
878,2,6,14,tou,historically_calibrated,1.332657,0.226552,12.6262,13.1111,0.184,0.3009
879,2,6,15,tou,historically_calibrated,1.332657,0.226552,11.9921,12.3404,0.2592,0.0892
880,2,6,16,tou,historically_calibrated,1.332657,0.226552,12.3501,12.8804,0.2294,0.3009
881,2,6,17,tou,historically_calibrated,1.332657,0.226552,13.5177,13.6963,0.0894,0.0892
882,2,6,18,tou,historically_calibrated,1.332657,0.226552,14.0392,14.0556,0.0052,0.0111
883,2,6,19,tou,historically_calibrated,1.332657,0.226552,14.6968,14.6968,0.0,0.0
884,2,6,20,tou,historically_calibrated,1.332657,0.226552,14.3841,14.4733,0.0,0.0892
885,2,6,21,tou,historically_calibrated,1.332657,0.226552,13.7791,13.8682,0.0,0.0892
886,2,6,22,tou,historically_calibrated,1.332657,0.226552,13.4725,13.4837,0.0,0.0111
887,2,6,23,tou,historically_calibrated,0.740365,0.125862,12.5098,12.5209,0.0,0.0111
888,2,6,24,tou,historically_calibrated,0.740365,0.125862,9.1893,9.9026,0.0,0.7133
889,2,7,1,tou,historically_calibrated,0.740365,0.125862,8.5984,9.3117,0.0,0.7133
890,2,7,2,tou,historically_calibrated,0.740365,0.125862,8.6052,9.3185,0.0,0.7133
891,2,7,3,tou,historically_calibrated,0.740365,0.125862,9.3628,10.0761,0.0,0.7133
892,2,7,4,tou,historically_calibrated,0.740365,0.125862,9.7685,10.0695,0.0,0.3009
893,2,7,5,tou,historically_calibrated,0.740365,0.125862,10.2713,10.5722,0.0,0.3009
894,2,7,6,tou,historically_calibrated,0.740365,0.125862,10.7488,11.0498,0.0,0.3009
895,2,7,7,tou,historically_calibrated,0.740365,0.125862,14.1598,14.8731,0.0,0.7133
896,2,7,8,tou,historically_calibrated,1.332657,0.226552,14.7512,15.0521,0.0,0.3009
897,2,7,9,tou,historically_calibrated,1.332657,0.226552,15.3959,15.7149,0.0181,0.3009
898,2,7,10,tou,historically_calibrated,1.332657,0.226552,14.8967,15.2326,0.035,0.3009
899,2,7,11,tou,historically_calibrated,1.332657,0.226552,15.0839,15.2456,0.0726,0.0892
900,2,7,12,tou,historically_calibrated,1.332657,0.226552,14.6884,14.8787,0.1011,0.0892
901,2,7,13,tou,historically_calibrated,1.332657,0.226552,14.5946,14.7112,0.1166,0.0
902,2,7,14,tou,historically_calibrated,1.332657,0.226552,13.5673,14.4673,0.1866,0.7133
903,2,7,15,tou,historically_calibrated,1.332657,0.226552,14.0764,14.5368,0.1594,0.3009
904,2,7,16,tou,historically_calibrated,1.332657,0.226552,15.273,16.0537,0.0674,0.7133
905,2,7,17,tou,historically_calibrated,1.332657,0.226552,16.4173,16.7675,0.0492,0.3009
906,2,7,18,tou,historically_calibrated,1.332657,0.226552,16.912,17.2207,0.0078,0.3009
907,2,7,19,tou,historically_calibrated,1.332657,0.226552,17.0634,17.7767,0.0,0.7133
908,2,7,20,tou,historically_calibrated,1.332657,0.226552,17.2776,17.5786,0.0,0.3009
909,2,7,21,tou,historically_calibrated,1.332657,0.226552,17.0236,17.1128,0.0,0.0892
910,2,7,22,tou,historically_calibrated,1.332657,0.226552,16.2319,16.321,0.0,0.0892
911,2,7,23,tou,historically_calibrated,0.740365,0.125862,15.6085,15.6196,0.0,0.0111
912,2,7,24,tou,historically_calibrated,0.740365,0.125862,12.4243,12.5135,0.0,0.0892
913,2,8,1,tou,historically_calibrated,0.740365,0.125862,11.614,11.7882,0.0,0.1741
914,2,8,2,tou,historically_calibrated,0.740365,0.125862,11.4146,11.7155,0.0,0.3009
915,2,8,3,tou,historically_calibrated,0.740365,0.125862,11.4941,11.5833,0.0,0.0892
916,2,8,4,tou,historically_calibrated,0.740365,0.125862,11.7039,11.7931,0.0,0.0892
917,2,8,5,tou,historically_calibrated,0.740365,0.125862,11.9492,11.9492,0.0,0.0
918,2,8,6,tou,historically_calibrated,0.740365,0.125862,12.5413,12.5525,0.0,0.0111
919,2,8,7,tou,historically_calibrated,0.740365,0.125862,15.3963,15.4074,0.0,0.0111
920,2,8,8,tou,historically_calibrated,1.332657,0.226552,15.9736,15.9847,0.0,0.0111
921,2,8,9,tou,historically_calibrated,1.332657,0.226552,16.3035,16.325,0.0104,0.0111
922,2,8,10,tou,historically_calibrated,1.332657,0.226552,16.2213,16.331,0.0985,0.0111
923,2,8,11,tou,historically_calibrated,1.332657,0.226552,15.1666,15.5137,0.2579,0.0892
924,2,8,12,tou,historically_calibrated,1.332657,0.226552,14.2632,14.7217,0.3694,0.0892
925,2,8,13,tou,historically_calibrated,1.332657,0.226552,13.5684,14.0904,0.4329,0.0892
926,2,8,14,tou,historically_calibrated,1.332657,0.226552,13.5228,14.05,0.438,0.0892
927,2,8,15,tou,historically_calibrated,1.332657,0.226552,14.2025,14.4832,0.2696,0.0111
928,2,8,16,tou,historically_calibrated,1.332657,0.226552,15.4217,15.6083,0.1866,0.0
929,2,8,17,tou,historically_calibrated,1.332657,0.226552,15.5847,15.7244,0.0505,0.0892
930,2,8,18,tou,historically_calibrated,1.332657,0.226552,16.5573,16.5638,0.0065,0.0
931,2,8,19,tou,historically_calibrated,1.332657,0.226552,17.052,17.052,0.0,0.0
932,2,8,20,tou,historically_calibrated,1.332657,0.226552,17.698,17.698,0.0,0.0
933,2,8,21,tou,historically_calibrated,1.332657,0.226552,16.5913,16.5913,0.0,0.0
934,2,8,22,tou,historically_calibrated,1.332657,0.226552,16.1541,16.1541,0.0,0.0
935,2,8,23,tou,historically_calibrated,0.740365,0.125862,15.673,15.673,0.0,0.0
936,2,8,24,tou,historically_calibrated,0.740365,0.125862,12.6847,12.6847,0.0,0.0
937,2,9,1,tou,historically_calibrated,0.740365,0.125862,12.2348,12.2348,0.0,0.0
938,2,9,2,tou,historically_calibrated,0.740365,0.125862,12.3249,12.3249,0.0,0.0
939,2,9,3,tou,historically_calibrated,0.740365,0.125862,12.2758,12.2758,0.0,0.0
940,2,9,4,tou,historically_calibrated,0.740365,0.125862,12.0804,12.0804,0.0,0.0
941,2,9,5,tou,historically_calibrated,0.740365,0.125862,12.3665,12.3665,0.0,0.0
942,2,9,6,tou,historically_calibrated,0.740365,0.125862,12.7242,12.7242,0.0,0.0
943,2,9,7,tou,historically_calibrated,0.740365,0.125862,16.85,16.85,0.0,0.0
944,2,9,8,tou,historically_calibrated,1.332657,0.226552,17.2466,17.2466,0.0,0.0
945,2,9,9,tou,historically_calibrated,1.332657,0.226552,16.8137,16.8241,0.0104,0.0
946,2,9,10,tou,historically_calibrated,1.332657,0.226552,16.3237,16.3859,0.0622,0.0
947,2,9,11,tou,historically_calibrated,1.332657,0.226552,15.9198,15.9962,0.0765,0.0
948,2,9,12,tou,historically_calibrated,1.332657,0.226552,15.2632,15.4019,0.1387,0.0
949,2,9,13,tou,historically_calibrated,1.332657,0.226552,14.8259,15.0216,0.1957,0.0
950,2,9,14,tou,historically_calibrated,1.332657,0.226552,14.8479,15.041,0.1931,0.0
951,2,9,15,tou,historically_calibrated,1.332657,0.226552,14.9597,15.2332,0.2735,0.0
952,2,9,16,tou,historically_calibrated,1.332657,0.226552,14.5814,14.7733,0.1918,0.0
953,2,9,17,tou,historically_calibrated,1.332657,0.226552,15.8538,15.9562,0.1024,0.0
954,2,9,18,tou,historically_calibrated,1.332657,0.226552,16.7798,16.8026,0.0117,0.0111
955,2,9,19,tou,historically_calibrated,1.332657,0.226552,17.2824,17.2936,0.0,0.0111
956,2,9,20,tou,historically_calibrated,1.332657,0.226552,17.3286,17.3397,0.0,0.0111
957,2,9,21,tou,historically_calibrated,1.332657,0.226552,16.4643,16.4755,0.0,0.0111
958,2,9,22,tou,historically_calibrated,1.332657,0.226552,16.2654,16.2654,0.0,0.0
959,2,9,23,tou,historically_calibrated,0.740365,0.125862,15.3948,15.4059,0.0,0.0111
960,2,9,24,tou,historically_calibrated,0.740365,0.125862,12.1247,12.2139,0.0,0.0892
961,2,10,1,tou,historically_calibrated,0.740365,0.125862,10.6846,10.6957,0.0,0.0111
962,2,10,2,tou,historically_calibrated,0.740365,0.125862,10.8419,10.853,0.0,0.0111
963,2,10,3,tou,historically_calibrated,0.740365,0.125862,11.0921,11.1813,0.0,0.0892
964,2,10,4,tou,historically_calibrated,0.740365,0.125862,11.2136,11.3027,0.0,0.0892
965,2,10,5,tou,historically_calibrated,0.740365,0.125862,11.4416,11.5308,0.0,0.0892
966,2,10,6,tou,historically_calibrated,0.740365,0.125862,12.5246,12.5358,0.0,0.0111
967,2,10,7,tou,historically_calibrated,0.740365,0.125862,14.9213,15.0105,0.0,0.0892
968,2,10,8,tou,historically_calibrated,0.740365,0.125862,15.0612,15.3621,0.0,0.3009
969,2,10,9,tou,historically_calibrated,0.740365,0.125862,15.2585,15.5802,0.0207,0.3009
970,2,10,10,tou,historically_calibrated,0.740365,0.125862,14.4074,14.7719,0.0635,0.3009
971,2,10,11,tou,historically_calibrated,0.740365,0.125862,13.8761,14.6672,0.0778,0.7133
972,2,10,12,tou,historically_calibrated,0.740365,0.125862,13.6066,13.9291,0.2333,0.0892
973,2,10,13,tou,historically_calibrated,0.740365,0.125862,13.1434,13.5343,0.3797,0.0111
974,2,10,14,tou,historically_calibrated,0.740365,0.125862,12.635,13.022,0.3758,0.0111
975,2,10,15,tou,historically_calibrated,0.740365,0.125862,12.0914,13.1274,0.3227,0.7133
976,2,10,16,tou,historically_calibrated,0.740365,0.125862,13.3646,13.5914,0.2268,0.0
977,2,10,17,tou,historically_calibrated,0.740365,0.125862,14.1975,14.2532,0.0557,0.0
978,2,10,18,tou,historically_calibrated,0.740365,0.125862,15.0471,15.0738,0.0156,0.0111
979,2,10,19,tou,historically_calibrated,0.740365,0.125862,16.1323,16.1323,0.0,0.0
980,2,10,20,tou,historically_calibrated,0.740365,0.125862,16.6556,16.6667,0.0,0.0111
981,2,10,21,tou,historically_calibrated,0.740365,0.125862,15.7971,15.7971,0.0,0.0
982,2,10,22,tou,historically_calibrated,0.740365,0.125862,14.6459,14.6571,0.0,0.0111
983,2,10,23,tou,historically_calibrated,0.740365,0.125862,14.9107,14.9107,0.0,0.0
984,2,10,24,tou,historically_calibrated,0.740365,0.125862,12.2212,12.2212,0.0,0.0
985,2,11,1,tou,historically_calibrated,0.740365,0.125862,11.6668,11.6668,0.0,0.0
986,2,11,2,tou,historically_calibrated,0.740365,0.125862,11.6753,11.6753,0.0,0.0
987,2,11,3,tou,historically_calibrated,0.740365,0.125862,11.7059,11.7059,0.0,0.0
988,2,11,4,tou,historically_calibrated,0.740365,0.125862,11.7935,11.7935,0.0,0.0
989,2,11,5,tou,historically_calibrated,0.740365,0.125862,11.5691,11.5691,0.0,0.0
990,2,11,6,tou,historically_calibrated,0.740365,0.125862,11.7853,11.7853,0.0,0.0
991,2,11,7,tou,historically_calibrated,0.740365,0.125862,14.7155,14.7155,0.0,0.0
992,2,11,8,tou,historically_calibrated,0.740365,0.125862,15.1602,15.1602,0.0,0.0
993,2,11,9,tou,historically_calibrated,0.740365,0.125862,14.8374,14.8659,0.0285,0.0
994,2,11,10,tou,historically_calibrated,0.740365,0.125862,14.821,14.974,0.1529,0.0
995,2,11,11,tou,historically_calibrated,0.740365,0.125862,13.6306,13.9273,0.2968,0.0
996,2,11,12,tou,historically_calibrated,0.740365,0.125862,12.8553,13.3514,0.4069,0.0892
997,2,11,13,tou,historically_calibrated,0.740365,0.125862,12.5389,13.0584,0.4303,0.0892
998,2,11,14,tou,historically_calibrated,0.740365,0.125862,12.5844,13.022,0.4264,0.0111
999,2,11,15,tou,historically_calibrated,0.740365,0.125862,13.0335,13.3738,0.3292,0.0111
1000,2,11,16,tou,historically_calibrated,0.740365,0.125862,13.6543,13.8987,0.2333,0.0111
1001,2,11,17,tou,historically_calibrated,0.740365,0.125862,14.5838,14.6797,0.0959,0.0
1002,2,11,18,tou,historically_calibrated,0.740365,0.125862,16.1035,16.1177,0.0143,0.0
1003,2,11,19,tou,historically_calibrated,0.740365,0.125862,15.7434,15.7434,0.0,0.0
1004,2,11,20,tou,historically_calibrated,0.740365,0.125862,15.8426,15.8426,0.0,0.0
1005,2,11,21,tou,historically_calibrated,0.740365,0.125862,15.9037,15.9037,0.0,0.0
1006,2,11,22,tou,historically_calibrated,0.740365,0.125862,15.7319,15.7319,0.0,0.0
1007,2,11,23,tou,historically_calibrated,0.740365,0.125862,15.0582,15.0582,0.0,0.0
1008,2,11,24,tou,historically_calibrated,0.740365,0.125862,12.2999,12.2999,0.0,0.0
1009,2,12,1,tou,historically_calibrated,0.740365,0.125862,13.3309,13.3309,0.0,0.0
1010,2,12,2,tou,historically_calibrated,0.740365,0.125862,13.1781,13.1781,0.0,0.0
1011,2,12,3,tou,historically_calibrated,0.740365,0.125862,13.62,13.62,0.0,0.0
1012,2,12,4,tou,historically_calibrated,0.740365,0.125862,13.4757,13.4757,0.0,0.0
1013,2,12,5,tou,historically_calibrated,0.740365,0.125862,13.9939,13.9939,0.0,0.0
1014,2,12,6,tou,historically_calibrated,0.740365,0.125862,14.3987,14.3987,0.0,0.0
1015,2,12,7,tou,historically_calibrated,0.740365,0.125862,18.3995,18.3995,0.0,0.0
1016,2,12,8,tou,historically_calibrated,1.332657,0.226552,19.6605,19.6605,0.0,0.0
1017,2,12,9,tou,historically_calibrated,1.332657,0.226552,20.8428,20.8726,0.0298,0.0
1018,2,12,10,tou,historically_calibrated,1.332657,0.226552,19.5727,19.7359,0.1633,0.0
1019,2,12,11,tou,historically_calibrated,1.332657,0.226552,17.8743,18.1944,0.3201,0.0
1020,2,12,12,tou,historically_calibrated,1.332657,0.226552,16.5296,16.9716,0.4419,0.0
1021,2,12,13,tou,historically_calibrated,1.332657,0.226552,15.4991,16.0045,0.5054,0.0
1022,2,12,14,tou,historically_calibrated,1.332657,0.226552,15.3219,15.8234,0.5016,0.0
1023,2,12,15,tou,historically_calibrated,1.332657,0.226552,14.8016,15.2332,0.4316,0.0
1024,2,12,16,tou,historically_calibrated,1.332657,0.226552,15.6909,15.998,0.3072,0.0
1025,2,12,17,tou,historically_calibrated,1.332657,0.226552,16.9661,17.1151,0.149,0.0
1026,2,12,18,tou,historically_calibrated,1.332657,0.226552,18.332,18.3553,0.0233,0.0
1027,2,12,19,tou,historically_calibrated,1.332657,0.226552,18.9241,18.9241,0.0,0.0
1028,2,12,20,tou,historically_calibrated,1.332657,0.226552,19.0715,19.0715,0.0,0.0
1029,2,12,21,tou,historically_calibrated,1.332657,0.226552,18.793,18.793,0.0,0.0
1030,2,12,22,tou,historically_calibrated,1.332657,0.226552,18.1013,18.1013,0.0,0.0
1031,2,12,23,tou,historically_calibrated,0.740365,0.125862,18.0237,18.0237,0.0,0.0
1032,2,12,24,tou,historically_calibrated,0.740365,0.125862,14.3539,14.3539,0.0,0.0
1033,2,13,1,tou,historically_calibrated,0.740365,0.125862,14.1429,14.1429,0.0,0.0
1034,2,13,2,tou,historically_calibrated,0.740365,0.125862,14.2344,14.2344,0.0,0.0
1035,2,13,3,tou,historically_calibrated,0.740365,0.125862,14.3125,14.3125,0.0,0.0
1036,2,13,4,tou,historically_calibrated,0.740365,0.125862,14.7479,14.7479,0.0,0.0
1037,2,13,5,tou,historically_calibrated,0.740365,0.125862,15.1623,15.1623,0.0,0.0
1038,2,13,6,tou,historically_calibrated,0.740365,0.125862,15.7296,15.7296,0.0,0.0
1039,2,13,7,tou,historically_calibrated,0.740365,0.125862,19.4681,19.4681,0.0,0.0
1040,2,13,8,tou,historically_calibrated,1.332657,0.226552,20.7029,20.7029,0.0,0.0
1041,2,13,9,tou,historically_calibrated,1.332657,0.226552,20.4507,20.4844,0.0337,0.0
1042,2,13,10,tou,historically_calibrated,1.332657,0.226552,19.3975,19.5712,0.1737,0.0
1043,2,13,11,tou,historically_calibrated,1.332657,0.226552,18.2392,18.5697,0.3305,0.0
1044,2,13,12,tou,historically_calibrated,1.332657,0.226552,17.0438,17.4948,0.451,0.0
1045,2,13,13,tou,historically_calibrated,1.332657,0.226552,15.8004,16.3149,0.5145,0.0
1046,2,13,14,tou,historically_calibrated,1.332657,0.226552,15.4693,15.9799,0.5106,0.0
1047,2,13,15,tou,historically_calibrated,1.332657,0.226552,15.6587,16.0903,0.4316,0.0
1048,2,13,16,tou,historically_calibrated,1.332657,0.226552,16.135,16.4434,0.3084,0.0
1049,2,13,17,tou,historically_calibrated,1.332657,0.226552,17.3691,17.5208,0.1516,0.0
1050,2,13,18,tou,historically_calibrated,1.332657,0.226552,18.0918,18.1164,0.0246,0.0
1051,2,13,19,tou,historically_calibrated,1.332657,0.226552,18.5506,18.5617,0.0,0.0111
1052,2,13,20,tou,historically_calibrated,1.332657,0.226552,19.0715,19.0715,0.0,0.0
1053,2,13,21,tou,historically_calibrated,1.332657,0.226552,18.4453,18.4453,0.0,0.0
1054,2,13,22,tou,historically_calibrated,1.332657,0.226552,18.1013,18.1013,0.0,0.0
1055,2,13,23,tou,historically_calibrated,0.740365,0.125862,17.3826,17.3826,0.0,0.0
1056,2,13,24,tou,historically_calibrated,0.740365,0.125862,14.1399,14.1399,0.0,0.0
1057,2,14,1,tou,historically_calibrated,0.740365,0.125862,13.8587,13.8587,0.0,0.0
1058,2,14,2,tou,historically_calibrated,0.740365,0.125862,13.625,13.625,0.0,0.0
1059,2,14,3,tou,historically_calibrated,0.740365,0.125862,13.9459,13.9459,0.0,0.0
1060,2,14,4,tou,historically_calibrated,0.740365,0.125862,14.2144,14.2144,0.0,0.0
1061,2,14,5,tou,historically_calibrated,0.740365,0.125862,14.7033,14.7033,0.0,0.0
1062,2,14,6,tou,historically_calibrated,0.740365,0.125862,15.1715,15.1715,0.0,0.0
1063,2,14,7,tou,historically_calibrated,0.740365,0.125862,19.1476,19.1476,0.0,0.0
1064,2,14,8,tou,historically_calibrated,1.332657,0.226552,19.3313,19.3313,0.0,0.0
1065,2,14,9,tou,historically_calibrated,1.332657,0.226552,19.2834,19.3197,0.0363,0.0
1066,2,14,10,tou,historically_calibrated,1.332657,0.226552,18.1266,18.3081,0.1814,0.0
1067,2,14,11,tou,historically_calibrated,1.332657,0.226552,16.8362,17.1757,0.3396,0.0
1068,2,14,12,tou,historically_calibrated,1.332657,0.226552,14.8372,15.2973,0.4601,0.0
1069,2,14,13,tou,historically_calibrated,1.332657,0.226552,13.1025,13.6248,0.5223,0.0
1070,2,14,14,tou,historically_calibrated,1.332657,0.226552,12.9147,13.4241,0.5093,0.0
1071,2,14,15,tou,historically_calibrated,1.332657,0.226552,12.5949,13.0368,0.4419,0.0
1072,2,14,16,tou,historically_calibrated,1.332657,0.226552,15.1135,15.33,0.2164,0.0
1073,2,14,17,tou,historically_calibrated,1.332657,0.226552,16.064,16.1301,0.0661,0.0
1074,2,14,18,tou,historically_calibrated,1.332657,0.226552,17.4479,17.4595,0.0117,0.0
1075,2,14,19,tou,historically_calibrated,1.332657,0.226552,17.222,17.2332,0.0,0.0111
1076,2,14,20,tou,historically_calibrated,1.332657,0.226552,16.8508,16.862,0.0,0.0111
1077,2,14,21,tou,historically_calibrated,1.332657,0.226552,16.0587,16.0699,0.0,0.0111
1078,2,14,22,tou,historically_calibrated,1.332657,0.226552,15.4865,15.4865,0.0,0.0
1079,2,14,23,tou,historically_calibrated,0.740365,0.125862,15.6619,15.673,0.0,0.0111
1080,2,14,24,tou,historically_calibrated,0.740365,0.125862,12.4671,12.5563,0.0,0.0892
1081,2,15,1,tou,historically_calibrated,0.740365,0.125862,11.7396,11.8288,0.0,0.0892
1082,2,15,2,tou,historically_calibrated,0.740365,0.125862,11.4552,11.7562,0.0,0.3009
1083,2,15,3,tou,historically_calibrated,0.740365,0.125862,11.5756,11.6648,0.0,0.0892
1084,2,15,4,tou,historically_calibrated,0.740365,0.125862,11.6219,11.711,0.0,0.0892
1085,2,15,5,tou,historically_calibrated,0.740365,0.125862,11.7349,11.8241,0.0,0.0892
1086,2,15,6,tou,historically_calibrated,0.740365,0.125862,12.034,12.1231,0.0,0.0892
1087,2,15,7,tou,historically_calibrated,0.740365,0.125862,14.9977,15.0868,0.0,0.0892
1088,2,15,8,tou,historically_calibrated,1.332657,0.226552,15.4018,15.491,0.0,0.0892
1089,2,15,9,tou,historically_calibrated,1.332657,0.226552,15.5573,15.604,0.0091,0.0376
1090,2,15,10,tou,historically_calibrated,1.332657,0.226552,15.3395,15.3973,0.0467,0.0111
1091,2,15,11,tou,historically_calibrated,1.332657,0.226552,14.8809,14.9776,0.0855,0.0111
1092,2,15,12,tou,historically_calibrated,1.332657,0.226552,14.3336,14.4601,0.1153,0.0111
1093,2,15,13,tou,historically_calibrated,1.332657,0.226552,14.0001,14.1421,0.1309,0.0111
1094,2,15,14,tou,historically_calibrated,1.332657,0.226552,14.0657,14.2065,0.1296,0.0111
1095,2,15,15,tou,historically_calibrated,1.332657,0.226552,14.3593,14.4832,0.1128,0.0111
1096,2,15,16,tou,historically_calibrated,1.332657,0.226552,14.9031,14.9959,0.0816,0.0111
1097,2,15,17,tou,historically_calibrated,1.332657,0.226552,15.6058,15.6665,0.0415,0.0193
1098,2,15,18,tou,historically_calibrated,1.332657,0.226552,16.1003,16.1457,0.0078,0.0376
1099,2,15,19,tou,historically_calibrated,1.332657,0.226552,16.3329,16.3877,0.0,0.0548
1100,2,15,20,tou,historically_calibrated,1.332657,0.226552,16.1159,16.2051,0.0,0.0892
1101,2,15,21,tou,historically_calibrated,1.332657,0.226552,15.4213,15.7223,0.0,0.3009
1102,2,15,22,tou,historically_calibrated,1.332657,0.226552,15.0079,15.0971,0.0,0.0892
1103,2,15,23,tou,historically_calibrated,0.740365,0.125862,14.1433,14.4443,0.0,0.3009
1104,2,15,24,tou,historically_calibrated,0.740365,0.125862,10.9013,11.6146,0.0,0.7133
1105,2,16,1,tou,historically_calibrated,0.740365,0.125862,10.4317,10.7326,0.0,0.3009
1106,2,16,2,tou,historically_calibrated,0.740365,0.125862,9.824,10.5373,0.0,0.7133
1107,2,16,3,tou,historically_calibrated,0.740365,0.125862,9.8109,10.5242,0.0,0.7133
1108,2,16,4,tou,historically_calibrated,0.740365,0.125862,9.8897,10.603,0.0,0.7133
1109,2,16,5,tou,historically_calibrated,0.740365,0.125862,9.9841,10.6974,0.0,0.7133
1110,2,16,6,tou,historically_calibrated,0.740365,0.125862,10.1647,10.878,0.0,0.7133
1111,2,16,7,tou,historically_calibrated,0.740365,0.125862,11.877,13.2702,0.0,1.3932
1112,2,16,8,tou,historically_calibrated,1.332657,0.226552,11.0537,13.4611,0.0,2.4074
1113,2,16,9,tou,historically_calibrated,1.332657,0.226552,11.9267,13.3302,0.0104,1.3932
1114,2,16,10,tou,historically_calibrated,1.332657,0.226552,11.4848,12.926,0.048,1.3932
1115,2,16,11,tou,historically_calibrated,1.332657,0.226552,11.0983,12.0825,0.2709,0.7133
1116,2,16,12,tou,historically_calibrated,1.332657,0.226552,9.6144,11.3731,0.3655,1.3932
1117,2,16,13,tou,historically_calibrated,1.332657,0.226552,8.3765,11.1416,0.3577,2.4074
1118,2,16,14,tou,historically_calibrated,1.332657,0.226552,5.1682,11.2855,0.4108,5.7064
1119,2,16,15,tou,historically_calibrated,1.332657,0.226552,7.3697,11.5905,0.3979,3.8229
1120,2,16,16,tou,historically_calibrated,1.332657,0.226552,10.6195,12.3237,0.311,1.3932
1121,2,16,17,tou,historically_calibrated,1.332657,0.226552,12.0703,12.943,0.1594,0.7133
1122,2,16,18,tou,historically_calibrated,1.332657,0.226552,13.6651,13.9959,0.0298,0.3009
1123,2,16,19,tou,historically_calibrated,1.332657,0.226552,13.44,14.1533,0.0,0.7133
1124,2,16,20,tou,historically_calibrated,1.332657,0.226552,13.3419,14.0553,0.0,0.7133
1125,2,16,21,tou,historically_calibrated,1.332657,0.226552,12.505,13.5206,0.0,1.0156
1126,2,16,22,tou,historically_calibrated,1.332657,0.226552,11.4785,12.8717,0.0,1.3932
1127,2,16,23,tou,historically_calibrated,0.740365,0.125862,9.8998,12.3072,0.0,2.4074
1128,2,16,24,tou,historically_calibrated,0.740365,0.125862,7.6664,10.0738,0.0,2.4074
1129,2,17,1,tou,historically_calibrated,0.740365,0.125862,0.5912,8.7162,0.0,8.125
1130,2,17,2,tou,historically_calibrated,0.740365,0.125862,5.0118,8.8347,0.0,3.8229
1131,2,17,3,tou,historically_calibrated,0.740365,0.125862,5.0724,8.8953,0.0,3.8229
1132,2,17,4,tou,historically_calibrated,0.740365,0.125862,3.2554,8.9619,0.0,5.7064
1133,2,17,5,tou,historically_calibrated,0.740365,0.125862,3.4442,9.1506,0.0,5.7064
1134,2,17,6,tou,historically_calibrated,0.740365,0.125862,8.5484,10.9558,0.0,2.4074
1135,2,17,7,tou,historically_calibrated,0.740365,0.125862,12.4867,13.8799,0.0,1.3932
1136,2,17,8,tou,historically_calibrated,0.740365,0.125862,13.8498,14.1508,0.0,0.3009
1137,2,17,9,tou,historically_calibrated,0.740365,0.125862,13.881,14.2026,0.0207,0.3009
1138,2,17,10,tou,historically_calibrated,0.740365,0.125862,11.2231,13.7108,0.0804,2.4074
1139,2,17,11,tou,historically_calibrated,0.740365,0.125862,5.1133,13.3848,0.1464,8.125
1140,2,17,12,tou,historically_calibrated,0.740365,0.125862,12.8288,13.7365,0.1944,0.7133
1141,2,17,13,tou,historically_calibrated,0.740365,0.125862,12.2688,13.2011,0.219,0.7133
1142,2,17,14,tou,historically_calibrated,0.740365,0.125862,12.1682,12.974,0.3279,0.4779
1143,2,17,15,tou,historically_calibrated,0.740365,0.125862,12.3158,12.9796,0.3629,0.3009
1144,2,17,16,tou,historically_calibrated,0.740365,0.125862,13.6977,14.206,0.2074,0.3009
1145,2,17,17,tou,historically_calibrated,0.740365,0.125862,14.306,14.4665,0.0713,0.0892
1146,2,17,18,tou,historically_calibrated,0.740365,0.125862,14.7494,14.8541,0.0156,0.0892
1147,2,17,19,tou,historically_calibrated,0.740365,0.125862,14.9656,14.9656,0.0,0.0
1148,2,17,20,tou,historically_calibrated,0.740365,0.125862,14.4031,14.4142,0.0,0.0111
1149,2,17,21,tou,historically_calibrated,0.740365,0.125862,13.8248,13.8248,0.0,0.0
1150,2,17,22,tou,historically_calibrated,0.740365,0.125862,13.264,13.2751,0.0,0.0111
1151,2,17,23,tou,historically_calibrated,0.740365,0.125862,12.6497,12.6497,0.0,0.0
1152,2,17,24,tou,historically_calibrated,0.740365,0.125862,10.1624,10.1736,0.0,0.0111
1153,2,18,1,tou,historically_calibrated,0.740365,0.125862,9.8367,9.8367,0.0,0.0
1154,2,18,2,tou,historically_calibrated,0.740365,0.125862,9.8812,9.8812,0.0,0.0
1155,2,18,3,tou,historically_calibrated,0.740365,0.125862,9.8696,9.8696,0.0,0.0
1156,2,18,4,tou,historically_calibrated,0.740365,0.125862,9.868,9.868,0.0,0.0
1157,2,18,5,tou,historically_calibrated,0.740365,0.125862,9.9568,9.9568,0.0,0.0
1158,2,18,6,tou,historically_calibrated,0.740365,0.125862,10.2448,10.2448,0.0,0.0
1159,2,18,7,tou,historically_calibrated,0.740365,0.125862,12.7493,12.7493,0.0,0.0
1160,2,18,8,tou,historically_calibrated,0.740365,0.125862,13.1918,13.1918,0.0,0.0
1161,2,18,9,tou,historically_calibrated,0.740365,0.125862,13.2151,13.2332,0.0181,0.0
1162,2,18,10,tou,historically_calibrated,0.740365,0.125862,12.6174,12.7003,0.0829,0.0
1163,2,18,11,tou,historically_calibrated,0.740365,0.125862,11.708,11.8557,0.1477,0.0
1164,2,18,12,tou,historically_calibrated,0.740365,0.125862,10.9203,11.0409,0.1205,0.0
1165,2,18,13,tou,historically_calibrated,0.740365,0.125862,10.3521,10.4882,0.1361,0.0
1166,2,18,14,tou,historically_calibrated,0.740365,0.125862,10.4398,10.5746,0.1348,0.0
1167,2,18,15,tou,historically_calibrated,0.740365,0.125862,10.6931,10.8111,0.1179,0.0
1168,2,18,16,tou,historically_calibrated,0.740365,0.125862,11.0986,11.1841,0.0855,0.0
1169,2,18,17,tou,historically_calibrated,0.740365,0.125862,11.649,11.6943,0.0454,0.0
1170,2,18,18,tou,historically_calibrated,0.740365,0.125862,11.867,11.8872,0.0091,0.0111
1171,2,18,19,tou,historically_calibrated,0.740365,0.125862,11.7095,11.7987,0.0,0.0892
1172,2,18,20,tou,historically_calibrated,0.740365,0.125862,11.3583,11.4475,0.0,0.0892
1173,2,18,21,tou,historically_calibrated,0.740365,0.125862,10.9106,10.9998,0.0,0.0892
1174,2,18,22,tou,historically_calibrated,0.740365,0.125862,10.422,10.5112,0.0,0.0892
1175,2,18,23,tou,historically_calibrated,0.740365,0.125862,9.8421,10.143,0.0,0.3009
1176,2,18,24,tou,historically_calibrated,0.740365,0.125862,7.8644,8.1653,0.0,0.3009
1177,2,19,1,tou,historically_calibrated,0.740365,0.125862,8.1988,8.4997,0.0,0.3009
1178,2,19,2,tou,historically_calibrated,0.740365,0.125862,8.2456,8.5466,0.0,0.3009
1179,2,19,3,tou,historically_calibrated,0.740365,0.125862,8.1866,8.4875,0.0,0.3009
1180,2,19,4,tou,historically_calibrated,0.740365,0.125862,8.2091,8.51,0.0,0.3009
1181,2,19,5,tou,historically_calibrated,0.740365,0.125862,8.3518,8.6528,0.0,0.3009
1182,2,19,6,tou,historically_calibrated,0.740365,0.125862,8.1468,8.8601,0.0,0.7133
1183,2,19,7,tou,historically_calibrated,0.740365,0.125862,9.5261,10.9193,0.0,1.3932
1184,2,19,8,tou,historically_calibrated,1.332657,0.226552,10.3339,11.0472,0.0,0.7133
1185,2,19,9,tou,historically_calibrated,1.332657,0.226552,9.7612,11.1673,0.013,1.3932
1186,2,19,10,tou,historically_calibrated,1.332657,0.226552,8.4896,10.9489,0.0518,2.4074
1187,2,19,11,tou,historically_calibrated,1.332657,0.226552,8.9889,10.4741,0.092,1.3932
1188,2,19,12,tou,historically_calibrated,1.332657,0.226552,9.1252,9.9603,0.1218,0.7133
1189,2,19,13,tou,historically_calibrated,1.332657,0.226552,8.9458,9.7965,0.1374,0.7133
1190,2,19,14,tou,historically_calibrated,1.332657,0.226552,8.9756,9.825,0.1361,0.7133
1191,2,19,15,tou,historically_calibrated,1.332657,0.226552,9.045,9.8762,0.1179,0.7133
1192,2,19,16,tou,historically_calibrated,1.332657,0.226552,9.9318,10.3195,0.0868,0.3009
1193,2,19,17,tou,historically_calibrated,1.332657,0.226552,9.8652,10.6252,0.0467,0.7133
1194,2,19,18,tou,historically_calibrated,1.332657,0.226552,10.5805,10.8905,0.0091,0.3009
1195,2,19,19,tou,historically_calibrated,1.332657,0.226552,10.7724,11.0734,0.0,0.3009
1196,2,19,20,tou,historically_calibrated,1.332657,0.226552,10.7088,11.0097,0.0,0.3009
1197,2,19,21,tou,historically_calibrated,1.332657,0.226552,10.3807,10.6817,0.0,0.3009
1198,2,19,22,tou,historically_calibrated,1.332657,0.226552,9.9003,10.2013,0.0,0.3009
1199,2,19,23,tou,historically_calibrated,0.740365,0.125862,9.5488,9.8497,0.0,0.3009
1200,2,19,24,tou,historically_calibrated,0.740365,0.125862,7.759,7.8482,0.0,0.0892
1201,2,20,1,tou,historically_calibrated,0.740365,0.125862,7.5954,7.6066,0.0,0.0111
1202,2,20,2,tou,historically_calibrated,0.740365,0.125862,7.734,7.734,0.0,0.0
1203,2,20,3,tou,historically_calibrated,0.740365,0.125862,8.1209,8.1209,0.0,0.0
1204,2,20,4,tou,historically_calibrated,0.740365,0.125862,8.3458,8.3458,0.0,0.0
1205,2,20,5,tou,historically_calibrated,0.740365,0.125862,8.6528,8.6528,0.0,0.0
1206,2,20,6,tou,historically_calibrated,0.740365,0.125862,9.1066,9.1177,0.0,0.0111
1207,2,20,7,tou,historically_calibrated,0.740365,0.125862,11.7741,11.7741,0.0,0.0
1208,2,20,8,tou,historically_calibrated,1.332657,0.226552,12.1993,12.1993,0.0,0.0
1209,2,20,9,tou,historically_calibrated,1.332657,0.226552,12.2545,12.2765,0.022,0.0
1210,2,20,10,tou,historically_calibrated,1.332657,0.226552,11.97,12.1022,0.1322,0.0
1211,2,20,11,tou,historically_calibrated,1.332657,0.226552,11.0789,11.3855,0.2955,0.0111
1212,2,20,12,tou,historically_calibrated,1.332657,0.226552,10.2916,10.6929,0.3901,0.0111
1213,2,20,13,tou,historically_calibrated,1.332657,0.226552,9.9138,10.6242,0.4095,0.3009
1214,2,20,14,tou,historically_calibrated,1.332657,0.226552,9.8263,10.5031,0.3758,0.3009
1215,2,20,15,tou,historically_calibrated,1.332657,0.226552,10.426,11.0548,0.3279,0.3009
1216,2,20,16,tou,historically_calibrated,1.332657,0.226552,10.7964,11.3773,0.2799,0.3009
1217,2,20,17,tou,historically_calibrated,1.332657,0.226552,11.9489,12.1897,0.1516,0.0892
1218,2,20,18,tou,historically_calibrated,1.332657,0.226552,12.8924,12.9209,0.0285,0.0
1219,2,20,19,tou,historically_calibrated,1.332657,0.226552,13.5382,13.5494,0.0,0.0111
1220,2,20,20,tou,historically_calibrated,1.332657,0.226552,13.8761,13.8761,0.0,0.0
1221,2,20,21,tou,historically_calibrated,1.332657,0.226552,13.6944,13.6944,0.0,0.0
1222,2,20,22,tou,historically_calibrated,1.332657,0.226552,13.3168,13.3168,0.0,0.0
1223,2,20,23,tou,historically_calibrated,0.740365,0.125862,12.5744,12.5744,0.0,0.0
1224,2,20,24,tou,historically_calibrated,0.740365,0.125862,9.6422,9.7314,0.0,0.0892
1225,2,21,1,tou,historically_calibrated,0.740365,0.125862,8.6796,9.3929,0.0,0.7133
1226,2,21,2,tou,historically_calibrated,0.740365,0.125862,9.1801,9.481,0.0,0.3009
1227,2,21,3,tou,historically_calibrated,0.740365,0.125862,8.7518,9.4651,0.0,0.7133
1228,2,21,4,tou,historically_calibrated,0.740365,0.125862,8.8226,9.536,0.0,0.7133
1229,2,21,5,tou,historically_calibrated,0.740365,0.125862,8.9827,9.696,0.0,0.7133
1230,2,21,6,tou,historically_calibrated,0.740365,0.125862,9.8043,10.1052,0.0,0.3009
1231,2,21,7,tou,historically_calibrated,0.740365,0.125862,11.7554,12.4687,0.0,0.7133
1232,2,21,8,tou,historically_calibrated,1.332657,0.226552,11.9797,12.693,0.0,0.7133
1233,2,21,9,tou,historically_calibrated,1.332657,0.226552,11.7617,12.4983,0.0233,0.7133
1234,2,21,10,tou,historically_calibrated,1.332657,0.226552,11.443,12.212,0.0557,0.7133
1235,2,21,11,tou,historically_calibrated,1.332657,0.226552,11.4176,11.8144,0.0959,0.3009
1236,2,21,12,tou,historically_calibrated,1.332657,0.226552,10.5851,11.4254,0.127,0.7133
1237,2,21,13,tou,historically_calibrated,1.332657,0.226552,7.0222,10.9864,0.1413,3.8229
1238,2,21,14,tou,historically_calibrated,1.332657,0.226552,8.2165,10.7639,0.14,2.4074
1239,2,21,15,tou,historically_calibrated,1.332657,0.226552,9.6062,10.5191,0.1996,0.7133
1240,2,21,16,tou,historically_calibrated,1.332657,0.226552,9.3923,10.8762,0.0907,1.3932
1241,2,21,17,tou,historically_calibrated,1.332657,0.226552,9.3854,11.842,0.0492,2.4074
1242,2,21,18,tou,historically_calibrated,1.332657,0.226552,8.2516,12.0849,0.0104,3.8229
1243,2,21,19,tou,historically_calibrated,1.332657,0.226552,10.7796,13.187,0.0,2.4074
1244,2,21,20,tou,historically_calibrated,1.332657,0.226552,12.1476,12.8609,0.0,0.7133
1245,2,21,21,tou,historically_calibrated,1.332657,0.226552,10.6211,12.0142,0.0,1.3932
1246,2,21,22,tou,historically_calibrated,1.332657,0.226552,10.6868,13.0942,0.0,2.4074
1247,2,21,23,tou,historically_calibrated,0.740365,0.125862,8.3775,12.2004,0.0,3.8229
1248,2,21,24,tou,historically_calibrated,0.740365,0.125862,10.3293,10.6302,0.0,0.3009
1249,2,22,1,tou,historically_calibrated,0.740365,0.125862,8.5275,9.9207,0.0,1.3932
1250,2,22,2,tou,historically_calibrated,0.740365,0.125862,8.3722,9.7654,0.0,1.3932
1251,2,22,3,tou,historically_calibrated,0.740365,0.125862,6.1311,9.9539,0.0,3.8229
1252,2,22,4,tou,historically_calibrated,0.740365,0.125862,6.2466,10.0695,0.0,3.8229
1253,2,22,5,tou,historically_calibrated,0.740365,0.125862,6.4573,10.2801,0.0,3.8229
1254,2,22,6,tou,historically_calibrated,0.740365,0.125862,8.4706,10.878,0.0,2.4074
1255,2,22,7,tou,historically_calibrated,0.740365,0.125862,11.8245,14.2319,0.0,2.4074
1256,2,22,8,tou,historically_calibrated,1.332657,0.226552,10.4599,14.284,0.0013,3.8229
1257,2,22,9,tou,historically_calibrated,1.332657,0.226552,12.2279,14.6612,0.0259,2.4074
1258,2,22,10,tou,historically_calibrated,1.332657,0.226552,12.2633,13.7498,0.0933,1.3932
1259,2,22,11,tou,historically_calibrated,1.332657,0.226552,9.4928,13.4764,0.1607,3.8229
1260,2,22,12,tou,historically_calibrated,1.332657,0.226552,10.4621,13.152,0.2825,2.4074
1261,2,22,13,tou,historically_calibrated,1.332657,0.226552,11.222,13.004,0.3888,1.3932
1262,2,22,14,tou,historically_calibrated,1.332657,0.226552,6.1852,12.2766,0.3849,5.7064
1263,2,22,15,tou,historically_calibrated,1.332657,0.226552,6.723,12.769,0.3396,5.7064
1264,2,22,16,tou,historically_calibrated,1.332657,0.226552,11.0567,13.7155,0.2514,2.4074
1265,2,22,17,tou,historically_calibrated,1.332657,0.226552,10.0423,14.044,0.1788,3.8229
1266,2,22,18,tou,historically_calibrated,1.332657,0.226552,12.753,15.1902,0.0298,2.4074
1267,2,22,19,tou,historically_calibrated,1.332657,0.226552,13.5452,14.9383,0.0,1.3932
1268,2,22,20,tou,historically_calibrated,1.332657,0.226552,14.156,16.5634,0.0,2.4074
1269,2,22,21,tou,historically_calibrated,1.332657,0.226552,14.9578,15.2588,0.0,0.3009
1270,2,22,22,tou,historically_calibrated,1.332657,0.226552,12.6897,15.0971,0.0,2.4074
1271,2,22,23,tou,historically_calibrated,0.740365,0.125862,13.6241,14.3374,0.0,0.7133
1272,2,22,24,tou,historically_calibrated,0.740365,0.125862,8.5224,10.9298,0.0,2.4074
1273,2,23,1,tou,historically_calibrated,0.740365,0.125862,6.3008,10.1237,0.0,3.8229
1274,2,23,2,tou,historically_calibrated,0.740365,0.125862,7.9268,10.3342,0.0,2.4074
1275,2,23,3,tou,historically_calibrated,0.740365,0.125862,6.4977,10.3205,0.0,3.8229
1276,2,23,4,tou,historically_calibrated,0.740365,0.125862,8.2366,10.644,0.0,2.4074
1277,2,23,5,tou,historically_calibrated,0.740365,0.125862,8.5404,10.9478,0.0,2.4074
1278,2,23,6,tou,historically_calibrated,0.740365,0.125862,3.2253,11.3503,0.0,8.125
1279,2,23,7,tou,historically_calibrated,0.740365,0.125862,10.0351,13.8579,0.0,3.8229
1280,2,23,8,tou,historically_calibrated,1.332657,0.226552,8.413,14.1194,0.0,5.7064
1281,2,23,9,tou,historically_calibrated,1.332657,0.226552,11.9597,14.3839,0.0168,2.4074
1282,2,23,10,tou,historically_calibrated,1.332657,0.226552,12.1065,14.5735,0.0596,2.4074
1283,2,23,11,tou,historically_calibrated,1.332657,0.226552,11.2274,13.7981,0.1633,2.4074
1284,2,23,12,tou,historically_calibrated,1.332657,0.226552,12.3298,13.9369,0.2138,1.3932
1285,2,23,13,tou,historically_calibrated,1.332657,0.226552,12.104,13.0557,0.2385,0.7133
1286,2,23,14,tou,historically_calibrated,1.332657,0.226552,9.9556,12.6417,0.2786,2.4074
1287,2,23,15,tou,historically_calibrated,1.332657,0.226552,11.9007,13.5725,0.2786,1.3932
1288,2,23,16,tou,historically_calibrated,1.332657,0.226552,11.5336,13.1588,0.232,1.3932
1289,2,23,17,tou,historically_calibrated,1.332657,0.226552,13.0143,13.8702,0.1426,0.7133
1290,2,23,18,tou,historically_calibrated,1.332657,0.226552,13.7941,14.5333,0.0259,0.7133
1291,2,23,19,tou,historically_calibrated,1.332657,0.226552,14.4666,15.1799,0.0,0.7133
1292,2,23,20,tou,historically_calibrated,1.332657,0.226552,15.5968,15.6079,0.0,0.0111
1293,2,23,21,tou,historically_calibrated,1.332657,0.226552,14.2626,14.5635,0.0,0.3009
1294,2,23,22,tou,historically_calibrated,1.332657,0.226552,13.7947,14.0957,0.0,0.3009
1295,2,23,23,tou,historically_calibrated,0.740365,0.125862,13.4715,13.4826,0.0,0.0111
1296,2,23,24,tou,historically_calibrated,0.740365,0.125862,11.2611,11.2722,0.0,0.0111
1297,2,24,1,tou,historically_calibrated,0.740365,0.125862,9.9114,9.9114,0.0,0.0
1298,2,24,2,tou,historically_calibrated,0.740365,0.125862,9.956,9.956,0.0,0.0
1299,2,24,3,tou,historically_calibrated,0.740365,0.125862,10.1583,10.1695,0.0,0.0111
1300,2,24,4,tou,historically_calibrated,0.740365,0.125862,10.2456,10.2456,0.0,0.0
1301,2,24,5,tou,historically_calibrated,0.740365,0.125862,10.5326,10.5326,0.0,0.0
1302,2,24,6,tou,historically_calibrated,0.740365,0.125862,10.9558,10.9558,0.0,0.0
1303,2,24,7,tou,historically_calibrated,0.740365,0.125862,13.585,13.585,0.0,0.0
1304,2,24,8,tou,historically_calibrated,0.740365,0.125862,14.099,14.1003,0.0013,0.0
1305,2,24,9,tou,historically_calibrated,0.740365,0.125862,14.1335,14.1516,0.0181,0.0
1306,2,24,10,tou,historically_calibrated,0.740365,0.125862,13.9025,13.9634,0.0609,0.0
1307,2,24,11,tou,historically_calibrated,0.740365,0.125862,13.381,13.4834,0.1024,0.0
1308,2,24,12,tou,historically_calibrated,0.740365,0.125862,12.7366,12.8701,0.1335,0.0
1309,2,24,13,tou,historically_calibrated,0.740365,0.125862,12.3858,12.5348,0.149,0.0
1310,2,24,14,tou,historically_calibrated,0.740365,0.125862,12.3464,12.4941,0.1477,0.0
1311,2,24,15,tou,historically_calibrated,0.740365,0.125862,12.6035,12.7331,0.1296,0.0
1312,2,24,16,tou,historically_calibrated,0.740365,0.125862,12.6138,12.8743,0.2605,0.0
1313,2,24,17,tou,historically_calibrated,0.740365,0.125862,12.9836,13.187,0.2035,0.0
1314,2,24,18,tou,historically_calibrated,0.740365,0.125862,13.7099,13.7552,0.0454,0.0
1315,2,24,19,tou,historically_calibrated,0.740365,0.125862,14.1322,14.1322,0.0,0.0
1316,2,24,20,tou,historically_calibrated,0.740365,0.125862,13.7549,13.7549,0.0,0.0
1317,2,24,21,tou,historically_calibrated,0.740365,0.125862,13.7182,13.7182,0.0,0.0
1318,2,24,22,tou,historically_calibrated,0.740365,0.125862,13.3263,13.3263,0.0,0.0
1319,2,24,23,tou,historically_calibrated,0.740365,0.125862,13.2396,13.2396,0.0,0.0
1320,2,24,24,tou,historically_calibrated,0.740365,0.125862,10.9611,10.9611,0.0,0.0
1321,2,25,1,tou,historically_calibrated,0.740365,0.125862,10.5463,10.5463,0.0,0.0
1322,2,25,2,tou,historically_calibrated,0.740365,0.125862,10.7409,10.7409,0.0,0.0
1323,2,25,3,tou,historically_calibrated,0.740365,0.125862,10.9564,10.9564,0.0,0.0
1324,2,25,4,tou,historically_calibrated,0.740365,0.125862,10.8496,10.8496,0.0,0.0
1325,2,25,5,tou,historically_calibrated,0.740365,0.125862,11.4156,11.4156,0.0,0.0
1326,2,25,6,tou,historically_calibrated,0.740365,0.125862,11.7063,11.7063,0.0,0.0
1327,2,25,7,tou,historically_calibrated,0.740365,0.125862,14.6664,14.6664,0.0,0.0
1328,2,25,8,tou,historically_calibrated,0.740365,0.125862,14.9053,14.9079,0.0026,0.0
1329,2,25,9,tou,historically_calibrated,0.740365,0.125862,14.4976,14.5598,0.0622,0.0
1330,2,25,10,tou,historically_calibrated,0.740365,0.125862,13.44,13.6098,0.1698,0.0
1331,2,25,11,tou,historically_calibrated,0.740365,0.125862,12.0566,12.349,0.2812,0.0111
1332,2,25,12,tou,historically_calibrated,0.740365,0.125862,10.8826,11.3297,0.4471,0.0
1333,2,25,13,tou,historically_calibrated,0.740365,0.125862,10.15,10.7262,0.5651,0.0111
1334,2,25,14,tou,historically_calibrated,0.740365,0.125862,10.272,10.7186,0.4355,0.0111
1335,2,25,15,tou,historically_calibrated,0.740365,0.125862,10.6893,11.2053,0.2151,0.3009
1336,2,25,16,tou,historically_calibrated,0.740365,0.125862,11.1323,11.5939,0.1607,0.3009
1337,2,25,17,tou,historically_calibrated,0.740365,0.125862,11.6213,12.0142,0.092,0.3009
1338,2,25,18,tou,historically_calibrated,0.740365,0.125862,12.5439,12.6564,0.0233,0.0892
1339,2,25,19,tou,historically_calibrated,0.740365,0.125862,12.7652,12.8543,0.0,0.0892
1340,2,25,20,tou,historically_calibrated,0.740365,0.125862,12.8966,12.9858,0.0,0.0892
1341,2,25,21,tou,historically_calibrated,0.740365,0.125862,12.4046,12.7055,0.0,0.3009
1342,2,25,22,tou,historically_calibrated,0.740365,0.125862,11.6946,11.9955,0.0,0.3009
1343,2,25,23,tou,historically_calibrated,0.740365,0.125862,10.8551,11.5684,0.0,0.7133
1344,2,25,24,tou,historically_calibrated,0.740365,0.125862,8.594,9.3073,0.0,0.7133
1345,2,26,1,tou,historically_calibrated,0.740365,0.125862,8.9638,9.6771,0.0,0.7133
1346,2,26,2,tou,historically_calibrated,0.740365,0.125862,8.9708,9.6841,0.0,0.7133
1347,2,26,3,tou,historically_calibrated,0.740365,0.125862,8.2756,9.6688,0.0,1.3932
1348,2,26,4,tou,historically_calibrated,0.740365,0.125862,8.9868,9.7001,0.0,0.7133
1349,2,26,5,tou,historically_calibrated,0.740365,0.125862,9.6037,9.9046,0.0,0.3009
1350,2,26,6,tou,historically_calibrated,0.740365,0.125862,9.4348,10.1481,0.0,0.7133
1351,2,26,7,tou,historically_calibrated,0.740365,0.125862,12.435,12.7359,0.0,0.3009
1352,2,26,8,tou,historically_calibrated,1.332657,0.226552,12.9866,13.0771,0.0013,0.0892
1353,2,26,9,tou,historically_calibrated,1.332657,0.226552,12.943,13.0529,0.0207,0.0892
1354,2,26,10,tou,historically_calibrated,1.332657,0.226552,11.5438,12.3219,0.0648,0.7133
1355,2,26,11,tou,historically_calibrated,1.332657,0.226552,11.1928,11.6,0.1063,0.3009
1356,2,26,12,tou,historically_calibrated,1.332657,0.226552,10.0183,10.9545,0.2229,0.7133
1357,2,26,13,tou,historically_calibrated,1.332657,0.226552,10.429,10.8829,0.1529,0.3009
1358,2,26,14,tou,historically_calibrated,1.332657,0.226552,10.3648,10.8161,0.1503,0.3009
1359,2,26,15,tou,historically_calibrated,1.332657,0.226552,10.0566,10.5726,0.2151,0.3009
1360,2,26,16,tou,historically_calibrated,1.332657,0.226552,10.0009,10.8762,0.162,0.7133
1361,2,26,17,tou,historically_calibrated,1.332657,0.226552,10.9172,11.2046,0.1983,0.0892
1362,2,26,18,tou,historically_calibrated,1.332657,0.226552,11.9894,12.0251,0.0246,0.0111
1363,2,26,19,tou,historically_calibrated,1.332657,0.226552,12.3895,12.4019,0.0013,0.0111
1364,2,26,20,tou,historically_calibrated,1.332657,0.226552,12.3537,12.4429,0.0,0.0892
1365,2,26,21,tou,historically_calibrated,1.332657,0.226552,12.6983,12.7095,0.0,0.0111
1366,2,26,22,tou,historically_calibrated,1.332657,0.226552,12.849,13.1499,0.0,0.3009
1367,2,26,23,tou,historically_calibrated,0.740365,0.125862,12.0213,12.7346,0.0,0.7133
1368,2,26,24,tou,historically_calibrated,0.740365,0.125862,10.1986,10.2878,0.0,0.0892
1369,2,27,1,tou,historically_calibrated,0.740365,0.125862,9.4168,9.7177,0.0,0.3009
1370,2,27,2,tou,historically_calibrated,0.740365,0.125862,9.2146,9.9279,0.0,0.7133
1371,2,27,3,tou,historically_calibrated,0.740365,0.125862,9.9462,10.0354,0.0,0.0892
1372,2,27,4,tou,historically_calibrated,0.740365,0.125862,9.8916,10.1926,0.0,0.3009
1373,2,27,5,tou,historically_calibrated,0.740365,0.125862,10.1477,10.3219,0.0,0.1741
1374,2,27,6,tou,historically_calibrated,0.740365,0.125862,10.4454,10.5346,0.0,0.0892
1375,2,27,7,tou,historically_calibrated,0.740365,0.125862,12.9139,13.003,0.0,0.0892
1376,2,27,8,tou,historically_calibrated,1.332657,0.226552,12.7187,13.0222,0.0026,0.3009
1377,2,27,9,tou,historically_calibrated,1.332657,0.226552,12.7157,13.0529,0.0363,0.3009
1378,2,27,10,tou,historically_calibrated,1.332657,0.226552,12.188,12.5965,0.1076,0.3009
1379,2,27,11,tou,historically_calibrated,1.332657,0.226552,10.0305,11.6,0.1763,1.3932
1380,2,27,12,tou,historically_calibrated,1.332657,0.226552,9.2057,10.9021,0.3033,1.3932
1381,2,27,13,tou,historically_calibrated,1.332657,0.226552,9.8147,10.7794,0.2514,0.7133
1382,2,27,14,tou,historically_calibrated,1.332657,0.226552,9.0092,10.5553,0.1529,1.3932
1383,2,27,15,tou,historically_calibrated,1.332657,0.226552,10.6726,11.1083,0.1348,0.3009
1384,2,27,16,tou,historically_calibrated,1.332657,0.226552,11.6881,11.8783,0.1011,0.0892
1385,2,27,17,tou,historically_calibrated,1.332657,0.226552,12.41,12.4795,0.0583,0.0111
1386,2,27,18,tou,historically_calibrated,1.332657,0.226552,12.3059,12.6223,0.0156,0.3009
1387,2,27,19,tou,historically_calibrated,1.332657,0.226552,12.7355,12.8247,0.0,0.0892
1388,2,27,20,tou,historically_calibrated,1.332657,0.226552,12.712,12.8012,0.0,0.0892
1389,2,27,21,tou,historically_calibrated,1.332657,0.226552,12.4465,12.5357,0.0,0.0892
1390,2,27,22,tou,historically_calibrated,1.332657,0.226552,11.4908,12.2041,0.0,0.7133
1391,2,27,23,tou,historically_calibrated,0.740365,0.125862,11.846,12.147,0.0,0.3009
1392,2,27,24,tou,historically_calibrated,0.740365,0.125862,9.4733,9.7742,0.0,0.3009
1393,2,28,1,tou,historically_calibrated,0.740365,0.125862,9.1732,9.4741,0.0,0.3009
1394,2,28,2,tou,historically_calibrated,0.740365,0.125862,8.8083,9.5216,0.0,0.7133
1395,2,28,3,tou,historically_calibrated,0.740365,0.125862,8.9148,9.6281,0.0,0.7133
1396,2,28,4,tou,historically_calibrated,0.740365,0.125862,9.0689,9.7822,0.0,0.7133
1397,2,28,5,tou,historically_calibrated,0.740365,0.125862,9.233,9.9463,0.0,0.7133
1398,2,28,6,tou,historically_calibrated,0.740365,0.125862,10.0619,10.3628,0.0,0.3009
1399,2,28,7,tou,historically_calibrated,0.740365,0.125862,12.076,12.7893,0.0,0.7133
1400,2,28,8,tou,historically_calibrated,1.332657,0.226552,12.194,12.9125,0.0052,0.7133
1401,2,28,9,tou,historically_calibrated,1.332657,0.226552,12.0374,12.8311,0.0804,0.7133
1402,2,28,10,tou,historically_calibrated,1.332657,0.226552,11.1776,12.1022,0.2112,0.7133
1403,2,28,11,tou,historically_calibrated,1.332657,0.226552,9.9113,11.6,0.2955,1.3932
1404,2,28,12,tou,historically_calibrated,1.332657,0.226552,9.3845,10.5359,0.438,0.7133
1405,2,28,13,tou,historically_calibrated,1.332657,0.226552,8.6462,9.9,0.5404,0.7133
1406,2,28,14,tou,historically_calibrated,1.332657,0.226552,8.5775,9.7729,0.4821,0.7133
1407,2,28,15,tou,historically_calibrated,1.332657,0.226552,8.528,10.1441,0.2229,1.3932
1408,2,28,16,tou,historically_calibrated,1.332657,0.226552,7.908,10.5422,0.2268,2.4074
1409,2,28,17,tou,historically_calibrated,1.332657,0.226552,8.4035,10.9729,0.162,2.4074
1410,2,28,18,tou,historically_calibrated,1.332657,0.226552,10.3503,11.7863,0.0428,1.3932
1411,2,28,19,tou,historically_calibrated,1.332657,0.226552,11.2042,11.9188,0.0013,0.7133
1412,2,28,20,tou,historically_calibrated,1.332657,0.226552,11.1921,11.9054,0.0,0.7133
1413,2,28,21,tou,historically_calibrated,1.332657,0.226552,9.2013,11.6087,0.0,2.4074
1414,2,28,22,tou,historically_calibrated,1.332657,0.226552,5.6631,11.3696,0.0,5.7064
1415,2,28,23,tou,historically_calibrated,0.740365,0.125862,7.5227,11.3456,0.0,3.8229
1416,2,28,24,tou,historically_calibrated,0.740365,0.125862,5.7373,9.5602,0.0,3.8229
1417,3,1,1,tou,historically_calibrated,0.740365,0.125862,9.5935,9.5959,0.0,0.0024
1418,3,1,2,tou,historically_calibrated,0.740365,0.125862,10.0904,10.0904,0.0,0.0
1419,3,1,3,tou,historically_calibrated,0.740365,0.125862,10.4378,10.4835,0.0,0.0457
1420,3,1,4,tou,historically_calibrated,0.740365,0.125862,10.7215,10.7671,0.0,0.0457
1421,3,1,5,tou,historically_calibrated,0.740365,0.125862,11.0706,11.073,0.0,0.0024
1422,3,1,6,tou,historically_calibrated,0.740365,0.125862,11.4791,11.4791,0.0,0.0
1423,3,1,7,tou,historically_calibrated,0.740365,0.125862,14.1251,14.1251,0.0,0.0
1424,3,1,8,tou,historically_calibrated,1.332657,0.226552,14.4312,14.4486,0.0026,0.0148
1425,3,1,9,tou,historically_calibrated,1.332657,0.226552,14.4326,14.4948,0.0622,0.0
1426,3,1,10,tou,historically_calibrated,1.332657,0.226552,13.6838,13.9145,0.2307,0.0
1427,3,1,11,tou,historically_calibrated,1.332657,0.226552,12.7566,13.0475,0.276,0.0148
1428,3,1,12,tou,historically_calibrated,1.332657,0.226552,12.0515,12.3149,0.2177,0.0457
1429,3,1,13,tou,historically_calibrated,1.332657,0.226552,11.7259,12.0728,0.2436,0.1032
1430,3,1,14,tou,historically_calibrated,1.332657,0.226552,11.9562,12.1201,0.149,0.0148
1431,3,1,15,tou,historically_calibrated,1.332657,0.226552,13.2006,13.4118,0.2112,0.0
1432,3,1,16,tou,historically_calibrated,1.332657,0.226552,13.2299,13.3258,0.0959,0.0
1433,3,1,17,tou,historically_calibrated,1.332657,0.226552,13.5966,13.7543,0.0544,0.1032
1434,3,1,18,tou,historically_calibrated,1.332657,0.226552,14.2687,14.2944,0.0233,0.0024
1435,3,1,19,tou,historically_calibrated,1.332657,0.226552,14.5747,14.576,0.0013,0.0
1436,3,1,20,tou,historically_calibrated,1.332657,0.226552,14.4709,14.4733,0.0,0.0024
1437,3,1,21,tou,historically_calibrated,1.332657,0.226552,14.2714,14.2738,0.0,0.0024
1438,3,1,22,tou,historically_calibrated,1.332657,0.226552,13.8731,13.8731,0.0,0.0
1439,3,1,23,tou,historically_calibrated,0.740365,0.125862,13.4292,13.4292,0.0,0.0
1440,3,1,24,tou,historically_calibrated,0.740365,0.125862,10.9298,10.9298,0.0,0.0
1441,3,2,1,tou,historically_calibrated,0.740365,0.125862,10.2861,10.2861,0.0,0.0
1442,3,2,2,tou,historically_calibrated,0.740365,0.125862,10.3342,10.3342,0.0,0.0
1443,3,2,3,tou,historically_calibrated,0.740365,0.125862,10.3613,10.3613,0.0,0.0
1444,3,2,4,tou,historically_calibrated,0.740365,0.125862,10.4798,10.4798,0.0,0.0
1445,3,2,5,tou,historically_calibrated,0.740365,0.125862,10.7391,10.7391,0.0,0.0
1446,3,2,6,tou,historically_calibrated,0.740365,0.125862,11.2215,11.2215,0.0,0.0
1447,3,2,7,tou,historically_calibrated,0.740365,0.125862,14.4991,14.4991,0.0,0.0
1448,3,2,8,tou,historically_calibrated,1.332657,0.226552,14.6093,14.6132,0.0039,0.0
1449,3,2,9,tou,historically_calibrated,1.332657,0.226552,14.3256,14.3839,0.0583,0.0
1450,3,2,10,tou,historically_calibrated,1.332657,0.226552,13.6336,13.8047,0.1711,0.0
1451,3,2,11,tou,historically_calibrated,1.332657,0.226552,13.2642,13.3692,0.105,0.0
1452,3,2,12,tou,historically_calibrated,1.332657,0.226552,12.6497,12.7858,0.1361,0.0
1453,3,2,13,tou,historically_calibrated,1.332657,0.226552,11.5845,11.9176,0.3331,0.0
1454,3,2,14,tou,historically_calibrated,1.332657,0.226552,11.6331,11.9636,0.3305,0.0
1455,3,2,15,tou,historically_calibrated,1.332657,0.226552,11.6151,12.0726,0.4575,0.0
1456,3,2,16,tou,historically_calibrated,1.332657,0.226552,11.8443,12.2124,0.3681,0.0
1457,3,2,17,tou,historically_calibrated,1.332657,0.226552,12.6673,12.8851,0.2177,0.0
1458,3,2,18,tou,historically_calibrated,1.332657,0.226552,13.7,13.757,0.057,0.0
1459,3,2,19,tou,historically_calibrated,1.332657,0.226552,14.8754,14.8779,0.0026,0.0
1460,3,2,20,tou,historically_calibrated,1.332657,0.226552,14.8316,14.8316,0.0,0.0
1461,3,2,21,tou,historically_calibrated,1.332657,0.226552,14.7953,14.7953,0.0,0.0
1462,3,2,22,tou,historically_calibrated,1.332657,0.226552,14.652,14.652,0.0,0.0
1463,3,2,23,tou,historically_calibrated,0.740365,0.125862,13.6963,13.6963,0.0,0.0
1464,3,2,24,tou,historically_calibrated,0.740365,0.125862,11.3982,11.4006,0.0,0.0024
1465,3,3,1,tou,historically_calibrated,0.740365,0.125862,10.1355,10.1355,0.0,0.0
1466,3,3,2,tou,historically_calibrated,0.740365,0.125862,10.3671,10.3671,0.0,0.0
1467,3,3,3,tou,historically_calibrated,0.740365,0.125862,10.5067,10.5067,0.0,0.0
1468,3,3,4,tou,historically_calibrated,0.740365,0.125862,10.6609,10.6609,0.0,0.0
1469,3,3,5,tou,historically_calibrated,0.740365,0.125862,10.8781,10.8781,0.0,0.0
1470,3,3,6,tou,historically_calibrated,0.740365,0.125862,11.4693,11.4693,0.0,0.0
1471,3,3,7,tou,historically_calibrated,0.740365,0.125862,13.929,13.929,0.0,0.0
1472,3,3,8,tou,historically_calibrated,0.740365,0.125862,14.4458,14.4536,0.0078,0.0
1473,3,3,9,tou,historically_calibrated,0.740365,0.125862,14.1236,14.2026,0.0791,0.0
1474,3,3,10,tou,historically_calibrated,0.740365,0.125862,13.1796,13.4077,0.2281,0.0
1475,3,3,11,tou,historically_calibrated,0.740365,0.125862,11.7979,12.201,0.4031,0.0
1476,3,3,12,tou,historically_calibrated,0.740365,0.125862,10.0868,10.6076,0.5184,0.0024
1477,3,3,13,tou,historically_calibrated,0.740365,0.125862,9.0702,9.6791,0.6065,0.0024
1478,3,3,14,tou,historically_calibrated,0.740365,0.125862,8.6648,9.279,0.6117,0.0024
1479,3,3,15,tou,historically_calibrated,0.740365,0.125862,8.6333,9.1847,0.5365,0.0148
1480,3,3,16,tou,historically_calibrated,0.740365,0.125862,9.1376,9.5452,0.3927,0.0148
1481,3,3,17,tou,historically_calibrated,0.740365,0.125862,9.8788,10.095,0.2138,0.0024
1482,3,3,18,tou,historically_calibrated,0.740365,0.125862,10.8389,10.8983,0.057,0.0024
1483,3,3,19,tou,historically_calibrated,0.740365,0.125862,11.5739,11.5765,0.0026,0.0
1484,3,3,20,tou,historically_calibrated,0.740365,0.125862,11.982,11.9969,0.0,0.0148
1485,3,3,21,tou,historically_calibrated,0.740365,0.125862,11.9592,11.9592,0.0,0.0
1486,3,3,22,tou,historically_calibrated,0.740365,0.125862,11.7388,11.842,0.0,0.1032
1487,3,3,23,tou,historically_calibrated,0.740365,0.125862,11.3753,11.421,0.0,0.0457
1488,3,3,24,tou,historically_calibrated,0.740365,0.125862,9.386,9.386,0.0,0.0
1489,3,4,1,tou,historically_calibrated,0.740365,0.125862,8.9776,8.9776,0.0,0.0
1490,3,4,2,tou,historically_calibrated,0.740365,0.125862,9.5075,9.5075,0.0,0.0
1491,3,4,3,tou,historically_calibrated,0.740365,0.125862,9.9071,9.9071,0.0,0.0
1492,3,4,4,tou,historically_calibrated,0.740365,0.125862,10.019,10.019,0.0,0.0
1493,3,4,5,tou,historically_calibrated,0.740365,0.125862,10.6862,10.6862,0.0,0.0
1494,3,4,6,tou,historically_calibrated,0.740365,0.125862,10.9953,10.9953,0.0,0.0
1495,3,4,7,tou,historically_calibrated,0.740365,0.125862,13.585,13.585,0.0,0.0
1496,3,4,8,tou,historically_calibrated,0.740365,0.125862,14.0938,14.1003,0.0065,0.0
1497,3,4,9,tou,historically_calibrated,0.740365,0.125862,13.5638,13.6414,0.0752,0.0024
1498,3,4,10,tou,historically_calibrated,0.740365,0.125862,11.783,11.9929,0.21,0.0
1499,3,4,11,tou,historically_calibrated,0.740365,0.125862,10.3136,10.6226,0.2942,0.0148
1500,3,4,12,tou,historically_calibrated,0.740365,0.125862,9.122,9.5005,0.3784,0.0
1501,3,4,13,tou,historically_calibrated,0.740365,0.125862,8.5754,8.9176,0.3421,0.0
1502,3,4,14,tou,historically_calibrated,0.740365,0.125862,8.3727,8.7511,0.3784,0.0
1503,3,4,15,tou,historically_calibrated,0.740365,0.125862,8.3277,8.6919,0.3642,0.0
1504,3,4,16,tou,historically_calibrated,0.740365,0.125862,9.205,9.4427,0.2229,0.0148
1505,3,4,17,tou,historically_calibrated,0.740365,0.125862,10.0004,10.095,0.0946,0.0
1506,3,4,18,tou,historically_calibrated,0.740365,0.125862,10.934,10.9533,0.0168,0.0024
1507,3,4,19,tou,historically_calibrated,0.740365,0.125862,11.464,11.4654,0.0013,0.0
1508,3,4,20,tou,historically_calibrated,0.740365,0.125862,11.887,11.887,0.0,0.0
1509,3,4,21,tou,historically_calibrated,0.740365,0.125862,12.0658,12.0658,0.0,0.0
1510,3,4,22,tou,historically_calibrated,0.740365,0.125862,12.0979,12.0979,0.0,0.0
1511,3,4,23,tou,historically_calibrated,0.740365,0.125862,11.7685,11.8142,0.0,0.0457
1512,3,4,24,tou,historically_calibrated,0.740365,0.125862,9.45,9.4648,0.0,0.0148
1513,3,5,1,tou,historically_calibrated,0.740365,0.125862,9.5959,9.5959,0.0,0.0
1514,3,5,2,tou,historically_calibrated,0.740365,0.125862,9.763,9.7654,0.0,0.0024
1515,3,5,3,tou,historically_calibrated,0.740365,0.125862,10.402,10.402,0.0,0.0
1516,3,5,4,tou,historically_calibrated,0.740365,0.125862,11.0134,11.0134,0.0,0.0
1517,3,5,5,tou,historically_calibrated,0.740365,0.125862,11.5737,11.5737,0.0,0.0
1518,3,5,6,tou,historically_calibrated,0.740365,0.125862,11.906,11.9085,0.0,0.0024
1519,3,5,7,tou,historically_calibrated,0.740365,0.125862,14.7104,14.7128,0.0,0.0024
1520,3,5,8,tou,historically_calibrated,1.332657,0.226552,15.2052,15.2167,0.0091,0.0024
1521,3,5,9,tou,historically_calibrated,1.332657,0.226552,15.0644,15.1603,0.0959,0.0
1522,3,5,10,tou,historically_calibrated,1.332657,0.226552,13.3659,13.6399,0.2592,0.0148
1523,3,5,11,tou,historically_calibrated,1.332657,0.226552,12.2053,12.7258,0.4173,0.1032
1524,3,5,12,tou,historically_calibrated,1.332657,0.226552,11.0498,11.687,0.534,0.1032
1525,3,5,13,tou,historically_calibrated,1.332657,0.226552,9.8862,10.7277,0.6221,0.2194
1526,3,5,14,tou,historically_calibrated,1.332657,0.226552,9.3243,10.5031,0.6143,0.5645
1527,3,5,15,tou,historically_calibrated,1.332657,0.226552,9.2397,10.1441,0.5391,0.3652
1528,3,5,16,tou,historically_calibrated,1.332657,0.226552,9.4037,10.3752,0.4069,0.5645
1529,3,5,17,tou,historically_calibrated,1.332657,0.226552,10.2675,10.857,0.2242,0.3652
1530,3,5,18,tou,historically_calibrated,1.332657,0.226552,11.1996,11.4877,0.0687,0.2194
1531,3,5,19,tou,historically_calibrated,1.332657,0.226552,12.5164,12.5227,0.0039,0.0024
1532,3,5,20,tou,historically_calibrated,1.332657,0.226552,12.7266,12.7415,0.0,0.0148
1533,3,5,21,tou,historically_calibrated,1.332657,0.226552,11.8552,12.4198,0.0,0.5645
1534,3,5,22,tou,historically_calibrated,1.332657,0.226552,11.3784,12.2041,0.0,0.8257
1535,3,5,23,tou,historically_calibrated,0.740365,0.125862,11.3153,11.8798,0.0,0.5645
1536,3,5,24,tou,historically_calibrated,0.740365,0.125862,9.4264,9.6458,0.0,0.2194
1537,3,6,1,tou,historically_calibrated,0.740365,0.125862,9.0461,9.1493,0.0,0.1032
1538,3,6,2,tou,historically_calibrated,0.740365,0.125862,9.0528,9.156,0.0,0.1032
1539,3,6,3,tou,historically_calibrated,0.740365,0.125862,9.1582,9.2615,0.0,0.1032
1540,3,6,4,tou,historically_calibrated,0.740365,0.125862,9.1455,9.2487,0.0,0.1032
1541,3,6,5,tou,historically_calibrated,0.740365,0.125862,9.1428,9.3621,0.0,0.2194
1542,3,6,6,tou,historically_calibrated,0.740365,0.125862,9.3277,9.5471,0.0,0.2194
1543,3,6,7,tou,historically_calibrated,0.740365,0.125862,11.7151,11.9344,0.0,0.2194
1544,3,6,8,tou,historically_calibrated,1.332657,0.226552,12.3666,12.4187,0.0065,0.0457
1545,3,6,9,tou,historically_calibrated,1.332657,0.226552,12.2903,12.5538,0.0441,0.2194
1546,3,6,10,tou,historically_calibrated,1.332657,0.226552,11.7864,12.2669,0.1153,0.3652
1547,3,6,11,tou,historically_calibrated,1.332657,0.226552,11.2279,11.7072,0.114,0.3652
1548,3,6,12,tou,historically_calibrated,1.332657,0.226552,10.4441,10.9545,0.1452,0.3652
1549,3,6,13,tou,historically_calibrated,1.332657,0.226552,10.0466,10.5725,0.1607,0.3652
1550,3,6,14,tou,historically_calibrated,1.332657,0.226552,9.9369,10.6596,0.1581,0.5645
1551,3,6,15,tou,historically_calibrated,1.332657,0.226552,10.4425,10.9476,0.14,0.3652
1552,3,6,16,tou,historically_calibrated,1.332657,0.226552,10.5964,11.2659,0.105,0.5645
1553,3,6,17,tou,historically_calibrated,1.332657,0.226552,11.272,11.5523,0.0609,0.2194
1554,3,6,18,tou,historically_calibrated,1.332657,0.226552,11.6072,11.846,0.0194,0.2194
1555,3,6,19,tou,historically_calibrated,1.332657,0.226552,11.8747,11.9792,0.0013,0.1032
1556,3,6,20,tou,historically_calibrated,1.332657,0.226552,12.0389,12.0846,0.0,0.0457
1557,3,6,21,tou,historically_calibrated,1.332657,0.226552,11.1021,11.6666,0.0,0.5645
1558,3,6,22,tou,historically_calibrated,1.332657,0.226552,10.8931,11.2583,0.0,0.3652
1559,3,6,23,tou,historically_calibrated,0.740365,0.125862,10.6064,10.9716,0.0,0.3652
1560,3,6,24,tou,historically_calibrated,0.740365,0.125862,8.4392,9.0038,0.0,0.5645
1561,3,7,1,tou,historically_calibrated,0.740365,0.125862,8.2563,8.6215,0.0,0.3652
1562,3,7,2,tou,historically_calibrated,0.740365,0.125862,8.222,8.5872,0.0,0.3652
1563,3,7,3,tou,historically_calibrated,0.740365,0.125862,8.2852,8.6504,0.0,0.3652
1564,3,7,4,tou,historically_calibrated,0.740365,0.125862,8.5779,8.7973,0.0,0.2194
1565,3,7,5,tou,historically_calibrated,0.740365,0.125862,8.7999,8.9031,0.0,0.1032
1566,3,7,6,tou,historically_calibrated,0.740365,0.125862,9.115,9.1607,0.0,0.0457
1567,3,7,7,tou,historically_calibrated,0.740365,0.125862,11.5148,11.5604,0.0,0.0457
1568,3,7,8,tou,historically_calibrated,1.332657,0.226552,11.743,11.7604,0.0026,0.0148
1569,3,7,9,tou,historically_calibrated,1.332657,0.226552,11.7895,11.8328,0.0285,0.0148
1570,3,7,10,tou,historically_calibrated,1.332657,0.226552,11.4321,11.6079,0.0726,0.1032
1571,3,7,11,tou,historically_calibrated,1.332657,0.226552,11.01,11.171,0.1153,0.0457
1572,3,7,12,tou,historically_calibrated,1.332657,0.226552,10.5316,10.6929,0.1464,0.0148
1573,3,7,13,tou,historically_calibrated,1.332657,0.226552,10.2405,10.4173,0.162,0.0148
1574,3,7,14,tou,historically_calibrated,1.332657,0.226552,10.2754,10.451,0.1607,0.0148
1575,3,7,15,tou,historically_calibrated,1.332657,0.226552,10.3817,10.6262,0.1413,0.1032
1576,3,7,16,tou,historically_calibrated,1.332657,0.226552,10.89,11.0432,0.1076,0.0457
1577,3,7,17,tou,historically_calibrated,1.332657,0.226552,11.5011,11.6103,0.0635,0.0457
1578,3,7,18,tou,historically_calibrated,1.332657,0.226552,12.0493,12.0849,0.0207,0.0148
1579,3,7,19,tou,historically_calibrated,1.332657,0.226552,12.2046,12.2208,0.0013,0.0148
1580,3,7,20,tou,historically_calibrated,1.332657,0.226552,12.3235,12.3235,0.0,0.0
1581,3,7,21,tou,historically_calibrated,1.332657,0.226552,12.0722,12.0722,0.0,0.0
1582,3,7,22,tou,historically_calibrated,1.332657,0.226552,11.7034,11.7034,0.0,0.0
1583,3,7,23,tou,historically_calibrated,0.740365,0.125862,11.2387,11.2387,0.0,0.0
1584,3,7,24,tou,historically_calibrated,0.740365,0.125862,9.175,9.175,0.0,0.0
1585,3,8,1,tou,historically_calibrated,0.740365,0.125862,8.5809,8.5809,0.0,0.0
1586,3,8,2,tou,historically_calibrated,0.740365,0.125862,8.5872,8.5872,0.0,0.0
1587,3,8,3,tou,historically_calibrated,0.740365,0.125862,8.7726,8.7726,0.0,0.0
1588,3,8,4,tou,historically_calibrated,0.740365,0.125862,8.9204,8.9204,0.0,0.0
1589,3,8,5,tou,historically_calibrated,0.740365,0.125862,9.3621,9.3621,0.0,0.0
1590,3,8,6,tou,historically_calibrated,0.740365,0.125862,10.0599,10.0623,0.0,0.0024
1591,3,8,7,tou,historically_calibrated,0.740365,0.125862,12.7359,12.7359,0.0,0.0
1592,3,8,8,tou,historically_calibrated,1.332657,0.226552,13.0719,13.0771,0.0052,0.0
1593,3,8,9,tou,historically_calibrated,1.332657,0.226552,12.6074,12.7202,0.1128,0.0
1594,3,8,10,tou,historically_calibrated,1.332657,0.226552,11.4263,11.7178,0.289,0.0024
1595,3,8,11,tou,historically_calibrated,1.332657,0.226552,10.1038,10.5813,0.4627,0.0148
1596,3,8,12,tou,historically_calibrated,1.332657,0.226552,9.1665,9.751,0.5845,0.0
1597,3,8,13,tou,historically_calibrated,1.332657,0.226552,8.8705,9.4861,0.6156,0.0
1598,3,8,14,tou,historically_calibrated,1.332657,0.226552,8.8223,9.4599,0.6376,0.0
1599,3,8,15,tou,historically_calibrated,1.332657,0.226552,8.9783,9.5548,0.5741,0.0024
1600,3,8,16,tou,historically_calibrated,1.332657,0.226552,9.5476,9.9855,0.4355,0.0024
1601,3,8,17,tou,historically_calibrated,1.332657,0.226552,10.4819,10.7411,0.2592,0.0
1602,3,8,18,tou,historically_calibrated,1.332657,0.226552,11.7007,11.7863,0.0855,0.0
1603,3,8,19,tou,historically_calibrated,1.332657,0.226552,12.637,12.6435,0.0065,0.0
1604,3,8,20,tou,historically_calibrated,1.332657,0.226552,12.9803,12.9803,0.0,0.0
1605,3,8,21,tou,historically_calibrated,1.332657,0.226552,12.7674,12.7674,0.0,0.0
1606,3,8,22,tou,historically_calibrated,1.332657,0.226552,12.4823,12.4823,0.0,0.0
1607,3,8,23,tou,historically_calibrated,0.740365,0.125862,12.1446,12.147,0.0,0.0024
1608,3,8,24,tou,historically_calibrated,0.740365,0.125862,10.059,10.0738,0.0,0.0148
1609,3,9,1,tou,historically_calibrated,0.740365,0.125862,9.4717,9.4741,0.0,0.0024
1610,3,9,2,tou,historically_calibrated,0.740365,0.125862,9.1818,9.1966,0.0,0.0148
1611,3,9,3,tou,historically_calibrated,0.740365,0.125862,9.791,9.791,0.0,0.0
1612,3,9,4,tou,historically_calibrated,0.740365,0.125862,9.2749,9.2897,0.0,0.0148
1613,3,9,5,tou,historically_calibrated,0.740365,0.125862,9.4417,9.4873,0.0,0.0457
1614,3,9,6,tou,historically_calibrated,0.740365,0.125862,10.1454,10.1911,0.0,0.0457
1615,3,9,7,tou,historically_calibrated,0.740365,0.125862,13.2554,13.2702,0.0,0.0148
1616,3,9,8,tou,historically_calibrated,1.332657,0.226552,13.3974,13.4062,0.0065,0.0024
1617,3,9,9,tou,historically_calibrated,1.332657,0.226552,13.4631,13.4966,0.0311,0.0024
1618,3,9,10,tou,historically_calibrated,1.332657,0.226552,13.4499,13.5301,0.0778,0.0024
1619,3,9,11,tou,historically_calibrated,1.332657,0.226552,13.2566,13.4228,0.1205,0.0457
1620,3,9,12,tou,historically_calibrated,1.332657,0.226552,12.6864,12.8381,0.1516,0.0
1621,3,9,13,tou,historically_calibrated,1.332657,0.226552,12.046,12.228,0.1672,0.0148
1622,3,9,14,tou,historically_calibrated,1.332657,0.226552,11.6425,11.8071,0.1646,0.0
1623,3,9,15,tou,historically_calibrated,1.332657,0.226552,11.4453,11.5905,0.1452,0.0
1624,3,9,16,tou,historically_calibrated,1.332657,0.226552,11.7514,11.934,0.1801,0.0024
1625,3,9,17,tou,historically_calibrated,1.332657,0.226552,12.256,12.3636,0.1076,0.0
1626,3,9,18,tou,historically_calibrated,1.332657,0.226552,12.7794,12.8015,0.022,0.0
1627,3,9,19,tou,historically_calibrated,1.332657,0.226552,13.0501,13.0662,0.0013,0.0148
1628,3,9,20,tou,historically_calibrated,1.332657,0.226552,13.1571,13.1595,0.0,0.0024
1629,3,9,21,tou,historically_calibrated,1.332657,0.226552,13.2889,13.2889,0.0,0.0
1630,3,9,22,tou,historically_calibrated,1.332657,0.226552,13.0386,13.0386,0.0,0.0
1631,3,9,23,tou,historically_calibrated,0.740365,0.125862,12.5209,12.5209,0.0,0.0
1632,3,9,24,tou,historically_calibrated,0.740365,0.125862,10.1166,10.1166,0.0,0.0
1633,3,10,1,tou,historically_calibrated,0.740365,0.125862,8.8656,8.8656,0.0,0.0
1634,3,10,2,tou,historically_calibrated,0.740365,0.125862,8.9468,8.9468,0.0,0.0
1635,3,10,3,tou,historically_calibrated,0.740365,0.125862,9.0452,9.0452,0.0,0.0
1636,3,10,4,tou,historically_calibrated,0.740365,0.125862,9.1884,9.1884,0.0,0.0
1637,3,10,5,tou,historically_calibrated,0.740365,0.125862,9.2658,9.2658,0.0,0.0
1638,3,10,6,tou,historically_calibrated,0.740365,0.125862,9.6128,9.6128,0.0,0.0
1639,3,10,7,tou,historically_calibrated,0.740365,0.125862,11.9136,11.9136,0.0,0.0
1640,3,10,8,tou,historically_calibrated,0.740365,0.125862,12.128,12.1318,0.0039,0.0
1641,3,10,9,tou,historically_calibrated,0.740365,0.125862,12.0053,12.0597,0.0544,0.0
1642,3,10,10,tou,historically_calibrated,0.740365,0.125862,11.4961,11.6393,0.1283,0.0148
1643,3,10,11,tou,historically_calibrated,0.740365,0.125862,11.2973,11.5105,0.1983,0.0148
1644,3,10,12,tou,historically_calibrated,0.740365,0.125862,10.0057,10.2707,0.2501,0.0148
1645,3,10,13,tou,historically_calibrated,0.740365,0.125862,9.6875,9.9647,0.2748,0.0024
1646,3,10,14,tou,historically_calibrated,0.740365,0.125862,9.1064,9.4229,0.2709,0.0457
1647,3,10,15,tou,historically_calibrated,0.740365,0.125862,8.6755,9.1354,0.4575,0.0024
1648,3,10,16,tou,historically_calibrated,0.740365,0.125862,9.2829,9.6476,0.3499,0.0148
1649,3,10,17,tou,historically_calibrated,0.740365,0.125862,9.7725,9.9351,0.1477,0.0148
1650,3,10,18,tou,historically_calibrated,0.740365,0.125862,10.3255,10.4038,0.0635,0.0148
1651,3,10,19,tou,historically_calibrated,0.740365,0.125862,10.6812,10.6875,0.0039,0.0024
1652,3,10,20,tou,historically_calibrated,0.740365,0.125862,10.6327,10.6783,0.0,0.0457
1653,3,10,21,tou,historically_calibrated,0.740365,0.125862,10.825,10.8399,0.0,0.0148
1654,3,10,22,tou,historically_calibrated,0.740365,0.125862,10.9694,10.9719,0.0,0.0024
1655,3,10,23,tou,historically_calibrated,0.740365,0.125862,10.5313,10.6345,0.0,0.1032
1656,3,10,24,tou,historically_calibrated,0.740365,0.125862,8.2333,8.5985,0.0,0.3652
1657,3,11,1,tou,historically_calibrated,0.740365,0.125862,8.0112,8.2306,0.0,0.2194
1658,3,11,2,tou,historically_calibrated,0.740365,0.125862,7.9462,8.3114,0.0,0.3652
1659,3,11,3,tou,historically_calibrated,0.740365,0.125862,8.1178,8.4831,0.0,0.3652
1660,3,11,4,tou,historically_calibrated,0.740365,0.125862,8.4027,8.6221,0.0,0.2194
1661,3,11,5,tou,historically_calibrated,0.740365,0.125862,8.2022,8.7667,0.0,0.5645
1662,3,11,6,tou,historically_calibrated,0.740365,0.125862,8.9566,9.0598,0.0,0.1032
1663,3,11,7,tou,historically_calibrated,0.740365,0.125862,11.2206,11.3238,0.0,0.1032
1664,3,11,8,tou,historically_calibrated,0.740365,0.125862,11.5737,11.6271,0.0078,0.0457
1665,3,11,9,tou,historically_calibrated,0.740365,0.125862,11.3756,11.4474,0.057,0.0148
1666,3,11,10,tou,historically_calibrated,0.740365,0.125862,10.8859,11.033,0.1322,0.0148
1667,3,11,11,tou,historically_calibrated,0.740365,0.125862,10.4958,10.6226,0.1244,0.0024
1668,3,11,12,tou,historically_calibrated,0.740365,0.125862,10.0189,10.1744,0.1555,0.0
1669,3,11,13,tou,historically_calibrated,0.740365,0.125862,9.6032,9.7743,0.1711,0.0
1670,3,11,14,tou,historically_calibrated,0.740365,0.125862,9.396,9.5669,0.1685,0.0024
1671,3,11,15,tou,historically_calibrated,0.740365,0.125862,9.5321,9.7268,0.149,0.0457
1672,3,11,16,tou,historically_calibrated,0.740365,0.125862,10.1025,10.2622,0.114,0.0457
1673,3,11,17,tou,historically_calibrated,0.740365,0.125862,10.4415,10.6281,0.1866,0.0
1674,3,11,18,tou,historically_calibrated,0.740365,0.125862,11.0755,11.1181,0.0402,0.0024
1675,3,11,19,tou,historically_calibrated,0.740365,0.125862,11.7924,11.7987,0.0039,0.0024
1676,3,11,20,tou,historically_calibrated,0.740365,0.125862,11.9969,11.9969,0.0,0.0
1677,3,11,21,tou,historically_calibrated,0.740365,0.125862,12.17,12.1725,0.0,0.0024
1678,3,11,22,tou,historically_calibrated,0.740365,0.125862,12.2514,12.2514,0.0,0.0
1679,3,11,23,tou,historically_calibrated,0.740365,0.125862,12.205,12.2074,0.0,0.0024
1680,3,11,24,tou,historically_calibrated,0.740365,0.125862,10.2129,10.2129,0.0,0.0
1681,3,12,1,tou,historically_calibrated,0.740365,0.125862,10.692,10.692,0.0,0.0
1682,3,12,2,tou,historically_calibrated,0.740365,0.125862,11.1467,11.1467,0.0,0.0
1683,3,12,3,tou,historically_calibrated,0.740365,0.125862,11.2167,11.2167,0.0,0.0
1684,3,12,4,tou,historically_calibrated,0.740365,0.125862,11.5469,11.5469,0.0,0.0
1685,3,12,5,tou,historically_calibrated,0.740365,0.125862,11.8658,11.8658,0.0,0.0
1686,3,12,6,tou,historically_calibrated,0.740365,0.125862,12.2519,12.2519,0.0,0.0
1687,3,12,7,tou,historically_calibrated,0.740365,0.125862,15.3005,15.3006,0.0,0.0
1688,3,12,8,tou,historically_calibrated,1.332657,0.226552,15.6361,15.6556,0.0194,0.0
1689,3,12,9,tou,historically_calibrated,1.332657,0.226552,14.7933,14.9385,0.1452,0.0
1690,3,12,10,tou,historically_calibrated,1.332657,0.226552,13.3263,13.6399,0.3136,0.0
1691,3,12,11,tou,historically_calibrated,1.332657,0.226552,11.8065,12.2969,0.4756,0.0148
1692,3,12,12,tou,historically_calibrated,1.332657,0.226552,10.5994,11.2684,0.6234,0.0457
1693,3,12,13,tou,historically_calibrated,1.332657,0.226552,9.8341,10.5208,0.6843,0.0024
1694,3,12,14,tou,historically_calibrated,1.332657,0.226552,9.3087,10.0858,0.6739,0.1032
1695,3,12,15,tou,historically_calibrated,1.332657,0.226552,9.5318,10.1441,0.5975,0.0148
1696,3,12,16,tou,historically_calibrated,1.332657,0.226552,9.9485,10.4309,0.4368,0.0457
1697,3,12,17,tou,historically_calibrated,1.332657,0.226552,10.5296,10.799,0.267,0.0024
1698,3,12,18,tou,historically_calibrated,1.332657,0.226552,11.4567,11.5474,0.0907,0.0
1699,3,12,19,tou,historically_calibrated,1.332657,0.226552,12.4533,12.4623,0.0091,0.0
1700,3,12,20,tou,historically_calibrated,1.332657,0.226552,13.0401,13.0401,0.0,0.0
1701,3,12,21,tou,historically_calibrated,1.332657,0.226552,13.4047,13.4047,0.0,0.0
1702,3,12,22,tou,historically_calibrated,1.332657,0.226552,12.9249,12.9273,0.0,0.0024
1703,3,12,23,tou,historically_calibrated,0.740365,0.125862,12.613,12.6278,0.0,0.0148
1704,3,12,24,tou,historically_calibrated,0.740365,0.125862,10.3282,10.3306,0.0,0.0024
1705,3,13,1,tou,historically_calibrated,0.740365,0.125862,10.4078,10.4078,0.0,0.0
1706,3,13,2,tou,historically_calibrated,0.740365,0.125862,10.4967,10.4967,0.0,0.0
1707,3,13,3,tou,historically_calibrated,0.740365,0.125862,10.6871,10.6871,0.0,0.0
1708,3,13,4,tou,historically_calibrated,0.740365,0.125862,11.0544,11.0544,0.0,0.0
1709,3,13,5,tou,historically_calibrated,0.740365,0.125862,11.4068,11.4068,0.0,0.0
1710,3,13,6,tou,historically_calibrated,0.740365,0.125862,11.6914,11.6938,0.0,0.0024
1711,3,13,7,tou,historically_calibrated,0.740365,0.125862,14.7128,14.7128,0.0,0.0
1712,3,13,8,tou,historically_calibrated,1.332657,0.226552,14.8668,14.8875,0.0207,0.0
1713,3,13,9,tou,historically_calibrated,1.332657,0.226552,13.3071,13.4966,0.1439,0.0457
1714,3,13,10,tou,historically_calibrated,1.332657,0.226552,12.3361,12.7063,0.267,0.1032
1715,3,13,11,tou,historically_calibrated,1.332657,0.226552,10.8845,11.3319,0.4018,0.0457
1716,3,13,12,tou,historically_calibrated,1.332657,0.226552,9.0965,9.6987,0.499,0.1032
1717,3,13,13,tou,historically_calibrated,1.332657,0.226552,7.8509,8.5549,0.6584,0.0457
1718,3,13,14,tou,historically_calibrated,1.332657,0.226552,7.128,7.7908,0.648,0.0148
1719,3,13,15,tou,historically_calibrated,1.332657,0.226552,6.8144,7.3049,0.4756,0.0148
1720,3,13,16,tou,historically_calibrated,1.332657,0.226552,7.1709,7.5916,0.3175,0.1032
1721,3,13,17,tou,historically_calibrated,1.332657,0.226552,7.6925,7.9017,0.1944,0.0148
1722,3,13,18,tou,historically_calibrated,1.332657,0.226552,7.8776,8.5017,0.0596,0.5645
1723,3,13,19,tou,historically_calibrated,1.332657,0.226552,9.3948,9.5032,0.0052,0.1032
1724,3,13,20,tou,historically_calibrated,1.332657,0.226552,10.1115,10.1139,0.0,0.0024
1725,3,13,21,tou,historically_calibrated,1.332657,0.226552,10.0874,10.1023,0.0,0.0148
1726,3,13,22,tou,historically_calibrated,1.332657,0.226552,9.9207,9.9231,0.0,0.0024
1727,3,13,23,tou,historically_calibrated,0.740365,0.125862,9.9565,9.9565,0.0,0.0
1728,3,13,24,tou,historically_calibrated,0.740365,0.125862,8.1478,8.1478,0.0,0.0
1729,3,14,1,tou,historically_calibrated,0.740365,0.125862,7.4442,7.4442,0.0,0.0
1730,3,14,2,tou,historically_calibrated,0.740365,0.125862,7.7746,7.7746,0.0,0.0
1731,3,14,3,tou,historically_calibrated,0.740365,0.125862,7.658,7.6728,0.0,0.0148
1732,3,14,4,tou,historically_calibrated,0.740365,0.125862,6.8784,7.443,0.0,0.5645
1733,3,14,5,tou,historically_calibrated,0.740365,0.125862,6.8256,7.6513,0.0,0.8257
1734,3,14,6,tou,historically_calibrated,0.740365,0.125862,6.961,7.7867,0.0,0.8257
1735,3,14,7,tou,historically_calibrated,0.740365,0.125862,9.2327,9.7972,0.0,0.5645
1736,3,14,8,tou,historically_calibrated,1.332657,0.226552,9.3346,10.1694,0.0091,0.8257
1737,3,14,9,tou,historically_calibrated,1.332657,0.226552,8.5371,10.1691,0.0648,1.5671
1738,3,14,10,tou,historically_calibrated,1.332657,0.226552,6.7027,9.6308,0.1413,2.7869
1739,3,14,11,tou,historically_calibrated,1.332657,0.226552,6.3557,8.7048,0.2851,2.0641
1740,3,14,12,tou,historically_calibrated,1.332657,0.226552,4.8847,8.6523,0.2631,3.5045
1741,3,14,13,tou,historically_calibrated,1.332657,0.226552,4.504,8.2962,0.2877,3.5045
1742,3,14,14,tou,historically_calibrated,1.332657,0.226552,6.402,7.843,0.2838,1.1571
1743,3,14,15,tou,historically_calibrated,1.332657,0.226552,2.0212,8.6441,0.2501,6.3728
1744,3,14,16,tou,historically_calibrated,1.332657,0.226552,9.9681,10.2082,0.1944,0.0457
1745,3,14,17,tou,historically_calibrated,1.332657,0.226552,10.6497,10.9149,0.162,0.1032
1746,3,14,18,tou,historically_calibrated,1.332657,0.226552,9.5088,10.7113,0.0454,1.1571
1747,3,14,19,tou,historically_calibrated,1.332657,0.226552,10.5036,11.0734,0.0052,0.5645
1748,3,14,20,tou,historically_calibrated,1.332657,0.226552,11.3842,11.4874,0.0,0.1032
1749,3,14,21,tou,historically_calibrated,1.332657,0.226552,11.261,11.261,0.0,0.0
1750,3,14,22,tou,historically_calibrated,1.332657,0.226552,10.854,10.8689,0.0,0.0148
1751,3,14,23,tou,historically_calibrated,0.740365,0.125862,11.0785,11.0785,0.0,0.0
1752,3,14,24,tou,historically_calibrated,0.740365,0.125862,8.961,8.961,0.0,0.0
1753,3,15,1,tou,historically_calibrated,0.740365,0.125862,8.5403,8.5403,0.0,0.0
1754,3,15,2,tou,historically_calibrated,0.740365,0.125862,8.6278,8.6278,0.0,0.0
1755,3,15,3,tou,historically_calibrated,0.740365,0.125862,8.7319,8.7319,0.0,0.0
1756,3,15,4,tou,historically_calibrated,0.740365,0.125862,8.8383,8.8383,0.0,0.0
1757,3,15,5,tou,historically_calibrated,0.740365,0.125862,8.9866,8.9866,0.0,0.0
1758,3,15,6,tou,historically_calibrated,0.740365,0.125862,9.3753,9.3753,0.0,0.0
1759,3,15,7,tou,historically_calibrated,0.740365,0.125862,11.7207,11.7207,0.0,0.0
1760,3,15,8,tou,historically_calibrated,1.332657,0.226552,11.9733,11.9798,0.0065,0.0
1761,3,15,9,tou,historically_calibrated,1.332657,0.226552,12.1217,12.1656,0.0415,0.0024
1762,3,15,10,tou,historically_calibrated,1.332657,0.226552,11.9021,12.0473,0.1452,0.0
1763,3,15,11,tou,historically_calibrated,1.332657,0.226552,11.113,11.3319,0.2164,0.0024
1764,3,15,12,tou,historically_calibrated,1.332657,0.226552,10.7385,11.0068,0.2683,0.0
1765,3,15,13,tou,historically_calibrated,1.332657,0.226552,10.8062,10.9864,0.1801,0.0
1766,3,15,14,tou,historically_calibrated,1.332657,0.226552,10.4749,10.7639,0.289,0.0
1767,3,15,15,tou,historically_calibrated,1.332657,0.226552,10.4435,10.7869,0.3434,0.0
1768,3,15,16,tou,historically_calibrated,1.332657,0.226552,10.8426,11.0432,0.1983,0.0024
1769,3,15,17,tou,historically_calibrated,1.332657,0.226552,11.3716,11.5523,0.1659,0.0148
1770,3,15,18,tou,historically_calibrated,1.332657,0.226552,11.8864,11.9654,0.0791,0.0
1771,3,15,19,tou,historically_calibrated,1.332657,0.226552,12.256,12.2812,0.0104,0.0148
1772,3,15,20,tou,historically_calibrated,1.332657,0.226552,13.3835,13.3984,0.0,0.0148
1773,3,15,21,tou,historically_calibrated,1.332657,0.226552,13.4603,13.4627,0.0,0.0024
1774,3,15,22,tou,historically_calibrated,1.332657,0.226552,13.7062,13.7062,0.0,0.0
1775,3,15,23,tou,historically_calibrated,0.740365,0.125862,13.4292,13.4292,0.0,0.0
1776,3,15,24,tou,historically_calibrated,0.740365,0.125862,10.8014,10.8014,0.0,0.0
1777,3,16,1,tou,historically_calibrated,0.740365,0.125862,10.649,10.6514,0.0,0.0024
1778,3,16,2,tou,historically_calibrated,0.740365,0.125862,10.5373,10.5373,0.0,0.0
1779,3,16,3,tou,historically_calibrated,0.740365,0.125862,10.4835,10.4835,0.0,0.0
1780,3,16,4,tou,historically_calibrated,0.740365,0.125862,11.0954,11.0954,0.0,0.0
1781,3,16,5,tou,historically_calibrated,0.740365,0.125862,11.532,11.532,0.0,0.0
1782,3,16,6,tou,historically_calibrated,0.740365,0.125862,11.9943,11.9943,0.0,0.0
1783,3,16,7,tou,historically_calibrated,0.740365,0.125862,14.98,14.98,0.0,0.0
1784,3,16,8,tou,historically_calibrated,1.332657,0.226552,15.1346,15.1618,0.0272,0.0
1785,3,16,9,tou,historically_calibrated,1.332657,0.226552,14.2128,14.3839,0.1711,0.0
1786,3,16,10,tou,historically_calibrated,1.332657,0.226552,12.5838,12.926,0.3421,0.0
1787,3,16,11,tou,historically_calibrated,1.332657,0.226552,11.0582,11.6,0.5417,0.0
1788,3,16,12,tou,historically_calibrated,1.332657,0.226552,10.3512,11.0068,0.6532,0.0024
1789,3,16,13,tou,historically_calibrated,1.332657,0.226552,8.7733,9.4861,0.7128,0.0
1790,3,16,14,tou,historically_calibrated,1.332657,0.226552,8.4769,9.147,0.67,0.0
1791,3,16,15,tou,historically_calibrated,1.332657,0.226552,8.6908,9.287,0.5962,0.0
1792,3,16,16,tou,historically_calibrated,1.332657,0.226552,8.9984,9.4844,0.486,0.0
1793,3,16,17,tou,historically_calibrated,1.332657,0.226552,9.7424,10.0457,0.3033,0.0
1794,3,16,18,tou,historically_calibrated,1.332657,0.226552,11.1272,11.2488,0.1192,0.0024
1795,3,16,19,tou,historically_calibrated,1.332657,0.226552,12.0266,12.0396,0.013,0.0
1796,3,16,20,tou,historically_calibrated,1.332657,0.226552,12.7415,12.7415,0.0,0.0
1797,3,16,21,tou,historically_calibrated,1.332657,0.226552,13.0571,13.0571,0.0,0.0
1798,3,16,22,tou,historically_calibrated,1.332657,0.226552,12.4799,12.4823,0.0,0.0024
1799,3,16,23,tou,historically_calibrated,0.740365,0.125862,12.198,12.2004,0.0,0.0024
1800,3,16,24,tou,historically_calibrated,0.740365,0.125862,9.6458,9.6458,0.0,0.0
1801,3,17,1,tou,historically_calibrated,0.740365,0.125862,8.2306,8.2306,0.0,0.0
1802,3,17,2,tou,historically_calibrated,0.740365,0.125862,7.9726,7.975,0.0,0.0024
1803,3,17,3,tou,historically_calibrated,0.740365,0.125862,7.7802,7.8835,0.0,0.1032
1804,3,17,4,tou,historically_calibrated,0.740365,0.125862,7.6853,7.9047,0.0,0.2194
1805,3,17,5,tou,historically_calibrated,0.740365,0.125862,7.7873,8.1525,0.0,0.3652
1806,3,17,6,tou,historically_calibrated,0.740365,0.125862,7.8633,8.4278,0.0,0.5645
1807,3,17,7,tou,historically_calibrated,0.740365,0.125862,9.5276,10.6847,0.0,1.1571
1808,3,17,8,tou,historically_calibrated,0.740365,0.125862,9.6042,10.7691,0.0078,1.1571
1809,3,17,9,tou,historically_calibrated,0.740365,0.125862,10.0722,10.6821,0.0454,0.5645
1810,3,17,10,tou,historically_calibrated,0.740365,0.125862,9.9176,10.3761,0.0933,0.3652
1811,3,17,11,tou,historically_calibrated,0.740365,0.125862,9.7726,10.1294,0.1374,0.2194
1812,3,17,12,tou,historically_calibrated,0.740365,0.125862,8.8705,9.4042,0.1685,0.3652
1813,3,17,13,tou,historically_calibrated,0.740365,0.125862,8.4648,9.0128,0.1827,0.3652
1814,3,17,14,tou,historically_calibrated,0.740365,0.125862,8.1329,8.7511,0.1801,0.4381
1815,3,17,15,tou,historically_calibrated,0.740365,0.125862,7.9173,8.6426,0.1607,0.5645
1816,3,17,16,tou,historically_calibrated,0.740365,0.125862,8.5946,9.0842,0.1244,0.3652
1817,3,17,17,tou,historically_calibrated,0.740365,0.125862,9.53,9.8285,0.0791,0.2194
1818,3,17,18,tou,historically_calibrated,0.740365,0.125862,9.4581,9.8544,0.0311,0.3652
1819,3,17,19,tou,historically_calibrated,0.740365,0.125862,8.9134,9.743,0.0039,0.8257
1820,3,17,20,tou,historically_calibrated,0.740365,0.125862,8.8087,9.6344,0.0,0.8257
1821,3,17,21,tou,historically_calibrated,0.740365,0.125862,8.7349,9.5606,0.0,0.8257
1822,3,17,22,tou,historically_calibrated,0.740365,0.125862,8.228,9.3852,0.0,1.1571
1823,3,17,23,tou,historically_calibrated,0.740365,0.125862,8.3834,9.2092,0.0,0.8257
1824,3,17,24,tou,historically_calibrated,0.740365,0.125862,6.4733,7.2991,0.0,0.8257
1825,3,18,1,tou,historically_calibrated,0.740365,0.125862,6.6702,7.0354,0.0,0.3652
1826,3,18,2,tou,historically_calibrated,0.740365,0.125862,6.6006,6.9658,0.0,0.3652
1827,3,18,3,tou,historically_calibrated,0.740365,0.125862,6.6897,6.9091,0.0,0.2194
1828,3,18,4,tou,historically_calibrated,0.740365,0.125862,6.4718,7.0363,0.0,0.5645
1829,3,18,5,tou,historically_calibrated,0.740365,0.125862,6.7508,7.116,0.0,0.3652
1830,3,18,6,tou,historically_calibrated,0.740365,0.125862,7.2186,7.3218,0.0,0.1032
1831,3,18,7,tou,historically_calibrated,0.740365,0.125862,9.0577,9.1609,0.0,0.1032
1832,3,18,8,tou,historically_calibrated,0.740365,0.125862,9.3963,9.5073,0.0078,0.1032
1833,3,18,9,tou,historically_calibrated,0.740365,0.125862,9.2936,9.5596,0.0467,0.2194
1834,3,18,10,tou,historically_calibrated,0.740365,0.125862,9.0011,9.3151,0.0946,0.2194
1835,3,18,11,tou,historically_calibrated,0.740365,0.125862,8.4417,8.9456,0.1387,0.3652
1836,3,18,12,tou,historically_calibrated,0.740365,0.125862,8.2166,8.4896,0.1698,0.1032
1837,3,18,13,tou,historically_calibrated,0.740365,0.125862,7.8466,8.2513,0.1853,0.2194
1838,3,18,14,tou,historically_calibrated,0.740365,0.125862,7.7713,8.3192,0.1827,0.3652
1839,3,18,15,tou,historically_calibrated,0.740365,0.125862,8.1626,8.544,0.162,0.2194
1840,3,18,16,tou,historically_calibrated,0.740365,0.125862,8.4908,8.9818,0.1257,0.3652
1841,3,18,17,tou,historically_calibrated,0.740365,0.125862,9.2369,9.8818,0.0804,0.5645
1842,3,18,18,tou,historically_calibrated,0.740365,0.125862,9.292,9.6896,0.0324,0.3652
1843,3,18,19,tou,historically_calibrated,0.740365,0.125862,9.5406,9.9097,0.0039,0.3652
1844,3,18,20,tou,historically_calibrated,0.740365,0.125862,9.5439,9.9091,0.0,0.3652
1845,3,18,21,tou,historically_calibrated,0.740365,0.125862,9.0494,9.6139,0.0,0.5645
1846,3,18,22,tou,historically_calibrated,0.740365,0.125862,8.6671,9.2316,0.0,0.5645
1847,3,18,23,tou,historically_calibrated,0.740365,0.125862,8.6473,9.0126,0.0,0.3652
1848,3,18,24,tou,historically_calibrated,0.740365,0.125862,6.6558,7.2203,0.0,0.5645
1849,3,19,1,tou,historically_calibrated,0.740365,0.125862,6.3749,7.2006,0.0,0.8257
1850,3,19,2,tou,historically_calibrated,0.740365,0.125862,5.1418,7.2059,0.0,2.0641
1851,3,19,3,tou,historically_calibrated,0.740365,0.125862,5.2014,7.2655,0.0,2.0641
1852,3,19,4,tou,historically_calibrated,0.740365,0.125862,6.2858,7.443,0.0,1.1571
1853,3,19,5,tou,historically_calibrated,0.740365,0.125862,5.629,7.693,0.0,2.0641
1854,3,19,6,tou,historically_calibrated,0.740365,0.125862,6.5631,8.1302,0.0,1.5671
1855,3,19,7,tou,historically_calibrated,0.740365,0.125862,7.2775,10.0644,0.0,2.7869
1856,3,19,8,tou,historically_calibrated,1.332657,0.226552,7.6478,10.4437,0.0091,2.7869
1857,3,19,9,tou,historically_calibrated,1.332657,0.226552,9.4076,10.6127,0.048,1.1571
1858,3,19,10,tou,historically_calibrated,1.332657,0.226552,9.4768,10.3997,0.0972,0.8257
1859,3,19,11,tou,historically_calibrated,1.332657,0.226552,8.6395,9.9379,0.1413,1.1571
1860,3,19,12,tou,historically_calibrated,1.332657,0.226552,8.2122,9.5418,0.1724,1.1571
1861,3,19,13,tou,historically_calibrated,1.332657,0.226552,7.8824,9.2274,0.1879,1.1571
1862,3,19,14,tou,historically_calibrated,1.332657,0.226552,9.0565,9.4599,0.184,0.2194
1863,3,19,15,tou,historically_calibrated,1.332657,0.226552,9.2334,9.5013,0.1646,0.1032
1864,3,19,16,tou,historically_calibrated,1.332657,0.226552,9.9229,10.0968,0.1283,0.0457
1865,3,19,17,tou,historically_calibrated,1.332657,0.226552,10.0924,10.3934,0.0816,0.2194
1866,3,19,18,tou,historically_calibrated,1.332657,0.226552,10.9017,10.9502,0.0337,0.0148
1867,3,19,19,tou,historically_calibrated,1.332657,0.226552,11.1273,11.1338,0.0065,0.0
1868,3,19,20,tou,historically_calibrated,1.332657,0.226552,11.3656,11.368,0.0,0.0024
1869,3,19,21,tou,historically_calibrated,1.332657,0.226552,11.1578,11.261,0.0,0.1032
1870,3,19,22,tou,historically_calibrated,1.332657,0.226552,10.9221,10.9245,0.0,0.0024
1871,3,19,23,tou,historically_calibrated,0.740365,0.125862,10.6896,10.7045,0.0,0.0148
1872,3,19,24,tou,historically_calibrated,0.740365,0.125862,8.873,8.8754,0.0,0.0024
1873,3,20,1,tou,historically_calibrated,0.740365,0.125862,8.4997,8.4997,0.0,0.0
1874,3,20,2,tou,historically_calibrated,0.740365,0.125862,8.5035,8.5059,0.0,0.0024
1875,3,20,3,tou,historically_calibrated,0.740365,0.125862,8.2814,8.2838,0.0,0.0024
1876,3,20,4,tou,historically_calibrated,0.740365,0.125862,8.372,8.3869,0.0,0.0148
1877,3,20,5,tou,historically_calibrated,0.740365,0.125862,8.6071,8.6528,0.0,0.0457
1878,3,20,6,tou,historically_calibrated,0.740365,0.125862,9.0724,9.0748,0.0,0.0024
1879,3,20,7,tou,historically_calibrated,0.740365,0.125862,11.2374,11.2398,0.0,0.0024
1880,3,20,8,tou,historically_calibrated,1.332657,0.226552,11.4544,11.4861,0.0168,0.0148
1881,3,20,9,tou,historically_calibrated,1.332657,0.226552,11.4495,11.5001,0.0505,0.0
1882,3,20,10,tou,historically_calibrated,1.332657,0.226552,10.904,11.0038,0.0998,0.0
1883,3,20,11,tou,historically_calibrated,1.332657,0.226552,10.6371,10.7958,0.1439,0.0148
1884,3,20,12,tou,historically_calibrated,1.332657,0.226552,9.7441,10.4836,0.175,0.5645
1885,3,20,13,tou,historically_calibrated,1.332657,0.226552,9.5935,10.0034,0.1905,0.2194
1886,3,20,14,tou,historically_calibrated,1.332657,0.226552,9.6798,10.0858,0.1866,0.2194
1887,3,20,15,tou,historically_calibrated,1.332657,0.226552,9.4137,10.1441,0.1659,0.5645
1888,3,20,16,tou,historically_calibrated,1.332657,0.226552,9.3098,10.5979,0.1309,1.1571
1889,3,20,17,tou,historically_calibrated,1.332657,0.226552,9.8324,10.7411,0.0829,0.8257
1890,3,20,18,tou,historically_calibrated,1.332657,0.226552,10.9083,11.3085,0.035,0.3652
1891,3,20,19,tou,historically_calibrated,1.332657,0.226552,11.2715,11.4961,0.0052,0.2194
1892,3,20,20,tou,historically_calibrated,1.332657,0.226552,10.5422,11.368,0.0,0.8257
1893,3,20,21,tou,historically_calibrated,1.332657,0.226552,10.6386,11.2031,0.0,0.5645
1894,3,20,22,tou,historically_calibrated,1.332657,0.226552,10.3043,10.8689,0.0,0.5645
1895,3,20,23,tou,historically_calibrated,0.740365,0.125862,10.2858,10.6511,0.0,0.3652
1896,3,20,24,tou,historically_calibrated,0.740365,0.125862,7.7928,8.6186,0.0,0.8257
1897,3,21,1,tou,historically_calibrated,0.740365,0.125862,7.3086,8.1344,0.0,0.8257
1898,3,21,2,tou,historically_calibrated,0.740365,0.125862,7.9782,8.3434,0.0,0.3652
1899,3,21,3,tou,historically_calibrated,0.740365,0.125862,8.5641,8.6097,0.0,0.0457
1900,3,21,4,tou,historically_calibrated,0.740365,0.125862,8.6695,8.7152,0.0,0.0457
1901,3,21,5,tou,historically_calibrated,0.740365,0.125862,9.1928,9.1952,0.0,0.0024
1902,3,21,6,tou,historically_calibrated,0.740365,0.125862,9.8452,9.8476,0.0,0.0024
1903,3,21,7,tou,historically_calibrated,0.740365,0.125862,12.2526,12.255,0.0,0.0024
1904,3,21,8,tou,historically_calibrated,1.332657,0.226552,12.5503,12.5833,0.0181,0.0148
1905,3,21,9,tou,historically_calibrated,1.332657,0.226552,12.1934,12.4983,0.0855,0.2194
1906,3,21,10,tou,historically_calibrated,1.332657,0.226552,12.1163,12.3219,0.1024,0.1032
1907,3,21,11,tou,historically_calibrated,1.332657,0.226552,10.5741,11.5463,0.1464,0.8257
1908,3,21,12,tou,historically_calibrated,1.332657,0.226552,5.4878,10.9545,0.1776,5.2891
1909,3,21,13,tou,historically_calibrated,1.332657,0.226552,6.7027,10.5208,0.3136,3.5045
1910,3,21,14,tou,historically_calibrated,1.332657,0.226552,6.7424,10.5553,0.3084,3.5045
1911,3,21,15,tou,historically_calibrated,1.332657,0.226552,3.8715,10.5191,0.2748,6.3728
1912,3,21,16,tou,historically_calibrated,1.332657,0.226552,2.3691,10.7092,0.2151,8.125
1913,3,21,17,tou,historically_calibrated,1.332657,0.226552,3.8184,11.5523,0.1387,7.5953
1914,3,21,18,tou,historically_calibrated,1.332657,0.226552,3.6614,11.846,0.0596,8.125
1915,3,21,19,tou,historically_calibrated,1.332657,0.226552,4.2718,12.4019,0.0052,8.125
1916,3,21,20,tou,historically_calibrated,1.332657,0.226552,4.497,12.622,0.0,8.125
1917,3,21,21,tou,historically_calibrated,1.332657,0.226552,8.8372,13.173,0.0,4.3358
1918,3,21,22,tou,historically_calibrated,1.332657,0.226552,10.1957,12.2597,0.0,2.0641
1919,3,21,23,tou,historically_calibrated,0.740365,0.125862,12.4906,13.0552,0.0,0.5645
1920,3,21,24,tou,historically_calibrated,0.740365,0.125862,8.8658,10.9298,0.0,2.0641
1921,3,22,1,tou,historically_calibrated,0.740365,0.125862,7.4992,10.2861,0.0,2.7869
1922,3,22,2,tou,historically_calibrated,0.740365,0.125862,8.067,10.1311,0.0,2.0641
1923,3,22,3,tou,historically_calibrated,0.740365,0.125862,8.8349,10.402,0.0,1.5671
1924,3,22,4,tou,historically_calibrated,0.740365,0.125862,8.3748,10.4388,0.0,2.0641
1925,3,22,5,tou,historically_calibrated,0.740365,0.125862,7.7436,10.5305,0.0,2.7869
1926,3,22,6,tou,historically_calibrated,0.740365,0.125862,7.2877,10.7922,0.0,3.5045
1927,3,22,7,tou,historically_calibrated,0.740365,0.125862,9.711,13.2168,0.0013,3.5045
1928,3,22,8,tou,historically_calibrated,1.332657,0.226552,9.9908,13.516,0.0207,3.5045
1929,3,22,9,tou,historically_calibrated,1.332657,0.226552,8.0183,13.4966,0.1892,5.2891
1930,3,22,10,tou,historically_calibrated,1.332657,0.226552,6.3364,13.0358,0.3266,6.3728
1931,3,22,11,tou,historically_calibrated,1.332657,0.226552,5.6197,12.4578,0.4653,6.3728
1932,3,22,12,tou,historically_calibrated,1.332657,0.226552,3.0518,11.7393,0.5625,8.125
1933,3,22,13,tou,historically_calibrated,1.332657,0.226552,2.765,11.0381,0.6778,7.5953
1934,3,22,14,tou,historically_calibrated,1.332657,0.226552,2.4348,11.0769,0.5171,8.125
1935,3,22,15,tou,historically_calibrated,1.332657,0.226552,2.4969,11.2155,0.5936,8.125
1936,3,22,16,tou,historically_calibrated,1.332657,0.226552,3.7856,12.0453,0.1348,8.125
1937,3,22,17,tou,historically_calibrated,1.332657,0.226552,4.3517,12.7112,0.2346,8.125
1938,3,22,18,tou,historically_calibrated,1.332657,0.226552,4.5559,12.7418,0.0609,8.125
1939,3,22,19,tou,historically_calibrated,1.332657,0.226552,5.2203,12.8247,0.0091,7.5953
1940,3,22,20,tou,historically_calibrated,1.332657,0.226552,7.3927,12.6818,0.0,5.2891
1941,3,22,21,tou,historically_calibrated,1.332657,0.226552,7.1887,12.4777,0.0,5.2891
1942,3,22,22,tou,historically_calibrated,1.332657,0.226552,4.0235,12.1485,0.0,8.125
1943,3,22,23,tou,historically_calibrated,0.740365,0.125862,8.1318,12.4675,0.0,4.3358
1944,3,22,24,tou,historically_calibrated,0.740365,0.125862,10.2702,10.3734,0.0,0.1032
1945,3,23,1,tou,historically_calibrated,0.740365,0.125862,9.6957,9.7989,0.0,0.1032
1946,3,23,2,tou,historically_calibrated,0.740365,0.125862,9.763,9.7654,0.0,0.0024
1947,3,23,3,tou,historically_calibrated,0.740365,0.125862,8.5579,9.3837,0.0,0.8257
1948,3,23,4,tou,historically_calibrated,0.740365,0.125862,7.554,9.618,0.0,2.0641
1949,3,23,5,tou,historically_calibrated,0.740365,0.125862,9.2458,10.0715,0.0,0.8257
1950,3,23,6,tou,historically_calibrated,0.740365,0.125862,10.3581,10.5775,0.0,0.2194
1951,3,23,7,tou,historically_calibrated,0.740365,0.125862,12.9961,13.2168,0.0013,0.2194
1952,3,23,8,tou,historically_calibrated,1.332657,0.226552,13.11,13.3514,0.022,0.2194
1953,3,23,9,tou,historically_calibrated,1.332657,0.226552,12.7415,13.0529,0.092,0.2194
1954,3,23,10,tou,historically_calibrated,1.332657,0.226552,12.3257,12.6514,0.1063,0.2194
1955,3,23,11,tou,historically_calibrated,1.332657,0.226552,9.9884,11.7072,0.1516,1.5671
1956,3,23,12,tou,historically_calibrated,1.332657,0.226552,9.5448,11.7916,0.1827,2.0641
1957,3,23,13,tou,historically_calibrated,1.332657,0.226552,7.9574,11.6589,0.197,3.5045
1958,3,23,14,tou,historically_calibrated,1.332657,0.226552,7.6923,11.3898,0.1931,3.5045
1959,3,23,15,tou,historically_calibrated,1.332657,0.226552,8.2562,11.2155,0.1724,2.7869
1960,3,23,16,tou,historically_calibrated,1.332657,0.226552,9.397,11.0989,0.1348,1.5671
1961,3,23,17,tou,historically_calibrated,1.332657,0.226552,7.4382,11.0308,0.0881,3.5045
1962,3,23,18,tou,historically_calibrated,1.332657,0.226552,10.2319,11.428,0.0389,1.1571
1963,3,23,19,tou,historically_calibrated,1.332657,0.226552,7.1552,11.4961,0.0052,4.3358
1964,3,23,20,tou,historically_calibrated,1.332657,0.226552,3.8324,11.4277,0.0,7.5953
1965,3,23,21,tou,historically_calibrated,1.332657,0.226552,3.6078,11.2031,0.0,7.5953
1966,3,23,22,tou,historically_calibrated,1.332657,0.226552,2.577,10.702,0.0,8.125
1967,3,23,23,tou,historically_calibrated,0.740365,0.125862,2.6863,10.8113,0.0,8.125
1968,3,23,24,tou,historically_calibrated,0.740365,0.125862,1.1517,8.747,0.0,7.5953
1969,3,24,1,tou,historically_calibrated,0.740365,0.125862,1.3349,7.7077,0.0,6.3728
1970,3,24,2,tou,historically_calibrated,0.740365,0.125862,2.4616,7.7507,0.0,5.2891
1971,3,24,3,tou,historically_calibrated,0.740365,0.125862,5.284,8.0708,0.0,2.7869
1972,3,24,4,tou,historically_calibrated,0.740365,0.125862,2.6534,7.9424,0.0,5.2891
1973,3,24,5,tou,historically_calibrated,0.740365,0.125862,5.2888,8.0757,0.0,2.7869
1974,3,24,6,tou,historically_calibrated,0.740365,0.125862,6.3242,8.3883,0.0,2.0641
1975,3,24,7,tou,historically_calibrated,0.740365,0.125862,8.3245,10.3898,0.0013,2.0641
1976,3,24,8,tou,historically_calibrated,0.740365,0.125862,8.4785,10.5672,0.0246,2.0641
1977,3,24,9,tou,historically_calibrated,0.740365,0.125862,9.5687,10.7842,0.0583,1.1571
1978,3,24,10,tou,historically_calibrated,0.740365,0.125862,11.3163,11.5382,0.1763,0.0457
1979,3,24,11,tou,historically_calibrated,0.740365,0.125862,10.8131,11.1652,0.2488,0.1032
1980,3,24,12,tou,historically_calibrated,0.740365,0.125862,10.3415,10.6558,0.2994,0.0148
1981,3,24,13,tou,historically_calibrated,0.740365,0.125862,10.0623,10.4882,0.3227,0.1032
1982,3,24,14,tou,historically_calibrated,0.740365,0.125862,10.4026,10.8146,0.2579,0.1541
1983,3,24,15,tou,historically_calibrated,0.740365,0.125862,10.9589,11.3532,0.175,0.2194
1984,3,24,16,tou,historically_calibrated,0.740365,0.125862,11.0456,11.7475,0.1374,0.5645
1985,3,24,17,tou,historically_calibrated,0.740365,0.125862,11.9186,12.2274,0.0894,0.2194
1986,3,24,18,tou,historically_calibrated,0.740365,0.125862,12.0634,13.2608,0.0402,1.1571
1987,3,24,19,tou,historically_calibrated,0.740365,0.125862,13.3022,13.3544,0.0065,0.0457
1988,3,24,20,tou,historically_calibrated,0.740365,0.125862,12.8953,13.2605,0.0,0.3652
1989,3,24,21,tou,historically_calibrated,0.740365,0.125862,12.4469,12.8121,0.0,0.3652
1990,3,24,22,tou,historically_calibrated,0.740365,0.125862,12.3392,12.5585,0.0,0.2194
1991,3,24,23,tou,historically_calibrated,0.740365,0.125862,12.0059,12.1091,0.0,0.1032
1992,3,24,24,tou,historically_calibrated,0.740365,0.125862,9.8523,9.8979,0.0,0.0457
1993,3,25,1,tou,historically_calibrated,0.740365,0.125862,9.5296,9.5752,0.0,0.0457
1994,3,25,2,tou,historically_calibrated,0.740365,0.125862,9.9411,9.956,0.0,0.0148
1995,3,25,3,tou,historically_calibrated,0.740365,0.125862,9.9364,9.9821,0.0,0.0457
1996,3,25,4,tou,historically_calibrated,0.740365,0.125862,10.2078,10.2078,0.0,0.0
1997,3,25,5,tou,historically_calibrated,0.740365,0.125862,10.5686,10.571,0.0,0.0024
1998,3,25,6,tou,historically_calibrated,0.740365,0.125862,10.8768,10.8768,0.0,0.0
1999,3,25,7,tou,historically_calibrated,0.740365,0.125862,13.4692,13.4866,0.0026,0.0148
2000,3,25,8,tou,historically_calibrated,0.740365,0.125862,13.3348,13.3937,0.0441,0.0148
2001,3,25,9,tou,historically_calibrated,0.740365,0.125862,12.4042,12.9781,0.2087,0.3652
2002,3,25,10,tou,historically_calibrated,0.740365,0.125862,11.4671,12.4477,0.416,0.5645
2003,3,25,11,tou,historically_calibrated,0.740365,0.125862,10.0166,11.6584,0.4847,1.1571
2004,3,25,12,tou,historically_calibrated,0.740365,0.125862,9.2357,11.0409,0.648,1.1571
2005,3,25,13,tou,historically_calibrated,0.740365,0.125862,9.037,10.8214,0.6273,1.1571
2006,3,25,14,tou,historically_calibrated,0.740365,0.125862,7.3888,10.8625,0.6869,2.7869
2007,3,25,15,tou,historically_calibrated,0.740365,0.125862,7.3256,10.6632,0.5508,2.7869
2008,3,25,16,tou,historically_calibrated,0.740365,0.125862,7.2526,11.1329,0.3758,3.5045
2009,3,25,17,tou,historically_calibrated,0.740365,0.125862,5.2273,11.801,0.2009,6.3728
2010,3,25,18,tou,historically_calibrated,0.740365,0.125862,5.1036,12.7663,0.0674,7.5953
2011,3,25,19,tou,historically_calibrated,0.740365,0.125862,6.0304,13.6322,0.0065,7.5953
2012,3,25,20,tou,historically_calibrated,0.740365,0.125862,5.6849,13.8099,0.0,8.125
2013,3,25,21,tou,historically_calibrated,0.740365,0.125862,5.4333,13.5583,0.0,8.125
2014,3,25,22,tou,historically_calibrated,0.740365,0.125862,5.8334,13.4287,0.0,7.5953
2015,3,25,23,tou,historically_calibrated,0.740365,0.125862,12.8252,13.1904,0.0,0.3652
2016,3,25,24,tou,historically_calibrated,0.740365,0.125862,5.7197,10.0554,0.0,4.3358
2017,3,26,1,tou,historically_calibrated,0.740365,0.125862,2.4046,10.5296,0.0,8.125
2018,3,26,2,tou,historically_calibrated,0.740365,0.125862,4.3677,10.7405,0.0,6.3728
2019,3,26,3,tou,historically_calibrated,0.740365,0.125862,1.9104,10.0354,0.0,8.125
2020,3,26,4,tou,historically_calibrated,0.740365,0.125862,3.9839,10.3567,0.0,6.3728
2021,3,26,5,tou,historically_calibrated,0.740365,0.125862,1.9882,10.1132,0.0,8.125
2022,3,26,6,tou,historically_calibrated,0.740365,0.125862,4.1188,10.4916,0.0,6.3728
2023,3,26,7,tou,historically_calibrated,0.740365,0.125862,8.7813,14.0717,0.0013,5.2891
2024,3,26,8,tou,historically_calibrated,1.332657,0.226552,7.325,13.7354,0.0376,6.3728
2025,3,26,9,tou,historically_calibrated,1.332657,0.226552,10.5736,13.4966,0.1361,2.7869
2026,3,26,10,tou,historically_calibrated,1.332657,0.226552,8.2857,12.926,0.3046,4.3358
2027,3,26,11,tou,historically_calibrated,1.332657,0.226552,8.1404,12.1361,0.4912,3.5045
2028,3,26,12,tou,historically_calibrated,1.332657,0.226552,8.9312,11.5823,0.5871,2.0641
2029,3,26,13,tou,historically_calibrated,1.332657,0.226552,9.8024,11.8141,0.4445,1.5671
2030,3,26,14,tou,historically_calibrated,1.332657,0.226552,7.2478,12.1201,0.5365,4.3358
2031,3,26,15,tou,historically_calibrated,1.332657,0.226552,10.1006,12.5547,0.3901,2.0641
2032,3,26,16,tou,historically_calibrated,1.332657,0.226552,9.1453,12.8804,0.2307,3.5045
2033,3,26,17,tou,historically_calibrated,1.332657,0.226552,11.5893,13.4066,0.2501,1.5671
2034,3,26,18,tou,historically_calibrated,1.332657,0.226552,12.9298,14.2347,0.1477,1.1571
2035,3,26,19,tou,historically_calibrated,1.332657,0.226552,15.2836,15.663,0.0143,0.3652
2036,3,26,20,tou,historically_calibrated,1.332657,0.226552,15.0038,15.369,0.0,0.3652
2037,3,26,21,tou,historically_calibrated,1.332657,0.226552,14.7349,14.7373,0.0,0.0024
2038,3,26,22,tou,historically_calibrated,1.332657,0.226552,14.2626,14.2626,0.0,0.0
2039,3,26,23,tou,historically_calibrated,0.740365,0.125862,14.0679,14.0703,0.0,0.0024
2040,3,26,24,tou,historically_calibrated,0.740365,0.125862,11.5998,11.6146,0.0,0.0148
2041,3,27,1,tou,historically_calibrated,0.740365,0.125862,11.0674,11.098,0.0,0.0306
2042,3,27,2,tou,historically_calibrated,0.740365,0.125862,11.1011,11.1467,0.0,0.0457
2043,3,27,3,tou,historically_calibrated,0.740365,0.125862,10.9574,10.9723,0.0,0.0148
2044,3,27,4,tou,historically_calibrated,0.740365,0.125862,10.9922,11.0954,0.0,0.1032
2045,3,27,5,tou,historically_calibrated,0.740365,0.125862,11.2201,11.3233,0.0,0.1032
2046,3,27,6,tou,historically_calibrated,0.740365,0.125862,11.5906,11.6938,0.0,0.1032
2047,3,27,7,tou,historically_calibrated,0.740365,0.125862,14.0766,14.4457,0.0039,0.3652
2048,3,27,8,tou,historically_calibrated,1.332657,0.226552,14.1787,14.4486,0.0505,0.2194
2049,3,27,9,tou,historically_calibrated,1.332657,0.226552,14.1203,14.3285,0.105,0.1032
2050,3,27,10,tou,historically_calibrated,1.332657,0.226552,13.1228,13.5301,0.1879,0.2194
2051,3,27,11,tou,historically_calibrated,1.332657,0.226552,11.4788,12.565,0.2605,0.8257
2052,3,27,12,tou,historically_calibrated,1.332657,0.226552,11.6909,12.3672,0.311,0.3652
2053,3,27,13,tou,historically_calibrated,1.332657,0.226552,11.0435,11.8141,0.2061,0.5645
2054,3,27,14,tou,historically_calibrated,1.332657,0.226552,10.7274,11.4942,0.2022,0.5645
2055,3,27,15,tou,historically_calibrated,1.332657,0.226552,11.4052,11.8047,0.1801,0.2194
2056,3,27,16,tou,historically_calibrated,1.332657,0.226552,11.9666,12.2124,0.1426,0.1032
2057,3,27,17,tou,historically_calibrated,1.332657,0.226552,12.5134,12.7112,0.0946,0.1032
2058,3,27,18,tou,historically_calibrated,1.332657,0.226552,13.474,13.5181,0.0441,0.0
2059,3,27,19,tou,historically_calibrated,1.332657,0.226552,13.8396,13.8513,0.0117,0.0
2060,3,27,20,tou,historically_calibrated,1.332657,0.226552,14.0553,14.0553,0.0,0.0
2061,3,27,21,tou,historically_calibrated,1.332657,0.226552,13.6365,13.6365,0.0,0.0
2062,3,27,22,tou,historically_calibrated,1.332657,0.226552,13.1499,13.1499,0.0,0.0
2063,3,27,23,tou,historically_calibrated,0.740365,0.125862,12.7857,12.7881,0.0,0.0024
2064,3,27,24,tou,historically_calibrated,0.740365,0.125862,10.3282,10.3306,0.0,0.0024
2065,3,28,1,tou,historically_calibrated,0.740365,0.125862,9.9392,10.0425,0.0,0.1032
2066,3,28,2,tou,historically_calibrated,0.740365,0.125862,9.7116,10.5373,0.0,0.8257
2067,3,28,3,tou,historically_calibrated,0.740365,0.125862,10.4441,10.8093,0.0,0.3652
2068,3,28,4,tou,historically_calibrated,0.740365,0.125862,10.5067,10.7261,0.0,0.2194
2069,3,28,5,tou,historically_calibrated,0.740365,0.125862,9.5058,11.073,0.0,1.5671
2070,3,28,6,tou,historically_calibrated,0.740365,0.125862,11.9943,11.9943,0.0,0.0
2071,3,28,7,tou,historically_calibrated,0.740365,0.125862,14.7475,14.7663,0.0039,0.0148
2072,3,28,8,tou,historically_calibrated,1.332657,0.226552,14.8099,14.8875,0.0752,0.0024
2073,3,28,9,tou,historically_calibrated,1.332657,0.226552,14.0231,14.273,0.2475,0.0024
2074,3,28,10,tou,historically_calibrated,1.332657,0.226552,13.1279,13.3653,0.1918,0.0457
2075,3,28,11,tou,historically_calibrated,1.332657,0.226552,12.5024,12.9403,0.4355,0.0024
2076,3,28,12,tou,historically_calibrated,1.332657,0.226552,11.3793,12.0009,0.5184,0.1032
2077,3,28,13,tou,historically_calibrated,1.332657,0.226552,10.6516,11.4002,0.6454,0.1032
2078,3,28,14,tou,historically_calibrated,1.332657,0.226552,10.3379,11.4942,0.3305,0.8257
2079,3,28,15,tou,historically_calibrated,1.332657,0.226552,11.5625,12.1797,0.3979,0.2194
2080,3,28,16,tou,historically_calibrated,1.332657,0.226552,13.163,13.7712,0.3888,0.2194
2081,3,28,17,tou,historically_calibrated,1.332657,0.226552,13.6414,14.044,0.2994,0.1032
2082,3,28,18,tou,historically_calibrated,1.332657,0.226552,12.9886,13.9361,0.1218,0.8257
2083,3,28,19,tou,historically_calibrated,1.332657,0.226552,13.312,14.1533,0.0156,0.8257
2084,3,28,20,tou,historically_calibrated,1.332657,0.226552,14.7262,14.7719,0.0,0.0457
2085,3,28,21,tou,historically_calibrated,1.332657,0.226552,14.3444,14.4476,0.0,0.1032
2086,3,28,22,tou,historically_calibrated,1.332657,0.226552,14.3714,14.3738,0.0,0.0024
2087,3,28,23,tou,historically_calibrated,0.740365,0.125862,13.8007,13.8031,0.0,0.0024
2088,3,28,24,tou,historically_calibrated,0.740365,0.125862,11.3578,11.3578,0.0,0.0
2089,3,29,1,tou,historically_calibrated,0.740365,0.125862,10.6514,10.6514,0.0,0.0
2090,3,29,2,tou,historically_calibrated,0.740365,0.125862,10.5631,10.578,0.0,0.0148
2091,3,29,3,tou,historically_calibrated,0.740365,0.125862,10.8069,10.8093,0.0,0.0024
2092,3,29,4,tou,historically_calibrated,0.740365,0.125862,10.8058,10.8082,0.0,0.0024
2093,3,29,5,tou,historically_calibrated,0.740365,0.125862,10.9036,10.9061,0.0,0.0024
2094,3,29,6,tou,historically_calibrated,0.740365,0.125862,11.2191,11.2215,0.0,0.0024
2095,3,29,7,tou,historically_calibrated,0.740365,0.125862,13.7845,13.8045,0.0052,0.0148
2096,3,29,8,tou,historically_calibrated,1.332657,0.226552,13.7501,13.9,0.0467,0.1032
2097,3,29,9,tou,historically_calibrated,1.332657,0.226552,13.5934,13.7184,0.1102,0.0148
2098,3,29,10,tou,historically_calibrated,1.332657,0.226552,12.7806,13.1456,0.2618,0.1032
2099,3,29,11,tou,historically_calibrated,1.332657,0.226552,11.6918,12.3505,0.4393,0.2194
2100,3,29,12,tou,historically_calibrated,1.332657,0.226552,11.215,11.687,0.4264,0.0457
2101,3,29,13,tou,historically_calibrated,1.332657,0.226552,10.535,11.0381,0.4575,0.0457
2102,3,29,14,tou,historically_calibrated,1.332657,0.226552,10.6287,11.1812,0.3331,0.2194
2103,3,29,15,tou,historically_calibrated,1.332657,0.226552,10.2358,10.9476,0.4925,0.2194
2104,3,29,16,tou,historically_calibrated,1.332657,0.226552,9.5464,11.2103,0.5067,1.1571
2105,3,29,17,tou,historically_calibrated,1.332657,0.226552,10.587,11.9579,0.2138,1.1571
2106,3,29,18,tou,historically_calibrated,1.332657,0.226552,12.3875,12.682,0.0752,0.2194
2107,3,29,19,tou,historically_calibrated,1.332657,0.226552,12.8215,12.9455,0.0207,0.1032
2108,3,29,20,tou,historically_calibrated,1.332657,0.226552,12.8207,13.0401,0.0,0.2194
2109,3,29,21,tou,historically_calibrated,1.332657,0.226552,12.3163,12.5357,0.0,0.2194
2110,3,29,22,tou,historically_calibrated,1.332657,0.226552,11.5283,12.0928,0.0,0.5645
2111,3,29,23,tou,historically_calibrated,0.740365,0.125862,10.509,11.6661,0.0,1.1571
2112,3,29,24,tou,historically_calibrated,0.740365,0.125862,7.7791,9.3462,0.0,1.5671
2113,3,30,1,tou,historically_calibrated,0.740365,0.125862,6.0782,8.8651,0.0,2.7869
2114,3,30,2,tou,historically_calibrated,0.740365,0.125862,2.7426,9.1154,0.0,6.3728
2115,3,30,3,tou,historically_calibrated,0.740365,0.125862,6.0014,9.5059,0.0,3.5045
2116,3,30,4,tou,historically_calibrated,0.740365,0.125862,5.9904,9.4949,0.0,3.5045
2117,3,30,5,tou,historically_calibrated,0.740365,0.125862,6.7839,9.5708,0.0,2.7869
2118,3,30,6,tou,historically_calibrated,0.740365,0.125862,7.6547,9.7188,0.0,2.0641
2119,3,30,7,tou,historically_calibrated,0.740365,0.125862,10.3126,11.881,0.0013,1.5671
2120,3,30,8,tou,historically_calibrated,1.332657,0.226552,10.1699,11.7604,0.0233,1.5671
2121,3,30,9,tou,historically_calibrated,1.332657,0.226552,11.9317,12.221,0.07,0.2194
2122,3,30,10,tou,historically_calibrated,1.332657,0.226552,11.2645,12.212,0.1218,0.8257
2123,3,30,11,tou,historically_calibrated,1.332657,0.226552,11.2297,11.7608,0.1659,0.3652
2124,3,30,12,tou,historically_calibrated,1.332657,0.226552,10.2281,11.1114,0.3188,0.5645
2125,3,30,13,tou,historically_calibrated,1.332657,0.226552,9.0055,10.7277,0.5651,1.1571
2126,3,30,14,tou,historically_calibrated,1.332657,0.226552,8.5867,10.6074,0.4536,1.5671
2127,3,30,15,tou,historically_calibrated,1.332657,0.226552,8.707,10.6798,0.4056,1.5671
2128,3,30,16,tou,historically_calibrated,1.332657,0.226552,10.1991,11.2659,0.2411,0.8257
2129,3,30,17,tou,historically_calibrated,1.332657,0.226552,10.9123,11.9,0.162,0.8257
2130,3,30,18,tou,historically_calibrated,1.332657,0.226552,11.5946,12.3237,0.1646,0.5645
2131,3,30,19,tou,historically_calibrated,1.332657,0.226552,11.4643,12.6435,0.022,1.1571
2132,3,30,20,tou,historically_calibrated,1.332657,0.226552,12.0352,12.8609,0.0,0.8257
2133,3,30,21,tou,historically_calibrated,1.332657,0.226552,11.652,12.4777,0.0,0.8257
2134,3,30,22,tou,historically_calibrated,1.332657,0.226552,10.4701,12.0372,0.0,1.5671
2135,3,30,23,tou,historically_calibrated,0.740365,0.125862,10.8938,11.7196,0.0,0.8257
2136,3,30,24,tou,historically_calibrated,0.740365,0.125862,7.8219,9.389,0.0,1.5671
2137,3,31,1,tou,historically_calibrated,0.740365,0.125862,6.1292,8.1933,0.0,2.0641
2138,3,31,2,tou,historically_calibrated,0.740365,0.125862,7.523,8.3488,0.0,0.8257
2139,3,31,3,tou,historically_calibrated,0.740365,0.125862,7.5824,8.4081,0.0,0.8257
2140,3,31,4,tou,historically_calibrated,0.740365,0.125862,7.9442,8.5088,0.0,0.5645
2141,3,31,5,tou,historically_calibrated,0.740365,0.125862,8.1254,8.6899,0.0,0.5645
2142,3,31,6,tou,historically_calibrated,0.740365,0.125862,8.8526,9.2178,0.0,0.3652
2143,3,31,7,tou,historically_calibrated,0.740365,0.125862,10.657,11.2255,0.0039,0.5645
2144,3,31,8,tou,historically_calibrated,0.740365,0.125862,11.1165,11.3748,0.0389,0.2194
2145,3,31,9,tou,historically_calibrated,0.740365,0.125862,10.25,11.1923,0.1166,0.8257
2146,3,31,10,tou,historically_calibrated,0.740365,0.125862,10.4611,10.8814,0.2009,0.2194
2147,3,31,11,tou,historically_calibrated,0.740365,0.125862,9.8845,10.376,0.2722,0.2194
2148,3,31,12,tou,historically_calibrated,0.740365,0.125862,10.0373,10.4632,0.3227,0.1032
2149,3,31,13,tou,historically_calibrated,0.740365,0.125862,9.5743,9.9647,0.3447,0.0457
2150,3,31,14,tou,historically_calibrated,0.740365,0.125862,9.208,9.6629,0.4549,0.0
2151,3,31,15,tou,historically_calibrated,0.740365,0.125862,8.7619,9.8254,0.499,0.5645
2152,3,31,16,tou,historically_calibrated,0.740365,0.125862,8.6314,9.5964,0.4005,0.5645
2153,3,31,17,tou,historically_calibrated,0.740365,0.125862,9.7827,10.095,0.3123,0.0
2154,3,31,18,tou,historically_calibrated,0.740365,0.125862,10.4385,10.6236,0.1827,0.0024
2155,3,31,19,tou,historically_calibrated,0.740365,0.125862,11.4815,11.5209,0.0246,0.0148
2156,3,31,20,tou,historically_calibrated,0.740365,0.125862,11.6123,11.6123,0.0,0.0
2157,3,31,21,tou,historically_calibrated,0.740365,0.125862,11.3806,11.4262,0.0,0.0457
2158,3,31,22,tou,historically_calibrated,0.740365,0.125862,11.023,11.023,0.0,0.0
2159,3,31,23,tou,historically_calibrated,0.740365,0.125862,10.4871,10.4871,0.0,0.0
2160,3,31,24,tou,historically_calibrated,0.740365,0.125862,8.1653,8.1653,0.0,0.0
2161,4,1,1,tou,historically_calibrated,0.740365,0.125862,7.4836,7.4836,0.0,0.0
2162,4,1,2,tou,historically_calibrated,0.740365,0.125862,6.6629,7.2274,0.0,0.5645
2163,4,1,3,tou,historically_calibrated,0.740365,0.125862,6.8396,7.059,0.0,0.2194
2164,4,1,4,tou,historically_calibrated,0.740365,0.125862,6.434,6.9986,0.0,0.5645
2165,4,1,5,tou,historically_calibrated,0.740365,0.125862,2.7035,7.0392,0.0,4.3358
2166,4,1,6,tou,historically_calibrated,0.740365,0.125862,5.6362,7.2033,0.0,1.5671
2167,4,1,7,tou,historically_calibrated,0.740365,0.125862,7.5096,8.6693,0.0026,1.1571
2168,4,1,8,tou,historically_calibrated,0.740365,0.125862,6.8827,8.4978,0.048,1.5671
2169,4,1,9,tou,historically_calibrated,0.740365,0.125862,5.3161,8.182,0.0791,2.7869
2170,4,1,10,tou,historically_calibrated,0.740365,0.125862,6.0508,7.7488,0.1309,1.5671
2171,4,1,11,tou,historically_calibrated,0.740365,0.125862,5.6284,6.9233,0.4692,0.8257
2172,4,1,12,tou,historically_calibrated,0.740365,0.125862,4.6639,6.5641,0.3331,1.5671
2173,4,1,13,tou,historically_calibrated,0.740365,0.125862,4.0724,6.4902,0.3538,2.0641
2174,4,1,14,tou,historically_calibrated,0.740365,0.125862,3.1827,6.5437,0.5741,2.7869
2175,4,1,15,tou,historically_calibrated,0.740365,0.125862,3.4165,6.7205,0.5171,2.7869
2176,4,1,16,tou,historically_calibrated,0.740365,0.125862,3.2258,6.9843,0.254,3.5045
2177,4,1,17,tou,historically_calibrated,0.740365,0.125862,5.0306,7.2696,0.175,2.0641
2178,4,1,18,tou,historically_calibrated,0.740365,0.125862,4.6157,7.492,0.0894,2.7869
2179,4,1,19,tou,historically_calibrated,0.740365,0.125862,6.7194,7.5762,0.0311,0.8257
2180,4,1,20,tou,historically_calibrated,0.740365,0.125862,4.7049,7.4918,0.0,2.7869
2181,4,1,21,tou,historically_calibrated,0.740365,0.125862,5.7015,7.2686,0.0,1.5671
2182,4,1,22,tou,historically_calibrated,0.740365,0.125862,4.551,7.3378,0.0,2.7869
2183,4,1,23,tou,historically_calibrated,0.740365,0.125862,5.8726,7.4397,0.0,1.5671
2184,4,1,24,tou,historically_calibrated,0.740365,0.125862,3.2521,6.039,0.0,2.7869
2185,4,2,1,tou,historically_calibrated,0.740365,0.125862,5.5223,6.348,0.0,0.8257
2186,4,2,2,tou,historically_calibrated,0.740365,0.125862,1.348,6.6371,0.0,5.2891
2187,4,2,3,tou,historically_calibrated,0.740365,0.125862,-1.1854,6.9396,0.0,8.125
2188,4,2,4,tou,historically_calibrated,0.740365,0.125862,-0.8872,7.2378,0.0,8.125
2189,4,2,5,tou,historically_calibrated,0.740365,0.125862,-0.6406,7.4844,0.0,8.125
2190,4,2,6,tou,historically_calibrated,0.740365,0.125862,1.4569,7.8297,0.0,6.3728
2191,4,2,7,tou,historically_calibrated,0.740365,0.125862,4.4495,9.7438,0.0052,5.2891
2192,4,2,8,tou,historically_calibrated,1.332657,0.226552,7.135,10.0048,0.0829,2.7869
2193,4,2,9,tou,historically_calibrated,1.332657,0.226552,4.5814,10.0027,0.1322,5.2891
2194,4,2,10,tou,historically_calibrated,1.332657,0.226552,6.9008,9.9054,0.2177,2.7869
2195,4,2,11,tou,historically_calibrated,1.332657,0.226552,5.4026,9.2946,0.3875,3.5045
2196,4,2,12,tou,historically_calibrated,1.332657,0.226552,1.6341,8.6523,0.6454,6.3728
2197,4,2,13,tou,historically_calibrated,1.332657,0.226552,3.6041,7.9341,0.8256,3.5045
2198,4,2,14,tou,historically_calibrated,1.332657,0.226552,1.6917,7.7908,0.81,5.2891
2199,4,2,15,tou,historically_calibrated,1.332657,0.226552,3.7672,8.0013,0.7296,3.5045
2200,4,2,16,tou,historically_calibrated,1.332657,0.226552,3.8859,7.9813,0.591,3.5045
2201,4,2,17,tou,historically_calibrated,1.332657,0.226552,4.6549,8.5391,0.3797,3.5045
2202,4,2,18,tou,historically_calibrated,1.332657,0.226552,6.9586,9.2184,0.1957,2.0641
2203,4,2,19,tou,historically_calibrated,1.332657,0.226552,9.0678,9.926,0.0324,0.8257
2204,4,2,20,tou,historically_calibrated,1.332657,0.226552,9.9543,10.1736,0.0,0.2194
2205,4,2,21,tou,historically_calibrated,1.332657,0.226552,9.7673,9.8705,0.0,0.1032
2206,4,2,22,tou,historically_calibrated,1.332657,0.226552,9.3748,9.478,0.0,0.1032
2207,4,2,23,tou,historically_calibrated,0.740365,0.125862,8.7899,9.1551,0.0,0.3652
2208,4,2,24,tou,historically_calibrated,0.740365,0.125862,7.3625,7.3773,0.0,0.0148
2209,4,3,1,tou,historically_calibrated,0.740365,0.125862,6.9164,6.9164,0.0,0.0
2210,4,3,2,tou,historically_calibrated,0.740365,0.125862,7.191,7.2059,0.0,0.0148
2211,4,3,3,tou,historically_calibrated,0.740365,0.125862,7.3062,7.3062,0.0,0.0
2212,4,3,4,tou,historically_calibrated,0.740365,0.125862,7.7302,7.7302,0.0,0.0
2213,4,3,5,tou,historically_calibrated,0.740365,0.125862,7.941,7.9434,0.0,0.0024
2214,4,3,6,tou,historically_calibrated,0.740365,0.125862,8.1302,8.1302,0.0,0.0
2215,4,3,7,tou,historically_calibrated,0.740365,0.125862,10.3199,10.3315,0.0117,0.0
2216,4,3,8,tou,historically_calibrated,1.332657,0.226552,9.7049,9.8402,0.1205,0.0148
2217,4,3,9,tou,historically_calibrated,1.332657,0.226552,8.3681,8.6717,0.2579,0.0457
2218,4,3,10,tou,historically_calibrated,1.332657,0.226552,7.0242,7.489,0.3616,0.1032
2219,4,3,11,tou,historically_calibrated,1.332657,0.226552,6.4675,7.3109,0.4782,0.3652
2220,4,3,12,tou,historically_calibrated,1.332657,0.226552,5.8543,7.1349,0.4549,0.8257
2221,4,3,13,tou,historically_calibrated,1.332657,0.226552,5.586,7.0546,0.6428,0.8257
2222,4,3,14,tou,historically_calibrated,1.332657,0.226552,5.534,7.1127,0.753,0.8257
2223,4,3,15,tou,historically_calibrated,1.332657,0.226552,5.4155,7.3049,0.7322,1.1571
2224,4,3,16,tou,historically_calibrated,1.332657,0.226552,5.9394,7.5916,0.4951,1.1571
2225,4,3,17,tou,historically_calibrated,1.332657,0.226552,6.9536,7.9017,0.3836,0.5645
2226,4,3,18,tou,historically_calibrated,1.332657,0.226552,8.0029,8.1434,0.1257,0.0148
2227,4,3,19,tou,historically_calibrated,1.332657,0.226552,8.1995,8.235,0.0207,0.0148
2228,4,3,20,tou,historically_calibrated,1.332657,0.226552,8.0976,8.1433,0.0,0.0457
2229,4,3,21,tou,historically_calibrated,1.332657,0.226552,7.6813,7.9006,0.0,0.2194
2230,4,3,22,tou,historically_calibrated,1.332657,0.226552,7.2213,7.5865,0.0,0.3652
2231,4,3,23,tou,historically_calibrated,0.740365,0.125862,6.9201,7.2853,0.0,0.3652
2232,4,3,24,tou,historically_calibrated,0.740365,0.125862,5.5569,5.9221,0.0,0.3652
2233,4,4,1,tou,historically_calibrated,0.740365,0.125862,5.6359,5.7391,0.0,0.1032
2234,4,4,2,tou,historically_calibrated,0.740365,0.125862,5.8432,5.9464,0.0,0.1032
2235,4,4,3,tou,historically_calibrated,0.740365,0.125862,5.7773,5.8805,0.0,0.1032
2236,4,4,4,tou,historically_calibrated,0.740365,0.125862,6.3759,6.376,0.0,0.0
2237,4,4,5,tou,historically_calibrated,0.740365,0.125862,6.8437,6.8585,0.0,0.0148
2238,4,4,6,tou,historically_calibrated,0.740365,0.125862,7.3574,7.3574,0.0,0.0
2239,4,4,7,tou,historically_calibrated,0.740365,0.125862,9.3542,9.3698,0.0156,0.0
2240,4,4,8,tou,historically_calibrated,1.332657,0.226552,9.2834,9.4013,0.1179,0.0
2241,4,4,9,tou,historically_calibrated,1.332657,0.226552,8.0191,8.2835,0.2644,0.0
2242,4,4,10,tou,historically_calibrated,1.332657,0.226552,7.3442,7.8185,0.4743,0.0
2243,4,4,11,tou,historically_calibrated,1.332657,0.226552,6.7497,7.3109,0.5612,0.0
2244,4,4,12,tou,historically_calibrated,1.332657,0.226552,6.4079,7.1349,0.7271,0.0
2245,4,4,13,tou,historically_calibrated,1.332657,0.226552,6.4558,7.0546,0.5988,0.0
2246,4,4,14,tou,historically_calibrated,1.332657,0.226552,6.3291,7.1127,0.6804,0.1032
2247,4,4,15,tou,historically_calibrated,1.332657,0.226552,5.3621,7.5435,0.6143,1.5671
2248,4,4,16,tou,historically_calibrated,1.332657,0.226552,6.4146,7.5916,0.3512,0.8257
2249,4,4,17,tou,historically_calibrated,1.332657,0.226552,7.3538,7.9017,0.1827,0.3652
2250,4,4,18,tou,historically_calibrated,1.332657,0.226552,7.8282,8.1434,0.0959,0.2194
2251,4,4,19,tou,historically_calibrated,1.332657,0.226552,8.1176,8.235,0.0143,0.1032
2252,4,4,20,tou,historically_calibrated,1.332657,0.226552,7.778,8.1433,0.0,0.3652
2253,4,4,21,tou,historically_calibrated,1.332657,0.226552,7.6813,7.9006,0.0,0.2194
2254,4,4,22,tou,historically_calibrated,1.332657,0.226552,6.4293,7.5865,0.0,1.1571
2255,4,4,23,tou,historically_calibrated,0.740365,0.125862,5.7181,7.2853,0.0,1.5671
2256,4,4,24,tou,historically_calibrated,0.740365,0.125862,5.4713,5.8365,0.0,0.3652
2257,4,5,1,tou,historically_calibrated,0.740365,0.125862,4.9715,5.5361,0.0,0.5645
2258,4,5,2,tou,historically_calibrated,0.740365,0.125862,5.3614,5.5808,0.0,0.2194
2259,4,5,3,tou,historically_calibrated,0.740365,0.125862,5.7842,5.7991,0.0,0.0148
2260,4,5,4,tou,historically_calibrated,0.740365,0.125862,6.0887,6.0887,0.0,0.0
2261,4,5,5,tou,historically_calibrated,0.740365,0.125862,6.316,6.316,0.0,0.0
2262,4,5,6,tou,historically_calibrated,0.740365,0.125862,6.5846,6.5846,0.0,0.0
2263,4,5,7,tou,historically_calibrated,0.740365,0.125862,8.6178,8.6217,0.0039,0.0
2264,4,5,8,tou,historically_calibrated,1.332657,0.226552,9.2017,9.2367,0.035,0.0
2265,4,5,9,tou,historically_calibrated,1.332657,0.226552,9.3058,9.3927,0.0868,0.0
2266,4,5,10,tou,historically_calibrated,1.332657,0.226552,9.1626,9.3013,0.1387,0.0
2267,4,5,11,tou,historically_calibrated,1.332657,0.226552,8.7902,8.9729,0.1827,0.0
2268,4,5,12,tou,historically_calibrated,1.332657,0.226552,8.3726,8.5999,0.2125,0.0148
2269,4,5,13,tou,historically_calibrated,1.332657,0.226552,7.6538,8.2445,0.2255,0.3652
2270,4,5,14,tou,historically_calibrated,1.332657,0.226552,8.0398,8.6254,0.2203,0.3652
2271,4,5,15,tou,historically_calibrated,1.332657,0.226552,7.9186,8.4834,0.1996,0.3652
2272,4,5,16,tou,historically_calibrated,1.332657,0.226552,8.1221,8.6494,0.162,0.3652
2273,4,5,17,tou,historically_calibrated,1.332657,0.226552,7.8605,8.5391,0.114,0.5645
2274,4,5,18,tou,historically_calibrated,1.332657,0.226552,8.6131,9.0392,0.0609,0.3652
2275,4,5,19,tou,historically_calibrated,1.332657,0.226552,7.9591,9.1409,0.0246,1.1571
2276,4,5,20,tou,historically_calibrated,1.332657,0.226552,5.1797,9.5167,0.0013,4.3358
2277,4,5,21,tou,historically_calibrated,1.332657,0.226552,8.9451,10.1023,0.0,1.1571
2278,4,5,22,tou,historically_calibrated,1.332657,0.226552,9.6135,9.9787,0.0,0.3652
2279,4,5,23,tou,historically_calibrated,0.740365,0.125862,9.6303,9.8497,0.0,0.2194
2280,4,5,24,tou,historically_calibrated,0.740365,0.125862,7.8733,7.9766,0.0,0.1032
2281,4,6,1,tou,historically_calibrated,0.740365,0.125862,7.6252,7.7284,0.0,0.1032
2282,4,6,2,tou,historically_calibrated,0.740365,0.125862,7.7696,7.8153,0.0,0.0457
2283,4,6,3,tou,historically_calibrated,0.740365,0.125862,8.1061,8.1209,0.0,0.0148
2284,4,6,4,tou,historically_calibrated,0.740365,0.125862,8.2637,8.2637,0.0,0.0
2285,4,6,5,tou,historically_calibrated,0.740365,0.125862,8.611,8.611,0.0,0.0
2286,4,6,6,tou,historically_calibrated,0.740365,0.125862,9.1177,9.1177,0.0,0.0
2287,4,6,7,tou,historically_calibrated,0.740365,0.125862,11.2803,11.2933,0.013,0.0
2288,4,6,8,tou,historically_calibrated,1.332657,0.226552,10.9655,11.0472,0.0816,0.0
2289,4,6,9,tou,historically_calibrated,1.332657,0.226552,10.3644,10.6127,0.1452,0.1032
2290,4,6,10,tou,historically_calibrated,1.332657,0.226552,9.7951,10.0702,0.2294,0.0457
2291,4,6,11,tou,historically_calibrated,1.332657,0.226552,9.0408,9.241,0.1853,0.0148
2292,4,6,12,tou,historically_calibrated,1.332657,0.226552,8.1768,8.3907,0.2138,0.0
2293,4,6,13,tou,historically_calibrated,1.332657,0.226552,7.3438,7.5719,0.2281,0.0
2294,4,6,14,tou,historically_calibrated,1.332657,0.226552,7.1671,7.53,0.3629,0.0
2295,4,6,15,tou,historically_calibrated,1.332657,0.226552,7.727,8.0549,0.3279,0.0
2296,4,6,16,tou,historically_calibrated,1.332657,0.226552,9.624,10.1525,0.1633,0.3652
2297,4,6,17,tou,historically_calibrated,1.332657,0.226552,10.8575,10.9729,0.1153,0.0
2298,4,6,18,tou,historically_calibrated,1.332657,0.226552,11.306,11.3682,0.0622,0.0
2299,4,6,19,tou,historically_calibrated,1.332657,0.226552,11.8576,11.9188,0.0156,0.0457
2300,4,6,20,tou,historically_calibrated,1.332657,0.226552,11.4006,11.9652,0.0,0.5645
2301,4,6,21,tou,historically_calibrated,1.332657,0.226552,11.0726,11.8984,0.0,0.8257
2302,4,6,22,tou,historically_calibrated,1.332657,0.226552,10.8777,11.7034,0.0,0.8257
2303,4,6,23,tou,historically_calibrated,0.740365,0.125862,10.9752,11.0785,0.0,0.1032
2304,4,6,24,tou,historically_calibrated,0.740365,0.125862,8.2252,8.7898,0.0,0.5645
2305,4,7,1,tou,historically_calibrated,0.740365,0.125862,6.8446,7.6704,0.0,0.8257
2306,4,7,2,tou,historically_calibrated,0.740365,0.125862,7.0371,7.8628,0.0,0.8257
2307,4,7,3,tou,historically_calibrated,0.740365,0.125862,7.7056,8.0708,0.0,0.3652
2308,4,7,4,tou,historically_calibrated,0.740365,0.125862,8.1611,8.2067,0.0,0.0457
2309,4,7,5,tou,historically_calibrated,0.740365,0.125862,8.6367,8.6516,0.0,0.0148
2310,4,7,6,tou,historically_calibrated,0.740365,0.125862,8.9018,8.9018,0.0,0.0
2311,4,7,7,tou,historically_calibrated,0.740365,0.125862,11.0613,11.078,0.0143,0.0024
2312,4,7,8,tou,historically_calibrated,0.740365,0.125862,10.8547,11.0214,0.0635,0.1032
2313,4,7,9,tou,historically_calibrated,0.740365,0.125862,10.3137,10.6821,0.149,0.2194
2314,4,7,10,tou,historically_calibrated,0.740365,0.125862,10.3751,11.0835,0.1439,0.5645
2315,4,7,11,tou,historically_calibrated,0.740365,0.125862,6.9907,8.4524,0.3046,1.1571
2316,4,7,12,tou,historically_calibrated,0.740365,0.125862,6.3691,8.1526,0.2164,1.5671
2317,4,7,13,tou,historically_calibrated,0.740365,0.125862,7.4359,8.8224,0.2294,1.1571
2318,4,7,14,tou,historically_calibrated,0.740365,0.125862,7.7479,8.7991,0.2255,0.8257
2319,4,7,15,tou,historically_calibrated,0.740365,0.125862,7.6112,9.3818,0.2035,1.5671
2320,4,7,16,tou,historically_calibrated,0.740365,0.125862,9.4809,9.75,0.1659,0.1032
2321,4,7,17,tou,historically_calibrated,0.740365,0.125862,8.8212,10.095,0.1166,1.1571
2322,4,7,18,tou,historically_calibrated,0.740365,0.125862,9.3109,10.239,0.1024,0.8257
2323,4,7,19,tou,historically_calibrated,0.740365,0.125862,6.9245,10.4653,0.0363,3.5045
2324,4,7,20,tou,historically_calibrated,0.740365,0.125862,7.6704,10.4585,0.0013,2.7869
2325,4,7,21,tou,historically_calibrated,0.740365,0.125862,8.3666,9.9337,0.0,1.5671
2326,4,7,22,tou,historically_calibrated,0.740365,0.125862,6.6495,9.4364,0.0,2.7869
2327,4,7,23,tou,historically_calibrated,0.740365,0.125862,4.5293,8.8651,0.0,4.3358
2328,4,7,24,tou,historically_calibrated,0.740365,0.125862,2.8452,7.1809,0.0,4.3358
2329,4,8,1,tou,historically_calibrated,0.740365,0.125862,6.0976,6.9234,0.0,0.8257
2330,4,8,2,tou,historically_calibrated,0.740365,0.125862,6.7501,7.1153,0.0,0.3652
2331,4,8,3,tou,historically_calibrated,0.740365,0.125862,5.4919,7.059,0.0,1.5671
2332,4,8,4,tou,historically_calibrated,0.740365,0.125862,4.3627,7.1496,0.0,2.7869
2333,4,8,5,tou,historically_calibrated,0.740365,0.125862,5.3974,7.4615,0.0,2.0641
2334,4,8,6,tou,historically_calibrated,0.740365,0.125862,3.3021,7.6378,0.0,4.3358
2335,4,8,7,tou,historically_calibrated,0.740365,0.125862,3.1762,9.5542,0.0052,6.3728
2336,4,8,8,tou,historically_calibrated,0.740365,0.125862,4.3035,9.6587,0.0661,5.2891
2337,4,8,9,tou,historically_calibrated,0.740365,0.125862,5.3309,9.9168,0.2501,4.3358
2338,4,8,10,tou,historically_calibrated,0.740365,0.125862,1.0008,9.5172,0.3914,8.125
2339,4,8,11,tou,historically_calibrated,0.740365,0.125862,2.0114,8.7976,0.4134,6.3728
2340,4,8,12,tou,historically_calibrated,0.740365,0.125862,4.8268,8.2008,0.5871,2.7869
2341,4,8,13,tou,historically_calibrated,0.740365,0.125862,0.1016,8.2037,0.5067,7.5953
2342,4,8,14,tou,historically_calibrated,0.740365,0.125862,0.3715,8.4632,0.4964,7.5953
2343,4,8,15,tou,historically_calibrated,0.740365,0.125862,1.3791,8.199,0.4471,6.3728
2344,4,8,16,tou,historically_calibrated,0.740365,0.125862,5.3661,9.3915,0.521,3.5045
2345,4,8,17,tou,historically_calibrated,0.740365,0.125862,6.5939,8.9755,0.3175,2.0641
2346,4,8,18,tou,historically_calibrated,0.740365,0.125862,8.3662,9.4149,0.2229,0.8257
2347,4,8,19,tou,historically_calibrated,0.740365,0.125862,6.6174,9.4652,0.0609,2.7869
2348,4,8,20,tou,historically_calibrated,0.740365,0.125862,9.342,9.9091,0.0026,0.5645
2349,4,8,21,tou,historically_calibrated,0.740365,0.125862,10.0437,10.1469,0.0,0.1032
2350,4,8,22,tou,historically_calibrated,0.740365,0.125862,9.5318,9.897,0.0,0.3652
2351,4,8,23,tou,historically_calibrated,0.740365,0.125862,9.5796,9.799,0.0,0.2194
2352,4,8,24,tou,historically_calibrated,0.740365,0.125862,7.9046,8.0078,0.0,0.1032
2353,4,9,1,tou,historically_calibrated,0.740365,0.125862,7.7322,8.2968,0.0,0.5645
2354,4,9,2,tou,historically_calibrated,0.740365,0.125862,7.8195,8.3841,0.0,0.5645
2355,4,9,3,tou,historically_calibrated,0.740365,0.125862,8.0816,8.4468,0.0,0.3652
2356,4,9,4,tou,historically_calibrated,0.740365,0.125862,8.5709,8.6741,0.0,0.1032
2357,4,9,5,tou,historically_calibrated,0.740365,0.125862,8.8507,9.07,0.0,0.2194
2358,4,9,6,tou,historically_calibrated,0.740365,0.125862,8.8813,9.2465,0.0,0.3652
2359,4,9,7,tou,historically_calibrated,0.740365,0.125862,11.4899,11.6139,0.0207,0.1032
2360,4,9,8,tou,historically_calibrated,1.332657,0.226552,11.4241,11.5958,0.1568,0.0148
2361,4,9,9,tou,historically_calibrated,1.332657,0.226552,10.9308,11.3892,0.3551,0.1032
2362,4,9,10,tou,historically_calibrated,1.332657,0.226552,10.5516,11.1136,0.4588,0.1032
2363,4,9,11,tou,historically_calibrated,1.332657,0.226552,9.5655,10.206,0.5949,0.0457
2364,4,9,12,tou,historically_calibrated,1.332657,0.226552,8.3142,9.1232,0.7633,0.0457
2365,4,9,13,tou,historically_calibrated,1.332657,0.226552,7.8833,8.5549,0.626,0.0457
2366,4,9,14,tou,historically_calibrated,1.332657,0.226552,8.4994,8.8862,0.372,0.0148
2367,4,9,15,tou,historically_calibrated,1.332657,0.226552,8.8829,9.2334,0.3357,0.0148
2368,4,9,16,tou,historically_calibrated,1.332657,0.226552,9.321,9.5958,0.2748,0.0
2369,4,9,17,tou,historically_calibrated,1.332657,0.226552,9.4777,9.8139,0.3214,0.0148
2370,4,9,18,tou,historically_calibrated,1.332657,0.226552,10.2962,10.4725,0.1763,0.0
2371,4,9,19,tou,historically_calibrated,1.332657,0.226552,10.9637,11.013,0.0492,0.0
2372,4,9,20,tou,historically_calibrated,1.332657,0.226552,11.664,11.6666,0.0026,0.0
2373,4,9,21,tou,historically_calibrated,1.332657,0.226552,10.8703,11.4349,0.0,0.5645
2374,4,9,22,tou,historically_calibrated,1.332657,0.226552,11.7034,11.7034,0.0,0.0
2375,4,9,23,tou,historically_calibrated,0.740365,0.125862,11.2387,11.2387,0.0,0.0
2376,4,9,24,tou,historically_calibrated,0.740365,0.125862,8.9586,8.961,0.0,0.0024
2377,4,10,1,tou,historically_calibrated,0.740365,0.125862,8.5759,8.6215,0.0,0.0457
2378,4,10,2,tou,historically_calibrated,0.740365,0.125862,8.7067,8.7091,0.0,0.0024
2379,4,10,3,tou,historically_calibrated,0.740365,0.125862,8.7578,8.7726,0.0,0.0148
2380,4,10,4,tou,historically_calibrated,0.740365,0.125862,8.8992,9.0024,0.0,0.1032
2381,4,10,5,tou,historically_calibrated,0.740365,0.125862,9.1337,9.237,0.0,0.1032
2382,4,10,6,tou,historically_calibrated,0.740365,0.125862,9.0101,9.3753,0.0,0.3652
2383,4,10,7,tou,historically_calibrated,0.740365,0.125862,11.0389,11.6139,0.0104,0.5645
2384,4,10,8,tou,historically_calibrated,1.332657,0.226552,11.3541,11.8152,0.0959,0.3652
2385,4,10,9,tou,historically_calibrated,1.332657,0.226552,11.3497,11.611,0.1581,0.1032
2386,4,10,10,tou,historically_calibrated,1.332657,0.226552,10.6033,10.9489,0.2424,0.1032
2387,4,10,11,tou,historically_calibrated,1.332657,0.226552,9.95,10.3668,0.3136,0.1032
2388,4,10,12,tou,historically_calibrated,1.332657,0.226552,8.906,9.6987,0.6895,0.1032
2389,4,10,13,tou,historically_calibrated,1.332657,0.226552,9.4773,10.2104,0.6299,0.1032
2390,4,10,14,tou,historically_calibrated,1.332657,0.226552,8.9584,9.7207,0.7167,0.0457
2391,4,10,15,tou,historically_calibrated,1.332657,0.226552,9.643,10.4655,0.7193,0.1032
2392,4,10,16,tou,historically_calibrated,1.332657,0.226552,9.2369,9.9298,0.5897,0.1032
2393,4,10,17,tou,historically_calibrated,1.332657,0.226552,11.0656,11.6103,0.3253,0.2194
2394,4,10,18,tou,historically_calibrated,1.332657,0.226552,11.1219,11.4877,0.1464,0.2194
2395,4,10,19,tou,historically_calibrated,1.332657,0.226552,11.8008,11.8584,0.0428,0.0148
2396,4,10,20,tou,historically_calibrated,1.332657,0.226552,11.7847,11.786,0.0013,0.0
2397,4,10,21,tou,historically_calibrated,1.332657,0.226552,12.0142,12.0142,0.0,0.0
2398,4,10,22,tou,historically_calibrated,1.332657,0.226552,11.9816,11.9816,0.0,0.0
2399,4,10,23,tou,historically_calibrated,0.740365,0.125862,11.9333,11.9333,0.0,0.0
2400,4,10,24,tou,historically_calibrated,0.740365,0.125862,9.6458,9.6458,0.0,0.0
2401,4,11,1,tou,historically_calibrated,0.740365,0.125862,9.1469,9.1493,0.0,0.0024
2402,4,11,2,tou,historically_calibrated,0.740365,0.125862,9.134,9.2372,0.0,0.1032
2403,4,11,3,tou,historically_calibrated,0.740365,0.125862,9.2397,9.3429,0.0,0.1032
2404,4,11,4,tou,historically_calibrated,0.740365,0.125862,9.4327,9.536,0.0,0.1032
2405,4,11,5,tou,historically_calibrated,0.740365,0.125862,9.2473,9.6125,0.0,0.3652
2406,4,11,6,tou,historically_calibrated,0.740365,0.125862,9.5853,9.8047,0.0,0.2194
2407,4,11,7,tou,historically_calibrated,0.740365,0.125862,11.5576,11.9344,0.0117,0.3652
2408,4,11,8,tou,historically_calibrated,1.332657,0.226552,10.9972,12.2541,0.0998,1.1571
2409,4,11,9,tou,historically_calibrated,1.332657,0.226552,11.5839,12.1656,0.2164,0.3652
2410,4,11,10,tou,historically_calibrated,1.332657,0.226552,9.5992,11.4981,0.3318,1.5671
2411,4,11,11,tou,historically_calibrated,1.332657,0.226552,6.9201,10.7421,0.3175,3.5045
2412,4,11,12,tou,historically_calibrated,1.332657,0.226552,7.0539,10.065,0.2242,2.7869
2413,4,11,13,tou,historically_calibrated,1.332657,0.226552,5.327,9.9,0.2372,4.3358
2414,4,11,14,tou,historically_calibrated,1.332657,0.226552,4.4199,11.0247,0.232,6.3728
2415,4,11,15,tou,historically_calibrated,1.332657,0.226552,9.1558,11.4298,0.21,2.0641
2416,4,11,16,tou,historically_calibrated,1.332657,0.226552,6.5282,11.9897,0.1724,5.2891
2417,4,11,17,tou,historically_calibrated,1.332657,0.226552,4.1154,12.3636,0.1231,8.125
2418,4,11,18,tou,historically_calibrated,1.332657,0.226552,7.3425,12.7418,0.1102,5.2891
2419,4,11,19,tou,historically_calibrated,1.332657,0.226552,11.2251,12.8247,0.0324,1.5671
2420,4,11,20,tou,historically_calibrated,1.332657,0.226552,10.0727,12.8609,0.0013,2.7869
2421,4,11,21,tou,historically_calibrated,1.332657,0.226552,10.9931,13.0571,0.0,2.0641
2422,4,11,22,tou,historically_calibrated,1.332657,0.226552,11.8791,12.7048,0.0,0.8257
2423,4,11,23,tou,historically_calibrated,0.740365,0.125862,10.473,12.0401,0.0,1.5671
2424,4,11,24,tou,historically_calibrated,0.740365,0.125862,5.9273,9.4318,0.0,3.5045
2425,4,12,1,tou,historically_calibrated,0.740365,0.125862,4.6918,9.0275,0.0,4.3358
2426,4,12,2,tou,historically_calibrated,0.740365,0.125862,2.7832,9.156,0.0,6.3728
2427,4,12,3,tou,historically_calibrated,0.740365,0.125862,1.2994,9.4244,0.0,8.125
2428,4,12,4,tou,historically_calibrated,0.740365,0.125862,1.6161,9.7411,0.0,8.125
2429,4,12,5,tou,historically_calibrated,0.740365,0.125862,1.6961,9.8211,0.0,8.125
2430,4,12,6,tou,historically_calibrated,0.740365,0.125862,1.9802,10.1052,0.0,8.125
2431,4,12,7,tou,historically_calibrated,0.740365,0.125862,4.3894,12.5222,0.0078,8.125
2432,4,12,8,tou,historically_calibrated,1.332657,0.226552,4.7408,12.9125,0.0467,8.125
2433,4,12,9,tou,historically_calibrated,1.332657,0.226552,4.8823,13.1084,0.1011,8.125
2434,4,12,10,tou,historically_calibrated,1.332657,0.226552,4.7566,13.0358,0.1542,8.125
2435,4,12,11,tou,historically_calibrated,1.332657,0.226552,11.4253,12.7794,0.197,1.1571
2436,4,12,12,tou,historically_calibrated,1.332657,0.226552,5.7153,12.3149,0.2268,6.3728
2437,4,12,13,tou,historically_calibrated,1.332657,0.226552,6.597,12.1245,0.2385,5.2891
2438,4,12,14,tou,historically_calibrated,1.332657,0.226552,5.4618,12.0679,0.2333,6.3728
2439,4,12,15,tou,historically_calibrated,1.332657,0.226552,10.4013,12.1797,0.2112,1.5671
2440,4,12,16,tou,historically_calibrated,1.332657,0.226552,10.8259,12.1567,0.1737,1.1571
2441,4,12,17,tou,historically_calibrated,1.332657,0.226552,10.4204,12.1897,0.2022,1.5671
2442,4,12,18,tou,historically_calibrated,1.332657,0.226552,9.0218,12.0251,0.2164,2.7869
2443,4,12,19,tou,historically_calibrated,1.332657,0.226552,12.3729,12.5227,0.0467,0.1032
2444,4,12,20,tou,historically_calibrated,1.332657,0.226552,12.6335,12.6818,0.0026,0.0457
2445,4,12,21,tou,historically_calibrated,1.332657,0.226552,11.7099,12.5357,0.0,0.8257
2446,4,12,22,tou,historically_calibrated,1.332657,0.226552,11.4727,12.0372,0.0,0.5645
2447,4,12,23,tou,historically_calibrated,0.740365,0.125862,10.8879,11.4524,0.0,0.5645
2448,4,12,24,tou,historically_calibrated,0.740365,0.125862,8.2746,9.4318,0.0,1.1571
2449,4,13,1,tou,historically_calibrated,0.740365,0.125862,8.2424,9.0681,0.0,0.8257
2450,4,13,2,tou,historically_calibrated,0.740365,0.125862,6.2066,8.9935,0.0,2.7869
2451,4,13,3,tou,historically_calibrated,0.740365,0.125862,7.287,8.8541,0.0,1.5671
2452,4,13,4,tou,historically_calibrated,0.740365,0.125862,6.4459,8.51,0.0,2.0641
2453,4,13,5,tou,historically_calibrated,0.740365,0.125862,6.3801,8.4441,0.0,2.0641
2454,4,13,6,tou,historically_calibrated,0.740365,0.125862,6.9678,9.0318,0.0,2.0641
2455,4,13,7,tou,historically_calibrated,0.740365,0.125862,10.6011,11.1864,0.0207,0.5645
2456,4,13,8,tou,historically_calibrated,1.332657,0.226552,10.2883,11.5958,0.1503,1.1571
2457,4,13,9,tou,historically_calibrated,1.332657,0.226552,10.0228,11.1673,0.3188,0.8257
2458,4,13,10,tou,historically_calibrated,1.332657,0.226552,8.0719,10.6194,0.4834,2.0641
2459,4,13,11,tou,historically_calibrated,1.332657,0.226552,7.15,10.2596,0.3227,2.7869
2460,4,13,12,tou,historically_calibrated,1.332657,0.226552,9.3827,10.1173,0.3694,0.3652
2461,4,13,13,tou,historically_calibrated,1.332657,0.226552,9.4586,11.7624,0.2398,2.0641
2462,4,13,14,tou,historically_calibrated,1.332657,0.226552,6.9549,10.9726,0.5132,3.5045
2463,4,13,15,tou,historically_calibrated,1.332657,0.226552,9.0337,10.5191,0.6597,0.8257
2464,4,13,16,tou,historically_calibrated,1.332657,0.226552,6.3263,10.4865,0.6558,3.5045
2465,4,13,17,tou,historically_calibrated,1.332657,0.226552,5.27,11.0308,0.4717,5.2891
2466,4,13,18,tou,historically_calibrated,1.332657,0.226552,6.9654,11.5474,0.2462,4.3358
2467,4,13,19,tou,historically_calibrated,1.332657,0.226552,5.5981,12.0396,0.0687,6.3728
2468,4,13,20,tou,historically_calibrated,1.332657,0.226552,10.1361,12.204,0.0039,2.0641
2469,4,13,21,tou,historically_calibrated,1.332657,0.226552,10.8527,12.4198,0.0,1.5671
2470,4,13,22,tou,historically_calibrated,1.332657,0.226552,10.0844,12.1485,0.0,2.0641
2471,4,13,23,tou,historically_calibrated,0.740365,0.125862,8.719,11.5059,0.0,2.7869
2472,4,13,24,tou,historically_calibrated,0.740365,0.125862,6.4309,9.2178,0.0,2.7869
2473,4,14,1,tou,historically_calibrated,0.740365,0.125862,5.257,8.0439,0.0,2.7869
2474,4,14,2,tou,historically_calibrated,0.740365,0.125862,5.5245,8.3114,0.0,2.7869
2475,4,14,3,tou,historically_calibrated,0.740365,0.125862,4.1098,8.4456,0.0,4.3358
2476,4,14,4,tou,historically_calibrated,0.740365,0.125862,2.3625,8.7353,0.0,6.3728
2477,4,14,5,tou,historically_calibrated,0.740365,0.125862,6.0566,8.8435,0.0,2.7869
2478,4,14,6,tou,historically_calibrated,0.740365,0.125862,5.5158,9.0203,0.0,3.5045
2479,4,14,7,tou,historically_calibrated,0.740365,0.125862,6.7771,11.1271,0.0143,4.3358
2480,4,14,8,tou,historically_calibrated,0.740365,0.125862,9.2795,11.4252,0.0816,2.0641
2481,4,14,9,tou,historically_calibrated,0.740365,0.125862,7.8275,10.7842,0.1698,2.7869
2482,4,14,10,tou,historically_calibrated,0.740365,0.125862,8.5006,10.2245,0.1568,1.5671
2483,4,14,11,tou,historically_calibrated,0.740365,0.125862,5.1231,9.7841,0.3253,4.3358
2484,4,14,12,tou,historically_calibrated,0.740365,0.125862,6.5325,9.9337,0.6143,2.7869
2485,4,14,13,tou,historically_calibrated,0.740365,0.125862,5.81,9.3459,0.7491,2.7869
2486,4,14,14,tou,historically_calibrated,0.740365,0.125862,4.3095,9.279,0.6337,4.3358
2487,4,14,15,tou,historically_calibrated,0.740365,0.125862,6.6636,10.5154,0.3473,3.5045
2488,4,14,16,tou,historically_calibrated,0.740365,0.125862,7.1417,10.3134,0.3849,2.7869
2489,4,14,17,tou,historically_calibrated,0.740365,0.125862,8.2468,11.3745,0.3408,2.7869
2490,4,14,18,tou,historically_calibrated,0.740365,0.125862,10.6282,11.9422,0.1568,1.1571
2491,4,14,19,tou,historically_calibrated,0.740365,0.125862,10.6255,12.2432,0.0505,1.5671
2492,4,14,20,tou,historically_calibrated,0.740365,0.125862,12.3319,12.4364,0.0013,0.1032
2493,4,14,21,tou,historically_calibrated,0.740365,0.125862,11.5407,11.9059,0.0,0.3652
2494,4,14,22,tou,historically_calibrated,0.740365,0.125862,10.9649,11.3301,0.0,0.3652
2495,4,14,23,tou,historically_calibrated,0.740365,0.125862,10.7608,11.1261,0.0,0.3652
2496,4,14,24,tou,historically_calibrated,0.740365,0.125862,8.4671,9.0316,0.0,0.5645
2497,4,15,1,tou,historically_calibrated,0.740365,0.125862,8.4635,8.5668,0.0,0.1032
2498,4,15,2,tou,historically_calibrated,0.740365,0.125862,8.3577,8.4609,0.0,0.1032
2499,4,15,3,tou,historically_calibrated,0.740365,0.125862,8.4374,8.4831,0.0,0.0457
2500,4,15,4,tou,historically_calibrated,0.740365,0.125862,8.4433,8.5465,0.0,0.1032
2501,4,15,5,tou,historically_calibrated,0.740365,0.125862,9.0206,9.0355,0.0,0.0148
2502,4,15,6,tou,historically_calibrated,0.740365,0.125862,9.2331,9.3363,0.0,0.1032
2503,4,15,7,tou,historically_calibrated,0.740365,0.125862,11.3656,11.6187,0.0337,0.2194
2504,4,15,8,tou,historically_calibrated,0.740365,0.125862,11.2803,11.5766,0.1931,0.1032
2505,4,15,9,tou,historically_calibrated,0.740365,0.125862,10.0374,10.7331,0.3305,0.3652
2506,4,15,10,tou,historically_calibrated,0.740365,0.125862,10.0562,10.6793,0.2579,0.3652
2507,4,15,11,tou,historically_calibrated,0.740365,0.125862,9.5349,10.228,0.3279,0.3652
2508,4,15,12,tou,historically_calibrated,0.740365,0.125862,8.7126,9.4523,0.3745,0.3652
2509,4,15,13,tou,historically_calibrated,0.740365,0.125862,8.2282,9.2032,0.7556,0.2194
2510,4,15,14,tou,historically_calibrated,0.740365,0.125862,8.1009,9.039,0.7841,0.1541
2511,4,15,15,tou,historically_calibrated,0.740365,0.125862,8.1871,9.0369,0.7465,0.1032
2512,4,15,16,tou,historically_calibrated,0.740365,0.125862,8.9434,9.3403,0.1776,0.2194
2513,4,15,17,tou,historically_calibrated,0.740365,0.125862,8.7564,9.4553,0.4795,0.2194
2514,4,15,18,tou,historically_calibrated,0.740365,0.125862,9.7455,10.0193,0.2281,0.0457
2515,4,15,19,tou,historically_calibrated,0.740365,0.125862,10.5116,10.5764,0.0648,0.0
2516,4,15,20,tou,historically_calibrated,0.740365,0.125862,11.0603,11.0629,0.0026,0.0
2517,4,15,21,tou,historically_calibrated,0.740365,0.125862,11.213,11.213,0.0,0.0
2518,4,15,22,tou,historically_calibrated,0.740365,0.125862,10.9207,10.9207,0.0,0.0
2519,4,15,23,tou,historically_calibrated,0.740365,0.125862,10.4871,10.4871,0.0,0.0
2520,4,15,24,tou,historically_calibrated,0.740365,0.125862,8.3229,8.3229,0.0,0.0
2521,4,16,1,tou,historically_calibrated,0.740365,0.125862,8.4997,8.4997,0.0,0.0
2522,4,16,2,tou,historically_calibrated,0.740365,0.125862,8.3434,8.3434,0.0,0.0
2523,4,16,3,tou,historically_calibrated,0.740365,0.125862,8.0584,8.1616,0.0,0.1032
2524,4,16,4,tou,historically_calibrated,0.740365,0.125862,8.0033,8.2227,0.0,0.2194
2525,4,16,5,tou,historically_calibrated,0.740365,0.125862,8.174,8.2772,0.0,0.1032
2526,4,16,6,tou,historically_calibrated,0.740365,0.125862,8.2417,8.3449,0.0,0.1032
2527,4,16,7,tou,historically_calibrated,0.740365,0.125862,10.1152,10.1712,0.0104,0.0457
2528,4,16,8,tou,historically_calibrated,1.332657,0.226552,10.1803,10.2791,0.0531,0.0457
2529,4,16,9,tou,historically_calibrated,1.332657,0.226552,9.5594,9.8363,0.1737,0.1032
2530,4,16,10,tou,historically_calibrated,1.332657,0.226552,8.7678,9.2464,0.2592,0.2194
2531,4,16,11,tou,historically_calibrated,1.332657,0.226552,8.1665,8.5976,0.3279,0.1032
2532,4,16,12,tou,historically_calibrated,1.332657,0.226552,7.9652,8.443,0.3745,0.1032
2533,4,16,13,tou,historically_calibrated,1.332657,0.226552,7.5921,8.0893,0.394,0.1032
2534,4,16,14,tou,historically_calibrated,1.332657,0.226552,7.9602,8.4167,0.2372,0.2194
2535,4,16,15,tou,historically_calibrated,1.332657,0.226552,7.816,8.2692,0.3499,0.1032
2536,4,16,16,tou,historically_calibrated,1.332657,0.226552,8.4242,8.8164,0.289,0.1032
2537,4,16,17,tou,historically_calibrated,1.332657,0.226552,8.9222,9.1765,0.2087,0.0457
2538,4,16,18,tou,historically_calibrated,1.332657,0.226552,9.3508,9.517,0.1205,0.0457
2539,4,16,19,tou,historically_calibrated,1.332657,0.226552,10.2222,10.2883,0.0661,0.0
2540,4,16,20,tou,historically_calibrated,1.332657,0.226552,10.5268,10.5319,0.0052,0.0
2541,4,16,21,tou,historically_calibrated,1.332657,0.226552,10.8555,10.8555,0.0,0.0
2542,4,16,22,tou,historically_calibrated,1.332657,0.226552,10.3682,10.3682,0.0,0.0
2543,4,16,23,tou,historically_calibrated,0.740365,0.125862,10.3305,10.3305,0.0,0.0
2544,4,16,24,tou,historically_calibrated,0.740365,0.125862,8.3618,8.3618,0.0,0.0
2545,4,17,1,tou,historically_calibrated,0.740365,0.125862,7.9314,7.9314,0.0,0.0
2546,4,17,2,tou,historically_calibrated,0.740365,0.125862,7.9372,7.9372,0.0,0.0
2547,4,17,3,tou,historically_calibrated,0.740365,0.125862,8.2024,8.2024,0.0,0.0
2548,4,17,4,tou,historically_calibrated,0.740365,0.125862,8.3869,8.3869,0.0,0.0
2549,4,17,5,tou,historically_calibrated,0.740365,0.125862,8.6528,8.6528,0.0,0.0
2550,4,17,6,tou,historically_calibrated,0.740365,0.125862,8.8172,8.8172,0.0,0.0
2551,4,17,7,tou,historically_calibrated,0.740365,0.125862,10.8882,10.9193,0.0311,0.0
2552,4,17,8,tou,historically_calibrated,1.332657,0.226552,10.4891,10.6083,0.1192,0.0
2553,4,17,9,tou,historically_calibrated,1.332657,0.226552,9.8752,10.1136,0.2385,0.0
2554,4,17,10,tou,historically_calibrated,1.332657,0.226552,8.9297,9.1915,0.2618,0.0
2555,4,17,11,tou,historically_calibrated,1.332657,0.226552,8.4816,8.8121,0.3305,0.0
2556,4,17,12,tou,historically_calibrated,1.332657,0.226552,7.2977,7.9198,0.6221,0.0
2557,4,17,13,tou,historically_calibrated,1.332657,0.226552,6.2964,7.0546,0.7582,0.0
2558,4,17,14,tou,historically_calibrated,1.332657,0.226552,6.3701,7.1127,0.7426,0.0
2559,4,17,15,tou,historically_calibrated,1.332657,0.226552,6.6323,7.3049,0.6726,0.0
2560,4,17,16,tou,historically_calibrated,1.332657,0.226552,7.2002,7.5916,0.3914,0.0
2561,4,17,17,tou,historically_calibrated,1.332657,0.226552,7.5531,7.9017,0.3486,0.0
2562,4,17,18,tou,historically_calibrated,1.332657,0.226552,7.9788,8.1434,0.1646,0.0
2563,4,17,19,tou,historically_calibrated,1.332657,0.226552,8.3605,8.4162,0.0557,0.0
2564,4,17,20,tou,historically_calibrated,1.332657,0.226552,8.7326,8.7404,0.0078,0.0
2565,4,17,21,tou,historically_calibrated,1.332657,0.226552,8.9435,8.9435,0.0,0.0
2566,4,17,22,tou,historically_calibrated,1.332657,0.226552,8.9773,8.9773,0.0,0.0
2567,4,17,23,tou,historically_calibrated,0.740365,0.125862,9.2086,9.2086,0.0,0.0
2568,4,17,24,tou,historically_calibrated,0.740365,0.125862,7.7625,7.7625,0.0,0.0
2569,4,18,1,tou,historically_calibrated,0.740365,0.125862,7.363,7.363,0.0,0.0
2570,4,18,2,tou,historically_calibrated,0.740365,0.125862,7.8153,7.8153,0.0,0.0
2571,4,18,3,tou,historically_calibrated,0.740365,0.125862,8.2431,8.2431,0.0,0.0
2572,4,18,4,tou,historically_calibrated,0.740365,0.125862,8.5921,8.5921,0.0,0.0
2573,4,18,5,tou,historically_calibrated,0.740365,0.125862,9.1535,9.1535,0.0,0.0
2574,4,18,6,tou,historically_calibrated,0.740365,0.125862,9.5458,9.5471,0.0013,0.0
2575,4,18,7,tou,historically_calibrated,0.740365,0.125862,12.0455,12.0947,0.0492,0.0
2576,4,18,8,tou,historically_calibrated,1.332657,0.226552,11.4303,11.6507,0.2203,0.0
2577,4,18,9,tou,historically_calibrated,1.332657,0.226552,10.0122,10.4464,0.4342,0.0
2578,4,18,10,tou,historically_calibrated,1.332657,0.226552,8.1106,8.7521,0.6415,0.0
2579,4,18,11,tou,historically_calibrated,1.332657,0.226552,6.6055,7.4181,0.8126,0.0
2580,4,18,12,tou,historically_calibrated,1.332657,0.226552,6.2134,7.1349,0.9215,0.0
2581,4,18,13,tou,historically_calibrated,1.332657,0.226552,6.0826,7.0546,0.972,0.0
2582,4,18,14,tou,historically_calibrated,1.332657,0.226552,6.1628,7.1127,0.95,0.0
2583,4,18,15,tou,historically_calibrated,1.332657,0.226552,6.4847,7.3049,0.8178,0.0024
2584,4,18,16,tou,historically_calibrated,1.332657,0.226552,6.9114,7.5916,0.6778,0.0024
2585,4,18,17,tou,historically_calibrated,1.332657,0.226552,7.4068,7.9017,0.4925,0.0024
2586,4,18,18,tou,historically_calibrated,1.332657,0.226552,7.8404,8.1434,0.3007,0.0024
2587,4,18,19,tou,historically_calibrated,1.332657,0.226552,8.1352,8.235,0.0998,0.0
2588,4,18,20,tou,historically_calibrated,1.332657,0.226552,8.8508,8.8599,0.0091,0.0
2589,4,18,21,tou,historically_calibrated,1.332657,0.226552,9.5229,9.5229,0.0,0.0
2590,4,18,22,tou,historically_calibrated,1.332657,0.226552,9.5337,9.5337,0.0,0.0
2591,4,18,23,tou,historically_calibrated,0.740365,0.125862,9.3689,9.3689,0.0,0.0
2592,4,18,24,tou,historically_calibrated,0.740365,0.125862,7.6769,7.6769,0.0,0.0
2593,4,19,1,tou,historically_calibrated,0.740365,0.125862,7.566,7.566,0.0,0.0
2594,4,19,2,tou,historically_calibrated,0.740365,0.125862,7.8153,7.8153,0.0,0.0
2595,4,19,3,tou,historically_calibrated,0.740365,0.125862,8.1616,8.1616,0.0,0.0
2596,4,19,4,tou,historically_calibrated,0.740365,0.125862,8.6741,8.6741,0.0,0.0
2597,4,19,5,tou,historically_calibrated,0.740365,0.125862,9.1535,9.1535,0.0,0.0
2598,4,19,6,tou,historically_calibrated,0.740365,0.125862,9.2882,9.2895,0.0013,0.0
2599,4,19,7,tou,historically_calibrated,0.740365,0.125862,11.6141,11.6673,0.0531,0.0
2600,4,19,8,tou,historically_calibrated,1.332657,0.226552,10.6662,10.8826,0.2164,0.0
2601,4,19,9,tou,historically_calibrated,1.332657,0.226552,8.8748,9.2817,0.4069,0.0
2602,4,19,10,tou,historically_calibrated,1.332657,0.226552,6.9148,7.489,0.5741,0.0
2603,4,19,11,tou,historically_calibrated,1.332657,0.226552,6.589,7.3109,0.7219,0.0
2604,4,19,12,tou,historically_calibrated,1.332657,0.226552,6.312,7.1349,0.823,0.0
2605,4,19,13,tou,historically_calibrated,1.332657,0.226552,6.2809,7.0546,0.7737,0.0
2606,4,19,14,tou,historically_calibrated,1.332657,0.226552,6.4595,7.1127,0.6532,0.0
2607,4,19,15,tou,historically_calibrated,1.332657,0.226552,6.8228,7.3049,0.4821,0.0
2608,4,19,16,tou,historically_calibrated,1.332657,0.226552,7.1017,7.5916,0.4899,0.0
2609,4,19,17,tou,historically_calibrated,1.332657,0.226552,7.544,7.9017,0.3577,0.0
2610,4,19,18,tou,historically_calibrated,1.332657,0.226552,7.9348,8.1434,0.2087,0.0
2611,4,19,19,tou,historically_calibrated,1.332657,0.226552,8.1495,8.235,0.0855,0.0
2612,4,19,20,tou,historically_calibrated,1.332657,0.226552,8.312,8.3224,0.0104,0.0
2613,4,19,21,tou,historically_calibrated,1.332657,0.226552,9.2332,9.2332,0.0,0.0
2614,4,19,22,tou,historically_calibrated,1.332657,0.226552,9.9231,9.9231,0.0,0.0
2615,4,19,23,tou,historically_calibrated,0.740365,0.125862,9.7428,9.7428,0.0,0.0
2616,4,19,24,tou,historically_calibrated,0.740365,0.125862,8.4474,8.4474,0.0,0.0
2617,4,20,1,tou,historically_calibrated,0.740365,0.125862,8.0126,8.0126,0.0,0.0
2618,4,20,2,tou,historically_calibrated,0.740365,0.125862,7.6379,7.6528,0.0,0.0148
2619,4,20,3,tou,historically_calibrated,0.740365,0.125862,7.4067,7.5099,0.0,0.1032
2620,4,20,4,tou,historically_calibrated,0.740365,0.125862,8.1771,8.2227,0.0,0.0457
2621,4,20,5,tou,historically_calibrated,0.740365,0.125862,8.8197,8.8197,0.0,0.0
2622,4,20,6,tou,historically_calibrated,0.740365,0.125862,9.2882,9.2895,0.0013,0.0
2623,4,20,7,tou,historically_calibrated,0.740365,0.125862,11.0562,11.0795,0.0233,0.0
2624,4,20,8,tou,historically_calibrated,1.332657,0.226552,11.0449,11.1569,0.0972,0.0148
2625,4,20,9,tou,historically_calibrated,1.332657,0.226552,10.7593,11.0564,0.2514,0.0457
2626,4,20,10,tou,historically_calibrated,1.332657,0.226552,10.6833,11.0587,0.2722,0.1032
2627,4,20,11,tou,historically_calibrated,1.332657,0.226552,10.4388,10.7958,0.3421,0.0148
2628,4,20,12,tou,historically_calibrated,1.332657,0.226552,9.558,9.9603,0.3875,0.0148
2629,4,20,13,tou,historically_calibrated,1.332657,0.226552,9.2313,10.0034,0.4069,0.3652
2630,4,20,14,tou,historically_calibrated,1.332657,0.226552,9.8337,10.451,0.3979,0.2194
2631,4,20,15,tou,historically_calibrated,1.332657,0.226552,10.219,10.6262,0.3616,0.0457
2632,4,20,16,tou,historically_calibrated,1.332657,0.226552,10.4618,10.7649,0.3007,0.0024
2633,4,20,17,tou,historically_calibrated,1.332657,0.226552,10.6811,11.1467,0.4199,0.0457
2634,4,20,18,tou,historically_calibrated,1.332657,0.226552,11.0772,11.428,0.2475,0.1032
2635,4,20,19,tou,historically_calibrated,1.332657,0.226552,11.713,11.8584,0.0998,0.0457
2636,4,20,20,tou,historically_calibrated,1.332657,0.226552,12.5063,12.5623,0.0104,0.0457
2637,4,20,21,tou,historically_calibrated,1.332657,0.226552,12.8685,12.8833,0.0,0.0148
2638,4,20,22,tou,historically_calibrated,1.332657,0.226552,13.0238,13.0386,0.0,0.0148
2639,4,20,23,tou,historically_calibrated,0.740365,0.125862,13.0018,13.0018,0.0,0.0
2640,4,20,24,tou,historically_calibrated,0.740365,0.125862,10.8442,10.8442,0.0,0.0
2641,4,21,1,tou,historically_calibrated,0.740365,0.125862,9.5379,9.5379,0.0,0.0
2642,4,21,2,tou,historically_calibrated,0.740365,0.125862,9.6196,9.6196,0.0,0.0
2643,4,21,3,tou,historically_calibrated,0.740365,0.125862,9.8322,9.8322,0.0,0.0
2644,4,21,4,tou,historically_calibrated,0.740365,0.125862,10.019,10.019,0.0,0.0
2645,4,21,5,tou,historically_calibrated,0.740365,0.125862,10.1871,10.1871,0.0,0.0
2646,4,21,6,tou,historically_calibrated,0.740365,0.125862,10.4015,10.4028,0.0013,0.0
2647,4,21,7,tou,historically_calibrated,0.740365,0.125862,12.5668,12.6018,0.035,0.0
2648,4,21,8,tou,historically_calibrated,0.740365,0.125862,12.2946,12.4852,0.1905,0.0
2649,4,21,9,tou,historically_calibrated,0.740365,0.125862,11.3144,11.7536,0.4368,0.0024
2650,4,21,10,tou,historically_calibrated,0.740365,0.125862,10.1709,10.8814,0.6648,0.0457
2651,4,21,11,tou,historically_calibrated,0.740365,0.125862,8.6847,9.7348,0.8307,0.2194
2652,4,21,12,tou,historically_calibrated,0.740365,0.125862,7.4161,8.9228,0.9422,0.5645
2653,4,21,13,tou,historically_calibrated,0.740365,0.125862,6.7455,8.2988,0.9888,0.5645
2654,4,21,14,tou,historically_calibrated,0.740365,0.125862,6.1907,7.9353,0.9189,0.8257
2655,4,21,15,tou,historically_calibrated,0.740365,0.125862,6.0951,7.7555,0.8346,0.8257
2656,4,21,16,tou,historically_calibrated,0.740365,0.125862,6.1323,7.6501,0.6921,0.8257
2657,4,21,17,tou,historically_calibrated,0.740365,0.125862,6.7055,7.8027,0.5327,0.5645
2658,4,21,18,tou,historically_calibrated,0.740365,0.125862,7.0655,8.2062,0.3149,0.8257
2659,4,21,19,tou,historically_calibrated,0.740365,0.125862,7.9571,8.6318,0.1102,0.5645
2660,4,21,20,tou,historically_calibrated,0.740365,0.125862,9.1376,9.1949,0.0117,0.0457
2661,4,21,21,tou,historically_calibrated,0.740365,0.125862,9.7738,9.7738,0.0,0.0
2662,4,21,22,tou,historically_calibrated,0.740365,0.125862,9.9482,9.9482,0.0,0.0
2663,4,21,23,tou,historically_calibrated,0.740365,0.125862,9.9956,9.9956,0.0,0.0
2664,4,21,24,tou,historically_calibrated,0.740365,0.125862,8.126,8.126,0.0,0.0
2665,4,22,1,tou,historically_calibrated,0.740365,0.125862,7.7053,7.7077,0.0,0.0024
2666,4,22,2,tou,historically_calibrated,0.740365,0.125862,7.8106,7.8255,0.0,0.0148
2667,4,22,3,tou,historically_calibrated,0.740365,0.125862,8.1083,8.1083,0.0,0.0
2668,4,22,4,tou,historically_calibrated,0.740365,0.125862,8.4333,8.4333,0.0,0.0
2669,4,22,5,tou,historically_calibrated,0.740365,0.125862,8.8819,8.8819,0.0,0.0
2670,4,22,6,tou,historically_calibrated,0.740365,0.125862,9.1757,9.1783,0.0026,0.0
2671,4,22,7,tou,historically_calibrated,0.740365,0.125862,10.9151,10.9797,0.0622,0.0024
2672,4,22,8,tou,historically_calibrated,0.740365,0.125862,10.4061,10.6681,0.2164,0.0457
2673,4,22,9,tou,historically_calibrated,0.740365,0.125862,10.0964,10.478,0.3668,0.0148
2674,4,22,10,tou,historically_calibrated,0.740365,0.125862,8.8417,9.4161,0.5288,0.0457
2675,4,22,11,tou,historically_calibrated,0.740365,0.125862,7.6898,8.3044,0.5689,0.0457
2676,4,22,12,tou,historically_calibrated,0.740365,0.125862,6.7795,7.5269,0.6441,0.1032
2677,4,22,13,tou,historically_calibrated,0.740365,0.125862,6.2866,7.0614,0.4095,0.3652
2678,4,22,14,tou,historically_calibrated,0.740365,0.125862,5.7793,6.5437,0.3992,0.3652
2679,4,22,15,tou,historically_calibrated,0.740365,0.125862,5.5319,6.7205,0.3629,0.8257
2680,4,22,16,tou,historically_calibrated,0.740365,0.125862,5.8566,6.9843,0.302,0.8257
2681,4,22,17,tou,historically_calibrated,0.740365,0.125862,5.8908,7.2696,0.2216,1.1571
2682,4,22,18,tou,historically_calibrated,0.740365,0.125862,6.4887,7.492,0.1776,0.8257
2683,4,22,19,tou,historically_calibrated,0.740365,0.125862,7.8632,8.1318,0.0492,0.2194
2684,4,22,20,tou,historically_calibrated,0.740365,0.125862,9.0802,9.3048,0.0052,0.2194
2685,4,22,21,tou,historically_calibrated,0.740365,0.125862,9.564,9.6672,0.0,0.1032
2686,4,22,22,tou,historically_calibrated,0.740365,0.125862,8.791,9.9482,0.0,1.1571
2687,4,22,23,tou,historically_calibrated,0.740365,0.125862,9.9253,10.2905,0.0,0.3652
2688,4,22,24,tou,historically_calibrated,0.740365,0.125862,8.1521,8.7166,0.0,0.5645
2689,4,23,1,tou,historically_calibrated,0.740365,0.125862,9.0277,9.3929,0.0,0.3652
2690,4,23,2,tou,historically_calibrated,0.740365,0.125862,9.4002,9.7654,0.0,0.3652
2691,4,23,3,tou,historically_calibrated,0.740365,0.125862,9.7753,9.9947,0.0,0.2194
2692,4,23,4,tou,historically_calibrated,0.740365,0.125862,9.9662,10.0695,0.0,0.1032
2693,4,23,5,tou,historically_calibrated,0.740365,0.125862,10.4029,10.4053,0.0,0.0024
2694,4,23,6,tou,historically_calibrated,0.740365,0.125862,10.9184,10.921,0.0026,0.0
2695,4,23,7,tou,historically_calibrated,0.740365,0.125862,13.2925,13.3771,0.0389,0.0457
2696,4,23,8,tou,historically_calibrated,1.332657,0.226552,13.4202,13.5708,0.105,0.0457
2697,4,23,9,tou,historically_calibrated,1.332657,0.226552,13.2651,13.3857,0.1205,0.0
2698,4,23,10,tou,historically_calibrated,1.332657,0.226552,12.2593,12.4317,0.1724,0.0
2699,4,23,11,tou,historically_calibrated,1.332657,0.226552,11.2829,11.6,0.2138,0.1032
2700,4,23,12,tou,historically_calibrated,1.332657,0.226552,9.9821,11.7916,0.2424,1.5671
2701,4,23,13,tou,historically_calibrated,1.332657,0.226552,8.7989,10.7794,0.4134,1.5671
2702,4,23,14,tou,historically_calibrated,1.332657,0.226552,8.633,10.5031,0.4769,1.3932
2703,4,23,15,tou,historically_calibrated,1.332657,0.226552,8.7049,10.3584,0.4964,1.1571
2704,4,23,16,tou,historically_calibrated,1.332657,0.226552,10.0615,10.9319,0.3059,0.5645
2705,4,23,17,tou,historically_calibrated,1.332657,0.226552,9.566,11.4364,0.3033,1.5671
2706,4,23,18,tou,historically_calibrated,1.332657,0.226552,10.7973,11.846,0.2229,0.8257
2707,4,23,19,tou,historically_calibrated,1.332657,0.226552,9.8595,12.7643,0.1179,2.7869
2708,4,23,20,tou,historically_calibrated,1.332657,0.226552,12.2598,13.0998,0.0143,0.8257
2709,4,23,21,tou,historically_calibrated,1.332657,0.226552,12.4052,13.2309,0.0,0.8257
2710,4,23,22,tou,historically_calibrated,1.332657,0.226552,12.3241,13.1499,0.0,0.8257
2711,4,23,23,tou,historically_calibrated,0.740365,0.125862,10.9911,13.0552,0.0,2.0641
2712,4,23,24,tou,historically_calibrated,0.740365,0.125862,10.4362,10.8014,0.0,0.3652
2713,4,24,1,tou,historically_calibrated,0.740365,0.125862,10.7178,10.7326,0.0,0.0148
2714,4,24,2,tou,historically_calibrated,0.740365,0.125862,11.228,11.228,0.0,0.0
2715,4,24,3,tou,historically_calibrated,0.740365,0.125862,11.3796,11.3796,0.0,0.0
2716,4,24,4,tou,historically_calibrated,0.740365,0.125862,11.296,11.3417,0.0,0.0457
2717,4,24,5,tou,historically_calibrated,0.740365,0.125862,12.0744,12.0744,0.0,0.0
2718,4,24,6,tou,historically_calibrated,0.740365,0.125862,12.7203,12.7242,0.0039,0.0
2719,4,24,7,tou,historically_calibrated,0.740365,0.125862,15.2788,15.354,0.0752,0.0
2720,4,24,8,tou,historically_calibrated,1.332657,0.226552,14.1881,14.4486,0.2605,0.0
2721,4,24,9,tou,historically_calibrated,1.332657,0.226552,13.1243,13.6075,0.4808,0.0024
2722,4,24,10,tou,historically_calibrated,1.332657,0.226552,12.0582,12.7612,0.6882,0.0148
2723,4,24,11,tou,historically_calibrated,1.332657,0.226552,11.211,12.0825,0.8567,0.0148
2724,4,24,12,tou,historically_calibrated,1.332657,0.226552,10.2318,11.2161,0.9694,0.0148
2725,4,24,13,tou,historically_calibrated,1.332657,0.226552,9.6072,10.676,0.9655,0.1032
2726,4,24,14,tou,historically_calibrated,1.332657,0.226552,9.2373,10.2423,0.9901,0.0148
2727,4,24,15,tou,historically_calibrated,1.332657,0.226552,9.3518,10.2512,0.8994,0.0
2728,4,24,16,tou,historically_calibrated,1.332657,0.226552,9.5704,10.3195,0.7491,0.0
2729,4,24,17,tou,historically_calibrated,1.332657,0.226552,10.189,10.7411,0.5521,0.0
2730,4,24,18,tou,historically_calibrated,1.332657,0.226552,10.8728,11.1891,0.3162,0.0
2731,4,24,19,tou,historically_calibrated,1.332657,0.226552,11.6425,11.8584,0.1128,0.1032
2732,4,24,20,tou,historically_calibrated,1.332657,0.226552,12.7734,12.8012,0.013,0.0148
2733,4,24,21,tou,historically_calibrated,1.332657,0.226552,13.3444,13.3468,0.0,0.0024
2734,4,24,22,tou,historically_calibrated,1.332657,0.226552,13.4837,13.4837,0.0,0.0
2735,4,24,23,tou,historically_calibrated,0.740365,0.125862,13.0018,13.0018,0.0,0.0
2736,4,24,24,tou,historically_calibrated,0.740365,0.125862,11.0582,11.0582,0.0,0.0
2737,4,25,1,tou,historically_calibrated,0.740365,0.125862,10.6108,10.6108,0.0,0.0
2738,4,25,2,tou,historically_calibrated,0.740365,0.125862,10.4967,10.4967,0.0,0.0
2739,4,25,3,tou,historically_calibrated,0.740365,0.125862,10.4403,10.4427,0.0,0.0024
2740,4,25,4,tou,historically_calibrated,0.740365,0.125862,10.5881,10.603,0.0,0.0148
2741,4,25,5,tou,historically_calibrated,0.740365,0.125862,10.5991,10.614,0.0,0.0148
2742,4,25,6,tou,historically_calibrated,0.740365,0.125862,10.8704,10.878,0.0052,0.0024
2743,4,25,7,tou,historically_calibrated,0.740365,0.125862,12.6862,12.9496,0.0441,0.2194
2744,4,25,8,tou,historically_calibrated,1.332657,0.226552,12.6002,12.9673,0.1477,0.2194
2745,4,25,9,tou,historically_calibrated,1.332657,0.226552,12.0279,12.332,0.2009,0.1032
2746,4,25,10,tou,historically_calibrated,1.332657,0.226552,11.5494,11.8276,0.175,0.1032
2747,4,25,11,tou,historically_calibrated,1.332657,0.226552,11.0993,11.3319,0.2177,0.0148
2748,4,25,12,tou,historically_calibrated,1.332657,0.226552,10.7716,11.5823,0.2462,0.5645
2749,4,25,13,tou,historically_calibrated,1.332657,0.226552,10.7805,11.1416,0.2579,0.1032
2750,4,25,14,tou,historically_calibrated,1.332657,0.226552,10.8855,11.7028,0.2527,0.5645
2751,4,25,15,tou,historically_calibrated,1.332657,0.226552,11.114,11.5905,0.3732,0.1032
2752,4,25,16,tou,historically_calibrated,1.332657,0.226552,10.7176,11.8783,0.5962,0.5645
2753,4,25,17,tou,historically_calibrated,1.332657,0.226552,11.4449,12.7112,0.4406,0.8257
2754,4,25,18,tou,historically_calibrated,1.332657,0.226552,12.8262,13.4584,0.267,0.3652
2755,4,25,19,tou,historically_calibrated,1.332657,0.226552,13.5162,13.9721,0.0907,0.3652
2756,4,25,20,tou,historically_calibrated,1.332657,0.226552,14.5226,14.533,0.0104,0.0
2757,4,25,21,tou,historically_calibrated,1.332657,0.226552,14.5762,14.6794,0.0,0.1032
2758,4,25,22,tou,historically_calibrated,1.332657,0.226552,14.7076,14.7076,0.0,0.0
2759,4,25,23,tou,historically_calibrated,0.740365,0.125862,14.4977,14.4977,0.0,0.0
2760,4,25,24,tou,historically_calibrated,0.740365,0.125862,11.529,11.529,0.0,0.0
2761,4,26,1,tou,historically_calibrated,0.740365,0.125862,10.7732,10.7732,0.0,0.0
2762,4,26,2,tou,historically_calibrated,0.740365,0.125862,11.4311,11.4311,0.0,0.0
2763,4,26,3,tou,historically_calibrated,0.740365,0.125862,11.4611,11.4611,0.0,0.0
2764,4,26,4,tou,historically_calibrated,0.740365,0.125862,11.5879,11.5879,0.0,0.0
2765,4,26,5,tou,historically_calibrated,0.740365,0.125862,11.991,11.991,0.0,0.0
2766,4,26,6,tou,historically_calibrated,0.740365,0.125862,12.5044,12.5095,0.0052,0.0
2767,4,26,7,tou,historically_calibrated,0.740365,0.125862,14.9009,14.98,0.0791,0.0
2768,4,26,8,tou,historically_calibrated,1.332657,0.226552,13.7937,14.0646,0.2709,0.0
2769,4,26,9,tou,historically_calibrated,1.332657,0.226552,13.0624,13.4966,0.4342,0.0
2770,4,26,10,tou,historically_calibrated,1.332657,0.226552,12.4273,12.8161,0.3888,0.0
2771,4,26,11,tou,historically_calibrated,1.332657,0.226552,12.445,13.2083,0.7633,0.0
2772,4,26,12,tou,historically_calibrated,1.332657,0.226552,11.0179,11.7916,0.7737,0.0
2773,4,26,13,tou,historically_calibrated,1.332657,0.226552,11.8055,12.228,0.4225,0.0
2774,4,26,14,tou,historically_calibrated,1.332657,0.226552,10.9644,11.755,0.7906,0.0
2775,4,26,15,tou,historically_calibrated,1.332657,0.226552,10.3891,11.1083,0.7193,0.0
2776,4,26,16,tou,historically_calibrated,1.332657,0.226552,11.3326,11.934,0.6013,0.0
2777,4,26,17,tou,historically_calibrated,1.332657,0.226552,11.9733,12.4215,0.4458,0.0024
2778,4,26,18,tou,historically_calibrated,1.332657,0.226552,12.6501,12.9209,0.2709,0.0
2779,4,26,19,tou,historically_calibrated,1.332657,0.226552,12.8262,12.9455,0.1192,0.0
2780,4,26,20,tou,historically_calibrated,1.332657,0.226552,13.7411,13.7567,0.0156,0.0
2781,4,26,21,tou,historically_calibrated,1.332657,0.226552,14.2159,14.2159,0.0,0.0
2782,4,26,22,tou,historically_calibrated,1.332657,0.226552,13.8731,13.8731,0.0,0.0
2783,4,26,23,tou,historically_calibrated,0.740365,0.125862,13.7497,13.7497,0.0,0.0
2784,4,26,24,tou,historically_calibrated,0.740365,0.125862,10.6278,10.6302,0.0,0.0024
2785,4,27,1,tou,historically_calibrated,0.740365,0.125862,9.6957,9.7989,0.0,0.1032
2786,4,27,2,tou,historically_calibrated,0.740365,0.125862,9.3596,9.7248,0.0,0.3652
2787,4,27,3,tou,historically_calibrated,0.740365,0.125862,9.2672,9.8317,0.0,0.5645
2788,4,27,4,tou,historically_calibrated,0.740365,0.125862,8.9533,10.1105,0.0,1.1571
2789,4,27,5,tou,historically_calibrated,0.740365,0.125862,9.2875,10.1132,0.0,0.8257
2790,4,27,6,tou,historically_calibrated,0.740365,0.125862,8.6643,10.234,0.0026,1.5671
2791,4,27,7,tou,historically_calibrated,0.740365,0.125862,10.3292,12.4153,0.022,2.0641
2792,4,27,8,tou,historically_calibrated,1.332657,0.226552,9.7813,12.6382,0.07,2.7869
2793,4,27,9,tou,historically_calibrated,1.332657,0.226552,9.3639,12.2765,0.1257,2.7869
2794,4,27,10,tou,historically_calibrated,1.332657,0.226552,8.9181,11.8825,0.1776,2.7869
2795,4,27,11,tou,historically_calibrated,1.332657,0.226552,10.1153,11.4927,0.2203,1.1571
2796,4,27,12,tou,historically_calibrated,1.332657,0.226552,9.1398,10.9545,0.2475,1.5671
2797,4,27,13,tou,historically_calibrated,1.332657,0.226552,6.9123,10.676,0.2592,3.5045
2798,4,27,14,tou,historically_calibrated,1.332657,0.226552,12.1642,12.433,0.254,0.0148
2799,4,27,15,tou,historically_calibrated,1.332657,0.226552,11.569,12.019,0.2307,0.2194
2800,4,27,16,tou,historically_calibrated,1.332657,0.226552,12.3606,12.9918,0.1931,0.4381
2801,4,27,17,tou,historically_calibrated,1.332657,0.226552,13.0165,13.986,0.1439,0.8257
2802,4,27,18,tou,historically_calibrated,1.332657,0.226552,13.9271,14.1153,0.1426,0.0457
2803,4,27,19,tou,historically_calibrated,1.332657,0.226552,14.6044,16.2065,0.035,1.5671
2804,4,27,20,tou,historically_calibrated,1.332657,0.226552,15.5566,15.6676,0.0078,0.1032
2805,4,27,21,tou,historically_calibrated,1.332657,0.226552,15.3598,15.3746,0.0,0.0148
2806,4,27,22,tou,historically_calibrated,1.332657,0.226552,14.5439,14.7633,0.0,0.2194
2807,4,27,23,tou,historically_calibrated,0.740365,0.125862,14.079,14.4443,0.0,0.3652
2808,4,27,24,tou,historically_calibrated,0.740365,0.125862,11.121,11.4862,0.0,0.3652
2809,4,28,1,tou,historically_calibrated,0.740365,0.125862,9.9197,10.2849,0.0,0.3652
2810,4,28,2,tou,historically_calibrated,0.740365,0.125862,9.0929,9.9186,0.0,0.8257
2811,4,28,3,tou,historically_calibrated,0.740365,0.125862,9.6543,10.0196,0.0,0.3652
2812,4,28,4,tou,historically_calibrated,0.740365,0.125862,10.17,10.17,0.0,0.0
2813,4,28,5,tou,historically_calibrated,0.740365,0.125862,9.5916,9.9568,0.0,0.3652
2814,4,28,6,tou,historically_calibrated,0.740365,0.125862,10.0176,10.2448,0.0078,0.2194
2815,4,28,7,tou,historically_calibrated,0.740365,0.125862,11.8095,12.4544,0.0804,0.5645
2816,4,28,8,tou,historically_calibrated,0.740365,0.125862,10.8773,12.2833,0.2488,1.1571
2817,4,28,9,tou,historically_calibrated,0.740365,0.125862,9.7725,12.3148,0.4782,2.0641
2818,4,28,10,tou,historically_calibrated,0.740365,0.125862,10.2371,13.5087,0.4847,2.7869
2819,4,28,11,tou,historically_calibrated,0.740365,0.125862,4.1949,11.1652,0.5975,6.3728
2820,4,28,12,tou,historically_calibrated,0.740365,0.125862,3.7607,11.7629,0.4069,7.5953
2821,4,28,13,tou,historically_calibrated,0.740365,0.125862,5.5451,11.5353,0.7011,5.2891
2822,4,28,14,tou,historically_calibrated,0.740365,0.125862,6.6134,10.2867,0.8865,2.7869
2823,4,28,15,tou,historically_calibrated,0.740365,0.125862,4.7469,10.6632,0.6273,5.2891
2824,4,28,16,tou,historically_calibrated,0.740365,0.125862,10.9336,12.5158,0.4251,1.1571
2825,4,28,17,tou,historically_calibrated,0.740365,0.125862,11.2076,12.6006,0.2359,1.1571
2826,4,28,18,tou,historically_calibrated,0.740365,0.125862,12.2894,13.5904,0.1439,1.1571
2827,4,28,19,tou,historically_calibrated,0.740365,0.125862,12.8774,13.521,0.0791,0.5645
2828,4,28,20,tou,historically_calibrated,0.740365,0.125862,13.1251,13.7,0.0104,0.5645
2829,4,28,21,tou,historically_calibrated,0.740365,0.125862,12.9658,13.1852,0.0,0.2194
2830,4,28,22,tou,historically_calibrated,0.740365,0.125862,12.8508,12.8656,0.0,0.0148
2831,4,28,23,tou,historically_calibrated,0.740365,0.125862,12.3548,12.3548,0.0,0.0
2832,4,28,24,tou,historically_calibrated,0.740365,0.125862,9.8831,9.8979,0.0,0.0148
2833,4,29,1,tou,historically_calibrated,0.740365,0.125862,9.3055,9.3511,0.0,0.0457
2834,4,29,2,tou,historically_calibrated,0.740365,0.125862,9.3953,9.3953,0.0,0.0
2835,4,29,3,tou,historically_calibrated,0.740365,0.125862,9.455,9.4574,0.0,0.0024
2836,4,29,4,tou,historically_calibrated,0.740365,0.125862,9.6792,9.6792,0.0,0.0
2837,4,29,5,tou,historically_calibrated,0.740365,0.125862,9.9568,9.9568,0.0,0.0
2838,4,29,6,tou,historically_calibrated,0.740365,0.125862,10.2027,10.2053,0.0026,0.0
2839,4,29,7,tou,historically_calibrated,0.740365,0.125862,12.5772,12.6018,0.0246,0.0
2840,4,29,8,tou,historically_calibrated,0.740365,0.125862,12.3116,12.3842,0.0726,0.0
2841,4,29,9,tou,historically_calibrated,0.740365,0.125862,12.1852,12.3148,0.1296,0.0
2842,4,29,10,tou,historically_calibrated,0.740365,0.125862,11.761,11.9424,0.1814,0.0
2843,4,29,11,tou,historically_calibrated,0.740365,0.125862,10.941,11.1652,0.2242,0.0
2844,4,29,12,tou,historically_calibrated,0.740365,0.125862,10.5969,10.8483,0.2514,0.0
2845,4,29,13,tou,historically_calibrated,0.740365,0.125862,10.0348,10.2978,0.2631,0.0
2846,4,29,14,tou,historically_calibrated,0.740365,0.125862,9.7255,10.2867,0.5612,0.0
2847,4,29,15,tou,historically_calibrated,0.740365,0.125862,10.1356,10.5154,0.3797,0.0
2848,4,29,16,tou,historically_calibrated,0.740365,0.125862,10.3032,10.6207,0.3175,0.0
2849,4,29,17,tou,historically_calibrated,0.740365,0.125862,10.9241,11.1612,0.2372,0.0
2850,4,29,18,tou,historically_calibrated,0.740365,0.125862,11.3538,11.5027,0.1464,0.0024
2851,4,29,19,tou,historically_calibrated,0.740365,0.125862,11.6822,11.7431,0.0609,0.0
2852,4,29,20,tou,historically_calibrated,0.740365,0.125862,11.8269,11.832,0.0052,0.0
2853,4,29,21,tou,historically_calibrated,0.740365,0.125862,11.6927,11.6927,0.0,0.0
2854,4,29,22,tou,historically_calibrated,0.740365,0.125862,11.3301,11.3301,0.0,0.0
2855,4,29,23,tou,historically_calibrated,0.740365,0.125862,10.9786,10.9786,0.0,0.0
2856,4,29,24,tou,historically_calibrated,0.740365,0.125862,8.8741,8.8741,0.0,0.0
2857,4,30,1,tou,historically_calibrated,0.740365,0.125862,9.2711,9.2711,0.0,0.0
2858,4,30,2,tou,historically_calibrated,0.740365,0.125862,9.3998,9.3998,0.0,0.0
2859,4,30,3,tou,historically_calibrated,0.740365,0.125862,9.5873,9.5873,0.0,0.0
2860,4,30,4,tou,historically_calibrated,0.740365,0.125862,9.618,9.618,0.0,0.0
2861,4,30,5,tou,historically_calibrated,0.740365,0.125862,9.7794,9.7794,0.0,0.0
2862,4,30,6,tou,historically_calibrated,0.740365,0.125862,10.1026,10.1052,0.0026,0.0
2863,4,30,7,tou,historically_calibrated,0.740365,0.125862,12.551,12.5756,0.0246,0.0
2864,4,30,8,tou,historically_calibrated,1.332657,0.226552,12.7289,12.8028,0.0739,0.0
2865,4,30,9,tou,historically_calibrated,1.332657,0.226552,12.7569,12.8865,0.1296,0.0
2866,4,30,10,tou,historically_calibrated,1.332657,0.226552,12.3039,12.4866,0.1827,0.0
2867,4,30,11,tou,historically_calibrated,1.332657,0.226552,11.9119,12.1361,0.2242,0.0
2868,4,30,12,tou,historically_calibrated,1.332657,0.226552,11.017,11.2684,0.2514,0.0
2869,4,30,13,tou,historically_calibrated,1.332657,0.226552,10.6211,10.8829,0.2618,0.0
2870,4,30,14,tou,historically_calibrated,1.332657,0.226552,10.5608,10.8161,0.2553,0.0
2871,4,30,15,tou,historically_calibrated,1.332657,0.226552,10.5001,10.7334,0.2333,0.0
2872,4,30,16,tou,historically_calibrated,1.332657,0.226552,10.6262,10.8206,0.1944,0.0
2873,4,30,17,tou,historically_calibrated,1.332657,0.226552,10.1324,10.2775,0.1452,0.0
2874,4,30,18,tou,historically_calibrated,1.332657,0.226552,10.2066,10.353,0.1464,0.0
2875,4,30,19,tou,historically_calibrated,1.332657,0.226552,10.2113,10.2883,0.0622,0.0148
2876,4,30,20,tou,historically_calibrated,1.332657,0.226552,10.3328,10.3528,0.0052,0.0148
2877,4,30,21,tou,historically_calibrated,1.332657,0.226552,10.2033,10.2182,0.0,0.0148
2878,4,30,22,tou,historically_calibrated,1.332657,0.226552,9.9868,10.09,0.0,0.1032
2879,4,30,23,tou,historically_calibrated,0.740365,0.125862,9.7372,9.9565,0.0,0.2194
2880,4,30,24,tou,historically_calibrated,0.740365,0.125862,7.7544,8.319,0.0,0.5645
2881,5,1,1,tou,historically_calibrated,0.740365,0.125862,8.2156,8.2156,0.0,0.0
2882,5,1,2,tou,historically_calibrated,0.740365,0.125862,8.5466,8.5466,0.0,0.0
2883,5,1,3,tou,historically_calibrated,0.740365,0.125862,8.8134,8.8134,0.0,0.0
2884,5,1,4,tou,historically_calibrated,0.740365,0.125862,9.0435,9.0435,0.0,0.0
2885,5,1,5,tou,historically_calibrated,0.740365,0.125862,9.2787,9.2787,0.0,0.0
2886,5,1,6,tou,historically_calibrated,0.740365,0.125862,9.6733,9.6759,0.0026,0.0
2887,5,1,7,tou,historically_calibrated,0.740365,0.125862,11.7469,11.7741,0.0272,0.0
2888,5,1,8,tou,historically_calibrated,0.740365,0.125862,11.8485,11.925,0.0765,0.0
2889,5,1,9,tou,historically_calibrated,0.740365,0.125862,10.9535,11.1673,0.2138,0.0
2890,5,1,10,tou,historically_calibrated,0.740365,0.125862,10.2115,10.5095,0.2981,0.0
2891,5,1,11,tou,historically_calibrated,0.740365,0.125862,8.4901,9.1874,0.6972,0.0
2892,5,1,12,tou,historically_calibrated,0.740365,0.125862,6.5093,7.4489,0.9396,0.0
2893,5,1,13,tou,historically_calibrated,0.740365,0.125862,6.0722,7.0546,0.9824,0.0
2894,5,1,14,tou,historically_calibrated,0.740365,0.125862,6.1537,7.1127,0.959,0.0
2895,5,1,15,tou,historically_calibrated,0.740365,0.125862,6.4301,7.3049,0.8748,0.0
2896,5,1,16,tou,historically_calibrated,0.740365,0.125862,6.8568,7.5916,0.7348,0.0
2897,5,1,17,tou,historically_calibrated,0.740365,0.125862,7.3509,7.9017,0.5508,0.0
2898,5,1,18,tou,historically_calibrated,0.740365,0.125862,7.7987,8.1434,0.3447,0.0
2899,5,1,19,tou,historically_calibrated,0.740365,0.125862,8.0795,8.235,0.1555,0.0
2900,5,1,20,tou,historically_calibrated,0.740365,0.125862,8.1212,8.1433,0.022,0.0
2901,5,1,21,tou,historically_calibrated,0.740365,0.125862,8.3062,8.3062,0.0,0.0
2902,5,1,22,tou,historically_calibrated,0.740365,0.125862,8.5879,8.5879,0.0,0.0
2903,5,1,23,tou,historically_calibrated,0.740365,0.125862,9.1551,9.1551,0.0,0.0
2904,5,1,24,tou,historically_calibrated,0.740365,0.125862,7.5057,7.5057,0.0,0.0
2905,5,2,1,tou,historically_calibrated,0.740365,0.125862,7.2818,7.2818,0.0,0.0
2906,5,2,2,tou,historically_calibrated,0.740365,0.125862,7.4496,7.4496,0.0,0.0
2907,5,2,3,tou,historically_calibrated,0.740365,0.125862,7.7543,7.7543,0.0,0.0
2908,5,2,4,tou,historically_calibrated,0.740365,0.125862,8.51,8.51,0.0,0.0
2909,5,2,5,tou,historically_calibrated,0.740365,0.125862,8.5693,8.5693,0.0,0.0
2910,5,2,6,tou,historically_calibrated,0.740365,0.125862,8.6351,8.6454,0.0104,0.0
2911,5,2,7,tou,historically_calibrated,0.740365,0.125862,9.7444,9.8506,0.1063,0.0
2912,5,2,8,tou,historically_calibrated,1.332657,0.226552,7.7317,8.0298,0.2981,0.0
2913,5,2,9,tou,historically_calibrated,1.332657,0.226552,7.0415,7.5625,0.521,0.0
2914,5,2,10,tou,historically_calibrated,1.332657,0.226552,6.7645,7.489,0.7245,0.0
2915,5,2,11,tou,historically_calibrated,1.332657,0.226552,6.4244,7.3109,0.8865,0.0
2916,5,2,12,tou,historically_calibrated,1.332657,0.226552,6.1435,7.1349,0.9914,0.0
2917,5,2,13,tou,historically_calibrated,1.332657,0.226552,6.0204,7.0546,1.0342,0.0
2918,5,2,14,tou,historically_calibrated,1.332657,0.226552,6.2359,7.2455,1.0096,0.0
2919,5,2,15,tou,historically_calibrated,1.332657,0.226552,6.5198,7.4413,0.9215,0.0
2920,5,2,16,tou,historically_calibrated,1.332657,0.226552,7.2076,7.9813,0.7737,0.0
2921,5,2,17,tou,historically_calibrated,1.332657,0.226552,7.7254,8.3073,0.5819,0.0
2922,5,2,18,tou,historically_calibrated,1.332657,0.226552,8.2008,8.5235,0.3227,0.0
2923,5,2,19,tou,historically_calibrated,1.332657,0.226552,8.1262,8.235,0.1089,0.0
2924,5,2,20,tou,historically_calibrated,1.332657,0.226552,8.1264,8.1433,0.0168,0.0
2925,5,2,21,tou,historically_calibrated,1.332657,0.226552,7.9006,7.9006,0.0,0.0
2926,5,2,22,tou,historically_calibrated,1.332657,0.226552,7.5865,7.5865,0.0,0.0
2927,5,2,23,tou,historically_calibrated,0.740365,0.125862,7.2853,7.2853,0.0,0.0
2928,5,2,24,tou,historically_calibrated,0.740365,0.125862,6.3501,6.3501,0.0,0.0
2929,5,3,1,tou,historically_calibrated,0.740365,0.125862,6.0233,6.0233,0.0,0.0
2930,5,3,2,tou,historically_calibrated,0.740365,0.125862,6.8402,6.8402,0.0,0.0
2931,5,3,3,tou,historically_calibrated,0.740365,0.125862,6.8581,6.8581,0.0,0.0
2932,5,3,4,tou,historically_calibrated,0.740365,0.125862,6.9095,6.9095,0.0,0.0
2933,5,3,5,tou,historically_calibrated,0.740365,0.125862,7.1506,7.1506,0.0,0.0
2934,5,3,6,tou,historically_calibrated,0.740365,0.125862,7.3887,7.4003,0.0117,0.0
2935,5,3,7,tou,historically_calibrated,0.740365,0.125862,8.2548,8.3546,0.0998,0.0
2936,5,3,8,tou,historically_calibrated,1.332657,0.226552,7.2375,7.4812,0.2436,0.0
2937,5,3,9,tou,historically_calibrated,1.332657,0.226552,7.1465,7.5625,0.416,0.0
2938,5,3,10,tou,historically_calibrated,1.332657,0.226552,6.9136,7.489,0.5754,0.0
2939,5,3,11,tou,historically_calibrated,1.332657,0.226552,6.7656,7.5497,0.7841,0.0
2940,5,3,12,tou,historically_calibrated,1.332657,0.226552,6.7132,7.5012,0.788,0.0
2941,5,3,13,tou,historically_calibrated,1.332657,0.226552,6.9546,7.7789,0.8243,0.0
2942,5,3,14,tou,historically_calibrated,1.332657,0.226552,7.2373,8.0421,0.8048,0.0
2943,5,3,15,tou,historically_calibrated,1.332657,0.226552,7.4918,8.2253,0.7335,0.0
2944,5,3,16,tou,historically_calibrated,1.332657,0.226552,7.8604,8.4773,0.6169,0.0
2945,5,3,17,tou,historically_calibrated,1.332657,0.226552,8.385,8.7867,0.4018,0.0
2946,5,3,18,tou,historically_calibrated,1.332657,0.226552,8.7222,9.0175,0.2929,0.0024
2947,5,3,19,tou,historically_calibrated,1.332657,0.226552,8.5904,8.6578,0.0674,0.0
2948,5,3,20,tou,historically_calibrated,1.332657,0.226552,8.1342,8.1433,0.0091,0.0
2949,5,3,21,tou,historically_calibrated,1.332657,0.226552,7.9006,7.9006,0.0,0.0
2950,5,3,22,tou,historically_calibrated,1.332657,0.226552,7.5865,7.5865,0.0,0.0
2951,5,3,23,tou,historically_calibrated,0.740365,0.125862,7.2853,7.2853,0.0,0.0
2952,5,3,24,tou,historically_calibrated,0.740365,0.125862,5.8365,5.8365,0.0,0.0
2953,5,4,1,tou,historically_calibrated,0.740365,0.125862,5.5361,5.5361,0.0,0.0
2954,5,4,2,tou,historically_calibrated,0.740365,0.125862,5.5401,5.5401,0.0,0.0
2955,5,4,3,tou,historically_calibrated,0.740365,0.125862,5.8805,5.8805,0.0,0.0
2956,5,4,4,tou,historically_calibrated,0.740365,0.125862,6.376,6.376,0.0,0.0
2957,5,4,5,tou,historically_calibrated,0.740365,0.125862,6.7333,6.7333,0.0,0.0
2958,5,4,6,tou,historically_calibrated,0.740365,0.125862,6.7511,6.7563,0.0052,0.0
2959,5,4,7,tou,historically_calibrated,0.740365,0.125862,7.8258,7.8737,0.048,0.0
2960,5,4,8,tou,historically_calibrated,1.332657,0.226552,7.5161,7.6457,0.1296,0.0
2961,5,4,9,tou,historically_calibrated,1.332657,0.226552,7.3435,7.5625,0.219,0.0
2962,5,4,10,tou,historically_calibrated,1.332657,0.226552,7.1857,7.489,0.3033,0.0
2963,5,4,11,tou,historically_calibrated,1.332657,0.226552,6.9391,7.3109,0.3694,0.0024
2964,5,4,12,tou,historically_calibrated,1.332657,0.226552,6.2525,7.1349,0.88,0.0024
2965,5,4,13,tou,historically_calibrated,1.332657,0.226552,6.3433,7.0546,0.7089,0.0024
2966,5,4,14,tou,historically_calibrated,1.332657,0.226552,6.8387,7.1127,0.2592,0.0148
2967,5,4,15,tou,historically_calibrated,1.332657,0.226552,7.0666,7.3049,0.2359,0.0024
2968,5,4,16,tou,historically_calibrated,1.332657,0.226552,7.3933,7.5916,0.1983,0.0
2969,5,4,17,tou,historically_calibrated,1.332657,0.226552,7.7514,7.9017,0.1503,0.0
2970,5,4,18,tou,historically_calibrated,1.332657,0.226552,8.0488,8.1434,0.0946,0.0
2971,5,4,19,tou,historically_calibrated,1.332657,0.226552,8.1663,8.235,0.0687,0.0
2972,5,4,20,tou,historically_calibrated,1.332657,0.226552,8.1329,8.1433,0.0104,0.0
2973,5,4,21,tou,historically_calibrated,1.332657,0.226552,7.9006,7.9006,0.0,0.0
2974,5,4,22,tou,historically_calibrated,1.332657,0.226552,7.6977,7.6977,0.0,0.0
2975,5,4,23,tou,historically_calibrated,0.740365,0.125862,7.7661,7.7661,0.0,0.0
2976,5,4,24,tou,historically_calibrated,0.740365,0.125862,6.2217,6.2217,0.0,0.0
2977,5,5,1,tou,historically_calibrated,0.740365,0.125862,5.5041,5.5041,0.0,0.0
2978,5,5,2,tou,historically_calibrated,0.740365,0.125862,5.5454,5.5454,0.0,0.0
2979,5,5,3,tou,historically_calibrated,0.740365,0.125862,5.3351,5.3351,0.0,0.0
2980,5,5,4,tou,historically_calibrated,0.740365,0.125862,5.2618,5.2618,0.0,0.0
2981,5,5,5,tou,historically_calibrated,0.740365,0.125862,5.734,5.734,0.0,0.0
2982,5,5,6,tou,historically_calibrated,0.740365,0.125862,6.0934,6.0973,0.0039,0.0
2983,5,5,7,tou,historically_calibrated,0.740365,0.125862,7.5077,7.5388,0.0311,0.0
2984,5,5,8,tou,historically_calibrated,0.740365,0.125862,7.6604,7.7407,0.0804,0.0
2985,5,5,9,tou,historically_calibrated,0.740365,0.125862,7.7398,7.8759,0.1361,0.0
2986,5,5,10,tou,historically_calibrated,0.740365,0.125862,7.1567,7.3446,0.1879,0.0
2987,5,5,11,tou,historically_calibrated,0.740365,0.125862,6.353,6.726,0.3707,0.0024
2988,5,5,12,tou,historically_calibrated,0.740365,0.125862,6.1962,6.6123,0.416,0.0
2989,5,5,13,tou,historically_calibrated,0.740365,0.125862,7.1972,7.6325,0.4329,0.0024
2990,5,5,14,tou,historically_calibrated,0.740365,0.125862,6.5027,6.9276,0.4225,0.0024
2991,5,5,15,tou,historically_calibrated,0.740365,0.125862,7.0196,7.5091,0.3862,0.1032
2992,5,5,16,tou,historically_calibrated,0.740365,0.125862,7.1038,7.4452,0.3266,0.0148
2993,5,5,17,tou,historically_calibrated,0.740365,0.125862,7.3086,7.6428,0.3318,0.0024
2994,5,5,18,tou,historically_calibrated,0.740365,0.125862,7.3369,7.5469,0.21,0.0
2995,5,5,19,tou,historically_calibrated,0.740365,0.125862,7.8705,7.9651,0.0946,0.0
2996,5,5,20,tou,historically_calibrated,0.740365,0.125862,8.1905,8.206,0.0156,0.0
2997,5,5,21,tou,historically_calibrated,0.740365,0.125862,7.9615,7.9615,0.0,0.0
2998,5,5,22,tou,historically_calibrated,0.740365,0.125862,8.4127,8.4127,0.0,0.0
2999,5,5,23,tou,historically_calibrated,0.740365,0.125862,7.8821,7.8821,0.0,0.0
3000,5,5,24,tou,historically_calibrated,0.740365,0.125862,6.0366,6.039,0.0,0.0024
3001,5,6,1,tou,historically_calibrated,0.740365,0.125862,5.6386,5.6535,0.0,0.0148
3002,5,6,2,tou,historically_calibrated,0.740365,0.125862,5.9418,5.9566,0.0,0.0148
3003,5,6,3,tou,historically_calibrated,0.740365,0.125862,6.1971,6.1971,0.0,0.0
3004,5,6,4,tou,historically_calibrated,0.740365,0.125862,6.2057,6.2057,0.0,0.0
3005,5,6,5,tou,historically_calibrated,0.740365,0.125862,6.5401,6.5401,0.0,0.0
3006,5,6,6,tou,historically_calibrated,0.740365,0.125862,7.0783,7.0848,0.0065,0.0
3007,5,6,7,tou,historically_calibrated,0.740365,0.125862,8.9319,8.9643,0.0324,0.0
3008,5,6,8,tou,historically_calibrated,0.740365,0.125862,9.7284,9.8101,0.0816,0.0
3009,5,6,9,tou,historically_calibrated,0.740365,0.125862,10.4414,10.5801,0.1387,0.0
3010,5,6,10,tou,historically_calibrated,0.740365,0.125862,10.7414,10.9319,0.1905,0.0
3011,5,6,11,tou,historically_calibrated,0.740365,0.125862,10.7852,11.0172,0.232,0.0
3012,5,6,12,tou,historically_calibrated,0.740365,0.125862,10.541,10.8002,0.2592,0.0
3013,5,6,13,tou,historically_calibrated,0.740365,0.125862,10.5994,10.869,0.2696,0.0
3014,5,6,14,tou,historically_calibrated,0.740365,0.125862,10.8381,11.1025,0.2644,0.0
3015,5,6,15,tou,historically_calibrated,0.740365,0.125862,11.159,11.4025,0.2411,0.0024
3016,5,6,16,tou,historically_calibrated,0.740365,0.125862,11.6465,11.85,0.2035,0.0
3017,5,6,17,tou,historically_calibrated,0.740365,0.125862,12.4997,12.6539,0.1542,0.0
3018,5,6,18,tou,historically_calibrated,0.740365,0.125862,12.9425,13.041,0.0985,0.0
3019,5,6,19,tou,historically_calibrated,0.740365,0.125862,12.9214,12.9654,0.0441,0.0
3020,5,6,20,tou,historically_calibrated,0.740365,0.125862,12.6484,12.6561,0.0078,0.0
3021,5,6,21,tou,historically_calibrated,0.740365,0.125862,12.5456,12.5456,0.0,0.0
3022,5,6,22,tou,historically_calibrated,0.740365,0.125862,12.2514,12.2514,0.0,0.0
3023,5,6,23,tou,historically_calibrated,0.740365,0.125862,12.2074,12.2074,0.0,0.0
3024,5,6,24,tou,historically_calibrated,0.740365,0.125862,9.701,9.701,0.0,0.0
3025,5,7,1,tou,historically_calibrated,0.740365,0.125862,10.0019,10.0019,0.0,0.0
3026,5,7,2,tou,historically_calibrated,0.740365,0.125862,10.4561,10.4561,0.0,0.0
3027,5,7,3,tou,historically_calibrated,0.740365,0.125862,10.6871,10.6871,0.0,0.0
3028,5,7,4,tou,historically_calibrated,0.740365,0.125862,10.9723,10.9723,0.0,0.0
3029,5,7,5,tou,historically_calibrated,0.740365,0.125862,11.1564,11.1564,0.0,0.0
3030,5,7,6,tou,historically_calibrated,0.740365,0.125862,11.6782,11.6938,0.0156,0.0
3031,5,7,7,tou,historically_calibrated,0.740365,0.125862,13.7921,13.9114,0.1192,0.0
3032,5,7,8,tou,historically_calibrated,1.332657,0.226552,13.3341,13.6257,0.2916,0.0
3033,5,7,9,tou,historically_calibrated,1.332657,0.226552,12.8422,13.2193,0.3771,0.0
3034,5,7,10,tou,historically_calibrated,1.332657,0.226552,11.8435,12.1571,0.3136,0.0
3035,5,7,11,tou,historically_calibrated,1.332657,0.226552,10.8972,11.2783,0.381,0.0
3036,5,7,12,tou,historically_calibrated,1.332657,0.226552,9.9015,10.3266,0.4251,0.0
3037,5,7,13,tou,historically_calibrated,1.332657,0.226552,9.5615,10.0034,0.4419,0.0
3038,5,7,14,tou,historically_calibrated,1.332657,0.226552,9.653,10.0858,0.4329,0.0
3039,5,7,15,tou,historically_calibrated,1.332657,0.226552,9.9631,10.3584,0.3953,0.0
3040,5,7,16,tou,historically_calibrated,1.332657,0.226552,10.9329,11.2659,0.3331,0.0
3041,5,7,17,tou,historically_calibrated,1.332657,0.226552,11.646,11.9,0.254,0.0
3042,5,7,18,tou,historically_calibrated,1.332657,0.226552,11.7437,11.9057,0.162,0.0
3043,5,7,19,tou,historically_calibrated,1.332657,0.226552,12.1469,12.2208,0.0739,0.0
3044,5,7,20,tou,historically_calibrated,1.332657,0.226552,12.0639,12.0846,0.0207,0.0
3045,5,7,21,tou,historically_calibrated,1.332657,0.226552,12.8254,12.8254,0.0,0.0
3046,5,7,22,tou,historically_calibrated,1.332657,0.226552,13.1499,13.1499,0.0,0.0
3047,5,7,23,tou,historically_calibrated,0.740365,0.125862,13.1086,13.1086,0.0,0.0
3048,5,7,24,tou,historically_calibrated,0.740365,0.125862,10.6302,10.6302,0.0,0.0
3049,5,8,1,tou,historically_calibrated,0.740365,0.125862,10.1643,10.1643,0.0,0.0
3050,5,8,2,tou,historically_calibrated,0.740365,0.125862,10.4154,10.4154,0.0,0.0
3051,5,8,3,tou,historically_calibrated,0.740365,0.125862,10.7686,10.7686,0.0,0.0
3052,5,8,4,tou,historically_calibrated,0.740365,0.125862,10.8492,10.8492,0.0,0.0
3053,5,8,5,tou,historically_calibrated,0.740365,0.125862,11.0312,11.0312,0.0,0.0
3054,5,8,6,tou,historically_calibrated,0.740365,0.125862,11.0784,11.0927,0.0143,0.0
3055,5,8,7,tou,historically_calibrated,0.740365,0.125862,12.8405,12.8962,0.0557,0.0
3056,5,8,8,tou,historically_calibrated,1.332657,0.226552,12.6068,12.7479,0.1387,0.0024
3057,5,8,9,tou,historically_calibrated,1.332657,0.226552,11.9755,12.221,0.2307,0.0148
3058,5,8,10,tou,historically_calibrated,1.332657,0.226552,11.1361,11.553,0.3136,0.1032
3059,5,8,11,tou,historically_calibrated,1.332657,0.226552,10.5796,11.0638,0.381,0.1032
3060,5,8,12,tou,historically_calibrated,1.332657,0.226552,10.3751,10.9021,0.4238,0.1032
3061,5,8,13,tou,historically_calibrated,1.332657,0.226552,9.288,9.7448,0.4419,0.0148
3062,5,8,14,tou,historically_calibrated,1.332657,0.226552,9.0135,9.4599,0.4316,0.0148
3063,5,8,15,tou,historically_calibrated,1.332657,0.226552,9.0028,9.5013,0.3953,0.1032
3064,5,8,16,tou,historically_calibrated,1.332657,0.226552,9.3035,9.6515,0.3331,0.0148
3065,5,8,17,tou,historically_calibrated,1.332657,0.226552,10.836,11.0888,0.2527,0.0
3066,5,8,18,tou,historically_calibrated,1.332657,0.226552,11.4451,11.6071,0.162,0.0
3067,5,8,19,tou,historically_calibrated,1.332657,0.226552,11.7833,11.8584,0.0752,0.0
3068,5,8,20,tou,historically_calibrated,1.332657,0.226552,11.8925,11.9054,0.013,0.0
3069,5,8,21,tou,historically_calibrated,1.332657,0.226552,11.6666,11.6666,0.0,0.0
3070,5,8,22,tou,historically_calibrated,1.332657,0.226552,11.2003,11.2027,0.0,0.0024
3071,5,8,23,tou,historically_calibrated,0.740365,0.125862,10.8113,10.8113,0.0,0.0
3072,5,8,24,tou,historically_calibrated,0.740365,0.125862,8.6186,8.6186,0.0,0.0
3073,5,9,1,tou,historically_calibrated,0.740365,0.125862,8.2155,8.2156,0.0,0.0
3074,5,9,2,tou,historically_calibrated,0.740365,0.125862,8.2622,8.2622,0.0,0.0
3075,5,9,3,tou,historically_calibrated,0.740365,0.125862,8.2024,8.2024,0.0,0.0
3076,5,9,4,tou,historically_calibrated,0.740365,0.125862,8.1406,8.1406,0.0,0.0
3077,5,9,5,tou,historically_calibrated,0.740365,0.125862,8.3186,8.319,0.0,0.0003
3078,5,9,6,tou,historically_calibrated,0.740365,0.125862,8.5923,8.6025,0.0078,0.0024
3079,5,9,7,tou,historically_calibrated,0.740365,0.125862,10.6995,10.759,0.057,0.0024
3080,5,9,8,tou,historically_calibrated,1.332657,0.226552,10.7402,10.8826,0.14,0.0024
3081,5,9,9,tou,historically_calibrated,1.332657,0.226552,10.5891,10.8346,0.2307,0.0148
3082,5,9,10,tou,historically_calibrated,1.332657,0.226552,10.1261,10.4546,0.3136,0.0148
3083,5,9,11,tou,historically_calibrated,1.332657,0.226552,9.7029,10.0988,0.381,0.0148
3084,5,9,12,tou,historically_calibrated,1.332657,0.226552,8.6688,9.3848,0.7011,0.0148
3085,5,9,13,tou,historically_calibrated,1.332657,0.226552,8.6672,9.124,0.4419,0.0148
3086,5,9,14,tou,historically_calibrated,1.332657,0.226552,8.3031,8.8862,0.5806,0.0024
3087,5,9,15,tou,historically_calibrated,1.332657,0.226552,8.2041,8.8584,0.6519,0.0024
3088,5,9,16,tou,historically_calibrated,1.332657,0.226552,9.2352,9.8741,0.6389,0.0
3089,5,9,17,tou,historically_calibrated,1.332657,0.226552,9.1241,9.4663,0.3421,0.0
3090,5,9,18,tou,historically_calibrated,1.332657,0.226552,9.3079,9.6364,0.3136,0.0148
3091,5,9,19,tou,historically_calibrated,1.332657,0.226552,9.7154,9.8656,0.1477,0.0024
3092,5,9,20,tou,historically_calibrated,1.332657,0.226552,10.2622,10.2931,0.0285,0.0024
3093,5,9,21,tou,historically_calibrated,1.332657,0.226552,10.392,10.392,0.0,0.0
3094,5,9,22,tou,historically_calibrated,1.332657,0.226552,10.6463,10.6463,0.0,0.0
3095,5,9,23,tou,historically_calibrated,0.740365,0.125862,10.5976,10.5976,0.0,0.0
3096,5,9,24,tou,historically_calibrated,0.740365,0.125862,8.9182,8.9182,0.0,0.0
3097,5,10,1,tou,historically_calibrated,0.740365,0.125862,8.4185,8.4185,0.0,0.0
3098,5,10,2,tou,historically_calibrated,0.740365,0.125862,8.5466,8.5466,0.0,0.0
3099,5,10,3,tou,historically_calibrated,0.740365,0.125862,8.8134,8.8134,0.0,0.0
3100,5,10,4,tou,historically_calibrated,0.740365,0.125862,8.8793,8.8793,0.0,0.0
3101,5,10,5,tou,historically_calibrated,0.740365,0.125862,9.1535,9.1535,0.0,0.0
3102,5,10,6,tou,historically_calibrated,0.740365,0.125862,9.0983,9.1177,0.0194,0.0
3103,5,10,7,tou,historically_calibrated,0.740365,0.125862,10.5238,10.6521,0.1283,0.0
3104,5,10,8,tou,historically_calibrated,1.332657,0.226552,9.6804,9.9499,0.2696,0.0
3105,5,10,9,tou,historically_calibrated,1.332657,0.226552,9.059,9.5036,0.4445,0.0
3106,5,10,10,tou,historically_calibrated,1.332657,0.226552,8.5319,8.9718,0.4251,0.0148
3107,5,10,11,tou,historically_calibrated,1.332657,0.226552,8.1356,8.6512,0.5132,0.0024
3108,5,10,12,tou,historically_calibrated,1.332657,0.226552,7.6983,8.286,0.5728,0.0148
3109,5,10,13,tou,historically_calibrated,1.332657,0.226552,7.5487,8.0375,0.4432,0.0457
3110,5,10,14,tou,historically_calibrated,1.332657,0.226552,6.5681,7.1649,0.5819,0.0148
3111,5,10,15,tou,historically_calibrated,1.332657,0.226552,7.0144,7.4121,0.3953,0.0024
3112,5,10,16,tou,historically_calibrated,1.332657,0.226552,7.2424,7.5916,0.3344,0.0148
3113,5,10,17,tou,historically_calibrated,1.332657,0.226552,7.6316,7.9017,0.2553,0.0148
3114,5,10,18,tou,historically_calibrated,1.332657,0.226552,7.9775,8.1434,0.1659,0.0
3115,5,10,19,tou,historically_calibrated,1.332657,0.226552,8.7453,8.8389,0.048,0.0457
3116,5,10,20,tou,historically_calibrated,1.332657,0.226552,9.3882,9.3973,0.0091,0.0
3117,5,10,21,tou,historically_calibrated,1.332657,0.226552,9.4501,9.465,0.0,0.0148
3118,5,10,22,tou,historically_calibrated,1.332657,0.226552,9.4632,9.478,0.0,0.0148
3119,5,10,23,tou,historically_calibrated,0.740365,0.125862,9.3689,9.3689,0.0,0.0
3120,5,10,24,tou,historically_calibrated,0.740365,0.125862,7.7625,7.7625,0.0,0.0
3121,5,11,1,tou,historically_calibrated,0.740365,0.125862,7.16,7.16,0.0,0.0
3122,5,11,2,tou,historically_calibrated,0.740365,0.125862,7.4496,7.4496,0.0,0.0
3123,5,11,3,tou,historically_calibrated,0.740365,0.125862,7.3877,7.3877,0.0,0.0
3124,5,11,4,tou,historically_calibrated,0.740365,0.125862,7.2788,7.2788,0.0,0.0
3125,5,11,5,tou,historically_calibrated,0.740365,0.125862,7.2758,7.2758,0.0,0.0
3126,5,11,6,tou,historically_calibrated,0.740365,0.125862,7.5201,7.5291,0.0091,0.0
3127,5,11,7,tou,historically_calibrated,0.740365,0.125862,8.8293,8.8889,0.0596,0.0
3128,5,11,8,tou,historically_calibrated,1.332657,0.226552,8.6553,8.7978,0.1426,0.0
3129,5,11,9,tou,historically_calibrated,1.332657,0.226552,9.027,9.1708,0.1439,0.0
3130,5,11,10,tou,historically_calibrated,1.332657,0.226552,8.2162,8.5324,0.3162,0.0
3131,5,11,11,tou,historically_calibrated,1.332657,0.226552,7.7864,8.1687,0.3823,0.0
3132,5,11,12,tou,historically_calibrated,1.332657,0.226552,7.126,7.5535,0.4251,0.0024
3133,5,11,13,tou,historically_calibrated,1.332657,0.226552,7.3369,7.7789,0.4419,0.0
3134,5,11,14,tou,historically_calibrated,1.332657,0.226552,7.0971,7.53,0.4329,0.0
3135,5,11,15,tou,historically_calibrated,1.332657,0.226552,6.9096,7.3049,0.3953,0.0
3136,5,11,16,tou,historically_calibrated,1.332657,0.226552,7.3129,7.6473,0.3344,0.0
3137,5,11,17,tou,historically_calibrated,1.332657,0.226552,7.9767,8.1335,0.1568,0.0
3138,5,11,18,tou,historically_calibrated,1.332657,0.226552,8.6055,8.7406,0.1348,0.0003
3139,5,11,19,tou,historically_calibrated,1.332657,0.226552,9.0594,9.1409,0.0791,0.0024
3140,5,11,20,tou,historically_calibrated,1.332657,0.226552,9.3156,9.3376,0.022,0.0
3141,5,11,21,tou,historically_calibrated,1.332657,0.226552,9.1753,9.1753,0.0,0.0
3142,5,11,22,tou,historically_calibrated,1.332657,0.226552,9.2555,9.2555,0.0,0.0
3143,5,11,23,tou,historically_calibrated,0.740365,0.125862,8.9949,8.9949,0.0,0.0
3144,5,11,24,tou,historically_calibrated,0.740365,0.125862,7.3773,7.3773,0.0,0.0
3145,5,12,1,tou,historically_calibrated,0.740365,0.125862,6.5872,6.5872,0.0,0.0
3146,5,12,2,tou,historically_calibrated,0.740365,0.125862,6.891,6.891,0.0,0.0
3147,5,12,3,tou,historically_calibrated,0.740365,0.125862,6.984,6.984,0.0,0.0
3148,5,12,4,tou,historically_calibrated,0.740365,0.125862,7.1118,7.1118,0.0,0.0
3149,5,12,5,tou,historically_calibrated,0.740365,0.125862,7.4231,7.4231,0.0,0.0
3150,5,12,6,tou,historically_calibrated,0.740365,0.125862,7.6948,7.7168,0.022,0.0
3151,5,12,7,tou,historically_calibrated,0.740365,0.125862,8.946,9.0626,0.1166,0.0
3152,5,12,8,tou,historically_calibrated,0.740365,0.125862,9.0088,9.1539,0.1452,0.0
3153,5,12,9,tou,historically_calibrated,0.740365,0.125862,8.7115,8.9474,0.2359,0.0
3154,5,12,10,tou,historically_calibrated,0.740365,0.125862,7.6243,8.0519,0.4277,0.0
3155,5,12,11,tou,historically_calibrated,0.740365,0.125862,6.9788,7.6139,0.635,0.0
3156,5,12,12,tou,historically_calibrated,0.740365,0.125862,6.0985,6.8048,0.7063,0.0
3157,5,12,13,tou,historically_calibrated,0.740365,0.125862,5.8982,6.633,0.7348,0.0
3158,5,12,14,tou,historically_calibrated,0.740365,0.125862,5.7661,6.5437,0.7776,0.0
3159,5,12,15,tou,historically_calibrated,0.740365,0.125862,5.9561,6.7205,0.762,0.0024
3160,5,12,16,tou,historically_calibrated,0.740365,0.125862,6.2624,6.9843,0.7219,0.0
3161,5,12,17,tou,historically_calibrated,0.740365,0.125862,6.7164,7.2696,0.5508,0.0024
3162,5,12,18,tou,historically_calibrated,0.740365,0.125862,7.3341,7.6568,0.3227,0.0
3163,5,12,19,tou,historically_calibrated,0.740365,0.125862,7.9983,8.1318,0.1335,0.0
3164,5,12,20,tou,historically_calibrated,0.740365,0.125862,8.617,8.6455,0.0285,0.0
3165,5,12,21,tou,historically_calibrated,0.740365,0.125862,9.0809,9.0809,0.0,0.0
3166,5,12,22,tou,historically_calibrated,0.740365,0.125862,9.3852,9.3852,0.0,0.0
3167,5,12,23,tou,historically_calibrated,0.740365,0.125862,9.3566,9.3566,0.0,0.0
3168,5,12,24,tou,historically_calibrated,0.740365,0.125862,7.7322,7.7322,0.0,0.0
3169,5,13,1,tou,historically_calibrated,0.740365,0.125862,7.1848,7.1848,0.0,0.0
3170,5,13,2,tou,historically_calibrated,0.740365,0.125862,7.676,7.676,0.0,0.0
3171,5,13,3,tou,historically_calibrated,0.740365,0.125862,8.0334,8.0334,0.0,0.0
3172,5,13,4,tou,historically_calibrated,0.740365,0.125862,8.2067,8.2067,0.0,0.0
3173,5,13,5,tou,historically_calibrated,0.740365,0.125862,7.807,7.807,0.0,0.0
3174,5,13,6,tou,historically_calibrated,0.740365,0.125862,7.8593,7.8748,0.0156,0.0
3175,5,13,7,tou,historically_calibrated,0.740365,0.125862,8.8309,8.9151,0.0842,0.0
3176,5,13,8,tou,historically_calibrated,0.740365,0.125862,7.7974,7.9931,0.1957,0.0
3177,5,13,9,tou,historically_calibrated,0.740365,0.125862,6.6387,6.9575,0.3188,0.0
3178,5,13,10,tou,historically_calibrated,0.740365,0.125862,6.2794,6.8899,0.6104,0.0
3179,5,13,11,tou,historically_calibrated,0.740365,0.125862,5.9886,6.726,0.7374,0.0
3180,5,13,12,tou,historically_calibrated,0.740365,0.125862,5.7438,6.5641,0.8204,0.0
3181,5,13,13,tou,historically_calibrated,0.740365,0.125862,5.6375,6.4902,0.8528,0.0
3182,5,13,14,tou,historically_calibrated,0.740365,0.125862,5.7091,6.5437,0.8346,0.0
3183,5,13,15,tou,historically_calibrated,0.740365,0.125862,6.0622,6.7205,0.6584,0.0
3184,5,13,16,tou,historically_calibrated,0.740365,0.125862,6.4257,6.9843,0.5586,0.0
3185,5,13,17,tou,historically_calibrated,0.740365,0.125862,6.7732,7.2696,0.4964,0.0
3186,5,13,18,tou,historically_calibrated,0.740365,0.125862,7.212,7.492,0.2799,0.0
3187,5,13,19,tou,historically_calibrated,0.740365,0.125862,7.4401,7.5762,0.1361,0.0
3188,5,13,20,tou,historically_calibrated,0.740365,0.125862,7.4503,7.4918,0.0415,0.0
3189,5,13,21,tou,historically_calibrated,0.740365,0.125862,7.2673,7.2686,0.0013,0.0
3190,5,13,22,tou,historically_calibrated,0.740365,0.125862,7.1843,7.1843,0.0,0.0
3191,5,13,23,tou,historically_calibrated,0.740365,0.125862,7.4397,7.4397,0.0,0.0
3192,5,13,24,tou,historically_calibrated,0.740365,0.125862,6.2753,6.2753,0.0,0.0
3193,5,14,1,tou,historically_calibrated,0.740365,0.125862,6.551,6.551,0.0,0.0
3194,5,14,2,tou,historically_calibrated,0.740365,0.125862,6.7996,6.7996,0.0,0.0
3195,5,14,3,tou,historically_calibrated,0.740365,0.125862,6.8581,6.8581,0.0,0.0
3196,5,14,4,tou,historically_calibrated,0.740365,0.125862,7.1557,7.1557,0.0,0.0
3197,5,14,5,tou,historically_calibrated,0.740365,0.125862,7.4009,7.4009,0.0,0.0
3198,5,14,6,tou,historically_calibrated,0.740365,0.125862,7.5227,7.5291,0.0065,0.0
3199,5,14,7,tou,historically_calibrated,0.740365,0.125862,9.1706,9.2095,0.0389,0.0
3200,5,14,8,tou,historically_calibrated,1.332657,0.226552,9.3655,9.4562,0.0907,0.0
3201,5,14,9,tou,historically_calibrated,1.332657,0.226552,9.5789,9.7254,0.1464,0.0
3202,5,14,10,tou,historically_calibrated,1.332657,0.226552,9.7084,9.9054,0.197,0.0
3203,5,14,11,tou,historically_calibrated,1.332657,0.226552,9.5923,9.8307,0.2385,0.0
3204,5,14,12,tou,historically_calibrated,1.332657,0.226552,9.0681,9.3325,0.2644,0.0
3205,5,14,13,tou,historically_calibrated,1.332657,0.226552,8.6423,8.917,0.2748,0.0
3206,5,14,14,tou,historically_calibrated,1.332657,0.226552,7.9398,8.2081,0.2683,0.0
3207,5,14,15,tou,historically_calibrated,1.332657,0.226552,7.5486,7.9477,0.3992,0.0
3208,5,14,16,tou,historically_calibrated,1.332657,0.226552,7.5304,7.87,0.3396,0.0
3209,5,14,17,tou,historically_calibrated,1.332657,0.226552,7.567,7.9597,0.3927,0.0
3210,5,14,18,tou,historically_calibrated,1.332657,0.226552,7.8156,8.1434,0.3279,0.0
3211,5,14,19,tou,historically_calibrated,1.332657,0.226552,8.0756,8.235,0.1594,0.0
3212,5,14,20,tou,historically_calibrated,1.332657,0.226552,8.8197,8.8599,0.0402,0.0
3213,5,14,21,tou,historically_calibrated,1.332657,0.226552,9.5216,9.5229,0.0013,0.0
3214,5,14,22,tou,historically_calibrated,1.332657,0.226552,10.2013,10.2013,0.0,0.0
3215,5,14,23,tou,historically_calibrated,0.740365,0.125862,10.1702,10.1702,0.0,0.0
3216,5,14,24,tou,historically_calibrated,0.740365,0.125862,8.1906,8.1906,0.0,0.0
3217,5,15,1,tou,historically_calibrated,0.740365,0.125862,7.972,7.972,0.0,0.0
3218,5,15,2,tou,historically_calibrated,0.740365,0.125862,8.3028,8.3028,0.0,0.0
3219,5,15,3,tou,historically_calibrated,0.740365,0.125862,8.406,8.406,0.0,0.0
3220,5,15,4,tou,historically_calibrated,0.740365,0.125862,8.8793,8.8793,0.0,0.0
3221,5,15,5,tou,historically_calibrated,0.740365,0.125862,9.1118,9.1118,0.0,0.0
3222,5,15,6,tou,historically_calibrated,0.740365,0.125862,9.1971,9.2036,0.0065,0.0
3223,5,15,7,tou,historically_calibrated,0.740365,0.125862,10.9325,10.9727,0.0402,0.0
3224,5,15,8,tou,historically_calibrated,1.332657,0.226552,10.6809,10.7729,0.092,0.0
3225,5,15,9,tou,historically_calibrated,1.332657,0.226552,9.6344,9.7809,0.1464,0.0
3226,5,15,10,tou,historically_calibrated,1.332657,0.226552,8.1145,8.3128,0.1983,0.0
3227,5,15,11,tou,historically_calibrated,1.332657,0.226552,7.2869,7.5253,0.2385,0.0
3228,5,15,12,tou,historically_calibrated,1.332657,0.226552,6.8705,7.1349,0.2644,0.0
3229,5,15,13,tou,historically_calibrated,1.332657,0.226552,6.7799,7.0546,0.2748,0.0
3230,5,15,14,tou,historically_calibrated,1.332657,0.226552,6.8444,7.1127,0.2683,0.0
3231,5,15,15,tou,historically_calibrated,1.332657,0.226552,6.5403,7.3049,0.7646,0.0
3232,5,15,16,tou,historically_calibrated,1.332657,0.226552,6.7725,7.5916,0.8191,0.0
3233,5,15,17,tou,historically_calibrated,1.332657,0.226552,7.2706,7.9017,0.6312,0.0
3234,5,15,18,tou,historically_calibrated,1.332657,0.226552,7.7287,8.1434,0.4147,0.0
3235,5,15,19,tou,historically_calibrated,1.332657,0.226552,8.0406,8.235,0.1944,0.0
3236,5,15,20,tou,historically_calibrated,1.332657,0.226552,8.1109,8.1433,0.0324,0.0
3237,5,15,21,tou,historically_calibrated,1.332657,0.226552,7.8993,7.9006,0.0013,0.0
3238,5,15,22,tou,historically_calibrated,1.332657,0.226552,7.5865,7.5865,0.0,0.0
3239,5,15,23,tou,historically_calibrated,0.740365,0.125862,7.2853,7.2853,0.0,0.0
3240,5,15,24,tou,historically_calibrated,0.740365,0.125862,5.8793,5.8793,0.0,0.0
3241,5,16,1,tou,historically_calibrated,0.740365,0.125862,5.8203,5.8203,0.0,0.0
3242,5,16,2,tou,historically_calibrated,0.740365,0.125862,6.3121,6.3121,0.0,0.0
3243,5,16,3,tou,historically_calibrated,0.740365,0.125862,6.2879,6.2879,0.0,0.0
3244,5,16,4,tou,historically_calibrated,0.740365,0.125862,6.4991,6.4991,0.0,0.0
3245,5,16,5,tou,historically_calibrated,0.740365,0.125862,6.8585,6.8585,0.0,0.0
3246,5,16,6,tou,historically_calibrated,0.740365,0.125862,7.2066,7.2286,0.022,0.0
3247,5,16,7,tou,historically_calibrated,0.740365,0.125862,8.2823,8.408,0.1257,0.0
3248,5,16,8,tou,historically_calibrated,1.332657,0.226552,7.2142,7.4812,0.267,0.0
3249,5,16,9,tou,historically_calibrated,1.332657,0.226552,7.1685,7.5625,0.394,0.0
3250,5,16,10,tou,historically_calibrated,1.332657,0.226552,7.0574,7.489,0.4316,0.0
3251,5,16,11,tou,historically_calibrated,1.332657,0.226552,6.7925,7.3109,0.5184,0.0
3252,5,16,12,tou,historically_calibrated,1.332657,0.226552,6.7593,7.3347,0.5754,0.0
3253,5,16,13,tou,historically_calibrated,1.332657,0.226552,7.1485,7.746,0.5975,0.0
3254,5,16,14,tou,historically_calibrated,1.332657,0.226552,7.1589,7.7434,0.5845,0.0
3255,5,16,15,tou,historically_calibrated,1.332657,0.226552,7.6219,8.1572,0.5352,0.0
3256,5,16,16,tou,historically_calibrated,1.332657,0.226552,8.114,8.7607,0.6467,0.0
3257,5,16,17,tou,historically_calibrated,1.332657,0.226552,8.4734,8.9711,0.4977,0.0
3258,5,16,18,tou,historically_calibrated,1.332657,0.226552,8.7095,8.9415,0.232,0.0
3259,5,16,19,tou,historically_calibrated,1.332657,0.226552,8.3887,8.504,0.1153,0.0
3260,5,16,20,tou,historically_calibrated,1.332657,0.226552,8.116,8.1433,0.0272,0.0
3261,5,16,21,tou,historically_calibrated,1.332657,0.226552,7.8993,7.9006,0.0013,0.0
3262,5,16,22,tou,historically_calibrated,1.332657,0.226552,7.5865,7.5865,0.0,0.0
3263,5,16,23,tou,historically_calibrated,0.740365,0.125862,7.2853,7.2853,0.0,0.0
3264,5,16,24,tou,historically_calibrated,0.740365,0.125862,5.8365,5.8365,0.0,0.0
3265,5,17,1,tou,historically_calibrated,0.740365,0.125862,5.5361,5.5361,0.0,0.0
3266,5,17,2,tou,historically_calibrated,0.740365,0.125862,5.5401,5.5401,0.0,0.0
3267,5,17,3,tou,historically_calibrated,0.740365,0.125862,5.5546,5.5546,0.0,0.0
3268,5,17,4,tou,historically_calibrated,0.740365,0.125862,5.5962,5.5962,0.0,0.0
3269,5,17,5,tou,historically_calibrated,0.740365,0.125862,5.6901,5.6901,0.0,0.0
3270,5,17,6,tou,historically_calibrated,0.740365,0.125862,5.8366,5.8547,0.0181,0.0
3271,5,17,7,tou,historically_calibrated,0.740365,0.125862,7.1434,7.286,0.1426,0.0
3272,5,17,8,tou,historically_calibrated,1.332657,0.226552,7.1183,7.4812,0.3629,0.0
3273,5,17,9,tou,historically_calibrated,1.332657,0.226552,7.0117,7.5625,0.5508,0.0
3274,5,17,10,tou,historically_calibrated,1.332657,0.226552,7.4675,8.0831,0.6156,0.0
3275,5,17,11,tou,historically_calibrated,1.332657,0.226552,7.4238,8.1638,0.74,0.0
3276,5,17,12,tou,historically_calibrated,1.332657,0.226552,7.3134,8.1338,0.8204,0.0
3277,5,17,13,tou,historically_calibrated,1.332657,0.226552,7.5174,8.3715,0.8541,0.0
3278,5,17,14,tou,historically_calibrated,1.332657,0.226552,7.8024,8.6396,0.8372,0.0
3279,5,17,15,tou,historically_calibrated,1.332657,0.226552,7.8559,8.6685,0.8126,0.0
3280,5,17,16,tou,historically_calibrated,1.332657,0.226552,8.3525,9.0796,0.7271,0.0
3281,5,17,17,tou,historically_calibrated,1.332657,0.226552,9.0214,9.5242,0.5028,0.0
3282,5,17,18,tou,historically_calibrated,1.332657,0.226552,9.5585,9.8916,0.3331,0.0
3283,5,17,19,tou,historically_calibrated,1.332657,0.226552,9.336,9.5032,0.1672,0.0
3284,5,17,20,tou,historically_calibrated,1.332657,0.226552,8.8277,8.8653,0.0376,0.0
3285,5,17,21,tou,historically_calibrated,1.332657,0.226552,8.0099,8.0112,0.0013,0.0
3286,5,17,22,tou,historically_calibrated,1.332657,0.226552,7.5716,7.5865,0.0,0.0148
3287,5,17,23,tou,historically_calibrated,0.740365,0.125862,7.2853,7.2853,0.0,0.0
3288,5,17,24,tou,historically_calibrated,0.740365,0.125862,5.8217,5.8365,0.0,0.0148
3289,5,18,1,tou,historically_calibrated,0.740365,0.125862,5.5361,5.5361,0.0,0.0
3290,5,18,2,tou,historically_calibrated,0.740365,0.125862,5.5401,5.5401,0.0,0.0
3291,5,18,3,tou,historically_calibrated,0.740365,0.125862,5.5546,5.5546,0.0,0.0
3292,5,18,4,tou,historically_calibrated,0.740365,0.125862,5.9245,5.9245,0.0,0.0
3293,5,18,5,tou,historically_calibrated,0.740365,0.125862,5.7318,5.7318,0.0,0.0
3294,5,18,6,tou,historically_calibrated,0.740365,0.125862,5.843,5.8547,0.0117,0.0
3295,5,18,7,tou,historically_calibrated,0.740365,0.125862,7.2445,7.286,0.0415,0.0
3296,5,18,8,tou,historically_calibrated,1.332657,0.226552,7.3878,7.4812,0.0933,0.0
3297,5,18,9,tou,historically_calibrated,1.332657,0.226552,7.4135,7.5625,0.149,0.0
3298,5,18,10,tou,historically_calibrated,1.332657,0.226552,7.2894,7.489,0.1996,0.0
3299,5,18,11,tou,historically_calibrated,1.332657,0.226552,7.0724,7.3109,0.2385,0.0
3300,5,18,12,tou,historically_calibrated,1.332657,0.226552,6.7046,7.1349,0.4303,0.0
3301,5,18,13,tou,historically_calibrated,1.332657,0.226552,6.6904,7.0546,0.3642,0.0
3302,5,18,14,tou,historically_calibrated,1.332657,0.226552,6.8432,7.1127,0.2696,0.0
3303,5,18,15,tou,historically_calibrated,1.332657,0.226552,7.0574,7.3049,0.2475,0.0
3304,5,18,16,tou,historically_calibrated,1.332657,0.226552,7.3804,7.5916,0.2112,0.0
3305,5,18,17,tou,historically_calibrated,1.332657,0.226552,7.6373,7.9017,0.2644,0.0
3306,5,18,18,tou,historically_calibrated,1.332657,0.226552,7.9672,8.1434,0.1763,0.0
3307,5,18,19,tou,historically_calibrated,1.332657,0.226552,8.0886,8.235,0.1464,0.0
3308,5,18,20,tou,historically_calibrated,1.332657,0.226552,8.1057,8.1433,0.0376,0.0
3309,5,18,21,tou,historically_calibrated,1.332657,0.226552,8.1298,8.1324,0.0026,0.0
3310,5,18,22,tou,historically_calibrated,1.332657,0.226552,8.1984,8.1984,0.0,0.0
3311,5,18,23,tou,historically_calibrated,0.740365,0.125862,7.7661,7.7661,0.0,0.0
3312,5,18,24,tou,historically_calibrated,0.740365,0.125862,6.5213,6.5213,0.0,0.0
3313,5,19,1,tou,historically_calibrated,0.740365,0.125862,5.8776,5.8776,0.0,0.0
3314,5,19,2,tou,historically_calibrated,0.740365,0.125862,6.1061,6.1061,0.0,0.0
3315,5,19,3,tou,historically_calibrated,0.740365,0.125862,6.1572,6.1596,0.0,0.0024
3316,5,19,4,tou,historically_calibrated,0.740365,0.125862,6.47,6.47,0.0,0.0
3317,5,19,5,tou,historically_calibrated,0.740365,0.125862,6.6169,6.6169,0.0,0.0
3318,5,19,6,tou,historically_calibrated,0.740365,0.125862,6.4625,6.4923,0.0298,0.0
3319,5,19,7,tou,historically_calibrated,0.740365,0.125862,7.2228,7.3913,0.1685,0.0
3320,5,19,8,tou,historically_calibrated,0.740365,0.125862,6.512,6.8827,0.3707,0.0
3321,5,19,9,tou,historically_calibrated,0.740365,0.125862,6.3691,6.9575,0.5884,0.0
3322,5,19,10,tou,historically_calibrated,0.740365,0.125862,6.1965,6.8899,0.6934,0.0
3323,5,19,11,tou,historically_calibrated,0.740365,0.125862,5.9782,6.726,0.7478,0.0
3324,5,19,12,tou,historically_calibrated,0.740365,0.125862,5.5675,6.5641,0.9966,0.0
3325,5,19,13,tou,historically_calibrated,0.740365,0.125862,5.4521,6.4902,1.0381,0.0
3326,5,19,14,tou,historically_calibrated,0.740365,0.125862,5.9973,6.7269,0.7296,0.0
3327,5,19,15,tou,historically_calibrated,0.740365,0.125862,6.3232,7.0969,0.7737,0.0
3328,5,19,16,tou,historically_calibrated,0.740365,0.125862,6.8677,7.2124,0.3447,0.0
3329,5,19,17,tou,historically_calibrated,0.740365,0.125862,7.0026,7.2696,0.267,0.0
3330,5,19,18,tou,historically_calibrated,0.740365,0.125862,7.3144,7.492,0.1776,0.0
3331,5,19,19,tou,historically_calibrated,0.740365,0.125862,7.4855,7.5762,0.0907,0.0
3332,5,19,20,tou,historically_calibrated,0.740365,0.125862,7.4633,7.4918,0.0285,0.0
3333,5,19,21,tou,historically_calibrated,0.740365,0.125862,7.2673,7.2686,0.0013,0.0
3334,5,19,22,tou,historically_calibrated,0.740365,0.125862,6.9796,6.9796,0.0,0.0
3335,5,19,23,tou,historically_calibrated,0.740365,0.125862,6.9974,6.9974,0.0,0.0
3336,5,19,24,tou,historically_calibrated,0.740365,0.125862,5.9996,5.9996,0.0,0.0
3337,5,20,1,tou,historically_calibrated,0.740365,0.125862,5.8776,5.8776,0.0,0.0
3338,5,20,2,tou,historically_calibrated,0.740365,0.125862,6.2182,6.2182,0.0,0.0
3339,5,20,3,tou,historically_calibrated,0.740365,0.125862,6.3844,6.3844,0.0,0.0
3340,5,20,4,tou,historically_calibrated,0.740365,0.125862,6.47,6.47,0.0,0.0
3341,5,20,5,tou,historically_calibrated,0.740365,0.125862,6.5018,6.5018,0.0,0.0
3342,5,20,6,tou,historically_calibrated,0.740365,0.125862,6.5111,6.5318,0.0207,0.0
3343,5,20,7,tou,historically_calibrated,0.740365,0.125862,7.1234,7.1947,0.0713,0.0
3344,5,20,8,tou,historically_calibrated,0.740365,0.125862,6.7776,6.9331,0.1555,0.0
3345,5,20,9,tou,historically_calibrated,0.740365,0.125862,6.7126,6.9575,0.2449,0.0
3346,5,20,10,tou,historically_calibrated,0.740365,0.125862,6.3507,6.8899,0.5391,0.0
3347,5,20,11,tou,historically_calibrated,0.740365,0.125862,6.3346,6.726,0.3914,0.0
3348,5,20,12,tou,historically_calibrated,0.740365,0.125862,6.2971,6.5641,0.267,0.0
3349,5,20,13,tou,historically_calibrated,0.740365,0.125862,6.64,6.9186,0.2786,0.0
3350,5,20,14,tou,historically_calibrated,0.740365,0.125862,6.7256,7.1675,0.4419,0.0
3351,5,20,15,tou,historically_calibrated,0.740365,0.125862,6.3149,6.7205,0.4056,0.0
3352,5,20,16,tou,historically_calibrated,0.740365,0.125862,6.6382,6.9843,0.346,0.0
3353,5,20,17,tou,historically_calibrated,0.740365,0.125862,8.5993,8.8689,0.2696,0.0
3354,5,20,18,tou,historically_calibrated,0.740365,0.125862,7.1096,7.492,0.3823,0.0
3355,5,20,19,tou,historically_calibrated,0.740365,0.125862,8.7621,8.8541,0.092,0.0
3356,5,20,20,tou,historically_calibrated,0.740365,0.125862,8.4561,8.4807,0.0246,0.0
3357,5,20,21,tou,historically_calibrated,0.740365,0.125862,8.5466,8.5479,0.0013,0.0
3358,5,20,22,tou,historically_calibrated,0.740365,0.125862,8.3103,8.3103,0.0,0.0
3359,5,20,23,tou,historically_calibrated,0.740365,0.125862,7.9804,7.9804,0.0,0.0
3360,5,20,24,tou,historically_calibrated,0.740365,0.125862,6.669,6.669,0.0,0.0
3361,5,21,1,tou,historically_calibrated,0.740365,0.125862,6.9164,6.9164,0.0,0.0
3362,5,21,2,tou,historically_calibrated,0.740365,0.125862,7.084,7.084,0.0,0.0
3363,5,21,3,tou,historically_calibrated,0.740365,0.125862,7.0618,7.0618,0.0,0.0
3364,5,21,4,tou,historically_calibrated,0.740365,0.125862,7.0736,7.0736,0.0,0.0
3365,5,21,5,tou,historically_calibrated,0.740365,0.125862,7.1506,7.1506,0.0,0.0
3366,5,21,6,tou,historically_calibrated,0.740365,0.125862,7.2612,7.2715,0.0104,0.0
3367,5,21,7,tou,historically_calibrated,0.740365,0.125862,8.5492,8.6217,0.0726,0.0
3368,5,21,8,tou,historically_calibrated,1.332657,0.226552,8.5313,8.6881,0.1568,0.0
3369,5,21,9,tou,historically_calibrated,1.332657,0.226552,8.9246,9.1708,0.2462,0.0
3370,5,21,10,tou,historically_calibrated,1.332657,0.226552,7.9287,8.2578,0.3292,0.0
3371,5,21,11,tou,historically_calibrated,1.332657,0.226552,7.8283,8.2223,0.394,0.0
3372,5,21,12,tou,historically_calibrated,1.332657,0.226552,7.5353,7.9721,0.4368,0.0
3373,5,21,13,tou,historically_calibrated,1.332657,0.226552,7.2218,7.6754,0.4536,0.0
3374,5,21,14,tou,historically_calibrated,1.332657,0.226552,7.5027,7.9473,0.4445,0.0
3375,5,21,15,tou,historically_calibrated,1.332657,0.226552,6.7567,7.3049,0.5482,0.0
3376,5,21,16,tou,historically_calibrated,1.332657,0.226552,8.6324,8.9834,0.3486,0.0024
3377,5,21,17,tou,historically_calibrated,1.332657,0.226552,8.441,8.713,0.2696,0.0024
3378,5,21,18,tou,historically_calibrated,1.332657,0.226552,9.6938,9.8753,0.1814,0.0
3379,5,21,19,tou,historically_calibrated,1.332657,0.226552,10.2893,10.3487,0.057,0.0024
3380,5,21,20,tou,historically_calibrated,1.332657,0.226552,10.7552,10.7708,0.0156,0.0
3381,5,21,21,tou,historically_calibrated,1.332657,0.226552,10.6224,10.6237,0.0013,0.0
3382,5,21,22,tou,historically_calibrated,1.332657,0.226552,10.3682,10.3682,0.0,0.0
3383,5,21,23,tou,historically_calibrated,0.740365,0.125862,9.9031,9.9031,0.0,0.0
3384,5,21,24,tou,historically_calibrated,0.740365,0.125862,8.105,8.105,0.0,0.0
3385,5,22,1,tou,historically_calibrated,0.740365,0.125862,7.6854,7.6878,0.0,0.0024
3386,5,22,2,tou,historically_calibrated,0.740365,0.125862,7.734,7.734,0.0,0.0
3387,5,22,3,tou,historically_calibrated,0.740365,0.125862,7.8334,7.8358,0.0,0.0024
3388,5,22,4,tou,historically_calibrated,0.740365,0.125862,7.8944,7.8944,0.0,0.0
3389,5,22,5,tou,historically_calibrated,0.740365,0.125862,8.0538,8.0686,0.0,0.0148
3390,5,22,6,tou,historically_calibrated,0.740365,0.125862,8.3282,8.3449,0.0143,0.0024
3391,5,22,7,tou,historically_calibrated,0.740365,0.125862,10.1769,10.2247,0.0454,0.0024
3392,5,22,8,tou,historically_calibrated,1.332657,0.226552,10.0637,10.2243,0.1581,0.0024
3393,5,22,9,tou,historically_calibrated,1.332657,0.226552,9.9583,10.1136,0.1529,0.0024
3394,5,22,10,tou,historically_calibrated,1.332657,0.226552,9.8643,10.0702,0.2035,0.0024
3395,5,22,11,tou,historically_calibrated,1.332657,0.226552,8.842,9.241,0.3966,0.0024
3396,5,22,12,tou,historically_calibrated,1.332657,0.226552,8.5384,8.8092,0.2709,0.0
3397,5,22,13,tou,historically_calibrated,1.332657,0.226552,8.3056,8.7618,0.4562,0.0
3398,5,22,14,tou,historically_calibrated,1.332657,0.226552,7.7101,8.1559,0.4458,0.0
3399,5,22,15,tou,historically_calibrated,1.332657,0.226552,7.3784,8.0549,0.6765,0.0
3400,5,22,16,tou,historically_calibrated,1.332657,0.226552,7.7322,8.204,0.4717,0.0
3401,5,22,17,tou,historically_calibrated,1.332657,0.226552,8.578,8.9448,0.3668,0.0
3402,5,22,18,tou,historically_calibrated,1.332657,0.226552,9.3939,9.5767,0.1827,0.0
3403,5,22,19,tou,historically_calibrated,1.332657,0.226552,9.8313,9.926,0.0946,0.0
3404,5,22,20,tou,historically_calibrated,1.332657,0.226552,10.1464,10.1736,0.0272,0.0
3405,5,22,21,tou,historically_calibrated,1.332657,0.226552,10.3907,10.392,0.0013,0.0
3406,5,22,22,tou,historically_calibrated,1.332657,0.226552,10.5351,10.5351,0.0,0.0
3407,5,22,23,tou,historically_calibrated,0.740365,0.125862,10.6511,10.6511,0.0,0.0
3408,5,22,24,tou,historically_calibrated,0.740365,0.125862,8.747,8.747,0.0,0.0
3409,5,23,1,tou,historically_calibrated,0.740365,0.125862,8.4591,8.4591,0.0,0.0
3410,5,23,2,tou,historically_calibrated,0.740365,0.125862,8.6685,8.6685,0.0,0.0
3411,5,23,3,tou,historically_calibrated,0.740365,0.125862,8.6504,8.6504,0.0,0.0
3412,5,23,4,tou,historically_calibrated,0.740365,0.125862,8.7152,8.7152,0.0,0.0
3413,5,23,5,tou,historically_calibrated,0.740365,0.125862,8.778,8.778,0.0,0.0
3414,5,23,6,tou,historically_calibrated,0.740365,0.125862,8.9265,8.946,0.0194,0.0
3415,5,23,7,tou,historically_calibrated,0.740365,0.125862,10.6851,10.759,0.0739,0.0
3416,5,23,8,tou,historically_calibrated,1.332657,0.226552,10.1258,10.3888,0.2631,0.0
3417,5,23,9,tou,historically_calibrated,1.332657,0.226552,9.581,10.1136,0.5327,0.0
3418,5,23,10,tou,historically_calibrated,1.332657,0.226552,8.444,9.0816,0.6376,0.0
3419,5,23,11,tou,historically_calibrated,1.332657,0.226552,7.7487,8.5976,0.8489,0.0
3420,5,23,12,tou,historically_calibrated,1.332657,0.226552,7.6401,8.2337,0.5936,0.0
3421,5,23,13,tou,historically_calibrated,1.332657,0.226552,7.1916,7.8823,0.6908,0.0
3422,5,23,14,tou,historically_calibrated,1.332657,0.226552,6.9439,7.6865,0.7426,0.0
3423,5,23,15,tou,historically_calibrated,1.332657,0.226552,7.3196,8.0013,0.6817,0.0
3424,5,23,16,tou,historically_calibrated,1.332657,0.226552,7.5831,8.2597,0.6765,0.0
3425,5,23,17,tou,historically_calibrated,1.332657,0.226552,7.8647,8.4232,0.5586,0.0
3426,5,23,18,tou,historically_calibrated,1.332657,0.226552,8.6452,9.0392,0.394,0.0
3427,5,23,19,tou,historically_calibrated,1.332657,0.226552,9.0478,9.2617,0.2138,0.0
3428,5,23,20,tou,historically_calibrated,1.332657,0.226552,10.0504,10.1139,0.0635,0.0
3429,5,23,21,tou,historically_calibrated,1.332657,0.226552,10.5606,10.5658,0.0052,0.0
3430,5,23,22,tou,historically_calibrated,1.332657,0.226552,11.0914,11.0914,0.0,0.0
3431,5,23,23,tou,historically_calibrated,0.740365,0.125862,11.1853,11.1853,0.0,0.0
3432,5,23,24,tou,historically_calibrated,0.740365,0.125862,9.3462,9.3462,0.0,0.0
3433,5,24,1,tou,historically_calibrated,0.740365,0.125862,9.1899,9.1899,0.0,0.0
3434,5,24,2,tou,historically_calibrated,0.740365,0.125862,9.3591,9.3591,0.0,0.0
3435,5,24,3,tou,historically_calibrated,0.740365,0.125862,9.6281,9.6281,0.0,0.0
3436,5,24,4,tou,historically_calibrated,0.740365,0.125862,9.7822,9.7822,0.0,0.0
3437,5,24,5,tou,historically_calibrated,0.740365,0.125862,10.1537,10.155,0.0013,0.0
3438,5,24,6,tou,historically_calibrated,0.740365,0.125862,10.3265,10.3628,0.0363,0.0
3439,5,24,7,tou,historically_calibrated,0.740365,0.125862,12.0396,12.2016,0.162,0.0
3440,5,24,8,tou,historically_calibrated,1.332657,0.226552,11.1962,11.5409,0.3447,0.0
3441,5,24,9,tou,historically_calibrated,1.332657,0.226552,9.9212,10.5018,0.5806,0.0
3442,5,24,10,tou,historically_calibrated,1.332657,0.226552,9.0504,9.7956,0.7452,0.0
3443,5,24,11,tou,historically_calibrated,1.332657,0.226552,8.655,9.509,0.8541,0.0
3444,5,24,12,tou,historically_calibrated,1.332657,0.226552,7.6987,8.5476,0.8489,0.0
3445,5,24,13,tou,historically_calibrated,1.332657,0.226552,7.5221,8.5031,0.9811,0.0
3446,5,24,14,tou,historically_calibrated,1.332657,0.226552,7.1956,8.1559,0.9603,0.0
3447,5,24,15,tou,historically_calibrated,1.332657,0.226552,7.5996,8.4834,0.8839,0.0
3448,5,24,16,tou,historically_calibrated,1.332657,0.226552,7.4989,8.3153,0.8165,0.0
3449,5,24,17,tou,historically_calibrated,1.332657,0.226552,7.8137,8.4812,0.6674,0.0
3450,5,24,18,tou,historically_calibrated,1.332657,0.226552,8.348,8.8003,0.4523,0.0
3451,5,24,19,tou,historically_calibrated,1.332657,0.226552,8.9037,9.1409,0.2372,0.0
3452,5,24,20,tou,historically_calibrated,1.332657,0.226552,9.8064,9.8751,0.0687,0.0
3453,5,24,21,tou,historically_calibrated,1.332657,0.226552,10.3288,10.334,0.0052,0.0
3454,5,24,22,tou,historically_calibrated,1.332657,0.226552,11.2583,11.2583,0.0,0.0
3455,5,24,23,tou,historically_calibrated,0.740365,0.125862,11.025,11.025,0.0,0.0
3456,5,24,24,tou,historically_calibrated,0.740365,0.125862,8.8754,8.8754,0.0,0.0
3457,5,25,1,tou,historically_calibrated,0.740365,0.125862,8.5809,8.5809,0.0,0.0
3458,5,25,2,tou,historically_calibrated,0.740365,0.125862,9.1154,9.1154,0.0,0.0
3459,5,25,3,tou,historically_calibrated,0.740365,0.125862,9.3022,9.3022,0.0,0.0
3460,5,25,4,tou,historically_calibrated,0.740365,0.125862,9.536,9.536,0.0,0.0
3461,5,25,5,tou,historically_calibrated,0.740365,0.125862,10.1954,10.1967,0.0013,0.0
3462,5,25,6,tou,historically_calibrated,0.740365,0.125862,10.1522,10.1911,0.0389,0.0
3463,5,25,7,tou,historically_calibrated,0.740365,0.125862,11.4285,11.6139,0.1853,0.0
3464,5,25,8,tou,historically_calibrated,1.332657,0.226552,10.3448,10.718,0.3732,0.0
3465,5,25,9,tou,historically_calibrated,1.332657,0.226552,8.923,9.5036,0.5806,0.0
3466,5,25,10,tou,historically_calibrated,1.332657,0.226552,7.6,8.3128,0.7128,0.0
3467,5,25,11,tou,historically_calibrated,1.332657,0.226552,6.6486,7.3109,0.6623,0.0
3468,5,25,12,tou,historically_calibrated,1.332657,0.226552,6.1901,7.1349,0.9448,0.0
3469,5,25,13,tou,historically_calibrated,1.332657,0.226552,6.0722,7.0546,0.9824,0.0
3470,5,25,14,tou,historically_calibrated,1.332657,0.226552,6.0228,7.1127,1.0899,0.0
3471,5,25,15,tou,historically_calibrated,1.332657,0.226552,6.3031,7.3049,1.0018,0.0
3472,5,25,16,tou,historically_calibrated,1.332657,0.226552,6.7324,7.5916,0.8592,0.0
3473,5,25,17,tou,historically_calibrated,1.332657,0.226552,7.2317,7.9017,0.67,0.0
3474,5,25,18,tou,historically_calibrated,1.332657,0.226552,7.6885,8.1434,0.4549,0.0
3475,5,25,19,tou,historically_calibrated,1.332657,0.226552,7.9966,8.235,0.2385,0.0
3476,5,25,20,tou,historically_calibrated,1.332657,0.226552,8.5497,8.621,0.0713,0.0
3477,5,25,21,tou,historically_calibrated,1.332657,0.226552,9.6336,9.6388,0.0052,0.0
3478,5,25,22,tou,historically_calibrated,1.332657,0.226552,9.9231,9.9231,0.0,0.0
3479,5,25,23,tou,historically_calibrated,0.740365,0.125862,10.3839,10.3839,0.0,0.0
3480,5,25,24,tou,historically_calibrated,0.740365,0.125862,8.2762,8.2762,0.0,0.0
3481,5,26,1,tou,historically_calibrated,0.740365,0.125862,7.4089,7.4089,0.0,0.0
3482,5,26,2,tou,historically_calibrated,0.740365,0.125862,7.7881,7.7881,0.0,0.0
3483,5,26,3,tou,historically_calibrated,0.740365,0.125862,7.9209,7.9209,0.0,0.0
3484,5,26,4,tou,historically_calibrated,0.740365,0.125862,8.4333,8.4333,0.0,0.0
3485,5,26,5,tou,historically_calibrated,0.740365,0.125862,8.5351,8.5364,0.0013,0.0
3486,5,26,6,tou,historically_calibrated,0.740365,0.125862,8.3889,8.4278,0.0389,0.0
3487,5,26,7,tou,historically_calibrated,0.740365,0.125862,9.7013,9.8491,0.1477,0.0
3488,5,26,8,tou,historically_calibrated,0.740365,0.125862,9.4901,9.7092,0.219,0.0
3489,5,26,9,tou,historically_calibrated,0.740365,0.125862,8.3004,8.6412,0.3408,0.0
3490,5,26,10,tou,historically_calibrated,0.740365,0.125862,6.8806,7.2941,0.4134,0.0
3491,5,26,11,tou,historically_calibrated,0.740365,0.125862,6.2789,6.726,0.4471,0.0
3492,5,26,12,tou,historically_calibrated,0.740365,0.125862,6.1209,6.5641,0.4432,0.0
3493,5,26,13,tou,historically_calibrated,0.740365,0.125862,5.7995,6.4902,0.6908,0.0
3494,5,26,14,tou,historically_calibrated,0.740365,0.125862,5.6819,6.5437,0.8618,0.0
3495,5,26,15,tou,historically_calibrated,0.740365,0.125862,5.9274,6.7205,0.7932,0.0
3496,5,26,16,tou,historically_calibrated,0.740365,0.125862,6.3039,6.9843,0.6804,0.0
3497,5,26,17,tou,historically_calibrated,0.740365,0.125862,6.632,7.2696,0.6376,0.0
3498,5,26,18,tou,historically_calibrated,0.740365,0.125862,7.0902,7.492,0.4018,0.0
3499,5,26,19,tou,historically_calibrated,0.740365,0.125862,7.4103,7.5762,0.1659,0.0
3500,5,26,20,tou,historically_calibrated,0.740365,0.125862,7.4503,7.4918,0.0415,0.0
3501,5,26,21,tou,historically_calibrated,0.740365,0.125862,7.6391,7.6417,0.0026,0.0
3502,5,26,22,tou,historically_calibrated,0.740365,0.125862,7.4402,7.4402,0.0,0.0
3503,5,26,23,tou,historically_calibrated,0.740365,0.125862,7.3414,7.3414,0.0,0.0
3504,5,26,24,tou,historically_calibrated,0.740365,0.125862,6.039,6.039,0.0,0.0
3505,5,27,1,tou,historically_calibrated,0.740365,0.125862,6.027,6.027,0.0,0.0
3506,5,27,2,tou,historically_calibrated,0.740365,0.125862,6.8537,6.8537,0.0,0.0
3507,5,27,3,tou,historically_calibrated,0.740365,0.125862,7.059,7.059,0.0,0.0
3508,5,27,4,tou,historically_calibrated,0.740365,0.125862,6.772,6.772,0.0,0.0
3509,5,27,5,tou,historically_calibrated,0.740365,0.125862,6.8844,6.8856,0.0013,0.0
3510,5,27,6,tou,historically_calibrated,0.740365,0.125862,6.8193,6.8478,0.0285,0.0
3511,5,27,7,tou,historically_calibrated,0.740365,0.125862,8.4661,8.571,0.105,0.0
3512,5,27,8,tou,historically_calibrated,0.740365,0.125862,8.6878,8.8511,0.1633,0.0
3513,5,27,9,tou,historically_calibrated,0.740365,0.125862,8.5913,8.8453,0.254,0.0
3514,5,27,10,tou,historically_calibrated,0.740365,0.125862,8.2215,8.5572,0.3357,0.0
3515,5,27,11,tou,historically_calibrated,0.740365,0.125862,7.7053,8.1071,0.4018,0.0
3516,5,27,12,tou,historically_calibrated,0.740365,0.125862,7.1786,7.6231,0.4445,0.0
3517,5,27,13,tou,historically_calibrated,0.740365,0.125862,7.076,7.5373,0.4614,0.0
3518,5,27,14,tou,historically_calibrated,0.740365,0.125862,7.1951,7.6474,0.4523,0.0
3519,5,27,15,tou,historically_calibrated,0.740365,0.125862,7.2163,7.7062,0.4899,0.0
3520,5,27,16,tou,historically_calibrated,0.740365,0.125862,7.4779,7.9574,0.4795,0.0
3521,5,27,17,tou,historically_calibrated,0.740365,0.125862,7.8626,8.2825,0.4199,0.0
3522,5,27,18,tou,historically_calibrated,0.740365,0.125862,8.3321,8.6457,0.3136,0.0
3523,5,27,19,tou,historically_calibrated,0.740365,0.125862,8.9375,9.1319,0.1944,0.0
3524,5,27,20,tou,historically_calibrated,0.740365,0.125862,9.7881,9.8542,0.0661,0.0
3525,5,27,21,tou,historically_calibrated,0.740365,0.125862,10.3004,10.3069,0.0065,0.0
3526,5,27,22,tou,historically_calibrated,0.740365,0.125862,10.3577,10.3577,0.0,0.0
3527,5,27,23,tou,historically_calibrated,0.740365,0.125862,10.3396,10.3396,0.0,0.0
3528,5,27,24,tou,historically_calibrated,0.740365,0.125862,8.5591,8.5591,0.0,0.0
3529,5,28,1,tou,historically_calibrated,0.740365,0.125862,8.5809,8.5809,0.0,0.0
3530,5,28,2,tou,historically_calibrated,0.740365,0.125862,8.5872,8.5872,0.0,0.0
3531,5,28,3,tou,historically_calibrated,0.740365,0.125862,8.7726,8.7726,0.0,0.0
3532,5,28,4,tou,historically_calibrated,0.740365,0.125862,9.3308,9.3308,0.0,0.0
3533,5,28,5,tou,historically_calibrated,0.740365,0.125862,9.6112,9.6125,0.0013,0.0
3534,5,28,6,tou,historically_calibrated,0.740365,0.125862,9.3455,9.3753,0.0298,0.0
3535,5,28,7,tou,historically_calibrated,0.740365,0.125862,10.6281,10.759,0.1309,0.0
3536,5,28,8,tou,historically_calibrated,1.332657,0.226552,10.2588,10.4986,0.2398,0.0
3537,5,28,9,tou,historically_calibrated,1.332657,0.226552,10.0747,10.3909,0.3162,0.0
3538,5,28,10,tou,historically_calibrated,1.332657,0.226552,9.7319,10.0702,0.3383,0.0
3539,5,28,11,tou,historically_calibrated,1.332657,0.226552,9.0044,9.4554,0.451,0.0
3540,5,28,12,tou,historically_calibrated,1.332657,0.226552,7.5795,8.129,0.5495,0.0
3541,5,28,13,tou,historically_calibrated,1.332657,0.226552,7.6741,8.2962,0.6221,0.0
3542,5,28,14,tou,historically_calibrated,1.332657,0.226552,6.7686,7.4257,0.6571,0.0
3543,5,28,15,tou,historically_calibrated,1.332657,0.226552,6.8712,7.5192,0.648,0.0
3544,5,28,16,tou,historically_calibrated,1.332657,0.226552,7.112,7.7029,0.591,0.0
3545,5,28,17,tou,historically_calibrated,1.332657,0.226552,7.4824,8.0176,0.5352,0.0
3546,5,28,18,tou,historically_calibrated,1.332657,0.226552,7.778,8.1434,0.3655,0.0
3547,5,28,19,tou,historically_calibrated,1.332657,0.226552,7.9992,8.235,0.2359,0.0
3548,5,28,20,tou,historically_calibrated,1.332657,0.226552,8.786,8.8599,0.0739,0.0
3549,5,28,21,tou,historically_calibrated,1.332657,0.226552,9.9207,9.9285,0.0078,0.0
3550,5,28,22,tou,historically_calibrated,1.332657,0.226552,9.9231,9.9231,0.0,0.0
3551,5,28,23,tou,historically_calibrated,0.740365,0.125862,9.7963,9.7963,0.0,0.0
3552,5,28,24,tou,historically_calibrated,0.740365,0.125862,8.6186,8.6186,0.0,0.0
3553,5,29,1,tou,historically_calibrated,0.740365,0.125862,8.3374,8.3374,0.0,0.0
3554,5,29,2,tou,historically_calibrated,0.740365,0.125862,8.5466,8.5466,0.0,0.0
3555,5,29,3,tou,historically_calibrated,0.740365,0.125862,8.9763,8.9763,0.0,0.0
3556,5,29,4,tou,historically_calibrated,0.740365,0.125862,9.1666,9.1666,0.0,0.0
3557,5,29,5,tou,historically_calibrated,0.740365,0.125862,9.4443,9.4456,0.0013,0.0
3558,5,29,6,tou,historically_calibrated,0.740365,0.125862,9.5472,9.59,0.0428,0.0
3559,5,29,7,tou,historically_calibrated,0.740365,0.125862,11.0869,11.2398,0.1529,0.0
3560,5,29,8,tou,historically_calibrated,1.332657,0.226552,9.8959,10.1694,0.2735,0.0
3561,5,29,9,tou,historically_calibrated,1.332657,0.226552,8.2505,8.6717,0.4212,0.0
3562,5,29,10,tou,historically_calibrated,1.332657,0.226552,6.933,7.489,0.556,0.0
3563,5,29,11,tou,historically_calibrated,1.332657,0.226552,6.6486,7.3109,0.6623,0.0
3564,5,29,12,tou,historically_calibrated,1.332657,0.226552,6.4014,7.1349,0.7335,0.0
3565,5,29,13,tou,historically_calibrated,1.332657,0.226552,6.2926,7.0546,0.762,0.0
3566,5,29,14,tou,historically_calibrated,1.332657,0.226552,6.3662,7.1127,0.7465,0.0
3567,5,29,15,tou,historically_calibrated,1.332657,0.226552,6.618,7.3049,0.6869,0.0
3568,5,29,16,tou,historically_calibrated,1.332657,0.226552,7.0006,7.5916,0.591,0.0
3569,5,29,17,tou,historically_calibrated,1.332657,0.226552,7.4391,7.9017,0.4627,0.0
3570,5,29,18,tou,historically_calibrated,1.332657,0.226552,7.7767,8.1434,0.3668,0.0
3571,5,29,19,tou,historically_calibrated,1.332657,0.226552,8.0367,8.235,0.1983,0.0
3572,5,29,20,tou,historically_calibrated,1.332657,0.226552,8.0992,8.1433,0.0441,0.0
3573,5,29,21,tou,historically_calibrated,1.332657,0.226552,8.4156,8.4221,0.0065,0.0
3574,5,29,22,tou,historically_calibrated,1.332657,0.226552,8.7548,8.7548,0.0,0.0
3575,5,29,23,tou,historically_calibrated,0.740365,0.125862,8.9414,8.9414,0.0,0.0
3576,5,29,24,tou,historically_calibrated,0.740365,0.125862,7.6341,7.6341,0.0,0.0
3577,5,30,1,tou,historically_calibrated,0.740365,0.125862,7.363,7.363,0.0,0.0
3578,5,30,2,tou,historically_calibrated,0.740365,0.125862,7.8965,7.8965,0.0,0.0
3579,5,30,3,tou,historically_calibrated,0.740365,0.125862,8.2838,8.2838,0.0,0.0
3580,5,30,4,tou,historically_calibrated,0.740365,0.125862,8.4279,8.4279,0.0,0.0
3581,5,30,5,tou,historically_calibrated,0.740365,0.125862,8.6097,8.611,0.0013,0.0
3582,5,30,6,tou,historically_calibrated,0.740365,0.125862,8.5584,8.6025,0.0441,0.0
3583,5,30,7,tou,historically_calibrated,0.740365,0.125862,9.8739,10.0644,0.1905,0.0
3584,5,30,8,tou,historically_calibrated,1.332657,0.226552,9.0557,9.4562,0.4005,0.0
3585,5,30,9,tou,historically_calibrated,1.332657,0.226552,8.6822,9.1708,0.4886,0.0
3586,5,30,10,tou,historically_calibrated,1.332657,0.226552,7.8145,8.5324,0.718,0.0
3587,5,30,11,tou,historically_calibrated,1.332657,0.226552,6.7155,7.6862,0.9707,0.0
3588,5,30,12,tou,historically_calibrated,1.332657,0.226552,6.0618,7.1349,1.0731,0.0
3589,5,30,13,tou,historically_calibrated,1.332657,0.226552,5.9167,7.0546,1.1379,0.0
3590,5,30,14,tou,historically_calibrated,1.332657,0.226552,5.9969,7.1127,1.1159,0.0
3591,5,30,15,tou,historically_calibrated,1.332657,0.226552,6.2759,7.3049,1.029,0.0
3592,5,30,16,tou,historically_calibrated,1.332657,0.226552,6.7064,7.5916,0.8852,0.0
3593,5,30,17,tou,historically_calibrated,1.332657,0.226552,7.2071,7.9017,0.6947,0.0
3594,5,30,18,tou,historically_calibrated,1.332657,0.226552,7.6665,8.1434,0.4769,0.0
3595,5,30,19,tou,historically_calibrated,1.332657,0.226552,7.9771,8.235,0.2579,0.0
3596,5,30,20,tou,historically_calibrated,1.332657,0.226552,8.0603,8.1433,0.0829,0.0
3597,5,30,21,tou,historically_calibrated,1.332657,0.226552,7.8929,7.9006,0.0078,0.0
3598,5,30,22,tou,historically_calibrated,1.332657,0.226552,8.5879,8.5879,0.0,0.0
3599,5,30,23,tou,historically_calibrated,0.740365,0.125862,8.4606,8.4606,0.0,0.0
3600,5,30,24,tou,historically_calibrated,0.740365,0.125862,7.1633,7.1633,0.0,0.0
3601,5,31,1,tou,historically_calibrated,0.740365,0.125862,7.1194,7.1194,0.0,0.0
3602,5,31,2,tou,historically_calibrated,0.740365,0.125862,7.5309,7.5309,0.0,0.0
3603,5,31,3,tou,historically_calibrated,0.740365,0.125862,7.5914,7.5914,0.0,0.0
3604,5,31,4,tou,historically_calibrated,0.740365,0.125862,7.8944,7.8944,0.0,0.0
3605,5,31,5,tou,historically_calibrated,0.740365,0.125862,8.3581,8.3607,0.0026,0.0
3606,5,31,6,tou,historically_calibrated,0.740365,0.125862,8.2553,8.302,0.0467,0.0
3607,5,31,7,tou,historically_calibrated,0.740365,0.125862,9.2796,9.4766,0.197,0.0
3608,5,31,8,tou,historically_calibrated,1.332657,0.226552,8.4497,8.8527,0.4031,0.0
3609,5,31,9,tou,historically_calibrated,1.332657,0.226552,7.2745,7.8953,0.6208,0.0
3610,5,31,10,tou,historically_calibrated,1.332657,0.226552,6.7075,7.489,0.7815,0.0
3611,5,31,11,tou,historically_calibrated,1.332657,0.226552,6.3791,7.3109,0.9318,0.0
3612,5,31,12,tou,historically_calibrated,1.332657,0.226552,6.1046,7.1349,1.0303,0.0
3613,5,31,13,tou,historically_calibrated,1.332657,0.226552,5.9841,7.0546,1.0705,0.0
3614,5,31,14,tou,historically_calibrated,1.332657,0.226552,6.0617,7.1127,1.0511,0.0
3615,5,31,15,tou,historically_calibrated,1.332657,0.226552,6.2851,7.3049,1.0174,0.0024
3616,5,31,16,tou,historically_calibrated,1.332657,0.226552,6.9917,7.5916,0.5975,0.0024
3617,5,31,17,tou,historically_calibrated,1.332657,0.226552,7.2472,7.9017,0.6545,0.0
3618,5,31,18,tou,historically_calibrated,1.332657,0.226552,7.673,8.1434,0.4704,0.0
3619,5,31,19,tou,historically_calibrated,1.332657,0.226552,7.976,8.235,0.2566,0.0024
3620,5,31,20,tou,historically_calibrated,1.332657,0.226552,8.0642,8.1433,0.0791,0.0
3621,5,31,21,tou,historically_calibrated,1.332657,0.226552,8.3551,8.3641,0.0091,0.0
3622,5,31,22,tou,historically_calibrated,1.332657,0.226552,8.5322,8.5322,0.0,0.0
3623,5,31,23,tou,historically_calibrated,0.740365,0.125862,8.5526,8.5675,0.0,0.0148
3624,5,31,24,tou,historically_calibrated,0.740365,0.125862,7.0349,7.0349,0.0,0.0
3625,6,1,1,tou,historically_calibrated,0.740365,0.125862,6.7134,6.7134,0.0,0.0
3626,6,1,2,tou,historically_calibrated,0.740365,0.125862,6.6777,6.6777,0.0,0.0
3627,6,1,3,tou,historically_calibrated,0.740365,0.125862,6.6137,6.6137,0.0,0.0
3628,6,1,4,tou,historically_calibrated,0.740365,0.125862,6.5401,6.5401,0.0,0.0
3629,6,1,5,tou,historically_calibrated,0.740365,0.125862,6.5221,6.5247,0.0026,0.0
3630,6,1,6,tou,historically_calibrated,0.740365,0.125862,6.5823,6.6275,0.0428,0.0024
3631,6,1,7,tou,historically_calibrated,0.740365,0.125862,7.1758,7.286,0.1102,0.0
3632,6,1,8,tou,historically_calibrated,1.332657,0.226552,7.2557,7.4812,0.2255,0.0
3633,6,1,9,tou,historically_calibrated,1.332657,0.226552,7.2165,7.5625,0.346,0.0
3634,6,1,10,tou,historically_calibrated,1.332657,0.226552,7.3823,7.8385,0.4562,0.0
3635,6,1,11,tou,historically_calibrated,1.332657,0.226552,7.5841,8.1297,0.5456,0.0
3636,6,1,12,tou,historically_calibrated,1.332657,0.226552,7.527,8.267,0.74,0.0
3637,6,1,13,tou,historically_calibrated,1.332657,0.226552,7.6797,8.3056,0.626,0.0
3638,6,1,14,tou,historically_calibrated,1.332657,0.226552,7.9257,8.54,0.6143,0.0
3639,6,1,15,tou,historically_calibrated,1.332657,0.226552,8.1325,8.7026,0.5676,0.0024
3640,6,1,16,tou,historically_calibrated,1.332657,0.226552,8.7357,9.3275,0.4886,0.1032
3641,6,1,17,tou,historically_calibrated,1.332657,0.226552,9.2857,9.6717,0.3836,0.0024
3642,6,1,18,tou,historically_calibrated,1.332657,0.226552,9.2952,9.6635,0.3227,0.0457
3643,6,1,19,tou,historically_calibrated,1.332657,0.226552,9.3729,9.5801,0.2048,0.0024
3644,6,1,20,tou,historically_calibrated,1.332657,0.226552,8.5643,8.5993,0.035,0.0
3645,6,1,21,tou,historically_calibrated,1.332657,0.226552,7.8967,7.9006,0.0039,0.0
3646,6,1,22,tou,historically_calibrated,1.332657,0.226552,7.4833,7.5865,0.0,0.1032
3647,6,1,23,tou,historically_calibrated,0.740365,0.125862,7.2853,7.2853,0.0,0.0
3648,6,1,24,tou,historically_calibrated,0.740365,0.125862,5.8365,5.8365,0.0,0.0
3649,6,2,1,tou,historically_calibrated,0.740365,0.125862,5.0784,5.0932,0.0,0.0148
3650,6,2,2,tou,historically_calibrated,0.740365,0.125862,4.5324,5.0969,0.0,0.5645
3651,6,2,3,tou,historically_calibrated,0.740365,0.125862,4.7451,5.1103,0.0,0.3652
3652,6,2,4,tou,historically_calibrated,0.740365,0.125862,4.7833,5.1485,0.0,0.3652
3653,6,2,5,tou,historically_calibrated,0.740365,0.125862,5.022,5.3885,0.0013,0.3652
3654,6,2,6,tou,historically_calibrated,0.740365,0.125862,4.7373,5.5838,0.0207,0.8257
3655,6,2,7,tou,historically_calibrated,0.740365,0.125862,6.5923,7.293,0.1361,0.5645
3656,6,2,8,tou,historically_calibrated,0.740365,0.125862,6.1847,7.2865,0.276,0.8257
3657,6,2,9,tou,historically_calibrated,0.740365,0.125862,6.2693,7.0596,0.4251,0.3652
3658,6,2,10,tou,historically_calibrated,0.740365,0.125862,5.9603,7.3446,0.5586,0.8257
3659,6,2,11,tou,historically_calibrated,0.740365,0.125862,4.1177,6.726,0.5443,2.0641
3660,6,2,12,tou,historically_calibrated,0.740365,0.125862,4.6695,6.5641,0.7374,1.1571
3661,6,2,13,tou,historically_calibrated,0.740365,0.125862,4.2971,6.4902,0.626,1.5671
3662,6,2,14,tou,historically_calibrated,0.740365,0.125862,5.5752,6.5437,0.7491,0.2194
3663,6,2,15,tou,historically_calibrated,0.740365,0.125862,6.0271,6.7205,0.6934,0.0
3664,6,2,16,tou,historically_calibrated,0.740365,0.125862,4.9925,6.9843,0.8346,1.1571
3665,6,2,17,tou,historically_calibrated,0.740365,0.125862,6.4339,7.2696,0.4704,0.3652
3666,6,2,18,tou,historically_calibrated,0.740365,0.125862,6.4692,7.492,0.197,0.8257
3667,6,2,19,tou,historically_calibrated,0.740365,0.125862,6.5431,7.5762,0.2074,0.8257
3668,6,2,20,tou,historically_calibrated,0.740365,0.125862,5.3591,7.4918,0.0687,2.0641
3669,6,2,21,tou,historically_calibrated,0.740365,0.125862,6.7549,7.5884,0.0078,0.8257
3670,6,2,22,tou,historically_calibrated,0.740365,0.125862,7.2339,7.7985,0.0,0.5645
3671,6,2,23,tou,historically_calibrated,0.740365,0.125862,7.3175,7.8821,0.0,0.5645
3672,6,2,24,tou,historically_calibrated,0.740365,0.125862,5.9076,6.4721,0.0,0.5645
3673,6,3,1,tou,historically_calibrated,0.740365,0.125862,5.7986,6.3631,0.0,0.5645
3674,6,3,2,tou,historically_calibrated,0.740365,0.125862,5.7658,6.3304,0.0,0.5645
3675,6,3,3,tou,historically_calibrated,0.740365,0.125862,6.3936,6.4969,0.0,0.1032
3676,6,3,4,tou,historically_calibrated,0.740365,0.125862,6.067,6.4322,0.0,0.3652
3677,6,3,5,tou,historically_calibrated,0.740365,0.125862,6.3972,6.5018,0.0013,0.1032
3678,6,3,6,tou,historically_calibrated,0.740365,0.125862,6.4079,6.5318,0.0207,0.1032
3679,6,3,7,tou,historically_calibrated,0.740365,0.125862,7.7458,7.932,0.0829,0.1032
3680,6,3,8,tou,historically_calibrated,0.740365,0.125862,6.8537,7.3874,0.1685,0.3652
3681,6,3,9,tou,historically_calibrated,0.740365,0.125862,6.507,6.9575,0.3473,0.1032
3682,6,3,10,tou,historically_calibrated,0.740365,0.125862,5.8691,6.8899,0.4562,0.5645
3683,6,3,11,tou,historically_calibrated,0.740365,0.125862,6.1036,6.726,0.4031,0.2194
3684,6,3,12,tou,historically_calibrated,0.740365,0.125862,6.9095,7.2862,0.2735,0.1032
3685,6,3,13,tou,historically_calibrated,0.740365,0.125862,6.7627,7.0614,0.2838,0.0148
3686,6,3,14,tou,historically_calibrated,0.740365,0.125862,6.6417,7.0236,0.2786,0.1032
3687,6,3,15,tou,historically_calibrated,0.740365,0.125862,6.5565,6.9177,0.2579,0.1032
3688,6,3,16,tou,historically_calibrated,0.740365,0.125862,6.8131,7.1379,0.2216,0.1032
3689,6,3,17,tou,historically_calibrated,0.740365,0.125862,7.2622,7.4828,0.175,0.0457
3690,6,3,18,tou,historically_calibrated,0.740365,0.125862,7.8511,7.9864,0.1205,0.0148
3691,6,3,19,tou,historically_calibrated,0.740365,0.125862,8.8501,9.0208,0.0674,0.1032
3692,6,3,20,tou,historically_calibrated,0.740365,0.125862,9.0081,9.0301,0.022,0.0
3693,6,3,21,tou,historically_calibrated,0.740365,0.125862,8.1939,8.7611,0.0026,0.5645
3694,6,3,22,tou,historically_calibrated,0.740365,0.125862,8.2445,8.4639,0.0,0.2194
3695,6,3,23,tou,historically_calibrated,0.740365,0.125862,7.6616,8.2261,0.0,0.5645
3696,6,3,24,tou,historically_calibrated,0.740365,0.125862,6.3709,6.5903,0.0,0.2194
3697,6,4,1,tou,historically_calibrated,0.740365,0.125862,6.1895,6.754,0.0,0.5645
3698,6,4,2,tou,historically_calibrated,0.740365,0.125862,6.2757,6.8402,0.0,0.5645
3699,6,4,3,tou,historically_calibrated,0.740365,0.125862,6.598,6.8174,0.0,0.2194
3700,6,4,4,tou,historically_calibrated,0.740365,0.125862,6.5501,7.1147,0.0,0.5645
3701,6,4,5,tou,historically_calibrated,0.740365,0.125862,7.179,7.4009,0.0026,0.2194
3702,6,4,6,tou,historically_calibrated,0.740365,0.125862,7.3932,7.6579,0.0454,0.2194
3703,6,4,7,tou,historically_calibrated,0.740365,0.125862,8.9194,9.3163,0.1776,0.2194
3704,6,4,8,tou,historically_calibrated,1.332657,0.226552,8.2971,9.0722,0.337,0.4381
3705,6,4,9,tou,historically_calibrated,1.332657,0.226552,7.3729,8.6717,0.473,0.8257
3706,6,4,10,tou,historically_calibrated,1.332657,0.226552,6.1538,7.8734,0.5625,1.1571
3707,6,4,11,tou,historically_calibrated,1.332657,0.226552,6.6283,7.7398,0.5469,0.5645
3708,6,4,12,tou,historically_calibrated,1.332657,0.226552,7.3099,8.1814,0.8567,0.0148
3709,6,4,13,tou,historically_calibrated,1.332657,0.226552,3.3748,7.0546,0.8929,2.7869
3710,6,4,14,tou,historically_calibrated,1.332657,0.226552,4.2918,7.1127,0.7569,2.0641
3711,6,4,15,tou,historically_calibrated,1.332657,0.226552,3.6147,7.3049,0.9033,2.7869
3712,6,4,16,tou,historically_calibrated,1.332657,0.226552,5.6569,7.5916,0.7776,1.1571
3713,6,4,17,tou,historically_calibrated,1.332657,0.226552,6.7229,7.9017,0.6143,0.5645
3714,6,4,18,tou,historically_calibrated,1.332657,0.226552,7.2497,8.1434,0.3292,0.5645
3715,6,4,19,tou,historically_calibrated,1.332657,0.226552,7.8044,8.235,0.2112,0.2194
3716,6,4,20,tou,historically_calibrated,1.332657,0.226552,8.2869,8.3821,0.0804,0.0148
3717,6,4,21,tou,historically_calibrated,1.332657,0.226552,8.2355,8.2483,0.0104,0.0024
3718,6,4,22,tou,historically_calibrated,1.332657,0.226552,9.4224,9.4224,0.0,0.0
3719,6,4,23,tou,historically_calibrated,0.740365,0.125862,9.0993,9.1017,0.0,0.0024
3720,6,4,24,tou,historically_calibrated,0.740365,0.125862,7.3749,7.3773,0.0,0.0024
3721,6,5,1,tou,historically_calibrated,0.740365,0.125862,7.32,7.3224,0.0,0.0024
3722,6,5,2,tou,historically_calibrated,0.740365,0.125862,7.6097,7.6121,0.0,0.0024
3723,6,5,3,tou,historically_calibrated,0.740365,0.125862,7.9987,7.9987,0.0,0.0
3724,6,5,4,tou,historically_calibrated,0.740365,0.125862,8.0561,8.0586,0.0,0.0024
3725,6,5,5,tou,historically_calibrated,0.740365,0.125862,8.2181,8.2355,0.0026,0.0148
3726,6,5,6,tou,historically_calibrated,0.740365,0.125862,8.2048,8.259,0.0518,0.0024
3727,6,5,7,tou,historically_calibrated,0.740365,0.125862,9.1489,9.3698,0.2061,0.0148
3728,6,5,8,tou,historically_calibrated,1.332657,0.226552,8.2775,8.6881,0.4082,0.0024
3729,6,5,9,tou,historically_calibrated,1.332657,0.226552,7.729,8.2835,0.5521,0.0024
3730,6,5,10,tou,historically_calibrated,1.332657,0.226552,6.7632,7.489,0.7258,0.0
3731,6,5,11,tou,historically_calibrated,1.332657,0.226552,6.4452,7.3109,0.8657,0.0
3732,6,5,12,tou,historically_calibrated,1.332657,0.226552,6.2744,7.1349,0.8605,0.0
3733,6,5,13,tou,historically_calibrated,1.332657,0.226552,6.158,7.0546,0.8942,0.0024
3734,6,5,14,tou,historically_calibrated,1.332657,0.226552,6.3546,7.1127,0.7582,0.0
3735,6,5,15,tou,historically_calibrated,1.332657,0.226552,6.5902,7.3049,0.6998,0.0148
3736,6,5,16,tou,historically_calibrated,1.332657,0.226552,7.0991,7.5916,0.4925,0.0
3737,6,5,17,tou,historically_calibrated,1.332657,0.226552,7.4261,7.9017,0.4756,0.0
3738,6,5,18,tou,historically_calibrated,1.332657,0.226552,7.7587,8.1434,0.3823,0.0024
3739,6,5,19,tou,historically_calibrated,1.332657,0.226552,8.0523,8.235,0.1827,0.0
3740,6,5,20,tou,historically_calibrated,1.332657,0.226552,8.0914,8.1433,0.0518,0.0
3741,6,5,21,tou,historically_calibrated,1.332657,0.226552,8.4748,8.48,0.0052,0.0
3742,6,5,22,tou,historically_calibrated,1.332657,0.226552,8.4766,8.4766,0.0,0.0
3743,6,5,23,tou,historically_calibrated,0.740365,0.125862,7.9264,7.9264,0.0,0.0
3744,6,5,24,tou,historically_calibrated,0.740365,0.125862,6.3501,6.3501,0.0,0.0
3745,6,6,1,tou,historically_calibrated,0.740365,0.125862,6.145,6.1451,0.0,0.0
3746,6,6,2,tou,historically_calibrated,0.740365,0.125862,6.3933,6.3933,0.0,0.0
3747,6,6,3,tou,historically_calibrated,0.740365,0.125862,6.4915,6.4915,0.0,0.0
3748,6,6,4,tou,historically_calibrated,0.740365,0.125862,6.5401,6.5401,0.0,0.0
3749,6,6,5,tou,historically_calibrated,0.740365,0.125862,6.7737,6.775,0.0013,0.0
3750,6,6,6,tou,historically_calibrated,0.740365,0.125862,7.001,7.0139,0.013,0.0
3751,6,6,7,tou,historically_calibrated,0.740365,0.125862,8.6233,8.6752,0.0518,0.0
3752,6,6,8,tou,historically_calibrated,1.332657,0.226552,8.0794,8.2492,0.1698,0.0
3753,6,6,9,tou,historically_calibrated,1.332657,0.226552,7.535,7.8398,0.2592,0.0457
3754,6,6,10,tou,historically_calibrated,1.332657,0.226552,7.0315,7.489,0.4575,0.0
3755,6,6,11,tou,historically_calibrated,1.332657,0.226552,6.7504,7.3109,0.5456,0.0148
3756,6,6,12,tou,historically_calibrated,1.332657,0.226552,6.6854,7.1349,0.4471,0.0024
3757,6,6,13,tou,historically_calibrated,1.332657,0.226552,6.5437,7.0546,0.4653,0.0457
3758,6,6,14,tou,historically_calibrated,1.332657,0.226552,6.6109,7.1127,0.4562,0.0457
3759,6,6,15,tou,historically_calibrated,1.332657,0.226552,6.6792,7.3049,0.2605,0.3652
3760,6,6,16,tou,historically_calibrated,1.332657,0.226552,7.2642,7.5916,0.2242,0.1032
3761,6,6,17,tou,historically_calibrated,1.332657,0.226552,8.0128,8.1915,0.1763,0.0024
3762,6,6,18,tou,historically_calibrated,1.332657,0.226552,8.3638,8.5017,0.1231,0.0148
3763,6,6,19,tou,historically_calibrated,1.332657,0.226552,8.9366,9.0201,0.0687,0.0148
3764,6,6,20,tou,historically_calibrated,1.332657,0.226552,9.5531,9.5765,0.0233,0.0
3765,6,6,21,tou,historically_calibrated,1.332657,0.226552,9.286,9.2911,0.0052,0.0
3766,6,6,22,tou,historically_calibrated,1.332657,0.226552,8.9217,8.9217,0.0,0.0
3767,6,6,23,tou,historically_calibrated,0.740365,0.125862,8.5177,8.6209,0.0,0.1032
3768,6,6,24,tou,historically_calibrated,0.740365,0.125862,6.73,6.9493,0.0,0.2194
3769,6,7,1,tou,historically_calibrated,0.740365,0.125862,6.4129,6.6322,0.0,0.2194
3770,6,7,2,tou,historically_calibrated,0.740365,0.125862,6.2312,6.5964,0.0,0.3652
3771,6,7,3,tou,historically_calibrated,0.740365,0.125862,6.3476,6.4508,0.0,0.1032
3772,6,7,4,tou,historically_calibrated,0.740365,0.125862,6.3713,6.417,0.0,0.0457
3773,6,7,5,tou,historically_calibrated,0.740365,0.125862,6.4251,6.4412,0.0013,0.0148
3774,6,7,6,tou,historically_calibrated,0.740365,0.125862,6.3682,6.4128,0.0298,0.0148
3775,6,7,7,tou,historically_calibrated,0.740365,0.125862,7.7167,7.9806,0.1607,0.1032
3776,6,7,8,tou,historically_calibrated,1.332657,0.226552,7.3755,7.5909,0.1698,0.0457
3777,6,7,9,tou,historically_calibrated,1.332657,0.226552,7.3564,7.618,0.2592,0.0024
3778,6,7,10,tou,historically_calibrated,1.332657,0.226552,7.1038,7.489,0.3396,0.0457
3779,6,7,11,tou,historically_calibrated,1.332657,0.226552,6.9041,7.3109,0.4044,0.0024
3780,6,7,12,tou,historically_calibrated,1.332657,0.226552,6.844,7.1349,0.276,0.0148
3781,6,7,13,tou,historically_calibrated,1.332657,0.226552,6.665,7.0546,0.2864,0.1032
3782,6,7,14,tou,historically_calibrated,1.332657,0.226552,5.9919,7.1127,0.7556,0.3652
3783,6,7,15,tou,historically_calibrated,1.332657,0.226552,6.7779,7.3049,0.4238,0.1032
3784,6,7,16,tou,historically_calibrated,1.332657,0.226552,7.0055,7.5916,0.3668,0.2194
3785,6,7,17,tou,historically_calibrated,1.332657,0.226552,7.4968,7.9017,0.3901,0.0148
3786,6,7,18,tou,historically_calibrated,1.332657,0.226552,7.8269,8.1434,0.2709,0.0457
3787,6,7,19,tou,historically_calibrated,1.332657,0.226552,8.0834,8.235,0.1516,0.0
3788,6,7,20,tou,historically_calibrated,1.332657,0.226552,8.3868,8.4418,0.0402,0.0148
3789,6,7,21,tou,historically_calibrated,1.332657,0.226552,9.0544,9.0594,0.0026,0.0024
3790,6,7,22,tou,historically_calibrated,1.332657,0.226552,9.0804,9.6449,0.0,0.5645
3791,6,7,23,tou,historically_calibrated,0.740365,0.125862,9.2656,9.3689,0.0,0.1032
3792,6,7,24,tou,historically_calibrated,0.740365,0.125862,7.7477,7.7625,0.0,0.0148
3793,6,8,1,tou,historically_calibrated,0.740365,0.125862,7.5609,7.6066,0.0,0.0457
3794,6,8,2,tou,historically_calibrated,0.740365,0.125862,7.8535,7.8559,0.0,0.0024
3795,6,8,3,tou,historically_calibrated,0.740365,0.125862,8.0778,8.0802,0.0,0.0024
3796,6,8,4,tou,historically_calibrated,0.740365,0.125862,7.9206,7.9354,0.0,0.0148
3797,6,8,5,tou,historically_calibrated,0.740365,0.125862,8.1064,8.1103,0.0039,0.0
3798,6,8,6,tou,historically_calibrated,0.740365,0.125862,8.2514,8.302,0.0505,0.0
3799,6,8,7,tou,historically_calibrated,0.740365,0.125862,9.6375,9.7972,0.114,0.0457
3800,6,8,8,tou,historically_calibrated,1.332657,0.226552,9.4053,9.6208,0.1698,0.0457
3801,6,8,9,tou,historically_calibrated,1.332657,0.226552,8.6885,8.949,0.2605,0.0
3802,6,8,10,tou,historically_calibrated,1.332657,0.226552,8.8019,9.0267,0.21,0.0148
3803,6,8,11,tou,historically_calibrated,1.332657,0.226552,7.7142,8.2759,0.5469,0.0148
3804,6,8,12,tou,historically_calibrated,1.332657,0.226552,6.2707,7.1349,0.8618,0.0024
3805,6,8,13,tou,historically_calibrated,1.332657,0.226552,7.3073,7.7789,0.4692,0.0024
3806,6,8,14,tou,historically_calibrated,1.332657,0.226552,6.4908,7.1127,0.6195,0.0024
3807,6,8,15,tou,historically_calibrated,1.332657,0.226552,6.6025,7.3049,0.7024,0.0
3808,6,8,16,tou,historically_calibrated,1.332657,0.226552,8.2665,8.6494,0.3681,0.0148
3809,6,8,17,tou,historically_calibrated,1.332657,0.226552,8.16,8.5971,0.3914,0.0457
3810,6,8,18,tou,historically_calibrated,1.332657,0.226552,9.8703,9.9947,0.1244,0.0
3811,6,8,19,tou,historically_calibrated,1.332657,0.226552,10.1152,10.2279,0.1128,0.0
3812,6,8,20,tou,historically_calibrated,1.332657,0.226552,10.3126,10.3528,0.0402,0.0
3813,6,8,21,tou,historically_calibrated,1.332657,0.226552,10.2132,10.2182,0.0026,0.0024
3814,6,8,22,tou,historically_calibrated,1.332657,0.226552,10.2013,10.2013,0.0,0.0
3815,6,8,23,tou,historically_calibrated,0.740365,0.125862,10.0075,10.01,0.0,0.0024
3816,6,8,24,tou,historically_calibrated,0.740365,0.125862,8.0621,8.0622,0.0,0.0
3817,6,9,1,tou,historically_calibrated,0.740365,0.125862,7.1848,7.1848,0.0,0.0
3818,6,9,2,tou,historically_calibrated,0.740365,0.125862,7.1901,7.1901,0.0,0.0
3819,6,9,3,tou,historically_calibrated,0.740365,0.125862,7.1339,7.1339,0.0,0.0
3820,6,9,4,tou,historically_calibrated,0.740365,0.125862,7.1873,7.1873,0.0,0.0
3821,6,9,5,tou,historically_calibrated,0.740365,0.125862,7.345,7.3463,0.0013,0.0
3822,6,9,6,tou,historically_calibrated,0.740365,0.125862,7.5051,7.5193,0.0143,0.0
3823,6,9,7,tou,historically_calibrated,0.740365,0.125862,9.2565,9.3084,0.0518,0.0
3824,6,9,8,tou,historically_calibrated,0.740365,0.125862,9.3013,9.4063,0.105,0.0
3825,6,9,9,tou,historically_calibrated,0.740365,0.125862,9.0941,9.2535,0.1594,0.0
3826,6,9,10,tou,historically_calibrated,0.740365,0.125862,8.3978,8.6077,0.21,0.0
3827,6,9,11,tou,historically_calibrated,0.740365,0.125862,7.9481,8.3537,0.4056,0.0
3828,6,9,12,tou,historically_calibrated,0.740365,0.125862,7.3649,7.8157,0.4484,0.0024
3829,6,9,13,tou,historically_calibrated,0.740365,0.125862,7.1679,7.6801,0.4666,0.0457
3830,6,9,14,tou,historically_calibrated,0.740365,0.125862,6.8527,7.3115,0.4588,0.0
3831,6,9,15,tou,historically_calibrated,0.740365,0.125862,6.6874,7.2626,0.5728,0.0024
3832,6,9,16,tou,historically_calibrated,0.740365,0.125862,6.8588,7.2404,0.3668,0.0148
3833,6,9,17,tou,historically_calibrated,0.740365,0.125862,7.3601,7.6961,0.2903,0.0457
3834,6,9,18,tou,historically_calibrated,0.740365,0.125862,7.9342,8.1513,0.2022,0.0148
3835,6,9,19,tou,historically_calibrated,0.740365,0.125862,7.8304,8.0207,0.1879,0.0024
3836,6,9,20,tou,historically_calibrated,0.740365,0.125862,8.1096,8.1511,0.0415,0.0
3837,6,9,21,tou,historically_calibrated,0.740365,0.125862,8.7546,8.7611,0.0065,0.0
3838,6,9,22,tou,historically_calibrated,0.740365,0.125862,8.3103,8.3103,0.0,0.0
3839,6,9,23,tou,historically_calibrated,0.740365,0.125862,8.1278,8.1278,0.0,0.0
3840,6,9,24,tou,historically_calibrated,0.740365,0.125862,6.8659,6.8659,0.0,0.0
3841,6,10,1,tou,historically_calibrated,0.740365,0.125862,6.8487,6.8487,0.0,0.0
3842,6,10,2,tou,historically_calibrated,0.740365,0.125862,6.9658,6.9658,0.0,0.0
3843,6,10,3,tou,historically_calibrated,0.740365,0.125862,7.1714,7.1714,0.0,0.0
3844,6,10,4,tou,historically_calibrated,0.740365,0.125862,7.0741,7.0741,0.0,0.0
3845,6,10,5,tou,historically_calibrated,0.740365,0.125862,7.3821,7.3847,0.0026,0.0
3846,6,10,6,tou,historically_calibrated,0.740365,0.125862,7.1023,7.1243,0.022,0.0
3847,6,10,7,tou,historically_calibrated,0.740365,0.125862,8.633,8.7185,0.0855,0.0
3848,6,10,8,tou,historically_calibrated,0.740365,0.125862,8.6452,8.7502,0.105,0.0
3849,6,10,9,tou,historically_calibrated,0.740365,0.125862,8.0588,8.2331,0.1594,0.0148
3850,6,10,10,tou,historically_calibrated,0.740365,0.125862,7.3931,7.7488,0.3408,0.0148
3851,6,10,11,tou,historically_calibrated,0.740365,0.125862,7.5586,7.8112,0.2501,0.0024
3852,6,10,12,tou,historically_calibrated,0.740365,0.125862,6.5287,6.8048,0.276,0.0
3853,6,10,13,tou,historically_calibrated,0.740365,0.125862,6.0088,6.4902,0.4666,0.0148
3854,6,10,14,tou,historically_calibrated,0.740365,0.125862,6.0838,6.5437,0.4575,0.0024
3855,6,10,15,tou,historically_calibrated,0.740365,0.125862,6.4452,6.7205,0.2605,0.0148
3856,6,10,16,tou,historically_calibrated,0.740365,0.125862,6.6555,6.9843,0.2255,0.1032
3857,6,10,17,tou,historically_calibrated,0.740365,0.125862,7.2541,7.5361,0.1788,0.1032
3858,6,10,18,tou,historically_calibrated,0.740365,0.125862,7.9812,8.1513,0.1244,0.0457
3859,6,10,19,tou,historically_calibrated,0.740365,0.125862,8.292,8.4652,0.07,0.1032
3860,6,10,20,tou,historically_calibrated,0.740365,0.125862,8.5164,8.6455,0.0259,0.1032
3861,6,10,21,tou,historically_calibrated,0.740365,0.125862,8.5516,8.6012,0.0039,0.0457
3862,6,10,22,tou,historically_calibrated,0.740365,0.125862,8.2955,8.3103,0.0,0.0148
3863,6,10,23,tou,historically_calibrated,0.740365,0.125862,8.0638,8.0787,0.0,0.0148
3864,6,10,24,tou,historically_calibrated,0.740365,0.125862,6.7454,6.7478,0.0,0.0024
3865,6,11,1,tou,historically_calibrated,0.740365,0.125862,7.16,7.16,0.0,0.0
3866,6,11,2,tou,historically_calibrated,0.740365,0.125862,7.2465,7.2465,0.0,0.0
3867,6,11,3,tou,historically_calibrated,0.740365,0.125862,7.1409,7.1433,0.0,0.0024
3868,6,11,4,tou,historically_calibrated,0.740365,0.125862,7.2354,7.2378,0.0,0.0024
3869,6,11,5,tou,historically_calibrated,0.740365,0.125862,7.3996,7.4009,0.0013,0.0
3870,6,11,6,tou,historically_calibrated,0.740365,0.125862,7.5149,7.5291,0.0143,0.0
3871,6,11,7,tou,historically_calibrated,0.740365,0.125862,9.3701,9.4232,0.0531,0.0
3872,6,11,8,tou,historically_calibrated,1.332657,0.226552,9.4609,9.5659,0.105,0.0
3873,6,11,9,tou,historically_calibrated,1.332657,0.226552,9.232,9.3927,0.1607,0.0
3874,6,11,10,tou,historically_calibrated,1.332657,0.226552,8.7618,8.9718,0.21,0.0
3875,6,11,11,tou,historically_calibrated,1.332657,0.226552,7.8114,8.0615,0.2501,0.0
3876,6,11,12,tou,historically_calibrated,1.332657,0.226552,7.7471,8.0244,0.2773,0.0
3877,6,11,13,tou,historically_calibrated,1.332657,0.226552,7.2325,7.5202,0.2877,0.0
3878,6,11,14,tou,historically_calibrated,1.332657,0.226552,6.6539,7.1127,0.4588,0.0
3879,6,11,15,tou,historically_calibrated,1.332657,0.226552,7.4181,7.6799,0.2618,0.0
3880,6,11,16,tou,historically_calibrated,1.332657,0.226552,7.5576,7.9256,0.3681,0.0
3881,6,11,17,tou,historically_calibrated,1.332657,0.226552,7.8999,8.1915,0.2916,0.0
3882,6,11,18,tou,historically_calibrated,1.332657,0.226552,8.358,8.5615,0.2035,0.0
3883,6,11,19,tou,historically_calibrated,1.332657,0.226552,9.0092,9.0805,0.0713,0.0
3884,6,11,20,tou,historically_calibrated,1.332657,0.226552,9.1325,9.1584,0.0259,0.0
3885,6,11,21,tou,historically_calibrated,1.332657,0.226552,9.2873,9.2911,0.0039,0.0
3886,6,11,22,tou,historically_calibrated,1.332657,0.226552,9.033,9.033,0.0,0.0
3887,6,11,23,tou,historically_calibrated,0.740365,0.125862,8.8346,8.8346,0.0,0.0
3888,6,11,24,tou,historically_calibrated,0.740365,0.125862,7.1633,7.1633,0.0,0.0
3889,6,12,1,tou,historically_calibrated,0.740365,0.125862,6.8758,6.8758,0.0,0.0
3890,6,12,2,tou,historically_calibrated,0.740365,0.125862,6.9621,6.9621,0.0,0.0
3891,6,12,3,tou,historically_calibrated,0.740365,0.125862,7.0211,7.0211,0.0,0.0
3892,6,12,4,tou,historically_calibrated,0.740365,0.125862,7.1557,7.1557,0.0,0.0
3893,6,12,5,tou,historically_calibrated,0.740365,0.125862,7.2745,7.2758,0.0013,0.0
3894,6,12,6,tou,historically_calibrated,0.740365,0.125862,7.3406,7.3574,0.0168,0.0
3895,6,12,7,tou,historically_calibrated,0.740365,0.125862,8.8672,8.9423,0.0752,0.0
3896,6,12,8,tou,historically_calibrated,1.332657,0.226552,8.8462,9.0173,0.1711,0.0
3897,6,12,9,tou,historically_calibrated,1.332657,0.226552,8.4667,8.7272,0.2605,0.0
3898,6,12,10,tou,historically_calibrated,1.332657,0.226552,7.8608,8.2029,0.3421,0.0
3899,6,12,11,tou,historically_calibrated,1.332657,0.226552,7.2256,7.6326,0.4069,0.0
3900,6,12,12,tou,historically_calibrated,1.332657,0.226552,6.6815,7.1349,0.451,0.0024
3901,6,12,13,tou,historically_calibrated,1.332657,0.226552,6.5854,7.0546,0.4692,0.0
3902,6,12,14,tou,historically_calibrated,1.332657,0.226552,6.8589,7.3214,0.4601,0.0024
3903,6,12,15,tou,historically_calibrated,1.332657,0.226552,6.8785,7.3049,0.4264,0.0
3904,6,12,16,tou,historically_calibrated,1.332657,0.226552,7.2198,7.5916,0.3694,0.0024
3905,6,12,17,tou,historically_calibrated,1.332657,0.226552,7.5927,7.9017,0.2942,0.0148
3906,6,12,18,tou,historically_calibrated,1.332657,0.226552,8.0433,8.2629,0.2048,0.0148
3907,6,12,19,tou,historically_calibrated,1.332657,0.226552,8.4659,8.5974,0.1166,0.0148
3908,6,12,20,tou,historically_calibrated,1.332657,0.226552,8.8147,8.8599,0.0428,0.0024
3909,6,12,21,tou,historically_calibrated,1.332657,0.226552,8.9383,8.9435,0.0052,0.0
3910,6,12,22,tou,historically_calibrated,1.332657,0.226552,8.8661,8.8661,0.0,0.0
3911,6,12,23,tou,historically_calibrated,0.740365,0.125862,8.7277,8.7277,0.0,0.0
3912,6,12,24,tou,historically_calibrated,0.740365,0.125862,7.0777,7.0777,0.0,0.0
3913,6,13,1,tou,historically_calibrated,0.740365,0.125862,6.7946,6.7946,0.0,0.0
3914,6,13,2,tou,historically_calibrated,0.740365,0.125862,6.9215,6.9215,0.0,0.0
3915,6,13,3,tou,historically_calibrated,0.740365,0.125862,6.9803,6.9803,0.0,0.0
3916,6,13,4,tou,historically_calibrated,0.740365,0.125862,7.0326,7.0326,0.0,0.0
3917,6,13,5,tou,historically_calibrated,0.740365,0.125862,7.191,7.1923,0.0013,0.0
3918,6,13,6,tou,historically_calibrated,0.740365,0.125862,7.377,7.4003,0.0233,0.0
3919,6,13,7,tou,historically_calibrated,0.740365,0.125862,9.1563,9.2095,0.0531,0.0
3920,6,13,8,tou,historically_calibrated,1.332657,0.226552,9.2415,9.3465,0.105,0.0
3921,6,13,9,tou,historically_calibrated,1.332657,0.226552,9.2874,9.4481,0.1607,0.0
3922,6,13,10,tou,historically_calibrated,1.332657,0.226552,8.2452,8.5874,0.3421,0.0
3923,6,13,11,tou,historically_calibrated,1.332657,0.226552,7.7081,8.1151,0.4069,0.0
3924,6,13,12,tou,historically_calibrated,1.332657,0.226552,7.0502,7.5012,0.451,0.0
3925,6,13,13,tou,historically_calibrated,1.332657,0.226552,8.2006,8.5031,0.2877,0.0148
3926,6,13,14,tou,historically_calibrated,1.332657,0.226552,8.082,8.3646,0.2825,0.0
3927,6,13,15,tou,historically_calibrated,1.332657,0.226552,7.9231,8.2692,0.346,0.0
3928,6,13,16,tou,historically_calibrated,1.332657,0.226552,7.8903,8.2597,0.3694,0.0
3929,6,13,17,tou,historically_calibrated,1.332657,0.226552,8.2462,8.5391,0.2929,0.0
3930,6,13,18,tou,historically_calibrated,1.332657,0.226552,8.8525,8.9795,0.127,0.0
3931,6,13,19,tou,historically_calibrated,1.332657,0.226552,9.0242,9.1409,0.1166,0.0
3932,6,13,20,tou,historically_calibrated,1.332657,0.226552,9.056,9.0987,0.0428,0.0
3933,6,13,21,tou,historically_calibrated,1.332657,0.226552,9.1108,9.1173,0.0065,0.0
3934,6,13,22,tou,historically_calibrated,1.332657,0.226552,9.033,9.033,0.0,0.0
3935,6,13,23,tou,historically_calibrated,0.740365,0.125862,8.8346,8.8346,0.0,0.0
3936,6,13,24,tou,historically_calibrated,0.740365,0.125862,7.2917,7.2917,0.0,0.0
3937,6,14,1,tou,historically_calibrated,0.740365,0.125862,6.8758,6.8758,0.0,0.0
3938,6,14,2,tou,historically_calibrated,0.740365,0.125862,7.1246,7.1246,0.0,0.0
3939,6,14,3,tou,historically_calibrated,0.740365,0.125862,7.1433,7.1433,0.0,0.0
3940,6,14,4,tou,historically_calibrated,0.740365,0.125862,7.3609,7.3609,0.0,0.0
3941,6,14,5,tou,historically_calibrated,0.740365,0.125862,7.3996,7.4009,0.0013,0.0
3942,6,14,6,tou,historically_calibrated,0.740365,0.125862,7.5058,7.5291,0.0233,0.0
3943,6,14,7,tou,historically_calibrated,0.740365,0.125862,8.827,8.9423,0.1153,0.0
3944,6,14,8,tou,historically_calibrated,1.332657,0.226552,8.5672,8.7978,0.2307,0.0
3945,6,14,9,tou,historically_calibrated,1.332657,0.226552,8.1326,8.3944,0.2618,0.0
3946,6,14,10,tou,historically_calibrated,1.332657,0.226552,7.5313,7.8734,0.3421,0.0
3947,6,14,11,tou,historically_calibrated,1.332657,0.226552,7.1171,7.5253,0.4082,0.0
3948,6,14,12,tou,historically_calibrated,1.332657,0.226552,7.2047,7.6581,0.451,0.0024
3949,6,14,13,tou,historically_calibrated,1.332657,0.226552,6.6889,7.1581,0.4692,0.0
3950,6,14,14,tou,historically_calibrated,1.332657,0.226552,6.3507,7.1127,0.762,0.0
3951,6,14,15,tou,historically_calibrated,1.332657,0.226552,6.7295,7.3049,0.5754,0.0
3952,6,14,16,tou,historically_calibrated,1.332657,0.226552,6.9775,7.5916,0.6117,0.0024
3953,6,14,17,tou,historically_calibrated,1.332657,0.226552,7.338,7.9017,0.5638,0.0
3954,6,14,18,tou,historically_calibrated,1.332657,0.226552,7.9361,8.1434,0.2074,0.0
3955,6,14,19,tou,historically_calibrated,1.332657,0.226552,8.3562,8.4766,0.1179,0.0024
3956,6,14,20,tou,historically_calibrated,1.332657,0.226552,8.5172,8.5613,0.0441,0.0
3957,6,14,21,tou,historically_calibrated,1.332657,0.226552,8.937,8.9435,0.0065,0.0
3958,6,14,22,tou,historically_calibrated,1.332657,0.226552,8.9773,8.9773,0.0,0.0
3959,6,14,23,tou,historically_calibrated,0.740365,0.125862,9.1551,9.1551,0.0,0.0
3960,6,14,24,tou,historically_calibrated,0.740365,0.125862,7.4629,7.4629,0.0,0.0
3961,6,15,1,tou,historically_calibrated,0.740365,0.125862,7.2818,7.2818,0.0,0.0
3962,6,15,2,tou,historically_calibrated,0.740365,0.125862,7.5715,7.5715,0.0,0.0
3963,6,15,3,tou,historically_calibrated,0.740365,0.125862,7.5914,7.5914,0.0,0.0
3964,6,15,4,tou,historically_calibrated,0.740365,0.125862,7.7713,7.7713,0.0,0.0
3965,6,15,5,tou,historically_calibrated,0.740365,0.125862,8.2746,8.2772,0.0026,0.0
3966,6,15,6,tou,historically_calibrated,0.740365,0.125862,8.2279,8.259,0.0311,0.0
3967,6,15,7,tou,historically_calibrated,0.740365,0.125862,9.5838,9.6369,0.0531,0.0
3968,6,15,8,tou,historically_calibrated,1.332657,0.226552,9.2303,9.4013,0.1711,0.0
3969,6,15,9,tou,historically_calibrated,1.332657,0.226552,8.5776,8.8381,0.2605,0.0
3970,6,15,10,tou,historically_calibrated,1.332657,0.226552,7.8514,8.3128,0.4614,0.0
3971,6,15,11,tou,historically_calibrated,1.332657,0.226552,6.9758,7.5253,0.5495,0.0
3972,6,15,12,tou,historically_calibrated,1.332657,0.226552,6.6023,7.1349,0.5327,0.0
3973,6,15,13,tou,historically_calibrated,1.332657,0.226552,6.5841,7.0546,0.4704,0.0
3974,6,15,14,tou,historically_calibrated,1.332657,0.226552,6.65,7.1127,0.4627,0.0
3975,6,15,15,tou,historically_calibrated,1.332657,0.226552,6.8759,7.3049,0.429,0.0
3976,6,15,16,tou,historically_calibrated,1.332657,0.226552,7.2196,7.5916,0.372,0.0
3977,6,15,17,tou,historically_calibrated,1.332657,0.226552,7.6062,7.9017,0.2955,0.0
3978,6,15,18,tou,historically_calibrated,1.332657,0.226552,7.9361,8.1434,0.2074,0.0
3979,6,15,19,tou,historically_calibrated,1.332657,0.226552,8.1158,8.235,0.1192,0.0
3980,6,15,20,tou,historically_calibrated,1.332657,0.226552,8.3822,8.4418,0.0596,0.0
3981,6,15,21,tou,historically_calibrated,1.332657,0.226552,8.8212,8.8276,0.0065,0.0
3982,6,15,22,tou,historically_calibrated,1.332657,0.226552,8.9773,8.9773,0.0,0.0
3983,6,15,23,tou,historically_calibrated,0.740365,0.125862,9.1017,9.1017,0.0,0.0
3984,6,15,24,tou,historically_calibrated,0.740365,0.125862,7.1633,7.1633,0.0,0.0
3985,6,16,1,tou,historically_calibrated,0.740365,0.125862,6.2137,6.2137,0.0,0.0
3986,6,16,2,tou,historically_calibrated,0.740365,0.125862,6.3678,6.3678,0.0,0.0
3987,6,16,3,tou,historically_calibrated,0.740365,0.125862,6.3844,6.3844,0.0,0.0
3988,6,16,4,tou,historically_calibrated,0.740365,0.125862,6.621,6.621,0.0,0.0
3989,6,16,5,tou,historically_calibrated,0.740365,0.125862,6.7692,6.7705,0.0013,0.0
3990,6,16,6,tou,historically_calibrated,0.740365,0.125862,6.8562,6.8873,0.0311,0.0
3991,6,16,7,tou,historically_calibrated,0.740365,0.125862,8.1116,8.2269,0.1153,0.0
3992,6,16,8,tou,historically_calibrated,0.740365,0.125862,7.9138,8.1445,0.2307,0.0
3993,6,16,9,tou,historically_calibrated,0.740365,0.125862,6.533,7.1616,0.6286,0.0
3994,6,16,10,tou,historically_calibrated,0.740365,0.125862,6.0656,6.8899,0.8243,0.0
3995,6,16,11,tou,historically_calibrated,0.740365,0.125862,5.859,6.726,0.867,0.0
3996,6,16,12,tou,historically_calibrated,0.740365,0.125862,5.8202,6.5641,0.7439,0.0
3997,6,16,13,tou,historically_calibrated,0.740365,0.125862,5.8591,6.4902,0.6312,0.0
3998,6,16,14,tou,historically_calibrated,0.740365,0.125862,5.7829,6.5437,0.7608,0.0
3999,6,16,15,tou,historically_calibrated,0.740365,0.125862,5.9027,6.7205,0.8178,0.0
4000,6,16,16,tou,historically_calibrated,0.740365,0.125862,6.2741,6.9843,0.7102,0.0
4001,6,16,17,tou,historically_calibrated,0.740365,0.125862,6.641,7.2696,0.6286,0.0
4002,6,16,18,tou,historically_calibrated,0.740365,0.125862,7.0487,7.492,0.4432,0.0
4003,6,16,19,tou,historically_calibrated,0.740365,0.125862,7.2898,7.5762,0.2864,0.0
4004,6,16,20,tou,historically_calibrated,0.740365,0.125862,7.3842,7.4918,0.1076,0.0
4005,6,16,21,tou,historically_calibrated,0.740365,0.125862,7.253,7.2686,0.0156,0.0
4006,6,16,22,tou,historically_calibrated,0.740365,0.125862,7.1331,7.1331,0.0,0.0
4007,6,16,23,tou,historically_calibrated,0.740365,0.125862,7.5872,7.5872,0.0,0.0
4008,6,16,24,tou,historically_calibrated,0.740365,0.125862,6.354,6.354,0.0,0.0
4009,6,17,1,tou,historically_calibrated,0.740365,0.125862,6.2137,6.2137,0.0,0.0
4010,6,17,2,tou,historically_calibrated,0.740365,0.125862,6.4799,6.4799,0.0,0.0
4011,6,17,3,tou,historically_calibrated,0.740365,0.125862,6.6842,6.6842,0.0,0.0
4012,6,17,4,tou,historically_calibrated,0.740365,0.125862,7.2628,7.2628,0.0,0.0
4013,6,17,5,tou,historically_calibrated,0.740365,0.125862,7.3424,7.3463,0.0039,0.0
4014,6,17,6,tou,historically_calibrated,0.740365,0.125862,7.3451,7.4008,0.0557,0.0
4015,6,17,7,tou,historically_calibrated,0.740365,0.125862,8.167,8.3744,0.2074,0.0
4016,6,17,8,tou,historically_calibrated,0.740365,0.125862,7.1176,7.5388,0.4212,0.0
4017,6,17,9,tou,historically_calibrated,0.740365,0.125862,6.3186,6.9575,0.6389,0.0
4018,6,17,10,tou,historically_calibrated,0.740365,0.125862,6.0513,6.8899,0.8385,0.0
4019,6,17,11,tou,historically_calibrated,0.740365,0.125862,5.7929,6.726,0.9331,0.0
4020,6,17,12,tou,historically_calibrated,0.740365,0.125862,5.6064,6.5641,0.9577,0.0
4021,6,17,13,tou,historically_calibrated,0.740365,0.125862,5.4923,6.4902,0.9979,0.0
4022,6,17,14,tou,historically_calibrated,0.740365,0.125862,5.7764,6.7575,0.9811,0.0
4023,6,17,15,tou,historically_calibrated,0.740365,0.125862,5.9375,6.846,0.9085,0.0
4024,6,17,16,tou,historically_calibrated,0.740365,0.125862,6.3919,7.1798,0.788,0.0
4025,6,17,17,tou,historically_calibrated,0.740365,0.125862,7.0481,7.6767,0.6286,0.0
4026,6,17,18,tou,historically_calibrated,0.740365,0.125862,7.2248,7.6668,0.4419,0.0
4027,6,17,19,tou,historically_calibrated,0.740365,0.125862,7.3222,7.5762,0.254,0.0
4028,6,17,20,tou,historically_calibrated,0.740365,0.125862,7.3881,7.4918,0.1037,0.0
4029,6,17,21,tou,historically_calibrated,0.740365,0.125862,7.253,7.2686,0.0156,0.0
4030,6,17,22,tou,historically_calibrated,0.740365,0.125862,6.9796,6.9796,0.0,0.0
4031,6,17,23,tou,historically_calibrated,0.740365,0.125862,6.7024,6.7024,0.0,0.0
4032,6,17,24,tou,historically_calibrated,0.740365,0.125862,5.6058,5.6058,0.0,0.0
4033,6,18,1,tou,historically_calibrated,0.740365,0.125862,5.9421,5.9421,0.0,0.0
4034,6,18,2,tou,historically_calibrated,0.740365,0.125862,6.1495,6.1495,0.0,0.0
4035,6,18,3,tou,historically_calibrated,0.740365,0.125862,6.5323,6.5323,0.0,0.0
4036,6,18,4,tou,historically_calibrated,0.740365,0.125862,6.376,6.376,0.0,0.0
4037,6,18,5,tou,historically_calibrated,0.740365,0.125862,6.4803,6.4829,0.0026,0.0
4038,6,18,6,tou,historically_calibrated,0.740365,0.125862,6.3636,6.4128,0.0492,0.0
4039,6,18,7,tou,historically_calibrated,0.740365,0.125862,7.2004,7.286,0.0855,0.0
4040,6,18,8,tou,historically_calibrated,1.332657,0.226552,7.3101,7.4812,0.1711,0.0
4041,6,18,9,tou,historically_calibrated,1.332657,0.226552,7.2126,7.5625,0.3499,0.0
4042,6,18,10,tou,historically_calibrated,1.332657,0.226552,7.1481,7.489,0.3408,0.0
4043,6,18,11,tou,historically_calibrated,1.332657,0.226552,6.9052,7.3109,0.4056,0.0
4044,6,18,12,tou,historically_calibrated,1.332657,0.226552,6.3949,7.1349,0.74,0.0
4045,6,18,13,tou,historically_calibrated,1.332657,0.226552,6.3231,7.0546,0.7258,0.0057
4046,6,18,14,tou,historically_calibrated,1.332657,0.226552,6.4147,7.1127,0.6674,0.0306
4047,6,18,15,tou,historically_calibrated,1.332657,0.226552,6.6289,7.3049,0.5728,0.1032
4048,6,18,16,tou,historically_calibrated,1.332657,0.226552,7.3041,7.8042,0.4977,0.0024
4049,6,18,17,tou,historically_calibrated,1.332657,0.226552,7.5272,7.9386,0.3966,0.0148
4050,6,18,18,tou,historically_calibrated,1.332657,0.226552,7.8179,8.1434,0.2799,0.0457
4051,6,18,19,tou,historically_calibrated,1.332657,0.226552,7.9711,8.235,0.1607,0.1032
4052,6,18,20,tou,historically_calibrated,1.332657,0.226552,8.0799,8.1433,0.0609,0.0024
4053,6,18,21,tou,historically_calibrated,1.332657,0.226552,7.8728,7.9006,0.013,0.0148
4054,6,18,22,tou,historically_calibrated,1.332657,0.226552,7.5865,7.5865,0.0,0.0
4055,6,18,23,tou,historically_calibrated,0.740365,0.125862,7.2853,7.2853,0.0,0.0
4056,6,18,24,tou,historically_calibrated,0.740365,0.125862,5.8217,5.8365,0.0,0.0148
4057,6,19,1,tou,historically_calibrated,0.740365,0.125862,5.5213,5.5361,0.0,0.0148
4058,6,19,2,tou,historically_calibrated,0.740365,0.125862,5.5401,5.5401,0.0,0.0
4059,6,19,3,tou,historically_calibrated,0.740365,0.125862,5.5546,5.5546,0.0,0.0
4060,6,19,4,tou,historically_calibrated,0.740365,0.125862,5.5962,5.5962,0.0,0.0
4061,6,19,5,tou,historically_calibrated,0.740365,0.125862,5.674,5.6901,0.0013,0.0148
4062,6,19,6,tou,historically_calibrated,0.740365,0.125862,5.7857,5.8547,0.0233,0.0457
4063,6,19,7,tou,historically_calibrated,0.740365,0.125862,7.0991,7.286,0.1413,0.0457
4064,6,19,8,tou,historically_calibrated,1.332657,0.226552,7.2369,7.4812,0.2294,0.0148
4065,6,19,9,tou,historically_calibrated,1.332657,0.226552,7.2577,7.5625,0.2592,0.0457
4066,6,19,10,tou,historically_calibrated,1.332657,0.226552,7.0449,7.489,0.3408,0.1032
4067,6,19,11,tou,historically_calibrated,1.332657,0.226552,6.8904,7.3109,0.4056,0.0148
4068,6,19,12,tou,historically_calibrated,1.332657,0.226552,6.6408,7.1349,0.4484,0.0457
4069,6,19,13,tou,historically_calibrated,1.332657,0.226552,6.7212,7.0546,0.2877,0.0457
4070,6,19,14,tou,historically_calibrated,1.332657,0.226552,6.727,7.1127,0.2825,0.1032
4071,6,19,15,tou,historically_calibrated,1.332657,0.226552,6.9399,7.3049,0.2618,0.1032
4072,6,19,16,tou,historically_calibrated,1.332657,0.226552,7.3191,7.5916,0.2268,0.0457
4073,6,19,17,tou,historically_calibrated,1.332657,0.226552,7.6746,7.9017,0.1814,0.0457
4074,6,19,18,tou,historically_calibrated,1.332657,0.226552,7.9337,8.1434,0.2074,0.0024
4075,6,19,19,tou,historically_calibrated,1.332657,0.226552,8.0232,8.235,0.197,0.0148
4076,6,19,20,tou,historically_calibrated,1.332657,0.226552,8.0436,8.1433,0.0972,0.0024
4077,6,19,21,tou,historically_calibrated,1.332657,0.226552,7.8877,7.9006,0.013,0.0
4078,6,19,22,tou,historically_calibrated,1.332657,0.226552,7.809,7.809,0.0,0.0
4079,6,19,23,tou,historically_calibrated,0.740365,0.125862,7.8195,7.8195,0.0,0.0
4080,6,19,24,tou,historically_calibrated,0.740365,0.125862,5.9649,5.9649,0.0,0.0
4081,6,20,1,tou,historically_calibrated,0.740365,0.125862,5.6173,5.6173,0.0,0.0
4082,6,20,2,tou,historically_calibrated,0.740365,0.125862,5.8245,5.8245,0.0,0.0
4083,6,20,3,tou,historically_calibrated,0.740365,0.125862,5.9213,5.9213,0.0,0.0
4084,6,20,4,tou,historically_calibrated,0.740365,0.125862,5.8835,5.8835,0.0,0.0
4085,6,20,5,tou,historically_calibrated,0.740365,0.125862,6.1048,6.1074,0.0026,0.0
4086,6,20,6,tou,historically_calibrated,0.740365,0.125862,6.046,6.0694,0.0233,0.0
4087,6,20,7,tou,historically_calibrated,0.740365,0.125862,7.2004,7.286,0.0855,0.0
4088,6,20,8,tou,historically_calibrated,1.332657,0.226552,7.3114,7.4812,0.1698,0.0
4089,6,20,9,tou,historically_calibrated,1.332657,0.226552,7.3046,7.5625,0.2579,0.0
4090,6,20,10,tou,historically_calibrated,1.332657,0.226552,7.1494,7.489,0.3396,0.0
4091,6,20,11,tou,historically_calibrated,1.332657,0.226552,6.9065,7.3109,0.4044,0.0
4092,6,20,12,tou,historically_calibrated,1.332657,0.226552,6.6865,7.1349,0.4484,0.0
4093,6,20,13,tou,historically_calibrated,1.332657,0.226552,6.588,7.0546,0.4666,0.0
4094,6,20,14,tou,historically_calibrated,1.332657,0.226552,6.6539,7.1127,0.4588,0.0
4095,6,20,15,tou,historically_calibrated,1.332657,0.226552,7.3607,7.787,0.4264,0.0
4096,6,20,16,tou,historically_calibrated,1.332657,0.226552,6.8025,7.5916,0.7867,0.0024
4097,6,20,17,tou,historically_calibrated,1.332657,0.226552,7.2228,7.9017,0.6765,0.0024
4098,6,20,18,tou,historically_calibrated,1.332657,0.226552,7.6989,8.1434,0.4445,0.0
4099,6,20,19,tou,historically_calibrated,1.332657,0.226552,7.9895,8.235,0.2307,0.0148
4100,6,20,20,tou,historically_calibrated,1.332657,0.226552,8.0423,8.1433,0.0985,0.0024
4101,6,20,21,tou,historically_calibrated,1.332657,0.226552,7.7858,7.9006,0.0117,0.1032
4102,6,20,22,tou,historically_calibrated,1.332657,0.226552,7.4833,7.5865,0.0,0.1032
4103,6,20,23,tou,historically_calibrated,0.740365,0.125862,8.3081,8.3538,0.0,0.0457
4104,6,20,24,tou,historically_calibrated,0.740365,0.125862,6.4181,6.5213,0.0,0.1032
4105,6,21,1,tou,historically_calibrated,0.740365,0.125862,6.3723,6.5916,0.0,0.2194
4106,6,21,2,tou,historically_calibrated,0.740365,0.125862,7.2059,7.2059,0.0,0.0
4107,6,21,3,tou,historically_calibrated,0.740365,0.125862,7.3853,7.3877,0.0,0.0024
4108,6,21,4,tou,historically_calibrated,0.740365,0.125862,7.1511,7.1967,0.0,0.0457
4109,6,21,5,tou,historically_calibrated,0.740365,0.125862,7.2938,7.4009,0.0039,0.1032
4110,6,21,6,tou,historically_calibrated,0.740365,0.125862,7.1555,7.3145,0.0557,0.1032
4111,6,21,7,tou,historically_calibrated,0.740365,0.125862,8.2043,8.5149,0.2074,0.1032
4112,6,21,8,tou,historically_calibrated,1.332657,0.226552,7.1976,7.9749,0.4121,0.3652
4113,6,21,9,tou,historically_calibrated,1.332657,0.226552,6.5999,7.5625,0.5975,0.3652
4114,6,21,10,tou,historically_calibrated,1.332657,0.226552,6.6587,7.489,0.7271,0.1032
4115,6,21,11,tou,historically_calibrated,1.332657,0.226552,5.878,7.3109,0.8683,0.5645
4116,6,21,12,tou,historically_calibrated,1.332657,0.226552,5.3475,7.1349,0.9616,0.8257
4117,6,21,13,tou,historically_calibrated,1.332657,0.226552,5.1212,7.0546,0.7763,1.1571
4118,6,21,14,tou,historically_calibrated,1.332657,0.226552,5.4916,7.1127,0.464,1.1571
4119,6,21,15,tou,historically_calibrated,1.332657,0.226552,5.4734,7.3049,0.2644,1.5671
4120,6,21,16,tou,historically_calibrated,1.332657,0.226552,6.5365,7.5916,0.2294,0.8257
4121,6,21,17,tou,historically_calibrated,1.332657,0.226552,6.7792,7.9017,0.2968,0.8257
4122,6,21,18,tou,historically_calibrated,1.332657,0.226552,7.4506,8.1434,0.1283,0.5645
4123,6,21,19,tou,historically_calibrated,1.332657,0.226552,7.4871,8.7181,0.0739,1.1571
4124,6,21,20,tou,historically_calibrated,1.332657,0.226552,6.7268,8.3224,0.0285,1.5671
4125,6,21,21,tou,historically_calibrated,1.332657,0.226552,7.2448,8.0744,0.0039,0.8257
4126,6,21,22,tou,historically_calibrated,1.332657,0.226552,7.4438,7.809,0.0,0.3652
4127,6,21,23,tou,historically_calibrated,0.740365,0.125862,7.1193,7.3387,0.0,0.2194
4128,6,21,24,tou,historically_calibrated,0.740365,0.125862,5.7761,5.8793,0.0,0.1032
4129,6,22,1,tou,historically_calibrated,0.740365,0.125862,5.5716,5.6173,0.0,0.0457
4130,6,22,2,tou,historically_calibrated,0.740365,0.125862,5.3614,5.5808,0.0,0.2194
4131,6,22,3,tou,historically_calibrated,0.740365,0.125862,5.4575,5.6769,0.0,0.2194
4132,6,22,4,tou,historically_calibrated,0.740365,0.125862,5.4831,6.0476,0.0,0.5645
4133,6,22,5,tou,historically_calibrated,0.740365,0.125862,6.1775,6.3995,0.0026,0.2194
4134,6,22,6,tou,historically_calibrated,0.740365,0.125862,5.231,6.8422,0.0441,1.5671
4135,6,22,7,tou,historically_calibrated,0.740365,0.125862,5.5647,8.5149,0.1633,2.7869
4136,6,22,8,tou,historically_calibrated,1.332657,0.226552,3.6417,8.3041,0.3266,4.3358
4137,6,22,9,tou,historically_calibrated,1.332657,0.226552,3.3392,8.1726,0.4977,4.3358
4138,6,22,10,tou,historically_calibrated,1.332657,0.226552,4.6895,7.8185,0.3421,2.7869
4139,6,22,11,tou,historically_calibrated,1.332657,0.226552,3.5332,8.2759,0.4069,4.3358
4140,6,22,12,tou,historically_calibrated,1.332657,0.226552,4.6462,7.7105,0.2773,2.7869
4141,6,22,13,tou,historically_calibrated,1.332657,0.226552,5.871,7.7271,0.289,1.5671
4142,6,22,14,tou,historically_calibrated,1.332657,0.226552,5.0331,8.1038,0.2838,2.7869
4143,6,22,15,tou,historically_calibrated,1.332657,0.226552,5.3101,7.3049,0.4277,1.5671
4144,6,22,16,tou,historically_calibrated,1.332657,0.226552,5.8201,7.5916,0.6143,1.1571
4145,6,22,17,tou,historically_calibrated,1.332657,0.226552,5.7021,7.9017,0.6324,1.5671
4146,6,22,18,tou,historically_calibrated,1.332657,0.226552,6.0696,8.1434,0.5067,1.5671
4147,6,22,19,tou,historically_calibrated,1.332657,0.226552,6.7992,8.235,0.2786,1.1571
4148,6,22,20,tou,historically_calibrated,1.332657,0.226552,7.466,8.1433,0.1128,0.5645
4149,6,22,21,tou,historically_calibrated,1.332657,0.226552,7.5199,7.9006,0.0156,0.3652
4150,6,22,22,tou,historically_calibrated,1.332657,0.226552,7.4994,7.8646,0.0,0.3652
4151,6,22,23,tou,historically_calibrated,0.740365,0.125862,7.93,8.0332,0.0,0.1032
4152,6,22,24,tou,historically_calibrated,0.740365,0.125862,6.1561,6.5213,0.0,0.3652
4153,6,23,1,tou,historically_calibrated,0.740365,0.125862,5.475,5.8402,0.0,0.3652
4154,6,23,2,tou,historically_calibrated,0.740365,0.125862,4.8318,5.6576,0.0,0.8257
4155,6,23,3,tou,historically_calibrated,0.740365,0.125862,5.1079,5.6724,0.0,0.5645
4156,6,23,4,tou,historically_calibrated,0.740365,0.125862,5.3496,5.7149,0.0,0.3652
4157,6,23,5,tou,historically_calibrated,0.740365,0.125862,5.8191,6.0411,0.0026,0.2194
4158,6,23,6,tou,historically_calibrated,0.740365,0.125862,5.7361,5.9788,0.0233,0.2194
4159,6,23,7,tou,historically_calibrated,0.740365,0.125862,6.8861,7.3913,0.14,0.3652
4160,6,23,8,tou,historically_calibrated,0.740365,0.125862,6.3385,6.9836,0.2799,0.3652
4161,6,23,9,tou,historically_calibrated,0.740365,0.125862,6.1646,6.9575,0.4277,0.3652
4162,6,23,10,tou,historically_calibrated,0.740365,0.125862,6.1093,6.8899,0.5612,0.2194
4163,6,23,11,tou,historically_calibrated,0.740365,0.125862,5.7303,6.726,0.7763,0.2194
4164,6,23,12,tou,historically_calibrated,0.740365,0.125862,5.4602,6.5641,0.7387,0.3652
4165,6,23,13,tou,historically_calibrated,0.740365,0.125862,5.3526,6.4902,0.7724,0.3652
4166,6,23,14,tou,historically_calibrated,0.740365,0.125862,4.6245,6.5437,0.762,1.1571
4167,6,23,15,tou,historically_calibrated,0.740365,0.125862,5.8879,6.7205,0.8178,0.0148
4168,6,23,16,tou,historically_calibrated,0.740365,0.125862,6.3551,6.9843,0.6143,0.0148
4169,6,23,17,tou,historically_calibrated,0.740365,0.125862,6.6497,7.2696,0.4005,0.2194
4170,6,23,18,tou,historically_calibrated,0.740365,0.125862,5.9862,7.492,0.3486,1.1571
4171,6,23,19,tou,historically_calibrated,0.740365,0.125862,6.7771,7.5762,0.2346,0.5645
4172,6,23,20,tou,historically_calibrated,0.740365,0.125862,6.565,7.4918,0.1011,0.8257
4173,6,23,21,tou,historically_calibrated,0.740365,0.125862,7.0324,7.2686,0.0168,0.2194
4174,6,23,22,tou,historically_calibrated,0.740365,0.125862,7.6425,7.6449,0.0,0.0024
4175,6,23,23,tou,historically_calibrated,0.740365,0.125862,7.8329,7.8329,0.0,0.0
4176,6,23,24,tou,historically_calibrated,0.740365,0.125862,6.391,6.3934,0.0,0.0024
4177,6,24,1,tou,historically_calibrated,0.740365,0.125862,6.1989,6.2137,0.0,0.0148
4178,6,24,2,tou,historically_calibrated,0.740365,0.125862,6.5522,6.5546,0.0,0.0024
4179,6,24,3,tou,historically_calibrated,0.740365,0.125862,6.6694,6.6842,0.0,0.0148
4180,6,24,4,tou,historically_calibrated,0.740365,0.125862,6.6186,6.621,0.0,0.0024
4181,6,24,5,tou,historically_calibrated,0.740365,0.125862,7.2273,7.2312,0.0039,0.0
4182,6,24,6,tou,historically_calibrated,0.740365,0.125862,7.1489,7.2033,0.0544,0.0
4183,6,24,7,tou,historically_calibrated,0.740365,0.125862,7.6757,7.8828,0.2048,0.0024
4184,6,24,8,tou,historically_calibrated,0.740365,0.125862,6.9364,7.3369,0.4005,0.0
4185,6,24,9,tou,historically_calibrated,0.740365,0.125862,6.3627,6.9575,0.5949,0.0
4186,6,24,10,tou,historically_calibrated,0.740365,0.125862,6.1084,6.8899,0.7815,0.0
4187,6,24,11,tou,historically_calibrated,0.740365,0.125862,5.7929,6.726,0.9331,0.0
4188,6,24,12,tou,historically_calibrated,0.740365,0.125862,5.5642,6.5641,0.9992,0.0007
4189,6,24,13,tou,historically_calibrated,0.740365,0.125862,5.4762,6.4902,0.9992,0.0148
4190,6,24,14,tou,historically_calibrated,0.740365,0.125862,5.5452,6.5437,0.9837,0.0148
4191,6,24,15,tou,historically_calibrated,0.740365,0.125862,5.8221,6.7519,0.915,0.0148
4192,6,24,16,tou,historically_calibrated,0.740365,0.125862,6.1416,6.9843,0.797,0.0457
4193,6,24,17,tou,historically_calibrated,0.740365,0.125862,6.6184,7.2696,0.6363,0.0148
4194,6,24,18,tou,historically_calibrated,0.740365,0.125862,6.9844,7.492,0.4044,0.1032
4195,6,24,19,tou,historically_calibrated,0.740365,0.125862,7.3284,7.5762,0.2022,0.0457
4196,6,24,20,tou,historically_calibrated,0.740365,0.125862,7.429,7.4918,0.048,0.0148
4197,6,24,21,tou,historically_calibrated,0.740365,0.125862,7.2569,7.2686,0.0117,0.0
4198,6,24,22,tou,historically_calibrated,0.740365,0.125862,6.9796,6.9796,0.0,0.0
4199,6,24,23,tou,historically_calibrated,0.740365,0.125862,6.7024,6.7024,0.0,0.0
4200,6,24,24,tou,historically_calibrated,0.740365,0.125862,5.3696,5.3696,0.0,0.0
4201,6,25,1,tou,historically_calibrated,0.740365,0.125862,5.5337,5.5361,0.0,0.0024
4202,6,25,2,tou,historically_calibrated,0.740365,0.125862,5.5253,5.5401,0.0,0.0148
4203,6,25,3,tou,historically_calibrated,0.740365,0.125862,5.5398,5.5546,0.0,0.0148
4204,6,25,4,tou,historically_calibrated,0.740365,0.125862,5.493,5.5962,0.0,0.1032
4205,6,25,5,tou,historically_calibrated,0.740365,0.125862,5.5856,5.6901,0.0013,0.1032
4206,6,25,6,tou,historically_calibrated,0.740365,0.125862,5.6133,5.8547,0.022,0.2194
4207,6,25,7,tou,historically_calibrated,0.740365,0.125862,7.1309,7.286,0.0518,0.1032
4208,6,25,8,tou,historically_calibrated,1.332657,0.226552,7.2743,7.4812,0.1037,0.1032
4209,6,25,9,tou,historically_calibrated,1.332657,0.226552,7.3012,7.5625,0.1581,0.1032
4210,6,25,10,tou,historically_calibrated,1.332657,0.226552,7.2792,7.489,0.2074,0.0024
4211,6,25,11,tou,historically_calibrated,1.332657,0.226552,7.0177,7.3109,0.2475,0.0457
4212,6,25,12,tou,historically_calibrated,1.332657,0.226552,6.6434,7.1349,0.4458,0.0457
4213,6,25,13,tou,historically_calibrated,1.332657,0.226552,6.0634,7.0546,0.626,0.3652
4214,6,25,14,tou,historically_calibrated,1.332657,0.226552,6.2882,7.1791,0.8761,0.0148
4215,6,25,15,tou,historically_calibrated,1.332657,0.226552,6.5804,7.4413,0.8152,0.0457
4216,6,25,16,tou,historically_calibrated,1.332657,0.226552,7.0709,7.875,0.7893,0.0148
4217,6,25,17,tou,historically_calibrated,1.332657,0.226552,7.6983,8.3811,0.6804,0.0024
4218,6,25,18,tou,historically_calibrated,1.332657,0.226552,7.9407,8.4475,0.5067,0.0
4219,6,25,19,tou,historically_calibrated,1.332657,0.226552,8.4162,8.6962,0.2799,0.0
4220,6,25,20,tou,historically_calibrated,1.332657,0.226552,8.1812,8.2953,0.114,0.0
4221,6,25,21,tou,historically_calibrated,1.332657,0.226552,7.8838,7.9006,0.0168,0.0
4222,6,25,22,tou,historically_calibrated,1.332657,0.226552,7.5865,7.5865,0.0,0.0
4223,6,25,23,tou,historically_calibrated,0.740365,0.125862,7.2853,7.2853,0.0,0.0
4224,6,25,24,tou,historically_calibrated,0.740365,0.125862,5.8365,5.8365,0.0,0.0
4225,6,26,1,tou,historically_calibrated,0.740365,0.125862,5.5361,5.5361,0.0,0.0
4226,6,26,2,tou,historically_calibrated,0.740365,0.125862,5.662,5.662,0.0,0.0
4227,6,26,3,tou,historically_calibrated,0.740365,0.125862,5.8805,5.8805,0.0,0.0
4228,6,26,4,tou,historically_calibrated,0.740365,0.125862,6.0476,6.0476,0.0,0.0
4229,6,26,5,tou,historically_calibrated,0.740365,0.125862,6.3121,6.316,0.0039,0.0
4230,6,26,6,tou,historically_calibrated,0.740365,0.125862,5.9733,6.0264,0.0531,0.0
4231,6,26,7,tou,historically_calibrated,0.740365,0.125862,7.0851,7.286,0.2009,0.0
4232,6,26,8,tou,historically_calibrated,1.332657,0.226552,7.0975,7.4812,0.3836,0.0
4233,6,26,9,tou,historically_calibrated,1.332657,0.226552,7.3358,7.8801,0.5443,0.0
4234,6,26,10,tou,historically_calibrated,1.332657,0.226552,7.822,8.5374,0.7154,0.0
4235,6,26,11,tou,historically_calibrated,1.332657,0.226552,7.9084,8.6756,0.7672,0.0
4236,6,26,12,tou,historically_calibrated,1.332657,0.226552,7.8651,8.5999,0.7348,0.0
4237,6,26,13,tou,historically_calibrated,1.332657,0.226552,8.0019,8.7665,0.7646,0.0
4238,6,26,14,tou,historically_calibrated,1.332657,0.226552,8.0316,8.9051,0.8735,0.0
4239,6,26,15,tou,historically_calibrated,1.332657,0.226552,8.6151,9.3162,0.7011,0.0
4240,6,26,16,tou,historically_calibrated,1.332657,0.226552,8.9651,9.5755,0.6104,0.0
4241,6,26,17,tou,historically_calibrated,1.332657,0.226552,9.2914,9.8192,0.5275,0.0003
4242,6,26,18,tou,historically_calibrated,1.332657,0.226552,9.5019,10.0056,0.4005,0.1032
4243,6,26,19,tou,historically_calibrated,1.332657,0.226552,9.3409,9.6185,0.232,0.0457
4244,6,26,20,tou,historically_calibrated,1.332657,0.226552,8.6711,8.7513,0.0778,0.0024
4245,6,26,21,tou,historically_calibrated,1.332657,0.226552,7.8916,7.9006,0.0091,0.0
4246,6,26,22,tou,historically_calibrated,1.332657,0.226552,7.5865,7.5865,0.0,0.0
4247,6,26,23,tou,historically_calibrated,0.740365,0.125862,7.2853,7.2853,0.0,0.0
4248,6,26,24,tou,historically_calibrated,0.740365,0.125862,5.8341,5.8365,0.0,0.0024
4249,6,27,1,tou,historically_calibrated,0.740365,0.125862,5.5361,5.5361,0.0,0.0
4250,6,27,2,tou,historically_calibrated,0.740365,0.125862,5.5401,5.5401,0.0,0.0
4251,6,27,3,tou,historically_calibrated,0.740365,0.125862,5.5546,5.5546,0.0,0.0
4252,6,27,4,tou,historically_calibrated,0.740365,0.125862,5.5962,5.5962,0.0,0.0
4253,6,27,5,tou,historically_calibrated,0.740365,0.125862,5.6888,5.6901,0.0013,0.0
4254,6,27,6,tou,historically_calibrated,0.740365,0.125862,5.8417,5.8547,0.013,0.0
4255,6,27,7,tou,historically_calibrated,0.740365,0.125862,7.2354,7.286,0.0505,0.0
4256,6,27,8,tou,historically_calibrated,1.332657,0.226552,7.3153,7.4812,0.1659,0.0
4257,6,27,9,tou,historically_calibrated,1.332657,0.226552,7.2204,7.5625,0.3421,0.0
4258,6,27,10,tou,historically_calibrated,1.332657,0.226552,6.8488,7.489,0.6402,0.0
4259,6,27,11,tou,historically_calibrated,1.332657,0.226552,7.0278,7.6862,0.6584,0.0
4260,6,27,12,tou,historically_calibrated,1.332657,0.226552,7.4016,8.1338,0.7322,0.0
4261,6,27,13,tou,historically_calibrated,1.332657,0.226552,7.4093,8.1739,0.7646,0.0
4262,6,27,14,tou,historically_calibrated,1.332657,0.226552,7.556,8.3077,0.7517,0.0
4263,6,27,15,tou,historically_calibrated,1.332657,0.226552,7.8336,8.5321,0.6985,0.0
4264,6,27,16,tou,historically_calibrated,1.332657,0.226552,7.083,7.5916,0.4938,0.0148
4265,6,27,17,tou,historically_calibrated,1.332657,0.226552,7.6075,7.9017,0.2942,0.0
4266,6,27,18,tou,historically_calibrated,1.332657,0.226552,8.0151,8.1434,0.1283,0.0
4267,6,27,19,tou,historically_calibrated,1.332657,0.226552,8.0566,8.235,0.0752,0.1032
4268,6,27,20,tou,historically_calibrated,1.332657,0.226552,8.0966,8.1433,0.0467,0.0
4269,6,27,21,tou,historically_calibrated,1.332657,0.226552,7.8942,7.9006,0.0065,0.0
4270,6,27,22,tou,historically_calibrated,1.332657,0.226552,7.5865,7.5865,0.0,0.0
4271,6,27,23,tou,historically_calibrated,0.740365,0.125862,7.2853,7.2853,0.0,0.0
4272,6,27,24,tou,historically_calibrated,0.740365,0.125862,5.4713,5.8365,0.0,0.3652
4273,6,28,1,tou,historically_calibrated,0.740365,0.125862,5.4904,5.5361,0.0,0.0457
4274,6,28,2,tou,historically_calibrated,0.740365,0.125862,5.5757,5.6214,0.0,0.0457
4275,6,28,3,tou,historically_calibrated,0.740365,0.125862,5.316,5.8805,0.0,0.5645
4276,6,28,4,tou,historically_calibrated,0.740365,0.125862,5.6231,5.8424,0.0,0.2194
4277,6,28,5,tou,historically_calibrated,0.740365,0.125862,5.9785,5.9822,0.0013,0.0024
4278,6,28,6,tou,historically_calibrated,0.740365,0.125862,5.9871,6.1123,0.022,0.1032
4279,6,28,7,tou,historically_calibrated,0.740365,0.125862,7.023,7.4997,0.1115,0.3652
4280,6,28,8,tou,historically_calibrated,1.332657,0.226552,6.7595,7.4812,0.3564,0.3652
4281,6,28,9,tou,historically_calibrated,1.332657,0.226552,6.7735,7.5625,0.4238,0.3652
4282,6,28,10,tou,historically_calibrated,1.332657,0.226552,6.6132,7.489,0.6039,0.2718
4283,6,28,11,tou,historically_calibrated,1.332657,0.226552,6.3191,7.3109,0.7724,0.2194
4284,6,28,12,tou,historically_calibrated,1.332657,0.226552,6.1755,7.1349,0.74,0.2194
4285,6,28,13,tou,historically_calibrated,1.332657,0.226552,6.1147,7.0546,0.8942,0.0457
4286,6,28,14,tou,historically_calibrated,1.332657,0.226552,6.0108,7.1127,0.8826,0.2194
4287,6,28,15,tou,historically_calibrated,1.332657,0.226552,6.5516,7.3049,0.7076,0.0457
4288,6,28,16,tou,historically_calibrated,1.332657,0.226552,6.8331,7.5916,0.7128,0.0457
4289,6,28,17,tou,historically_calibrated,1.332657,0.226552,7.3636,7.9017,0.4925,0.0457
4290,6,28,18,tou,historically_calibrated,1.332657,0.226552,7.7911,8.1434,0.3499,0.0024
4291,6,28,19,tou,historically_calibrated,1.332657,0.226552,8.0328,8.235,0.2022,0.0
4292,6,28,20,tou,historically_calibrated,1.332657,0.226552,8.0642,8.1433,0.0791,0.0
4293,6,28,21,tou,historically_calibrated,1.332657,0.226552,7.8851,7.9006,0.0156,0.0
4294,6,28,22,tou,historically_calibrated,1.332657,0.226552,7.5865,7.5865,0.0,0.0
4295,6,28,23,tou,historically_calibrated,0.740365,0.125862,7.2853,7.2853,0.0,0.0
4296,6,28,24,tou,historically_calibrated,0.740365,0.125862,5.8365,5.8365,0.0,0.0
4297,6,29,1,tou,historically_calibrated,0.740365,0.125862,5.6173,5.6173,0.0,0.0
4298,6,29,2,tou,historically_calibrated,0.740365,0.125862,5.7026,5.7026,0.0,0.0
4299,6,29,3,tou,historically_calibrated,0.740365,0.125862,5.7583,5.7583,0.0,0.0
4300,6,29,4,tou,historically_calibrated,0.740365,0.125862,5.9656,5.9656,0.0,0.0
4301,6,29,5,tou,historically_calibrated,0.740365,0.125862,5.9809,5.9822,0.0013,0.0
4302,6,29,6,tou,historically_calibrated,0.740365,0.125862,6.1267,6.1552,0.0285,0.0
4303,6,29,7,tou,historically_calibrated,0.740365,0.125862,7.3895,7.4997,0.1102,0.0
4304,6,29,8,tou,historically_calibrated,1.332657,0.226552,7.2064,7.4812,0.2748,0.0
4305,6,29,9,tou,historically_calibrated,1.332657,0.226552,7.0752,7.5625,0.4873,0.0
4306,6,29,10,tou,historically_calibrated,1.332657,0.226552,7.0367,7.489,0.4523,0.0
4307,6,29,11,tou,historically_calibrated,1.332657,0.226552,6.545,7.3109,0.7659,0.0
4308,6,29,12,tou,historically_calibrated,1.332657,0.226552,6.5362,7.1349,0.5988,0.0
4309,6,29,13,tou,historically_calibrated,1.332657,0.226552,6.5287,7.1534,0.6247,0.0
4310,6,29,14,tou,historically_calibrated,1.332657,0.226552,6.7959,7.4115,0.6156,0.0
4311,6,29,15,tou,historically_calibrated,1.332657,0.226552,7.0389,7.6117,0.5728,0.0
4312,6,29,16,tou,historically_calibrated,1.332657,0.226552,7.4823,7.9813,0.499,0.0
4313,6,29,17,tou,historically_calibrated,1.332657,0.226552,7.8984,8.3442,0.4458,0.0
4314,6,29,18,tou,historically_calibrated,1.332657,0.226552,8.3294,8.6755,0.346,0.0
4315,6,29,19,tou,historically_calibrated,1.332657,0.226552,8.0786,8.3119,0.2333,0.0
4316,6,29,20,tou,historically_calibrated,1.332657,0.226552,8.0422,8.1433,0.1011,0.0
4317,6,29,21,tou,historically_calibrated,1.332657,0.226552,7.8851,7.9006,0.0156,0.0
4318,6,29,22,tou,historically_calibrated,1.332657,0.226552,7.5865,7.5865,0.0,0.0
4319,6,29,23,tou,historically_calibrated,0.740365,0.125862,7.2853,7.2853,0.0,0.0
4320,6,29,24,tou,historically_calibrated,0.740365,0.125862,5.8365,5.8365,0.0,0.0
4321,6,30,1,tou,historically_calibrated,0.740365,0.125862,5.0932,5.0932,0.0,0.0
4322,6,30,2,tou,historically_calibrated,0.740365,0.125862,5.0969,5.0969,0.0,0.0
4323,6,30,3,tou,historically_calibrated,0.740365,0.125862,5.1103,5.1103,0.0,0.0
4324,6,30,4,tou,historically_calibrated,0.740365,0.125862,5.1485,5.1485,0.0,0.0
4325,6,30,5,tou,historically_calibrated,0.740365,0.125862,5.2323,5.2349,0.0026,0.0
4326,6,30,6,tou,historically_calibrated,0.740365,0.125862,5.3526,5.3863,0.0337,0.0
4327,6,30,7,tou,historically_calibrated,0.740365,0.125862,6.5576,6.7031,0.1452,0.0003
4328,6,30,8,tou,historically_calibrated,0.740365,0.125862,6.5653,6.8827,0.3149,0.0024
4329,6,30,9,tou,historically_calibrated,0.740365,0.125862,6.5703,6.99,0.4173,0.0024
4330,6,30,10,tou,historically_calibrated,0.740365,0.125862,5.3996,6.8899,0.3331,1.1571
4331,6,30,11,tou,historically_calibrated,0.740365,0.125862,6.3269,6.726,0.3992,0.0
4332,6,30,12,tou,historically_calibrated,0.740365,0.125862,5.8319,6.5641,0.7322,0.0
4333,6,30,13,tou,historically_calibrated,0.740365,0.125862,6.4603,7.1869,0.6234,0.1032
4334,6,30,14,tou,historically_calibrated,0.740365,0.125862,6.0408,7.0628,0.4575,0.5645
4335,6,30,15,tou,historically_calibrated,0.740365,0.125862,6.0471,6.7205,0.5702,0.1032
4336,6,30,16,tou,historically_calibrated,0.740365,0.125862,6.4517,7.6035,0.7867,0.3652
4337,6,30,17,tou,historically_calibrated,0.740365,0.125862,7.2323,8.0159,0.6804,0.1032
4338,6,30,18,tou,historically_calibrated,0.740365,0.125862,6.7333,7.8416,0.2825,0.8257
4339,6,30,19,tou,historically_calibrated,0.740365,0.125862,7.3605,7.5762,0.2009,0.0148
4340,6,30,20,tou,historically_calibrated,0.740365,0.125862,7.414,7.4918,0.0778,0.0
4341,6,30,21,tou,historically_calibrated,0.740365,0.125862,7.2556,7.2686,0.013,0.0
4342,6,30,22,tou,historically_calibrated,0.740365,0.125862,6.9796,6.9796,0.0,0.0
4343,6,30,23,tou,historically_calibrated,0.740365,0.125862,6.7024,6.7024,0.0,0.0
4344,6,30,24,tou,historically_calibrated,0.740365,0.125862,5.3672,5.3696,0.0,0.0024
4345,7,1,1,tou,historically_calibrated,0.740365,0.125862,5.0932,5.0932,0.0,0.0
4346,7,1,2,tou,historically_calibrated,0.740365,0.125862,5.0969,5.0969,0.0,0.0
4347,7,1,3,tou,historically_calibrated,0.740365,0.125862,5.1103,5.1103,0.0,0.0
4348,7,1,4,tou,historically_calibrated,0.740365,0.125862,5.1485,5.1485,0.0,0.0
4349,7,1,5,tou,historically_calibrated,0.740365,0.125862,5.2336,5.2349,0.0013,0.0
4350,7,1,6,tou,historically_calibrated,0.740365,0.125862,5.3734,5.3863,0.013,0.0
4351,7,1,7,tou,historically_calibrated,0.740365,0.125862,6.6539,6.7031,0.0492,0.0
4352,7,1,8,tou,historically_calibrated,0.740365,0.125862,6.7816,6.8827,0.1011,0.0
4353,7,1,9,tou,historically_calibrated,0.740365,0.125862,6.802,6.9575,0.1555,0.0
4354,7,1,10,tou,historically_calibrated,0.740365,0.125862,6.6838,6.8899,0.2061,0.0
4355,7,1,11,tou,historically_calibrated,0.740365,0.125862,6.4798,6.726,0.2462,0.0
4356,7,1,12,tou,historically_calibrated,0.740365,0.125862,6.292,6.5641,0.2722,0.0
4357,7,1,13,tou,historically_calibrated,0.740365,0.125862,6.2051,6.4902,0.2851,0.0
4358,7,1,14,tou,historically_calibrated,0.740365,0.125862,6.2638,6.5437,0.2799,0.0
4359,7,1,15,tou,historically_calibrated,0.740365,0.125862,6.46,6.7205,0.2605,0.0
4360,7,1,16,tou,historically_calibrated,0.740365,0.125862,6.7575,6.9843,0.2268,0.0
4361,7,1,17,tou,historically_calibrated,0.740365,0.125862,7.0881,7.2696,0.1814,0.0
4362,7,1,18,tou,historically_calibrated,0.740365,0.125862,7.3624,7.492,0.1296,0.0
4363,7,1,19,tou,historically_calibrated,0.740365,0.125862,7.5011,7.5762,0.0752,0.0
4364,7,1,20,tou,historically_calibrated,0.740365,0.125862,7.4633,7.4918,0.0285,0.0
4365,7,1,21,tou,historically_calibrated,0.740365,0.125862,7.2647,7.2686,0.0039,0.0
4366,7,1,22,tou,historically_calibrated,0.740365,0.125862,6.9796,6.9796,0.0,0.0
4367,7,1,23,tou,historically_calibrated,0.740365,0.125862,6.7024,6.7024,0.0,0.0
4368,7,1,24,tou,historically_calibrated,0.740365,0.125862,5.3696,5.3696,0.0,0.0
4369,7,2,1,tou,historically_calibrated,0.740365,0.125862,5.5361,5.5361,0.0,0.0
4370,7,2,2,tou,historically_calibrated,0.740365,0.125862,5.7026,5.7026,0.0,0.0
4371,7,2,3,tou,historically_calibrated,0.740365,0.125862,5.8398,5.8398,0.0,0.0
4372,7,2,4,tou,historically_calibrated,0.740365,0.125862,5.9245,5.9245,0.0,0.0
4373,7,2,5,tou,historically_calibrated,0.740365,0.125862,6.1896,6.1908,0.0013,0.0
4374,7,2,6,tou,historically_calibrated,0.740365,0.125862,5.9211,5.9406,0.0194,0.0
4375,7,2,7,tou,historically_calibrated,0.740365,0.125862,7.2056,7.286,0.0804,0.0
4376,7,2,8,tou,historically_calibrated,1.332657,0.226552,7.3179,7.4812,0.1633,0.0
4377,7,2,9,tou,historically_calibrated,1.332657,0.226552,7.2243,7.5625,0.3383,0.0
4378,7,2,10,tou,historically_calibrated,1.332657,0.226552,7.1559,7.489,0.3331,0.0
4379,7,2,11,tou,historically_calibrated,1.332657,0.226552,6.913,7.3109,0.3979,0.0
4380,7,2,12,tou,historically_calibrated,1.332657,0.226552,6.5413,7.1349,0.5936,0.0
4381,7,2,13,tou,historically_calibrated,1.332657,0.226552,6.4351,7.0546,0.6195,0.0
4382,7,2,14,tou,historically_calibrated,1.332657,0.226552,7.0998,7.7102,0.6104,0.0
4383,7,2,15,tou,historically_calibrated,1.332657,0.226552,7.5598,8.2594,0.6972,0.0024
4384,7,2,16,tou,historically_calibrated,1.332657,0.226552,8.305,9.0087,0.7037,0.0
4385,7,2,17,tou,historically_calibrated,1.332657,0.226552,8.2344,8.5286,0.2942,0.0
4386,7,2,18,tou,historically_calibrated,1.332657,0.226552,7.8622,8.1434,0.2812,0.0
4387,7,2,19,tou,historically_calibrated,1.332657,0.226552,7.9882,8.235,0.232,0.0148
4388,7,2,20,tou,historically_calibrated,1.332657,0.226552,8.0797,8.1433,0.0635,0.0
4389,7,2,21,tou,historically_calibrated,1.332657,0.226552,7.889,7.9006,0.0117,0.0
4390,7,2,22,tou,historically_calibrated,1.332657,0.226552,7.5865,7.5865,0.0,0.0
4391,7,2,23,tou,historically_calibrated,0.740365,0.125862,7.2853,7.2853,0.0,0.0
4392,7,2,24,tou,historically_calibrated,0.740365,0.125862,5.8365,5.8365,0.0,0.0
4393,7,3,1,tou,historically_calibrated,0.740365,0.125862,5.5361,5.5361,0.0,0.0
4394,7,3,2,tou,historically_calibrated,0.740365,0.125862,5.5401,5.5401,0.0,0.0
4395,7,3,3,tou,historically_calibrated,0.740365,0.125862,5.6769,5.6769,0.0,0.0
4396,7,3,4,tou,historically_calibrated,0.740365,0.125862,6.0066,6.0066,0.0,0.0
4397,7,3,5,tou,historically_calibrated,0.740365,0.125862,5.9809,5.9822,0.0013,0.0
4398,7,3,6,tou,historically_calibrated,0.740365,0.125862,5.9172,5.9406,0.0233,0.0
4399,7,3,7,tou,historically_calibrated,0.740365,0.125862,7.2069,7.286,0.0791,0.0
4400,7,3,8,tou,historically_calibrated,1.332657,0.226552,7.2129,7.4812,0.2683,0.0
4401,7,3,9,tou,historically_calibrated,1.332657,0.226552,7.1478,7.5625,0.4147,0.0
4402,7,3,10,tou,historically_calibrated,1.332657,0.226552,6.8526,7.489,0.6363,0.0
4403,7,3,11,tou,historically_calibrated,1.332657,0.226552,6.5514,7.3109,0.7595,0.0
4404,7,3,12,tou,historically_calibrated,1.332657,0.226552,6.3232,7.1682,0.845,0.0
4405,7,3,13,tou,historically_calibrated,1.332657,0.226552,6.3682,7.4826,1.112,0.0024
4406,7,3,14,tou,historically_calibrated,1.332657,0.226552,6.8105,7.9093,1.0964,0.0024
4407,7,3,15,tou,historically_calibrated,1.332657,0.226552,7.0883,8.1231,1.02,0.0148
4408,7,3,16,tou,historically_calibrated,1.332657,0.226552,7.576,8.4773,0.8865,0.0148
4409,7,3,17,tou,historically_calibrated,1.332657,0.226552,8.358,9.0817,0.7089,0.0148
4410,7,3,18,tou,historically_calibrated,1.332657,0.226552,8.7525,9.2455,0.4782,0.0148
4411,7,3,19,tou,historically_calibrated,1.332657,0.226552,8.7883,9.0805,0.2773,0.0148
4412,7,3,20,tou,historically_calibrated,1.332657,0.226552,8.3397,8.4473,0.1076,0.0
4413,7,3,21,tou,historically_calibrated,1.332657,0.226552,7.8838,7.9006,0.0168,0.0
4414,7,3,22,tou,historically_calibrated,1.332657,0.226552,7.5865,7.5865,0.0,0.0
4415,7,3,23,tou,historically_calibrated,0.740365,0.125862,7.2853,7.2853,0.0,0.0
4416,7,3,24,tou,historically_calibrated,0.740365,0.125862,5.8365,5.8365,0.0,0.0
4417,7,4,1,tou,historically_calibrated,0.740365,0.125862,5.5361,5.5361,0.0,0.0
4418,7,4,2,tou,historically_calibrated,0.740365,0.125862,5.5401,5.5401,0.0,0.0
4419,7,4,3,tou,historically_calibrated,0.740365,0.125862,5.5546,5.5546,0.0,0.0
4420,7,4,4,tou,historically_calibrated,0.740365,0.125862,5.5962,5.5962,0.0,0.0
4421,7,4,5,tou,historically_calibrated,0.740365,0.125862,5.6875,5.6901,0.0026,0.0
4422,7,4,6,tou,historically_calibrated,0.740365,0.125862,5.808,5.8547,0.0467,0.0
4423,7,4,7,tou,historically_calibrated,0.740365,0.125862,7.0955,7.286,0.1905,0.0
4424,7,4,8,tou,historically_calibrated,1.332657,0.226552,7.0833,7.4812,0.3979,0.0
4425,7,4,9,tou,historically_calibrated,1.332657,0.226552,6.9438,7.5625,0.6039,0.0148
4426,7,4,10,tou,historically_calibrated,1.332657,0.226552,7.1453,8.0482,0.7996,0.1032
4427,7,4,11,tou,historically_calibrated,1.332657,0.226552,7.1751,8.1979,0.9772,0.0457
4428,7,4,12,tou,historically_calibrated,1.332657,0.226552,7.1983,8.3669,1.0653,0.1032
4429,7,4,13,tou,historically_calibrated,1.332657,0.226552,7.3113,8.4702,1.1133,0.0457
4430,7,4,14,tou,historically_calibrated,1.332657,0.226552,7.3225,8.6396,1.0977,0.2194
4431,7,4,15,tou,historically_calibrated,1.332657,0.226552,7.8521,8.9753,1.02,0.1032
4432,7,4,16,tou,historically_calibrated,1.332657,0.226552,8.2545,9.363,0.8891,0.2194
4433,7,4,17,tou,historically_calibrated,1.332657,0.226552,8.8583,9.6717,0.7102,0.1032
4434,7,4,18,tou,historically_calibrated,1.332657,0.226552,9.3051,9.8536,0.5028,0.0457
4435,7,4,19,tou,historically_calibrated,1.332657,0.226552,9.146,9.6569,0.2916,0.2194
4436,7,4,20,tou,historically_calibrated,1.332657,0.226552,8.7253,8.9413,0.1128,0.1032
4437,7,4,21,tou,historically_calibrated,1.332657,0.226552,7.8814,7.9006,0.0168,0.0024
4438,7,4,22,tou,historically_calibrated,1.332657,0.226552,7.5841,7.5865,0.0,0.0024
4439,7,4,23,tou,historically_calibrated,0.740365,0.125862,7.2853,7.2853,0.0,0.0
4440,7,4,24,tou,historically_calibrated,0.740365,0.125862,5.8365,5.8365,0.0,0.0
4441,7,5,1,tou,historically_calibrated,0.740365,0.125862,5.5361,5.5361,0.0,0.0
4442,7,5,2,tou,historically_calibrated,0.740365,0.125862,5.5401,5.5401,0.0,0.0
4443,7,5,3,tou,historically_calibrated,0.740365,0.125862,5.5546,5.5546,0.0,0.0
4444,7,5,4,tou,historically_calibrated,0.740365,0.125862,5.5962,5.5962,0.0,0.0
4445,7,5,5,tou,historically_calibrated,0.740365,0.125862,5.6875,5.6901,0.0026,0.0
4446,7,5,6,tou,historically_calibrated,0.740365,0.125862,5.8093,5.8547,0.0454,0.0
4447,7,5,7,tou,historically_calibrated,0.740365,0.125862,7.0942,7.286,0.1918,0.0
4448,7,5,8,tou,historically_calibrated,1.332657,0.226552,7.09,7.4812,0.3888,0.0024
4449,7,5,9,tou,historically_calibrated,1.332657,0.226552,6.9373,7.5625,0.6104,0.0148
4450,7,5,10,tou,historically_calibrated,1.332657,0.226552,7.0851,7.9433,0.8126,0.0457
4451,7,5,11,tou,historically_calibrated,1.332657,0.226552,7.1233,8.0956,0.9266,0.0457
4452,7,5,12,tou,historically_calibrated,1.332657,0.226552,7.3154,8.267,0.9059,0.0457
4453,7,5,13,tou,historically_calibrated,1.332657,0.226552,7.7006,8.5031,0.7569,0.0457
4454,7,5,14,tou,historically_calibrated,1.332657,0.226552,7.6397,8.8719,0.867,0.3652
4455,7,5,15,tou,historically_calibrated,1.332657,0.226552,8.1173,9.4866,0.8048,0.5645
4456,7,5,16,tou,historically_calibrated,1.332657,0.226552,8.8635,9.9298,0.7011,0.3652
4457,7,5,17,tou,historically_calibrated,1.332657,0.226552,9.6655,10.4461,0.5612,0.2194
4458,7,5,18,tou,historically_calibrated,1.332657,0.226552,10.0715,10.6516,0.4769,0.1032
4459,7,5,19,tou,historically_calibrated,1.332657,0.226552,10.1464,10.6561,0.2903,0.2194
4460,7,5,20,tou,historically_calibrated,1.332657,0.226552,9.8633,10.0053,0.1115,0.0306
4461,7,5,21,tou,historically_calibrated,1.332657,0.226552,9.2124,9.2279,0.0156,0.0
4462,7,5,22,tou,historically_calibrated,1.332657,0.226552,8.54,8.5424,0.0,0.0024
4463,7,5,23,tou,historically_calibrated,0.740365,0.125862,7.7612,7.7612,0.0,0.0
4464,7,5,24,tou,historically_calibrated,0.740365,0.125862,5.891,5.891,0.0,0.0
4465,7,6,1,tou,historically_calibrated,0.740365,0.125862,5.5361,5.5361,0.0,0.0
4466,7,6,2,tou,historically_calibrated,0.740365,0.125862,5.5377,5.5401,0.0,0.0024
4467,7,6,3,tou,historically_calibrated,0.740365,0.125862,5.5546,5.5546,0.0,0.0
4468,7,6,4,tou,historically_calibrated,0.740365,0.125862,5.5962,5.5962,0.0,0.0
4469,7,6,5,tou,historically_calibrated,0.740365,0.125862,5.6888,5.6901,0.0013,0.0
4470,7,6,6,tou,historically_calibrated,0.740365,0.125862,5.8158,5.8547,0.0389,0.0
4471,7,6,7,tou,historically_calibrated,0.740365,0.125862,7.1227,7.286,0.1633,0.0
4472,7,6,8,tou,historically_calibrated,1.332657,0.226552,7.3057,7.6906,0.3849,0.0
4473,7,6,9,tou,historically_calibrated,1.332657,0.226552,7.4171,7.986,0.5689,0.0
4474,7,6,10,tou,historically_calibrated,1.332657,0.226552,7.4158,8.1181,0.6998,0.0024
4475,7,6,11,tou,historically_calibrated,1.332657,0.226552,7.3761,8.2321,0.8411,0.0148
4476,7,6,12,tou,historically_calibrated,1.332657,0.226552,7.4931,8.2337,0.7258,0.0148
4477,7,6,13,tou,historically_calibrated,1.332657,0.226552,7.1811,8.2398,1.0562,0.0024
4478,7,6,14,tou,historically_calibrated,1.332657,0.226552,7.4417,8.4072,0.9655,0.0
4479,7,6,15,tou,historically_calibrated,1.332657,0.226552,7.794,8.3617,0.5676,0.0
4480,7,6,16,tou,historically_calibrated,1.332657,0.226552,7.9781,8.867,0.8865,0.0024
4481,7,6,17,tou,historically_calibrated,1.332657,0.226552,8.138,8.8605,0.7076,0.0148
4482,7,6,18,tou,historically_calibrated,1.332657,0.226552,8.3694,8.8275,0.4432,0.0148
4483,7,6,19,tou,historically_calibrated,1.332657,0.226552,8.3427,8.4656,0.1205,0.0024
4484,7,6,20,tou,historically_calibrated,1.332657,0.226552,8.0955,8.1433,0.0454,0.0024
4485,7,6,21,tou,historically_calibrated,1.332657,0.226552,7.8903,7.9006,0.0104,0.0
4486,7,6,22,tou,historically_calibrated,1.332657,0.226552,7.5865,7.5865,0.0,0.0
4487,7,6,23,tou,historically_calibrated,0.740365,0.125862,7.2853,7.2853,0.0,0.0
4488,7,6,24,tou,historically_calibrated,0.740365,0.125862,5.8365,5.8365,0.0,0.0
4489,7,7,1,tou,historically_calibrated,0.740365,0.125862,5.0784,5.0932,0.0,0.0148
4490,7,7,2,tou,historically_calibrated,0.740365,0.125862,5.0969,5.0969,0.0,0.0
4491,7,7,3,tou,historically_calibrated,0.740365,0.125862,5.0954,5.1103,0.0,0.0148
4492,7,7,4,tou,historically_calibrated,0.740365,0.125862,5.1485,5.1485,0.0,0.0
4493,7,7,5,tou,historically_calibrated,0.740365,0.125862,5.2336,5.2349,0.0013,0.0
4494,7,7,6,tou,historically_calibrated,0.740365,0.125862,5.363,5.3863,0.0233,0.0
4495,7,7,7,tou,historically_calibrated,0.740365,0.125862,6.6266,6.7031,0.0765,0.0
4496,7,7,8,tou,historically_calibrated,0.740365,0.125862,6.6675,6.8827,0.2151,0.0
4497,7,7,9,tou,historically_calibrated,0.740365,0.125862,6.3873,6.9575,0.5702,0.0
4498,7,7,10,tou,historically_calibrated,0.740365,0.125862,6.0941,6.8899,0.7957,0.0
4499,7,7,11,tou,historically_calibrated,0.740365,0.125862,6.0732,6.9144,0.8411,0.0
4500,7,7,12,tou,historically_calibrated,0.740365,0.125862,6.2144,7.0542,0.8398,0.0
4501,7,7,13,tou,historically_calibrated,0.740365,0.125862,6.6911,7.308,0.6169,0.0
4502,7,7,14,tou,historically_calibrated,0.740365,0.125862,7.374,7.8263,0.4523,0.0
4503,7,7,15,tou,historically_calibrated,0.740365,0.125862,7.8047,8.2259,0.4212,0.0
4504,7,7,16,tou,historically_calibrated,0.740365,0.125862,8.0945,8.8747,0.7802,0.0
4505,7,7,17,tou,historically_calibrated,0.740365,0.125862,8.546,9.1694,0.6234,0.0
4506,7,7,18,tou,historically_calibrated,0.740365,0.125862,8.9679,9.31,0.3421,0.0
4507,7,7,19,tou,historically_calibrated,0.740365,0.125862,8.2994,8.4601,0.1607,0.0
4508,7,7,20,tou,historically_calibrated,0.740365,0.125862,7.3432,7.4918,0.0454,0.1032
4509,7,7,21,tou,historically_calibrated,0.740365,0.125862,7.2621,7.2686,0.0065,0.0
4510,7,7,22,tou,historically_calibrated,0.740365,0.125862,6.9796,6.9796,0.0,0.0
4511,7,7,23,tou,historically_calibrated,0.740365,0.125862,6.7,6.7024,0.0,0.0024
4512,7,7,24,tou,historically_calibrated,0.740365,0.125862,5.3696,5.3696,0.0,0.0
4513,7,8,1,tou,historically_calibrated,0.740365,0.125862,4.5287,5.0932,0.0,0.5645
4514,7,8,2,tou,historically_calibrated,0.740365,0.125862,5.0969,5.0969,0.0,0.0
4515,7,8,3,tou,historically_calibrated,0.740365,0.125862,5.1103,5.1103,0.0,0.0
4516,7,8,4,tou,historically_calibrated,0.740365,0.125862,5.1485,5.1485,0.0,0.0
4517,7,8,5,tou,historically_calibrated,0.740365,0.125862,5.2336,5.2349,0.0013,0.0
4518,7,8,6,tou,historically_calibrated,0.740365,0.125862,5.3515,5.3863,0.0324,0.0024
4519,7,8,7,tou,historically_calibrated,0.740365,0.125862,6.5217,6.7031,0.1814,0.0
4520,7,8,8,tou,historically_calibrated,0.740365,0.125862,6.5161,6.8827,0.3642,0.0024
4521,7,8,9,tou,historically_calibrated,0.740365,0.125862,6.4764,6.9575,0.473,0.0081
4522,7,8,10,tou,historically_calibrated,0.740365,0.125862,6.4331,6.8899,0.4419,0.0148
4523,7,8,11,tou,historically_calibrated,0.740365,0.125862,6.1923,6.726,0.5314,0.0024
4524,7,8,12,tou,historically_calibrated,0.740365,0.125862,6.0216,6.5641,0.4393,0.1032
4525,7,8,13,tou,historically_calibrated,0.740365,0.125862,5.8714,6.5508,0.4601,0.2194
4526,7,8,14,tou,historically_calibrated,0.740365,0.125862,6.2617,6.8185,0.4536,0.1032
4527,7,8,15,tou,historically_calibrated,0.740365,0.125862,6.2151,7.0028,0.4225,0.3652
4528,7,8,16,tou,historically_calibrated,0.740365,0.125862,6.3968,6.9843,0.3681,0.2194
4529,7,8,17,tou,historically_calibrated,0.740365,0.125862,7.0438,7.2696,0.1801,0.0457
4530,7,8,18,tou,historically_calibrated,0.740365,0.125862,7.2698,7.492,0.2074,0.0148
4531,7,8,19,tou,historically_calibrated,0.740365,0.125862,7.4546,7.5762,0.1192,0.0024
4532,7,8,20,tou,historically_calibrated,0.740365,0.125862,7.4464,7.4918,0.0454,0.0
4533,7,8,21,tou,historically_calibrated,0.740365,0.125862,7.2597,7.2686,0.0065,0.0024
4534,7,8,22,tou,historically_calibrated,0.740365,0.125862,6.9647,6.9796,0.0,0.0148
4535,7,8,23,tou,historically_calibrated,0.740365,0.125862,6.7,6.7024,0.0,0.0024
4536,7,8,24,tou,historically_calibrated,0.740365,0.125862,5.3547,5.3696,0.0,0.0148
4537,7,9,1,tou,historically_calibrated,0.740365,0.125862,5.4329,5.5361,0.0,0.1032
4538,7,9,2,tou,historically_calibrated,0.740365,0.125862,5.4369,5.5401,0.0,0.1032
4539,7,9,3,tou,historically_calibrated,0.740365,0.125862,4.7289,5.5546,0.0,0.8257
4540,7,9,4,tou,historically_calibrated,0.740365,0.125862,5.1582,5.5962,0.0,0.4381
4541,7,9,5,tou,historically_calibrated,0.740365,0.125862,5.5529,5.7736,0.0013,0.2194
4542,7,9,6,tou,historically_calibrated,0.740365,0.125862,5.9406,6.0264,0.0402,0.0457
4543,7,9,7,tou,historically_calibrated,0.740365,0.125862,7.0244,7.286,0.1724,0.0892
4544,7,9,8,tou,historically_calibrated,1.332657,0.226552,7.0073,7.4812,0.3383,0.1356
4545,7,9,9,tou,historically_calibrated,1.332657,0.226552,6.8688,7.5625,0.4743,0.2194
4546,7,9,10,tou,historically_calibrated,1.332657,0.226552,6.724,7.489,0.5456,0.2194
4547,7,9,11,tou,historically_calibrated,1.332657,0.226552,6.5519,7.3109,0.6558,0.1032
4548,7,9,12,tou,historically_calibrated,1.332657,0.226552,6.1859,7.1349,0.7296,0.2194
4549,7,9,13,tou,historically_calibrated,1.332657,0.226552,6.3293,7.0546,0.6221,0.1032
4550,7,9,14,tou,historically_calibrated,1.332657,0.226552,6.5533,7.1127,0.4562,0.1032
4551,7,9,15,tou,historically_calibrated,1.332657,0.226552,6.6569,7.3049,0.5715,0.0764
4552,7,9,16,tou,historically_calibrated,1.332657,0.226552,6.9355,7.5916,0.6104,0.0457
4553,7,9,17,tou,historically_calibrated,1.332657,0.226552,7.4144,7.9017,0.4873,0.0
4554,7,9,18,tou,historically_calibrated,1.332657,0.226552,7.7419,8.1434,0.3992,0.0024
4555,7,9,19,tou,historically_calibrated,1.332657,0.226552,8.073,8.235,0.162,0.0
4556,7,9,20,tou,historically_calibrated,1.332657,0.226552,8.0823,8.1433,0.0609,0.0
4557,7,9,21,tou,historically_calibrated,1.332657,0.226552,7.8928,7.9006,0.0078,0.0
4558,7,9,22,tou,historically_calibrated,1.332657,0.226552,7.5865,7.5865,0.0,0.0
4559,7,9,23,tou,historically_calibrated,0.740365,0.125862,7.2853,7.2853,0.0,0.0
4560,7,9,24,tou,historically_calibrated,0.740365,0.125862,6.0077,6.0077,0.0,0.0
4561,7,10,1,tou,historically_calibrated,0.740365,0.125862,6.1451,6.1451,0.0,0.0
4562,7,10,2,tou,historically_calibrated,0.740365,0.125862,6.0683,6.0683,0.0,0.0
4563,7,10,3,tou,historically_calibrated,0.740365,0.125862,6.2471,6.2471,0.0,0.0
4564,7,10,4,tou,historically_calibrated,0.740365,0.125862,6.7043,6.7043,0.0,0.0
4565,7,10,5,tou,historically_calibrated,0.740365,0.125862,6.8155,6.8168,0.0013,0.0
4566,7,10,6,tou,historically_calibrated,0.740365,0.125862,7.0739,7.0998,0.0259,0.0
4567,7,10,7,tou,historically_calibrated,0.740365,0.125862,7.8053,7.9271,0.1218,0.0
4568,7,10,8,tou,historically_calibrated,1.332657,0.226552,7.222,7.4812,0.2592,0.0
4569,7,10,9,tou,historically_calibrated,1.332657,0.226552,7.1569,7.5625,0.4056,0.0
4570,7,10,10,tou,historically_calibrated,1.332657,0.226552,6.9472,7.489,0.5417,0.0
4571,7,10,11,tou,historically_calibrated,1.332657,0.226552,6.659,7.3109,0.6519,0.0
4572,7,10,12,tou,historically_calibrated,1.332657,0.226552,6.4091,7.1349,0.7258,0.0
4573,7,10,13,tou,historically_calibrated,1.332657,0.226552,6.361,7.1204,0.7595,0.0
4574,7,10,14,tou,historically_calibrated,1.332657,0.226552,6.9657,7.5774,0.6117,0.0
4575,7,10,15,tou,historically_calibrated,1.332657,0.226552,7.4178,7.9867,0.5689,0.0
4576,7,10,16,tou,historically_calibrated,1.332657,0.226552,7.9733,8.5836,0.6078,0.0024
4577,7,10,17,tou,historically_calibrated,1.332657,0.226552,8.5233,9.008,0.4847,0.0
4578,7,10,18,tou,historically_calibrated,1.332657,0.226552,8.8274,9.1695,0.3421,0.0
4579,7,10,19,tou,historically_calibrated,1.332657,0.226552,9.0769,9.2726,0.1957,0.0
4580,7,10,20,tou,historically_calibrated,1.332657,0.226552,8.3877,8.4473,0.0596,0.0
4581,7,10,21,tou,historically_calibrated,1.332657,0.226552,7.8903,7.9006,0.0104,0.0
4582,7,10,22,tou,historically_calibrated,1.332657,0.226552,7.5865,7.5865,0.0,0.0
4583,7,10,23,tou,historically_calibrated,0.740365,0.125862,7.2853,7.2853,0.0,0.0
4584,7,10,24,tou,historically_calibrated,0.740365,0.125862,5.8365,5.8365,0.0,0.0
4585,7,11,1,tou,historically_calibrated,0.740365,0.125862,5.5213,5.5361,0.0,0.0148
4586,7,11,2,tou,historically_calibrated,0.740365,0.125862,5.5253,5.5401,0.0,0.0148
4587,7,11,3,tou,historically_calibrated,0.740365,0.125862,5.5546,5.5546,0.0,0.0
4588,7,11,4,tou,historically_calibrated,0.740365,0.125862,5.5962,5.5962,0.0,0.0
4589,7,11,5,tou,historically_calibrated,0.740365,0.125862,5.5856,5.6901,0.0013,0.1032
4590,7,11,6,tou,historically_calibrated,0.740365,0.125862,5.7139,5.8547,0.0376,0.1032
4591,7,11,7,tou,historically_calibrated,0.740365,0.125862,7.0654,7.286,0.175,0.0457
4592,7,11,8,tou,historically_calibrated,1.332657,0.226552,7.6545,8.0747,0.3745,0.0457
4593,7,11,9,tou,historically_calibrated,1.332657,0.226552,8.2003,8.833,0.5871,0.0457
4594,7,11,10,tou,historically_calibrated,1.332657,0.226552,8.5827,9.4111,0.7828,0.0457
4595,7,11,11,tou,historically_calibrated,1.332657,0.226552,8.643,9.6309,0.9422,0.0457
4596,7,11,12,tou,historically_calibrated,1.332657,0.226552,8.602,9.6987,1.0511,0.0457
4597,7,11,13,tou,historically_calibrated,1.332657,0.226552,8.7386,9.8859,1.1016,0.0457
4598,7,11,14,tou,historically_calibrated,1.332657,0.226552,9.0065,10.1996,1.0899,0.1032
4599,7,11,15,tou,historically_calibrated,1.332657,0.226552,9.5197,10.5775,1.0122,0.0457
4600,7,11,16,tou,historically_calibrated,1.332657,0.226552,10.1406,10.9926,0.8372,0.0148
4601,7,11,17,tou,historically_calibrated,1.332657,0.226552,10.6536,11.3679,0.6687,0.0457
4602,7,11,18,tou,historically_calibrated,1.332657,0.226552,11.0662,11.5637,0.4951,0.0024
4603,7,11,19,tou,historically_calibrated,1.332657,0.226552,11.0269,11.3094,0.2825,0.0
4604,7,11,20,tou,historically_calibrated,1.332657,0.226552,10.3184,10.4234,0.105,0.0
4605,7,11,21,tou,historically_calibrated,1.332657,0.226552,9.3256,9.3385,0.013,0.0
4606,7,11,22,tou,historically_calibrated,1.332657,0.226552,8.6783,8.7548,0.0,0.0764
4607,7,11,23,tou,historically_calibrated,0.740365,0.125862,7.6387,8.2032,0.0,0.5645
4608,7,11,24,tou,historically_calibrated,0.740365,0.125862,5.8365,5.8365,0.0,0.0
4609,7,12,1,tou,historically_calibrated,0.740365,0.125862,5.5337,5.5361,0.0,0.0024
4610,7,12,2,tou,historically_calibrated,0.740365,0.125862,5.5401,5.5401,0.0,0.0
4611,7,12,3,tou,historically_calibrated,0.740365,0.125862,5.3353,5.5546,0.0,0.2194
4612,7,12,4,tou,historically_calibrated,0.740365,0.125862,5.3768,5.5962,0.0,0.2194
4613,7,12,5,tou,historically_calibrated,0.740365,0.125862,5.6753,5.6901,0.0,0.0148
4614,7,12,6,tou,historically_calibrated,0.740365,0.125862,5.8075,5.8547,0.0324,0.0148
4615,7,12,7,tou,historically_calibrated,0.740365,0.125862,7.0169,7.286,0.1659,0.1032
4616,7,12,8,tou,historically_calibrated,1.332657,0.226552,6.7595,7.4812,0.3564,0.3652
4617,7,12,9,tou,historically_calibrated,1.332657,0.226552,6.9383,7.5625,0.521,0.1032
4618,7,12,10,tou,historically_calibrated,1.332657,0.226552,6.7225,7.489,0.7517,0.0148
4619,7,12,11,tou,historically_calibrated,1.332657,0.226552,6.4687,7.3109,0.8398,0.0024
4620,7,12,12,tou,historically_calibrated,1.332657,0.226552,6.1536,7.1349,0.9357,0.0457
4621,7,12,13,tou,historically_calibrated,1.332657,0.226552,6.0292,7.0546,0.9798,0.0457
4622,7,12,14,tou,historically_calibrated,1.332657,0.226552,6.1987,7.1127,0.8683,0.0457
4623,7,12,15,tou,historically_calibrated,1.332657,0.226552,6.3943,7.3049,0.8074,0.1032
4624,7,12,16,tou,historically_calibrated,1.332657,0.226552,6.9173,7.627,0.6065,0.1032
4625,7,12,17,tou,historically_calibrated,1.332657,0.226552,7.1989,7.9017,0.4834,0.2194
4626,7,12,18,tou,historically_calibrated,1.332657,0.226552,7.8191,8.1434,0.2786,0.0457
4627,7,12,19,tou,historically_calibrated,1.332657,0.226552,8.1023,8.235,0.1179,0.0148
4628,7,12,20,tou,historically_calibrated,1.332657,0.226552,8.0466,8.1433,0.0661,0.0306
4629,7,12,21,tou,historically_calibrated,1.332657,0.226552,7.8446,7.9006,0.0104,0.0457
4630,7,12,22,tou,historically_calibrated,1.332657,0.226552,7.5841,7.5865,0.0,0.0024
4631,7,12,23,tou,historically_calibrated,0.740365,0.125862,7.2853,7.2853,0.0,0.0
4632,7,12,24,tou,historically_calibrated,0.740365,0.125862,5.8341,5.8365,0.0,0.0024
4633,7,13,1,tou,historically_calibrated,0.740365,0.125862,5.6173,5.6173,0.0,0.0
4634,7,13,2,tou,historically_calibrated,0.740365,0.125862,5.8652,5.8652,0.0,0.0
4635,7,13,3,tou,historically_calibrated,0.740365,0.125862,6.0027,6.0027,0.0,0.0
4636,7,13,4,tou,historically_calibrated,0.740365,0.125862,6.1273,6.1297,0.0,0.0024
4637,7,13,5,tou,historically_calibrated,0.740365,0.125862,6.273,6.2743,0.0013,0.0
4638,7,13,6,tou,historically_calibrated,0.740365,0.125862,6.128,6.1552,0.0272,0.0
4639,7,13,7,tou,historically_calibrated,0.740365,0.125862,7.0467,7.286,0.1361,0.1032
4640,7,13,8,tou,historically_calibrated,1.332657,0.226552,7.1076,7.4812,0.1542,0.2194
4641,7,13,9,tou,historically_calibrated,1.332657,0.226552,7.3053,7.5625,0.2424,0.0148
4642,7,13,10,tou,historically_calibrated,1.332657,0.226552,7.2437,7.489,0.1996,0.0457
4643,7,13,11,tou,historically_calibrated,1.332657,0.226552,6.9666,7.3109,0.2411,0.1032
4644,7,13,12,tou,historically_calibrated,1.332657,0.226552,6.8642,7.1349,0.2683,0.0024
4645,7,13,13,tou,historically_calibrated,1.332657,0.226552,6.7277,7.0546,0.2812,0.0457
4646,7,13,14,tou,historically_calibrated,1.332657,0.226552,6.8354,7.1127,0.2773,0.0
4647,7,13,15,tou,historically_calibrated,1.332657,0.226552,7.0467,7.3049,0.2579,0.0003
4648,7,13,16,tou,historically_calibrated,1.332657,0.226552,7.365,7.5916,0.2242,0.0024
4649,7,13,17,tou,historically_calibrated,1.332657,0.226552,7.7205,7.9017,0.1788,0.0024
4650,7,13,18,tou,historically_calibrated,1.332657,0.226552,7.893,8.1434,0.2048,0.0457
4651,7,13,19,tou,historically_calibrated,1.332657,0.226552,8.1168,8.235,0.0726,0.0457
4652,7,13,20,tou,historically_calibrated,1.332657,0.226552,8.1173,8.1433,0.0259,0.0
4653,7,13,21,tou,historically_calibrated,1.332657,0.226552,7.8511,7.9006,0.0039,0.0457
4654,7,13,22,tou,historically_calibrated,1.332657,0.226552,7.5841,7.5865,0.0,0.0024
4655,7,13,23,tou,historically_calibrated,0.740365,0.125862,7.3387,7.3387,0.0,0.0
4656,7,13,24,tou,historically_calibrated,0.740365,0.125862,5.8341,5.8365,0.0,0.0024
4657,7,14,1,tou,historically_calibrated,0.740365,0.125862,5.1679,5.1679,0.0,0.0
4658,7,14,2,tou,historically_calibrated,0.740365,0.125862,5.2464,5.2464,0.0,0.0
4659,7,14,3,tou,historically_calibrated,0.740365,0.125862,5.1478,5.1478,0.0,0.0
4660,7,14,4,tou,historically_calibrated,0.740365,0.125862,5.1461,5.1485,0.0,0.0024
4661,7,14,5,tou,historically_calibrated,0.740365,0.125862,5.2325,5.2349,0.0,0.0024
4662,7,14,6,tou,historically_calibrated,0.740365,0.125862,5.3316,5.3863,0.0091,0.0457
4663,7,14,7,tou,historically_calibrated,0.740365,0.125862,6.5571,6.7031,0.0428,0.1032
4664,7,14,8,tou,historically_calibrated,0.740365,0.125862,6.7437,6.8827,0.0933,0.0457
4665,7,14,9,tou,historically_calibrated,0.740365,0.125862,6.7628,6.9575,0.149,0.0457
4666,7,14,10,tou,historically_calibrated,0.740365,0.125862,6.551,6.8899,0.324,0.0148
4667,7,14,11,tou,historically_calibrated,0.740365,0.125862,6.2587,6.726,0.4368,0.0306
4668,7,14,12,tou,historically_calibrated,0.740365,0.125862,5.9613,6.5641,0.5378,0.065
4669,7,14,13,tou,historically_calibrated,0.740365,0.125862,5.7727,6.4902,0.6143,0.1032
4670,7,14,14,tou,historically_calibrated,0.740365,0.125862,5.5791,6.5437,0.7452,0.2194
4671,7,14,15,tou,historically_calibrated,0.740365,0.125862,5.9239,6.7205,0.6934,0.1032
4672,7,14,16,tou,historically_calibrated,0.740365,0.125862,6.0664,6.9843,0.6985,0.2194
4673,7,14,17,tou,historically_calibrated,0.740365,0.125862,6.6667,7.2696,0.5573,0.0457
4674,7,14,18,tou,historically_calibrated,0.740365,0.125862,7.0549,7.492,0.3914,0.0457
4675,7,14,19,tou,historically_calibrated,0.740365,0.125862,7.3388,7.5762,0.1918,0.0457
4676,7,14,20,tou,historically_calibrated,0.740365,0.125862,7.407,7.4918,0.07,0.0148
4677,7,14,21,tou,historically_calibrated,0.740365,0.125862,7.2569,7.2686,0.0117,0.0
4678,7,14,22,tou,historically_calibrated,0.740365,0.125862,6.9795,6.9796,0.0,0.0
4679,7,14,23,tou,historically_calibrated,0.740365,0.125862,6.6876,6.7024,0.0,0.0148
4680,7,14,24,tou,historically_calibrated,0.740365,0.125862,5.3239,5.3696,0.0,0.0457
4681,7,15,1,tou,historically_calibrated,0.740365,0.125862,5.0273,5.1306,0.0,0.1032
4682,7,15,2,tou,historically_calibrated,0.740365,0.125862,5.3195,5.3959,0.0,0.0764
4683,7,15,3,tou,historically_calibrated,0.740365,0.125862,5.6268,5.6724,0.0,0.0457
4684,7,15,4,tou,historically_calibrated,0.740365,0.125862,5.9012,5.9036,0.0,0.0024
4685,7,15,5,tou,historically_calibrated,0.740365,0.125862,6.1179,6.1179,0.0,0.0
4686,7,15,6,tou,historically_calibrated,0.740365,0.125862,6.0384,6.0578,0.0194,0.0
4687,7,15,7,tou,historically_calibrated,0.740365,0.125862,7.1751,7.2438,0.0687,0.0
4688,7,15,8,tou,historically_calibrated,0.740365,0.125862,7.0316,7.2865,0.1516,0.1032
4689,7,15,9,tou,historically_calibrated,0.740365,0.125862,6.7153,7.0596,0.2411,0.1032
4690,7,15,10,tou,historically_calibrated,0.740365,0.125862,6.0013,6.8899,0.324,0.5645
4691,7,15,11,tou,historically_calibrated,0.740365,0.125862,6.1153,6.726,0.3914,0.2194
4692,7,15,12,tou,historically_calibrated,0.740365,0.125862,5.9229,6.5641,0.3966,0.2447
4693,7,15,13,tou,historically_calibrated,0.740365,0.125862,5.8465,6.4902,0.372,0.2718
4694,7,15,14,tou,historically_calibrated,0.740365,0.125862,5.889,6.5437,0.3227,0.332
4695,7,15,15,tou,historically_calibrated,0.740365,0.125862,6.0974,6.7205,0.2579,0.3652
4696,7,15,16,tou,historically_calibrated,0.740365,0.125862,4.5547,6.9843,0.3655,2.0641
4697,7,15,17,tou,historically_calibrated,0.740365,0.125862,6.7599,7.2696,0.2903,0.2194
4698,7,15,18,tou,historically_calibrated,0.740365,0.125862,6.8017,7.492,0.1257,0.5645
4699,7,15,19,tou,historically_calibrated,0.740365,0.125862,7.3175,7.5762,0.1555,0.1032
4700,7,15,20,tou,historically_calibrated,0.740365,0.125862,7.2037,7.4918,0.0687,0.2194
4701,7,15,21,tou,historically_calibrated,0.740365,0.125862,7.1537,7.2686,0.0117,0.1032
4702,7,15,22,tou,historically_calibrated,0.740365,0.125862,6.7602,6.9796,0.0,0.2194
4703,7,15,23,tou,historically_calibrated,0.740365,0.125862,6.6484,6.7516,0.0,0.1032
4704,7,15,24,tou,historically_calibrated,0.740365,0.125862,5.5602,5.6058,0.0,0.0457
4705,7,16,1,tou,historically_calibrated,0.740365,0.125862,5.9397,5.9421,0.0,0.0024
4706,7,16,2,tou,historically_calibrated,0.740365,0.125862,6.0659,6.0683,0.0,0.0024
4707,7,16,3,tou,historically_calibrated,0.740365,0.125862,6.1249,6.1249,0.0,0.0
4708,7,16,4,tou,historically_calibrated,0.740365,0.125862,6.5401,6.5401,0.0,0.0
4709,7,16,5,tou,historically_calibrated,0.740365,0.125862,6.9395,6.9419,0.0,0.0024
4710,7,16,6,tou,historically_calibrated,0.740365,0.125862,6.9073,6.9281,0.0207,0.0
4711,7,16,7,tou,historically_calibrated,0.740365,0.125862,8.0813,8.1943,0.0674,0.0457
4712,7,16,8,tou,historically_calibrated,1.332657,0.226552,8.3767,8.4687,0.092,0.0
4713,7,16,9,tou,historically_calibrated,1.332657,0.226552,7.9545,8.1171,0.1477,0.0148
4714,7,16,10,tou,historically_calibrated,1.332657,0.226552,7.6727,7.8734,0.1983,0.0024
4715,7,16,11,tou,historically_calibrated,1.332657,0.226552,7.0711,7.3109,0.2398,0.0
4716,7,16,12,tou,historically_calibrated,1.332657,0.226552,6.6846,7.1349,0.4355,0.0148
4717,7,16,13,tou,historically_calibrated,1.332657,0.226552,6.5823,7.0546,0.4575,0.0148
4718,7,16,14,tou,historically_calibrated,1.332657,0.226552,6.5585,7.1127,0.451,0.1032
4719,7,16,15,tou,historically_calibrated,1.332657,0.226552,6.8394,7.3049,0.4199,0.0457
4720,7,16,16,tou,historically_calibrated,1.332657,0.226552,7.1229,7.5916,0.3655,0.1032
4721,7,16,17,tou,historically_calibrated,1.332657,0.226552,7.5658,7.9017,0.2903,0.0457
4722,7,16,18,tou,historically_calibrated,1.332657,0.226552,7.6506,8.1434,0.2735,0.2194
4723,7,16,19,tou,historically_calibrated,1.332657,0.226552,8.1048,8.235,0.1153,0.0148
4724,7,16,20,tou,historically_calibrated,1.332657,0.226552,8.0561,8.1433,0.0415,0.0457
4725,7,16,21,tou,historically_calibrated,1.332657,0.226552,7.8498,7.9006,0.0052,0.0457
4726,7,16,22,tou,historically_calibrated,1.332657,0.226552,7.5841,7.5865,0.0,0.0024
4727,7,16,23,tou,historically_calibrated,0.740365,0.125862,7.8195,7.8195,0.0,0.0
4728,7,16,24,tou,historically_calibrated,0.740365,0.125862,6.7781,6.7781,0.0,0.0
4729,7,17,1,tou,historically_calibrated,0.740365,0.125862,6.7946,6.7946,0.0,0.0
4730,7,17,2,tou,historically_calibrated,0.740365,0.125862,6.5964,6.5964,0.0,0.0
4731,7,17,3,tou,historically_calibrated,0.740365,0.125862,6.5323,6.5323,0.0,0.0
4732,7,17,4,tou,historically_calibrated,0.740365,0.125862,6.4991,6.4991,0.0,0.0
4733,7,17,5,tou,historically_calibrated,0.740365,0.125862,6.4829,6.4829,0.0,0.0
4734,7,17,6,tou,historically_calibrated,0.740365,0.125862,6.7032,6.7134,0.0078,0.0024
4735,7,17,7,tou,historically_calibrated,0.740365,0.125862,8.2983,8.3546,0.0415,0.0148
4736,7,17,8,tou,historically_calibrated,1.332657,0.226552,8.2669,8.359,0.092,0.0
4737,7,17,9,tou,historically_calibrated,1.332657,0.226552,7.5679,7.7844,0.2164,0.0
4738,7,17,10,tou,historically_calibrated,1.332657,0.226552,7.1105,7.489,0.3784,0.0
4739,7,17,11,tou,historically_calibrated,1.332657,0.226552,6.7575,7.3109,0.5534,0.0
4740,7,17,12,tou,historically_calibrated,1.332657,0.226552,6.4182,7.1349,0.7167,0.0
4741,7,17,13,tou,historically_calibrated,1.332657,0.226552,6.4416,7.0546,0.613,0.0
4742,7,17,14,tou,historically_calibrated,1.332657,0.226552,6.6606,7.1127,0.4497,0.0024
4743,7,17,15,tou,historically_calibrated,1.332657,0.226552,6.6128,7.3049,0.6921,0.0
4744,7,17,16,tou,historically_calibrated,1.332657,0.226552,6.8943,7.5916,0.6972,0.0
4745,7,17,17,tou,historically_calibrated,1.332657,0.226552,7.4235,7.9017,0.4782,0.0
4746,7,17,18,tou,historically_calibrated,1.332657,0.226552,7.8713,8.1434,0.2722,0.0
4747,7,17,19,tou,historically_calibrated,1.332657,0.226552,8.121,8.235,0.114,0.0
4748,7,17,20,tou,historically_calibrated,1.332657,0.226552,8.1031,8.1433,0.0402,0.0
4749,7,17,21,tou,historically_calibrated,1.332657,0.226552,7.8903,7.9006,0.0104,0.0
4750,7,17,22,tou,historically_calibrated,1.332657,0.226552,7.9203,7.9203,0.0,0.0
4751,7,17,23,tou,historically_calibrated,0.740365,0.125862,8.0866,8.0866,0.0,0.0
4752,7,17,24,tou,historically_calibrated,0.740365,0.125862,6.6497,6.6497,0.0,0.0
4753,7,18,1,tou,historically_calibrated,0.740365,0.125862,6.4292,6.4292,0.0,0.0
4754,7,18,2,tou,historically_calibrated,0.740365,0.125862,6.7183,6.7183,0.0,0.0
4755,7,18,3,tou,historically_calibrated,0.740365,0.125862,6.573,6.573,0.0,0.0
4756,7,18,4,tou,historically_calibrated,0.740365,0.125862,6.6632,6.6632,0.0,0.0
4757,7,18,5,tou,historically_calibrated,0.740365,0.125862,6.6498,6.6498,0.0,0.0
4758,7,18,6,tou,historically_calibrated,0.740365,0.125862,6.7017,6.7134,0.0117,0.0
4759,7,18,7,tou,historically_calibrated,0.740365,0.125862,7.9679,8.034,0.0661,0.0
4760,7,18,8,tou,historically_calibrated,1.332657,0.226552,7.6626,7.8103,0.1477,0.0
4761,7,18,9,tou,historically_calibrated,1.332657,0.226552,7.4161,7.5625,0.1464,0.0
4762,7,18,10,tou,historically_calibrated,1.332657,0.226552,7.4567,7.6537,0.197,0.0
4763,7,18,11,tou,historically_calibrated,1.332657,0.226552,7.0713,7.3109,0.2372,0.0024
4764,7,18,12,tou,historically_calibrated,1.332657,0.226552,6.8668,7.1349,0.2657,0.0024
4765,7,18,13,tou,historically_calibrated,1.332657,0.226552,6.7611,7.0546,0.2786,0.0148
4766,7,18,14,tou,historically_calibrated,1.332657,0.226552,6.791,7.1127,0.276,0.0457
4767,7,18,15,tou,historically_calibrated,1.332657,0.226552,6.9451,7.3049,0.2566,0.1032
4768,7,18,16,tou,historically_calibrated,1.332657,0.226552,7.2668,7.5916,0.2216,0.1032
4769,7,18,17,tou,historically_calibrated,1.332657,0.226552,7.6798,7.9017,0.1763,0.0457
4770,7,18,18,tou,historically_calibrated,1.332657,0.226552,7.6551,8.1434,0.1231,0.3652
4771,7,18,19,tou,historically_calibrated,1.332657,0.226552,8.0631,8.235,0.0687,0.1032
4772,7,18,20,tou,historically_calibrated,1.332657,0.226552,7.8993,8.1433,0.0246,0.2194
4773,7,18,21,tou,historically_calibrated,1.332657,0.226552,7.5302,7.9006,0.0052,0.3652
4774,7,18,22,tou,historically_calibrated,1.332657,0.226552,7.0219,7.5865,0.0,0.5645
4775,7,18,23,tou,historically_calibrated,0.740365,0.125862,5.2212,7.2853,0.0,2.0641
4776,7,18,24,tou,historically_calibrated,0.740365,0.125862,5.0108,5.8365,0.0,0.8257
4777,7,19,1,tou,historically_calibrated,0.740365,0.125862,4.9715,5.5361,0.0,0.5645
4778,7,19,2,tou,historically_calibrated,0.740365,0.125862,5.4999,5.8652,0.0,0.3652
4779,7,19,3,tou,historically_calibrated,0.740365,0.125862,5.6375,6.0027,0.0,0.3652
4780,7,19,4,tou,historically_calibrated,0.740365,0.125862,6.0841,6.1297,0.0,0.0457
4781,7,19,5,tou,historically_calibrated,0.740365,0.125862,6.1294,6.2326,0.0,0.1032
4782,7,19,6,tou,historically_calibrated,0.740365,0.125862,6.298,6.4128,0.0117,0.1032
4783,7,19,7,tou,historically_calibrated,0.740365,0.125862,7.7838,7.9271,0.0402,0.1032
4784,7,19,8,tou,historically_calibrated,1.332657,0.226552,7.5564,7.8652,0.0894,0.2194
4785,7,19,9,tou,historically_calibrated,1.332657,0.226552,7.4198,7.7844,0.1452,0.2194
4786,7,19,10,tou,historically_calibrated,1.332657,0.226552,7.0739,7.489,0.1957,0.2194
4787,7,19,11,tou,historically_calibrated,1.332657,0.226552,6.8544,7.3109,0.2372,0.2194
4788,7,19,12,tou,historically_calibrated,1.332657,0.226552,6.504,7.1349,0.2657,0.3652
4789,7,19,13,tou,historically_calibrated,1.332657,0.226552,6.2114,7.0546,0.2786,0.5645
4790,7,19,14,tou,historically_calibrated,1.332657,0.226552,6.8877,7.1649,0.2748,0.0024
4791,7,19,15,tou,historically_calibrated,1.332657,0.226552,6.6695,7.3049,0.416,0.2194
4792,7,19,16,tou,historically_calibrated,1.332657,0.226552,7.1844,7.5916,0.3616,0.0457
4793,7,19,17,tou,historically_calibrated,1.332657,0.226552,7.5992,7.9017,0.2877,0.0148
4794,7,19,18,tou,historically_calibrated,1.332657,0.226552,7.9747,8.1434,0.1231,0.0457
4795,7,19,19,tou,historically_calibrated,1.332657,0.226552,8.1087,8.235,0.1115,0.0148
4796,7,19,20,tou,historically_calibrated,1.332657,0.226552,8.0895,8.1433,0.0389,0.0148
4797,7,19,21,tou,historically_calibrated,1.332657,0.226552,7.8819,7.9006,0.0039,0.0148
4798,7,19,22,tou,historically_calibrated,1.332657,0.226552,7.5865,7.5865,0.0,0.0
4799,7,19,23,tou,historically_calibrated,0.740365,0.125862,7.9798,7.9798,0.0,0.0
4800,7,19,24,tou,historically_calibrated,0.740365,0.125862,6.5641,6.5641,0.0,0.0
4801,7,20,1,tou,historically_calibrated,0.740365,0.125862,6.3332,6.348,0.0,0.0148
4802,7,20,2,tou,historically_calibrated,0.740365,0.125862,6.307,6.3527,0.0,0.0457
4803,7,20,3,tou,historically_calibrated,0.740365,0.125862,6.3669,6.3693,0.0,0.0024
4804,7,20,4,tou,historically_calibrated,0.740365,0.125862,6.4967,6.4991,0.0,0.0024
4805,7,20,5,tou,historically_calibrated,0.740365,0.125862,6.7726,6.775,0.0,0.0024
4806,7,20,6,tou,historically_calibrated,0.740365,0.125862,6.8646,6.8851,0.0181,0.0024
4807,7,20,7,tou,historically_calibrated,0.740365,0.125862,8.1818,8.2477,0.0635,0.0024
4808,7,20,8,tou,historically_calibrated,1.332657,0.226552,7.7749,7.9201,0.1452,0.0
4809,7,20,9,tou,historically_calibrated,1.332657,0.226552,7.3686,7.618,0.2346,0.0148
4810,7,20,10,tou,historically_calibrated,1.332657,0.226552,7.1566,7.489,0.3175,0.0148
4811,7,20,11,tou,historically_calibrated,1.332657,0.226552,6.9124,7.3109,0.3836,0.0148
4812,7,20,12,tou,historically_calibrated,1.332657,0.226552,6.6898,7.1349,0.4303,0.0148
4813,7,20,13,tou,historically_calibrated,1.332657,0.226552,6.5875,7.0546,0.4523,0.0148
4814,7,20,14,tou,historically_calibrated,1.332657,0.226552,6.4082,7.1127,0.6013,0.1032
4815,7,20,15,tou,historically_calibrated,1.332657,0.226552,6.7302,7.3049,0.5599,0.0148
4816,7,20,16,tou,historically_calibrated,1.332657,0.226552,7.1045,7.5916,0.4847,0.0024
4817,7,20,17,tou,historically_calibrated,1.332657,0.226552,7.4712,7.9017,0.3849,0.0457
4818,7,20,18,tou,historically_calibrated,1.332657,0.226552,7.7699,8.1434,0.3279,0.0457
4819,7,20,19,tou,historically_calibrated,1.332657,0.226552,7.9786,8.235,0.254,0.0024
4820,7,20,20,tou,historically_calibrated,1.332657,0.226552,8.0707,8.1433,0.0726,0.0
4821,7,20,21,tou,historically_calibrated,1.332657,0.226552,7.8916,7.9006,0.0091,0.0
4822,7,20,22,tou,historically_calibrated,1.332657,0.226552,7.5865,7.5865,0.0,0.0
4823,7,20,23,tou,historically_calibrated,0.740365,0.125862,7.2853,7.2853,0.0,0.0
4824,7,20,24,tou,historically_calibrated,0.740365,0.125862,5.8341,5.8365,0.0,0.0024
4825,7,21,1,tou,historically_calibrated,0.740365,0.125862,5.0932,5.0932,0.0,0.0
4826,7,21,2,tou,historically_calibrated,0.740365,0.125862,5.0969,5.0969,0.0,0.0
4827,7,21,3,tou,historically_calibrated,0.740365,0.125862,5.1103,5.1103,0.0,0.0
4828,7,21,4,tou,historically_calibrated,0.740365,0.125862,5.224,5.224,0.0,0.0
4829,7,21,5,tou,historically_calibrated,0.740365,0.125862,5.4652,5.4652,0.0,0.0
4830,7,21,6,tou,historically_calibrated,0.740365,0.125862,5.7353,5.7418,0.0065,0.0
4831,7,21,7,tou,historically_calibrated,0.740365,0.125862,7.1079,7.1455,0.0376,0.0
4832,7,21,8,tou,historically_calibrated,0.740365,0.125862,7.0469,7.135,0.0881,0.0
4833,7,21,9,tou,historically_calibrated,0.740365,0.125862,6.815,6.9575,0.1426,0.0
4834,7,21,10,tou,historically_calibrated,0.740365,0.125862,6.6954,6.8899,0.1944,0.0
4835,7,21,11,tou,historically_calibrated,0.740365,0.125862,6.4901,6.726,0.2359,0.0
4836,7,21,12,tou,historically_calibrated,0.740365,0.125862,5.8565,6.5641,0.7076,0.0
4837,7,21,13,tou,historically_calibrated,0.740365,0.125862,5.8837,6.4902,0.6065,0.0
4838,7,21,14,tou,historically_calibrated,0.740365,0.125862,6.0979,6.5437,0.4458,0.0
4839,7,21,15,tou,historically_calibrated,0.740365,0.125862,6.1632,6.7205,0.5573,0.0
4840,7,21,16,tou,historically_calibrated,0.740365,0.125862,6.5009,6.9843,0.4834,0.0
4841,7,21,17,tou,historically_calibrated,0.740365,0.125862,6.7991,7.2696,0.4704,0.0
4842,7,21,18,tou,historically_calibrated,0.740365,0.125862,7.1667,7.492,0.3253,0.0
4843,7,21,19,tou,historically_calibrated,0.740365,0.125862,7.3261,7.5762,0.2501,0.0
4844,7,21,20,tou,historically_calibrated,0.740365,0.125862,7.414,7.4918,0.0778,0.0
4845,7,21,21,tou,historically_calibrated,0.740365,0.125862,7.2621,7.2686,0.0065,0.0
4846,7,21,22,tou,historically_calibrated,0.740365,0.125862,6.9796,6.9796,0.0,0.0
4847,7,21,23,tou,historically_calibrated,0.740365,0.125862,6.7024,6.7024,0.0,0.0
4848,7,21,24,tou,historically_calibrated,0.740365,0.125862,5.4877,5.4877,0.0,0.0
4849,7,22,1,tou,historically_calibrated,0.740365,0.125862,5.4667,5.4667,0.0,0.0
4850,7,22,2,tou,historically_calibrated,0.740365,0.125862,5.7323,5.7323,0.0,0.0
4851,7,22,3,tou,historically_calibrated,0.740365,0.125862,6.0472,6.0472,0.0,0.0
4852,7,22,4,tou,historically_calibrated,0.740365,0.125862,6.1302,6.1302,0.0,0.0
4853,7,22,5,tou,historically_calibrated,0.740365,0.125862,6.3866,6.3866,0.0,0.0
4854,7,22,6,tou,historically_calibrated,0.740365,0.125862,6.5467,6.5713,0.0246,0.0
4855,7,22,7,tou,historically_calibrated,0.740365,0.125862,8.0779,8.2269,0.149,0.0
4856,7,22,8,tou,historically_calibrated,0.740365,0.125862,6.7437,7.0846,0.3408,0.0
4857,7,22,9,tou,historically_calibrated,0.740365,0.125862,6.4015,6.9575,0.556,0.0
4858,7,22,10,tou,historically_calibrated,0.740365,0.125862,6.133,6.8899,0.7569,0.0
4859,7,22,11,tou,historically_calibrated,0.740365,0.125862,5.9147,6.726,0.8113,0.0
4860,7,22,12,tou,historically_calibrated,0.740365,0.125862,5.6543,6.5641,0.9098,0.0
4861,7,22,13,tou,historically_calibrated,0.740365,0.125862,5.631,6.4902,0.8592,0.0
4862,7,22,14,tou,historically_calibrated,0.740365,0.125862,5.9449,6.5437,0.5988,0.0
4863,7,22,15,tou,historically_calibrated,0.740365,0.125862,6.1028,6.7832,0.6804,0.0
4864,7,22,16,tou,historically_calibrated,0.740365,0.125862,6.5889,7.1798,0.591,0.0
4865,7,22,17,tou,historically_calibrated,0.740365,0.125862,6.9383,7.541,0.6026,0.0
4866,7,22,18,tou,historically_calibrated,0.740365,0.125862,7.2158,7.6668,0.451,0.0
4867,7,22,19,tou,historically_calibrated,0.740365,0.125862,7.4175,7.6469,0.2294,0.0
4868,7,22,20,tou,historically_calibrated,0.740365,0.125862,7.4231,7.4918,0.0687,0.0
4869,7,22,21,tou,historically_calibrated,0.740365,0.125862,7.2634,7.2686,0.0052,0.0
4870,7,22,22,tou,historically_calibrated,0.740365,0.125862,6.9796,6.9796,0.0,0.0
4871,7,22,23,tou,historically_calibrated,0.740365,0.125862,6.7024,6.7024,0.0,0.0
4872,7,22,24,tou,historically_calibrated,0.740365,0.125862,5.3696,5.3696,0.0,0.0
4873,7,23,1,tou,historically_calibrated,0.740365,0.125862,5.5361,5.5361,0.0,0.0
4874,7,23,2,tou,historically_calibrated,0.740365,0.125862,5.7433,5.7433,0.0,0.0
4875,7,23,3,tou,historically_calibrated,0.740365,0.125862,6.0027,6.0027,0.0,0.0
4876,7,23,4,tou,historically_calibrated,0.740365,0.125862,6.2118,6.2118,0.0,0.0
4877,7,23,5,tou,historically_calibrated,0.740365,0.125862,6.4412,6.4412,0.0,0.0
4878,7,23,6,tou,historically_calibrated,0.740365,0.125862,6.5183,6.5417,0.0233,0.0
4879,7,23,7,tou,historically_calibrated,0.740365,0.125862,7.1395,7.286,0.1464,0.0
4880,7,23,8,tou,historically_calibrated,1.332657,0.226552,7.1364,7.4812,0.3447,0.0
4881,7,23,9,tou,historically_calibrated,1.332657,0.226552,6.9975,7.5625,0.5651,0.0
4882,7,23,10,tou,historically_calibrated,1.332657,0.226552,7.1036,7.8734,0.7698,0.0
4883,7,23,11,tou,historically_calibrated,1.332657,0.226552,7.3827,8.3003,0.9176,0.0
4884,7,23,12,tou,historically_calibrated,1.332657,0.226552,7.4684,8.5001,1.0316,0.0
4885,7,23,13,tou,historically_calibrated,1.332657,0.226552,7.4868,8.569,1.0822,0.0
4886,7,23,14,tou,historically_calibrated,1.332657,0.226552,7.6466,8.7392,1.0925,0.0
4887,7,23,15,tou,historically_calibrated,1.332657,0.226552,8.0822,9.0776,0.9953,0.0
4888,7,23,16,tou,historically_calibrated,1.332657,0.226552,8.6796,9.5401,0.8605,0.0
4889,7,23,17,tou,historically_calibrated,1.332657,0.226552,9.2863,9.9667,0.6804,0.0
4890,7,23,18,tou,historically_calibrated,1.332657,0.226552,9.4561,9.7776,0.3214,0.0
4891,7,23,19,tou,historically_calibrated,1.332657,0.226552,9.2069,9.3495,0.1426,0.0
4892,7,23,20,tou,historically_calibrated,1.332657,0.226552,8.7806,8.8273,0.0467,0.0
4893,7,23,21,tou,historically_calibrated,1.332657,0.226552,7.9692,7.9744,0.0052,0.0
4894,7,23,22,tou,historically_calibrated,1.332657,0.226552,7.5865,7.5865,0.0,0.0
4895,7,23,23,tou,historically_calibrated,0.740365,0.125862,7.2853,7.2853,0.0,0.0
4896,7,23,24,tou,historically_calibrated,0.740365,0.125862,5.8365,5.8365,0.0,0.0
4897,7,24,1,tou,historically_calibrated,0.740365,0.125862,5.5337,5.5361,0.0,0.0024
4898,7,24,2,tou,historically_calibrated,0.740365,0.125862,5.5377,5.5401,0.0,0.0024
4899,7,24,3,tou,historically_calibrated,0.740365,0.125862,5.5546,5.5546,0.0,0.0
4900,7,24,4,tou,historically_calibrated,0.740365,0.125862,5.5959,5.5962,0.0,0.0003
4901,7,24,5,tou,historically_calibrated,0.740365,0.125862,5.5869,5.6901,0.0,0.1032
4902,7,24,6,tou,historically_calibrated,0.740365,0.125862,5.8432,5.8547,0.0091,0.0024
4903,7,24,7,tou,historically_calibrated,0.740365,0.125862,7.1465,7.286,0.0363,0.1032
4904,7,24,8,tou,historically_calibrated,1.332657,0.226552,7.3808,7.4812,0.0855,0.0148
4905,7,24,9,tou,historically_calibrated,1.332657,0.226552,7.3769,7.5625,0.14,0.0457
4906,7,24,10,tou,historically_calibrated,1.332657,0.226552,7.194,7.489,0.1918,0.1032
4907,7,24,11,tou,historically_calibrated,1.332657,0.226552,6.4656,7.3109,0.626,0.2194
4908,7,24,12,tou,historically_calibrated,1.332657,0.226552,6.0992,7.1349,0.7037,0.332
4909,7,24,13,tou,historically_calibrated,1.332657,0.226552,5.8765,7.0546,0.74,0.4381
4910,7,24,14,tou,historically_calibrated,1.332657,0.226552,5.7689,7.1127,0.7322,0.6116
4911,7,24,15,tou,historically_calibrated,1.332657,0.226552,5.7988,7.3049,0.6804,0.8257
4912,7,24,16,tou,historically_calibrated,1.332657,0.226552,6.6141,7.5916,0.7582,0.2194
4913,7,24,17,tou,historically_calibrated,1.332657,0.226552,7.3039,7.9017,0.3784,0.2194
4914,7,24,18,tou,historically_calibrated,1.332657,0.226552,7.7797,8.1434,0.2605,0.1032
4915,7,24,19,tou,historically_calibrated,1.332657,0.226552,7.8744,8.235,0.1413,0.2194
4916,7,24,20,tou,historically_calibrated,1.332657,0.226552,7.5333,8.1433,0.0454,0.5645
4917,7,24,21,tou,historically_calibrated,1.332657,0.226552,7.6761,7.9006,0.0052,0.2194
4918,7,24,22,tou,historically_calibrated,1.332657,0.226552,7.5841,7.5865,0.0,0.0024
4919,7,24,23,tou,historically_calibrated,0.740365,0.125862,7.499,7.499,0.0,0.0
4920,7,24,24,tou,historically_calibrated,0.740365,0.125862,6.1789,6.1789,0.0,0.0
4921,7,25,1,tou,historically_calibrated,0.740365,0.125862,5.9015,5.9015,0.0,0.0
4922,7,25,2,tou,historically_calibrated,0.740365,0.125862,5.8097,5.8245,0.0,0.0148
4923,7,25,3,tou,historically_calibrated,0.740365,0.125862,6.0411,6.0435,0.0,0.0024
4924,7,25,4,tou,historically_calibrated,0.740365,0.125862,6.0738,6.0887,0.0,0.0148
4925,7,25,5,tou,historically_calibrated,0.740365,0.125862,6.3429,6.3578,0.0,0.0148
4926,7,25,6,tou,historically_calibrated,0.740365,0.125862,6.5607,6.5846,0.0091,0.0148
4927,7,25,7,tou,historically_calibrated,0.740365,0.125862,8.1445,8.1943,0.035,0.0148
4928,7,25,8,tou,historically_calibrated,1.332657,0.226552,8.1626,8.2492,0.0842,0.0024
4929,7,25,9,tou,historically_calibrated,1.332657,0.226552,7.6106,7.8398,0.2268,0.0024
4930,7,25,10,tou,historically_calibrated,1.332657,0.226552,7.1644,7.489,0.3097,0.0148
4931,7,25,11,tou,historically_calibrated,1.332657,0.226552,6.7131,7.3109,0.3784,0.2194
4932,7,25,12,tou,historically_calibrated,1.332657,0.226552,6.6334,7.1349,0.4251,0.0764
4933,7,25,13,tou,historically_calibrated,1.332657,0.226552,6.5939,7.0546,0.4458,0.0148
4934,7,25,14,tou,historically_calibrated,1.332657,0.226552,6.6708,7.1127,0.4419,0.0
4935,7,25,15,tou,historically_calibrated,1.332657,0.226552,6.8954,7.3049,0.4095,0.0
4936,7,25,16,tou,historically_calibrated,1.332657,0.226552,7.2378,7.5916,0.3538,0.0
4937,7,25,17,tou,historically_calibrated,1.332657,0.226552,7.6231,7.9017,0.2786,0.0
4938,7,25,18,tou,historically_calibrated,1.332657,0.226552,7.8842,8.1434,0.2592,0.0
4939,7,25,19,tou,historically_calibrated,1.332657,0.226552,8.1313,8.235,0.1037,0.0
4940,7,25,20,tou,historically_calibrated,1.332657,0.226552,8.1109,8.1433,0.0324,0.0
4941,7,25,21,tou,historically_calibrated,1.332657,0.226552,7.898,7.9006,0.0026,0.0
4942,7,25,22,tou,historically_calibrated,1.332657,0.226552,7.7534,7.7534,0.0,0.0
4943,7,25,23,tou,historically_calibrated,0.740365,0.125862,7.4455,7.4455,0.0,0.0
4944,7,25,24,tou,historically_calibrated,0.740365,0.125862,5.9649,5.9649,0.0,0.0
4945,7,26,1,tou,historically_calibrated,0.740365,0.125862,5.9015,5.9015,0.0,0.0
4946,7,26,2,tou,historically_calibrated,0.740365,0.125862,5.9058,5.9058,0.0,0.0
4947,7,26,3,tou,historically_calibrated,0.740365,0.125862,5.7583,5.7583,0.0,0.0
4948,7,26,4,tou,historically_calibrated,0.740365,0.125862,5.8424,5.8424,0.0,0.0
4949,7,26,5,tou,historically_calibrated,0.740365,0.125862,5.8153,5.8153,0.0,0.0
4950,7,26,6,tou,historically_calibrated,0.740365,0.125862,5.9328,5.9406,0.0078,0.0
4951,7,26,7,tou,historically_calibrated,0.740365,0.125862,7.2303,7.286,0.0557,0.0
4952,7,26,8,tou,historically_calibrated,1.332657,0.226552,7.2997,7.4812,0.1814,0.0
4953,7,26,9,tou,historically_calibrated,1.332657,0.226552,7.2605,7.5625,0.302,0.0
4954,7,26,10,tou,historically_calibrated,1.332657,0.226552,6.9809,7.489,0.508,0.0
4955,7,26,11,tou,historically_calibrated,1.332657,0.226552,6.6901,7.3109,0.6208,0.0
4956,7,26,12,tou,historically_calibrated,1.332657,0.226552,6.437,7.1349,0.6972,0.0007
4957,7,26,13,tou,historically_calibrated,1.332657,0.226552,6.3062,7.0546,0.7335,0.0148
4958,7,26,14,tou,historically_calibrated,1.332657,0.226552,6.5069,7.1127,0.591,0.0148
4959,7,26,15,tou,historically_calibrated,1.332657,0.226552,6.7567,7.3049,0.5482,0.0
4960,7,26,16,tou,historically_calibrated,1.332657,0.226552,6.8388,7.5916,0.7504,0.0024
4961,7,26,17,tou,historically_calibrated,1.332657,0.226552,7.2959,7.9017,0.591,0.0148
4962,7,26,18,tou,historically_calibrated,1.332657,0.226552,7.6921,8.1434,0.4056,0.0457
4963,7,26,19,tou,historically_calibrated,1.332657,0.226552,7.9535,8.235,0.2359,0.0457
4964,7,26,20,tou,historically_calibrated,1.332657,0.226552,8.0694,8.1433,0.0739,0.0
4965,7,26,21,tou,historically_calibrated,1.332657,0.226552,7.8942,7.9006,0.0065,0.0
4966,7,26,22,tou,historically_calibrated,1.332657,0.226552,7.809,7.809,0.0,0.0
4967,7,26,23,tou,historically_calibrated,0.740365,0.125862,7.7661,7.7661,0.0,0.0
4968,7,26,24,tou,historically_calibrated,0.740365,0.125862,6.3501,6.3501,0.0,0.0
4969,7,27,1,tou,historically_calibrated,0.740365,0.125862,6.0639,6.0639,0.0,0.0
4970,7,27,2,tou,historically_calibrated,0.740365,0.125862,5.8651,5.8652,0.0,0.0
4971,7,27,3,tou,historically_calibrated,0.740365,0.125862,6.0842,6.0842,0.0,0.0
4972,7,27,4,tou,historically_calibrated,0.740365,0.125862,6.1708,6.1708,0.0,0.0
4973,7,27,5,tou,historically_calibrated,0.740365,0.125862,6.3578,6.3578,0.0,0.0
4974,7,27,6,tou,historically_calibrated,0.740365,0.125862,6.1475,6.1552,0.0078,0.0
4975,7,27,7,tou,historically_calibrated,0.740365,0.125862,7.466,7.4997,0.0337,0.0
4976,7,27,8,tou,historically_calibrated,1.332657,0.226552,7.3982,7.4812,0.0829,0.0
4977,7,27,9,tou,historically_calibrated,1.332657,0.226552,7.4251,7.5625,0.1374,0.0
4978,7,27,10,tou,historically_calibrated,1.332657,0.226552,7.1818,7.489,0.3072,0.0
4979,7,27,11,tou,historically_calibrated,1.332657,0.226552,6.8055,7.3109,0.5054,0.0
4980,7,27,12,tou,historically_calibrated,1.332657,0.226552,6.4791,7.1349,0.6558,0.0
4981,7,27,13,tou,historically_calibrated,1.332657,0.226552,6.2809,7.0546,0.7737,0.0
4982,7,27,14,tou,historically_calibrated,1.332657,0.226552,6.2729,7.1127,0.8398,0.0
4983,7,27,15,tou,historically_calibrated,1.332657,0.226552,6.5273,7.3049,0.7776,0.0
4984,7,27,16,tou,historically_calibrated,1.332657,0.226552,6.919,7.5916,0.6726,0.0
4985,7,27,17,tou,historically_calibrated,1.332657,0.226552,7.2667,7.9017,0.635,0.0
4986,7,27,18,tou,historically_calibrated,1.332657,0.226552,7.6976,8.1434,0.4458,0.0
4987,7,27,19,tou,historically_calibrated,1.332657,0.226552,7.9914,8.235,0.2436,0.0
4988,7,27,20,tou,historically_calibrated,1.332657,0.226552,8.0694,8.1433,0.0739,0.0
4989,7,27,21,tou,historically_calibrated,1.332657,0.226552,7.8942,7.9006,0.0065,0.0
4990,7,27,22,tou,historically_calibrated,1.332657,0.226552,7.5865,7.5865,0.0,0.0
4991,7,27,23,tou,historically_calibrated,0.740365,0.125862,7.6058,7.6058,0.0,0.0
4992,7,27,24,tou,historically_calibrated,0.740365,0.125862,6.2645,6.2645,0.0,0.0
4993,7,28,1,tou,historically_calibrated,0.740365,0.125862,5.6161,5.6161,0.0,0.0
4994,7,28,2,tou,historically_calibrated,0.740365,0.125862,5.994,5.994,0.0,0.0
4995,7,28,3,tou,historically_calibrated,0.740365,0.125862,6.0472,6.0472,0.0,0.0
4996,7,28,4,tou,historically_calibrated,0.740365,0.125862,6.0924,6.0924,0.0,0.0
4997,7,28,5,tou,historically_calibrated,0.740365,0.125862,6.1563,6.1563,0.0,0.0
4998,7,28,6,tou,historically_calibrated,0.740365,0.125862,6.7112,6.7293,0.0181,0.0
4999,7,28,7,tou,historically_calibrated,0.740365,0.125862,7.2112,7.3421,0.1309,0.0
5000,7,28,8,tou,historically_calibrated,0.740365,0.125862,6.5574,6.8827,0.3253,0.0
5001,7,28,9,tou,historically_calibrated,0.740365,0.125862,6.4132,6.9575,0.5443,0.0
5002,7,28,10,tou,historically_calibrated,0.740365,0.125862,6.1382,6.8899,0.7517,0.0
5003,7,28,11,tou,historically_calibrated,0.740365,0.125862,6.1392,7.0399,0.9007,0.0
5004,7,28,12,tou,historically_calibrated,0.740365,0.125862,6.0714,7.0849,1.0135,0.0
5005,7,28,13,tou,historically_calibrated,0.740365,0.125862,6.1758,7.2474,1.0692,0.0024
5006,7,28,14,tou,historically_calibrated,0.740365,0.125862,6.3569,7.4293,1.0575,0.0148
5007,7,28,15,tou,historically_calibrated,0.740365,0.125862,6.6821,7.63,0.9331,0.0148
5008,7,28,16,tou,historically_calibrated,0.740365,0.125862,7.2313,8.0924,0.8463,0.0148
5009,7,28,17,tou,historically_calibrated,0.740365,0.125862,7.6755,8.3552,0.6648,0.0148
5010,7,28,18,tou,historically_calibrated,0.740365,0.125862,8.019,8.5758,0.4536,0.1032
5011,7,28,19,tou,historically_calibrated,0.740365,0.125862,8.1348,8.3894,0.2398,0.0148
5012,7,28,20,tou,historically_calibrated,0.740365,0.125862,7.7701,7.8414,0.0713,0.0
5013,7,28,21,tou,historically_calibrated,0.740365,0.125862,7.2634,7.2686,0.0052,0.0
5014,7,28,22,tou,historically_calibrated,0.740365,0.125862,6.9796,6.9796,0.0,0.0
5015,7,28,23,tou,historically_calibrated,0.740365,0.125862,6.7024,6.7024,0.0,0.0
5016,7,28,24,tou,historically_calibrated,0.740365,0.125862,5.3696,5.3696,0.0,0.0
5017,7,29,1,tou,historically_calibrated,0.740365,0.125862,5.0932,5.0932,0.0,0.0
5018,7,29,2,tou,historically_calibrated,0.740365,0.125862,5.0969,5.0969,0.0,0.0
5019,7,29,3,tou,historically_calibrated,0.740365,0.125862,5.1103,5.1103,0.0,0.0
5020,7,29,4,tou,historically_calibrated,0.740365,0.125862,5.1485,5.1485,0.0,0.0
5021,7,29,5,tou,historically_calibrated,0.740365,0.125862,5.3501,5.3501,0.0,0.0
5022,7,29,6,tou,historically_calibrated,0.740365,0.125862,5.646,5.6628,0.0168,0.0
5023,7,29,7,tou,historically_calibrated,0.740365,0.125862,6.5787,6.7031,0.1244,0.0
5024,7,29,8,tou,historically_calibrated,0.740365,0.125862,6.5664,6.8827,0.3162,0.0
5025,7,29,9,tou,historically_calibrated,0.740365,0.125862,6.4262,6.9575,0.5314,0.0
5026,7,29,10,tou,historically_calibrated,0.740365,0.125862,6.6251,7.4043,0.7335,0.0457
5027,7,29,11,tou,historically_calibrated,0.740365,0.125862,6.5722,7.5735,0.8981,0.1032
5028,7,29,12,tou,historically_calibrated,0.740365,0.125862,6.4979,7.7282,1.0109,0.2194
5029,7,29,13,tou,historically_calibrated,0.740365,0.125862,6.3028,7.732,1.064,0.3652
5030,7,29,14,tou,historically_calibrated,0.740365,0.125862,6.6225,8.04,1.0524,0.3652
5031,7,29,15,tou,historically_calibrated,0.740365,0.125862,7.4057,8.6023,0.9772,0.2194
5032,7,29,16,tou,historically_calibrated,0.740365,0.125862,7.9433,9.0051,0.8424,0.2194
5033,7,29,17,tou,historically_calibrated,0.740365,0.125862,8.4654,9.1694,0.6584,0.0457
5034,7,29,18,tou,historically_calibrated,0.740365,0.125862,8.6073,9.2751,0.4484,0.2194
5035,7,29,19,tou,historically_calibrated,0.740365,0.125862,8.8805,9.1672,0.2411,0.0457
5036,7,29,20,tou,historically_calibrated,0.740365,0.125862,8.4357,8.5057,0.07,0.0
5037,7,29,21,tou,historically_calibrated,0.740365,0.125862,7.433,7.4382,0.0052,0.0
5038,7,29,22,tou,historically_calibrated,0.740365,0.125862,6.9796,6.9796,0.0,0.0
5039,7,29,23,tou,historically_calibrated,0.740365,0.125862,6.7024,6.7024,0.0,0.0
5040,7,29,24,tou,historically_calibrated,0.740365,0.125862,5.3696,5.3696,0.0,0.0
5041,7,30,1,tou,historically_calibrated,0.740365,0.125862,5.5361,5.5361,0.0,0.0
5042,7,30,2,tou,historically_calibrated,0.740365,0.125862,5.5401,5.5401,0.0,0.0
5043,7,30,3,tou,historically_calibrated,0.740365,0.125862,5.5546,5.5546,0.0,0.0
5044,7,30,4,tou,historically_calibrated,0.740365,0.125862,5.5962,5.5962,0.0,0.0
5045,7,30,5,tou,historically_calibrated,0.740365,0.125862,5.6901,5.6901,0.0,0.0
5046,7,30,6,tou,historically_calibrated,0.740365,0.125862,5.8379,5.8547,0.0168,0.0
5047,7,30,7,tou,historically_calibrated,0.740365,0.125862,7.1642,7.286,0.1218,0.0
5048,7,30,8,tou,historically_calibrated,1.332657,0.226552,7.1701,7.4812,0.311,0.0
5049,7,30,9,tou,historically_calibrated,1.332657,0.226552,7.1775,7.7037,0.5262,0.0
5050,7,30,10,tou,historically_calibrated,1.332657,0.226552,7.1801,7.8734,0.6934,0.0
5051,7,30,11,tou,historically_calibrated,1.332657,0.226552,7.2795,8.1297,0.8502,0.0
5052,7,30,12,tou,historically_calibrated,1.332657,0.226552,7.3792,8.267,0.8878,0.0
5053,7,30,13,tou,historically_calibrated,1.332657,0.226552,7.8458,8.569,0.7232,0.0
5054,7,30,14,tou,historically_calibrated,1.332657,0.226552,8.1472,9.0711,0.9215,0.0024
5055,7,30,15,tou,historically_calibrated,1.332657,0.226552,8.7562,9.4185,0.6623,0.0
5056,7,30,16,tou,historically_calibrated,1.332657,0.226552,9.1457,9.611,0.4653,0.0
5057,7,30,17,tou,historically_calibrated,1.332657,0.226552,9.5577,10.0036,0.4458,0.0
5058,7,30,18,tou,historically_calibrated,1.332657,0.226552,9.0476,9.3975,0.3499,0.0
5059,7,30,19,tou,historically_calibrated,1.332657,0.226552,8.945,9.1189,0.1283,0.0457
5060,7,30,20,tou,historically_calibrated,1.332657,0.226552,8.1012,8.1433,0.0272,0.0148
5061,7,30,21,tou,historically_calibrated,1.332657,0.226552,7.8969,7.9006,0.0013,0.0024
5062,7,30,22,tou,historically_calibrated,1.332657,0.226552,7.5862,7.5865,0.0,0.0003
5063,7,30,23,tou,historically_calibrated,0.740365,0.125862,7.2853,7.2853,0.0,0.0
5064,7,30,24,tou,historically_calibrated,0.740365,0.125862,5.8365,5.8365,0.0,0.0
5065,7,31,1,tou,historically_calibrated,0.740365,0.125862,5.5361,5.5361,0.0,0.0
5066,7,31,2,tou,historically_calibrated,0.740365,0.125862,5.4369,5.5401,0.0,0.1032
5067,7,31,3,tou,historically_calibrated,0.740365,0.125862,5.5805,5.5954,0.0,0.0148
5068,7,31,4,tou,historically_calibrated,0.740365,0.125862,5.6224,5.6373,0.0,0.0148
5069,7,31,5,tou,historically_calibrated,0.740365,0.125862,5.717,5.7318,0.0,0.0148
5070,7,31,6,tou,historically_calibrated,0.740365,0.125862,5.9796,5.9835,0.0039,0.0
5071,7,31,7,tou,historically_calibrated,0.740365,0.125862,7.2367,7.286,0.0492,0.0
5072,7,31,8,tou,historically_calibrated,1.332657,0.226552,7.3101,7.4812,0.1711,0.0
5073,7,31,9,tou,historically_calibrated,1.332657,0.226552,7.2685,7.5625,0.2916,0.0024
5074,7,31,10,tou,historically_calibrated,1.332657,0.226552,7.1859,7.489,0.3007,0.0024
5075,7,31,11,tou,historically_calibrated,1.332657,0.226552,7.0841,7.3109,0.2268,0.0
5076,7,31,12,tou,historically_calibrated,1.332657,0.226552,6.8783,7.1349,0.2566,0.0
5077,7,31,13,tou,historically_calibrated,1.332657,0.226552,6.3327,7.0546,0.7219,0.0
5078,7,31,14,tou,historically_calibrated,1.332657,0.226552,6.6799,7.1127,0.4329,0.0
5079,7,31,15,tou,historically_calibrated,1.332657,0.226552,6.7645,7.3049,0.5404,0.0
5080,7,31,16,tou,historically_calibrated,1.332657,0.226552,7.0214,7.5916,0.5702,0.0
5081,7,31,17,tou,historically_calibrated,1.332657,0.226552,7.3263,7.9017,0.5754,0.0
5082,7,31,18,tou,historically_calibrated,1.332657,0.226552,7.7248,8.1434,0.4186,0.0
5083,7,31,19,tou,historically_calibrated,1.332657,0.226552,8.0173,8.235,0.2177,0.0
5084,7,31,20,tou,historically_calibrated,1.332657,0.226552,8.0823,8.1433,0.0609,0.0
5085,7,31,21,tou,historically_calibrated,1.332657,0.226552,7.8967,7.9006,0.0039,0.0
5086,7,31,22,tou,historically_calibrated,1.332657,0.226552,7.5865,7.5865,0.0,0.0
5087,7,31,23,tou,historically_calibrated,0.740365,0.125862,7.2853,7.2853,0.0,0.0
5088,7,31,24,tou,historically_calibrated,0.740365,0.125862,6.2645,6.2645,0.0,0.0
5089,8,1,1,tou,historically_calibrated,0.740365,0.125862,6.4292,6.4292,0.0,0.0
5090,8,1,2,tou,historically_calibrated,0.740365,0.125862,6.8808,6.8808,0.0,0.0
5091,8,1,3,tou,historically_calibrated,0.740365,0.125862,7.184,7.184,0.0,0.0
5092,8,1,4,tou,historically_calibrated,0.740365,0.125862,7.443,7.443,0.0,0.0
5093,8,1,5,tou,historically_calibrated,0.740365,0.125862,7.7765,7.7765,0.0,0.0
5094,8,1,6,tou,historically_calibrated,0.740365,0.125862,8.2474,8.259,0.0117,0.0
5095,8,1,7,tou,historically_calibrated,0.740365,0.125862,8.8529,8.9423,0.0894,0.0
5096,8,1,8,tou,historically_calibrated,1.332657,0.226552,7.7624,7.9749,0.2125,0.0
5097,8,1,9,tou,historically_calibrated,1.332657,0.226552,7.2346,7.5625,0.3279,0.0
5098,8,1,10,tou,historically_calibrated,1.332657,0.226552,7.0833,7.489,0.4056,0.0
5099,8,1,11,tou,historically_calibrated,1.332657,0.226552,6.8547,7.3109,0.4562,0.0
5100,8,1,12,tou,historically_calibrated,1.332657,0.226552,6.6684,7.1349,0.4666,0.0
5101,8,1,13,tou,historically_calibrated,1.332657,0.226552,6.6166,7.0546,0.438,0.0
5102,8,1,14,tou,historically_calibrated,1.332657,0.226552,6.6786,7.1127,0.4342,0.0
5103,8,1,15,tou,historically_calibrated,1.332657,0.226552,6.9019,7.3049,0.4031,0.0
5104,8,1,16,tou,historically_calibrated,1.332657,0.226552,7.2443,7.5916,0.3473,0.0
5105,8,1,17,tou,historically_calibrated,1.332657,0.226552,7.6309,7.9017,0.2709,0.0
5106,8,1,18,tou,historically_calibrated,1.332657,0.226552,7.9483,8.1434,0.184,0.0111
5107,8,1,19,tou,historically_calibrated,1.332657,0.226552,8.1391,8.235,0.0959,0.0
5108,8,1,20,tou,historically_calibrated,1.332657,0.226552,8.1173,8.1433,0.0259,0.0
5109,8,1,21,tou,historically_calibrated,1.332657,0.226552,7.8993,7.9006,0.0013,0.0
5110,8,1,22,tou,historically_calibrated,1.332657,0.226552,7.5865,7.5865,0.0,0.0
5111,8,1,23,tou,historically_calibrated,0.740365,0.125862,7.2853,7.2853,0.0,0.0
5112,8,1,24,tou,historically_calibrated,0.740365,0.125862,5.8793,5.8793,0.0,0.0
5113,8,2,1,tou,historically_calibrated,0.740365,0.125862,5.8203,5.8203,0.0,0.0
5114,8,2,2,tou,historically_calibrated,0.740365,0.125862,6.0683,6.0683,0.0,0.0
5115,8,2,3,tou,historically_calibrated,0.740365,0.125862,6.4915,6.4915,0.0,0.0
5116,8,2,4,tou,historically_calibrated,0.740365,0.125862,6.5811,6.5811,0.0,0.0
5117,8,2,5,tou,historically_calibrated,0.740365,0.125862,6.4412,6.4412,0.0,0.0
5118,8,2,6,tou,historically_calibrated,0.740365,0.125862,6.4948,6.4987,0.0039,0.0
5119,8,2,7,tou,historically_calibrated,0.740365,0.125862,8.0576,8.0874,0.0298,0.0
5120,8,2,8,tou,historically_calibrated,1.332657,0.226552,8.1715,8.2492,0.0778,0.0
5121,8,2,9,tou,historically_calibrated,1.332657,0.226552,7.54,7.6734,0.1335,0.0
5122,8,2,10,tou,historically_calibrated,1.332657,0.226552,7.2925,7.489,0.1853,0.0111
5123,8,2,11,tou,historically_calibrated,1.332657,0.226552,6.9428,7.3109,0.3681,0.0
5124,8,2,12,tou,historically_calibrated,1.332657,0.226552,6.7202,7.1349,0.4147,0.0
5125,8,2,13,tou,historically_calibrated,1.332657,0.226552,6.6179,7.0546,0.4368,0.0
5126,8,2,14,tou,historically_calibrated,1.332657,0.226552,6.6812,7.1127,0.4316,0.0
5127,8,2,15,tou,historically_calibrated,1.332657,0.226552,6.8166,7.3049,0.3992,0.0892
5128,8,2,16,tou,historically_calibrated,1.332657,0.226552,7.0115,7.5916,0.5689,0.0111
5129,8,2,17,tou,historically_calibrated,1.332657,0.226552,7.5401,7.9017,0.3616,0.0
5130,8,2,18,tou,historically_calibrated,1.332657,0.226552,7.8428,8.1434,0.3007,0.0
5131,8,2,19,tou,historically_calibrated,1.332657,0.226552,8.0795,8.235,0.1555,0.0
5132,8,2,20,tou,historically_calibrated,1.332657,0.226552,8.1018,8.1433,0.0415,0.0
5133,8,2,21,tou,historically_calibrated,1.332657,0.226552,7.898,7.9006,0.0026,0.0
5134,8,2,22,tou,historically_calibrated,1.332657,0.226552,7.5865,7.5865,0.0,0.0
5135,8,2,23,tou,historically_calibrated,0.740365,0.125862,7.8729,7.8729,0.0,0.0
5136,8,2,24,tou,historically_calibrated,0.740365,0.125862,6.9065,6.9065,0.0,0.0
5137,8,3,1,tou,historically_calibrated,0.740365,0.125862,6.1857,6.1857,0.0,0.0
5138,8,3,2,tou,historically_calibrated,0.740365,0.125862,6.5558,6.5558,0.0,0.0
5139,8,3,3,tou,historically_calibrated,0.740365,0.125862,7.1433,7.1433,0.0,0.0
5140,8,3,4,tou,historically_calibrated,0.740365,0.125862,6.9095,6.9095,0.0,0.0
5141,8,3,5,tou,historically_calibrated,0.740365,0.125862,7.4427,7.4427,0.0,0.0
5142,8,3,6,tou,historically_calibrated,0.740365,0.125862,7.8154,7.8297,0.0143,0.0
5143,8,3,7,tou,historically_calibrated,0.740365,0.125862,8.3982,8.5149,0.1166,0.0
5144,8,3,8,tou,historically_calibrated,1.332657,0.226552,7.1714,7.4812,0.3097,0.0
5145,8,3,9,tou,historically_calibrated,1.332657,0.226552,7.0441,7.5625,0.5184,0.0
5146,8,3,10,tou,historically_calibrated,1.332657,0.226552,6.8021,7.489,0.6869,0.0
5147,8,3,11,tou,historically_calibrated,1.332657,0.226552,6.5294,7.3109,0.7815,0.0
5148,8,3,12,tou,historically_calibrated,1.332657,0.226552,6.2536,7.1349,0.8813,0.0
5149,8,3,13,tou,historically_calibrated,1.332657,0.226552,6.0362,7.0546,0.9292,0.0892
5150,8,3,14,tou,historically_calibrated,1.332657,0.226552,6.3653,7.2787,0.8243,0.0892
5151,8,3,15,tou,historically_calibrated,1.332657,0.226552,6.6143,7.6799,0.7646,0.3009
5152,8,3,16,tou,historically_calibrated,1.332657,0.226552,-0.8716,7.9104,0.6571,8.125
5153,8,3,17,tou,historically_calibrated,1.332657,0.226552,7.4563,8.2705,0.5132,0.3009
5154,8,3,18,tou,historically_calibrated,1.332657,0.226552,7.3872,8.4855,0.3849,0.7133
5155,8,3,19,tou,historically_calibrated,1.332657,0.226552,7.7742,8.2735,0.1983,0.3009
5156,8,3,20,tou,historically_calibrated,1.332657,0.226552,8.0295,8.1433,0.0246,0.0892
5157,8,3,21,tou,historically_calibrated,1.332657,0.226552,7.8882,7.9006,0.0013,0.0111
5158,8,3,22,tou,historically_calibrated,1.332657,0.226552,7.4973,7.5865,0.0,0.0892
5159,8,3,23,tou,historically_calibrated,0.740365,0.125862,6.9843,7.2853,0.0,0.3009
5160,8,3,24,tou,historically_calibrated,0.740365,0.125862,5.7473,5.8365,0.0,0.0892
5161,8,4,1,tou,historically_calibrated,0.740365,0.125862,5.004,5.0932,0.0,0.0892
5162,8,4,2,tou,historically_calibrated,0.740365,0.125862,3.7037,5.0969,0.0,1.3932
5163,8,4,3,tou,historically_calibrated,0.740365,0.125862,4.8094,5.1103,0.0,0.3009
5164,8,4,4,tou,historically_calibrated,0.740365,0.125862,5.0594,5.1485,0.0,0.0892
5165,8,4,5,tou,historically_calibrated,0.740365,0.125862,5.1457,5.2349,0.0,0.0892
5166,8,4,6,tou,historically_calibrated,0.740365,0.125862,5.2933,5.3863,0.0039,0.0892
5167,8,4,7,tou,historically_calibrated,0.740365,0.125862,6.5854,6.7031,0.0285,0.0892
5168,8,4,8,tou,historically_calibrated,0.740365,0.125862,6.7951,6.8827,0.0765,0.0111
5169,8,4,9,tou,historically_calibrated,0.740365,0.125862,6.8266,6.9575,0.1309,0.0
5170,8,4,10,tou,historically_calibrated,0.740365,0.125862,6.5931,6.8899,0.2968,0.0
5171,8,4,11,tou,historically_calibrated,0.740365,0.125862,6.2237,6.726,0.4912,0.0111
5172,8,4,12,tou,historically_calibrated,0.740365,0.125862,6.0615,6.5641,0.4134,0.0892
5173,8,4,13,tou,historically_calibrated,0.740365,0.125862,5.6022,6.4902,0.5871,0.3009
5174,8,4,14,tou,historically_calibrated,0.740365,0.125862,5.7443,6.5437,0.7102,0.0892
5175,8,4,15,tou,historically_calibrated,0.740365,0.125862,5.8667,6.7205,0.7646,0.0892
5176,8,4,16,tou,historically_calibrated,0.740365,0.125862,6.2435,6.9843,0.7296,0.0111
5177,8,4,17,tou,historically_calibrated,0.740365,0.125862,6.6102,7.2696,0.5702,0.0892
5178,8,4,18,tou,historically_calibrated,0.740365,0.125862,7.0985,7.492,0.3823,0.0111
5179,8,4,19,tou,historically_calibrated,0.740365,0.125862,7.2771,7.5762,0.21,0.0892
5180,8,4,20,tou,historically_calibrated,0.740365,0.125862,7.4361,7.4918,0.0557,0.0
5181,8,4,21,tou,historically_calibrated,0.740365,0.125862,7.266,7.2686,0.0026,0.0
5182,8,4,22,tou,historically_calibrated,0.740365,0.125862,8.2591,8.2591,0.0,0.0
5183,8,4,23,tou,historically_calibrated,0.740365,0.125862,8.4227,8.4227,0.0,0.0
5184,8,4,24,tou,historically_calibrated,0.740365,0.125862,6.6296,6.6296,0.0,0.0
5185,8,5,1,tou,historically_calibrated,0.740365,0.125862,6.5499,6.5499,0.0,0.0
5186,8,5,2,tou,historically_calibrated,0.740365,0.125862,6.1323,6.1435,0.0,0.0111
5187,8,5,3,tou,historically_calibrated,0.740365,0.125862,5.8112,5.8223,0.0,0.0111
5188,8,5,4,tou,historically_calibrated,0.740365,0.125862,5.7537,6.0547,0.0,0.3009
5189,8,5,5,tou,historically_calibrated,0.740365,0.125862,6.2714,6.2714,0.0,0.0
5190,8,5,6,tou,historically_calibrated,0.740365,0.125862,6.5991,6.6108,0.0117,0.0
5191,8,5,7,tou,historically_calibrated,0.740365,0.125862,7.1906,7.293,0.1024,0.0
5192,8,5,8,tou,historically_calibrated,0.740365,0.125862,6.6693,6.8827,0.2022,0.0111
5193,8,5,9,tou,historically_calibrated,0.740365,0.125862,6.5407,6.9575,0.4056,0.0111
5194,8,5,10,tou,historically_calibrated,0.740365,0.125862,6.1708,6.8899,0.6299,0.0892
5195,8,5,11,tou,historically_calibrated,0.740365,0.125862,5.8606,6.726,0.7763,0.0892
5196,8,5,12,tou,historically_calibrated,0.740365,0.125862,5.3871,6.5641,0.8761,0.3009
5197,8,5,13,tou,historically_calibrated,0.740365,0.125862,5.6919,6.9143,0.9215,0.3009
5198,8,5,14,tou,historically_calibrated,0.740365,0.125862,6.0931,7.0934,0.9111,0.0892
5199,8,5,15,tou,historically_calibrated,0.740365,0.125862,6.509,7.4419,0.8437,0.0892
5200,8,5,16,tou,historically_calibrated,0.740365,0.125862,6.7981,7.6687,0.7815,0.0892
5201,8,5,17,tou,historically_calibrated,0.740365,0.125862,7.2511,7.9481,0.6078,0.0892
5202,8,5,18,tou,historically_calibrated,0.740365,0.125862,7.5745,7.9814,0.4069,0.0
5203,8,5,19,tou,historically_calibrated,0.740365,0.125862,7.5625,7.753,0.1905,0.0
5204,8,5,20,tou,historically_calibrated,0.740365,0.125862,7.4451,7.4918,0.0467,0.0
5205,8,5,21,tou,historically_calibrated,0.740365,0.125862,7.2673,7.2686,0.0013,0.0
5206,8,5,22,tou,historically_calibrated,0.740365,0.125862,6.9796,6.9796,0.0,0.0
5207,8,5,23,tou,historically_calibrated,0.740365,0.125862,6.8007,6.8007,0.0,0.0
5208,8,5,24,tou,historically_calibrated,0.740365,0.125862,5.724,5.724,0.0,0.0
5209,8,6,1,tou,historically_calibrated,0.740365,0.125862,5.8609,5.8609,0.0,0.0
5210,8,6,2,tou,historically_calibrated,0.740365,0.125862,5.9058,5.9058,0.0,0.0
5211,8,6,3,tou,historically_calibrated,0.740365,0.125862,6.3286,6.3286,0.0,0.0
5212,8,6,4,tou,historically_calibrated,0.740365,0.125862,6.9095,6.9095,0.0,0.0
5213,8,6,5,tou,historically_calibrated,0.740365,0.125862,7.1923,7.1923,0.0,0.0
5214,8,6,6,tou,historically_calibrated,0.740365,0.125862,7.174,7.1857,0.0117,0.0
5215,8,6,7,tou,historically_calibrated,0.740365,0.125862,7.8196,7.9271,0.1076,0.0
5216,8,6,8,tou,historically_calibrated,1.332657,0.226552,7.1818,7.4812,0.2994,0.0
5217,8,6,9,tou,historically_calibrated,1.332657,0.226552,7.0421,7.5625,0.5093,0.0111
5218,8,6,10,tou,historically_calibrated,1.332657,0.226552,6.6844,7.489,0.7154,0.0892
5219,8,6,11,tou,historically_calibrated,1.332657,0.226552,6.4795,7.4474,0.8787,0.0892
5220,8,6,12,tou,historically_calibrated,1.332657,0.226552,6.3701,7.6677,0.9966,0.3009
5221,8,6,13,tou,historically_calibrated,1.332657,0.226552,6.3927,7.746,1.0524,0.3009
5222,8,6,14,tou,historically_calibrated,1.332657,0.226552,6.6367,7.9757,1.0381,0.3009
5223,8,6,15,tou,historically_calibrated,1.332657,0.226552,7.518,8.5662,0.959,0.0892
5224,8,6,16,tou,historically_calibrated,1.332657,0.226552,5.8505,9.0796,0.8217,2.4074
5225,8,6,17,tou,historically_calibrated,1.332657,0.226552,8.6911,9.3398,0.6376,0.0111
5226,8,6,18,tou,historically_calibrated,1.332657,0.226552,9.172,9.5875,0.4044,0.0111
5227,8,6,19,tou,historically_calibrated,1.332657,0.226552,9.0705,9.2726,0.2022,0.0
5228,8,6,20,tou,historically_calibrated,1.332657,0.226552,8.8527,8.9033,0.0505,0.0
5229,8,6,21,tou,historically_calibrated,1.332657,0.226552,7.8993,7.9006,0.0013,0.0
5230,8,6,22,tou,historically_calibrated,1.332657,0.226552,7.2855,7.5865,0.0,0.3009
5231,8,6,23,tou,historically_calibrated,0.740365,0.125862,7.2853,7.2853,0.0,0.0
5232,8,6,24,tou,historically_calibrated,0.740365,0.125862,5.8365,5.8365,0.0,0.0
5233,8,7,1,tou,historically_calibrated,0.740365,0.125862,5.6985,5.6985,0.0,0.0
5234,8,7,2,tou,historically_calibrated,0.740365,0.125862,6.2714,6.2714,0.0,0.0
5235,8,7,3,tou,historically_calibrated,0.740365,0.125862,6.4101,6.4101,0.0,0.0
5236,8,7,4,tou,historically_calibrated,0.740365,0.125862,6.2939,6.2939,0.0,0.0
5237,8,7,5,tou,historically_calibrated,0.740365,0.125862,6.5664,6.5664,0.0,0.0
5238,8,7,6,tou,historically_calibrated,0.740365,0.125862,6.6614,6.6705,0.0091,0.0
5239,8,7,7,tou,historically_calibrated,0.740365,0.125862,7.2056,7.286,0.0804,0.0
5240,8,7,8,tou,historically_calibrated,1.332657,0.226552,7.2531,7.4812,0.2281,0.0
5241,8,7,9,tou,historically_calibrated,1.332657,0.226552,7.1206,7.5625,0.4419,0.0
5242,8,7,10,tou,historically_calibrated,1.332657,0.226552,6.8176,7.489,0.6713,0.0
5243,8,7,11,tou,historically_calibrated,1.332657,0.226552,7.2675,8.0956,0.8281,0.0
5244,8,7,12,tou,historically_calibrated,1.332657,0.226552,7.4299,8.3669,0.937,0.0
5245,8,7,13,tou,historically_calibrated,1.332657,0.226552,7.7541,8.6678,0.9137,0.0
5246,8,7,14,tou,historically_calibrated,1.332657,0.226552,7.9588,8.8719,0.902,0.0111
5247,8,7,15,tou,historically_calibrated,1.332657,0.226552,8.517,9.3503,0.8333,0.0
5248,8,7,16,tou,historically_calibrated,1.332657,0.226552,8.8887,9.5401,0.6402,0.0111
5249,8,7,17,tou,historically_calibrated,1.332657,0.226552,9.4391,9.9667,0.5262,0.0014
5250,8,7,18,tou,historically_calibrated,1.332657,0.226552,9.9808,10.3476,0.3668,0.0
5251,8,7,19,tou,historically_calibrated,1.332657,0.226552,9.9367,10.1181,0.1814,0.0
5252,8,7,20,tou,historically_calibrated,1.332657,0.226552,9.0989,9.1313,0.0324,0.0
5253,8,7,21,tou,historically_calibrated,1.332657,0.226552,7.8993,7.9006,0.0013,0.0
5254,8,7,22,tou,historically_calibrated,1.332657,0.226552,7.5865,7.5865,0.0,0.0
5255,8,7,23,tou,historically_calibrated,0.740365,0.125862,7.2853,7.2853,0.0,0.0
5256,8,7,24,tou,historically_calibrated,0.740365,0.125862,5.8365,5.8365,0.0,0.0
5257,8,8,1,tou,historically_calibrated,0.740365,0.125862,5.5361,5.5361,0.0,0.0
5258,8,8,2,tou,historically_calibrated,0.740365,0.125862,5.5401,5.5401,0.0,0.0
5259,8,8,3,tou,historically_calibrated,0.740365,0.125862,5.5546,5.5546,0.0,0.0
5260,8,8,4,tou,historically_calibrated,0.740365,0.125862,5.5962,5.5962,0.0,0.0
5261,8,8,5,tou,historically_calibrated,0.740365,0.125862,5.6901,5.6901,0.0,0.0
5262,8,8,6,tou,historically_calibrated,0.740365,0.125862,5.8443,5.8547,0.0104,0.0
5263,8,8,7,tou,historically_calibrated,0.740365,0.125862,7.1875,7.286,0.0985,0.0
5264,8,8,8,tou,historically_calibrated,1.332657,0.226552,7.1922,7.4812,0.289,0.0
5265,8,8,9,tou,historically_calibrated,1.332657,0.226552,7.6205,8.1272,0.5067,0.0
5266,8,8,10,tou,historically_calibrated,1.332657,0.226552,7.9981,8.7122,0.7141,0.0
5267,8,8,11,tou,historically_calibrated,1.332657,0.226552,8.1329,9.0168,0.8839,0.0
5268,8,8,12,tou,historically_calibrated,1.332657,0.226552,8.3653,9.3658,1.0005,0.0
5269,8,8,13,tou,historically_calibrated,1.332657,0.226552,8.3726,9.425,1.0524,0.0
5270,8,8,14,tou,historically_calibrated,1.332657,0.226552,8.6968,9.7349,1.0381,0.0
5271,8,8,15,tou,historically_calibrated,1.332657,0.226552,9.1058,10.0662,0.9603,0.0
5272,8,8,16,tou,historically_calibrated,1.332657,0.226552,9.7714,10.6029,0.8204,0.0111
5273,8,8,17,tou,historically_calibrated,1.332657,0.226552,10.1811,10.8148,0.6337,0.0
5274,8,8,18,tou,historically_calibrated,1.332657,0.226552,10.5737,10.9936,0.4199,0.0
5275,8,8,19,tou,historically_calibrated,1.332657,0.226552,10.6038,10.8098,0.2061,0.0
5276,8,8,20,tou,historically_calibrated,1.332657,0.226552,9.504,9.5493,0.0454,0.0
5277,8,8,21,tou,historically_calibrated,1.332657,0.226552,8.0099,8.0112,0.0013,0.0
5278,8,8,22,tou,historically_calibrated,1.332657,0.226552,7.5865,7.5865,0.0,0.0
5279,8,8,23,tou,historically_calibrated,0.740365,0.125862,7.2853,7.2853,0.0,0.0
5280,8,8,24,tou,historically_calibrated,0.740365,0.125862,5.8365,5.8365,0.0,0.0
5281,8,9,1,tou,historically_calibrated,0.740365,0.125862,5.5361,5.5361,0.0,0.0
5282,8,9,2,tou,historically_calibrated,0.740365,0.125862,5.5401,5.5401,0.0,0.0
5283,8,9,3,tou,historically_calibrated,0.740365,0.125862,5.5546,5.5546,0.0,0.0
5284,8,9,4,tou,historically_calibrated,0.740365,0.125862,5.9656,5.9656,0.0,0.0
5285,8,9,5,tou,historically_calibrated,0.740365,0.125862,6.1491,6.1491,0.0,0.0
5286,8,9,6,tou,historically_calibrated,0.740365,0.125862,6.5326,6.5417,0.0091,0.0
5287,8,9,7,tou,historically_calibrated,0.740365,0.125862,7.478,7.5531,0.0752,0.0
5288,8,9,8,tou,historically_calibrated,1.332657,0.226552,7.3987,7.4812,0.0713,0.0111
5289,8,9,9,tou,historically_calibrated,1.332657,0.226552,7.3466,7.5625,0.2048,0.0111
5290,8,9,10,tou,historically_calibrated,1.332657,0.226552,7.1888,7.489,0.289,0.0111
5291,8,9,11,tou,historically_calibrated,1.332657,0.226552,6.6321,7.3109,0.5897,0.0892
5292,8,9,12,tou,historically_calibrated,1.332657,0.226552,6.2632,7.1349,0.8605,0.0111
5293,8,9,13,tou,historically_calibrated,1.332657,0.226552,6.227,7.2521,1.0251,0.0
5294,8,9,14,tou,historically_calibrated,1.332657,0.226552,6.6537,7.677,1.0122,0.0111
5295,8,9,15,tou,historically_calibrated,1.332657,0.226552,7.2728,8.2253,0.9526,0.0
5296,8,9,16,tou,historically_calibrated,1.332657,0.226552,8.1128,8.9378,0.8139,0.0111
5297,8,9,17,tou,historically_calibrated,1.332657,0.226552,8.5526,9.1923,0.6286,0.0111
5298,8,9,18,tou,historically_calibrated,1.332657,0.226552,8.8209,9.2455,0.4134,0.0111
5299,8,9,19,tou,historically_calibrated,1.332657,0.226552,8.7643,8.9652,0.2009,0.0
5300,8,9,20,tou,historically_calibrated,1.332657,0.226552,8.2525,8.2953,0.0428,0.0
5301,8,9,21,tou,historically_calibrated,1.332657,0.226552,7.8993,7.9006,0.0013,0.0
5302,8,9,22,tou,historically_calibrated,1.332657,0.226552,7.5865,7.5865,0.0,0.0
5303,8,9,23,tou,historically_calibrated,0.740365,0.125862,7.2853,7.2853,0.0,0.0
5304,8,9,24,tou,historically_calibrated,0.740365,0.125862,5.8365,5.8365,0.0,0.0
5305,8,10,1,tou,historically_calibrated,0.740365,0.125862,5.5361,5.5361,0.0,0.0
5306,8,10,2,tou,historically_calibrated,0.740365,0.125862,5.5401,5.5401,0.0,0.0
5307,8,10,3,tou,historically_calibrated,0.740365,0.125862,5.6361,5.6361,0.0,0.0
5308,8,10,4,tou,historically_calibrated,0.740365,0.125862,5.8835,5.8835,0.0,0.0
5309,8,10,5,tou,historically_calibrated,0.740365,0.125862,6.2326,6.2326,0.0,0.0
5310,8,10,6,tou,historically_calibrated,0.740365,0.125862,6.5755,6.5846,0.0091,0.0
5311,8,10,7,tou,historically_calibrated,0.740365,0.125862,7.4585,7.5531,0.0946,0.0
5312,8,10,8,tou,historically_calibrated,1.332657,0.226552,7.1986,7.4812,0.2825,0.0
5313,8,10,9,tou,historically_calibrated,1.332657,0.226552,7.0623,7.5625,0.5003,0.0
5314,8,10,10,tou,historically_calibrated,1.332657,0.226552,7.7276,8.4326,0.705,0.0
5315,8,10,11,tou,historically_calibrated,1.332657,0.226552,8.4516,9.3238,0.8722,0.0
5316,8,10,12,tou,historically_calibrated,1.332657,0.226552,8.7791,9.7653,0.9863,0.0
5317,8,10,13,tou,historically_calibrated,1.332657,0.226552,9.177,10.2151,1.0381,0.0
5318,8,10,14,tou,historically_calibrated,1.332657,0.226552,9.6418,10.6643,1.0225,0.0
5319,8,10,15,tou,historically_calibrated,1.332657,0.226552,10.334,11.2593,0.9253,0.0
5320,8,10,16,tou,historically_calibrated,1.332657,0.226552,11.4075,12.1617,0.7543,0.0
5321,8,10,17,tou,historically_calibrated,1.332657,0.226552,12.107,12.6586,0.5404,0.0111
5322,8,10,18,tou,historically_calibrated,1.332657,0.226552,12.3557,12.5898,0.2229,0.0111
5323,8,10,19,tou,historically_calibrated,1.332657,0.226552,12.1242,12.2318,0.1076,0.0
5324,8,10,20,tou,historically_calibrated,1.332657,0.226552,11.1575,11.1834,0.0259,0.0
5325,8,10,21,tou,historically_calibrated,1.332657,0.226552,9.9594,10.2603,0.0,0.3009
5326,8,10,22,tou,historically_calibrated,1.332657,0.226552,8.8256,8.8256,0.0,0.0
5327,8,10,23,tou,historically_calibrated,0.740365,0.125862,7.2853,7.2853,0.0,0.0
5328,8,10,24,tou,historically_calibrated,0.740365,0.125862,5.8365,5.8365,0.0,0.0
5329,8,11,1,tou,historically_calibrated,0.740365,0.125862,5.0932,5.0932,0.0,0.0
5330,8,11,2,tou,historically_calibrated,0.740365,0.125862,5.0969,5.0969,0.0,0.0
5331,8,11,3,tou,historically_calibrated,0.740365,0.125862,5.1103,5.1103,0.0,0.0
5332,8,11,4,tou,historically_calibrated,0.740365,0.125862,5.1485,5.1485,0.0,0.0
5333,8,11,5,tou,historically_calibrated,0.740365,0.125862,5.2349,5.2349,0.0,0.0
5334,8,11,6,tou,historically_calibrated,0.740365,0.125862,5.3785,5.3863,0.0078,0.0
5335,8,11,7,tou,historically_calibrated,0.740365,0.125862,6.6331,6.7031,0.07,0.0
5336,8,11,8,tou,historically_calibrated,0.740365,0.125862,6.7639,6.979,0.2151,0.0
5337,8,11,9,tou,historically_calibrated,0.740365,0.125862,7.5778,7.964,0.3862,0.0
5338,8,11,10,tou,historically_calibrated,0.740365,0.125862,7.8541,8.401,0.5469,0.0
5339,8,11,11,tou,historically_calibrated,0.740365,0.125862,8.1486,8.829,0.6804,0.0
5340,8,11,12,tou,historically_calibrated,0.740365,0.125862,8.25,9.1066,0.8567,0.0
5341,8,11,13,tou,historically_calibrated,0.740365,0.125862,8.497,9.307,0.81,0.0
5342,8,11,14,tou,historically_calibrated,0.740365,0.125862,8.6782,9.4753,0.797,0.0
5343,8,11,15,tou,historically_calibrated,0.740365,0.125862,8.9135,9.7313,0.8178,0.0
5344,8,11,16,tou,historically_calibrated,0.740365,0.125862,9.7154,10.3414,0.626,0.0
5345,8,11,17,tou,historically_calibrated,0.740365,0.125862,10.2813,10.696,0.4147,0.0
5346,8,11,18,tou,historically_calibrated,0.740365,0.125862,10.369,10.6386,0.2696,0.0
5347,8,11,19,tou,historically_calibrated,0.740365,0.125862,10.135,10.2633,0.1283,0.0
5348,8,11,20,tou,historically_calibrated,0.740365,0.125862,9.425,9.4496,0.0246,0.0
5349,8,11,21,tou,historically_calibrated,0.740365,0.125862,8.5575,8.5575,0.0,0.0
5350,8,11,22,tou,historically_calibrated,0.740365,0.125862,7.631,7.631,0.0,0.0
5351,8,11,23,tou,historically_calibrated,0.740365,0.125862,6.9214,6.9214,0.0,0.0
5352,8,11,24,tou,historically_calibrated,0.740365,0.125862,5.3696,5.3696,0.0,0.0
5353,8,12,1,tou,historically_calibrated,0.740365,0.125862,5.0932,5.0932,0.0,0.0
5354,8,12,2,tou,historically_calibrated,0.740365,0.125862,5.0969,5.0969,0.0,0.0
5355,8,12,3,tou,historically_calibrated,0.740365,0.125862,5.1103,5.1103,0.0,0.0
5356,8,12,4,tou,historically_calibrated,0.740365,0.125862,5.1485,5.1485,0.0,0.0
5357,8,12,5,tou,historically_calibrated,0.740365,0.125862,5.2349,5.2349,0.0,0.0
5358,8,12,6,tou,historically_calibrated,0.740365,0.125862,5.3798,5.3863,0.0065,0.0
5359,8,12,7,tou,historically_calibrated,0.740365,0.125862,6.6681,6.7031,0.035,0.0
5360,8,12,8,tou,historically_calibrated,0.740365,0.125862,6.7043,6.8827,0.1672,0.0111
5361,8,12,9,tou,historically_calibrated,0.740365,0.125862,6.7926,7.1848,0.381,0.0111
5362,8,12,10,tou,historically_calibrated,0.740365,0.125862,7.0724,7.6294,0.4679,0.0892
5363,8,12,11,tou,historically_calibrated,0.740365,0.125862,7.3867,7.9502,0.4743,0.0892
5364,8,12,12,tou,historically_calibrated,0.740365,0.125862,7.0419,7.7894,0.6584,0.0892
5365,8,12,13,tou,historically_calibrated,0.740365,0.125862,6.8273,7.8229,0.6947,0.3009
5366,8,12,14,tou,historically_calibrated,0.740365,0.125862,7.2721,8.1316,0.5586,0.3009
5367,8,12,15,tou,historically_calibrated,0.740365,0.125862,7.6982,8.3827,0.3836,0.3009
5368,8,12,16,tou,historically_calibrated,0.740365,0.125862,7.97,8.3858,0.3266,0.0892
5369,8,12,17,tou,historically_calibrated,0.740365,0.125862,8.1177,8.457,0.2501,0.0892
5370,8,12,18,tou,historically_calibrated,0.740365,0.125862,8.0088,8.366,0.346,0.0111
5371,8,12,19,tou,historically_calibrated,0.740365,0.125862,7.9959,8.4601,0.1633,0.3009
5372,8,12,20,tou,historically_calibrated,0.740365,0.125862,7.3767,7.4918,0.0259,0.0892
5373,8,12,21,tou,historically_calibrated,0.740365,0.125862,7.1794,7.2686,0.0,0.0892
5374,8,12,22,tou,historically_calibrated,0.740365,0.125862,6.9684,6.9796,0.0,0.0111
5375,8,12,23,tou,historically_calibrated,0.740365,0.125862,6.7024,6.7024,0.0,0.0
5376,8,12,24,tou,historically_calibrated,0.740365,0.125862,5.3696,5.3696,0.0,0.0
5377,8,13,1,tou,historically_calibrated,0.740365,0.125862,5.5361,5.5361,0.0,0.0
5378,8,13,2,tou,historically_calibrated,0.740365,0.125862,5.5401,5.5401,0.0,0.0
5379,8,13,3,tou,historically_calibrated,0.740365,0.125862,5.5435,5.5546,0.0,0.0111
5380,8,13,4,tou,historically_calibrated,0.740365,0.125862,5.5962,5.5962,0.0,0.0
5381,8,13,5,tou,historically_calibrated,0.740365,0.125862,5.9405,5.9405,0.0,0.0
5382,8,13,6,tou,historically_calibrated,0.740365,0.125862,6.1071,6.1123,0.0052,0.0
5383,8,13,7,tou,historically_calibrated,0.740365,0.125862,7.5327,7.6066,0.0739,0.0
5384,8,13,8,tou,historically_calibrated,1.332657,0.226552,7.2284,7.4812,0.2527,0.0
5385,8,13,9,tou,historically_calibrated,1.332657,0.226552,7.0146,7.5625,0.4588,0.0892
5386,8,13,10,tou,historically_calibrated,1.332657,0.226552,6.1691,7.489,0.6065,0.7133
5387,8,13,11,tou,historically_calibrated,1.332657,0.226552,6.5452,7.3109,0.6765,0.0892
5388,8,13,12,tou,historically_calibrated,1.332657,0.226552,5.6557,7.1349,0.7659,0.7133
5389,8,13,13,tou,historically_calibrated,1.332657,0.226552,5.6428,7.0546,0.6985,0.7133
5390,8,13,14,tou,historically_calibrated,1.332657,0.226552,5.7112,7.1127,0.6882,0.7133
5391,8,13,15,tou,historically_calibrated,1.332657,0.226552,6.3702,7.3049,0.6337,0.3009
5392,8,13,16,tou,historically_calibrated,1.332657,0.226552,6.3392,7.5916,0.5391,0.7133
5393,8,13,17,tou,historically_calibrated,1.332657,0.226552,7.3154,7.9017,0.4121,0.1741
5394,8,13,18,tou,historically_calibrated,1.332657,0.226552,7.8653,8.1434,0.267,0.0111
5395,8,13,19,tou,historically_calibrated,1.332657,0.226552,8.1008,8.235,0.1231,0.0111
5396,8,13,20,tou,historically_calibrated,1.332657,0.226552,8.1225,8.1433,0.0207,0.0
5397,8,13,21,tou,historically_calibrated,1.332657,0.226552,7.9006,7.9006,0.0,0.0
5398,8,13,22,tou,historically_calibrated,1.332657,0.226552,7.5865,7.5865,0.0,0.0
5399,8,13,23,tou,historically_calibrated,0.740365,0.125862,7.3921,7.3921,0.0,0.0
5400,8,13,24,tou,historically_calibrated,0.740365,0.125862,5.8365,5.8365,0.0,0.0
5401,8,14,1,tou,historically_calibrated,0.740365,0.125862,5.5767,5.5767,0.0,0.0
5402,8,14,2,tou,historically_calibrated,0.740365,0.125862,6.2308,6.2308,0.0,0.0
5403,8,14,3,tou,historically_calibrated,0.740365,0.125862,5.6361,5.6361,0.0,0.0
5404,8,14,4,tou,historically_calibrated,0.740365,0.125862,5.7604,5.7604,0.0,0.0
5405,8,14,5,tou,historically_calibrated,0.740365,0.125862,5.9293,5.9405,0.0,0.0111
5406,8,14,6,tou,historically_calibrated,0.740365,0.125862,6.0668,6.0694,0.0026,0.0
5407,8,14,7,tou,historically_calibrated,0.740365,0.125862,7.348,7.3928,0.0337,0.0111
5408,8,14,8,tou,historically_calibrated,1.332657,0.226552,7.3723,7.4812,0.1089,0.0
5409,8,14,9,tou,historically_calibrated,1.332657,0.226552,7.3655,7.5625,0.197,0.0
5410,8,14,10,tou,historically_calibrated,1.332657,0.226552,7.1966,7.489,0.2812,0.0111
5411,8,14,11,tou,historically_calibrated,1.332657,0.226552,6.8718,7.3109,0.3499,0.0892
5412,8,14,12,tou,historically_calibrated,1.332657,0.226552,6.7272,7.1349,0.3966,0.0111
5413,8,14,13,tou,historically_calibrated,1.332657,0.226552,6.3369,7.0546,0.6286,0.0892
5414,8,14,14,tou,historically_calibrated,1.332657,0.226552,6.4243,7.2123,0.788,0.0
5415,8,14,15,tou,historically_calibrated,1.332657,0.226552,7.2282,7.9526,0.7245,0.0
5416,8,14,16,tou,historically_calibrated,1.332657,0.226552,7.6858,8.3001,0.6143,0.0
5417,8,14,17,tou,historically_calibrated,1.332657,0.226552,8.1584,8.6392,0.4808,0.0
5418,8,14,18,tou,historically_calibrated,1.332657,0.226552,8.5769,8.9035,0.3266,0.0
5419,8,14,19,tou,historically_calibrated,1.332657,0.226552,8.3088,8.4656,0.1568,0.0
5420,8,14,20,tou,historically_calibrated,1.332657,0.226552,8.116,8.1433,0.0272,0.0
5421,8,14,21,tou,historically_calibrated,1.332657,0.226552,7.9006,7.9006,0.0,0.0
5422,8,14,22,tou,historically_calibrated,1.332657,0.226552,7.5865,7.5865,0.0,0.0
5423,8,14,23,tou,historically_calibrated,0.740365,0.125862,7.2853,7.2853,0.0,0.0
5424,8,14,24,tou,historically_calibrated,0.740365,0.125862,5.8365,5.8365,0.0,0.0
5425,8,15,1,tou,historically_calibrated,0.740365,0.125862,5.5361,5.5361,0.0,0.0
5426,8,15,2,tou,historically_calibrated,0.740365,0.125862,5.5401,5.5401,0.0,0.0
5427,8,15,3,tou,historically_calibrated,0.740365,0.125862,5.5546,5.5546,0.0,0.0
5428,8,15,4,tou,historically_calibrated,0.740365,0.125862,5.5962,5.5962,0.0,0.0
5429,8,15,5,tou,historically_calibrated,0.740365,0.125862,5.7318,5.7318,0.0,0.0
5430,8,15,6,tou,historically_calibrated,0.740365,0.125862,5.9354,5.9406,0.0052,0.0
5431,8,15,7,tou,historically_calibrated,0.740365,0.125862,7.2095,7.286,0.0765,0.0
5432,8,15,8,tou,historically_calibrated,0.740365,0.125862,7.2246,7.4812,0.2566,0.0
5433,8,15,9,tou,historically_calibrated,0.740365,0.125862,7.0921,7.5625,0.4704,0.0
5434,8,15,10,tou,historically_calibrated,0.740365,0.125862,7.2325,7.8385,0.5949,0.0111
5435,8,15,11,tou,historically_calibrated,0.740365,0.125862,7.0702,7.8227,0.7413,0.0111
5436,8,15,12,tou,historically_calibrated,0.740365,0.125862,7.0214,7.8674,0.7569,0.0892
5437,8,15,13,tou,historically_calibrated,0.740365,0.125862,7.3657,8.1739,0.797,0.0111
5438,8,15,14,tou,historically_calibrated,0.740365,0.125862,7.3746,8.4072,0.9435,0.0892
5439,8,15,15,tou,historically_calibrated,0.740365,0.125862,7.6428,8.6003,0.8683,0.0892
5440,8,15,16,tou,historically_calibrated,0.740365,0.125862,8.2096,8.9024,0.6817,0.0111
5441,8,15,17,tou,historically_calibrated,0.740365,0.125862,7.8006,8.5655,0.464,0.3009
5442,8,15,18,tou,historically_calibrated,0.740365,0.125862,7.5241,8.1814,0.3564,0.3009
5443,8,15,19,tou,historically_calibrated,0.740365,0.125862,7.9852,8.235,0.1607,0.0892
5444,8,15,20,tou,historically_calibrated,0.740365,0.125862,8.0282,8.1433,0.0259,0.0892
5445,8,15,21,tou,historically_calibrated,0.740365,0.125862,7.8895,7.9006,0.0,0.0111
5446,8,15,22,tou,historically_calibrated,0.740365,0.125862,7.5862,7.5865,0.0,0.0003
5447,8,15,23,tou,historically_calibrated,0.740365,0.125862,7.9019,7.9264,0.0,0.0245
5448,8,15,24,tou,historically_calibrated,0.740365,0.125862,6.2106,6.2217,0.0,0.0111
5449,8,16,1,tou,historically_calibrated,0.740365,0.125862,5.9382,5.9421,0.0,0.0038
5450,8,16,2,tou,historically_calibrated,0.740365,0.125862,6.3524,6.3527,0.0,0.0003
5451,8,16,3,tou,historically_calibrated,0.740365,0.125862,6.2471,6.2471,0.0,0.0
5452,8,16,4,tou,historically_calibrated,0.740365,0.125862,6.7863,6.7863,0.0,0.0
5453,8,16,5,tou,historically_calibrated,0.740365,0.125862,6.9834,6.9837,0.0,0.0003
5454,8,16,6,tou,historically_calibrated,0.740365,0.125862,7.2676,7.2715,0.0039,0.0
5455,8,16,7,tou,historically_calibrated,0.740365,0.125862,8.1907,8.2477,0.057,0.0
5456,8,16,8,tou,historically_calibrated,1.332657,0.226552,7.2881,7.4812,0.1931,0.0
5457,8,16,9,tou,historically_calibrated,1.332657,0.226552,7.2113,7.5625,0.3512,0.0
5458,8,16,10,tou,historically_calibrated,1.332657,0.226552,7.0419,7.489,0.4471,0.0
5459,8,16,11,tou,historically_calibrated,1.332657,0.226552,6.8327,7.3109,0.4782,0.0
5460,8,16,12,tou,historically_calibrated,1.332657,0.226552,6.6036,7.1349,0.5314,0.0
5461,8,16,13,tou,historically_calibrated,1.332657,0.226552,6.4706,7.0875,0.6169,0.0
5462,8,16,14,tou,historically_calibrated,1.332657,0.226552,6.5451,7.2787,0.7335,0.0
5463,8,16,15,tou,historically_calibrated,1.332657,0.226552,6.8123,7.4072,0.5949,0.0
5464,8,16,16,tou,historically_calibrated,1.332657,0.226552,7.3398,7.7687,0.429,0.0
5465,8,16,17,tou,historically_calibrated,1.332657,0.226552,7.8333,8.1598,0.3266,0.0
5466,8,16,18,tou,historically_calibrated,1.332657,0.226552,8.0794,8.3335,0.254,0.0
5467,8,16,19,tou,historically_calibrated,1.332657,0.226552,8.1041,8.235,0.1309,0.0
5468,8,16,20,tou,historically_calibrated,1.332657,0.226552,8.1199,8.1433,0.0233,0.0
5469,8,16,21,tou,historically_calibrated,1.332657,0.226552,7.9006,7.9006,0.0,0.0
5470,8,16,22,tou,historically_calibrated,1.332657,0.226552,7.6421,7.6421,0.0,0.0
5471,8,16,23,tou,historically_calibrated,0.740365,0.125862,8.1401,8.1401,0.0,0.0
5472,8,16,24,tou,historically_calibrated,0.740365,0.125862,6.3929,6.3929,0.0,0.0
5473,8,17,1,tou,historically_calibrated,0.740365,0.125862,6.0233,6.0233,0.0,0.0
5474,8,17,2,tou,historically_calibrated,0.740365,0.125862,6.2714,6.2714,0.0,0.0
5475,8,17,3,tou,historically_calibrated,0.740365,0.125862,6.4101,6.4101,0.0,0.0
5476,8,17,4,tou,historically_calibrated,0.740365,0.125862,7.1147,7.1147,0.0,0.0
5477,8,17,5,tou,historically_calibrated,0.740365,0.125862,7.234,7.234,0.0,0.0
5478,8,17,6,tou,historically_calibrated,0.740365,0.125862,7.6111,7.615,0.0039,0.0
5479,8,17,7,tou,historically_calibrated,0.740365,0.125862,8.1842,8.2477,0.0635,0.0
5480,8,17,8,tou,historically_calibrated,1.332657,0.226552,7.2608,7.4812,0.2203,0.0
5481,8,17,9,tou,historically_calibrated,1.332657,0.226552,7.1418,7.5625,0.4095,0.0111
5482,8,17,10,tou,historically_calibrated,1.332657,0.226552,6.9478,7.489,0.5301,0.0111
5483,8,17,11,tou,historically_calibrated,1.332657,0.226552,6.6502,7.3109,0.5715,0.0892
5484,8,17,12,tou,historically_calibrated,1.332657,0.226552,6.5975,7.3347,0.648,0.0892
5485,8,17,13,tou,historically_calibrated,1.332657,0.226552,6.6581,7.6472,0.6882,0.3009
5486,8,17,14,tou,historically_calibrated,1.332657,0.226552,6.9033,7.7766,0.7841,0.0892
5487,8,17,15,tou,historically_calibrated,1.332657,0.226552,6.7241,7.6458,0.6208,0.3009
5488,8,17,16,tou,historically_calibrated,1.332657,0.226552,7.3236,8.0522,0.4277,0.3009
5489,8,17,17,tou,historically_calibrated,1.332657,0.226552,7.6455,8.2705,0.324,0.3009
5490,8,17,18,tou,historically_calibrated,1.332657,0.226552,8.0689,8.4095,0.2514,0.0892
5491,8,17,19,tou,historically_calibrated,1.332657,0.226552,8.1345,8.235,0.0894,0.0111
5492,8,17,20,tou,historically_calibrated,1.332657,0.226552,7.8294,8.1433,0.013,0.3009
5493,8,17,21,tou,historically_calibrated,1.332657,0.226552,7.8115,7.9006,0.0,0.0892
5494,8,17,22,tou,historically_calibrated,1.332657,0.226552,7.5753,7.5865,0.0,0.0111
5495,8,17,23,tou,historically_calibrated,0.740365,0.125862,7.2853,7.2853,0.0,0.0
5496,8,17,24,tou,historically_calibrated,0.740365,0.125862,5.8365,5.8365,0.0,0.0
5497,8,18,1,tou,historically_calibrated,0.740365,0.125862,5.0932,5.0932,0.0,0.0
5498,8,18,2,tou,historically_calibrated,0.740365,0.125862,5.0969,5.0969,0.0,0.0
5499,8,18,3,tou,historically_calibrated,0.740365,0.125862,5.1103,5.1103,0.0,0.0
5500,8,18,4,tou,historically_calibrated,0.740365,0.125862,5.1863,5.1863,0.0,0.0
5501,8,18,5,tou,historically_calibrated,0.740365,0.125862,5.2349,5.2349,0.0,0.0
5502,8,18,6,tou,historically_calibrated,0.740365,0.125862,5.385,5.3863,0.0013,0.0
5503,8,18,7,tou,historically_calibrated,0.740365,0.125862,6.6863,6.7031,0.0168,0.0
5504,8,18,8,tou,historically_calibrated,0.740365,0.125862,6.8205,6.8827,0.0622,0.0
5505,8,18,9,tou,historically_calibrated,0.740365,0.125862,6.8409,6.9575,0.1166,0.0
5506,8,18,10,tou,historically_calibrated,0.740365,0.125862,6.7227,6.8899,0.1672,0.0
5507,8,18,11,tou,historically_calibrated,0.740365,0.125862,6.3852,6.726,0.3408,0.0
5508,8,18,12,tou,historically_calibrated,0.740365,0.125862,6.0859,6.5641,0.4782,0.0
5509,8,18,13,tou,historically_calibrated,0.740365,0.125862,5.8868,6.4902,0.5923,0.0111
5510,8,18,14,tou,historically_calibrated,0.740365,0.125862,6.1107,6.788,0.6661,0.0111
5511,8,18,15,tou,historically_calibrated,0.740365,0.125862,6.3332,6.9087,0.5378,0.0376
5512,8,18,16,tou,historically_calibrated,0.740365,0.125862,6.6706,7.1472,0.3875,0.0892
5513,8,18,17,tou,historically_calibrated,0.740365,0.125862,6.9445,7.2696,0.2359,0.0892
5514,8,18,18,tou,historically_calibrated,0.740365,0.125862,7.2151,7.492,0.2657,0.0111
5515,8,18,19,tou,historically_calibrated,0.740365,0.125862,7.3393,7.5762,0.1477,0.0892
5516,8,18,20,tou,historically_calibrated,0.740365,0.125862,7.4612,7.4918,0.0194,0.0111
5517,8,18,21,tou,historically_calibrated,0.740365,0.125862,7.2686,7.2686,0.0,0.0
5518,8,18,22,tou,historically_calibrated,0.740365,0.125862,6.9796,6.9796,0.0,0.0
5519,8,18,23,tou,historically_calibrated,0.740365,0.125862,6.9482,6.9482,0.0,0.0
5520,8,18,24,tou,historically_calibrated,0.740365,0.125862,5.6846,5.6846,0.0,0.0
5521,8,19,1,tou,historically_calibrated,0.740365,0.125862,5.5788,5.5788,0.0,0.0
5522,8,19,2,tou,historically_calibrated,0.740365,0.125862,5.7697,5.7697,0.0,0.0
5523,8,19,3,tou,historically_calibrated,0.740365,0.125862,6.0097,6.0097,0.0,0.0
5524,8,19,4,tou,historically_calibrated,0.740365,0.125862,6.2812,6.2812,0.0,0.0
5525,8,19,5,tou,historically_calibrated,0.740365,0.125862,6.5785,6.5785,0.0,0.0
5526,8,19,6,tou,historically_calibrated,0.740365,0.125862,6.9242,6.9268,0.0026,0.0
5527,8,19,7,tou,historically_calibrated,0.740365,0.125862,8.5127,8.571,0.0583,0.0
5528,8,19,8,tou,historically_calibrated,0.740365,0.125862,7.347,7.5388,0.1918,0.0
5529,8,19,9,tou,historically_calibrated,0.740365,0.125862,6.5959,6.9575,0.3616,0.0
5530,8,19,10,tou,historically_calibrated,0.740365,0.125862,6.479,6.8899,0.4108,0.0
5531,8,19,11,tou,historically_calibrated,0.740365,0.125862,6.3839,6.726,0.3421,0.0
5532,8,19,12,tou,historically_calibrated,0.740365,0.125862,5.9213,6.5641,0.6428,0.0
5533,8,19,13,tou,historically_calibrated,0.740365,0.125862,5.8124,6.4902,0.6778,0.0
5534,8,19,14,tou,historically_calibrated,0.740365,0.125862,6.1393,6.5437,0.4044,0.0
5535,8,19,15,tou,historically_calibrated,0.740365,0.125862,6.3499,6.7205,0.3707,0.0
5536,8,19,16,tou,historically_calibrated,0.740365,0.125862,6.714,7.0821,0.3681,0.0
5537,8,19,17,tou,historically_calibrated,0.740365,0.125862,6.9534,7.2696,0.3162,0.0
5538,8,19,18,tou,historically_calibrated,0.740365,0.125862,7.2937,7.492,0.1983,0.0
5539,8,19,19,tou,historically_calibrated,0.740365,0.125862,7.4725,7.5762,0.1037,0.0
5540,8,19,20,tou,historically_calibrated,0.740365,0.125862,7.4775,7.4918,0.0143,0.0
5541,8,19,21,tou,historically_calibrated,0.740365,0.125862,7.2686,7.2686,0.0,0.0
5542,8,19,22,tou,historically_calibrated,0.740365,0.125862,6.9796,6.9796,0.0,0.0
5543,8,19,23,tou,historically_calibrated,0.740365,0.125862,6.8499,6.8499,0.0,0.0
5544,8,19,24,tou,historically_calibrated,0.740365,0.125862,6.1965,6.1965,0.0,0.0
5545,8,20,1,tou,historically_calibrated,0.740365,0.125862,6.5104,6.5104,0.0,0.0
5546,8,20,2,tou,historically_calibrated,0.740365,0.125862,6.8402,6.8402,0.0,0.0
5547,8,20,3,tou,historically_calibrated,0.740365,0.125862,6.9396,6.9396,0.0,0.0
5548,8,20,4,tou,historically_calibrated,0.740365,0.125862,6.9915,6.9915,0.0,0.0
5549,8,20,5,tou,historically_calibrated,0.740365,0.125862,7.0977,7.1089,0.0,0.0111
5550,8,20,6,tou,historically_calibrated,0.740365,0.125862,7.6013,7.615,0.0026,0.0111
5551,8,20,7,tou,historically_calibrated,0.740365,0.125862,8.7927,8.8355,0.0428,0.0
5552,8,20,8,tou,historically_calibrated,1.332657,0.226552,7.2706,7.536,0.1763,0.0892
5553,8,20,9,tou,historically_calibrated,1.332657,0.226552,7.1157,7.5625,0.3577,0.0892
5554,8,20,10,tou,historically_calibrated,1.332657,0.226552,6.2573,7.489,0.5184,0.7133
5555,8,20,11,tou,historically_calibrated,1.332657,0.226552,6.4415,7.3109,0.7802,0.0892
5556,8,20,12,tou,historically_calibrated,1.332657,0.226552,5.9436,7.1349,0.8904,0.3009
5557,8,20,13,tou,historically_calibrated,1.332657,0.226552,5.6858,7.318,0.9189,0.7133
5558,8,20,14,tou,historically_calibrated,1.332657,0.226552,5.9828,7.5774,0.8813,0.7133
5559,8,20,15,tou,historically_calibrated,1.332657,0.226552,6.3189,7.8163,0.7841,0.7133
5560,8,20,16,tou,historically_calibrated,1.332657,0.226552,7.0989,7.9104,0.5106,0.3009
5561,8,20,17,tou,historically_calibrated,1.332657,0.226552,7.0302,7.9755,0.232,0.7133
5562,8,20,18,tou,historically_calibrated,1.332657,0.226552,7.2863,8.1434,0.1439,0.7133
5563,8,20,19,tou,historically_calibrated,1.332657,0.226552,7.4621,8.235,0.0596,0.7133
5564,8,20,20,tou,historically_calibrated,1.332657,0.226552,7.4222,8.1433,0.0078,0.7133
5565,8,20,21,tou,historically_calibrated,1.332657,0.226552,7.5997,7.9006,0.0,0.3009
5566,8,20,22,tou,historically_calibrated,1.332657,0.226552,6.1933,7.5865,0.0,1.3932
5567,8,20,23,tou,historically_calibrated,0.740365,0.125862,6.572,7.2853,0.0,0.7133
5568,8,20,24,tou,historically_calibrated,0.740365,0.125862,5.1232,5.8365,0.0,0.7133
5569,8,21,1,tou,historically_calibrated,0.740365,0.125862,4.8228,5.5361,0.0,0.7133
5570,8,21,2,tou,historically_calibrated,0.740365,0.125862,4.8268,5.5401,0.0,0.7133
5571,8,21,3,tou,historically_calibrated,0.740365,0.125862,4.8413,5.5546,0.0,0.7133
5572,8,21,4,tou,historically_calibrated,0.740365,0.125862,4.8829,5.5962,0.0,0.7133
5573,8,21,5,tou,historically_calibrated,0.740365,0.125862,1.8672,5.6901,0.0,3.8229
5574,8,21,6,tou,historically_calibrated,0.740365,0.125862,4.9767,6.3699,0.0,1.3932
5575,8,21,7,tou,historically_calibrated,0.740365,0.125862,4.0353,7.8737,0.0156,3.8229
5576,8,21,8,tou,historically_calibrated,1.332657,0.226552,4.257,8.1395,0.0596,3.8229
5577,8,21,9,tou,historically_calibrated,1.332657,0.226552,5.486,8.0062,0.1128,2.4074
5578,8,21,10,tou,historically_calibrated,1.332657,0.226552,4.917,7.489,0.1646,2.4074
5579,8,21,11,tou,historically_calibrated,1.332657,0.226552,4.6961,7.3109,0.2074,2.4074
5580,8,21,12,tou,historically_calibrated,1.332657,0.226552,5.5072,7.1349,0.2346,1.3932
5581,8,21,13,tou,historically_calibrated,1.332657,0.226552,6.5061,7.0546,0.2475,0.3009
5582,8,21,14,tou,historically_calibrated,1.332657,0.226552,6.0028,7.1127,0.3966,0.7133
5583,8,21,15,tou,historically_calibrated,1.332657,0.226552,6.6411,7.3049,0.3629,0.3009
5584,8,21,16,tou,historically_calibrated,1.332657,0.226552,6.9861,7.5916,0.3046,0.3009
5585,8,21,17,tou,historically_calibrated,1.332657,0.226552,7.3727,7.9017,0.2281,0.3009
5586,8,21,18,tou,historically_calibrated,1.332657,0.226552,7.7012,8.1434,0.1413,0.3009
5587,8,21,19,tou,historically_calibrated,1.332657,0.226552,8.1461,8.235,0.0778,0.0111
5588,8,21,20,tou,historically_calibrated,1.332657,0.226552,8.1243,8.1433,0.0078,0.0111
5589,8,21,21,tou,historically_calibrated,1.332657,0.226552,7.8895,7.9006,0.0,0.0111
5590,8,21,22,tou,historically_calibrated,1.332657,0.226552,7.2855,7.5865,0.0,0.3009
5591,8,21,23,tou,historically_calibrated,0.740365,0.125862,7.2741,7.2853,0.0,0.0111
5592,8,21,24,tou,historically_calibrated,0.740365,0.125862,5.5356,5.8365,0.0,0.3009
5593,8,22,1,tou,historically_calibrated,0.740365,0.125862,5.4469,5.5361,0.0,0.0892
5594,8,22,2,tou,historically_calibrated,0.740365,0.125862,5.8166,5.9058,0.0,0.0892
5595,8,22,3,tou,historically_calibrated,0.740365,0.125862,5.6611,5.962,0.0,0.3009
5596,8,22,4,tou,historically_calibrated,0.740365,0.125862,5.9995,6.0887,0.0,0.0892
5597,8,22,5,tou,historically_calibrated,0.740365,0.125862,6.2686,6.3578,0.0,0.0892
5598,8,22,6,tou,historically_calibrated,0.740365,0.125862,6.6229,6.7134,0.0013,0.0892
5599,8,22,7,tou,historically_calibrated,0.740365,0.125862,8.1809,8.3012,0.0311,0.0892
5600,8,22,8,tou,historically_calibrated,1.332657,0.226552,8.1203,8.3041,0.0946,0.0892
5601,8,22,9,tou,historically_calibrated,1.332657,0.226552,7.8452,8.1171,0.1827,0.0892
5602,8,22,10,tou,historically_calibrated,1.332657,0.226552,7.1328,7.489,0.267,0.0892
5603,8,22,11,tou,historically_calibrated,1.332657,0.226552,6.5577,7.3109,0.4523,0.3009
5604,8,22,12,tou,historically_calibrated,1.332657,0.226552,6.3182,7.1349,0.5158,0.3009
5605,8,22,13,tou,historically_calibrated,1.332657,0.226552,5.797,7.0546,0.5443,0.7133
5606,8,22,14,tou,historically_calibrated,1.332657,0.226552,6.4139,7.1127,0.3979,0.3009
5607,8,22,15,tou,historically_calibrated,1.332657,0.226552,6.8529,7.3049,0.3629,0.0892
5608,8,22,16,tou,historically_calibrated,1.332657,0.226552,7.4442,7.7586,0.3033,0.0111
5609,8,22,17,tou,historically_calibrated,1.332657,0.226552,7.4577,7.9017,0.4329,0.0111
5610,8,22,18,tou,historically_calibrated,1.332657,0.226552,7.8249,8.1434,0.2294,0.0892
5611,8,22,19,tou,historically_calibrated,1.332657,0.226552,8.1383,8.3558,0.1283,0.0892
5612,8,22,20,tou,historically_calibrated,1.332657,0.226552,9.1902,9.2182,0.0168,0.0111
5613,8,22,21,tou,historically_calibrated,1.332657,0.226552,9.28,9.2911,0.0,0.0111
5614,8,22,22,tou,historically_calibrated,1.332657,0.226552,9.033,9.033,0.0,0.0
5615,8,22,23,tou,historically_calibrated,0.740365,0.125862,8.7812,8.7812,0.0,0.0
5616,8,22,24,tou,historically_calibrated,0.740365,0.125862,7.3773,7.3773,0.0,0.0
5617,8,23,1,tou,historically_calibrated,0.740365,0.125862,7.5142,7.5254,0.0,0.0111
5618,8,23,2,tou,historically_calibrated,0.740365,0.125862,7.2353,7.2465,0.0,0.0111
5619,8,23,3,tou,historically_calibrated,0.740365,0.125862,7.4987,7.5099,0.0,0.0111
5620,8,23,4,tou,historically_calibrated,0.740365,0.125862,7.8012,7.8123,0.0,0.0111
5621,8,23,5,tou,historically_calibrated,0.740365,0.125862,7.9017,7.9017,0.0,0.0
5622,8,23,6,tou,historically_calibrated,0.740365,0.125862,7.9031,7.9156,0.0013,0.0111
5623,8,23,7,tou,historically_calibrated,0.740365,0.125862,9.1909,9.3163,0.0363,0.0892
5624,8,23,8,tou,historically_calibrated,1.332657,0.226552,8.6702,8.8527,0.0933,0.0892
5625,8,23,9,tou,historically_calibrated,1.332657,0.226552,7.9719,8.1726,0.1115,0.0892
5626,8,23,10,tou,historically_calibrated,1.332657,0.226552,7.2065,7.5439,0.1633,0.1741
5627,8,23,11,tou,historically_calibrated,1.332657,0.226552,6.8039,7.3109,0.2061,0.3009
5628,8,23,12,tou,historically_calibrated,1.332657,0.226552,6.5994,7.1349,0.2346,0.3009
5629,8,23,13,tou,historically_calibrated,1.332657,0.226552,6.5061,7.0546,0.2475,0.3009
5630,8,23,14,tou,historically_calibrated,1.332657,0.226552,6.7812,7.1127,0.2424,0.0892
5631,8,23,15,tou,historically_calibrated,1.332657,0.226552,6.9092,7.3049,0.2216,0.1741
5632,8,23,16,tou,historically_calibrated,1.332657,0.226552,7.1053,7.5916,0.1853,0.3009
5633,8,23,17,tou,historically_calibrated,1.332657,0.226552,7.4621,7.9017,0.1387,0.3009
5634,8,23,18,tou,historically_calibrated,1.332657,0.226552,7.6445,8.442,0.0842,0.7133
5635,8,23,19,tou,historically_calibrated,1.332657,0.226552,8.5056,8.8389,0.0324,0.3009
5636,8,23,20,tou,historically_calibrated,1.332657,0.226552,6.0305,8.4418,0.0039,2.4074
5637,8,23,21,tou,historically_calibrated,1.332657,0.226552,5.4932,7.9006,0.0,2.4074
5638,8,23,22,tou,historically_calibrated,1.332657,0.226552,5.1791,7.5865,0.0,2.4074
5639,8,23,23,tou,historically_calibrated,0.740365,0.125862,5.8921,7.2853,0.0,1.3932
5640,8,23,24,tou,historically_calibrated,0.740365,0.125862,4.4433,5.8365,0.0,1.3932
5641,8,24,1,tou,historically_calibrated,0.740365,0.125862,3.1287,5.5361,0.0,2.4074
5642,8,24,2,tou,historically_calibrated,0.740365,0.125862,4.147,5.5401,0.0,1.3932
5643,8,24,3,tou,historically_calibrated,0.740365,0.125862,4.1615,5.5546,0.0,1.3932
5644,8,24,4,tou,historically_calibrated,0.740365,0.125862,4.203,5.5962,0.0,1.3932
5645,8,24,5,tou,historically_calibrated,0.740365,0.125862,3.2827,5.6901,0.0,2.4074
5646,8,24,6,tou,historically_calibrated,0.740365,0.125862,3.4473,5.8547,0.0,2.4074
5647,8,24,7,tou,historically_calibrated,0.740365,0.125862,6.7122,7.4463,0.0207,0.7133
5648,8,24,8,tou,historically_calibrated,1.332657,0.226552,6.6758,7.4812,0.092,0.7133
5649,8,24,9,tou,historically_calibrated,1.332657,0.226552,4.9763,7.5625,0.1788,2.4074
5650,8,24,10,tou,historically_calibrated,1.332657,0.226552,4.8677,7.489,0.2138,2.4074
5651,8,24,11,tou,historically_calibrated,1.332657,0.226552,7.7688,8.0615,0.2035,0.0892
5652,8,24,12,tou,historically_calibrated,1.332657,0.226552,7.0002,7.3965,0.3072,0.0892
5653,8,24,13,tou,historically_calibrated,1.332657,0.226552,6.5676,7.0546,0.3979,0.0892
5654,8,24,14,tou,historically_calibrated,1.332657,0.226552,6.7102,7.1127,0.3914,0.0111
5655,8,24,15,tou,historically_calibrated,1.332657,0.226552,6.7362,7.3049,0.4795,0.0892
5656,8,24,16,tou,historically_calibrated,1.332657,0.226552,7.0087,7.5916,0.4938,0.0892
5657,8,24,17,tou,historically_calibrated,1.332657,0.226552,7.4471,7.9017,0.3655,0.0892
5658,8,24,18,tou,historically_calibrated,1.332657,0.226552,7.912,8.1434,0.2203,0.0111
5659,8,24,19,tou,historically_calibrated,1.332657,0.226552,8.2928,8.3558,0.0518,0.0111
5660,8,24,20,tou,historically_calibrated,1.332657,0.226552,8.6383,8.7404,0.013,0.0892
5661,8,24,21,tou,historically_calibrated,1.332657,0.226552,9.2332,9.2332,0.0,0.0
5662,8,24,22,tou,historically_calibrated,1.332657,0.226552,9.1887,9.1999,0.0,0.0111
5663,8,24,23,tou,historically_calibrated,0.740365,0.125862,9.3689,9.3689,0.0,0.0
5664,8,24,24,tou,historically_calibrated,0.740365,0.125862,7.4946,7.5057,0.0,0.0111
5665,8,25,1,tou,historically_calibrated,0.740365,0.125862,6.5872,6.5872,0.0,0.0
5666,8,25,2,tou,historically_calibrated,0.740365,0.125862,6.9284,6.9284,0.0,0.0
5667,8,25,3,tou,historically_calibrated,0.740365,0.125862,7.3213,7.3213,0.0,0.0
5668,8,25,4,tou,historically_calibrated,0.740365,0.125862,7.7159,7.7159,0.0,0.0
5669,8,25,5,tou,historically_calibrated,0.740365,0.125862,7.6534,7.6534,0.0,0.0
5670,8,25,6,tou,historically_calibrated,0.740365,0.125862,7.3218,7.3218,0.0,0.0
5671,8,25,7,tou,historically_calibrated,0.740365,0.125862,8.8879,8.9151,0.0272,0.0
5672,8,25,8,tou,historically_calibrated,0.740365,0.125862,8.3179,8.4978,0.0907,0.0892
5673,8,25,9,tou,historically_calibrated,0.740365,0.125862,8.0444,8.2331,0.1776,0.0111
5674,8,25,10,tou,historically_calibrated,0.740365,0.125862,6.6905,7.0414,0.2618,0.0892
5675,8,25,11,tou,historically_calibrated,0.740365,0.125862,5.8795,6.726,0.5456,0.3009
5676,8,25,12,tou,historically_calibrated,0.740365,0.125862,5.8166,6.5641,0.6584,0.0892
5677,8,25,13,tou,historically_calibrated,0.740365,0.125862,5.6727,6.4902,0.7284,0.0892
5678,8,25,14,tou,historically_calibrated,0.740365,0.125862,5.7054,6.5437,0.7491,0.0892
5679,8,25,15,tou,historically_calibrated,0.740365,0.125862,5.8719,6.7205,0.7595,0.0892
5680,8,25,16,tou,historically_calibrated,0.740365,0.125862,6.1144,6.9843,0.5689,0.3009
5681,8,25,17,tou,historically_calibrated,0.740365,0.125862,6.7126,7.2696,0.4679,0.0892
5682,8,25,18,tou,historically_calibrated,0.740365,0.125862,7.3486,7.492,0.1322,0.0111
5683,8,25,19,tou,historically_calibrated,0.740365,0.125862,7.4378,7.5762,0.0492,0.0892
5684,8,25,20,tou,historically_calibrated,0.740365,0.125862,7.4866,7.4918,0.0052,0.0
5685,8,25,21,tou,historically_calibrated,0.740365,0.125862,7.2686,7.2686,0.0,0.0
5686,8,25,22,tou,historically_calibrated,0.740365,0.125862,6.9796,6.9796,0.0,0.0
5687,8,25,23,tou,historically_calibrated,0.740365,0.125862,6.7024,6.7024,0.0,0.0
5688,8,25,24,tou,historically_calibrated,0.740365,0.125862,5.9209,5.9209,0.0,0.0
5689,8,26,1,tou,historically_calibrated,0.740365,0.125862,5.8402,5.8402,0.0,0.0
5690,8,26,2,tou,historically_calibrated,0.740365,0.125862,5.9566,5.9566,0.0,0.0
5691,8,26,3,tou,historically_calibrated,0.740365,0.125862,6.2345,6.2345,0.0,0.0
5692,8,26,4,tou,historically_calibrated,0.740365,0.125862,5.9414,5.9414,0.0,0.0
5693,8,26,5,tou,historically_calibrated,0.740365,0.125862,6.0027,6.0027,0.0,0.0
5694,8,26,6,tou,historically_calibrated,0.740365,0.125862,5.9393,5.9393,0.0,0.0
5695,8,26,7,tou,historically_calibrated,0.740365,0.125862,7.5159,7.5388,0.0117,0.0111
5696,8,26,8,tou,historically_calibrated,0.740365,0.125862,7.2943,7.4379,0.0544,0.0892
5697,8,26,9,tou,historically_calibrated,0.740365,0.125862,6.5837,7.0596,0.175,0.3009
5698,8,26,10,tou,historically_calibrated,0.740365,0.125862,6.4295,6.8899,0.1594,0.3009
5699,8,26,11,tou,historically_calibrated,0.740365,0.125862,6.436,6.726,0.2009,0.0892
5700,8,26,12,tou,historically_calibrated,0.740365,0.125862,5.6214,6.5641,0.2294,0.7133
5701,8,26,13,tou,historically_calibrated,0.740365,0.125862,5.5359,6.4902,0.2411,0.7133
5702,8,26,14,tou,historically_calibrated,0.740365,0.125862,5.5932,6.5437,0.2372,0.7133
5703,8,26,15,tou,historically_calibrated,0.740365,0.125862,5.7221,6.7205,0.2851,0.7133
5704,8,26,16,tou,historically_calibrated,0.740365,0.125862,5.9794,6.9843,0.2916,0.7133
5705,8,26,17,tou,historically_calibrated,0.740365,0.125862,6.3411,7.2696,0.2151,0.7133
5706,8,26,18,tou,historically_calibrated,0.740365,0.125862,7.1998,8.0414,0.1283,0.7133
5707,8,26,19,tou,historically_calibrated,0.740365,0.125862,8.195,8.2429,0.048,0.0
5708,8,26,20,tou,historically_calibrated,0.740365,0.125862,8.4206,8.4258,0.0052,0.0
5709,8,26,21,tou,historically_calibrated,0.740365,0.125862,8.228,8.228,0.0,0.0
5710,8,26,22,tou,historically_calibrated,0.740365,0.125862,8.0544,8.0544,0.0,0.0
5711,8,26,23,tou,historically_calibrated,0.740365,0.125862,7.8329,7.8329,0.0,0.0
5712,8,26,24,tou,historically_calibrated,0.740365,0.125862,6.3934,6.3934,0.0,0.0
5713,8,27,1,tou,historically_calibrated,0.740365,0.125862,6.5916,6.5916,0.0,0.0
5714,8,27,2,tou,historically_calibrated,0.740365,0.125862,6.7996,6.7996,0.0,0.0
5715,8,27,3,tou,historically_calibrated,0.740365,0.125862,7.3877,7.3877,0.0,0.0
5716,8,27,4,tou,historically_calibrated,0.740365,0.125862,7.1557,7.1557,0.0,0.0
5717,8,27,5,tou,historically_calibrated,0.740365,0.125862,7.1923,7.1923,0.0,0.0
5718,8,27,6,tou,historically_calibrated,0.740365,0.125862,7.3892,7.4003,0.0,0.0111
5719,8,27,7,tou,historically_calibrated,0.740365,0.125862,8.9776,8.9958,0.0181,0.0
5720,8,27,8,tou,historically_calibrated,1.332657,0.226552,8.6013,8.6881,0.0868,0.0
5721,8,27,9,tou,historically_calibrated,1.332657,0.226552,8.8694,9.0599,0.1905,0.0
5722,8,27,10,tou,historically_calibrated,1.332657,0.226552,8.1069,8.4226,0.3046,0.0111
5723,8,27,11,tou,historically_calibrated,1.332657,0.226552,7.8514,8.2759,0.4134,0.0111
5724,8,27,12,tou,historically_calibrated,1.332657,0.226552,6.5404,7.3442,0.5028,0.3009
5725,8,27,13,tou,historically_calibrated,1.332657,0.226552,6.7073,7.5719,0.5638,0.3009
5726,8,27,14,tou,historically_calibrated,1.332657,0.226552,5.8175,7.1127,0.5819,0.7133
5727,8,27,15,tou,historically_calibrated,1.332657,0.226552,6.8779,7.7335,0.5547,0.3009
5728,8,27,16,tou,historically_calibrated,1.332657,0.226552,7.577,8.1483,0.4821,0.0892
5729,8,27,17,tou,historically_calibrated,1.332657,0.226552,8.3036,8.7709,0.4562,0.0111
5730,8,27,18,tou,historically_calibrated,1.332657,0.226552,8.0521,8.3823,0.2411,0.0892
5731,8,27,19,tou,historically_calibrated,1.332657,0.226552,8.644,9.0201,0.0752,0.3009
5732,8,27,20,tou,historically_calibrated,1.332657,0.226552,9.677,9.6959,0.0078,0.0111
5733,8,27,21,tou,historically_calibrated,1.332657,0.226552,9.9753,9.9864,0.0,0.0111
5734,8,27,22,tou,historically_calibrated,1.332657,0.226552,9.4445,9.5337,0.0,0.0892
5735,8,27,23,tou,historically_calibrated,0.740365,0.125862,9.1974,9.2086,0.0,0.0111
5736,8,27,24,tou,historically_calibrated,0.740365,0.125862,7.4201,7.4201,0.0,0.0
5737,8,28,1,tou,historically_calibrated,0.740365,0.125862,7.2006,7.2006,0.0,0.0
5738,8,28,2,tou,historically_calibrated,0.740365,0.125862,7.1652,7.1652,0.0,0.0
5739,8,28,3,tou,historically_calibrated,0.740365,0.125862,7.3877,7.3877,0.0,0.0
5740,8,28,4,tou,historically_calibrated,0.740365,0.125862,7.6892,7.6892,0.0,0.0
5741,8,28,5,tou,historically_calibrated,0.740365,0.125862,7.8125,7.9017,0.0,0.0892
5742,8,28,6,tou,historically_calibrated,0.740365,0.125862,7.8726,7.8726,0.0,0.0
5743,8,28,7,tou,historically_calibrated,0.740365,0.125862,9.5555,9.5835,0.0168,0.0111
5744,8,28,8,tou,historically_calibrated,1.332657,0.226552,9.3707,9.4562,0.0855,0.0
5745,8,28,9,tou,historically_calibrated,1.332657,0.226552,8.7766,8.949,0.1724,0.0
5746,8,28,10,tou,historically_calibrated,1.332657,0.226552,8.5942,8.862,0.2566,0.0111
5747,8,28,11,tou,historically_calibrated,1.332657,0.226552,7.5753,7.9006,0.3253,0.0
5748,8,28,12,tou,historically_calibrated,1.332657,0.226552,7.1704,7.5535,0.372,0.0111
5749,8,28,13,tou,historically_calibrated,1.332657,0.226552,6.5715,7.0546,0.394,0.0892
5750,8,28,14,tou,historically_calibrated,1.332657,0.226552,6.6373,7.1127,0.3862,0.0892
5751,8,28,15,tou,historically_calibrated,1.332657,0.226552,6.6528,7.3049,0.3512,0.3009
5752,8,28,16,tou,historically_calibrated,1.332657,0.226552,7.3901,7.9813,0.2903,0.3009
5753,8,28,17,tou,historically_calibrated,1.332657,0.226552,8.0636,8.3653,0.2125,0.0892
5754,8,28,18,tou,historically_calibrated,1.332657,0.226552,8.6162,8.7406,0.1244,0.0
5755,8,28,19,tou,historically_calibrated,1.332657,0.226552,8.9662,9.0201,0.0428,0.0111
5756,8,28,20,tou,historically_calibrated,1.332657,0.226552,9.1546,9.1584,0.0039,0.0
5757,8,28,21,tou,historically_calibrated,1.332657,0.226552,9.0594,9.0594,0.0,0.0
5758,8,28,22,tou,historically_calibrated,1.332657,0.226552,9.1999,9.1999,0.0,0.0
5759,8,28,23,tou,historically_calibrated,0.740365,0.125862,9.3154,9.3154,0.0,0.0
5760,8,28,24,tou,historically_calibrated,0.740365,0.125862,7.9766,7.9766,0.0,0.0
5761,8,29,1,tou,historically_calibrated,0.740365,0.125862,7.2412,7.2412,0.0,0.0
5762,8,29,2,tou,historically_calibrated,0.740365,0.125862,7.0434,7.0434,0.0,0.0
5763,8,29,3,tou,historically_calibrated,0.740365,0.125862,7.0099,7.0211,0.0,0.0111
5764,8,29,4,tou,historically_calibrated,0.740365,0.125862,7.3199,7.3199,0.0,0.0
5765,8,29,5,tou,historically_calibrated,0.740365,0.125862,7.9851,7.9851,0.0,0.0
5766,8,29,6,tou,historically_calibrated,0.740365,0.125862,7.7438,7.7438,0.0,0.0
5767,8,29,7,tou,historically_calibrated,0.740365,0.125862,9.5145,9.5301,0.0156,0.0
5768,8,29,8,tou,historically_calibrated,1.332657,0.226552,8.5503,8.6333,0.0829,0.0
5769,8,29,9,tou,historically_calibrated,1.332657,0.226552,7.9473,8.1171,0.1698,0.0
5770,8,29,10,tou,historically_calibrated,1.332657,0.226552,7.4548,7.8734,0.4186,0.0
5771,8,29,11,tou,historically_calibrated,1.332657,0.226552,6.9882,7.3109,0.3227,0.0
5772,8,29,12,tou,historically_calibrated,1.332657,0.226552,6.7544,7.1349,0.3694,0.0111
5773,8,29,13,tou,historically_calibrated,1.332657,0.226552,6.6658,7.0546,0.3888,0.0
5774,8,29,14,tou,historically_calibrated,1.332657,0.226552,6.7193,7.1127,0.3823,0.0111
5775,8,29,15,tou,historically_calibrated,1.332657,0.226552,6.9589,7.3049,0.346,0.0
5776,8,29,16,tou,historically_calibrated,1.332657,0.226552,7.294,7.5916,0.2864,0.0111
5777,8,29,17,tou,historically_calibrated,1.332657,0.226552,7.6843,7.9017,0.1283,0.0892
5778,8,29,18,tou,historically_calibrated,1.332657,0.226552,7.9804,8.1434,0.0739,0.0892
5779,8,29,19,tou,historically_calibrated,1.332657,0.226552,8.5727,8.5974,0.0246,0.0
5780,8,29,20,tou,historically_calibrated,1.332657,0.226552,8.917,8.9196,0.0026,0.0
5781,8,29,21,tou,historically_calibrated,1.332657,0.226552,8.8276,8.8276,0.0,0.0
5782,8,29,22,tou,historically_calibrated,1.332657,0.226552,8.5879,8.5879,0.0,0.0
5783,8,29,23,tou,historically_calibrated,0.740365,0.125862,8.4072,8.4072,0.0,0.0
5784,8,29,24,tou,historically_calibrated,0.740365,0.125862,6.6925,6.6925,0.0,0.0
5785,8,30,1,tou,historically_calibrated,0.740365,0.125862,6.4292,6.4292,0.0,0.0
5786,8,30,2,tou,historically_calibrated,0.740365,0.125862,6.5558,6.5558,0.0,0.0
5787,8,30,3,tou,historically_calibrated,0.740365,0.125862,6.6137,6.6137,0.0,0.0
5788,8,30,4,tou,historically_calibrated,0.740365,0.125862,6.6632,6.6632,0.0,0.0
5789,8,30,5,tou,historically_calibrated,0.740365,0.125862,6.7333,6.7333,0.0,0.0
5790,8,30,6,tou,historically_calibrated,0.740365,0.125862,6.8422,6.8422,0.0,0.0
5791,8,30,7,tou,historically_calibrated,0.740365,0.125862,8.3989,8.408,0.0091,0.0
5792,8,30,8,tou,historically_calibrated,1.332657,0.226552,8.3084,8.359,0.0505,0.0
5793,8,30,9,tou,historically_calibrated,1.332657,0.226552,8.1256,8.228,0.1024,0.0
5794,8,30,10,tou,historically_calibrated,1.332657,0.226552,7.6643,7.8185,0.1542,0.0
5795,8,30,11,tou,historically_calibrated,1.332657,0.226552,7.1152,7.3109,0.1957,0.0
5796,8,30,12,tou,historically_calibrated,1.332657,0.226552,6.9107,7.1349,0.2242,0.0
5797,8,30,13,tou,historically_calibrated,1.332657,0.226552,6.6697,7.0546,0.3849,0.0
5798,8,30,14,tou,historically_calibrated,1.332657,0.226552,6.7369,7.1127,0.3758,0.0
5799,8,30,15,tou,historically_calibrated,1.332657,0.226552,6.9641,7.3049,0.3408,0.0
5800,8,30,16,tou,historically_calibrated,1.332657,0.226552,7.3091,7.5916,0.2825,0.0
5801,8,30,17,tou,historically_calibrated,1.332657,0.226552,7.6858,7.9017,0.2048,0.0111
5802,8,30,18,tou,historically_calibrated,1.332657,0.226552,8.0144,8.1434,0.1179,0.0111
5803,8,30,19,tou,historically_calibrated,1.332657,0.226552,8.1961,8.235,0.0389,0.0
5804,8,30,20,tou,historically_calibrated,1.332657,0.226552,8.1407,8.1433,0.0026,0.0
5805,8,30,21,tou,historically_calibrated,1.332657,0.226552,7.9006,7.9006,0.0,0.0
5806,8,30,22,tou,historically_calibrated,1.332657,0.226552,7.5865,7.5865,0.0,0.0
5807,8,30,23,tou,historically_calibrated,0.740365,0.125862,8.0332,8.0332,0.0,0.0
5808,8,30,24,tou,historically_calibrated,0.740365,0.125862,6.7781,6.7781,0.0,0.0
5809,8,31,1,tou,historically_calibrated,0.740365,0.125862,6.348,6.348,0.0,0.0
5810,8,31,2,tou,historically_calibrated,0.740365,0.125862,6.759,6.759,0.0,0.0
5811,8,31,3,tou,historically_calibrated,0.740365,0.125862,6.6952,6.6952,0.0,0.0
5812,8,31,4,tou,historically_calibrated,0.740365,0.125862,7.3199,7.3199,0.0,0.0
5813,8,31,5,tou,historically_calibrated,0.740365,0.125862,7.5261,7.5261,0.0,0.0
5814,8,31,6,tou,historically_calibrated,0.740365,0.125862,7.5291,7.5291,0.0,0.0
5815,8,31,7,tou,historically_calibrated,0.740365,0.125862,9.1431,9.156,0.013,0.0
5816,8,31,8,tou,historically_calibrated,1.332657,0.226552,9.0467,9.127,0.0804,0.0
5817,8,31,9,tou,historically_calibrated,1.332657,0.226552,8.5058,8.6717,0.1659,0.0
5818,8,31,10,tou,historically_calibrated,1.332657,0.226552,7.8443,8.0931,0.2488,0.0
5819,8,31,11,tou,historically_calibrated,1.332657,0.226552,6.8845,7.3109,0.4264,0.0
5820,8,31,12,tou,historically_calibrated,1.332657,0.226552,6.5362,7.1349,0.5988,0.0
5821,8,31,13,tou,historically_calibrated,1.332657,0.226552,6.3872,7.0546,0.6674,0.0
5822,8,31,14,tou,historically_calibrated,1.332657,0.226552,6.4258,7.1127,0.6869,0.0
5823,8,31,15,tou,historically_calibrated,1.332657,0.226552,6.6543,7.3049,0.6506,0.0
5824,8,31,16,tou,historically_calibrated,1.332657,0.226552,6.9941,7.5916,0.5975,0.0
5825,8,31,17,tou,historically_calibrated,1.332657,0.226552,7.4909,7.9017,0.4108,0.0
5826,8,31,18,tou,historically_calibrated,1.332657,0.226552,7.9244,8.1434,0.219,0.0
5827,8,31,19,tou,historically_calibrated,1.332657,0.226552,8.1741,8.235,0.0609,0.0
5828,8,31,20,tou,historically_calibrated,1.332657,0.226552,8.1381,8.1433,0.0052,0.0
5829,8,31,21,tou,historically_calibrated,1.332657,0.226552,8.0165,8.0165,0.0,0.0
5830,8,31,22,tou,historically_calibrated,1.332657,0.226552,7.809,7.809,0.0,0.0
5831,8,31,23,tou,historically_calibrated,0.740365,0.125862,7.2853,7.2853,0.0,0.0
5832,8,31,24,tou,historically_calibrated,0.740365,0.125862,5.8365,5.8365,0.0,0.0
5833,9,1,1,tou,historically_calibrated,0.740365,0.125862,5.0932,5.0932,0.0,0.0
5834,9,1,2,tou,historically_calibrated,0.740365,0.125862,5.0513,5.0969,0.0,0.0457
5835,9,1,3,tou,historically_calibrated,0.740365,0.125862,5.0646,5.1103,0.0,0.0457
5836,9,1,4,tou,historically_calibrated,0.740365,0.125862,5.0453,5.1485,0.0,0.1032
5837,9,1,5,tou,historically_calibrated,0.740365,0.125862,4.8697,5.2349,0.0,0.3652
5838,9,1,6,tou,historically_calibrated,0.740365,0.125862,5.1669,5.3863,0.0,0.2194
5839,9,1,7,tou,historically_calibrated,0.740365,0.125862,6.5882,6.7031,0.0117,0.1032
5840,9,1,8,tou,historically_calibrated,0.740365,0.125862,6.7367,6.8827,0.0428,0.1032
5841,9,1,9,tou,historically_calibrated,0.740365,0.125862,6.4977,6.9575,0.0946,0.3652
5842,9,1,10,tou,historically_calibrated,0.740365,0.125862,6.7299,6.8899,0.1452,0.0148
5843,9,1,11,tou,historically_calibrated,0.740365,0.125862,6.5233,6.726,0.1879,0.0148
5844,9,1,12,tou,historically_calibrated,0.740365,0.125862,6.3329,6.5641,0.2164,0.0148
5845,9,1,13,tou,historically_calibrated,0.740365,0.125862,6.2597,6.4902,0.2281,0.0024
5846,9,1,14,tou,historically_calibrated,0.740365,0.125862,6.306,6.5437,0.2229,0.0148
5847,9,1,15,tou,historically_calibrated,0.740365,0.125862,6.474,6.7205,0.2009,0.0457
5848,9,1,16,tou,historically_calibrated,0.740365,0.125862,6.6716,6.9843,0.267,0.0457
5849,9,1,17,tou,historically_calibrated,0.740365,0.125862,7.0793,7.2696,0.1879,0.0024
5850,9,1,18,tou,historically_calibrated,0.740365,0.125862,7.3747,7.492,0.1024,0.0148
5851,9,1,19,tou,historically_calibrated,0.740365,0.125862,7.5316,7.5762,0.0298,0.0148
5852,9,1,20,tou,historically_calibrated,0.740365,0.125862,7.4892,7.4918,0.0026,0.0
5853,9,1,21,tou,historically_calibrated,0.740365,0.125862,7.2686,7.2686,0.0,0.0
5854,9,1,22,tou,historically_calibrated,0.740365,0.125862,6.9647,6.9796,0.0,0.0148
5855,9,1,23,tou,historically_calibrated,0.740365,0.125862,6.6568,6.7024,0.0,0.0457
5856,9,1,24,tou,historically_calibrated,0.740365,0.125862,5.3547,5.3696,0.0,0.0148
5857,9,2,1,tou,historically_calibrated,0.740365,0.125862,5.0908,5.0932,0.0,0.0024
5858,9,2,2,tou,historically_calibrated,0.740365,0.125862,5.0945,5.0969,0.0,0.0024
5859,9,2,3,tou,historically_calibrated,0.740365,0.125862,5.1079,5.1103,0.0,0.0024
5860,9,2,4,tou,historically_calibrated,0.740365,0.125862,5.2594,5.2618,0.0,0.0024
5861,9,2,5,tou,historically_calibrated,0.740365,0.125862,5.2325,5.2349,0.0,0.0024
5862,9,2,6,tou,historically_calibrated,0.740365,0.125862,5.3839,5.3863,0.0,0.0024
5863,9,2,7,tou,historically_calibrated,0.740365,0.125862,6.6432,6.7031,0.0143,0.0457
5864,9,2,8,tou,historically_calibrated,0.740365,0.125862,6.5946,6.8827,0.0687,0.2194
5865,9,2,9,tou,historically_calibrated,0.740365,0.125862,6.4867,6.9575,0.2514,0.2194
5866,9,2,10,tou,historically_calibrated,0.740365,0.125862,5.6753,6.8899,0.3888,0.8257
5867,9,2,11,tou,historically_calibrated,0.740365,0.125862,5.5783,6.726,0.5832,0.5645
5868,9,2,12,tou,historically_calibrated,0.740365,0.125862,3.102,6.5641,0.6752,2.7869
5869,9,2,13,tou,historically_calibrated,0.740365,0.125862,4.6203,6.4902,0.7128,1.1571
5870,9,2,14,tou,historically_calibrated,0.740365,0.125862,3.8783,6.5437,0.6013,2.0641
5871,9,2,15,tou,historically_calibrated,0.740365,0.125862,5.9594,6.7205,0.5417,0.2194
5872,9,2,16,tou,historically_calibrated,0.740365,0.125862,2.9109,6.9843,0.5689,3.5045
5873,9,2,17,tou,historically_calibrated,0.740365,0.125862,5.4497,7.2696,0.2527,1.5671
5874,9,2,18,tou,historically_calibrated,0.740365,0.125862,4.604,7.492,0.1011,2.7869
5875,9,2,19,tou,historically_calibrated,0.740365,0.125862,4.7608,7.5762,0.0285,2.7869
5876,9,2,20,tou,historically_calibrated,0.740365,0.125862,5.9234,7.4918,0.0013,1.5671
5877,9,2,21,tou,historically_calibrated,0.740365,0.125862,5.2045,7.2686,0.0,2.0641
5878,9,2,22,tou,historically_calibrated,0.740365,0.125862,4.1927,6.9796,0.0,2.7869
5879,9,2,23,tou,historically_calibrated,0.740365,0.125862,5.1353,6.7024,0.0,1.5671
5880,9,2,24,tou,historically_calibrated,0.740365,0.125862,1.0338,5.3696,0.0,4.3358
5881,9,3,1,tou,historically_calibrated,0.740365,0.125862,2.7492,5.5361,0.0,2.7869
5882,9,3,2,tou,historically_calibrated,0.740365,0.125862,2.7533,5.5401,0.0,2.7869
5883,9,3,3,tou,historically_calibrated,0.740365,0.125862,1.2189,5.5546,0.0,4.3358
5884,9,3,4,tou,historically_calibrated,0.740365,0.125862,1.2605,5.5962,0.0,4.3358
5885,9,3,5,tou,historically_calibrated,0.740365,0.125862,1.3544,5.6901,0.0,4.3358
5886,9,3,6,tou,historically_calibrated,0.740365,0.125862,-0.5181,5.8547,0.0,6.3728
5887,9,3,7,tou,historically_calibrated,0.740365,0.125862,-0.3197,7.286,0.0104,7.5953
5888,9,3,8,tou,historically_calibrated,1.332657,0.226552,-0.7112,7.4812,0.0674,8.125
5889,9,3,9,tou,historically_calibrated,1.332657,0.226552,-0.1844,7.5625,0.1516,7.5953
5890,9,3,10,tou,historically_calibrated,1.332657,0.226552,-0.8706,7.489,0.2346,8.125
5891,9,3,11,tou,historically_calibrated,1.332657,0.226552,2.4786,7.9543,0.1866,5.2891
5892,9,3,12,tou,historically_calibrated,1.332657,0.226552,2.4155,7.9198,0.2151,5.2891
5893,9,3,13,tou,historically_calibrated,1.332657,0.226552,0.2672,8.0893,0.2268,7.5953
5894,9,3,14,tou,historically_calibrated,1.332657,0.226552,-0.295,8.0516,0.2216,8.125
5895,9,3,15,tou,historically_calibrated,1.332657,0.226552,3.8945,8.4299,0.1996,4.3358
5896,9,3,16,tou,historically_calibrated,1.332657,0.226552,4.4818,8.1483,0.162,3.5045
5897,9,3,17,tou,historically_calibrated,1.332657,0.226552,5.1759,8.0756,0.1128,2.7869
5898,9,3,18,tou,historically_calibrated,1.332657,0.226552,5.9809,8.1434,0.0985,2.0641
5899,9,3,19,tou,historically_calibrated,1.332657,0.226552,5.4222,8.235,0.0259,2.7869
5900,9,3,20,tou,historically_calibrated,1.332657,0.226552,6.1973,8.2627,0.0013,2.0641
5901,9,3,21,tou,historically_calibrated,1.332657,0.226552,5.2876,8.0744,0.0,2.7869
5902,9,3,22,tou,historically_calibrated,1.332657,0.226552,7.0389,7.8646,0.0,0.8257
5903,9,3,23,tou,historically_calibrated,0.740365,0.125862,6.4487,7.6058,0.0,1.1571
5904,9,3,24,tou,historically_calibrated,0.740365,0.125862,5.6144,6.1789,0.0,0.5645
5905,9,4,1,tou,historically_calibrated,0.740365,0.125862,5.6987,6.0639,0.0,0.3652
5906,9,4,2,tou,historically_calibrated,0.740365,0.125862,5.4051,6.2308,0.0,0.8257
5907,9,4,3,tou,historically_calibrated,0.740365,0.125862,5.764,6.3286,0.0,0.5645
5908,9,4,4,tou,historically_calibrated,0.740365,0.125862,5.9756,6.5401,0.0,0.5645
5909,9,4,5,tou,historically_calibrated,0.740365,0.125862,6.2105,6.775,0.0,0.5645
5910,9,4,6,tou,historically_calibrated,0.740365,0.125862,6.7946,7.0139,0.0,0.2194
5911,9,4,7,tou,historically_calibrated,0.740365,0.125862,8.1901,8.5683,0.013,0.3652
5912,9,4,8,tou,historically_calibrated,1.332657,0.226552,8.2739,8.6333,0.14,0.2194
5913,9,4,9,tou,historically_calibrated,1.332657,0.226552,6.8109,8.1171,0.149,1.1571
5914,9,4,10,tou,historically_calibrated,1.332657,0.226552,6.0195,7.489,0.3123,1.1571
5915,9,4,11,tou,historically_calibrated,1.332657,0.226552,5.6561,7.3109,0.4977,1.1571
5916,9,4,12,tou,historically_calibrated,1.332657,0.226552,4.7235,7.1349,0.3473,2.0641
5917,9,4,13,tou,historically_calibrated,1.332657,0.226552,4.3853,7.0546,0.6052,2.0641
5918,9,4,14,tou,historically_calibrated,1.332657,0.226552,4.5666,7.1127,0.4821,2.0641
5919,9,4,15,tou,historically_calibrated,1.332657,0.226552,3.479,7.3049,0.3214,3.5045
5920,9,4,16,tou,historically_calibrated,1.332657,0.226552,2.9954,7.5916,0.2605,4.3358
5921,9,4,17,tou,historically_calibrated,1.332657,0.226552,2.5012,7.9017,0.1115,5.2891
5922,9,4,18,tou,historically_calibrated,1.332657,0.226552,6.0808,8.2032,0.0583,2.0641
5923,9,4,19,tou,historically_calibrated,1.332657,0.226552,6.6433,8.235,0.0246,1.5671
5924,9,4,20,tou,historically_calibrated,1.332657,0.226552,5.3551,8.1433,0.0013,2.7869
5925,9,4,21,tou,historically_calibrated,1.332657,0.226552,6.3335,7.9006,0.0,1.5671
5926,9,4,22,tou,historically_calibrated,1.332657,0.226552,6.0193,7.5865,0.0,1.5671
5927,9,4,23,tou,historically_calibrated,0.740365,0.125862,4.2245,7.2853,0.0,3.0608
5928,9,4,24,tou,historically_calibrated,0.740365,0.125862,0.5474,5.8365,0.0,5.2891
5929,9,5,1,tou,historically_calibrated,0.740365,0.125862,4.3789,5.5361,0.0,1.1571
5930,9,5,2,tou,historically_calibrated,0.740365,0.125862,3.973,5.5401,0.0,1.5671
5931,9,5,3,tou,historically_calibrated,0.740365,0.125862,3.4906,5.5546,0.0,2.0641
5932,9,5,4,tou,historically_calibrated,0.740365,0.125862,4.7705,5.5962,0.0,0.8257
5933,9,5,5,tou,historically_calibrated,0.740365,0.125862,4.8644,5.6901,0.0,0.8257
5934,9,5,6,tou,historically_calibrated,0.740365,0.125862,5.029,5.8547,0.0,0.8257
5935,9,5,7,tou,historically_calibrated,0.740365,0.125862,6.4981,7.3394,0.0156,0.8257
5936,9,5,8,tou,historically_calibrated,1.332657,0.226552,6.2385,7.4812,0.0855,1.1571
5937,9,5,9,tou,historically_calibrated,1.332657,0.226552,3.8157,7.5625,0.2424,3.5045
5938,9,5,10,tou,historically_calibrated,1.332657,0.226552,5.4812,7.489,0.4406,1.5671
5939,9,5,11,tou,historically_calibrated,1.332657,0.226552,4.674,7.3109,0.5728,2.0641
5940,9,5,12,tou,historically_calibrated,1.332657,0.226552,3.5523,7.1349,0.7957,2.7869
5941,9,5,13,tou,historically_calibrated,1.332657,0.226552,2.7103,7.0546,0.8398,3.5045
5942,9,5,14,tou,historically_calibrated,1.332657,0.226552,4.7265,7.1127,0.8191,1.5671
5943,9,5,15,tou,historically_calibrated,1.332657,0.226552,5.7456,7.3049,0.7335,0.8257
5944,9,5,16,tou,historically_calibrated,1.332657,0.226552,6.1736,7.5916,0.5923,0.8257
5945,9,5,17,tou,historically_calibrated,1.332657,0.226552,7.2521,7.9017,0.4303,0.2194
5946,9,5,18,tou,historically_calibrated,1.332657,0.226552,7.6999,8.1434,0.2242,0.2194
5947,9,5,19,tou,historically_calibrated,1.332657,0.226552,8.1645,8.235,0.0557,0.0148
5948,9,5,20,tou,historically_calibrated,1.332657,0.226552,8.2004,8.203,0.0026,0.0
5949,9,5,21,tou,historically_calibrated,1.332657,0.226552,9.0594,9.0594,0.0,0.0
5950,9,5,22,tou,historically_calibrated,1.332657,0.226552,9.8118,9.8118,0.0,0.0
5951,9,5,23,tou,historically_calibrated,0.740365,0.125862,9.3688,9.3689,0.0,0.0
5952,9,5,24,tou,historically_calibrated,0.740365,0.125862,7.5033,7.5057,0.0,0.0024
5953,9,6,1,tou,historically_calibrated,0.740365,0.125862,6.914,6.9164,0.0,0.0024
5954,9,6,2,tou,historically_calibrated,0.740365,0.125862,6.6321,6.6777,0.0,0.0457
5955,9,6,3,tou,historically_calibrated,0.740365,0.125862,6.7211,6.7359,0.0,0.0148
5956,9,6,4,tou,historically_calibrated,0.740365,0.125862,6.9048,6.9505,0.0,0.0457
5957,9,6,5,tou,historically_calibrated,0.740365,0.125862,7.2192,7.234,0.0,0.0148
5958,9,6,6,tou,historically_calibrated,0.740365,0.125862,7.4409,7.4433,0.0,0.0024
5959,9,6,7,tou,historically_calibrated,0.740365,0.125862,9.1928,9.2095,0.0143,0.0024
5960,9,6,8,tou,historically_calibrated,1.332657,0.226552,8.8028,8.9076,0.1024,0.0024
5961,9,6,9,tou,historically_calibrated,1.332657,0.226552,7.5046,7.7844,0.2773,0.0024
5962,9,6,10,tou,historically_calibrated,1.332657,0.226552,6.8328,7.489,0.4368,0.2194
5963,9,6,11,tou,historically_calibrated,1.332657,0.226552,6.8648,7.3109,0.4005,0.0457
5964,9,6,12,tou,historically_calibrated,1.332657,0.226552,6.464,7.1349,0.5676,0.1032
5965,9,6,13,tou,historically_calibrated,1.332657,0.226552,6.0906,7.0546,0.5988,0.3652
5966,9,6,14,tou,historically_calibrated,1.332657,0.226552,6.0725,7.1127,0.4756,0.5645
5967,9,6,15,tou,historically_calibrated,1.332657,0.226552,6.314,7.3049,0.4264,0.5645
5968,9,6,16,tou,historically_calibrated,1.332657,0.226552,6.3434,7.5916,0.4225,0.8257
5969,9,6,17,tou,historically_calibrated,1.332657,0.226552,7.1996,7.9017,0.337,0.3652
5970,9,6,18,tou,historically_calibrated,1.332657,0.226552,7.1259,8.1434,0.1918,0.8257
5971,9,6,19,tou,historically_calibrated,1.332657,0.226552,7.9664,8.235,0.0492,0.2194
5972,9,6,20,tou,historically_calibrated,1.332657,0.226552,8.9159,8.9196,0.0013,0.0024
5973,9,6,21,tou,historically_calibrated,1.332657,0.226552,9.2308,9.2332,0.0,0.0024
5974,9,6,22,tou,historically_calibrated,1.332657,0.226552,8.5403,8.6435,0.0,0.1032
5975,9,6,23,tou,historically_calibrated,0.740365,0.125862,9.0459,9.0483,0.0,0.0024
5976,9,6,24,tou,historically_calibrated,0.740365,0.125862,7.2037,7.2061,0.0,0.0024
5977,9,7,1,tou,historically_calibrated,0.740365,0.125862,6.4268,6.4292,0.0,0.0024
5978,9,7,2,tou,historically_calibrated,0.740365,0.125862,7.1222,7.1246,0.0,0.0024
5979,9,7,3,tou,historically_calibrated,0.740365,0.125862,7.7111,7.7136,0.0,0.0024
5980,9,7,4,tou,historically_calibrated,0.740365,0.125862,7.7689,7.7713,0.0,0.0024
5981,9,7,5,tou,historically_calibrated,0.740365,0.125862,8.0245,8.0269,0.0,0.0024
5982,9,7,6,tou,historically_calibrated,0.740365,0.125862,8.3854,8.3878,0.0,0.0024
5983,9,7,7,tou,historically_calibrated,0.740365,0.125862,10.352,10.3849,0.0181,0.0148
5984,9,7,8,tou,historically_calibrated,1.332657,0.226552,9.4763,9.6208,0.1296,0.0148
5985,9,7,9,tou,historically_calibrated,1.332657,0.226552,8.2626,8.6717,0.3059,0.1032
5986,9,7,10,tou,historically_calibrated,1.332657,0.226552,6.8951,7.9832,0.5236,0.5645
5987,9,7,11,tou,historically_calibrated,1.332657,0.226552,6.6199,7.4717,0.6324,0.2194
5988,9,7,12,tou,historically_calibrated,1.332657,0.226552,6.1859,7.1349,0.7296,0.2194
5989,9,7,13,tou,historically_calibrated,1.332657,0.226552,6.1803,7.0546,0.7711,0.1032
5990,9,7,14,tou,historically_calibrated,1.332657,0.226552,6.082,7.1127,0.8113,0.2194
5991,9,7,15,tou,historically_calibrated,1.332657,0.226552,6.3844,7.3049,0.7011,0.2194
5992,9,7,16,tou,historically_calibrated,1.332657,0.226552,6.8318,7.5916,0.5404,0.2194
5993,9,7,17,tou,historically_calibrated,1.332657,0.226552,6.9393,7.9017,0.3979,0.5645
5994,9,7,18,tou,historically_calibrated,1.332657,0.226552,8.1522,8.442,0.1866,0.1032
5995,9,7,19,tou,historically_calibrated,1.332657,0.226552,9.039,9.0805,0.0415,0.0
5996,9,7,20,tou,historically_calibrated,1.332657,0.226552,9.9932,9.9945,0.0013,0.0
5997,9,7,21,tou,historically_calibrated,1.332657,0.226552,10.9713,10.9713,0.0,0.0
5998,9,7,22,tou,historically_calibrated,1.332657,0.226552,11.5365,11.5365,0.0,0.0
5999,9,7,23,tou,historically_calibrated,0.740365,0.125862,10.1144,10.1168,0.0,0.0024
6000,9,7,24,tou,historically_calibrated,0.740365,0.125862,8.231,8.2334,0.0,0.0024
6001,9,8,1,tou,historically_calibrated,0.740365,0.125862,7.0579,7.0728,0.0,0.0148
6002,9,8,2,tou,historically_calibrated,0.740365,0.125862,6.9883,7.0032,0.0,0.0148
6003,9,8,3,tou,historically_calibrated,0.740365,0.125862,7.1258,7.1714,0.0,0.0457
6004,9,8,4,tou,historically_calibrated,0.740365,0.125862,7.2172,7.2628,0.0,0.0457
6005,9,8,5,tou,historically_calibrated,0.740365,0.125862,7.3007,7.3463,0.0,0.0457
6006,9,8,6,tou,historically_calibrated,0.740365,0.125862,7.6712,7.7168,0.0,0.0457
6007,9,8,7,tou,historically_calibrated,0.740365,0.125862,9.4412,9.505,0.0181,0.0457
6008,9,8,8,tou,historically_calibrated,0.740365,0.125862,8.6601,8.8006,0.1257,0.0148
6009,9,8,9,tou,historically_calibrated,0.740365,0.125862,7.6039,7.978,0.2709,0.1032
6010,9,8,10,tou,historically_calibrated,0.740365,0.125862,5.895,6.8899,0.4303,0.5645
6011,9,8,11,tou,historically_calibrated,0.740365,0.125862,5.4156,6.726,0.4847,0.8257
6012,9,8,12,tou,historically_calibrated,0.740365,0.125862,5.66,6.5641,0.3396,0.5645
6013,9,8,13,tou,historically_calibrated,0.740365,0.125862,5.766,6.4902,0.359,0.3652
6014,9,8,14,tou,historically_calibrated,0.740365,0.125862,5.9731,6.5437,0.3512,0.2194
6015,9,8,15,tou,historically_calibrated,0.740365,0.125862,6.043,6.7205,0.3123,0.3652
6016,9,8,16,tou,historically_calibrated,0.740365,0.125862,6.5148,6.9843,0.2501,0.2194
6017,9,8,17,tou,historically_calibrated,0.740365,0.125862,7.085,7.2696,0.1698,0.0148
6018,9,8,18,tou,historically_calibrated,0.740365,0.125862,7.0425,7.492,0.0842,0.3652
6019,9,8,19,tou,historically_calibrated,0.740365,0.125862,7.4549,7.5762,0.0181,0.1032
6020,9,8,20,tou,historically_calibrated,0.740365,0.125862,7.2724,7.4918,0.0,0.2194
6021,9,8,21,tou,historically_calibrated,0.740365,0.125862,7.2662,7.2686,0.0,0.0024
6022,9,8,22,tou,historically_calibrated,0.740365,0.125862,6.9796,6.9796,0.0,0.0
6023,9,8,23,tou,historically_calibrated,0.740365,0.125862,6.7024,6.7024,0.0,0.0
6024,9,8,24,tou,historically_calibrated,0.740365,0.125862,5.3696,5.3696,0.0,0.0
6025,9,9,1,tou,historically_calibrated,0.740365,0.125862,5.5763,5.5788,0.0,0.0024
6026,9,9,2,tou,historically_calibrated,0.740365,0.125862,5.3877,5.4333,0.0,0.0457
6027,9,9,3,tou,historically_calibrated,0.740365,0.125862,5.252,5.2977,0.0,0.0457
6028,9,9,4,tou,historically_calibrated,0.740365,0.125862,5.1586,5.2618,0.0,0.1032
6029,9,9,5,tou,historically_calibrated,0.740365,0.125862,5.1317,5.2349,0.0,0.1032
6030,9,9,6,tou,historically_calibrated,0.740365,0.125862,5.3407,5.3863,0.0,0.0457
6031,9,9,7,tou,historically_calibrated,0.740365,0.125862,6.6497,6.7031,0.0078,0.0457
6032,9,9,8,tou,historically_calibrated,0.740365,0.125862,6.78,6.8827,0.057,0.0457
6033,9,9,9,tou,historically_calibrated,0.740365,0.125862,6.7169,6.9575,0.1374,0.1032
6034,9,9,10,tou,historically_calibrated,0.740365,0.125862,6.5782,6.8899,0.2968,0.0148
6035,9,9,11,tou,historically_calibrated,0.740365,0.125862,6.0731,6.726,0.2877,0.3652
6036,9,9,12,tou,historically_calibrated,0.740365,0.125862,6.1387,6.5641,0.2061,0.2194
6037,9,9,13,tou,historically_calibrated,0.740365,0.125862,6.2577,6.4902,0.2177,0.0148
6038,9,9,14,tou,historically_calibrated,0.740365,0.125862,6.2868,6.5437,0.2112,0.0457
6039,9,9,15,tou,historically_calibrated,0.740365,0.125862,6.1966,6.7205,0.3046,0.2194
6040,9,9,16,tou,historically_calibrated,0.740365,0.125862,6.6374,6.9843,0.2436,0.1032
6041,9,9,17,tou,historically_calibrated,0.740365,0.125862,6.8856,7.2696,0.1646,0.2194
6042,9,9,18,tou,historically_calibrated,0.740365,0.125862,7.3955,7.492,0.0816,0.0148
6043,9,9,19,tou,historically_calibrated,0.740365,0.125862,7.5542,7.5762,0.022,0.0
6044,9,9,20,tou,historically_calibrated,0.740365,0.125862,7.8214,7.8214,0.0,0.0
6045,9,9,21,tou,historically_calibrated,0.740365,0.125862,7.3752,7.3752,0.0,0.0
6046,9,9,22,tou,historically_calibrated,0.740365,0.125862,6.9771,6.9796,0.0,0.0024
6047,9,9,23,tou,historically_calibrated,0.740365,0.125862,6.7,6.7024,0.0,0.0024
6048,9,9,24,tou,historically_calibrated,0.740365,0.125862,5.3672,5.3696,0.0,0.0024
6049,9,10,1,tou,historically_calibrated,0.740365,0.125862,5.5337,5.5361,0.0,0.0024
6050,9,10,2,tou,historically_calibrated,0.740365,0.125862,5.5401,5.5401,0.0,0.0
6051,9,10,3,tou,historically_calibrated,0.740365,0.125862,5.4514,5.5546,0.0,0.1032
6052,9,10,4,tou,historically_calibrated,0.740365,0.125862,5.5814,5.5962,0.0,0.0148
6053,9,10,5,tou,historically_calibrated,0.740365,0.125862,5.4707,5.6901,0.0,0.2194
6054,9,10,6,tou,historically_calibrated,0.740365,0.125862,5.2902,5.8547,0.0,0.5645
6055,9,10,7,tou,historically_calibrated,0.740365,0.125862,7.0601,7.286,0.0065,0.2194
6056,9,10,8,tou,historically_calibrated,1.332657,0.226552,7.2281,7.4812,0.0337,0.2194
6057,9,10,9,tou,historically_calibrated,1.332657,0.226552,7.4339,7.5625,0.0829,0.0457
6058,9,10,10,tou,historically_calibrated,1.332657,0.226552,7.3098,7.489,0.1335,0.0457
6059,9,10,11,tou,historically_calibrated,1.332657,0.226552,7.2469,7.579,0.2864,0.0457
6060,9,10,12,tou,historically_calibrated,1.332657,0.226552,5.9774,7.1349,0.3318,0.8257
6061,9,10,13,tou,historically_calibrated,1.332657,0.226552,3.5977,7.0546,0.67,2.7869
6062,9,10,14,tou,historically_calibrated,1.332657,0.226552,3.8658,7.1127,0.4601,2.7869
6063,9,10,15,tou,historically_calibrated,1.332657,0.226552,7.1358,8.0013,0.5003,0.3652
6064,9,10,16,tou,historically_calibrated,1.332657,0.226552,6.9955,7.7586,0.3979,0.3652
6065,9,10,17,tou,historically_calibrated,1.332657,0.226552,7.1676,8.3653,0.372,0.8257
6066,9,10,18,tou,historically_calibrated,1.332657,0.226552,6.9323,8.6809,0.1814,1.5671
6067,9,10,19,tou,historically_calibrated,1.332657,0.226552,8.8878,9.1409,0.0337,0.2194
6068,9,10,20,tou,historically_calibrated,1.332657,0.226552,9.4711,9.5167,0.0,0.0457
6069,9,10,21,tou,historically_calibrated,1.332657,0.226552,6.4739,8.538,0.0,2.0641
6070,9,10,22,tou,historically_calibrated,1.332657,0.226552,5.5228,8.3097,0.0,2.7869
6071,9,10,23,tou,historically_calibrated,0.740365,0.125862,6.9295,8.0866,0.0,1.1571
6072,9,10,24,tou,historically_calibrated,0.740365,0.125862,5.2966,6.8637,0.0,1.5671
6073,9,11,1,tou,historically_calibrated,0.740365,0.125862,6.2264,6.5916,0.0,0.3652
6074,9,11,2,tou,historically_calibrated,0.740365,0.125862,6.9571,7.0027,0.0,0.0457
6075,9,11,3,tou,historically_calibrated,0.740365,0.125862,6.5744,6.9396,0.0,0.3652
6076,9,11,4,tou,historically_calibrated,0.740365,0.125862,6.7905,7.1557,0.0,0.3652
6077,9,11,5,tou,historically_calibrated,0.740365,0.125862,7.5898,7.693,0.0,0.1032
6078,9,11,6,tou,historically_calibrated,0.740365,0.125862,6.8751,7.7009,0.0,0.8257
6079,9,11,7,tou,historically_calibrated,0.740365,0.125862,8.9624,9.7972,0.0091,0.8257
6080,9,11,8,tou,historically_calibrated,1.332657,0.226552,9.258,9.8951,0.0726,0.5645
6081,9,11,9,tou,historically_calibrated,1.332657,0.226552,9.0422,10.0027,0.1348,0.8257
6082,9,11,10,tou,historically_calibrated,1.332657,0.226552,9.1198,9.6308,0.2916,0.2194
6083,9,11,11,tou,historically_calibrated,1.332657,0.226552,7.1105,8.6512,0.3836,1.1571
6084,9,11,12,tou,historically_calibrated,1.332657,0.226552,4.7488,7.8674,0.3318,2.7869
6085,9,11,13,tou,historically_calibrated,1.332657,0.226552,4.1832,8.0375,0.3499,3.5045
6086,9,11,14,tou,historically_calibrated,1.332657,0.226552,5.1082,8.1038,0.2087,2.7869
6087,9,11,15,tou,historically_calibrated,1.332657,0.226552,5.4577,8.4299,0.1853,2.7869
6088,9,11,16,tou,historically_calibrated,1.332657,0.226552,7.0665,8.872,0.2385,1.5671
6089,9,11,17,tou,historically_calibrated,1.332657,0.226552,8.0324,9.698,0.0985,1.5671
6090,9,11,18,tou,historically_calibrated,1.332657,0.226552,8.9701,10.1739,0.0467,1.1571
6091,9,11,19,tou,historically_calibrated,1.332657,0.226552,7.3729,10.1675,0.0078,2.7869
6092,9,11,20,tou,historically_calibrated,1.332657,0.226552,7.2673,10.0542,0.0,2.7869
6093,9,11,21,tou,historically_calibrated,1.332657,0.226552,8.7713,9.9285,0.0,1.1571
6094,9,11,22,tou,historically_calibrated,1.332657,0.226552,8.0778,9.6449,0.0,1.5671
6095,9,11,23,tou,historically_calibrated,0.740365,0.125862,8.5431,9.3689,0.0,0.8257
6096,9,11,24,tou,historically_calibrated,0.740365,0.125862,5.8958,7.4629,0.0,1.5671
6097,9,12,1,tou,historically_calibrated,0.740365,0.125862,5.0554,7.1194,0.0,2.0641
6098,9,12,2,tou,historically_calibrated,0.740365,0.125862,6.0487,7.2059,0.0,1.1571
6099,9,12,3,tou,historically_calibrated,0.740365,0.125862,6.6027,7.4284,0.0,0.8257
6100,9,12,4,tou,historically_calibrated,0.740365,0.125862,7.1188,7.484,0.0,0.3652
6101,9,12,5,tou,historically_calibrated,0.740365,0.125862,7.2444,7.6096,0.0,0.3652
6102,9,12,6,tou,historically_calibrated,0.740365,0.125862,7.5074,7.8726,0.0,0.3652
6103,9,12,7,tou,historically_calibrated,0.740365,0.125862,9.2822,9.8506,0.0039,0.5645
6104,9,12,8,tou,historically_calibrated,1.332657,0.226552,8.925,10.1145,0.0324,1.1571
6105,9,12,9,tou,historically_calibrated,1.332657,0.226552,9.0412,10.28,0.0816,1.1571
6106,9,12,10,tou,historically_calibrated,1.332657,0.226552,8.6454,10.3448,0.1322,1.5671
6107,9,12,11,tou,historically_calibrated,1.332657,0.226552,8.4999,9.8307,0.1737,1.1571
6108,9,12,12,tou,historically_calibrated,1.332657,0.226552,8.0778,9.4371,0.2022,1.1571
6109,9,12,13,tou,historically_calibrated,1.332657,0.226552,7.9305,8.9688,0.2125,0.8257
6110,9,12,14,tou,historically_calibrated,1.332657,0.226552,6.5639,8.834,0.2061,2.0641
6111,9,12,15,tou,historically_calibrated,1.332657,0.226552,6.8259,9.0727,0.1827,2.0641
6112,9,12,16,tou,historically_calibrated,1.332657,0.226552,6.072,9.0947,0.2359,2.7869
6113,9,12,17,tou,historically_calibrated,1.332657,0.226552,6.6994,9.5822,0.0959,2.7869
6114,9,12,18,tou,historically_calibrated,1.332657,0.226552,8.4419,10.0544,0.0454,1.5671
6115,9,12,19,tou,historically_calibrated,1.332657,0.226552,9.1234,10.2883,0.0078,1.1571
6116,9,12,20,tou,historically_calibrated,1.332657,0.226552,9.6465,10.4722,0.0,0.8257
6117,9,12,21,tou,historically_calibrated,1.332657,0.226552,9.6791,10.0443,0.0,0.3652
6118,9,12,22,tou,historically_calibrated,1.332657,0.226552,9.4861,9.5893,0.0,0.1032
6119,9,12,23,tou,historically_calibrated,0.740365,0.125862,9.2563,9.4757,0.0,0.2194
6120,9,12,24,tou,historically_calibrated,0.740365,0.125862,7.2436,7.4629,0.0,0.2194
6121,9,13,1,tou,historically_calibrated,0.740365,0.125862,7.1956,7.2412,0.0,0.0457
6122,9,13,2,tou,historically_calibrated,0.740365,0.125862,7.409,7.409,0.0,0.0
6123,9,13,3,tou,historically_calibrated,0.740365,0.125862,7.5765,7.5914,0.0,0.0148
6124,9,13,4,tou,historically_calibrated,0.740365,0.125862,7.6025,7.6482,0.0,0.0457
6125,9,13,5,tou,historically_calibrated,0.740365,0.125862,7.8402,7.9434,0.0,0.1032
6126,9,13,6,tou,historically_calibrated,0.740365,0.125862,8.2442,8.259,0.0,0.0148
6127,9,13,7,tou,historically_calibrated,0.740365,0.125862,10.3115,10.3315,0.0052,0.0148
6128,9,13,8,tou,historically_calibrated,1.332657,0.226552,10.1829,10.2791,0.0505,0.0457
6129,9,13,9,tou,historically_calibrated,1.332657,0.226552,9.7152,9.8918,0.1309,0.0457
6130,9,13,10,tou,historically_calibrated,1.332657,0.226552,8.7659,9.0816,0.2125,0.1032
6131,9,13,11,tou,historically_calibrated,1.332657,0.226552,8.272,8.5976,0.2799,0.0457
6132,9,13,12,tou,historically_calibrated,1.332657,0.226552,7.9459,8.286,0.3253,0.0148
6133,9,13,13,tou,historically_calibrated,1.332657,0.226552,6.9655,7.6754,0.3447,0.3652
6134,9,13,14,tou,historically_calibrated,1.332657,0.226552,7.6153,8.0516,0.3331,0.1032
6135,9,13,15,tou,historically_calibrated,1.332657,0.226552,7.0341,7.8942,0.2955,0.5645
6136,9,13,16,tou,historically_calibrated,1.332657,0.226552,7.9966,8.705,0.1439,0.5645
6137,9,13,17,tou,historically_calibrated,1.332657,0.226552,9.0364,9.3504,0.0946,0.2194
6138,9,13,18,tou,historically_calibrated,1.332657,0.226552,10.1311,10.1739,0.0428,0.0
6139,9,13,19,tou,historically_calibrated,1.332657,0.226552,10.0982,10.1071,0.0065,0.0024
6140,9,13,20,tou,historically_calibrated,1.332657,0.226552,8.9299,9.7556,0.0,0.8257
6141,9,13,21,tou,historically_calibrated,1.332657,0.226552,8.9583,9.5229,0.0,0.5645
6142,9,13,22,tou,historically_calibrated,1.332657,0.226552,8.6523,9.478,0.0,0.8257
6143,9,13,23,tou,historically_calibrated,0.740365,0.125862,8.0623,8.888,0.0,0.8257
6144,9,13,24,tou,historically_calibrated,0.740365,0.125862,5.9524,6.7781,0.0,0.8257
6145,9,14,1,tou,historically_calibrated,0.740365,0.125862,5.3599,6.1857,0.0,0.8257
6146,9,14,2,tou,historically_calibrated,0.740365,0.125862,4.3793,5.9464,0.0,1.5671
6147,9,14,3,tou,historically_calibrated,0.740365,0.125862,4.9733,5.7991,0.0,0.8257
6148,9,14,4,tou,historically_calibrated,0.740365,0.125862,5.36,5.9245,0.0,0.5645
6149,9,14,5,tou,historically_calibrated,0.740365,0.125862,5.1565,5.9822,0.0,0.8257
6150,9,14,6,tou,historically_calibrated,0.740365,0.125862,5.3295,6.1552,0.0,0.8257
6151,9,14,7,tou,historically_calibrated,0.740365,0.125862,7.1984,7.7669,0.0039,0.5645
6152,9,14,8,tou,historically_calibrated,1.332657,0.226552,7.0999,7.9749,0.0492,0.8257
6153,9,14,9,tou,historically_calibrated,1.332657,0.226552,6.9425,7.8953,0.127,0.8257
6154,9,14,10,tou,historically_calibrated,1.332657,0.226552,6.9609,7.6537,0.1283,0.5645
6155,9,14,11,tou,historically_calibrated,1.332657,0.226552,6.5766,7.3109,0.1698,0.5645
6156,9,14,12,tou,historically_calibrated,1.332657,0.226552,5.7808,7.1349,0.197,1.1571
6157,9,14,13,tou,historically_calibrated,1.332657,0.226552,6.0202,7.0546,0.2087,0.8257
6158,9,14,14,tou,historically_calibrated,1.332657,0.226552,6.1383,7.1649,0.2009,0.8257
6159,9,14,15,tou,historically_calibrated,1.332657,0.226552,5.9123,7.3585,0.289,1.1571
6160,9,14,16,tou,historically_calibrated,1.332657,0.226552,7.0864,7.5916,0.14,0.3652
6161,9,14,17,tou,historically_calibrated,1.332657,0.226552,7.3875,7.9017,0.149,0.3652
6162,9,14,18,tou,historically_calibrated,1.332657,0.226552,7.8333,8.1434,0.0907,0.2194
6163,9,14,19,tou,historically_calibrated,1.332657,0.226552,8.6155,8.6578,0.0117,0.0306
6164,9,14,20,tou,historically_calibrated,1.332657,0.226552,6.5092,9.039,0.0,2.5298
6165,9,14,21,tou,historically_calibrated,1.332657,0.226552,8.8432,9.1753,0.0,0.332
6166,9,14,22,tou,historically_calibrated,1.332657,0.226552,7.9866,8.7548,0.0,0.7682
6167,9,14,23,tou,historically_calibrated,0.740365,0.125862,7.8623,8.3003,0.0,0.4381
6168,9,14,24,tou,historically_calibrated,0.740365,0.125862,5.5512,6.2645,0.0,0.7133
6169,9,15,1,tou,historically_calibrated,0.740365,0.125862,4.8275,5.392,0.0,0.5645
6170,9,15,2,tou,historically_calibrated,0.740365,0.125862,4.1934,5.2091,0.0,1.0156
6171,9,15,3,tou,historically_calibrated,0.740365,0.125862,4.3421,5.1103,0.0,0.7682
6172,9,15,4,tou,historically_calibrated,0.740365,0.125862,4.0637,5.1485,0.0,1.0848
6173,9,15,5,tou,historically_calibrated,0.740365,0.125862,4.4092,5.2349,0.0,0.8257
6174,9,15,6,tou,historically_calibrated,0.740365,0.125862,4.8218,5.3863,0.0,0.5645
6175,9,15,7,tou,historically_calibrated,0.740365,0.125862,6.3353,6.7031,0.0026,0.3652
6176,9,15,8,tou,historically_calibrated,0.740365,0.125862,5.7628,6.8827,0.035,1.0848
6177,9,15,9,tou,historically_calibrated,0.740365,0.125862,4.5583,6.9575,0.1102,2.289
6178,9,15,10,tou,historically_calibrated,0.740365,0.125862,2.348,6.8899,0.2061,4.3358
6179,9,15,11,tou,historically_calibrated,0.740365,0.125862,0.0798,6.726,0.2735,6.3728
6180,9,15,12,tou,historically_calibrated,0.740365,0.125862,4.6795,6.5641,0.3175,1.5671
6181,9,15,13,tou,historically_calibrated,0.740365,0.125862,4.2816,6.4902,0.6415,1.5671
6182,9,15,14,tou,historically_calibrated,0.740365,0.125862,5.559,6.5437,0.6195,0.3652
6183,9,15,15,tou,historically_calibrated,0.740365,0.125862,5.5456,6.7205,0.6104,0.5645
6184,9,15,16,tou,historically_calibrated,0.740365,0.125862,4.9376,6.9843,0.4795,1.5671
6185,9,15,17,tou,historically_calibrated,0.740365,0.125862,5.3668,7.2696,0.3357,1.5671
6186,9,15,18,tou,historically_calibrated,0.740365,0.125862,7.1158,7.492,0.1568,0.2194
6187,9,15,19,tou,historically_calibrated,0.740365,0.125862,7.5542,7.5762,0.022,0.0
6188,9,15,20,tou,historically_calibrated,0.740365,0.125862,5.529,8.3159,0.0,2.7869
6189,9,15,21,tou,historically_calibrated,0.740365,0.125862,8.7995,8.8144,0.0,0.0148
6190,9,15,22,tou,historically_calibrated,0.740365,0.125862,7.8427,8.208,0.0,0.3652
6191,9,15,23,tou,historically_calibrated,0.740365,0.125862,7.828,7.9312,0.0,0.1032
6192,9,15,24,tou,historically_calibrated,0.740365,0.125862,5.4744,6.039,0.0,0.5645
6193,9,16,1,tou,historically_calibrated,0.740365,0.125862,5.3504,5.9149,0.0,0.5645
6194,9,16,2,tou,historically_calibrated,0.740365,0.125862,4.6873,5.8445,0.0,1.1571
6195,9,16,3,tou,historically_calibrated,0.740365,0.125862,4.1427,5.7099,0.0,1.5671
6196,9,16,4,tou,historically_calibrated,0.740365,0.125862,1.4546,5.7904,0.0,4.3358
6197,9,16,5,tou,historically_calibrated,0.740365,0.125862,3.1007,5.8875,0.0,2.7869
6198,9,16,6,tou,historically_calibrated,0.740365,0.125862,3.9938,6.0578,0.0,2.0641
6199,9,16,7,tou,historically_calibrated,0.740365,0.125862,5.6661,7.7354,0.0052,2.0641
6200,9,16,8,tou,historically_calibrated,0.740365,0.125862,4.3254,7.8921,0.0622,3.5045
6201,9,16,9,tou,historically_calibrated,0.740365,0.125862,4.7498,7.7739,0.2372,2.7869
6202,9,16,10,tou,historically_calibrated,0.740365,0.125862,5.09,7.5467,0.3927,2.0641
6203,9,16,11,tou,historically_calibrated,0.740365,0.125862,3.9176,7.0713,0.3668,2.7869
6204,9,16,12,tou,historically_calibrated,0.740365,0.125862,3.3509,6.5641,0.4264,2.7869
6205,9,16,13,tou,historically_calibrated,0.740365,0.125862,4.6216,6.4902,0.7115,1.1571
6206,9,16,14,tou,historically_calibrated,0.740365,0.125862,4.1557,6.5437,0.324,2.0641
6207,9,16,15,tou,historically_calibrated,0.740365,0.125862,4.1873,6.7205,0.4692,2.0641
6208,9,16,16,tou,historically_calibrated,0.740365,0.125862,5.7836,7.6501,0.2994,1.5671
6209,9,16,17,tou,historically_calibrated,0.740365,0.125862,7.5159,8.8156,0.1426,1.1571
6210,9,16,18,tou,historically_calibrated,0.740365,0.125862,8.7816,9.0853,0.0842,0.2194
6211,9,16,19,tou,historically_calibrated,0.740365,0.125862,8.7923,9.0208,0.0091,0.2194
6212,9,16,20,tou,historically_calibrated,0.740365,0.125862,8.5001,8.8653,0.0,0.3652
6213,9,16,21,tou,historically_calibrated,0.740365,0.125862,7.7754,8.6012,0.0,0.8257
6214,9,16,22,tou,historically_calibrated,0.740365,0.125862,7.6381,8.4639,0.0,0.8257
6215,9,16,23,tou,historically_calibrated,0.740365,0.125862,6.7082,8.2753,0.0,1.5671
6216,9,16,24,tou,historically_calibrated,0.740365,0.125862,5.6928,6.7084,0.0,1.0156
6217,9,17,1,tou,historically_calibrated,0.740365,0.125862,6.4331,6.9976,0.0,0.5645
6218,9,17,2,tou,historically_calibrated,0.740365,0.125862,6.5601,7.1246,0.0,0.5645
6219,9,17,3,tou,historically_calibrated,0.740365,0.125862,7.0054,7.2247,0.0,0.2194
6220,9,17,4,tou,historically_calibrated,0.740365,0.125862,7.3057,7.525,0.0,0.2194
6221,9,17,5,tou,historically_calibrated,0.740365,0.125862,7.5154,7.7348,0.0,0.2194
6222,9,17,6,tou,historically_calibrated,0.740365,0.125862,8.0699,8.1732,0.0,0.1032
6223,9,17,7,tou,historically_calibrated,0.740365,0.125862,9.9521,10.0644,0.0091,0.1032
6224,9,17,8,tou,historically_calibrated,1.332657,0.226552,9.2115,9.6208,0.0441,0.3652
6225,9,17,9,tou,historically_calibrated,1.332657,0.226552,8.9056,9.3927,0.1218,0.3652
6226,9,17,10,tou,historically_calibrated,1.332657,0.226552,7.3928,8.7521,0.2022,1.1571
6227,9,17,11,tou,historically_calibrated,1.332657,0.226552,7.6412,8.2759,0.2696,0.3652
6228,9,17,12,tou,historically_calibrated,1.332657,0.226552,6.7177,7.3965,0.3136,0.3652
6229,9,17,13,tou,historically_calibrated,1.332657,0.226552,7.6941,8.141,0.4445,0.0024
6230,9,17,14,tou,historically_calibrated,1.332657,0.226552,7.7729,8.3124,0.3201,0.2194
6231,9,17,15,tou,historically_calibrated,1.332657,0.226552,7.0447,7.787,0.3771,0.3652
6232,9,17,16,tou,historically_calibrated,1.332657,0.226552,6.6668,7.5916,0.3603,0.5645
6233,9,17,17,tou,historically_calibrated,1.332657,0.226552,7.7141,7.9597,0.2307,0.0148
6234,9,17,18,tou,historically_calibrated,1.332657,0.226552,8.0047,8.3226,0.0985,0.2194
6235,9,17,19,tou,historically_calibrated,1.332657,0.226552,8.6248,8.6578,0.0181,0.0148
6236,9,17,20,tou,historically_calibrated,1.332657,0.226552,9.7556,9.7556,0.0,0.0
6237,9,17,21,tou,historically_calibrated,1.332657,0.226552,9.7522,9.7546,0.0,0.0024
6238,9,17,22,tou,historically_calibrated,1.332657,0.226552,9.2963,9.3111,0.0,0.0148
6239,9,17,23,tou,historically_calibrated,0.740365,0.125862,9.2122,9.3154,0.0,0.1032
6240,9,17,24,tou,historically_calibrated,0.740365,0.125862,6.9317,7.0349,0.0,0.1032
6241,9,18,1,tou,historically_calibrated,0.740365,0.125862,6.5696,6.6728,0.0,0.1032
6242,9,18,2,tou,historically_calibrated,0.740365,0.125862,6.3125,6.6777,0.0,0.3652
6243,9,18,3,tou,historically_calibrated,0.740365,0.125862,6.7957,6.8989,0.0,0.1032
6244,9,18,4,tou,historically_calibrated,0.740365,0.125862,7.1346,7.2378,0.0,0.1032
6245,9,18,5,tou,historically_calibrated,0.740365,0.125862,7.3485,7.5679,0.0,0.2194
6246,9,18,6,tou,historically_calibrated,0.740365,0.125862,7.2069,7.5721,0.0,0.3652
6247,9,18,7,tou,historically_calibrated,0.740365,0.125862,9.5352,9.5835,0.0026,0.0457
6248,9,18,8,tou,historically_calibrated,1.332657,0.226552,9.6589,9.7305,0.0259,0.0457
6249,9,18,9,tou,historically_calibrated,1.332657,0.226552,8.9206,9.559,0.0739,0.5645
6250,9,18,10,tou,historically_calibrated,1.332657,0.226552,7.8563,9.1366,0.1231,1.1571
6251,9,18,11,tou,historically_calibrated,1.332657,0.226552,4.5533,8.2223,0.1646,3.5045
6252,9,18,12,tou,historically_calibrated,1.332657,0.226552,5.5069,7.7628,0.1918,2.0641
6253,9,18,13,tou,historically_calibrated,1.332657,0.226552,3.8653,7.5719,0.2022,3.5045
6254,9,18,14,tou,historically_calibrated,1.332657,0.226552,3.5528,7.3735,0.3162,3.5045
6255,9,18,15,tou,historically_calibrated,1.332657,0.226552,2.6918,7.3049,0.2773,4.3358
6256,9,18,16,tou,historically_calibrated,1.332657,0.226552,3.872,7.5916,0.2151,3.5045
6257,9,18,17,tou,historically_calibrated,1.332657,0.226552,6.9917,7.9017,0.0842,0.8257
6258,9,18,18,tou,historically_calibrated,1.332657,0.226552,6.9513,8.1434,0.035,1.1571
6259,9,18,19,tou,historically_calibrated,1.332657,0.226552,6.664,8.235,0.0039,1.5671
6260,9,18,20,tou,historically_calibrated,1.332657,0.226552,6.0792,8.1433,0.0,2.0641
6261,9,18,21,tou,historically_calibrated,1.332657,0.226552,6.3335,7.9006,0.0,1.5671
6262,9,18,22,tou,historically_calibrated,1.332657,0.226552,6.4293,7.5865,0.0,1.1571
6263,9,18,23,tou,historically_calibrated,0.740365,0.125862,5.2212,7.2853,0.0,2.0641
6264,9,18,24,tou,historically_calibrated,0.740365,0.125862,5.272,5.8365,0.0,0.5645
6265,9,19,1,tou,historically_calibrated,0.740365,0.125862,6.3317,6.551,0.0,0.2194
6266,9,19,2,tou,historically_calibrated,0.740365,0.125862,6.6629,6.6777,0.0,0.0148
6267,9,19,3,tou,historically_calibrated,0.740365,0.125862,6.8026,6.8174,0.0,0.0148
6268,9,19,4,tou,historically_calibrated,0.740365,0.125862,6.8228,6.8684,0.0,0.0457
6269,9,19,5,tou,historically_calibrated,0.740365,0.125862,6.9688,6.9837,0.0,0.0148
6270,9,19,6,tou,historically_calibrated,0.740365,0.125862,7.2138,7.2286,0.0,0.0148
6271,9,19,7,tou,historically_calibrated,0.740365,0.125862,8.921,8.9423,0.0065,0.0148
6272,9,19,8,tou,historically_calibrated,1.332657,0.226552,8.9143,9.0173,0.0881,0.0148
6273,9,19,9,tou,historically_calibrated,1.332657,0.226552,7.9107,8.2835,0.2696,0.1032
6274,9,19,10,tou,historically_calibrated,1.332657,0.226552,6.7251,7.5439,0.4536,0.3652
6275,9,19,11,tou,historically_calibrated,1.332657,0.226552,6.5304,7.3109,0.5612,0.2194
6276,9,19,12,tou,historically_calibrated,1.332657,0.226552,6.0623,7.1349,0.508,0.5645
6277,9,19,13,tou,historically_calibrated,1.332657,0.226552,6.3985,7.0546,0.4368,0.2194
6278,9,19,14,tou,historically_calibrated,1.332657,0.226552,6.127,7.1127,0.4212,0.5645
6279,9,19,15,tou,historically_calibrated,1.332657,0.226552,6.5703,7.3049,0.3694,0.3652
6280,9,19,16,tou,historically_calibrated,1.332657,0.226552,6.8917,7.5916,0.2618,0.4381
6281,9,19,17,tou,historically_calibrated,1.332657,0.226552,7.2748,7.9017,0.149,0.4779
6282,9,19,18,tou,historically_calibrated,1.332657,0.226552,7.5245,8.1434,0.0544,0.5645
6283,9,19,19,tou,historically_calibrated,1.332657,0.226552,8.3011,8.3558,0.0091,0.0457
6284,9,19,20,tou,historically_calibrated,1.332657,0.226552,8.2479,8.2627,0.0,0.0148
6285,9,19,21,tou,historically_calibrated,1.332657,0.226552,8.8832,8.8856,0.0,0.0024
6286,9,19,22,tou,historically_calibrated,1.332657,0.226552,8.6934,8.6992,0.0,0.0057
6287,9,19,23,tou,historically_calibrated,0.740365,0.125862,8.3827,8.4072,0.0,0.0245
6288,9,19,24,tou,historically_calibrated,0.740365,0.125862,6.8208,6.8209,0.0,0.0001
6289,9,20,1,tou,historically_calibrated,0.740365,0.125862,7.2006,7.2006,0.0,0.0
6290,9,20,2,tou,historically_calibrated,0.740365,0.125862,7.2871,7.2871,0.0,0.0
6291,9,20,3,tou,historically_calibrated,0.740365,0.125862,7.4284,7.4284,0.0,0.0
6292,9,20,4,tou,historically_calibrated,0.740365,0.125862,7.525,7.525,0.0,0.0
6293,9,20,5,tou,historically_calibrated,0.740365,0.125862,7.6513,7.6513,0.0,0.0
6294,9,20,6,tou,historically_calibrated,0.740365,0.125862,7.9156,7.9156,0.0,0.0
6295,9,20,7,tou,historically_calibrated,0.740365,0.125862,9.7907,9.7972,0.0065,0.0
6296,9,20,8,tou,historically_calibrated,1.332657,0.226552,9.8057,9.8951,0.0894,0.0
6297,9,20,9,tou,historically_calibrated,1.332657,0.226552,9.1257,9.3927,0.267,0.0
6298,9,20,10,tou,historically_calibrated,1.332657,0.226552,8.4161,8.862,0.4458,0.0
6299,9,20,11,tou,historically_calibrated,1.332657,0.226552,7.4964,8.0615,0.5651,0.0
6300,9,20,12,tou,historically_calibrated,1.332657,0.226552,7.3912,7.9721,0.5806,0.0003
6301,9,20,13,tou,historically_calibrated,1.332657,0.226552,7.2772,7.8306,0.5534,0.0
6302,9,20,14,tou,historically_calibrated,1.332657,0.226552,7.3724,7.843,0.4692,0.0014
6303,9,20,15,tou,historically_calibrated,1.332657,0.226552,7.8228,8.2156,0.3927,0.0001
6304,9,20,16,tou,historically_calibrated,1.332657,0.226552,8.1469,8.4267,0.2773,0.0024
6305,9,20,17,tou,historically_calibrated,1.332657,0.226552,8.606,8.7709,0.1568,0.0081
6306,9,20,18,tou,historically_calibrated,1.332657,0.226552,8.776,8.8601,0.0648,0.0193
6307,9,20,19,tou,historically_calibrated,1.332657,0.226552,9.1331,9.1409,0.0078,0.0
6308,9,20,20,tou,historically_calibrated,1.332657,0.226552,9.7556,9.7556,0.0,0.0
6309,9,20,21,tou,historically_calibrated,1.332657,0.226552,9.5808,9.5808,0.0,0.0
6310,9,20,22,tou,historically_calibrated,1.332657,0.226552,9.5313,9.5337,0.0,0.0024
6311,9,20,23,tou,historically_calibrated,0.740365,0.125862,9.2062,9.2086,0.0,0.0024
6312,9,20,24,tou,historically_calibrated,0.740365,0.125862,7.4177,7.4201,0.0,0.0024
6313,9,21,1,tou,historically_calibrated,0.740365,0.125862,7.1858,7.2006,0.0,0.0148
6314,9,21,2,tou,historically_calibrated,0.740365,0.125862,7.2059,7.2059,0.0,0.0
6315,9,21,3,tou,historically_calibrated,0.740365,0.125862,7.2914,7.3062,0.0,0.0148
6316,9,21,4,tou,historically_calibrated,0.740365,0.125862,7.3585,7.3609,0.0,0.0024
6317,9,21,5,tou,historically_calibrated,0.740365,0.125862,7.4427,7.4427,0.0,0.0
6318,9,21,6,tou,historically_calibrated,0.740365,0.125862,7.6555,7.6579,0.0,0.0024
6319,9,21,7,tou,historically_calibrated,0.740365,0.125862,9.3002,9.3163,0.0013,0.0148
6320,9,21,8,tou,historically_calibrated,1.332657,0.226552,9.3089,9.3465,0.0376,0.0
6321,9,21,9,tou,historically_calibrated,1.332657,0.226552,8.8325,8.949,0.114,0.0024
6322,9,21,10,tou,historically_calibrated,1.332657,0.226552,8.3794,8.5874,0.1931,0.0148
6323,9,21,11,tou,historically_calibrated,1.332657,0.226552,7.7487,8.0079,0.2592,0.0
6324,9,21,12,tou,historically_calibrated,1.332657,0.226552,7.4662,7.8151,0.3033,0.0457
6325,9,21,13,tou,historically_calibrated,1.332657,0.226552,7.6522,7.9858,0.3188,0.0148
6326,9,21,14,tou,historically_calibrated,1.332657,0.226552,7.7083,7.9994,0.1879,0.1032
6327,9,21,15,tou,historically_calibrated,1.332657,0.226552,8.0014,8.2692,0.1646,0.1032
6328,9,21,16,tou,historically_calibrated,1.332657,0.226552,7.6919,8.037,0.1257,0.2194
6329,9,21,17,tou,historically_calibrated,1.332657,0.226552,7.6905,8.1335,0.0778,0.3652
6330,9,21,18,tou,historically_calibrated,1.332657,0.226552,7.5296,8.1434,0.0492,0.5645
6331,9,21,19,tou,historically_calibrated,1.332657,0.226552,8.0105,8.235,0.0052,0.2194
6332,9,21,20,tou,historically_calibrated,1.332657,0.226552,7.3175,8.1433,0.0,0.8257
6333,9,21,21,tou,historically_calibrated,1.332657,0.226552,6.7435,7.9006,0.0,1.1571
6334,9,21,22,tou,historically_calibrated,1.332657,0.226552,6.0193,7.5865,0.0,1.5671
6335,9,21,23,tou,historically_calibrated,0.740365,0.125862,6.4595,7.2853,0.0,0.8257
6336,9,21,24,tou,historically_calibrated,0.740365,0.125862,3.0496,5.8365,0.0,2.7869
6337,9,22,1,tou,historically_calibrated,0.740365,0.125862,3.7502,5.3173,0.0,1.5671
6338,9,22,2,tou,historically_calibrated,0.740365,0.125862,2.796,5.5828,0.0,2.7869
6339,9,22,3,tou,historically_calibrated,0.740365,0.125862,2.9605,5.7474,0.0,2.7869
6340,9,22,4,tou,historically_calibrated,0.740365,0.125862,3.8018,5.8659,0.0,2.0641
6341,9,22,5,tou,historically_calibrated,0.740365,0.125862,5.1527,6.3098,0.0,1.1571
6342,9,22,6,tou,historically_calibrated,0.740365,0.125862,5.8641,6.6898,0.0,0.8257
6343,9,22,7,tou,historically_calibrated,0.740365,0.125862,8.7463,8.7677,0.0065,0.0148
6344,9,22,8,tou,historically_calibrated,0.740365,0.125862,8.6093,8.8006,0.0881,0.1032
6345,9,22,9,tou,historically_calibrated,0.740365,0.125862,8.0457,8.3861,0.2372,0.1032
6346,9,22,10,tou,historically_calibrated,0.740365,0.125862,7.4491,7.9004,0.4056,0.0457
6347,9,22,11,tou,historically_calibrated,0.740365,0.125862,7.0688,7.6632,0.4912,0.1032
6348,9,22,12,tou,historically_calibrated,0.740365,0.125862,6.6134,7.1899,0.5741,0.0024
6349,9,22,13,tou,historically_calibrated,0.740365,0.125862,5.885,6.4902,0.6052,0.0
6350,9,22,14,tou,historically_calibrated,0.740365,0.125862,5.8439,6.5437,0.6998,0.0
6351,9,22,15,tou,historically_calibrated,0.740365,0.125862,6.1101,6.7205,0.6104,0.0
6352,9,22,16,tou,historically_calibrated,0.740365,0.125862,6.5177,6.9843,0.4666,0.0
6353,9,22,17,tou,historically_calibrated,0.740365,0.125862,7.0378,7.3229,0.2851,0.0
6354,9,22,18,tou,historically_calibrated,0.740365,0.125862,7.599,7.7117,0.1128,0.0
6355,9,22,19,tou,historically_calibrated,0.740365,0.125862,8.7313,8.743,0.0117,0.0
6356,9,22,20,tou,historically_calibrated,0.740365,0.125862,9.5795,9.5795,0.0,0.0
6357,9,22,21,tou,historically_calibrated,0.740365,0.125862,9.9337,9.9337,0.0,0.0
6358,9,22,22,tou,historically_calibrated,0.740365,0.125862,9.4875,9.4875,0.0,0.0
6359,9,22,23,tou,historically_calibrated,0.740365,0.125862,9.2092,9.2092,0.0,0.0
6360,9,22,24,tou,historically_calibrated,0.740365,0.125862,7.9685,7.9685,0.0,0.0
6361,9,23,1,tou,historically_calibrated,0.740365,0.125862,7.7824,7.7824,0.0,0.0
6362,9,23,2,tou,historically_calibrated,0.740365,0.125862,8.0497,8.0497,0.0,0.0
6363,9,23,3,tou,historically_calibrated,0.740365,0.125862,7.846,7.846,0.0,0.0
6364,9,23,4,tou,historically_calibrated,0.740365,0.125862,7.9047,7.9047,0.0,0.0
6365,9,23,5,tou,historically_calibrated,0.740365,0.125862,8.1909,8.1909,0.0,0.0
6366,9,23,6,tou,historically_calibrated,0.740365,0.125862,8.4673,8.4673,0.0,0.0
6367,9,23,7,tou,historically_calibrated,0.740365,0.125862,10.6291,10.6356,0.0065,0.0
6368,9,23,8,tou,historically_calibrated,0.740365,0.125862,9.7246,9.8101,0.0855,0.0
6369,9,23,9,tou,historically_calibrated,0.740365,0.125862,8.5312,8.7943,0.2631,0.0
6370,9,23,10,tou,historically_calibrated,0.740365,0.125862,7.0426,7.4962,0.4536,0.0
6371,9,23,11,tou,historically_calibrated,0.740365,0.125862,6.1143,6.726,0.6117,0.0
6372,9,23,12,tou,historically_calibrated,0.740365,0.125862,5.8487,6.5641,0.7154,0.0
6373,9,23,13,tou,historically_calibrated,0.740365,0.125862,5.736,6.4902,0.7543,0.0
6374,9,23,14,tou,historically_calibrated,0.740365,0.125862,5.8518,6.5437,0.6895,0.0024
6375,9,23,15,tou,historically_calibrated,0.740365,0.125862,6.1194,6.7205,0.5988,0.0024
6376,9,23,16,tou,historically_calibrated,0.740365,0.125862,6.5158,6.9843,0.4536,0.0148
6377,9,23,17,tou,historically_calibrated,0.740365,0.125862,6.9657,7.2696,0.289,0.0148
6378,9,23,18,tou,historically_calibrated,0.740365,0.125862,7.3857,7.492,0.1063,0.0
6379,9,23,19,tou,historically_calibrated,0.740365,0.125862,7.5659,7.5762,0.0104,0.0
6380,9,23,20,tou,historically_calibrated,0.740365,0.125862,7.4918,7.4918,0.0,0.0
6381,9,23,21,tou,historically_calibrated,0.740365,0.125862,7.2686,7.2686,0.0,0.0
6382,9,23,22,tou,historically_calibrated,0.740365,0.125862,6.9771,6.9796,0.0,0.0024
6383,9,23,23,tou,historically_calibrated,0.740365,0.125862,6.6876,6.7024,0.0,0.0148
6384,9,23,24,tou,historically_calibrated,0.740365,0.125862,5.2664,5.3696,0.0,0.1032
6385,9,24,1,tou,historically_calibrated,0.740365,0.125862,5.4329,5.5361,0.0,0.1032
6386,9,24,2,tou,historically_calibrated,0.740365,0.125862,5.3208,5.5401,0.0,0.2194
6387,9,24,3,tou,historically_calibrated,0.740365,0.125862,5.4514,5.5546,0.0,0.1032
6388,9,24,4,tou,historically_calibrated,0.740365,0.125862,5.4179,5.6373,0.0,0.2194
6389,9,24,5,tou,historically_calibrated,0.740365,0.125862,5.7422,6.1074,0.0,0.3652
6390,9,24,6,tou,historically_calibrated,0.740365,0.125862,5.9788,6.1982,0.0,0.2194
6391,9,24,7,tou,historically_calibrated,0.740365,0.125862,7.3286,7.5531,0.0052,0.2194
6392,9,24,8,tou,historically_calibrated,1.332657,0.226552,7.2976,7.4812,0.0804,0.1032
6393,9,24,9,tou,historically_calibrated,1.332657,0.226552,7.2027,7.5625,0.2566,0.1032
6394,9,24,10,tou,historically_calibrated,1.332657,0.226552,7.0001,7.489,0.4432,0.0457
6395,9,24,11,tou,historically_calibrated,1.332657,0.226552,6.6789,7.3109,0.5288,0.1032
6396,9,24,12,tou,historically_calibrated,1.332657,0.226552,6.7202,7.4346,0.6687,0.0457
6397,9,24,13,tou,historically_calibrated,1.332657,0.226552,7.0792,7.746,0.6519,0.0148
6398,9,24,14,tou,historically_calibrated,1.332657,0.226552,7.5448,7.9425,0.3953,0.0024
6399,9,24,15,tou,historically_calibrated,1.332657,0.226552,7.8141,8.2594,0.3421,0.1032
6400,9,24,16,tou,historically_calibrated,1.332657,0.226552,8.3815,8.619,0.1918,0.0457
6401,9,24,17,tou,historically_calibrated,1.332657,0.226552,8.487,8.6023,0.1153,0.0
6402,9,24,18,tou,historically_calibrated,1.332657,0.226552,8.4672,8.5235,0.0415,0.0148
6403,9,24,19,tou,historically_calibrated,1.332657,0.226552,8.1279,8.235,0.0039,0.1032
6404,9,24,20,tou,historically_calibrated,1.332657,0.226552,8.1433,8.1433,0.0,0.0
6405,9,24,21,tou,historically_calibrated,1.332657,0.226552,7.8982,7.9006,0.0,0.0024
6406,9,24,22,tou,historically_calibrated,1.332657,0.226552,7.5841,7.5865,0.0,0.0024
6407,9,24,23,tou,historically_calibrated,0.740365,0.125862,7.2829,7.2853,0.0,0.0024
6408,9,24,24,tou,historically_calibrated,0.740365,0.125862,5.8365,5.8365,0.0,0.0
6409,9,25,1,tou,historically_calibrated,0.740365,0.125862,5.4904,5.5361,0.0,0.0457
6410,9,25,2,tou,historically_calibrated,0.740365,0.125862,5.4187,5.7839,0.0,0.3652
6411,9,25,3,tou,historically_calibrated,0.740365,0.125862,6.0217,6.1249,0.0,0.1032
6412,9,25,4,tou,historically_calibrated,0.740365,0.125862,6.8638,6.9095,0.0,0.0457
6413,9,25,5,tou,historically_calibrated,0.740365,0.125862,7.6096,7.6096,0.0,0.0
6414,9,25,6,tou,historically_calibrated,0.740365,0.125862,8.1732,8.1732,0.0,0.0
6415,9,25,7,tou,historically_calibrated,0.740365,0.125862,10.5935,10.5987,0.0052,0.0
6416,9,25,8,tou,historically_calibrated,1.332657,0.226552,10.5854,10.6631,0.0778,0.0
6417,9,25,9,tou,historically_calibrated,1.332657,0.226552,9.4172,9.6699,0.2527,0.0
6418,9,25,10,tou,historically_calibrated,1.332657,0.226552,8.7703,9.1915,0.4212,0.0
6419,9,25,11,tou,historically_calibrated,1.332657,0.226552,7.6238,8.1687,0.5301,0.0148
6420,9,25,12,tou,historically_calibrated,1.332657,0.226552,7.0374,7.6581,0.6208,0.0
6421,9,25,13,tou,historically_calibrated,1.332657,0.226552,6.3483,7.0546,0.7063,0.0
6422,9,25,14,tou,historically_calibrated,1.332657,0.226552,6.4349,7.1127,0.6778,0.0
6423,9,25,15,tou,historically_calibrated,1.332657,0.226552,6.6906,7.3049,0.6143,0.0
6424,9,25,16,tou,historically_calibrated,1.332657,0.226552,7.151,7.5916,0.4406,0.0
6425,9,25,17,tou,historically_calibrated,1.332657,0.226552,7.6386,7.9017,0.2631,0.0
6426,9,25,18,tou,historically_calibrated,1.332657,0.226552,8.0592,8.1434,0.0842,0.0
6427,9,25,19,tou,historically_calibrated,1.332657,0.226552,8.8312,8.8389,0.0078,0.0
6428,9,25,20,tou,historically_calibrated,1.332657,0.226552,9.8751,9.8751,0.0,0.0
6429,9,25,21,tou,historically_calibrated,1.332657,0.226552,11.2031,11.2031,0.0,0.0
6430,9,25,22,tou,historically_calibrated,1.332657,0.226552,11.4252,11.4252,0.0,0.0
6431,9,25,23,tou,historically_calibrated,0.740365,0.125862,10.7579,10.7579,0.0,0.0
6432,9,25,24,tou,historically_calibrated,0.740365,0.125862,9.0894,9.0894,0.0,0.0
6433,9,26,1,tou,historically_calibrated,0.740365,0.125862,8.7027,8.7027,0.0,0.0
6434,9,26,2,tou,historically_calibrated,0.740365,0.125862,8.4247,8.4247,0.0,0.0
6435,9,26,3,tou,historically_calibrated,0.740365,0.125862,8.4468,8.4468,0.0,0.0
6436,9,26,4,tou,historically_calibrated,0.740365,0.125862,8.4689,8.4689,0.0,0.0
6437,9,26,5,tou,historically_calibrated,0.740365,0.125862,8.4441,8.4441,0.0,0.0
6438,9,26,6,tou,historically_calibrated,0.740365,0.125862,8.8601,8.8601,0.0,0.0
6439,9,26,7,tou,historically_calibrated,0.740365,0.125862,10.8085,10.8124,0.0039,0.0
6440,9,26,8,tou,historically_calibrated,1.332657,0.226552,10.315,10.3888,0.0739,0.0
6441,9,26,9,tou,historically_calibrated,1.332657,0.226552,8.8072,9.0599,0.2527,0.0
6442,9,26,10,tou,historically_calibrated,1.332657,0.226552,7.0457,7.489,0.4432,0.0
6443,9,26,11,tou,historically_calibrated,1.332657,0.226552,6.7057,7.3109,0.6052,0.0
6444,9,26,12,tou,historically_calibrated,1.332657,0.226552,6.4247,7.1349,0.7102,0.0
6445,9,26,13,tou,historically_calibrated,1.332657,0.226552,6.3055,7.0546,0.7491,0.0
6446,9,26,14,tou,historically_calibrated,1.332657,0.226552,6.396,7.1127,0.7167,0.0
6447,9,26,15,tou,historically_calibrated,1.332657,0.226552,6.6867,7.3049,0.6182,0.0
6448,9,26,16,tou,historically_calibrated,1.332657,0.226552,7.1289,7.5916,0.4627,0.0
6449,9,26,17,tou,historically_calibrated,1.332657,0.226552,7.6296,7.9017,0.2722,0.0
6450,9,26,18,tou,historically_calibrated,1.332657,0.226552,8.0527,8.1434,0.0907,0.0
6451,9,26,19,tou,historically_calibrated,1.332657,0.226552,8.2285,8.235,0.0065,0.0
6452,9,26,20,tou,historically_calibrated,1.332657,0.226552,8.1433,8.1433,0.0,0.0
6453,9,26,21,tou,historically_calibrated,1.332657,0.226552,8.0744,8.0744,0.0,0.0
6454,9,26,22,tou,historically_calibrated,1.332657,0.226552,8.3097,8.3097,0.0,0.0
6455,9,26,23,tou,historically_calibrated,0.740365,0.125862,8.4606,8.4606,0.0,0.0
6456,9,26,24,tou,historically_calibrated,0.740365,0.125862,6.6069,6.6069,0.0,0.0
6457,9,27,1,tou,historically_calibrated,0.740365,0.125862,6.4698,6.4698,0.0,0.0
6458,9,27,2,tou,historically_calibrated,0.740365,0.125862,6.7589,6.759,0.0,0.0
6459,9,27,3,tou,historically_calibrated,0.740365,0.125862,6.8581,6.8581,0.0,0.0
6460,9,27,4,tou,historically_calibrated,0.740365,0.125862,7.2378,7.2378,0.0,0.0
6461,9,27,5,tou,historically_calibrated,0.740365,0.125862,6.8978,6.9002,0.0,0.0024
6462,9,27,6,tou,historically_calibrated,0.740365,0.125862,7.3121,7.3145,0.0,0.0024
6463,9,27,7,tou,historically_calibrated,0.740365,0.125862,9.2056,9.2095,0.0039,0.0
6464,9,27,8,tou,historically_calibrated,1.332657,0.226552,9.3862,9.4562,0.07,0.0
6465,9,27,9,tou,historically_calibrated,1.332657,0.226552,7.987,8.228,0.2411,0.0
6466,9,27,10,tou,historically_calibrated,1.332657,0.226552,7.0613,7.489,0.4277,0.0
6467,9,27,11,tou,historically_calibrated,1.332657,0.226552,6.7549,7.3109,0.556,0.0
6468,9,27,12,tou,historically_calibrated,1.332657,0.226552,6.4817,7.1349,0.6532,0.0
6469,9,27,13,tou,historically_calibrated,1.332657,0.226552,6.6803,7.318,0.6376,0.0
6470,9,27,14,tou,historically_calibrated,1.332657,0.226552,6.6322,7.1791,0.5469,0.0
6471,9,27,15,tou,historically_calibrated,1.332657,0.226552,6.898,7.3049,0.4069,0.0
6472,9,27,16,tou,historically_calibrated,1.332657,0.226552,7.3441,7.5916,0.2475,0.0
6473,9,27,17,tou,historically_calibrated,1.332657,0.226552,7.7579,7.9017,0.1439,0.0
6474,9,27,18,tou,historically_calibrated,1.332657,0.226552,8.0773,8.1434,0.0661,0.0
6475,9,27,19,tou,historically_calibrated,1.332657,0.226552,8.2298,8.235,0.0052,0.0
6476,9,27,20,tou,historically_calibrated,1.332657,0.226552,8.1433,8.1433,0.0,0.0
6477,9,27,21,tou,historically_calibrated,1.332657,0.226552,7.9006,7.9006,0.0,0.0
6478,9,27,22,tou,historically_calibrated,1.332657,0.226552,7.5865,7.5865,0.0,0.0
6479,9,27,23,tou,historically_calibrated,0.740365,0.125862,7.6058,7.6058,0.0,0.0
6480,9,27,24,tou,historically_calibrated,0.740365,0.125862,6.1361,6.1361,0.0,0.0
6481,9,28,1,tou,historically_calibrated,0.740365,0.125862,5.6579,5.6579,0.0,0.0
6482,9,28,2,tou,historically_calibrated,0.740365,0.125862,5.662,5.662,0.0,0.0
6483,9,28,3,tou,historically_calibrated,0.740365,0.125862,5.7583,5.7583,0.0,0.0
6484,9,28,4,tou,historically_calibrated,0.740365,0.125862,5.9656,5.9656,0.0,0.0
6485,9,28,5,tou,historically_calibrated,0.740365,0.125862,6.0657,6.0657,0.0,0.0
6486,9,28,6,tou,historically_calibrated,0.740365,0.125862,6.3246,6.327,0.0,0.0024
6487,9,28,7,tou,historically_calibrated,0.740365,0.125862,7.8576,7.8737,0.0013,0.0148
6488,9,28,8,tou,historically_calibrated,1.332657,0.226552,8.0129,8.0298,0.0168,0.0
6489,9,28,9,tou,historically_calibrated,1.332657,0.226552,8.1684,8.228,0.0596,0.0
6490,9,28,10,tou,historically_calibrated,1.332657,0.226552,7.4801,7.6537,0.1737,0.0
6491,9,28,11,tou,historically_calibrated,1.332657,0.226552,7.0724,7.3109,0.2385,0.0
6492,9,28,12,tou,historically_calibrated,1.332657,0.226552,6.7578,7.1349,0.3771,0.0
6493,9,28,13,tou,historically_calibrated,1.332657,0.226552,6.6556,7.0546,0.3966,0.0024
6494,9,28,14,tou,historically_calibrated,1.332657,0.226552,6.645,7.1127,0.4653,0.0024
6495,9,28,15,tou,historically_calibrated,1.332657,0.226552,6.7743,7.3049,0.5158,0.0148
6496,9,28,16,tou,historically_calibrated,1.332657,0.226552,7.2481,7.5916,0.3434,0.0
6497,9,28,17,tou,historically_calibrated,1.332657,0.226552,7.7158,7.9017,0.1711,0.0148
6498,9,28,18,tou,historically_calibrated,1.332657,0.226552,8.0903,8.1434,0.0531,0.0
6499,9,28,19,tou,historically_calibrated,1.332657,0.226552,8.2311,8.235,0.0039,0.0
6500,9,28,20,tou,historically_calibrated,1.332657,0.226552,8.1433,8.1433,0.0,0.0
6501,9,28,21,tou,historically_calibrated,1.332657,0.226552,7.9006,7.9006,0.0,0.0
6502,9,28,22,tou,historically_calibrated,1.332657,0.226552,7.5865,7.5865,0.0,0.0
6503,9,28,23,tou,historically_calibrated,0.740365,0.125862,7.6058,7.6058,0.0,0.0
6504,9,28,24,tou,historically_calibrated,0.740365,0.125862,5.9197,5.9221,0.0,0.0024
6505,9,29,1,tou,historically_calibrated,0.740365,0.125862,5.504,5.5041,0.0,0.0
6506,9,29,2,tou,historically_calibrated,0.740365,0.125862,5.1568,5.1717,0.0,0.0148
6507,9,29,3,tou,historically_calibrated,0.740365,0.125862,5.5077,5.5225,0.0,0.0148
6508,9,29,4,tou,historically_calibrated,0.740365,0.125862,5.8257,5.8281,0.0,0.0024
6509,9,29,5,tou,historically_calibrated,0.740365,0.125862,6.1179,6.1179,0.0,0.0
6510,9,29,6,tou,historically_calibrated,0.740365,0.125862,6.4528,6.4528,0.0,0.0
6511,9,29,7,tou,historically_calibrated,0.740365,0.125862,7.2447,7.293,0.0026,0.0457
6512,9,29,8,tou,historically_calibrated,0.740365,0.125862,7.4753,7.5388,0.0635,0.0
6513,9,29,9,tou,historically_calibrated,0.740365,0.125862,6.7268,6.9575,0.2307,0.0
6514,9,29,10,tou,historically_calibrated,0.740365,0.125862,6.4751,6.8899,0.4147,0.0
6515,9,29,11,tou,historically_calibrated,0.740365,0.125862,6.1571,6.726,0.5689,0.0
6516,9,29,12,tou,historically_calibrated,0.740365,0.125862,5.9873,6.656,0.6687,0.0
6517,9,29,13,tou,historically_calibrated,0.740365,0.125862,5.9703,6.6417,0.6713,0.0
6518,9,29,14,tou,historically_calibrated,0.740365,0.125862,6.1639,6.7575,0.5936,0.0
6519,9,29,15,tou,historically_calibrated,0.740365,0.125862,6.7143,7.2223,0.508,0.0
6520,9,29,16,tou,historically_calibrated,0.740365,0.125862,6.6438,7.0495,0.4056,0.0
6521,9,29,17,tou,historically_calibrated,0.740365,0.125862,7.0272,7.2696,0.2424,0.0
6522,9,29,18,tou,historically_calibrated,0.740365,0.125862,7.4285,7.492,0.0635,0.0
6523,9,29,19,tou,historically_calibrated,0.740365,0.125862,7.5723,7.5762,0.0039,0.0
6524,9,29,20,tou,historically_calibrated,0.740365,0.125862,7.4918,7.4918,0.0,0.0
6525,9,29,21,tou,historically_calibrated,0.740365,0.125862,7.5351,7.5351,0.0,0.0
6526,9,29,22,tou,historically_calibrated,0.740365,0.125862,7.1331,7.1331,0.0,0.0
6527,9,29,23,tou,historically_calibrated,0.740365,0.125862,7.194,7.194,0.0,0.0
6528,9,29,24,tou,historically_calibrated,0.740365,0.125862,5.8421,5.8421,0.0,0.0
6529,9,30,1,tou,historically_calibrated,0.740365,0.125862,5.8029,5.8029,0.0,0.0
6530,9,30,2,tou,historically_calibrated,0.740365,0.125862,5.8071,5.8071,0.0,0.0
6531,9,30,3,tou,historically_calibrated,0.740365,0.125862,5.8223,5.8223,0.0,0.0
6532,9,30,4,tou,historically_calibrated,0.740365,0.125862,5.8659,5.8659,0.0,0.0
6533,9,30,5,tou,historically_calibrated,0.740365,0.125862,5.8107,5.8107,0.0,0.0
6534,9,30,6,tou,historically_calibrated,0.740365,0.125862,5.8208,5.8208,0.0,0.0
6535,9,30,7,tou,historically_calibrated,0.740365,0.125862,7.3421,7.3421,0.0,0.0
6536,9,30,8,tou,historically_calibrated,0.740365,0.125862,7.5233,7.5388,0.0156,0.0
6537,9,30,9,tou,historically_calibrated,0.740365,0.125862,7.5128,7.5698,0.057,0.0
6538,9,30,10,tou,historically_calibrated,0.740365,0.125862,7.3782,7.5467,0.1685,0.0
6539,9,30,11,tou,historically_calibrated,0.740365,0.125862,7.0767,7.2193,0.1426,0.0
6540,9,30,12,tou,historically_calibrated,0.740365,0.125862,6.6363,6.8048,0.1685,0.0
6541,9,30,13,tou,historically_calibrated,0.740365,0.125862,6.3127,6.4902,0.1776,0.0
6542,9,30,14,tou,historically_calibrated,0.740365,0.125862,6.3739,6.5437,0.1698,0.0
6543,9,30,15,tou,historically_calibrated,0.740365,0.125862,6.5754,6.7205,0.1452,0.0
6544,9,30,16,tou,historically_calibrated,0.740365,0.125862,6.9804,7.0867,0.1063,0.0
6545,9,30,17,tou,historically_calibrated,0.740365,0.125862,7.5807,7.6428,0.0596,0.0024
6546,9,30,18,tou,historically_calibrated,0.740365,0.125862,8.8553,8.9754,0.0168,0.1032
6547,9,30,19,tou,historically_calibrated,0.740365,0.125862,9.3504,9.3541,0.0013,0.0024
6548,9,30,20,tou,historically_calibrated,0.740365,0.125862,9.3573,9.3597,0.0,0.0024
6549,9,30,21,tou,historically_calibrated,0.740365,0.125862,9.1875,9.1875,0.0,0.0
6550,9,30,22,tou,historically_calibrated,0.740365,0.125862,8.9245,8.9245,0.0,0.0
6551,9,30,23,tou,historically_calibrated,0.740365,0.125862,8.6685,8.6685,0.0,0.0
6552,9,30,24,tou,historically_calibrated,0.740365,0.125862,7.0234,7.0234,0.0,0.0
6553,10,1,1,tou,historically_calibrated,0.740365,0.125862,7.2412,7.2412,0.0,0.0
6554,10,1,2,tou,historically_calibrated,0.740365,0.125862,7.2465,7.2465,0.0,0.0
6555,10,1,3,tou,historically_calibrated,0.740365,0.125862,7.2247,7.2247,0.0,0.0
6556,10,1,4,tou,historically_calibrated,0.740365,0.125862,7.2378,7.2378,0.0,0.0
6557,10,1,5,tou,historically_calibrated,0.740365,0.125862,7.3175,7.3175,0.0,0.0
6558,10,1,6,tou,historically_calibrated,0.740365,0.125862,7.4862,7.4862,0.0,0.0
6559,10,1,7,tou,historically_calibrated,0.740365,0.125862,9.2082,9.2095,0.0013,0.0
6560,10,1,8,tou,historically_calibrated,1.332657,0.226552,9.378,9.4013,0.0233,0.0
6561,10,1,9,tou,historically_calibrated,1.332657,0.226552,9.5588,9.6145,0.0557,0.0
6562,10,1,10,tou,historically_calibrated,1.332657,0.226552,9.2525,9.3562,0.1037,0.0
6563,10,1,11,tou,historically_calibrated,1.332657,0.226552,8.6695,8.8121,0.1426,0.0
6564,10,1,12,tou,historically_calibrated,1.332657,0.226552,7.8572,8.0244,0.1672,0.0
6565,10,1,13,tou,historically_calibrated,1.332657,0.226552,7.4474,7.6237,0.1763,0.0
6566,10,1,14,tou,historically_calibrated,1.332657,0.226552,6.9442,7.1127,0.1685,0.0
6567,10,1,15,tou,historically_calibrated,1.332657,0.226552,7.1624,7.3049,0.1426,0.0
6568,10,1,16,tou,historically_calibrated,1.332657,0.226552,7.4866,7.5916,0.105,0.0
6569,10,1,17,tou,historically_calibrated,1.332657,0.226552,7.8434,7.9017,0.0583,0.0
6570,10,1,18,tou,historically_calibrated,1.332657,0.226552,8.1279,8.1434,0.0156,0.0
6571,10,1,19,tou,historically_calibrated,1.332657,0.226552,8.235,8.235,0.0,0.0
6572,10,1,20,tou,historically_calibrated,1.332657,0.226552,8.203,8.203,0.0,0.0
6573,10,1,21,tou,historically_calibrated,1.332657,0.226552,8.3641,8.3641,0.0,0.0
6574,10,1,22,tou,historically_calibrated,1.332657,0.226552,8.0315,8.0315,0.0,0.0
6575,10,1,23,tou,historically_calibrated,0.740365,0.125862,7.6058,7.6058,0.0,0.0
6576,10,1,24,tou,historically_calibrated,0.740365,0.125862,5.8365,5.8365,0.0,0.0
6577,10,2,1,tou,historically_calibrated,0.740365,0.125862,5.5337,5.5361,0.0,0.0024
6578,10,2,2,tou,historically_calibrated,0.740365,0.125862,5.5783,5.5808,0.0,0.0024
6579,10,2,3,tou,historically_calibrated,0.740365,0.125862,5.6213,5.6361,0.0,0.0148
6580,10,2,4,tou,historically_calibrated,0.740365,0.125862,5.5506,5.5962,0.0,0.0457
6581,10,2,5,tou,historically_calibrated,0.740365,0.125862,5.6753,5.6901,0.0,0.0148
6582,10,2,6,tou,historically_calibrated,0.740365,0.125862,5.7515,5.8547,0.0,0.1032
6583,10,2,7,tou,historically_calibrated,0.740365,0.125862,7.1828,7.286,0.0,0.1032
6584,10,2,8,tou,historically_calibrated,1.332657,0.226552,7.4534,7.4812,0.013,0.0148
6585,10,2,9,tou,historically_calibrated,1.332657,0.226552,7.4933,7.5625,0.0544,0.0148
6586,10,2,10,tou,historically_calibrated,1.332657,0.226552,7.3108,7.489,0.1633,0.0148
6587,10,2,11,tou,historically_calibrated,1.332657,0.226552,6.9228,7.3109,0.3732,0.0148
6588,10,2,12,tou,historically_calibrated,1.332657,0.226552,6.8223,7.1349,0.267,0.0457
6589,10,2,13,tou,historically_calibrated,1.332657,0.226552,6.4848,7.0546,0.4666,0.1032
6590,10,2,14,tou,historically_calibrated,1.332657,0.226552,6.3913,7.1127,0.6182,0.1032
6591,10,2,15,tou,historically_calibrated,1.332657,0.226552,6.9129,7.3049,0.3771,0.0148
6592,10,2,16,tou,historically_calibrated,1.332657,0.226552,7.2592,7.5916,0.3175,0.0148
6593,10,2,17,tou,historically_calibrated,1.332657,0.226552,7.5886,7.9017,0.21,0.1032
6594,10,2,18,tou,historically_calibrated,1.332657,0.226552,8.0434,8.1434,0.0544,0.0457
6595,10,2,19,tou,historically_calibrated,1.332657,0.226552,8.2189,8.235,0.0013,0.0148
6596,10,2,20,tou,historically_calibrated,1.332657,0.226552,8.1284,8.1433,0.0,0.0148
6597,10,2,21,tou,historically_calibrated,1.332657,0.226552,7.8858,7.9006,0.0,0.0148
6598,10,2,22,tou,historically_calibrated,1.332657,0.226552,7.5716,7.5865,0.0,0.0148
6599,10,2,23,tou,historically_calibrated,0.740365,0.125862,7.2829,7.2853,0.0,0.0024
6600,10,2,24,tou,historically_calibrated,0.740365,0.125862,5.8341,5.8365,0.0,0.0024
6601,10,3,1,tou,historically_calibrated,0.740365,0.125862,5.5361,5.5361,0.0,0.0
6602,10,3,2,tou,historically_calibrated,0.740365,0.125862,5.5377,5.5401,0.0,0.0024
6603,10,3,3,tou,historically_calibrated,0.740365,0.125862,5.509,5.5546,0.0,0.0457
6604,10,3,4,tou,historically_calibrated,0.740365,0.125862,5.5814,5.5962,0.0,0.0148
6605,10,3,5,tou,historically_calibrated,0.740365,0.125862,5.5869,5.6901,0.0,0.1032
6606,10,3,6,tou,historically_calibrated,0.740365,0.125862,5.7515,5.8547,0.0,0.1032
6607,10,3,7,tou,historically_calibrated,0.740365,0.125862,7.0666,7.286,0.0,0.2194
6608,10,3,8,tou,historically_calibrated,1.332657,0.226552,7.4534,7.4812,0.013,0.0148
6609,10,3,9,tou,historically_calibrated,1.332657,0.226552,7.3725,7.5625,0.0868,0.1032
6610,10,3,10,tou,historically_calibrated,1.332657,0.226552,6.9624,7.489,0.3072,0.2194
6611,10,3,11,tou,historically_calibrated,1.332657,0.226552,6.2707,7.3109,0.4756,0.5645
6612,10,3,12,tou,historically_calibrated,1.332657,0.226552,6.2617,7.1349,0.508,0.3652
6613,10,3,13,tou,historically_calibrated,1.332657,0.226552,6.2524,7.3509,0.534,0.5645
6614,10,3,14,tou,historically_calibrated,1.332657,0.226552,4.1865,7.4115,0.438,2.7869
6615,10,3,15,tou,historically_calibrated,1.332657,0.226552,5.0151,7.5095,0.4303,2.0641
6616,10,3,16,tou,historically_calibrated,1.332657,0.226552,6.3018,7.7687,0.3097,1.1571
6617,10,3,17,tou,historically_calibrated,1.332657,0.226552,6.2399,7.9755,0.1685,1.5671
6618,10,3,18,tou,historically_calibrated,1.332657,0.226552,8.0447,8.1434,0.0531,0.0457
6619,10,3,19,tou,historically_calibrated,1.332657,0.226552,8.2189,8.235,0.0013,0.0148
6620,10,3,20,tou,historically_calibrated,1.332657,0.226552,8.1433,8.1433,0.0,0.0
6621,10,3,21,tou,historically_calibrated,1.332657,0.226552,7.9006,7.9006,0.0,0.0
6622,10,3,22,tou,historically_calibrated,1.332657,0.226552,7.5841,7.5865,0.0,0.0024
6623,10,3,23,tou,historically_calibrated,0.740365,0.125862,7.2829,7.2853,0.0,0.0024
6624,10,3,24,tou,historically_calibrated,0.740365,0.125862,5.8365,5.8365,0.0,0.0
6625,10,4,1,tou,historically_calibrated,0.740365,0.125862,5.5213,5.5361,0.0,0.0148
6626,10,4,2,tou,historically_calibrated,0.740365,0.125862,5.4945,5.5401,0.0,0.0457
6627,10,4,3,tou,historically_calibrated,0.740365,0.125862,5.3353,5.5546,0.0,0.2194
6628,10,4,4,tou,historically_calibrated,0.740365,0.125862,5.3768,5.5962,0.0,0.2194
6629,10,4,5,tou,historically_calibrated,0.740365,0.125862,5.5869,5.6901,0.0,0.1032
6630,10,4,6,tou,historically_calibrated,0.740365,0.125862,5.7783,5.8547,0.0,0.0764
6631,10,4,7,tou,historically_calibrated,0.740365,0.125862,7.2403,7.286,0.0,0.0457
6632,10,4,8,tou,historically_calibrated,1.332657,0.226552,7.3468,7.4812,0.0311,0.1032
6633,10,4,9,tou,historically_calibrated,1.332657,0.226552,7.2045,7.5625,0.1387,0.2194
6634,10,4,10,tou,historically_calibrated,1.332657,0.226552,7.1732,7.489,0.2125,0.1032
6635,10,4,11,tou,historically_calibrated,1.332657,0.226552,7.1732,7.5156,0.2968,0.0457
6636,10,4,12,tou,historically_calibrated,1.332657,0.226552,7.5014,7.8674,0.3512,0.0148
6637,10,4,13,tou,historically_calibrated,1.332657,0.226552,7.3393,8.0752,0.3707,0.3652
6638,10,4,14,tou,historically_calibrated,1.332657,0.226552,7.0822,8.3408,0.4329,0.8257
6639,10,4,15,tou,historically_calibrated,1.332657,0.226552,6.7006,8.1572,0.2994,1.1571
6640,10,4,16,tou,historically_calibrated,1.332657,0.226552,7.6135,8.6544,0.2151,0.8257
6641,10,4,17,tou,historically_calibrated,1.332657,0.226552,7.7631,8.5655,0.1413,0.6611
6642,10,4,18,tou,historically_calibrated,1.332657,0.226552,7.8073,8.4095,0.0376,0.5645
6643,10,4,19,tou,historically_calibrated,1.332657,0.226552,8.0144,8.235,0.0013,0.2194
6644,10,4,20,tou,historically_calibrated,1.332657,0.226552,7.778,8.1433,0.0,0.3652
6645,10,4,21,tou,historically_calibrated,1.332657,0.226552,7.5354,7.9006,0.0,0.3652
6646,10,4,22,tou,historically_calibrated,1.332657,0.226552,6.7607,7.5865,0.0,0.8257
6647,10,4,23,tou,historically_calibrated,0.740365,0.125862,6.9201,7.2853,0.0,0.3652
6648,10,4,24,tou,historically_calibrated,0.740365,0.125862,5.7909,5.8365,0.0,0.0457
6649,10,5,1,tou,historically_calibrated,0.740365,0.125862,5.4329,5.5361,0.0,0.1032
6650,10,5,2,tou,historically_calibrated,0.740365,0.125862,5.3208,5.5401,0.0,0.2194
6651,10,5,3,tou,historically_calibrated,0.740365,0.125862,5.4514,5.5546,0.0,0.1032
6652,10,5,4,tou,historically_calibrated,0.740365,0.125862,5.0317,5.5962,0.0,0.5645
6653,10,5,5,tou,historically_calibrated,0.740365,0.125862,5.3249,5.6901,0.0,0.3652
6654,10,5,6,tou,historically_calibrated,0.740365,0.125862,4.6975,5.8547,0.0,1.1571
6655,10,5,7,tou,historically_calibrated,0.740365,0.125862,7.4499,7.5531,0.0,0.1032
6656,10,5,8,tou,historically_calibrated,1.332657,0.226552,7.4449,7.5909,0.0428,0.1032
6657,10,5,9,tou,historically_calibrated,1.332657,0.226552,6.9977,7.5625,0.1996,0.3652
6658,10,5,10,tou,historically_calibrated,1.332657,0.226552,5.5616,7.489,0.3603,1.5671
6659,10,5,11,tou,historically_calibrated,1.332657,0.226552,5.2759,7.3109,0.4679,1.5671
6660,10,5,12,tou,historically_calibrated,1.332657,0.226552,5.0131,7.1349,0.5547,1.5671
6661,10,5,13,tou,historically_calibrated,1.332657,0.226552,4.9017,7.0546,0.5858,1.5671
6662,10,5,14,tou,historically_calibrated,1.332657,0.226552,5.3996,7.1127,0.556,1.1571
6663,10,5,15,tou,historically_calibrated,1.332657,0.226552,5.2686,7.3049,0.4692,1.5671
6664,10,5,16,tou,historically_calibrated,1.332657,0.226552,6.0988,7.5916,0.3357,1.1571
6665,10,5,17,tou,historically_calibrated,1.332657,0.226552,6.5528,7.9017,0.1918,1.1571
6666,10,5,18,tou,historically_calibrated,1.332657,0.226552,7.2736,8.1434,0.0441,0.8257
6667,10,5,19,tou,historically_calibrated,1.332657,0.226552,7.8698,8.235,0.0,0.3652
6668,10,5,20,tou,historically_calibrated,1.332657,0.226552,7.778,8.1433,0.0,0.3652
6669,10,5,21,tou,historically_calibrated,1.332657,0.226552,8.0289,8.2483,0.0,0.2194
6670,10,5,22,tou,historically_calibrated,1.332657,0.226552,7.3727,8.1984,0.0,0.8257
6671,10,5,23,tou,historically_calibrated,0.740365,0.125862,7.3143,8.1401,0.0,0.8257
6672,10,5,24,tou,historically_calibrated,0.740365,0.125862,6.2136,6.7781,0.0,0.5645
6673,10,6,1,tou,historically_calibrated,0.740365,0.125862,5.4251,5.9896,0.0,0.5645
6674,10,6,2,tou,historically_calibrated,0.740365,0.125862,5.5416,6.1061,0.0,0.5645
6675,10,6,3,tou,historically_calibrated,0.740365,0.125862,5.67,6.2345,0.0,0.5645
6676,10,6,4,tou,historically_calibrated,0.740365,0.125862,5.8027,6.1679,0.0,0.3652
6677,10,6,5,tou,historically_calibrated,0.740365,0.125862,5.791,6.1563,0.0,0.3652
6678,10,6,6,tou,historically_calibrated,0.740365,0.125862,6.4286,6.5318,0.0,0.1032
6679,10,6,7,tou,historically_calibrated,0.740365,0.125862,7.7143,8.0795,0.0,0.3652
6680,10,6,8,tou,historically_calibrated,0.740365,0.125862,8.092,8.3464,0.035,0.2194
6681,10,6,9,tou,historically_calibrated,0.740365,0.125862,7.9189,8.131,0.1089,0.1032
6682,10,6,10,tou,historically_calibrated,0.740365,0.125862,6.7254,7.3446,0.254,0.3652
6683,10,6,11,tou,historically_calibrated,0.740365,0.125862,5.8994,6.726,0.4614,0.3652
6684,10,6,12,tou,historically_calibrated,0.740365,0.125862,5.9987,6.5641,0.346,0.2194
6685,10,6,13,tou,historically_calibrated,0.740365,0.125862,5.6779,6.4902,0.4471,0.3652
6686,10,6,14,tou,historically_calibrated,0.740365,0.125862,5.2942,6.5437,0.4238,0.8257
6687,10,6,15,tou,historically_calibrated,0.740365,0.125862,6.1389,6.7205,0.2164,0.3652
6688,10,6,16,tou,historically_calibrated,0.740365,0.125862,6.2124,6.9843,0.2074,0.5645
6689,10,6,17,tou,historically_calibrated,0.740365,0.125862,6.7968,7.2696,0.1076,0.3652
6690,10,6,18,tou,historically_calibrated,0.740365,0.125862,7.4675,7.492,0.022,0.0024
6691,10,6,19,tou,historically_calibrated,0.740365,0.125862,7.7984,7.7985,0.0,0.0
6692,10,6,20,tou,historically_calibrated,0.740365,0.125862,8.8653,8.8653,0.0,0.0
6693,10,6,21,tou,historically_calibrated,0.740365,0.125862,7.7868,7.8016,0.0,0.0148
6694,10,6,22,tou,historically_calibrated,0.740365,0.125862,8.1544,8.1568,0.0,0.0024
6695,10,6,23,tou,historically_calibrated,0.740365,0.125862,8.5678,8.5702,0.0,0.0024
6696,10,6,24,tou,historically_calibrated,0.740365,0.125862,6.9816,6.984,0.0,0.0024
6697,10,7,1,tou,historically_calibrated,0.740365,0.125862,6.6595,6.6619,0.0,0.0024
6698,10,7,2,tou,historically_calibrated,0.740365,0.125862,6.4775,6.4799,0.0,0.0024
6699,10,7,3,tou,historically_calibrated,0.740365,0.125862,6.3446,6.347,0.0,0.0024
6700,10,7,4,tou,historically_calibrated,0.740365,0.125862,6.2033,6.2057,0.0,0.0024
6701,10,7,5,tou,historically_calibrated,0.740365,0.125862,6.0722,6.1179,0.0,0.0457
6702,10,7,6,tou,historically_calibrated,0.740365,0.125862,6.28,6.2948,0.0,0.0148
6703,10,7,7,tou,historically_calibrated,0.740365,0.125862,7.6714,7.6862,0.0,0.0148
6704,10,7,8,tou,historically_calibrated,0.740365,0.125862,7.4609,7.8417,0.0156,0.3652
6705,10,7,9,tou,historically_calibrated,0.740365,0.125862,7.4908,7.6718,0.0778,0.1032
6706,10,7,10,tou,historically_calibrated,0.740365,0.125862,6.5751,7.092,0.1516,0.3652
6707,10,7,11,tou,historically_calibrated,0.740365,0.125862,6.147,6.726,0.2138,0.3652
6708,10,7,12,tou,historically_calibrated,0.740365,0.125862,4.9871,6.5641,0.4199,1.1571
6709,10,7,13,tou,historically_calibrated,0.740365,0.125862,5.0648,6.4902,0.2683,1.1571
6710,10,7,14,tou,historically_calibrated,0.740365,0.125862,5.7251,6.5437,0.254,0.5645
6711,10,7,15,tou,historically_calibrated,0.740365,0.125862,5.9434,6.7205,0.2125,0.5645
6712,10,7,16,tou,historically_calibrated,0.740365,0.125862,5.6768,6.9843,0.1503,1.1571
6713,10,7,17,tou,historically_calibrated,0.740365,0.125862,6.3402,7.2696,0.1037,0.8257
6714,10,7,18,tou,historically_calibrated,0.740365,0.125862,7.2583,7.492,0.0143,0.2194
6715,10,7,19,tou,historically_calibrated,0.740365,0.125862,7.211,7.5762,0.0,0.3652
6716,10,7,20,tou,historically_calibrated,0.740365,0.125862,7.477,7.4918,0.0,0.0148
6717,10,7,21,tou,historically_calibrated,0.740365,0.125862,5.2045,7.2686,0.0,2.0641
6718,10,7,22,tou,historically_calibrated,0.740365,0.125862,6.5902,7.7473,0.0,1.1571
6719,10,7,23,tou,historically_calibrated,0.740365,0.125862,6.9089,7.7346,0.0,0.8257
6720,10,7,24,tou,historically_calibrated,0.740365,0.125862,5.2526,6.0784,0.0,0.8257
6721,10,8,1,tou,historically_calibrated,0.740365,0.125862,6.0069,6.2263,0.0,0.2194
6722,10,8,2,tou,historically_calibrated,0.740365,0.125862,6.4191,6.4339,0.0,0.0148
6723,10,8,3,tou,historically_calibrated,0.740365,0.125862,6.9347,6.9803,0.0,0.0457
6724,10,8,4,tou,historically_calibrated,0.740365,0.125862,7.0525,7.1557,0.0,0.1032
6725,10,8,5,tou,historically_calibrated,0.740365,0.125862,7.5678,7.5679,0.0,0.0
6726,10,8,6,tou,historically_calibrated,0.740365,0.125862,7.6002,7.615,0.0,0.0148
6727,10,8,7,tou,historically_calibrated,0.740365,0.125862,9.6406,9.7438,0.0,0.1032
6728,10,8,8,tou,historically_calibrated,1.332657,0.226552,10.1488,10.2243,0.0298,0.0457
6729,10,8,9,tou,historically_calibrated,1.332657,0.226552,9.4796,9.9472,0.1024,0.3652
6730,10,8,10,tou,historically_calibrated,1.332657,0.226552,9.1526,9.521,0.149,0.2194
6731,10,8,11,tou,historically_calibrated,1.332657,0.226552,8.2206,9.1337,0.3486,0.5645
6732,10,8,12,tou,historically_calibrated,1.332657,0.226552,6.6145,8.0244,0.2527,1.1571
6733,10,8,13,tou,historically_calibrated,1.332657,0.226552,6.9461,8.0375,0.2657,0.8257
6734,10,8,14,tou,historically_calibrated,1.332657,0.226552,7.027,7.843,0.2514,0.5645
6735,10,8,15,tou,historically_calibrated,1.332657,0.226552,6.1559,8.4299,0.21,2.0641
6736,10,8,16,tou,historically_calibrated,1.332657,0.226552,4.9428,8.538,0.0907,3.5045
6737,10,8,17,tou,historically_calibrated,1.332657,0.226552,8.2594,9.8719,0.0454,1.5671
6738,10,8,18,tou,historically_calibrated,1.332657,0.226552,9.5195,10.353,0.0078,0.8257
6739,10,8,19,tou,historically_calibrated,1.332657,0.226552,8.1639,10.2279,0.0,2.0641
6740,10,8,20,tou,historically_calibrated,1.332657,0.226552,7.6853,10.4722,0.0,2.7869
6741,10,8,21,tou,historically_calibrated,1.332657,0.226552,7.1995,9.9864,0.0,2.7869
6742,10,8,22,tou,historically_calibrated,1.332657,0.226552,7.5809,9.6449,0.0,2.0641
6743,10,8,23,tou,historically_calibrated,0.740365,0.125862,5.6507,9.1551,0.0,3.5045
6744,10,8,24,tou,historically_calibrated,0.740365,0.125862,3.8301,7.3345,0.0,3.5045
6745,10,9,1,tou,historically_calibrated,0.740365,0.125862,2.2559,6.5916,0.0,4.3358
6746,10,9,2,tou,historically_calibrated,0.740365,0.125862,0.9417,6.2308,0.0,5.2891
6747,10,9,3,tou,historically_calibrated,0.740365,0.125862,1.7484,6.0842,0.0,4.3358
6748,10,9,4,tou,historically_calibrated,0.740365,0.125862,2.5842,6.0887,0.0,3.5045
6749,10,9,5,tou,historically_calibrated,0.740365,0.125862,4.1551,6.9419,0.0,2.7869
6750,10,9,6,tou,historically_calibrated,0.740365,0.125862,7.4409,7.4433,0.0,0.0024
6751,10,9,7,tou,historically_calibrated,0.740365,0.125862,9.1002,9.1026,0.0,0.0024
6752,10,9,8,tou,historically_calibrated,1.332657,0.226552,9.4408,9.4562,0.013,0.0024
6753,10,9,9,tou,historically_calibrated,1.332657,0.226552,9.2079,9.2817,0.0739,0.0
6754,10,9,10,tou,historically_calibrated,1.332657,0.226552,8.9373,9.0267,0.0894,0.0
6755,10,9,11,tou,historically_calibrated,1.332657,0.226552,8.4693,8.5976,0.1283,0.0
6756,10,9,12,tou,historically_calibrated,1.332657,0.226552,8.1331,8.286,0.1529,0.0
6757,10,9,13,tou,historically_calibrated,1.332657,0.226552,7.8768,8.0375,0.1607,0.0
6758,10,9,14,tou,historically_calibrated,1.332657,0.226552,8.1584,8.3124,0.1516,0.0024
6759,10,9,15,tou,historically_calibrated,1.332657,0.226552,8.5707,8.6977,0.127,0.0
6760,10,9,16,tou,historically_calibrated,1.332657,0.226552,8.8953,8.9834,0.0881,0.0
6761,10,9,17,tou,historically_calibrated,1.332657,0.226552,9.1904,9.2345,0.0441,0.0
6762,10,9,18,tou,historically_calibrated,1.332657,0.226552,8.9282,9.0392,0.0078,0.1032
6763,10,9,19,tou,historically_calibrated,1.332657,0.226552,8.214,8.7785,0.0,0.5645
6764,10,9,20,tou,historically_calibrated,1.332657,0.226552,7.855,8.6807,0.0,0.8257
6765,10,9,21,tou,historically_calibrated,1.332657,0.226552,8.0893,8.6538,0.0,0.5645
6766,10,9,22,tou,historically_calibrated,1.332657,0.226552,7.0413,8.1984,0.0,1.1571
6767,10,9,23,tou,historically_calibrated,0.740365,0.125862,6.9938,7.8195,0.0,0.8257
6768,10,9,24,tou,historically_calibrated,0.740365,0.125862,5.5244,6.3501,0.0,0.8257
6769,10,10,1,tou,historically_calibrated,0.740365,0.125862,4.9067,6.0639,0.0,1.1571
6770,10,10,2,tou,historically_calibrated,0.740365,0.125862,5.5037,6.0683,0.0,0.5645
6771,10,10,3,tou,historically_calibrated,0.740365,0.125862,4.9678,6.1249,0.0,1.1571
6772,10,10,4,tou,historically_calibrated,0.740365,0.125862,6.0107,6.376,0.0,0.3652
6773,10,10,5,tou,historically_calibrated,0.740365,0.125862,5.7407,6.5664,0.0,0.8257
6774,10,10,6,tou,historically_calibrated,0.740365,0.125862,5.728,6.8851,0.0,1.1571
6775,10,10,7,tou,historically_calibrated,0.740365,0.125862,7.518,8.6752,0.0,1.1571
6776,10,10,8,tou,historically_calibrated,1.332657,0.226552,7.8494,8.6881,0.013,0.8257
6777,10,10,9,tou,historically_calibrated,1.332657,0.226552,7.5528,8.4499,0.0713,0.8257
6778,10,10,10,tou,historically_calibrated,1.332657,0.226552,5.9401,8.148,0.1439,2.0641
6779,10,10,11,tou,historically_calibrated,1.332657,0.226552,4.8554,7.847,0.2048,2.7869
6780,10,10,12,tou,historically_calibrated,1.332657,0.226552,5.2868,7.5012,0.1503,2.0641
6781,10,10,13,tou,historically_calibrated,1.332657,0.226552,4.115,7.7789,0.1594,3.5045
6782,10,10,14,tou,historically_calibrated,1.332657,0.226552,3.6666,7.3214,0.1503,3.5045
6783,10,10,15,tou,historically_calibrated,1.332657,0.226552,4.3694,7.3585,0.2022,2.7869
6784,10,10,16,tou,historically_calibrated,1.332657,0.226552,5.609,7.8143,0.1413,2.0641
6785,10,10,17,tou,historically_calibrated,1.332657,0.226552,6.5816,8.1915,0.0428,1.5671
6786,10,10,18,tou,historically_calibrated,1.332657,0.226552,6.3056,9.0989,0.0065,2.7869
6787,10,10,19,tou,historically_calibrated,1.332657,0.226552,8.8587,9.6844,0.0,0.8257
6788,10,10,20,tou,historically_calibrated,1.332657,0.226552,9.1687,9.9945,0.0,0.8257
6789,10,10,21,tou,historically_calibrated,1.332657,0.226552,8.9868,9.8126,0.0,0.8257
6790,10,10,22,tou,historically_calibrated,1.332657,0.226552,8.7079,9.5337,0.0,0.8257
6791,10,10,23,tou,historically_calibrated,0.740365,0.125862,8.5906,9.1551,0.0,0.5645
6792,10,10,24,tou,historically_calibrated,0.740365,0.125862,6.8128,7.3773,0.0,0.5645
6793,10,11,1,tou,historically_calibrated,0.740365,0.125862,6.7136,7.0788,0.0,0.3652
6794,10,11,2,tou,historically_calibrated,0.740365,0.125862,6.8813,7.2465,0.0,0.3652
6795,10,11,3,tou,historically_calibrated,0.740365,0.125862,6.6602,7.2247,0.0,0.5645
6796,10,11,4,tou,historically_calibrated,0.740365,0.125862,6.8784,7.443,0.0,0.5645
6797,10,11,5,tou,historically_calibrated,0.740365,0.125862,6.8256,7.6513,0.0,0.8257
6798,10,11,6,tou,historically_calibrated,0.740365,0.125862,7.7694,7.8726,0.0,0.1032
6799,10,11,7,tou,historically_calibrated,0.740365,0.125862,8.6401,9.7972,0.0,1.1571
6800,10,11,8,tou,historically_calibrated,1.332657,0.226552,9.3164,10.1694,0.0272,0.8257
6801,10,11,9,tou,historically_calibrated,1.332657,0.226552,8.1085,9.8363,0.1607,1.5671
6802,10,11,10,tou,historically_calibrated,1.332657,0.226552,7.8183,9.5759,0.1905,1.5671
6803,10,11,11,tou,historically_calibrated,1.332657,0.226552,6.0198,9.0801,0.2735,2.7869
6804,10,11,12,tou,historically_calibrated,1.332657,0.226552,6.3707,8.3383,0.4005,1.5671
6805,10,11,13,tou,historically_calibrated,1.332657,0.226552,5.9805,8.0375,0.4899,1.5671
6806,10,11,14,tou,historically_calibrated,1.332657,0.226552,5.0632,8.3646,0.5145,2.7869
6807,10,11,15,tou,historically_calibrated,1.332657,0.226552,4.337,8.2692,0.4277,3.5045
6808,10,11,16,tou,historically_calibrated,1.332657,0.226552,3.1205,8.705,0.2955,5.2891
6809,10,11,17,tou,historically_calibrated,1.332657,0.226552,4.4995,9.9298,0.1413,5.2891
6810,10,11,18,tou,historically_calibrated,1.332657,0.226552,9.6831,10.5322,0.0233,0.8257
6811,10,11,19,tou,historically_calibrated,1.332657,0.226552,10.6682,10.7714,0.0,0.1032
6812,10,11,20,tou,historically_calibrated,1.332657,0.226552,10.7306,10.95,0.0,0.2194
6813,10,11,21,tou,historically_calibrated,1.332657,0.226552,10.1171,10.6817,0.0,0.5645
6814,10,11,22,tou,historically_calibrated,1.332657,0.226552,10.3924,10.7576,0.0,0.3652
6815,10,11,23,tou,historically_calibrated,0.740365,0.125862,10.2849,10.3305,0.0,0.0457
6816,10,11,24,tou,historically_calibrated,0.740365,0.125862,8.2613,8.2762,0.0,0.0148
6817,10,12,1,tou,historically_calibrated,0.740365,0.125862,7.6068,7.972,0.0,0.3652
6818,10,12,2,tou,historically_calibrated,0.740365,0.125862,8.2808,8.3841,0.0,0.1032
6819,10,12,3,tou,historically_calibrated,0.740365,0.125862,8.5065,8.6097,0.0,0.1032
6820,10,12,4,tou,historically_calibrated,0.740365,0.125862,8.612,8.7152,0.0,0.1032
6821,10,12,5,tou,historically_calibrated,0.740365,0.125862,9.0244,9.07,0.0,0.0457
6822,10,12,6,tou,historically_calibrated,0.740365,0.125862,8.9716,9.0748,0.0,0.1032
6823,10,12,7,tou,historically_calibrated,0.740365,0.125862,11.0298,11.133,0.0,0.1032
6824,10,12,8,tou,historically_calibrated,1.332657,0.226552,11.042,11.1569,0.0117,0.1032
6825,10,12,9,tou,historically_calibrated,1.332657,0.226552,10.6181,10.7237,0.0907,0.0148
6826,10,12,10,tou,historically_calibrated,1.332657,0.226552,9.1888,9.7407,0.1866,0.3652
6827,10,12,11,tou,historically_calibrated,1.332657,0.226552,7.7575,8.6512,0.3292,0.5645
6828,10,12,12,tou,historically_calibrated,1.332657,0.226552,6.6361,8.443,0.2398,1.5671
6829,10,12,13,tou,historically_calibrated,1.332657,0.226552,7.7755,8.2962,0.1555,0.3652
6830,10,12,14,tou,historically_calibrated,1.332657,0.226552,7.1977,7.9994,0.2372,0.5645
6831,10,12,15,tou,historically_calibrated,1.332657,0.226552,6.9263,7.9477,0.1957,0.8257
6832,10,12,16,tou,historically_calibrated,1.332657,0.226552,7.3574,8.6494,0.1348,1.1571
6833,10,12,17,tou,historically_calibrated,1.332657,0.226552,8.2173,8.8868,0.105,0.5645
6834,10,12,18,tou,historically_calibrated,1.332657,0.226552,9.1414,9.517,0.0104,0.3652
6835,10,12,19,tou,historically_calibrated,1.332657,0.226552,9.5254,9.7448,0.0,0.2194
6836,10,12,20,tou,historically_calibrated,1.332657,0.226552,9.271,9.6362,0.0,0.3652
6837,10,12,21,tou,historically_calibrated,1.332657,0.226552,9.4197,9.5229,0.0,0.1032
6838,10,12,22,tou,historically_calibrated,1.332657,0.226552,9.653,9.7562,0.0,0.1032
6839,10,12,23,tou,historically_calibrated,0.740365,0.125862,9.5769,9.7963,0.0,0.2194
6840,10,12,24,tou,historically_calibrated,0.740365,0.125862,7.9589,8.0622,0.0,0.1032
6841,10,13,1,tou,historically_calibrated,0.740365,0.125862,6.816,7.0354,0.0,0.2194
6842,10,13,2,tou,historically_calibrated,0.740365,0.125862,6.9373,7.0405,0.0,0.1032
6843,10,13,3,tou,historically_calibrated,0.740365,0.125862,7.2007,7.2464,0.0,0.0457
6844,10,13,4,tou,historically_calibrated,0.740365,0.125862,7.5649,7.5649,0.0,0.0
6845,10,13,5,tou,historically_calibrated,0.740365,0.125862,7.5886,7.6918,0.0,0.1032
6846,10,13,6,tou,historically_calibrated,0.740365,0.125862,7.7716,7.8748,0.0,0.1032
6847,10,13,7,tou,historically_calibrated,0.740365,0.125862,9.5492,9.6525,0.0,0.1032
6848,10,13,8,tou,historically_calibrated,0.740365,0.125862,9.2736,9.5073,0.0143,0.2194
6849,10,13,9,tou,historically_calibrated,0.740365,0.125862,8.5451,8.9984,0.0881,0.3652
6850,10,13,10,tou,historically_calibrated,0.740365,0.125862,7.1679,7.6477,0.2605,0.2194
6851,10,13,11,tou,historically_calibrated,0.740365,0.125862,5.9837,6.726,0.3771,0.3652
6852,10,13,12,tou,historically_calibrated,0.740365,0.125862,5.6961,6.5641,0.5028,0.3652
6853,10,13,13,tou,historically_calibrated,0.740365,0.125862,4.7603,6.4902,0.5728,1.1571
6854,10,13,14,tou,historically_calibrated,0.740365,0.125862,5.6121,6.5437,0.5664,0.3652
6855,10,13,15,tou,historically_calibrated,0.740365,0.125862,6.0346,6.7205,0.4666,0.2194
6856,10,13,16,tou,historically_calibrated,0.740365,0.125862,6.1022,6.9843,0.3175,0.5645
6857,10,13,17,tou,historically_calibrated,0.740365,0.125862,5.0578,7.2696,0.1477,2.0641
6858,10,13,18,tou,historically_calibrated,0.740365,0.125862,5.9041,7.492,0.0207,1.5671
6859,10,13,19,tou,historically_calibrated,0.740365,0.125862,5.5122,7.5762,0.0,2.0641
6860,10,13,20,tou,historically_calibrated,0.740365,0.125862,5.9247,7.4918,0.0,1.5671
6861,10,13,21,tou,historically_calibrated,0.740365,0.125862,3.7641,7.2686,0.0,3.5045
6862,10,13,22,tou,historically_calibrated,0.740365,0.125862,4.1927,6.9796,0.0,2.7869
6863,10,13,23,tou,historically_calibrated,0.740365,0.125862,4.7367,6.8007,0.0,2.0641
6864,10,13,24,tou,historically_calibrated,0.740365,0.125862,4.7801,5.6058,0.0,0.8257
6865,10,14,1,tou,historically_calibrated,0.740365,0.125862,4.8651,5.6908,0.0,0.8257
6866,10,14,2,tou,historically_calibrated,0.740365,0.125862,5.1309,5.9566,0.0,0.8257
6867,10,14,3,tou,historically_calibrated,0.740365,0.125862,5.7944,6.1596,0.0,0.3652
6868,10,14,4,tou,historically_calibrated,0.740365,0.125862,6.0292,6.3945,0.0,0.3652
6869,10,14,5,tou,historically_calibrated,0.740365,0.125862,6.0908,6.6553,0.0,0.5645
6870,10,14,6,tou,historically_calibrated,0.740365,0.125862,6.6011,6.9663,0.0,0.3652
6871,10,14,7,tou,historically_calibrated,0.740365,0.125862,8.5499,8.9151,0.0,0.3652
6872,10,14,8,tou,historically_calibrated,0.740365,0.125862,8.9834,9.1035,0.0168,0.1032
6873,10,14,9,tou,historically_calibrated,0.740365,0.125862,7.9561,8.8453,0.0635,0.8257
6874,10,14,10,tou,historically_calibrated,0.740365,0.125862,7.4083,8.153,0.1801,0.5645
6875,10,14,11,tou,historically_calibrated,0.740365,0.125862,6.6787,7.6139,0.3707,0.5645
6876,10,14,12,tou,historically_calibrated,0.740365,0.125862,5.3203,6.7085,0.5625,0.8257
6877,10,14,13,tou,historically_calibrated,0.740365,0.125862,4.7382,6.4902,0.5949,1.1571
6878,10,14,14,tou,historically_calibrated,0.740365,0.125862,5.4478,6.5437,0.5314,0.5645
6879,10,14,15,tou,historically_calibrated,0.740365,0.125862,5.951,6.7205,0.4044,0.3652
6880,10,14,16,tou,historically_calibrated,0.740365,0.125862,6.1463,6.9843,0.2735,0.5645
6881,10,14,17,tou,historically_calibrated,0.740365,0.125862,7.5092,7.6961,0.1413,0.0457
6882,10,14,18,tou,historically_calibrated,0.740365,0.125862,8.9559,8.9754,0.0194,0.0
6883,10,14,19,tou,historically_calibrated,0.740365,0.125862,10.0764,10.0764,0.0,0.0
6884,10,14,20,tou,historically_calibrated,0.740365,0.125862,9.2016,9.3048,0.0,0.1032
6885,10,14,21,tou,historically_calibrated,0.740365,0.125862,9.0843,9.1875,0.0,0.1032
6886,10,14,22,tou,historically_calibrated,0.740365,0.125862,8.9812,9.0269,0.0,0.0457
6887,10,14,23,tou,historically_calibrated,0.740365,0.125862,8.4178,8.521,0.0,0.1032
6888,10,14,24,tou,historically_calibrated,0.740365,0.125862,6.584,6.6296,0.0,0.0457
6889,10,15,1,tou,historically_calibrated,0.740365,0.125862,6.5696,6.6728,0.0,0.1032
6890,10,15,2,tou,historically_calibrated,0.740365,0.125862,6.5745,6.6777,0.0,0.1032
6891,10,15,3,tou,historically_calibrated,0.740365,0.125862,6.7211,6.7359,0.0,0.0148
6892,10,15,4,tou,historically_calibrated,0.740365,0.125862,6.4779,6.5811,0.0,0.1032
6893,10,15,5,tou,historically_calibrated,0.740365,0.125862,4.1968,6.9837,0.0,2.7869
6894,10,15,6,tou,historically_calibrated,0.740365,0.125862,6.707,7.2715,0.0,0.5645
6895,10,15,7,tou,historically_calibrated,0.740365,0.125862,7.5355,9.1026,0.0,1.5671
6896,10,15,8,tou,historically_calibrated,1.332657,0.226552,7.2733,9.3465,0.0091,2.0641
6897,10,15,9,tou,historically_calibrated,1.332657,0.226552,6.5449,9.3927,0.0609,2.7869
6898,10,15,10,tou,historically_calibrated,1.332657,0.226552,4.9975,8.7521,0.2501,3.5045
6899,10,15,11,tou,historically_calibrated,1.332657,0.226552,5.0133,8.1151,0.3149,2.7869
6900,10,15,12,tou,historically_calibrated,1.332657,0.226552,4.7988,7.8151,0.2294,2.7869
6901,10,15,13,tou,historically_calibrated,1.332657,0.226552,2.8061,7.4685,0.3266,4.3358
6902,10,15,14,tou,historically_calibrated,1.332657,0.226552,2.914,7.4778,0.2281,4.3358
6903,10,15,15,tou,historically_calibrated,1.332657,0.226552,1.0133,7.5728,0.1866,6.3728
6904,10,15,16,tou,historically_calibrated,1.332657,0.226552,2.3438,7.7586,0.1257,5.2891
6905,10,15,17,tou,historically_calibrated,1.332657,0.226552,3.6841,8.0756,0.0557,4.3358
6906,10,15,18,tou,historically_calibrated,1.332657,0.226552,0.0107,8.1434,0.0078,8.125
6907,10,15,19,tou,historically_calibrated,1.332657,0.226552,0.11,8.235,0.0,8.125
6908,10,15,20,tou,historically_calibrated,1.332657,0.226552,0.0183,8.1433,0.0,8.125
6909,10,15,21,tou,historically_calibrated,1.332657,0.226552,-0.2244,7.9006,0.0,8.125
6910,10,15,22,tou,historically_calibrated,1.332657,0.226552,-0.5385,7.5865,0.0,8.125
6911,10,15,23,tou,historically_calibrated,0.740365,0.125862,-0.3055,7.8195,0.0,8.125
6912,10,15,24,tou,historically_calibrated,0.740365,0.125862,-1.6465,6.4785,0.0,8.125
6913,10,16,1,tou,historically_calibrated,0.740365,0.125862,-1.8987,6.2263,0.0,8.125
6914,10,16,2,tou,historically_calibrated,0.740365,0.125862,-0.5129,7.6121,0.0,8.125
6915,10,16,3,tou,historically_calibrated,0.740365,0.125862,3.5407,7.8765,0.0,4.3358
6916,10,16,4,tou,historically_calibrated,0.740365,0.125862,-0.1075,8.0175,0.0,8.125
6917,10,16,5,tou,historically_calibrated,0.740365,0.125862,1.6541,8.0269,0.0,6.3728
6918,10,16,6,tou,historically_calibrated,0.740365,0.125862,3.9662,8.302,0.0,4.3358
6919,10,16,7,tou,historically_calibrated,0.740365,0.125862,4.989,10.2781,0.0,5.2891
6920,10,16,8,tou,historically_calibrated,1.332657,0.226552,6.1537,10.4986,0.0091,4.3358
6921,10,16,9,tou,historically_calibrated,1.332657,0.226552,3.7532,10.2245,0.0985,6.3728
6922,10,16,10,tou,historically_calibrated,1.332657,0.226552,3.375,9.9603,0.2125,6.3728
6923,10,16,11,tou,historically_calibrated,1.332657,0.226552,0.9169,9.2946,0.2527,8.125
6924,10,16,12,tou,historically_calibrated,1.332657,0.226552,0.2737,8.7046,0.3059,8.125
6925,10,16,13,tou,historically_calibrated,1.332657,0.226552,-0.0689,8.4514,0.3953,8.125
6926,10,16,14,tou,historically_calibrated,1.332657,0.226552,0.3283,8.6775,0.2242,8.125
6927,10,16,15,tou,historically_calibrated,1.332657,0.226552,0.4837,8.912,0.3033,8.125
6928,10,16,16,tou,historically_calibrated,1.332657,0.226552,8.6435,10.3752,0.1646,1.5671
6929,10,16,17,tou,historically_calibrated,1.332657,0.226552,3.5212,11.2046,0.0881,7.5953
6930,10,16,18,tou,historically_calibrated,1.332657,0.226552,9.5301,11.6071,0.013,2.0641
6931,10,16,19,tou,historically_calibrated,1.332657,0.226552,9.3131,12.1,0.0,2.7869
6932,10,16,20,tou,historically_calibrated,1.332657,0.226552,9.4769,12.2637,0.0,2.7869
6933,10,16,21,tou,historically_calibrated,1.332657,0.226552,9.7764,11.8404,0.0,2.0641
6934,10,16,22,tou,historically_calibrated,1.332657,0.226552,8.4158,11.2027,0.0,2.7869
6935,10,16,23,tou,historically_calibrated,0.740365,0.125862,4.4385,10.8113,0.0,6.3728
6936,10,16,24,tou,historically_calibrated,0.740365,0.125862,3.5007,8.7898,0.0,5.2891
6937,10,17,1,tou,historically_calibrated,0.740365,0.125862,4.0828,8.4185,0.0,4.3358
6938,10,17,2,tou,historically_calibrated,0.740365,0.125862,1.3982,8.9935,0.0,7.5953
6939,10,17,3,tou,historically_calibrated,0.740365,0.125862,3.0355,8.3246,0.0,5.2891
6940,10,17,4,tou,historically_calibrated,0.740365,0.125862,1.973,8.3458,0.0,6.3728
6941,10,17,5,tou,historically_calibrated,0.740365,0.125862,4.317,8.6528,0.0,4.3358
6942,10,17,6,tou,historically_calibrated,0.740365,0.125862,3.7428,9.0318,0.0,5.2891
6943,10,17,7,tou,historically_calibrated,0.740365,0.125862,8.453,11.2398,0.0,2.7869
6944,10,17,8,tou,historically_calibrated,1.332657,0.226552,7.6408,11.1569,0.0117,3.5045
6945,10,17,9,tou,historically_calibrated,1.332657,0.226552,9.5997,10.8346,0.0778,1.1571
6946,10,17,10,tou,historically_calibrated,1.332657,0.226552,7.1521,10.18,0.2411,2.7869
6947,10,17,11,tou,historically_calibrated,1.332657,0.226552,9.1413,10.1524,0.1853,0.8257
6948,10,17,12,tou,historically_calibrated,1.332657,0.226552,8.4931,9.5418,0.2229,0.8257
6949,10,17,13,tou,historically_calibrated,1.332657,0.226552,4.9145,9.4861,0.2359,4.3358
6950,10,17,14,tou,historically_calibrated,1.332657,0.226552,7.4117,9.1991,0.2203,1.5671
6951,10,17,15,tou,historically_calibrated,1.332657,0.226552,8.1104,9.4477,0.1801,1.1571
6952,10,17,16,tou,historically_calibrated,1.332657,0.226552,7.8317,9.5958,0.197,1.5671
6953,10,17,17,tou,historically_calibrated,1.332657,0.226552,9.4605,10.2775,0.1037,0.7133
6954,10,17,18,tou,historically_calibrated,1.332657,0.226552,10.5971,10.8308,0.0143,0.2194
6955,10,17,19,tou,historically_calibrated,1.332657,0.226552,11.856,11.8584,0.0,0.0024
6956,10,17,20,tou,historically_calibrated,1.332657,0.226552,11.5612,11.6069,0.0,0.0457
6957,10,17,21,tou,historically_calibrated,1.332657,0.226552,10.984,11.0872,0.0,0.1032
6958,10,17,22,tou,historically_calibrated,1.332657,0.226552,11.0995,11.2027,0.0,0.1032
6959,10,17,23,tou,historically_calibrated,0.740365,0.125862,10.9218,11.025,0.0,0.1032
6960,10,17,24,tou,historically_calibrated,0.740365,0.125862,8.5154,8.6186,0.0,0.1032
6961,10,18,1,tou,historically_calibrated,0.740365,0.125862,8.3559,8.4591,0.0,0.1032
6962,10,18,2,tou,historically_calibrated,0.740365,0.125862,8.484,8.5872,0.0,0.1032
6963,10,18,3,tou,historically_calibrated,0.740365,0.125862,8.0991,8.2024,0.0,0.1032
6964,10,18,4,tou,historically_calibrated,0.740365,0.125862,7.8165,8.1817,0.0,0.3652
6965,10,18,5,tou,historically_calibrated,0.740365,0.125862,7.3263,8.152,0.0,0.8257
6966,10,18,6,tou,historically_calibrated,0.740365,0.125862,7.4333,8.259,0.0,0.8257
6967,10,18,7,tou,historically_calibrated,0.740365,0.125862,8.4972,10.0644,0.0,1.5671
6968,10,18,8,tou,historically_calibrated,1.332657,0.226552,9.2836,10.1145,0.0052,0.8257
6969,10,18,9,tou,historically_calibrated,1.332657,0.226552,9.2381,9.8363,0.0337,0.5645
6970,10,18,10,tou,historically_calibrated,1.332657,0.226552,8.1788,9.4111,0.0752,1.1571
6971,10,18,11,tou,historically_calibrated,1.332657,0.226552,7.8749,8.8121,0.1115,0.8257
6972,10,18,12,tou,historically_calibrated,1.332657,0.226552,6.9273,7.9721,0.219,0.8257
6973,10,18,13,tou,historically_calibrated,1.332657,0.226552,5.9254,7.3133,0.2307,1.1571
6974,10,18,14,tou,historically_calibrated,1.332657,0.226552,5.4856,7.2692,0.2164,1.5671
6975,10,18,15,tou,historically_calibrated,1.332657,0.226552,6.4636,7.4656,0.1763,0.8257
6976,10,18,16,tou,historically_calibrated,1.332657,0.226552,6.1318,7.8143,0.1153,1.5671
6977,10,18,17,tou,historically_calibrated,1.332657,0.226552,6.3692,8.4812,0.048,2.0641
6978,10,18,18,tou,historically_calibrated,1.332657,0.226552,7.4072,8.9795,0.0052,1.5671
6979,10,18,19,tou,historically_calibrated,1.332657,0.226552,4.8051,9.1409,0.0,4.3358
6980,10,18,20,tou,historically_calibrated,1.332657,0.226552,7.4719,9.039,0.0,1.5671
6981,10,18,21,tou,historically_calibrated,1.332657,0.226552,4.5498,8.8856,0.0,4.3358
6982,10,18,22,tou,historically_calibrated,1.332657,0.226552,5.6341,8.421,0.0,2.7869
6983,10,18,23,tou,historically_calibrated,0.740365,0.125862,4.5822,8.0866,0.0,3.5045
6984,10,18,24,tou,historically_calibrated,0.740365,0.125862,3.8628,6.6497,0.0,2.7869
6985,10,19,1,tou,historically_calibrated,0.740365,0.125862,4.6997,6.2669,0.0,1.5671
6986,10,19,2,tou,historically_calibrated,0.740365,0.125862,2.6451,6.1495,0.0,3.5045
6987,10,19,3,tou,historically_calibrated,0.740365,0.125862,2.6612,6.1657,0.0,3.5045
6988,10,19,4,tou,historically_calibrated,0.740365,0.125862,1.9171,6.2528,0.0,4.3358
6989,10,19,5,tou,historically_calibrated,0.740365,0.125862,4.2103,6.2743,0.0,2.0641
6990,10,19,6,tou,historically_calibrated,0.740365,0.125862,5.2557,6.4128,0.0,1.1571
6991,10,19,7,tou,historically_calibrated,0.740365,0.125862,6.6272,8.1943,0.0,1.5671
6992,10,19,8,tou,historically_calibrated,1.332657,0.226552,6.6195,8.1944,0.0078,1.5671
6993,10,19,9,tou,historically_calibrated,1.332657,0.226552,6.7404,7.9507,0.0531,1.1571
6994,10,19,10,tou,historically_calibrated,1.332657,0.226552,5.7355,7.8734,0.0739,2.0641
6995,10,19,11,tou,historically_calibrated,1.332657,0.226552,7.2808,7.9543,0.1089,0.5645
6996,10,19,12,tou,historically_calibrated,1.332657,0.226552,8.4654,8.5999,0.1322,0.0024
6997,10,19,13,tou,historically_calibrated,1.332657,0.226552,8.4194,9.124,0.14,0.5645
6998,10,19,14,tou,historically_calibrated,1.332657,0.226552,8.6267,8.8862,0.2138,0.0457
6999,10,19,15,tou,historically_calibrated,1.332657,0.226552,7.643,8.3763,0.3681,0.3652
7000,10,19,16,tou,historically_calibrated,1.332657,0.226552,8.6391,8.9834,0.2411,0.1032
7001,10,19,17,tou,historically_calibrated,1.332657,0.226552,9.3804,9.5822,0.0985,0.1032
7002,10,19,18,tou,historically_calibrated,1.332657,0.226552,10.5367,10.6516,0.0117,0.1032
7003,10,19,19,tou,historically_calibrated,1.332657,0.226552,11.4357,11.4357,0.0,0.0
7004,10,19,20,tou,historically_calibrated,1.332657,0.226552,12.204,12.204,0.0,0.0
7005,10,19,21,tou,historically_calibrated,1.332657,0.226552,12.4198,12.4198,0.0,0.0
7006,10,19,22,tou,historically_calibrated,1.332657,0.226552,12.1485,12.1485,0.0,0.0
7007,10,19,23,tou,historically_calibrated,0.740365,0.125862,11.3456,11.3456,0.0,0.0
7008,10,19,24,tou,historically_calibrated,0.740365,0.125862,9.2178,9.2178,0.0,0.0
7009,10,20,1,tou,historically_calibrated,0.740365,0.125862,7.7451,7.7451,0.0,0.0
7010,10,20,2,tou,historically_calibrated,0.740365,0.125862,7.6386,7.6386,0.0,0.0
7011,10,20,3,tou,historically_calibrated,0.740365,0.125862,7.6586,7.6586,0.0,0.0
7012,10,20,4,tou,historically_calibrated,0.740365,0.125862,7.7914,7.7914,0.0,0.0
7013,10,20,5,tou,historically_calibrated,0.740365,0.125862,8.1525,8.1525,0.0,0.0
7014,10,20,6,tou,historically_calibrated,0.740365,0.125862,8.2303,8.2303,0.0,0.0
7015,10,20,7,tou,historically_calibrated,0.740365,0.125862,10.1932,10.1932,0.0,0.0
7016,10,20,8,tou,historically_calibrated,0.740365,0.125862,10.4598,10.4662,0.0065,0.0
7017,10,20,9,tou,historically_calibrated,0.740365,0.125862,10.0522,10.1209,0.0687,0.0
7018,10,20,10,tou,historically_calibrated,0.740365,0.125862,9.4588,9.6182,0.1594,0.0
7019,10,20,11,tou,historically_calibrated,0.740365,0.125862,8.868,9.0443,0.1763,0.0
7020,10,20,12,tou,historically_calibrated,0.740365,0.125862,8.3078,8.5377,0.2151,0.0148
7021,10,20,13,tou,historically_calibrated,0.740365,0.125862,8.2631,8.5368,0.2281,0.0457
7022,10,20,14,tou,historically_calibrated,0.740365,0.125862,8.3969,8.6551,0.2125,0.0457
7023,10,20,15,tou,historically_calibrated,0.740365,0.125862,8.851,9.0369,0.1711,0.0148
7024,10,20,16,tou,historically_calibrated,0.740365,0.125862,9.3302,9.4427,0.1102,0.0024
7025,10,20,17,tou,historically_calibrated,0.740365,0.125862,9.9821,10.0417,0.0596,0.0
7026,10,20,18,tou,historically_calibrated,0.740365,0.125862,10.6184,10.6236,0.0052,0.0
7027,10,20,19,tou,historically_calibrated,0.740365,0.125862,11.1876,11.1876,0.0,0.0
7028,10,20,20,tou,historically_calibrated,0.740365,0.125862,11.2826,11.2826,0.0,0.0
7029,10,20,21,tou,historically_calibrated,0.740365,0.125862,10.7866,10.7866,0.0,0.0
7030,10,20,22,tou,historically_calibrated,0.740365,0.125862,10.4088,10.4088,0.0,0.0
7031,10,20,23,tou,historically_calibrated,0.740365,0.125862,10.2413,10.2413,0.0,0.0
7032,10,20,24,tou,historically_calibrated,0.740365,0.125862,8.126,8.126,0.0,0.0
7033,10,21,1,tou,historically_calibrated,0.740365,0.125862,7.8198,7.8198,0.0,0.0
7034,10,21,2,tou,historically_calibrated,0.740365,0.125862,8.0497,8.0497,0.0,0.0
7035,10,21,3,tou,historically_calibrated,0.740365,0.125862,7.9959,7.9959,0.0,0.0
7036,10,21,4,tou,historically_calibrated,0.740365,0.125862,8.169,8.169,0.0,0.0
7037,10,21,5,tou,historically_calibrated,0.740365,0.125862,8.4596,8.4596,0.0,0.0
7038,10,21,6,tou,historically_calibrated,0.740365,0.125862,9.0598,9.0598,0.0,0.0
7039,10,21,7,tou,historically_calibrated,0.740365,0.125862,11.4712,11.4712,0.0,0.0
7040,10,21,8,tou,historically_calibrated,0.740365,0.125862,12.1694,12.1823,0.013,0.0
7041,10,21,9,tou,historically_calibrated,0.740365,0.125862,11.3425,11.4474,0.105,0.0
7042,10,21,10,tou,historically_calibrated,0.740365,0.125862,10.4006,10.6793,0.2786,0.0
7043,10,21,11,tou,historically_calibrated,0.740365,0.125862,9.0659,9.4882,0.4199,0.0024
7044,10,21,12,tou,historically_calibrated,0.740365,0.125862,8.1842,8.6821,0.4523,0.0457
7045,10,21,13,tou,historically_calibrated,0.740365,0.125862,8.003,8.5844,0.4782,0.1032
7046,10,21,14,tou,historically_calibrated,0.740365,0.125862,8.1061,8.6551,0.4458,0.1032
7047,10,21,15,tou,historically_calibrated,0.740365,0.125862,8.3165,8.7412,0.3214,0.1032
7048,10,21,16,tou,historically_calibrated,0.740365,0.125862,9.3755,9.5964,0.2061,0.0148
7049,10,21,17,tou,historically_calibrated,0.740365,0.125862,9.8966,9.9884,0.0894,0.0024
7050,10,21,18,tou,historically_calibrated,0.740365,0.125862,11.0529,11.0631,0.0078,0.0024
7051,10,21,19,tou,historically_calibrated,0.740365,0.125862,12.1876,12.1876,0.0,0.0
7052,10,21,20,tou,historically_calibrated,0.740365,0.125862,12.2716,12.2716,0.0,0.0
7053,10,21,21,tou,historically_calibrated,0.740365,0.125862,12.5456,12.5456,0.0,0.0
7054,10,21,22,tou,historically_calibrated,0.740365,0.125862,12.3026,12.3026,0.0,0.0
7055,10,21,23,tou,historically_calibrated,0.740365,0.125862,12.1582,12.1582,0.0,0.0
7056,10,21,24,tou,historically_calibrated,0.740365,0.125862,10.0161,10.0161,0.0,0.0
7057,10,22,1,tou,historically_calibrated,0.740365,0.125862,10.489,10.489,0.0,0.0
7058,10,22,2,tou,historically_calibrated,0.740365,0.125862,10.4154,10.4154,0.0,0.0
7059,10,22,3,tou,historically_calibrated,0.740365,0.125862,10.5649,10.5649,0.0,0.0
7060,10,22,4,tou,historically_calibrated,0.740365,0.125862,10.8902,10.8902,0.0,0.0
7061,10,22,5,tou,historically_calibrated,0.740365,0.125862,11.7406,11.7406,0.0,0.0
7062,10,22,6,tou,historically_calibrated,0.740365,0.125862,12.3807,12.3807,0.0,0.0
7063,10,22,7,tou,historically_calibrated,0.740365,0.125862,15.728,15.728,0.0,0.0
7064,10,22,8,tou,historically_calibrated,1.332657,0.226552,16.2487,16.2591,0.0104,0.0
7065,10,22,9,tou,historically_calibrated,1.332657,0.226552,16.1775,16.2695,0.092,0.0
7066,10,22,10,tou,historically_calibrated,1.332657,0.226552,14.9708,15.2326,0.2618,0.0
7067,10,22,11,tou,historically_calibrated,1.332657,0.226552,12.2588,12.6722,0.4134,0.0
7068,10,22,12,tou,historically_calibrated,1.332657,0.226552,10.1377,10.6405,0.5028,0.0
7069,10,22,13,tou,historically_calibrated,1.332657,0.226552,8.669,9.1757,0.5067,0.0
7070,10,22,14,tou,historically_calibrated,1.332657,0.226552,8.9212,9.4078,0.4717,0.0148
7071,10,22,15,tou,historically_calibrated,1.332657,0.226552,8.8891,9.287,0.3979,0.0
7072,10,22,16,tou,historically_calibrated,1.332657,0.226552,9.7252,9.9855,0.2579,0.0024
7073,10,22,17,tou,historically_calibrated,1.332657,0.226552,10.8744,10.9729,0.0985,0.0
7074,10,22,18,tou,historically_calibrated,1.332657,0.226552,12.1355,12.1446,0.0091,0.0
7075,10,22,19,tou,historically_calibrated,1.332657,0.226552,13.0662,13.0662,0.0,0.0
7076,10,22,20,tou,historically_calibrated,1.332657,0.226552,13.5178,13.5178,0.0,0.0
7077,10,22,21,tou,historically_calibrated,1.332657,0.226552,13.5786,13.5786,0.0,0.0
7078,10,22,22,tou,historically_calibrated,1.332657,0.226552,13.4837,13.4837,0.0,0.0
7079,10,22,23,tou,historically_calibrated,0.740365,0.125862,13.1086,13.1086,0.0,0.0
7080,10,22,24,tou,historically_calibrated,0.740365,0.125862,10.9726,10.9726,0.0,0.0
7081,10,23,1,tou,historically_calibrated,0.740365,0.125862,10.5678,10.5702,0.0,0.0024
7082,10,23,2,tou,historically_calibrated,0.740365,0.125862,10.7811,10.7811,0.0,0.0
7083,10,23,3,tou,historically_calibrated,0.740365,0.125862,11.1352,11.1352,0.0,0.0
7084,10,23,4,tou,historically_calibrated,0.740365,0.125862,11.8752,11.8752,0.0,0.0
7085,10,23,5,tou,historically_calibrated,0.740365,0.125862,11.9492,11.9492,0.0,0.0
7086,10,23,6,tou,historically_calibrated,0.740365,0.125862,12.4666,12.4666,0.0,0.0
7087,10,23,7,tou,historically_calibrated,0.740365,0.125862,15.728,15.728,0.0,0.0
7088,10,23,8,tou,historically_calibrated,1.332657,0.226552,16.4107,16.4236,0.013,0.0
7089,10,23,9,tou,historically_calibrated,1.332657,0.226552,15.3249,15.4376,0.1128,0.0
7090,10,23,10,tou,historically_calibrated,1.332657,0.226552,13.5861,13.8596,0.2735,0.0
7091,10,23,11,tou,historically_calibrated,1.332657,0.226552,11.5605,11.9752,0.4147,0.0
7092,10,23,12,tou,historically_calibrated,1.332657,0.226552,10.5001,11.0068,0.5067,0.0
7093,10,23,13,tou,historically_calibrated,1.332657,0.226552,8.8978,9.4344,0.5365,0.0
7094,10,23,14,tou,historically_calibrated,1.332657,0.226552,8.0311,8.521,0.4899,0.0
7095,10,23,15,tou,historically_calibrated,1.332657,0.226552,7.9849,8.3763,0.3914,0.0
7096,10,23,16,tou,historically_calibrated,1.332657,0.226552,8.5132,8.7607,0.2475,0.0
7097,10,23,17,tou,historically_calibrated,1.332657,0.226552,9.2571,9.3504,0.0933,0.0
7098,10,23,18,tou,historically_calibrated,1.332657,0.226552,11.241,11.2488,0.0078,0.0
7099,10,23,19,tou,historically_calibrated,1.332657,0.226552,13.7909,13.7909,0.0,0.0
7100,10,23,20,tou,historically_calibrated,1.332657,0.226552,13.9955,13.9955,0.0,0.0
7101,10,23,21,tou,historically_calibrated,1.332657,0.226552,15.3746,15.3746,0.0,0.0
7102,10,23,22,tou,historically_calibrated,1.332657,0.226552,13.3144,13.3168,0.0,0.0024
7103,10,23,23,tou,historically_calibrated,0.740365,0.125862,13.5894,13.5894,0.0,0.0
7104,10,23,24,tou,historically_calibrated,0.740365,0.125862,11.1438,11.1438,0.0,0.0
7105,10,24,1,tou,historically_calibrated,0.740365,0.125862,10.8544,10.8544,0.0,0.0
7106,10,24,2,tou,historically_calibrated,0.740365,0.125862,10.5373,10.5373,0.0,0.0
7107,10,24,3,tou,historically_calibrated,0.740365,0.125862,11.3389,11.3389,0.0,0.0
7108,10,24,4,tou,historically_calibrated,0.740365,0.125862,11.5058,11.5058,0.0,0.0
7109,10,24,5,tou,historically_calibrated,0.740365,0.125862,11.9075,11.9075,0.0,0.0
7110,10,24,6,tou,historically_calibrated,0.740365,0.125862,12.5954,12.5954,0.0,0.0
7111,10,24,7,tou,historically_calibrated,0.740365,0.125862,15.3006,15.3006,0.0,0.0
7112,10,24,8,tou,historically_calibrated,1.332657,0.226552,15.2651,15.2715,0.0065,0.0
7113,10,24,9,tou,historically_calibrated,1.332657,0.226552,14.3399,14.3839,0.0441,0.0
7114,10,24,10,tou,historically_calibrated,1.332657,0.226552,13.3543,13.585,0.2307,0.0
7115,10,24,11,tou,historically_calibrated,1.332657,0.226552,11.5419,11.9216,0.3797,0.0
7116,10,24,12,tou,historically_calibrated,1.332657,0.226552,10.4706,10.9021,0.4316,0.0
7117,10,24,13,tou,historically_calibrated,1.332657,0.226552,9.7157,10.0034,0.2877,0.0
7118,10,24,14,tou,historically_calibrated,1.332657,0.226552,9.3494,9.6164,0.267,0.0
7119,10,24,15,tou,historically_calibrated,1.332657,0.226552,9.36,9.662,0.302,0.0
7120,10,24,16,tou,historically_calibrated,1.332657,0.226552,9.4516,9.5958,0.0985,0.0457
7121,10,24,17,tou,historically_calibrated,1.332657,0.226552,10.5304,10.5672,0.022,0.0148
7122,10,24,18,tou,historically_calibrated,1.332657,0.226552,11.6253,11.846,0.0013,0.2194
7123,10,24,19,tou,historically_calibrated,1.332657,0.226552,12.1751,12.2208,0.0,0.0457
7124,10,24,20,tou,historically_calibrated,1.332657,0.226552,12.5026,12.5026,0.0,0.0
7125,10,24,21,tou,historically_calibrated,1.332657,0.226552,13.1151,13.1151,0.0,0.0
7126,10,24,22,tou,historically_calibrated,1.332657,0.226552,13.0942,13.0942,0.0,0.0
7127,10,24,23,tou,historically_calibrated,0.740365,0.125862,13.0552,13.0552,0.0,0.0
7128,10,24,24,tou,historically_calibrated,0.740365,0.125862,10.459,10.459,0.0,0.0
7129,10,25,1,tou,historically_calibrated,0.740365,0.125862,10.2861,10.2861,0.0,0.0
7130,10,25,2,tou,historically_calibrated,0.740365,0.125862,10.4154,10.4154,0.0,0.0
7131,10,25,3,tou,historically_calibrated,0.740365,0.125862,10.8501,10.8501,0.0,0.0
7132,10,25,4,tou,historically_calibrated,0.740365,0.125862,11.1775,11.1775,0.0,0.0
7133,10,25,5,tou,historically_calibrated,0.740365,0.125862,12.1579,12.1579,0.0,0.0
7134,10,25,6,tou,historically_calibrated,0.740365,0.125862,12.8101,12.8101,0.0,0.0
7135,10,25,7,tou,historically_calibrated,0.740365,0.125862,15.4074,15.4074,0.0,0.0
7136,10,25,8,tou,historically_calibrated,1.332657,0.226552,15.269,15.2715,0.0026,0.0
7137,10,25,9,tou,historically_calibrated,1.332657,0.226552,14.5798,14.6058,0.0259,0.0
7138,10,25,10,tou,historically_calibrated,1.332657,0.226552,13.8497,13.9145,0.0648,0.0
7139,10,25,11,tou,historically_calibrated,1.332657,0.226552,12.8941,12.9939,0.0998,0.0
7140,10,25,12,tou,historically_calibrated,1.332657,0.226552,11.749,11.9486,0.1996,0.0
7141,10,25,13,tou,historically_calibrated,1.332657,0.226552,10.5833,10.9864,0.4031,0.0
7142,10,25,14,tou,historically_calibrated,1.332657,0.226552,10.0012,10.451,0.4497,0.0
7143,10,25,15,tou,historically_calibrated,1.332657,0.226552,10.0426,10.2512,0.2087,0.0
7144,10,25,16,tou,historically_calibrated,1.332657,0.226552,10.6109,10.7092,0.0959,0.0024
7145,10,25,17,tou,historically_calibrated,1.332657,0.226552,11.4736,11.4944,0.0207,0.0
7146,10,25,18,tou,historically_calibrated,1.332657,0.226552,12.2614,12.264,0.0026,0.0
7147,10,25,19,tou,historically_calibrated,1.332657,0.226552,12.4623,12.4623,0.0,0.0
7148,10,25,20,tou,historically_calibrated,1.332657,0.226552,12.01,12.0249,0.0,0.0148
7149,10,25,21,tou,historically_calibrated,1.332657,0.226552,11.8256,11.8404,0.0,0.0148
7150,10,25,22,tou,historically_calibrated,1.332657,0.226552,11.322,11.4252,0.0,0.1032
7151,10,25,23,tou,historically_calibrated,0.740365,0.125862,10.815,10.9182,0.0,0.1032
7152,10,25,24,tou,historically_calibrated,0.740365,0.125862,8.815,8.9182,0.0,0.1032
7153,10,26,1,tou,historically_calibrated,0.740365,0.125862,8.3965,8.4997,0.0,0.1032
7154,10,26,2,tou,historically_calibrated,0.740365,0.125862,8.2866,8.5059,0.0,0.2194
7155,10,26,3,tou,historically_calibrated,0.740365,0.125862,8.1867,8.406,0.0,0.2194
7156,10,26,4,tou,historically_calibrated,0.740365,0.125862,8.1264,8.3458,0.0,0.2194
7157,10,26,5,tou,historically_calibrated,0.740365,0.125862,8.2992,8.4024,0.0,0.1032
7158,10,26,6,tou,historically_calibrated,0.740365,0.125862,8.4564,8.5596,0.0,0.1032
7159,10,26,7,tou,historically_calibrated,0.740365,0.125862,10.6557,10.759,0.0,0.1032
7160,10,26,8,tou,historically_calibrated,1.332657,0.226552,10.9736,10.9923,0.0039,0.0148
7161,10,26,9,tou,historically_calibrated,1.332657,0.226552,10.7241,10.7791,0.0402,0.0148
7162,10,26,10,tou,historically_calibrated,1.332657,0.226552,10.2475,10.3997,0.1374,0.0148
7163,10,26,11,tou,historically_calibrated,1.332657,0.226552,9.627,9.8307,0.1581,0.0457
7164,10,26,12,tou,historically_calibrated,1.332657,0.226552,8.6304,9.0185,0.3732,0.0148
7165,10,26,13,tou,historically_calibrated,1.332657,0.226552,7.9588,8.3997,0.3953,0.0457
7166,10,26,14,tou,historically_calibrated,1.332657,0.226552,7.6808,7.9994,0.3162,0.0024
7167,10,26,15,tou,historically_calibrated,1.332657,0.226552,7.4192,7.787,0.3655,0.0024
7168,10,26,16,tou,historically_calibrated,1.332657,0.226552,8.2977,8.538,0.2255,0.0148
7169,10,26,17,tou,historically_calibrated,1.332657,0.226552,9.3913,9.4663,0.0726,0.0024
7170,10,26,18,tou,historically_calibrated,1.332657,0.226552,10.7659,10.7711,0.0052,0.0
7171,10,26,19,tou,historically_calibrated,1.332657,0.226552,11.6169,11.6169,0.0,0.0
7172,10,26,20,tou,historically_calibrated,1.332657,0.226552,11.8457,11.8457,0.0,0.0
7173,10,26,21,tou,historically_calibrated,1.332657,0.226552,11.8983,11.8984,0.0,0.0
7174,10,26,22,tou,historically_calibrated,1.332657,0.226552,11.3696,11.3696,0.0,0.0
7175,10,26,23,tou,historically_calibrated,0.740365,0.125862,11.4524,11.4524,0.0,0.0
7176,10,26,24,tou,historically_calibrated,0.740365,0.125862,9.1298,9.1322,0.0,0.0024
7177,10,27,1,tou,historically_calibrated,0.740365,0.125862,8.1535,8.1559,0.0,0.0024
7178,10,27,2,tou,historically_calibrated,0.740365,0.125862,8.309,8.3114,0.0,0.0024
7179,10,27,3,tou,historically_calibrated,0.740365,0.125862,8.1684,8.1833,0.0,0.0148
7180,10,27,4,tou,historically_calibrated,0.740365,0.125862,8.1611,8.2067,0.0,0.0457
7181,10,27,5,tou,historically_calibrated,0.740365,0.125862,8.342,8.3444,0.0,0.0024
7182,10,27,6,tou,historically_calibrated,0.740365,0.125862,8.2303,8.2303,0.0,0.0
7183,10,27,7,tou,historically_calibrated,0.740365,0.125862,10.0457,10.0457,0.0,0.0
7184,10,27,8,tou,historically_calibrated,0.740365,0.125862,10.1595,10.1634,0.0039,0.0
7185,10,27,9,tou,historically_calibrated,0.740365,0.125862,9.6111,9.6617,0.0505,0.0
7186,10,27,10,tou,historically_calibrated,0.740365,0.125862,8.4705,8.6077,0.1348,0.0024
7187,10,27,11,tou,historically_calibrated,0.740365,0.125862,7.5026,7.7618,0.2592,0.0
7188,10,27,12,tou,historically_calibrated,0.740365,0.125862,6.8651,7.1418,0.2618,0.0148
7189,10,27,13,tou,historically_calibrated,0.740365,0.125862,6.3863,6.7282,0.3396,0.0024
7190,10,27,14,tou,historically_calibrated,0.740365,0.125862,5.9817,6.5437,0.4588,0.1032
7191,10,27,15,tou,historically_calibrated,0.740365,0.125862,6.2557,6.7205,0.3616,0.1032
7192,10,27,16,tou,historically_calibrated,0.740365,0.125862,6.7595,6.9843,0.21,0.0148
7193,10,27,17,tou,historically_calibrated,0.740365,0.125862,7.8765,7.9626,0.0713,0.0148
7194,10,27,18,tou,historically_calibrated,0.740365,0.125862,8.7034,8.8105,0.0039,0.1032
7195,10,27,19,tou,historically_calibrated,0.740365,0.125862,8.9007,9.4652,0.0,0.5645
7196,10,27,20,tou,historically_calibrated,0.740365,0.125862,9.8059,9.9091,0.0,0.1032
7197,10,27,21,tou,historically_calibrated,0.740365,0.125862,9.5824,10.1469,0.0,0.5645
7198,10,27,22,tou,historically_calibrated,0.740365,0.125862,9.3325,9.897,0.0,0.5645
7199,10,27,23,tou,historically_calibrated,0.740365,0.125862,9.4338,9.799,0.0,0.3652
7200,10,27,24,tou,historically_calibrated,0.740365,0.125862,7.7608,8.126,0.0,0.3652
7201,10,28,1,tou,historically_calibrated,0.740365,0.125862,7.7912,7.8945,0.0,0.1032
7202,10,28,2,tou,historically_calibrated,0.740365,0.125862,7.9091,8.0124,0.0,0.1032
7203,10,28,3,tou,historically_calibrated,0.740365,0.125862,8.1001,8.1458,0.0,0.0457
7204,10,28,4,tou,historically_calibrated,0.740365,0.125862,8.2674,8.2823,0.0,0.0148
7205,10,28,5,tou,historically_calibrated,0.740365,0.125862,8.0877,8.1909,0.0,0.1032
7206,10,28,6,tou,historically_calibrated,0.740365,0.125862,8.1451,8.1908,0.0,0.0457
7207,10,28,7,tou,historically_calibrated,0.740365,0.125862,10.1967,10.2423,0.0,0.0457
7208,10,28,8,tou,historically_calibrated,0.740365,0.125862,10.2595,10.3653,0.0026,0.1032
7209,10,28,9,tou,historically_calibrated,0.740365,0.125862,10.5634,10.6311,0.022,0.0457
7210,10,28,10,tou,historically_calibrated,0.740365,0.125862,10.2155,10.2751,0.0596,0.0
7211,10,28,11,tou,historically_calibrated,0.740365,0.125862,9.6378,9.7348,0.0946,0.0024
7212,10,28,12,tou,historically_calibrated,0.740365,0.125862,8.898,9.2116,0.3136,0.0
7213,10,28,13,tou,historically_calibrated,0.740365,0.125862,8.2057,8.5844,0.3331,0.0457
7214,10,28,14,tou,historically_calibrated,0.740365,0.125862,8.1068,8.4632,0.3564,0.0
7215,10,28,15,tou,historically_calibrated,0.740365,0.125862,8.3572,8.7412,0.3383,0.0457
7216,10,28,16,tou,historically_calibrated,0.740365,0.125862,9.2079,9.4427,0.1892,0.0457
7217,10,28,17,tou,historically_calibrated,0.740365,0.125862,10.2551,10.3083,0.0531,0.0
7218,10,28,18,tou,historically_calibrated,0.740365,0.125862,11.5537,11.5576,0.0039,0.0
7219,10,28,19,tou,historically_calibrated,0.740365,0.125862,12.1876,12.1876,0.0,0.0
7220,10,28,20,tou,historically_calibrated,0.740365,0.125862,12.6561,12.6561,0.0,0.0
7221,10,28,21,tou,historically_calibrated,0.740365,0.125862,12.7055,12.7055,0.0,0.0
7222,10,28,22,tou,historically_calibrated,0.740365,0.125862,12.405,12.405,0.0,0.0
7223,10,28,23,tou,historically_calibrated,0.740365,0.125862,12.0108,12.0108,0.0,0.0
7224,10,28,24,tou,historically_calibrated,0.740365,0.125862,9.8192,9.8192,0.0,0.0
7225,10,29,1,tou,historically_calibrated,0.740365,0.125862,10.2049,10.2049,0.0,0.0
7226,10,29,2,tou,historically_calibrated,0.740365,0.125862,10.2936,10.2936,0.0,0.0
7227,10,29,3,tou,historically_calibrated,0.740365,0.125862,10.4427,10.4427,0.0,0.0
7228,10,29,4,tou,historically_calibrated,0.740365,0.125862,10.7261,10.7261,0.0,0.0
7229,10,29,5,tou,historically_calibrated,0.740365,0.125862,11.1147,11.1147,0.0,0.0
7230,10,29,6,tou,historically_calibrated,0.740365,0.125862,11.3503,11.3503,0.0,0.0
7231,10,29,7,tou,historically_calibrated,0.740365,0.125862,14.3922,14.3922,0.0,0.0
7232,10,29,8,tou,historically_calibrated,1.332657,0.226552,14.6067,14.6132,0.0065,0.0
7233,10,29,9,tou,historically_calibrated,1.332657,0.226552,14.5228,14.6058,0.0829,0.0
7234,10,29,10,tou,historically_calibrated,1.332657,0.226552,13.1295,13.3653,0.2359,0.0
7235,10,29,11,tou,historically_calibrated,1.332657,0.226552,11.3727,11.7608,0.3732,0.0148
7236,10,29,12,tou,historically_calibrated,1.332657,0.226552,10.1245,10.7975,0.4536,0.2194
7237,10,29,13,tou,historically_calibrated,1.332657,0.226552,9.6437,10.469,0.4601,0.3652
7238,10,29,14,tou,historically_calibrated,1.332657,0.226552,9.1702,9.9294,0.394,0.3652
7239,10,29,15,tou,historically_calibrated,1.332657,0.226552,9.492,10.6262,0.3084,0.8257
7240,10,29,16,tou,historically_calibrated,1.332657,0.226552,10.7423,10.9876,0.1996,0.0457
7241,10,29,17,tou,historically_calibrated,1.332657,0.226552,12.0534,12.1318,0.0635,0.0148
7242,10,29,18,tou,historically_calibrated,1.332657,0.226552,13.9335,13.9361,0.0026,0.0
7243,10,29,19,tou,historically_calibrated,1.332657,0.226552,14.3948,14.3948,0.0,0.0
7244,10,29,20,tou,historically_calibrated,1.332657,0.226552,14.4136,14.4136,0.0,0.0
7245,10,29,21,tou,historically_calibrated,1.332657,0.226552,14.7373,14.7373,0.0,0.0
7246,10,29,22,tou,historically_calibrated,1.332657,0.226552,14.3182,14.3182,0.0,0.0
7247,10,29,23,tou,historically_calibrated,0.740365,0.125862,13.7497,13.7497,0.0,0.0
7248,10,29,24,tou,historically_calibrated,0.740365,0.125862,11.7002,11.7002,0.0,0.0
7249,10,30,1,tou,historically_calibrated,0.740365,0.125862,11.2198,11.2198,0.0,0.0
7250,10,30,2,tou,historically_calibrated,0.740365,0.125862,11.228,11.228,0.0,0.0
7251,10,30,3,tou,historically_calibrated,0.740365,0.125862,11.5426,11.5426,0.0,0.0
7252,10,30,4,tou,historically_calibrated,0.740365,0.125862,12.4087,12.4087,0.0,0.0
7253,10,30,5,tou,historically_calibrated,0.740365,0.125862,12.7421,12.7421,0.0,0.0
7254,10,30,6,tou,historically_calibrated,0.740365,0.125862,13.1106,13.1106,0.0,0.0
7255,10,30,7,tou,historically_calibrated,0.740365,0.125862,16.5829,16.5829,0.0,0.0
7256,10,30,8,tou,historically_calibrated,1.332657,0.226552,17.0219,17.0271,0.0052,0.0
7257,10,30,9,tou,historically_calibrated,1.332657,0.226552,16.1389,16.2141,0.0752,0.0
7258,10,30,10,tou,historically_calibrated,1.332657,0.226552,13.8261,14.0244,0.1983,0.0
7259,10,30,11,tou,historically_calibrated,1.332657,0.226552,12.0343,12.3505,0.3162,0.0
7260,10,30,12,tou,historically_calibrated,1.332657,0.226552,10.4022,10.7975,0.3953,0.0
7261,10,30,13,tou,historically_calibrated,1.332657,0.226552,9.4207,9.7965,0.3758,0.0
7262,10,30,14,tou,historically_calibrated,1.332657,0.226552,10.0473,10.3466,0.2994,0.0
7263,10,30,15,tou,historically_calibrated,1.332657,0.226552,10.2858,10.5191,0.2333,0.0
7264,10,30,16,tou,historically_calibrated,1.332657,0.226552,11.1383,11.2659,0.1128,0.0148
7265,10,30,17,tou,historically_calibrated,1.332657,0.226552,12.2719,12.3056,0.0337,0.0
7266,10,30,18,tou,historically_calibrated,1.332657,0.226552,13.5741,13.5778,0.0013,0.0024
7267,10,30,19,tou,historically_calibrated,1.332657,0.226552,13.8489,13.8513,0.0,0.0024
7268,10,30,20,tou,historically_calibrated,1.332657,0.226552,13.8613,13.8761,0.0,0.0148
7269,10,30,21,tou,historically_calibrated,1.332657,0.226552,13.4753,13.5786,0.0,0.1032
7270,10,30,22,tou,historically_calibrated,1.332657,0.226552,12.8798,12.983,0.0,0.1032
7271,10,30,23,tou,historically_calibrated,0.740365,0.125862,11.8352,12.2004,0.0,0.3652
7272,10,30,24,tou,historically_calibrated,0.740365,0.125862,8.7388,9.3034,0.0,0.5645
7273,10,31,1,tou,historically_calibrated,0.740365,0.125862,8.1382,8.7027,0.0,0.5645
7274,10,31,2,tou,historically_calibrated,0.740365,0.125862,7.8601,8.4247,0.0,0.5645
7275,10,31,3,tou,historically_calibrated,0.740365,0.125862,7.8822,8.4468,0.0,0.5645
7276,10,31,4,tou,historically_calibrated,0.740365,0.125862,7.1476,8.3048,0.0,1.1571
7277,10,31,5,tou,historically_calibrated,0.740365,0.125862,7.5767,8.4024,0.0,0.8257
7278,10,31,6,tou,historically_calibrated,0.740365,0.125862,8.1944,8.5596,0.0,0.3652
7279,10,31,7,tou,historically_calibrated,0.740365,0.125862,10.2724,10.4918,0.0,0.2194
7280,10,31,8,tou,historically_calibrated,1.332657,0.226552,10.4489,10.5534,0.0013,0.1032
7281,10,31,9,tou,historically_calibrated,1.332657,0.226552,10.4675,10.5018,0.0194,0.0148
7282,10,31,10,tou,historically_calibrated,1.332657,0.226552,9.8898,9.9603,0.0557,0.0148
7283,10,31,11,tou,historically_calibrated,1.332657,0.226552,9.3718,9.5626,0.1452,0.0457
7284,10,31,12,tou,historically_calibrated,1.332657,0.226552,8.6683,9.0709,0.2994,0.1032
7285,10,31,13,tou,historically_calibrated,1.332657,0.226552,8.3411,8.7618,0.3175,0.1032
7286,10,31,14,tou,historically_calibrated,1.332657,0.226552,7.1993,8.3646,0.3396,0.8257
7287,10,31,15,tou,historically_calibrated,1.332657,0.226552,8.8377,9.1263,0.1853,0.1032
7288,10,31,16,tou,historically_calibrated,1.332657,0.226552,9.4394,9.6515,0.1089,0.1032
7289,10,31,17,tou,historically_calibrated,1.332657,0.226552,10.0852,10.2196,0.0311,0.1032
7290,10,31,18,tou,historically_calibrated,1.332657,0.226552,11.3072,11.3085,0.0013,0.0
7291,10,31,19,tou,historically_calibrated,1.332657,0.226552,11.798,11.798,0.0,0.0
7292,10,31,20,tou,historically_calibrated,1.332657,0.226552,11.5471,11.5471,0.0,0.0
7293,10,31,21,tou,historically_calibrated,1.332657,0.226552,11.1451,11.1452,0.0,0.0
7294,10,31,22,tou,historically_calibrated,1.332657,0.226552,10.702,10.702,0.0,0.0
7295,10,31,23,tou,historically_calibrated,0.740365,0.125862,10.2747,10.2771,0.0,0.0024
7296,10,31,24,tou,historically_calibrated,0.740365,0.125862,8.231,8.2334,0.0,0.0024
7297,11,1,1,tou,historically_calibrated,0.740365,0.125862,7.8478,7.8502,0.0,0.0024
7298,11,1,2,tou,historically_calibrated,0.740365,0.125862,7.8411,7.8559,0.0,0.0148
7299,11,1,3,tou,historically_calibrated,0.740365,0.125862,7.9024,7.9172,0.0,0.0148
7300,11,1,4,tou,historically_calibrated,0.740365,0.125862,8.0027,8.0175,0.0,0.0148
7301,11,1,5,tou,historically_calibrated,0.740365,0.125862,8.2331,8.2355,0.0,0.0024
7302,11,1,6,tou,historically_calibrated,0.740365,0.125862,8.5166,8.5166,0.0,0.0
7303,11,1,7,tou,historically_calibrated,0.740365,0.125862,10.8634,10.8658,0.0,0.0024
7304,11,1,8,tou,historically_calibrated,0.740365,0.125862,11.4824,11.4861,0.0013,0.0024
7305,11,1,9,tou,historically_calibrated,0.740365,0.125862,10.594,10.6682,0.0285,0.0457
7306,11,1,10,tou,historically_calibrated,0.740365,0.125862,9.7669,10.0153,0.1452,0.1032
7307,11,1,11,tou,historically_calibrated,0.740365,0.125862,8.6796,9.1874,0.1426,0.3652
7308,11,1,12,tou,historically_calibrated,0.740365,0.125862,7.8733,8.8092,0.1102,0.8257
7309,11,1,13,tou,historically_calibrated,0.740365,0.125862,8.1154,8.4514,0.1166,0.2194
7310,11,1,14,tou,historically_calibrated,0.740365,0.125862,7.5649,8.1038,0.1737,0.3652
7311,11,1,15,tou,historically_calibrated,0.740365,0.125862,7.915,8.2692,0.1348,0.2194
7312,11,1,16,tou,historically_calibrated,0.740365,0.125862,8.3557,8.538,0.0791,0.1032
7313,11,1,17,tou,historically_calibrated,0.740365,0.125862,8.8512,8.8868,0.0207,0.0148
7314,11,1,18,tou,historically_calibrated,0.740365,0.125862,9.0533,9.0989,0.0,0.0457
7315,11,1,19,tou,historically_calibrated,0.740365,0.125862,9.2188,9.322,0.0,0.1032
7316,11,1,20,tou,historically_calibrated,0.740365,0.125862,8.6536,9.2182,0.0,0.5645
7317,11,1,21,tou,historically_calibrated,0.740365,0.125862,8.7821,9.0015,0.0,0.2194
7318,11,1,22,tou,historically_calibrated,0.740365,0.125862,8.5959,8.6992,0.0,0.1032
7319,11,1,23,tou,historically_calibrated,0.740365,0.125862,8.3574,8.4606,0.0,0.1032
7320,11,1,24,tou,historically_calibrated,0.740365,0.125862,6.8185,6.8209,0.0,0.0024
7321,11,2,1,tou,historically_calibrated,0.740365,0.125862,6.5054,6.551,0.0,0.0457
7322,11,2,2,tou,historically_calibrated,0.740365,0.125862,6.5534,6.5558,0.0,0.0024
7323,11,2,3,tou,historically_calibrated,0.740365,0.125862,6.6113,6.6137,0.0,0.0024
7324,11,2,4,tou,historically_calibrated,0.740365,0.125862,6.6632,6.6632,0.0,0.0
7325,11,2,5,tou,historically_calibrated,0.740365,0.125862,6.7333,6.7333,0.0,0.0
7326,11,2,6,tou,historically_calibrated,0.740365,0.125862,6.9281,6.9281,0.0,0.0
7327,11,2,7,tou,historically_calibrated,0.740365,0.125862,8.6217,8.6217,0.0,0.0
7328,11,2,8,tou,historically_calibrated,1.332657,0.226552,8.7965,8.7978,0.0013,0.0
7329,11,2,9,tou,historically_calibrated,1.332657,0.226552,8.8212,8.8381,0.0168,0.0
7330,11,2,10,tou,historically_calibrated,1.332657,0.226552,8.5904,8.6423,0.0518,0.0
7331,11,2,11,tou,historically_calibrated,1.332657,0.226552,8.1368,8.2223,0.0855,0.0
7332,11,2,12,tou,historically_calibrated,1.332657,0.226552,7.4845,7.6581,0.1737,0.0
7333,11,2,13,tou,historically_calibrated,1.332657,0.226552,6.9223,7.1063,0.184,0.0
7334,11,2,14,tou,historically_calibrated,1.332657,0.226552,7.3207,7.4257,0.105,0.0
7335,11,2,15,tou,historically_calibrated,1.332657,0.226552,7.3853,7.4656,0.0804,0.0
7336,11,2,16,tou,historically_calibrated,1.332657,0.226552,7.7676,7.8143,0.0467,0.0
7337,11,2,17,tou,historically_calibrated,1.332657,0.226552,8.3536,8.3653,0.0117,0.0
7338,11,2,18,tou,historically_calibrated,1.332657,0.226552,8.8003,8.8003,0.0,0.0
7339,11,2,19,tou,historically_calibrated,1.332657,0.226552,9.1409,9.1409,0.0,0.0
7340,11,2,20,tou,historically_calibrated,1.332657,0.226552,9.0366,9.039,0.0,0.0024
7341,11,2,21,tou,historically_calibrated,1.332657,0.226552,9.0014,9.0015,0.0,0.0
7342,11,2,22,tou,historically_calibrated,1.332657,0.226552,8.6435,8.6435,0.0,0.0
7343,11,2,23,tou,historically_calibrated,0.740365,0.125862,8.6209,8.6209,0.0,0.0
7344,11,2,24,tou,historically_calibrated,0.740365,0.125862,7.1205,7.1205,0.0,0.0
7345,11,3,1,tou,historically_calibrated,0.740365,0.125862,6.4378,6.4378,0.0,0.0
7346,11,3,2,tou,historically_calibrated,0.740365,0.125862,6.7415,6.7415,0.0,0.0
7347,11,3,3,tou,historically_calibrated,0.740365,0.125862,6.984,6.984,0.0,0.0
7348,11,3,4,tou,historically_calibrated,0.740365,0.125862,7.2628,7.2628,0.0,0.0
7349,11,3,5,tou,historically_calibrated,0.740365,0.125862,7.7302,7.7302,0.0,0.0
7350,11,3,6,tou,historically_calibrated,0.740365,0.125862,8.2698,8.2698,0.0,0.0
7351,11,3,7,tou,historically_calibrated,0.740365,0.125862,9.9942,9.9966,0.0,0.0024
7352,11,3,8,tou,historically_calibrated,0.740365,0.125862,10.3675,10.4158,0.0026,0.0457
7353,11,3,9,tou,historically_calibrated,0.740365,0.125862,10.516,10.5801,0.0492,0.0148
7354,11,3,10,tou,historically_calibrated,0.740365,0.125862,9.8899,10.073,0.1374,0.0457
7355,11,3,11,tou,historically_calibrated,0.740365,0.125862,8.767,8.9949,0.2255,0.0024
7356,11,3,12,tou,historically_calibrated,0.740365,0.125862,7.7366,8.1526,0.416,0.0
7357,11,3,13,tou,historically_calibrated,0.740365,0.125862,7.0002,7.4421,0.4419,0.0
7358,11,3,14,tou,historically_calibrated,0.740365,0.125862,6.282,6.6877,0.4056,0.0
7359,11,3,15,tou,historically_calibrated,0.740365,0.125862,6.4017,6.7205,0.3188,0.0
7360,11,3,16,tou,historically_calibrated,0.740365,0.125862,7.0064,7.1891,0.1827,0.0
7361,11,3,17,tou,historically_calibrated,0.740365,0.125862,8.4504,8.4957,0.0454,0.0
7362,11,3,18,tou,historically_calibrated,0.740365,0.125862,9.9081,9.9094,0.0013,0.0
7363,11,3,19,tou,historically_calibrated,0.740365,0.125862,10.5209,10.5209,0.0,0.0
7364,11,3,20,tou,historically_calibrated,0.740365,0.125862,10.3463,10.3487,0.0,0.0024
7365,11,3,21,tou,historically_calibrated,0.740365,0.125862,10.3601,10.3602,0.0,0.0
7366,11,3,22,tou,historically_calibrated,0.740365,0.125862,10.4576,10.46,0.0,0.0024
7367,11,3,23,tou,historically_calibrated,0.740365,0.125862,10.4871,10.4871,0.0,0.0
7368,11,3,24,tou,historically_calibrated,0.740365,0.125862,8.1197,8.1653,0.0,0.0457
7369,11,4,1,tou,historically_calibrated,0.740365,0.125862,7.8115,7.8571,0.0,0.0457
7370,11,4,2,tou,historically_calibrated,0.740365,0.125862,7.892,7.9376,0.0,0.0457
7371,11,4,3,tou,historically_calibrated,0.740365,0.125862,7.6678,7.771,0.0,0.1032
7372,11,4,4,tou,historically_calibrated,0.740365,0.125862,7.6476,7.8669,0.0,0.2194
7373,11,4,5,tou,historically_calibrated,0.740365,0.125862,7.9073,7.9222,0.0,0.0148
7374,11,4,6,tou,historically_calibrated,0.740365,0.125862,7.9785,7.9933,0.0,0.0148
7375,11,4,7,tou,historically_calibrated,0.740365,0.125862,10.1416,10.144,0.0,0.0024
7376,11,4,8,tou,historically_calibrated,0.740365,0.125862,10.2469,10.2644,0.0026,0.0148
7377,11,4,9,tou,historically_calibrated,0.740365,0.125862,9.6087,9.7637,0.0518,0.1032
7378,11,4,10,tou,historically_calibrated,0.740365,0.125862,8.8753,9.0625,0.1724,0.0148
7379,11,4,11,tou,historically_calibrated,0.740365,0.125862,7.1314,7.4166,0.2851,0.0
7380,11,4,12,tou,historically_calibrated,0.740365,0.125862,6.2038,6.5641,0.3603,0.0
7381,11,4,13,tou,historically_calibrated,0.740365,0.125862,6.1066,6.4902,0.3836,0.0
7382,11,4,14,tou,historically_calibrated,0.740365,0.125862,6.1421,6.5437,0.3992,0.0024
7383,11,4,15,tou,historically_calibrated,0.740365,0.125862,6.4147,6.7205,0.3059,0.0
7384,11,4,16,tou,historically_calibrated,0.740365,0.125862,6.8106,6.9843,0.1737,0.0
7385,11,4,17,tou,historically_calibrated,0.740365,0.125862,7.2827,7.3229,0.0402,0.0
7386,11,4,18,tou,historically_calibrated,0.740365,0.125862,8.5908,8.5908,0.0,0.0
7387,11,4,19,tou,historically_calibrated,0.740365,0.125862,9.5208,9.5208,0.0,0.0
7388,11,4,20,tou,historically_calibrated,0.740365,0.125862,9.6894,9.6894,0.0,0.0
7389,11,4,21,tou,historically_calibrated,0.740365,0.125862,8.8677,8.8677,0.0,0.0
7390,11,4,22,tou,historically_calibrated,0.740365,0.125862,8.6174,8.6174,0.0,0.0
7391,11,4,23,tou,historically_calibrated,0.740365,0.125862,8.2753,8.2753,0.0,0.0
7392,11,4,24,tou,historically_calibrated,0.740365,0.125862,6.706,6.7084,0.0,0.0024
7393,11,5,1,tou,historically_calibrated,0.740365,0.125862,7.1194,7.1194,0.0,0.0
7394,11,5,2,tou,historically_calibrated,0.740365,0.125862,7.6121,7.6121,0.0,0.0
7395,11,5,3,tou,historically_calibrated,0.740365,0.125862,8.2024,8.2024,0.0,0.0
7396,11,5,4,tou,historically_calibrated,0.740365,0.125862,7.8944,7.8944,0.0,0.0
7397,11,5,5,tou,historically_calibrated,0.740365,0.125862,8.5693,8.5693,0.0,0.0
7398,11,5,6,tou,historically_calibrated,0.740365,0.125862,8.7742,8.7742,0.0,0.0
7399,11,5,7,tou,historically_calibrated,0.740365,0.125862,10.5987,10.5987,0.0,0.0
7400,11,5,8,tou,historically_calibrated,1.332657,0.226552,10.8813,10.8826,0.0013,0.0
7401,11,5,9,tou,historically_calibrated,1.332657,0.226552,10.6809,10.7237,0.0428,0.0
7402,11,5,10,tou,historically_calibrated,1.332657,0.226552,10.0548,10.2349,0.1801,0.0
7403,11,5,11,tou,historically_calibrated,1.332657,0.226552,8.2814,8.5976,0.3162,0.0
7404,11,5,12,tou,historically_calibrated,1.332657,0.226552,7.0142,7.3965,0.3823,0.0
7405,11,5,13,tou,historically_calibrated,1.332657,0.226552,6.763,7.0546,0.2916,0.0
7406,11,5,14,tou,historically_calibrated,1.332657,0.226552,7.0029,7.1649,0.162,0.0
7407,11,5,15,tou,historically_calibrated,1.332657,0.226552,7.2341,7.3585,0.1244,0.0
7408,11,5,16,tou,historically_calibrated,1.332657,0.226552,7.8556,7.9256,0.07,0.0
7409,11,5,17,tou,historically_calibrated,1.332657,0.226552,8.3497,8.3653,0.0156,0.0
7410,11,5,18,tou,historically_calibrated,1.332657,0.226552,9.2781,9.2781,0.0,0.0
7411,11,5,19,tou,historically_calibrated,1.332657,0.226552,9.4428,9.4428,0.0,0.0
7412,11,5,20,tou,historically_calibrated,1.332657,0.226552,9.6362,9.6362,0.0,0.0
7413,11,5,21,tou,historically_calibrated,1.332657,0.226552,9.407,9.407,0.0,0.0
7414,11,5,22,tou,historically_calibrated,1.332657,0.226552,9.2555,9.2555,0.0,0.0
7415,11,5,23,tou,historically_calibrated,0.740365,0.125862,9.0483,9.0483,0.0,0.0
7416,11,5,24,tou,historically_calibrated,0.740365,0.125862,7.4629,7.4629,0.0,0.0
7417,11,6,1,tou,historically_calibrated,0.740365,0.125862,7.2818,7.2818,0.0,0.0
7418,11,6,2,tou,historically_calibrated,0.740365,0.125862,7.4496,7.4496,0.0,0.0
7419,11,6,3,tou,historically_calibrated,0.740365,0.125862,7.8358,7.8358,0.0,0.0
7420,11,6,4,tou,historically_calibrated,0.740365,0.125862,8.1817,8.1817,0.0,0.0
7421,11,6,5,tou,historically_calibrated,0.740365,0.125862,8.2355,8.2355,0.0,0.0
7422,11,6,6,tou,historically_calibrated,0.740365,0.125862,9.0748,9.0748,0.0,0.0
7423,11,6,7,tou,historically_calibrated,0.740365,0.125862,10.4384,10.4384,0.0,0.0
7424,11,6,8,tou,historically_calibrated,1.332657,0.226552,10.6083,10.6083,0.0,0.0
7425,11,6,9,tou,historically_calibrated,1.332657,0.226552,10.7662,10.7791,0.013,0.0
7426,11,6,10,tou,historically_calibrated,1.332657,0.226552,10.8473,10.894,0.0467,0.0
7427,11,6,11,tou,historically_calibrated,1.332657,0.226552,10.5559,10.6349,0.0791,0.0
7428,11,6,12,tou,historically_calibrated,1.332657,0.226552,9.8593,9.9603,0.1011,0.0
7429,11,6,13,tou,historically_calibrated,1.332657,0.226552,9.5337,9.6413,0.1076,0.0
7430,11,6,14,tou,historically_calibrated,1.332657,0.226552,9.4136,9.5121,0.0985,0.0
7431,11,6,15,tou,historically_calibrated,1.332657,0.226552,9.8011,9.8762,0.0752,0.0
7432,11,6,16,tou,historically_calibrated,1.332657,0.226552,10.0554,10.0968,0.0415,0.0
7433,11,6,17,tou,historically_calibrated,1.332657,0.226552,10.732,10.7411,0.0091,0.0
7434,11,6,18,tou,historically_calibrated,1.332657,0.226552,11.1891,11.1891,0.0,0.0
7435,11,6,19,tou,historically_calibrated,1.332657,0.226552,11.5565,11.5565,0.0,0.0
7436,11,6,20,tou,historically_calibrated,1.332657,0.226552,11.7263,11.7263,0.0,0.0
7437,11,6,21,tou,historically_calibrated,1.332657,0.226552,11.4349,11.4349,0.0,0.0
7438,11,6,22,tou,historically_calibrated,1.332657,0.226552,11.0358,11.0358,0.0,0.0
7439,11,6,23,tou,historically_calibrated,0.740365,0.125862,10.7579,10.7579,0.0,0.0
7440,11,6,24,tou,historically_calibrated,0.740365,0.125862,9.0038,9.0038,0.0,0.0
7441,11,7,1,tou,historically_calibrated,0.740365,0.125862,8.9463,8.9463,0.0,0.0
7442,11,7,2,tou,historically_calibrated,0.740365,0.125862,9.3185,9.3185,0.0,0.0
7443,11,7,3,tou,historically_calibrated,0.740365,0.125862,9.3837,9.3837,0.0,0.0
7444,11,7,4,tou,historically_calibrated,0.740365,0.125862,9.4539,9.4539,0.0,0.0
7445,11,7,5,tou,historically_calibrated,0.740365,0.125862,9.9463,9.9463,0.0,0.0
7446,11,7,6,tou,historically_calibrated,0.740365,0.125862,9.9335,9.9335,0.0,0.0
7447,11,7,7,tou,historically_calibrated,0.740365,0.125862,13.003,13.003,0.0,0.0
7448,11,7,8,tou,historically_calibrated,1.332657,0.226552,14.0084,14.0097,0.0013,0.0
7449,11,7,9,tou,historically_calibrated,1.332657,0.226552,13.5041,13.552,0.048,0.0
7450,11,7,10,tou,historically_calibrated,1.332657,0.226552,11.2604,11.4432,0.1827,0.0
7451,11,7,11,tou,historically_calibrated,1.332657,0.226552,9.4661,9.7771,0.311,0.0
7452,11,7,12,tou,historically_calibrated,1.332657,0.226552,7.8894,8.286,0.3966,0.0
7453,11,7,13,tou,historically_calibrated,1.332657,0.226552,6.6308,7.0546,0.4238,0.0
7454,11,7,14,tou,historically_calibrated,1.332657,0.226552,6.7252,7.1127,0.3875,0.0
7455,11,7,15,tou,historically_calibrated,1.332657,0.226552,7.0107,7.3049,0.2942,0.0
7456,11,7,16,tou,historically_calibrated,1.332657,0.226552,7.4296,7.5916,0.162,0.0
7457,11,7,17,tou,historically_calibrated,1.332657,0.226552,8.1565,8.1915,0.035,0.0
7458,11,7,18,tou,historically_calibrated,1.332657,0.226552,10.4127,10.4127,0.0,0.0
7459,11,7,19,tou,historically_calibrated,1.332657,0.226552,11.2545,11.2545,0.0,0.0
7460,11,7,20,tou,historically_calibrated,1.332657,0.226552,10.8467,10.95,0.0,0.1032
7461,11,7,21,tou,historically_calibrated,1.332657,0.226552,10.8681,10.9713,0.0,0.1032
7462,11,7,22,tou,historically_calibrated,1.332657,0.226552,11.0458,11.0914,0.0,0.0457
7463,11,7,23,tou,historically_calibrated,0.740365,0.125862,10.7657,10.8113,0.0,0.0457
7464,11,7,24,tou,historically_calibrated,0.740365,0.125862,8.5154,8.6186,0.0,0.1032
7465,11,8,1,tou,historically_calibrated,0.740365,0.125862,8.0075,8.0532,0.0,0.0457
7466,11,8,2,tou,historically_calibrated,0.740365,0.125862,8.016,8.0184,0.0,0.0024
7467,11,8,3,tou,historically_calibrated,0.740365,0.125862,8.1209,8.1209,0.0,0.0
7468,11,8,4,tou,historically_calibrated,0.740365,0.125862,8.095,8.1406,0.0,0.0457
7469,11,8,5,tou,historically_calibrated,0.740365,0.125862,8.4441,8.4441,0.0,0.0
7470,11,8,6,tou,historically_calibrated,0.740365,0.125862,8.6857,8.7313,0.0,0.0457
7471,11,8,7,tou,historically_calibrated,0.740365,0.125862,10.7626,10.8658,0.0,0.1032
7472,11,8,8,tou,historically_calibrated,1.332657,0.226552,11.2629,11.2666,0.0013,0.0024
7473,11,8,9,tou,historically_calibrated,1.332657,0.226552,10.692,10.7791,0.0415,0.0457
7474,11,8,10,tou,historically_calibrated,1.332657,0.226552,9.9993,10.18,0.1659,0.0148
7475,11,8,11,tou,historically_calibrated,1.332657,0.226552,8.8281,9.0801,0.2372,0.0148
7476,11,8,12,tou,historically_calibrated,1.332657,0.226552,7.3789,7.7628,0.3383,0.0457
7477,11,8,13,tou,historically_calibrated,1.332657,0.226552,6.6782,7.0546,0.3616,0.0148
7478,11,8,14,tou,historically_calibrated,1.332657,0.226552,6.7822,7.1127,0.3305,0.0
7479,11,8,15,tou,historically_calibrated,1.332657,0.226552,7.0524,7.3049,0.2501,0.0024
7480,11,8,16,tou,historically_calibrated,1.332657,0.226552,7.4842,7.5916,0.105,0.0024
7481,11,8,17,tou,historically_calibrated,1.332657,0.226552,7.8797,7.9017,0.022,0.0
7482,11,8,18,tou,historically_calibrated,1.332657,0.226552,8.0978,8.1434,0.0,0.0457
7483,11,8,19,tou,historically_calibrated,1.332657,0.226552,8.4309,8.4766,0.0,0.0457
7484,11,8,20,tou,historically_calibrated,1.332657,0.226552,9.6959,9.6959,0.0,0.0
7485,11,8,21,tou,historically_calibrated,1.332657,0.226552,9.4046,9.407,0.0,0.0024
7486,11,8,22,tou,historically_calibrated,1.332657,0.226552,8.1428,8.1428,0.0,0.0
7487,11,8,23,tou,historically_calibrated,0.740365,0.125862,8.514,8.514,0.0,0.0
7488,11,8,24,tou,historically_calibrated,0.740365,0.125862,7.0753,7.0777,0.0,0.0024
7489,11,9,1,tou,historically_calibrated,0.740365,0.125862,6.9016,6.9164,0.0,0.0148
7490,11,9,2,tou,historically_calibrated,0.740365,0.125862,7.1839,7.2871,0.0,0.1032
7491,11,9,3,tou,historically_calibrated,0.740365,0.125862,7.3828,7.4284,0.0,0.0457
7492,11,9,4,tou,historically_calibrated,0.740365,0.125862,8.0586,8.0586,0.0,0.0
7493,11,9,5,tou,historically_calibrated,0.740365,0.125862,8.0955,8.1103,0.0,0.0148
7494,11,9,6,tou,historically_calibrated,0.740365,0.125862,8.5596,8.5596,0.0,0.0
7495,11,9,7,tou,historically_calibrated,0.740365,0.125862,10.5304,10.5452,0.0,0.0148
7496,11,9,8,tou,historically_calibrated,1.332657,0.226552,10.9899,10.9923,0.0,0.0024
7497,11,9,9,tou,historically_calibrated,1.332657,0.226552,10.4481,10.5018,0.0389,0.0148
7498,11,9,10,tou,historically_calibrated,1.332657,0.226552,9.2597,9.4111,0.149,0.0024
7499,11,9,11,tou,historically_calibrated,1.332657,0.226552,8.0214,8.2223,0.2009,0.0
7500,11,9,12,tou,historically_calibrated,1.332657,0.226552,7.2912,7.5012,0.21,0.0
7501,11,9,13,tou,historically_calibrated,1.332657,0.226552,6.7786,7.0546,0.276,0.0
7502,11,9,14,tou,historically_calibrated,1.332657,0.226552,6.8613,7.1127,0.2514,0.0
7503,11,9,15,tou,historically_calibrated,1.332657,0.226552,7.1507,7.3049,0.1542,0.0
7504,11,9,16,tou,historically_calibrated,1.332657,0.226552,7.5087,7.5916,0.0829,0.0
7505,11,9,17,tou,historically_calibrated,1.332657,0.226552,7.9428,7.9597,0.0168,0.0
7506,11,9,18,tou,historically_calibrated,1.332657,0.226552,8.6809,8.6809,0.0,0.0
7507,11,9,19,tou,historically_calibrated,1.332657,0.226552,9.4428,9.4428,0.0,0.0
7508,11,9,20,tou,historically_calibrated,1.332657,0.226552,10.2334,10.2334,0.0,0.0
7509,11,9,21,tou,historically_calibrated,1.332657,0.226552,10.6817,10.6817,0.0,0.0
7510,11,9,22,tou,historically_calibrated,1.332657,0.226552,10.7576,10.7576,0.0,0.0
7511,11,9,23,tou,historically_calibrated,0.740365,0.125862,10.2236,10.2237,0.0,0.0
7512,11,9,24,tou,historically_calibrated,0.740365,0.125862,8.7042,8.7042,0.0,0.0
7513,11,10,1,tou,historically_calibrated,0.740365,0.125862,7.7077,7.7077,0.0,0.0
7514,11,10,2,tou,historically_calibrated,0.740365,0.125862,8.3861,8.3861,0.0,0.0
7515,11,10,3,tou,historically_calibrated,0.740365,0.125862,8.1833,8.1833,0.0,0.0
7516,11,10,4,tou,historically_calibrated,0.740365,0.125862,8.1312,8.1312,0.0,0.0
7517,11,10,5,tou,historically_calibrated,0.740365,0.125862,8.4596,8.4596,0.0,0.0
7518,11,10,6,tou,historically_calibrated,0.740365,0.125862,9.4548,9.4548,0.0,0.0
7519,11,10,7,tou,historically_calibrated,0.740365,0.125862,12.356,12.356,0.0,0.0
7520,11,10,8,tou,historically_calibrated,0.740365,0.125862,12.1823,12.1823,0.0,0.0
7521,11,10,9,tou,historically_calibrated,0.740365,0.125862,12.544,12.5699,0.0259,0.0
7522,11,10,10,tou,historically_calibrated,0.740365,0.125862,11.1223,11.2351,0.1128,0.0
7523,11,10,11,tou,historically_calibrated,0.740365,0.125862,9.3755,9.5375,0.162,0.0
7524,11,10,12,tou,historically_calibrated,0.740365,0.125862,8.1365,8.3452,0.2087,0.0
7525,11,10,13,tou,historically_calibrated,0.740365,0.125862,7.4096,7.6325,0.2229,0.0
7526,11,10,14,tou,historically_calibrated,0.740365,0.125862,7.156,7.3595,0.2035,0.0
7527,11,10,15,tou,historically_calibrated,0.740365,0.125862,7.0604,7.2134,0.1529,0.0
7528,11,10,16,tou,historically_calibrated,0.740365,0.125862,7.6709,7.7525,0.0816,0.0
7529,11,10,17,tou,historically_calibrated,0.740365,0.125862,8.7454,8.7623,0.0168,0.0
7530,11,10,18,tou,historically_calibrated,0.740365,0.125862,9.36,9.36,0.0,0.0
7531,11,10,19,tou,historically_calibrated,0.740365,0.125862,10.5764,10.5764,0.0,0.0
7532,11,10,20,tou,historically_calibrated,0.740365,0.125862,11.5024,11.5024,0.0,0.0
7533,11,10,21,tou,historically_calibrated,0.740365,0.125862,11.6927,11.6927,0.0,0.0
7534,11,10,22,tou,historically_calibrated,0.740365,0.125862,12.1491,12.1491,0.0,0.0
7535,11,10,23,tou,historically_calibrated,0.740365,0.125862,11.421,11.421,0.0,0.0
7536,11,10,24,tou,historically_calibrated,0.740365,0.125862,8.9135,8.9135,0.0,0.0
7537,11,11,1,tou,historically_calibrated,0.740365,0.125862,8.6415,8.6415,0.0,0.0
7538,11,11,2,tou,historically_calibrated,0.740365,0.125862,9.4701,9.4701,0.0,0.0
7539,11,11,3,tou,historically_calibrated,0.740365,0.125862,9.5324,9.5324,0.0,0.0
7540,11,11,4,tou,historically_calibrated,0.740365,0.125862,9.8302,9.8302,0.0,0.0
7541,11,11,5,tou,historically_calibrated,0.740365,0.125862,10.2639,10.2639,0.0,0.0
7542,11,11,6,tou,historically_calibrated,0.740365,0.125862,10.6003,10.6003,0.0,0.0
7543,11,11,7,tou,historically_calibrated,0.740365,0.125862,13.1425,13.1425,0.0,0.0
7544,11,11,8,tou,historically_calibrated,0.740365,0.125862,13.8479,13.8479,0.0,0.0
7545,11,11,9,tou,historically_calibrated,0.740365,0.125862,13.4533,13.4883,0.035,0.0
7546,11,11,10,tou,historically_calibrated,0.740365,0.125862,13.519,13.6603,0.1413,0.0
7547,11,11,11,tou,historically_calibrated,0.740365,0.125862,12.3442,12.5956,0.2514,0.0
7548,11,11,12,tou,historically_calibrated,0.740365,0.125862,10.9629,11.3297,0.3668,0.0
7549,11,11,13,tou,historically_calibrated,0.740365,0.125862,10.2846,10.6786,0.394,0.0
7550,11,11,14,tou,historically_calibrated,0.740365,0.125862,9.7837,10.1427,0.359,0.0
7551,11,11,15,tou,historically_calibrated,0.740365,0.125862,10.1817,10.4661,0.2696,0.0148
7552,11,11,16,tou,historically_calibrated,0.740365,0.125862,11.0494,11.1841,0.1348,0.0
7553,11,11,17,tou,historically_calibrated,0.740365,0.125862,12.2002,12.2274,0.0272,0.0
7554,11,11,18,tou,historically_calibrated,0.740365,0.125862,13.4256,13.4256,0.0,0.0
7555,11,11,19,tou,historically_calibrated,0.740365,0.125862,13.5766,13.5766,0.0,0.0
7556,11,11,20,tou,historically_calibrated,0.740365,0.125862,13.0957,13.0957,0.0,0.0
7557,11,11,21,tou,historically_calibrated,0.740365,0.125862,12.972,12.972,0.0,0.0
7558,11,11,22,tou,historically_calibrated,0.740365,0.125862,12.6097,12.6097,0.0,0.0
7559,11,11,23,tou,historically_calibrated,0.740365,0.125862,12.0108,12.0108,0.0,0.0
7560,11,11,24,tou,historically_calibrated,0.740365,0.125862,9.7798,9.7798,0.0,0.0
7561,11,12,1,tou,historically_calibrated,0.740365,0.125862,10.3267,10.3267,0.0,0.0
7562,11,12,2,tou,historically_calibrated,0.740365,0.125862,10.4967,10.4967,0.0,0.0
7563,11,12,3,tou,historically_calibrated,0.740365,0.125862,10.5649,10.5649,0.0,0.0
7564,11,12,4,tou,historically_calibrated,0.740365,0.125862,10.8492,10.8492,0.0,0.0
7565,11,12,5,tou,historically_calibrated,0.740365,0.125862,11.2816,11.2816,0.0,0.0
7566,11,12,6,tou,historically_calibrated,0.740365,0.125862,11.6938,11.6938,0.0,0.0
7567,11,12,7,tou,historically_calibrated,0.740365,0.125862,14.8731,14.8731,0.0,0.0
7568,11,12,8,tou,historically_calibrated,1.332657,0.226552,15.107,15.107,0.0,0.0
7569,11,12,9,tou,historically_calibrated,1.332657,0.226552,15.6245,15.6595,0.035,0.0
7570,11,12,10,tou,historically_calibrated,1.332657,0.226552,14.7488,14.9031,0.1542,0.0
7571,11,12,11,tou,historically_calibrated,1.332657,0.226552,12.9976,13.262,0.2644,0.0
7572,11,12,12,tou,historically_calibrated,1.332657,0.226552,11.7085,12.0532,0.3447,0.0
7573,11,12,13,tou,historically_calibrated,1.332657,0.226552,10.5098,10.8829,0.3707,0.0024
7574,11,12,14,tou,historically_calibrated,1.332657,0.226552,10.5797,10.9204,0.3383,0.0024
7575,11,12,15,tou,historically_calibrated,1.332657,0.226552,11.1248,11.3762,0.2514,0.0
7576,11,12,16,tou,historically_calibrated,1.332657,0.226552,12.0737,12.2124,0.1387,0.0
7577,11,12,17,tou,historically_calibrated,1.332657,0.226552,13.5532,13.5804,0.0272,0.0
7578,11,12,18,tou,historically_calibrated,1.332657,0.226552,15.0111,15.0111,0.0,0.0
7579,11,12,19,tou,historically_calibrated,1.332657,0.226552,15.7838,15.7838,0.0,0.0
7580,11,12,20,tou,historically_calibrated,1.332657,0.226552,15.8468,15.8468,0.0,0.0
7581,11,12,21,tou,historically_calibrated,1.332657,0.226552,15.8381,15.8381,0.0,0.0
7582,11,12,22,tou,historically_calibrated,1.332657,0.226552,15.5978,15.5978,0.0,0.0
7583,11,12,23,tou,historically_calibrated,0.740365,0.125862,15.2991,15.2991,0.0,0.0
7584,11,12,24,tou,historically_calibrated,0.740365,0.125862,12.2139,12.2139,0.0,0.0
7585,11,13,1,tou,historically_calibrated,0.740365,0.125862,11.9506,11.9506,0.0,0.0
7586,11,13,2,tou,historically_calibrated,0.740365,0.125862,12.2031,12.2031,0.0,0.0
7587,11,13,3,tou,historically_calibrated,0.740365,0.125862,12.6424,12.6424,0.0,0.0
7588,11,13,4,tou,historically_calibrated,0.740365,0.125862,13.1474,13.1474,0.0,0.0
7589,11,13,5,tou,historically_calibrated,0.740365,0.125862,13.3263,13.3263,0.0,0.0
7590,11,13,6,tou,historically_calibrated,0.740365,0.125862,13.6258,13.6258,0.0,0.0
7591,11,13,7,tou,historically_calibrated,0.740365,0.125862,17.1172,17.1172,0.0,0.0
7592,11,13,8,tou,historically_calibrated,1.332657,0.226552,17.9598,17.9598,0.0,0.0
7593,11,13,9,tou,historically_calibrated,1.332657,0.226552,18.0672,18.0996,0.0324,0.0
7594,11,13,10,tou,historically_calibrated,1.332657,0.226552,16.9482,17.0998,0.1516,0.0
7595,11,13,11,tou,historically_calibrated,1.332657,0.226552,15.52,15.7818,0.2618,0.0
7596,11,13,12,tou,historically_calibrated,1.332657,0.226552,14.2273,14.5124,0.2851,0.0
7597,11,13,13,tou,historically_calibrated,1.332657,0.226552,13.1017,13.3661,0.2644,0.0
7598,11,13,14,tou,historically_calibrated,1.332657,0.226552,12.5944,12.8503,0.2411,0.0148
7599,11,13,15,tou,historically_calibrated,1.332657,0.226552,13.1338,13.3583,0.1788,0.0457
7600,11,13,16,tou,historically_calibrated,1.332657,0.226552,14.0941,14.2165,0.1076,0.0148
7601,11,13,17,tou,historically_calibrated,1.332657,0.226552,14.9601,15.0291,0.0233,0.0457
7602,11,13,18,tou,historically_calibrated,1.332657,0.226552,16.2195,16.2652,0.0,0.0457
7603,11,13,19,tou,historically_calibrated,1.332657,0.226552,16.9164,16.9312,0.0,0.0148
7604,11,13,20,tou,historically_calibrated,1.332657,0.226552,16.668,16.6828,0.0,0.0148
7605,11,13,21,tou,historically_calibrated,1.332657,0.226552,16.0822,16.1278,0.0,0.0457
7606,11,13,22,tou,historically_calibrated,1.332657,0.226552,15.8611,15.876,0.0,0.0148
7607,11,13,23,tou,historically_calibrated,0.740365,0.125862,15.5698,15.673,0.0,0.1032
7608,11,13,24,tou,historically_calibrated,0.740365,0.125862,12.7126,12.7275,0.0,0.0148
7609,11,14,1,tou,historically_calibrated,0.740365,0.125862,11.1978,11.301,0.0,0.1032
7610,11,14,2,tou,historically_calibrated,0.740365,0.125862,11.9024,12.1218,0.0,0.2194
7611,11,14,3,tou,historically_calibrated,0.740365,0.125862,12.2948,12.398,0.0,0.1032
7612,11,14,4,tou,historically_calibrated,0.740365,0.125862,12.3875,12.4908,0.0,0.1032
7613,11,14,5,tou,historically_calibrated,0.740365,0.125862,12.94,13.1593,0.0,0.2194
7614,11,14,6,tou,historically_calibrated,0.740365,0.125862,13.5226,13.6258,0.0,0.1032
7615,11,14,7,tou,historically_calibrated,0.740365,0.125862,17.4229,17.4378,0.0,0.0148
7616,11,14,8,tou,historically_calibrated,1.332657,0.226552,17.7404,17.9598,0.0,0.2194
7617,11,14,9,tou,historically_calibrated,1.332657,0.226552,17.8544,17.9887,0.0311,0.1032
7618,11,14,10,tou,historically_calibrated,1.332657,0.226552,16.9498,17.3195,0.1503,0.2194
7619,11,14,11,tou,historically_calibrated,1.332657,0.226552,15.5145,16.1571,0.2773,0.3652
7620,11,14,12,tou,historically_calibrated,1.332657,0.226552,14.1082,15.0356,0.3629,0.5645
7621,11,14,13,tou,historically_calibrated,1.332657,0.226552,13.2392,14.1939,0.3901,0.5645
7622,11,14,14,tou,historically_calibrated,1.332657,0.226552,12.6058,13.7892,0.3577,0.8257
7623,11,14,15,tou,historically_calibrated,1.332657,0.226552,13.3179,13.9475,0.2644,0.3652
7624,11,14,16,tou,historically_calibrated,1.332657,0.226552,14.1296,14.8289,0.1348,0.5645
7625,11,14,17,tou,historically_calibrated,1.332657,0.226552,15.8281,16.0721,0.0246,0.2194
7626,11,14,18,tou,historically_calibrated,1.332657,0.226552,17.5952,17.6984,0.0,0.1032
7627,11,14,19,tou,historically_calibrated,1.332657,0.226552,18.1846,18.1994,0.0,0.0148
7628,11,14,20,tou,historically_calibrated,1.332657,0.226552,18.6511,18.6535,0.0,0.0024
7629,11,14,21,tou,historically_calibrated,1.332657,0.226552,18.3295,18.3295,0.0,0.0
7630,11,14,22,tou,historically_calibrated,1.332657,0.226552,18.1013,18.1013,0.0,0.0
7631,11,14,23,tou,historically_calibrated,0.740365,0.125862,17.81,17.81,0.0,0.0
7632,11,14,24,tou,historically_calibrated,0.740365,0.125862,14.2255,14.2255,0.0,0.0
7633,11,15,1,tou,historically_calibrated,0.740365,0.125862,13.9805,13.9805,0.0,0.0
7634,11,15,2,tou,historically_calibrated,0.740365,0.125862,14.1532,14.1532,0.0,0.0
7635,11,15,3,tou,historically_calibrated,0.740365,0.125862,14.3939,14.3939,0.0,0.0
7636,11,15,4,tou,historically_calibrated,0.740365,0.125862,14.6658,14.6658,0.0,0.0
7637,11,15,5,tou,historically_calibrated,0.740365,0.125862,15.1205,15.1205,0.0,0.0
7638,11,15,6,tou,historically_calibrated,0.740365,0.125862,15.4291,15.4291,0.0,0.0
7639,11,15,7,tou,historically_calibrated,0.740365,0.125862,18.9873,18.9873,0.0,0.0
7640,11,15,8,tou,historically_calibrated,1.332657,0.226552,18.7278,18.7278,0.0,0.0
7641,11,15,9,tou,historically_calibrated,1.332657,0.226552,17.6946,17.7114,0.0168,0.0
7642,11,15,10,tou,historically_calibrated,1.332657,0.226552,16.491,16.5506,0.0596,0.0
7643,11,15,11,tou,historically_calibrated,1.332657,0.226552,15.4463,15.5137,0.0674,0.0
7644,11,15,12,tou,historically_calibrated,1.332657,0.226552,15.0052,15.1403,0.0894,0.0457
7645,11,15,13,tou,historically_calibrated,1.332657,0.226552,14.6546,14.9699,0.0959,0.2194
7646,11,15,14,tou,historically_calibrated,1.332657,0.226552,14.1717,14.6237,0.0868,0.3652
7647,11,15,15,tou,historically_calibrated,1.332657,0.226552,13.9087,14.5368,0.0635,0.5645
7648,11,15,16,tou,historically_calibrated,1.332657,0.226552,14.0265,14.8846,0.0324,0.8257
7649,11,15,17,tou,historically_calibrated,1.332657,0.226552,14.9216,15.4926,0.0065,0.5645
7650,11,15,18,tou,historically_calibrated,1.332657,0.226552,15.7472,15.9666,0.0,0.2194
7651,11,15,19,tou,historically_calibrated,1.332657,0.226552,15.9221,16.0254,0.0,0.1032
7652,11,15,20,tou,historically_calibrated,1.332657,0.226552,15.8917,15.9065,0.0,0.0148
7653,11,15,21,tou,historically_calibrated,1.332657,0.226552,15.0122,15.027,0.0,0.0148
7654,11,15,22,tou,historically_calibrated,1.332657,0.226552,14.2602,14.2626,0.0,0.0024
7655,11,15,23,tou,historically_calibrated,0.740365,0.125862,13.4802,13.4826,0.0,0.0024
7656,11,15,24,tou,historically_calibrated,0.740365,0.125862,10.7562,10.7586,0.0,0.0024
7657,11,16,1,tou,historically_calibrated,0.740365,0.125862,10.0831,10.0831,0.0,0.0
7658,11,16,2,tou,historically_calibrated,0.740365,0.125862,10.1717,10.1717,0.0,0.0
7659,11,16,3,tou,historically_calibrated,0.740365,0.125862,10.1983,10.1983,0.0,0.0
7660,11,16,4,tou,historically_calibrated,0.740365,0.125862,10.3567,10.3567,0.0,0.0
7661,11,16,5,tou,historically_calibrated,0.740365,0.125862,10.5281,10.5305,0.0,0.0024
7662,11,16,6,tou,historically_calibrated,0.740365,0.125862,10.878,10.878,0.0,0.0
7663,11,16,7,tou,historically_calibrated,0.740365,0.125862,13.4815,13.4839,0.0,0.0024
7664,11,16,8,tou,historically_calibrated,1.332657,0.226552,13.7903,13.7903,0.0,0.0
7665,11,16,9,tou,historically_calibrated,1.332657,0.226552,13.7435,13.7739,0.0156,0.0148
7666,11,16,10,tou,historically_calibrated,1.332657,0.226552,13.1448,13.2006,0.0557,0.0
7667,11,16,11,tou,historically_calibrated,1.332657,0.226552,12.2419,12.3505,0.1063,0.0024
7668,11,16,12,tou,historically_calibrated,1.332657,0.226552,11.3377,11.4777,0.14,0.0
7669,11,16,13,tou,historically_calibrated,1.332657,0.226552,10.836,10.9864,0.1503,0.0
7670,11,16,14,tou,historically_calibrated,1.332657,0.226552,10.7308,10.8682,0.1374,0.0
7671,11,16,15,tou,historically_calibrated,1.332657,0.226552,10.9537,11.0548,0.1011,0.0
7672,11,16,16,tou,historically_calibrated,1.332657,0.226552,11.7164,11.767,0.0505,0.0
7673,11,16,17,tou,historically_calibrated,1.332657,0.226552,12.4704,12.4795,0.0091,0.0
7674,11,16,18,tou,historically_calibrated,1.332657,0.226552,13.0404,13.0404,0.0,0.0
7675,11,16,19,tou,historically_calibrated,1.332657,0.226552,13.5494,13.5494,0.0,0.0
7676,11,16,20,tou,historically_calibrated,1.332657,0.226552,14.0553,14.0553,0.0,0.0
7677,11,16,21,tou,historically_calibrated,1.332657,0.226552,13.4047,13.4047,0.0,0.0
7678,11,16,22,tou,historically_calibrated,1.332657,0.226552,12.5935,12.5935,0.0,0.0
7679,11,16,23,tou,historically_calibrated,0.740365,0.125862,12.0935,12.0935,0.0,0.0
7680,11,16,24,tou,historically_calibrated,0.740365,0.125862,9.6886,9.6886,0.0,0.0
7681,11,17,1,tou,historically_calibrated,0.740365,0.125862,8.4547,8.4547,0.0,0.0
7682,11,17,2,tou,historically_calibrated,0.740365,0.125862,8.4235,8.4235,0.0,0.0
7683,11,17,3,tou,historically_calibrated,0.740365,0.125862,8.3706,8.3706,0.0,0.0
7684,11,17,4,tou,historically_calibrated,0.740365,0.125862,8.471,8.471,0.0,0.0
7685,11,17,5,tou,historically_calibrated,0.740365,0.125862,8.6132,8.6132,0.0,0.0
7686,11,17,6,tou,historically_calibrated,0.740365,0.125862,8.9413,8.9413,0.0,0.0
7687,11,17,7,tou,historically_calibrated,0.740365,0.125862,11.0288,11.0288,0.0,0.0
7688,11,17,8,tou,historically_calibrated,0.740365,0.125862,11.3748,11.3748,0.0,0.0
7689,11,17,9,tou,historically_calibrated,0.740365,0.125862,11.284,11.2944,0.0104,0.0
7690,11,17,10,tou,historically_calibrated,0.740365,0.125862,11.0291,11.0835,0.0544,0.0
7691,11,17,11,tou,historically_calibrated,0.740365,0.125862,10.3217,10.4253,0.1037,0.0
7692,11,17,12,tou,historically_calibrated,0.740365,0.125862,9.7963,9.9337,0.1374,0.0
7693,11,17,13,tou,historically_calibrated,0.740365,0.125862,9.5408,9.6315,0.0907,0.0
7694,11,17,14,tou,historically_calibrated,0.740365,0.125862,9.672,9.8068,0.1348,0.0
7695,11,17,15,tou,historically_calibrated,0.740365,0.125862,9.8748,9.9733,0.0985,0.0
7696,11,17,16,tou,historically_calibrated,0.740365,0.125862,10.4178,10.4671,0.0492,0.0
7697,11,17,17,tou,historically_calibrated,0.740365,0.125862,11.2564,11.2679,0.0091,0.0024
7698,11,17,18,tou,historically_calibrated,0.740365,0.125862,12.0497,12.0521,0.0,0.0024
7699,11,17,19,tou,historically_calibrated,0.740365,0.125862,13.3643,13.4099,0.0,0.0457
7700,11,17,20,tou,historically_calibrated,0.740365,0.125862,13.9747,13.9747,0.0,0.0
7701,11,17,21,tou,historically_calibrated,0.740365,0.125862,13.6116,13.6116,0.0,0.0
7702,11,17,22,tou,historically_calibrated,0.740365,0.125862,13.3775,13.3775,0.0,0.0
7703,11,17,23,tou,historically_calibrated,0.740365,0.125862,12.8955,12.8955,0.0,0.0
7704,11,17,24,tou,historically_calibrated,0.740365,0.125862,10.7248,10.7248,0.0,0.0
7705,11,18,1,tou,historically_calibrated,0.740365,0.125862,10.3222,10.3222,0.0,0.0
7706,11,18,2,tou,historically_calibrated,0.740365,0.125862,10.4045,10.4045,0.0,0.0
7707,11,18,3,tou,historically_calibrated,0.740365,0.125862,10.6941,10.6941,0.0,0.0
7708,11,18,4,tou,historically_calibrated,0.740365,0.125862,11.0384,11.0384,0.0,0.0
7709,11,18,5,tou,historically_calibrated,0.740365,0.125862,11.3004,11.3004,0.0,0.0
7710,11,18,6,tou,historically_calibrated,0.740365,0.125862,11.7853,11.7853,0.0,0.0
7711,11,18,7,tou,historically_calibrated,0.740365,0.125862,14.5189,14.5189,0.0,0.0
7712,11,18,8,tou,historically_calibrated,0.740365,0.125862,15.0088,15.0088,0.0,0.0
7713,11,18,9,tou,historically_calibrated,0.740365,0.125862,15.1656,15.172,0.0065,0.0
7714,11,18,10,tou,historically_calibrated,0.740365,0.125862,14.9416,14.974,0.0324,0.0
7715,11,18,11,tou,historically_calibrated,0.740365,0.125862,14.3078,14.3713,0.0635,0.0
7716,11,18,12,tou,historically_calibrated,0.740365,0.125862,13.7967,13.8809,0.0842,0.0
7717,11,18,13,tou,historically_calibrated,0.740365,0.125862,13.396,13.4867,0.0907,0.0
7718,11,18,14,tou,historically_calibrated,0.740365,0.125862,13.5149,13.5978,0.0829,0.0
7719,11,18,15,tou,historically_calibrated,0.740365,0.125862,13.7072,13.7681,0.0609,0.0
7720,11,18,16,tou,historically_calibrated,0.740365,0.125862,14.3299,14.3597,0.0298,0.0
7721,11,18,17,tou,historically_calibrated,0.740365,0.125862,14.9944,14.9996,0.0052,0.0
7722,11,18,18,tou,historically_calibrated,0.740365,0.125862,15.2936,15.2936,0.0,0.0
7723,11,18,19,tou,historically_calibrated,0.740365,0.125862,15.1322,15.1322,0.0,0.0
7724,11,18,20,tou,historically_calibrated,0.740365,0.125862,14.7988,14.7988,0.0,0.0
7725,11,18,21,tou,historically_calibrated,0.740365,0.125862,14.0914,14.0914,0.0,0.0
7726,11,18,22,tou,historically_calibrated,0.740365,0.125862,13.2751,13.2751,0.0,0.0
7727,11,18,23,tou,historically_calibrated,0.740365,0.125862,12.6989,12.6989,0.0,0.0
7728,11,18,24,tou,historically_calibrated,0.740365,0.125862,10.0948,10.0948,0.0,0.0
7729,11,19,1,tou,historically_calibrated,0.740365,0.125862,10.4484,10.4484,0.0,0.0
7730,11,19,2,tou,historically_calibrated,0.740365,0.125862,10.3342,10.3342,0.0,0.0
7731,11,19,3,tou,historically_calibrated,0.740365,0.125862,10.3205,10.3205,0.0,0.0
7732,11,19,4,tou,historically_calibrated,0.740365,0.125862,10.3978,10.3978,0.0,0.0
7733,11,19,5,tou,historically_calibrated,0.740365,0.125862,10.469,10.5722,0.0,0.1032
7734,11,19,6,tou,historically_calibrated,0.740365,0.125862,10.878,10.878,0.0,0.0
7735,11,19,7,tou,historically_calibrated,0.740365,0.125862,13.3236,13.3236,0.0,0.0
7736,11,19,8,tou,historically_calibrated,1.332657,0.226552,13.6805,13.6805,0.0,0.0
7737,11,19,9,tou,historically_calibrated,1.332657,0.226552,13.6539,13.663,0.0091,0.0
7738,11,19,10,tou,historically_calibrated,1.332657,0.226552,13.1695,13.2006,0.0311,0.0
7739,11,19,11,tou,historically_calibrated,1.332657,0.226552,12.6153,12.7794,0.0609,0.1032
7740,11,19,12,tou,historically_calibrated,1.332657,0.226552,12.2332,12.3149,0.0816,0.0
7741,11,19,13,tou,historically_calibrated,1.332657,0.226552,11.8257,11.9176,0.0894,0.0024
7742,11,19,14,tou,historically_calibrated,1.332657,0.226552,11.7789,11.8593,0.0804,0.0
7743,11,19,15,tou,historically_calibrated,1.332657,0.226552,12.1214,12.1797,0.0583,0.0
7744,11,19,16,tou,historically_calibrated,1.332657,0.226552,12.7405,12.7691,0.0285,0.0
7745,11,19,17,tou,historically_calibrated,1.332657,0.226552,13.2855,13.2907,0.0052,0.0
7746,11,19,18,tou,historically_calibrated,1.332657,0.226552,13.8167,13.8167,0.0,0.0
7747,11,19,19,tou,historically_calibrated,1.332657,0.226552,14.0301,14.0325,0.0,0.0024
7748,11,19,20,tou,historically_calibrated,1.332657,0.226552,13.8761,13.8761,0.0,0.0
7749,11,19,21,tou,historically_calibrated,1.332657,0.226552,13.5182,13.5206,0.0,0.0024
7750,11,19,22,tou,historically_calibrated,1.332657,0.226552,12.9806,12.983,0.0,0.0024
7751,11,19,23,tou,historically_calibrated,0.740365,0.125862,12.5209,12.5209,0.0,0.0
7752,11,19,24,tou,historically_calibrated,0.740365,0.125862,10.0714,10.0738,0.0,0.0024
7753,11,20,1,tou,historically_calibrated,0.740365,0.125862,9.5529,9.5553,0.0,0.0024
7754,11,20,2,tou,historically_calibrated,0.740365,0.125862,9.6005,9.6029,0.0,0.0024
7755,11,20,3,tou,historically_calibrated,0.740365,0.125862,9.5725,9.5873,0.0,0.0148
7756,11,20,4,tou,historically_calibrated,0.740365,0.125862,9.7387,9.7411,0.0,0.0024
7757,11,20,5,tou,historically_calibrated,0.740365,0.125862,9.8063,9.8211,0.0,0.0148
7758,11,20,6,tou,historically_calibrated,0.740365,0.125862,10.0474,10.0623,0.0,0.0148
7759,11,20,7,tou,historically_calibrated,0.740365,0.125862,12.4539,12.4687,0.0,0.0148
7760,11,20,8,tou,historically_calibrated,1.332657,0.226552,12.7571,12.8028,0.0,0.0457
7761,11,20,9,tou,historically_calibrated,1.332657,0.226552,12.8891,12.9975,0.0052,0.1032
7762,11,20,10,tou,historically_calibrated,1.332657,0.226552,12.8264,12.8711,0.0298,0.0148
7763,11,20,11,tou,historically_calibrated,1.332657,0.226552,12.1788,12.4578,0.0596,0.2194
7764,11,20,12,tou,historically_calibrated,1.332657,0.226552,11.9743,12.1579,0.0804,0.1032
7765,11,20,13,tou,historically_calibrated,1.332657,0.226552,11.7262,11.9176,0.0881,0.1032
7766,11,20,14,tou,historically_calibrated,1.332657,0.226552,11.6811,11.8071,0.0804,0.0457
7767,11,20,15,tou,historically_calibrated,1.332657,0.226552,12.1253,12.2869,0.0583,0.1032
7768,11,20,16,tou,historically_calibrated,1.332657,0.226552,12.6386,12.7691,0.0272,0.1032
7769,11,20,17,tou,historically_calibrated,1.332657,0.226552,13.1254,13.3486,0.0039,0.2194
7770,11,20,18,tou,historically_calibrated,1.332657,0.226552,13.8362,14.0556,0.0,0.2194
7771,11,20,19,tou,historically_calibrated,1.332657,0.226552,14.352,14.4552,0.0,0.1032
7772,11,20,20,tou,historically_calibrated,1.332657,0.226552,14.3679,14.4136,0.0,0.0457
7773,11,20,21,tou,historically_calibrated,1.332657,0.226552,13.9841,13.9841,0.0,0.0
7774,11,20,22,tou,historically_calibrated,1.332657,0.226552,13.4837,13.4837,0.0,0.0
7775,11,20,23,tou,historically_calibrated,0.740365,0.125862,13.0018,13.0018,0.0,0.0
7776,11,20,24,tou,historically_calibrated,0.740365,0.125862,10.4162,10.4162,0.0,0.0
7777,11,21,1,tou,historically_calibrated,0.740365,0.125862,9.8801,9.8801,0.0,0.0
7778,11,21,2,tou,historically_calibrated,0.740365,0.125862,10.2529,10.2529,0.0,0.0
7779,11,21,3,tou,historically_calibrated,0.740365,0.125862,10.2391,10.2391,0.0,0.0
7780,11,21,4,tou,historically_calibrated,0.740365,0.125862,10.5619,10.5619,0.0,0.0
7781,11,21,5,tou,historically_calibrated,0.740365,0.125862,10.9478,10.9478,0.0,0.0
7782,11,21,6,tou,historically_calibrated,0.740365,0.125862,11.2215,11.2215,0.0,0.0
7783,11,21,7,tou,historically_calibrated,0.740365,0.125862,14.0717,14.0717,0.0,0.0
7784,11,21,8,tou,historically_calibrated,1.332657,0.226552,14.5035,14.5035,0.0,0.0
7785,11,21,9,tou,historically_calibrated,1.332657,0.226552,14.0408,14.0512,0.0104,0.0
7786,11,21,10,tou,historically_calibrated,1.332657,0.226552,13.3018,13.3653,0.0635,0.0
7787,11,21,11,tou,historically_calibrated,1.332657,0.226552,12.5439,12.6722,0.1283,0.0
7788,11,21,12,tou,historically_calibrated,1.332657,0.226552,11.9236,12.0532,0.1296,0.0
7789,11,21,13,tou,historically_calibrated,1.332657,0.226552,11.3582,11.6589,0.3007,0.0
7790,11,21,14,tou,historically_calibrated,1.332657,0.226552,11.5857,12.2244,0.2735,0.3652
7791,11,21,15,tou,historically_calibrated,1.332657,0.226552,11.9255,12.1262,0.1983,0.0024
7792,11,21,16,tou,historically_calibrated,1.332657,0.226552,12.668,12.7691,0.1011,0.0
7793,11,21,17,tou,historically_calibrated,1.332657,0.226552,13.9126,13.9281,0.0156,0.0
7794,11,21,18,tou,historically_calibrated,1.332657,0.226552,15.2499,15.2499,0.0,0.0
7795,11,21,19,tou,historically_calibrated,1.332657,0.226552,15.6026,15.6026,0.0,0.0
7796,11,21,20,tou,historically_calibrated,1.332657,0.226552,15.3093,15.3093,0.0,0.0
7797,11,21,21,tou,historically_calibrated,1.332657,0.226552,14.5056,14.5056,0.0,0.0
7798,11,21,22,tou,historically_calibrated,1.332657,0.226552,14.7633,14.7633,0.0,0.0
7799,11,21,23,tou,historically_calibrated,0.740365,0.125862,14.5511,14.5511,0.0,0.0
7800,11,21,24,tou,historically_calibrated,0.740365,0.125862,11.7858,11.7858,0.0,0.0
7801,11,22,1,tou,historically_calibrated,0.740365,0.125862,11.2604,11.2604,0.0,0.0
7802,11,22,2,tou,historically_calibrated,0.740365,0.125862,11.9999,11.9999,0.0,0.0
7803,11,22,3,tou,historically_calibrated,0.740365,0.125862,12.0721,12.0721,0.0,0.0
7804,11,22,4,tou,historically_calibrated,0.740365,0.125862,12.2856,12.2856,0.0,0.0
7805,11,22,5,tou,historically_calibrated,0.740365,0.125862,11.9075,11.9075,0.0,0.0
7806,11,22,6,tou,historically_calibrated,0.740365,0.125862,12.5095,12.5095,0.0,0.0
7807,11,22,7,tou,historically_calibrated,0.740365,0.125862,15.3006,15.3006,0.0,0.0
7808,11,22,8,tou,historically_calibrated,1.332657,0.226552,15.6007,15.6007,0.0,0.0
7809,11,22,9,tou,historically_calibrated,1.332657,0.226552,15.8129,15.8258,0.013,0.0
7810,11,22,10,tou,historically_calibrated,1.332657,0.226552,14.7872,14.8481,0.0609,0.0
7811,11,22,11,tou,historically_calibrated,1.332657,0.226552,13.2971,13.4228,0.1257,0.0
7812,11,22,12,tou,historically_calibrated,1.332657,0.226552,12.4712,12.6811,0.21,0.0
7813,11,22,13,tou,historically_calibrated,1.332657,0.226552,11.4813,11.7106,0.2294,0.0
7814,11,22,14,tou,historically_calibrated,1.332657,0.226552,11.4604,11.7028,0.2424,0.0
7815,11,22,15,tou,historically_calibrated,1.332657,0.226552,11.8441,12.019,0.175,0.0
7816,11,22,16,tou,historically_calibrated,1.332657,0.226552,12.6318,12.7134,0.0816,0.0
7817,11,22,17,tou,historically_calibrated,1.332657,0.226552,13.9151,13.9281,0.013,0.0
7818,11,22,18,tou,historically_calibrated,1.332657,0.226552,14.7722,14.7722,0.0,0.0
7819,11,22,19,tou,historically_calibrated,1.332657,0.226552,15.7234,15.7234,0.0,0.0
7820,11,22,20,tou,historically_calibrated,1.332657,0.226552,16.3245,16.3245,0.0,0.0
7821,11,22,21,tou,historically_calibrated,1.332657,0.226552,16.1858,16.1858,0.0,0.0
7822,11,22,22,tou,historically_calibrated,1.332657,0.226552,16.0404,16.0429,0.0,0.0024
7823,11,22,23,tou,historically_calibrated,0.740365,0.125862,15.1388,15.1388,0.0,0.0
7824,11,22,24,tou,historically_calibrated,0.740365,0.125862,12.4707,12.4707,0.0,0.0
7825,11,23,1,tou,historically_calibrated,0.740365,0.125862,12.07,12.0724,0.0,0.0024
7826,11,23,2,tou,historically_calibrated,0.740365,0.125862,12.0812,12.0812,0.0,0.0
7827,11,23,3,tou,historically_calibrated,0.740365,0.125862,12.1104,12.1128,0.0,0.0024
7828,11,23,4,tou,historically_calibrated,0.740365,0.125862,12.1476,12.1624,0.0,0.0148
7829,11,23,5,tou,historically_calibrated,0.740365,0.125862,12.3641,12.3665,0.0,0.0024
7830,11,23,6,tou,historically_calibrated,0.740365,0.125862,12.5501,12.5525,0.0,0.0024
7831,11,23,7,tou,historically_calibrated,0.740365,0.125862,15.5143,15.5143,0.0,0.0
7832,11,23,8,tou,historically_calibrated,1.332657,0.226552,15.6007,15.6007,0.0,0.0
7833,11,23,9,tou,historically_calibrated,1.332657,0.226552,15.5923,15.604,0.0117,0.0
7834,11,23,10,tou,historically_calibrated,1.332657,0.226552,15.1864,15.2875,0.1011,0.0
7835,11,23,11,tou,historically_calibrated,1.332657,0.226552,13.787,14.0125,0.2255,0.0
7836,11,23,12,tou,historically_calibrated,1.332657,0.226552,12.3203,12.6288,0.3084,0.0
7837,11,23,13,tou,historically_calibrated,1.332657,0.226552,11.3737,11.7106,0.337,0.0
7838,11,23,14,tou,historically_calibrated,1.332657,0.226552,11.1361,11.442,0.3059,0.0
7839,11,23,15,tou,historically_calibrated,1.332657,0.226552,12.0665,12.2869,0.2203,0.0
7840,11,23,16,tou,historically_calibrated,1.332657,0.226552,12.9476,13.0474,0.0998,0.0
7841,11,23,17,tou,historically_calibrated,1.332657,0.226552,14.3182,14.3337,0.0156,0.0
7842,11,23,18,tou,historically_calibrated,1.332657,0.226552,15.4291,15.4291,0.0,0.0
7843,11,23,19,tou,historically_calibrated,1.332657,0.226552,16.0858,16.0858,0.0,0.0
7844,11,23,20,tou,historically_calibrated,1.332657,0.226552,16.2051,16.2051,0.0,0.0
7845,11,23,21,tou,historically_calibrated,1.332657,0.226552,15.8381,15.8381,0.0,0.0
7846,11,23,22,tou,historically_calibrated,1.332657,0.226552,15.8203,15.8203,0.0,0.0
7847,11,23,23,tou,historically_calibrated,0.740365,0.125862,15.2991,15.2991,0.0,0.0
7848,11,23,24,tou,historically_calibrated,0.740365,0.125862,12.4279,12.4279,0.0,0.0
7849,11,24,1,tou,historically_calibrated,0.740365,0.125862,11.0319,11.0319,0.0,0.0
7850,11,24,2,tou,historically_calibrated,0.740365,0.125862,11.2268,11.2268,0.0,0.0
7851,11,24,3,tou,historically_calibrated,0.740365,0.125862,11.3312,11.3312,0.0,0.0
7852,11,24,4,tou,historically_calibrated,0.740365,0.125862,11.8313,11.8313,0.0,0.0
7853,11,24,5,tou,historically_calibrated,0.740365,0.125862,11.8763,11.8763,0.0,0.0
7854,11,24,6,tou,historically_calibrated,0.740365,0.125862,11.8248,11.8248,0.0,0.0
7855,11,24,7,tou,historically_calibrated,0.740365,0.125862,15.797,15.797,0.0,0.0
7856,11,24,8,tou,historically_calibrated,0.740365,0.125862,15.9173,15.9173,0.0,0.0
7857,11,24,9,tou,historically_calibrated,0.740365,0.125862,15.8708,15.8863,0.0156,0.0
7858,11,24,10,tou,historically_calibrated,0.740365,0.125862,14.9338,15.0245,0.0907,0.0
7859,11,24,11,tou,historically_calibrated,0.740365,0.125862,13.7812,13.9767,0.1931,0.0024
7860,11,24,12,tou,historically_calibrated,0.740365,0.125862,13.0856,13.2551,0.1672,0.0024
7861,11,24,13,tou,historically_calibrated,0.740365,0.125862,12.1945,12.392,0.1827,0.0148
7862,11,24,14,tou,historically_calibrated,0.740365,0.125862,11.4893,11.7263,0.2346,0.0024
7863,11,24,15,tou,historically_calibrated,0.740365,0.125862,11.5297,11.6489,0.1192,0.0
7864,11,24,16,tou,historically_calibrated,0.740365,0.125862,12.3276,12.4134,0.0402,0.0457
7865,11,24,17,tou,historically_calibrated,0.740365,0.125862,12.8038,13.0271,0.0039,0.2194
7866,11,24,18,tou,historically_calibrated,0.740365,0.125862,13.5206,13.5355,0.0,0.0148
7867,11,24,19,tou,historically_calibrated,0.740365,0.125862,13.5289,13.6322,0.0,0.1032
7868,11,24,20,tou,historically_calibrated,0.740365,0.125862,13.4257,13.6451,0.0,0.2194
7869,11,24,21,tou,historically_calibrated,0.740365,0.125862,13.1704,13.1852,0.0,0.0148
7870,11,24,22,tou,historically_calibrated,0.740365,0.125862,12.097,12.2003,0.0,0.1032
7871,11,24,23,tou,historically_calibrated,0.740365,0.125862,11.2194,11.3227,0.0,0.1032
7872,11,24,24,tou,historically_calibrated,0.740365,0.125862,7.7564,8.9135,0.0,1.1571
7873,11,25,1,tou,historically_calibrated,0.740365,0.125862,7.2229,8.38,0.0,1.1571
7874,11,25,2,tou,historically_calibrated,0.740365,0.125862,6.7442,8.3114,0.0,1.5671
7875,11,25,3,tou,historically_calibrated,0.740365,0.125862,7.2076,8.0334,0.0,0.8257
7876,11,25,4,tou,historically_calibrated,0.740365,0.125862,7.0034,7.8292,0.0,0.8257
7877,11,25,5,tou,historically_calibrated,0.740365,0.125862,7.0196,7.8454,0.0,0.8257
7878,11,25,6,tou,historically_calibrated,0.740365,0.125862,7.0096,7.8353,0.0,0.8257
7879,11,25,7,tou,historically_calibrated,0.740365,0.125862,8.6793,9.505,0.0,0.8257
7880,11,25,8,tou,historically_calibrated,0.740365,0.125862,9.2455,9.8101,0.0,0.5645
7881,11,25,9,tou,historically_calibrated,0.740365,0.125862,9.0932,9.6617,0.0039,0.5645
7882,11,25,10,tou,historically_calibrated,0.740365,0.125862,7.6223,9.214,0.0246,1.5671
7883,11,25,11,tou,historically_calibrated,0.740365,0.125862,6.4338,8.551,0.0531,2.0641
7884,11,25,12,tou,historically_calibrated,0.740365,0.125862,6.6079,8.2489,0.0739,1.5671
7885,11,25,13,tou,historically_calibrated,0.740365,0.125862,7.0596,7.9657,0.0804,0.8257
7886,11,25,14,tou,historically_calibrated,0.740365,0.125862,4.8839,7.7434,0.0726,2.7869
7887,11,25,15,tou,historically_calibrated,0.740365,0.125862,5.014,7.854,0.0531,2.7869
7888,11,25,16,tou,historically_calibrated,0.740365,0.125862,7.033,8.2135,0.0233,1.1571
7889,11,25,17,tou,historically_calibrated,0.740365,0.125862,7.2814,8.4424,0.0039,1.1571
7890,11,25,18,tou,historically_calibrated,0.740365,0.125862,7.0786,8.6457,0.0,1.5671
7891,11,25,19,tou,historically_calibrated,0.740365,0.125862,5.845,8.6318,0.0,2.7869
7892,11,25,20,tou,historically_calibrated,0.740365,0.125862,5.3642,8.1511,0.0,2.7869
7893,11,25,21,tou,historically_calibrated,0.740365,0.125862,4.4037,7.9082,0.0,3.5045
7894,11,25,22,tou,historically_calibrated,0.740365,0.125862,3.2068,7.5426,0.0,4.3358
7895,11,25,23,tou,historically_calibrated,0.740365,0.125862,-0.2047,7.3906,0.0,7.5953
7896,11,25,24,tou,historically_calibrated,0.740365,0.125862,-0.3338,6.039,0.0,6.3728
7897,11,26,1,tou,historically_calibrated,0.740365,0.125862,-2.0205,6.1045,0.0,8.125
7898,11,26,2,tou,historically_calibrated,0.740365,0.125862,-2.0973,6.0277,0.0,8.125
7899,11,26,3,tou,historically_calibrated,0.740365,0.125862,-2.163,5.962,0.0,8.125
7900,11,26,4,tou,historically_calibrated,0.740365,0.125862,-0.2841,6.0887,0.0,6.3728
7901,11,26,5,tou,historically_calibrated,0.740365,0.125862,1.8551,6.1908,0.0,4.3358
7902,11,26,6,tou,historically_calibrated,0.740365,0.125862,-1.6692,6.4558,0.0,8.125
7903,11,26,7,tou,historically_calibrated,0.740365,0.125862,0.1227,8.2477,0.0,8.125
7904,11,26,8,tou,historically_calibrated,1.332657,0.226552,0.3985,8.5235,0.0,8.125
7905,11,26,9,tou,historically_calibrated,1.332657,0.226552,0.5983,8.7272,0.0039,8.125
7906,11,26,10,tou,historically_calibrated,1.332657,0.226552,0.5489,8.6972,0.0233,8.125
7907,11,26,11,tou,historically_calibrated,1.332657,0.226552,2.7742,8.1151,0.0518,5.2891
7908,11,26,12,tou,historically_calibrated,1.332657,0.226552,1.2941,7.7628,0.0959,6.3728
7909,11,26,13,tou,historically_calibrated,1.332657,0.226552,-0.2047,7.5202,0.1296,7.5953
7910,11,26,14,tou,historically_calibrated,1.332657,0.226552,2.123,7.53,0.1179,5.2891
7911,11,26,15,tou,historically_calibrated,1.332657,0.226552,6.4035,8.0549,0.0842,1.5671
7912,11,26,16,tou,historically_calibrated,1.332657,0.226552,7.619,8.4823,0.0376,0.8257
7913,11,26,17,tou,historically_calibrated,1.332657,0.226552,8.8363,8.9448,0.0052,0.1032
7914,11,26,18,tou,historically_calibrated,1.332657,0.226552,8.8796,9.0989,0.0,0.2194
7915,11,26,19,tou,historically_calibrated,1.332657,0.226552,8.6171,9.4428,0.0,0.8257
7916,11,26,20,tou,historically_calibrated,1.332657,0.226552,9.2974,9.5167,0.0,0.2194
7917,11,26,21,tou,historically_calibrated,1.332657,0.226552,9.3617,9.465,0.0,0.1032
7918,11,26,22,tou,historically_calibrated,1.332657,0.226552,8.3571,8.9217,0.0,0.5645
7919,11,26,23,tou,historically_calibrated,0.740365,0.125862,4.2082,7.7127,0.0,3.5045
7920,11,26,24,tou,historically_calibrated,0.740365,0.125862,0.5902,5.8793,0.0,5.2891
7921,11,27,1,tou,historically_calibrated,0.740365,0.125862,-0.8367,5.5361,0.0,6.3728
7922,11,27,2,tou,historically_calibrated,0.740365,0.125862,-0.792,5.5808,0.0,6.3728
7923,11,27,3,tou,historically_calibrated,0.740365,0.125862,-2.5704,5.5546,0.0,8.125
7924,11,27,4,tou,historically_calibrated,0.740365,0.125862,-1.749,6.376,0.0,8.125
7925,11,27,5,tou,historically_calibrated,0.740365,0.125862,-0.9744,7.1506,0.0,8.125
7926,11,27,6,tou,historically_calibrated,0.740365,0.125862,-1.0681,7.0569,0.0,8.125
7927,11,27,7,tou,historically_calibrated,0.740365,0.125862,1.2448,9.3698,0.0,8.125
7928,11,27,8,tou,historically_calibrated,1.332657,0.226552,1.3312,9.4562,0.0,8.125
7929,11,27,9,tou,historically_calibrated,1.332657,0.226552,1.5952,9.7254,0.0052,8.125
7930,11,27,10,tou,historically_calibrated,1.332657,0.226552,1.5232,9.6857,0.0376,8.125
7931,11,27,11,tou,historically_calibrated,1.332657,0.226552,1.225,9.4018,0.0518,8.125
7932,11,27,12,tou,historically_calibrated,1.332657,0.226552,1.1362,9.3325,0.0713,8.125
7933,11,27,13,tou,historically_calibrated,1.332657,0.226552,4.5836,9.9517,0.0791,5.2891
7934,11,27,14,tou,historically_calibrated,1.332657,0.226552,5.5745,9.9815,0.0713,4.3358
7935,11,27,15,tou,historically_calibrated,1.332657,0.226552,5.7029,10.0905,0.0518,4.3358
7936,11,27,16,tou,historically_calibrated,1.332657,0.226552,5.0628,10.3752,0.0233,5.2891
7937,11,27,17,tou,historically_calibrated,1.332657,0.226552,6.4607,10.799,0.0026,4.3358
7938,11,27,18,tou,historically_calibrated,1.332657,0.226552,8.4619,11.2488,0.0,2.7869
7939,11,27,19,tou,historically_calibrated,1.332657,0.226552,9.1905,11.2545,0.0,2.0641
7940,11,27,20,tou,historically_calibrated,1.332657,0.226552,9.1845,11.2485,0.0,2.0641
7941,11,27,21,tou,historically_calibrated,1.332657,0.226552,9.4666,10.6237,0.0,1.1571
7942,11,27,22,tou,historically_calibrated,1.332657,0.226552,9.0998,10.2569,0.0,1.1571
7943,11,27,23,tou,historically_calibrated,0.740365,0.125862,7.9993,10.0634,0.0,2.0641
7944,11,27,24,tou,historically_calibrated,0.740365,0.125862,7.1508,7.9766,0.0,0.8257
7945,11,28,1,tou,historically_calibrated,0.740365,0.125862,6.3276,7.4848,0.0,1.1571
7946,11,28,2,tou,historically_calibrated,0.740365,0.125862,6.2925,7.4496,0.0,1.1571
7947,11,28,3,tou,historically_calibrated,0.740365,0.125862,6.6434,7.4692,0.0,0.8257
7948,11,28,4,tou,historically_calibrated,0.740365,0.125862,6.9605,7.525,0.0,0.5645
7949,11,28,5,tou,historically_calibrated,0.740365,0.125862,7.3278,7.693,0.0,0.3652
7950,11,28,6,tou,historically_calibrated,0.740365,0.125862,7.6532,7.8726,0.0,0.2194
7951,11,28,7,tou,historically_calibrated,0.740365,0.125862,9.393,9.9575,0.0,0.5645
7952,11,28,8,tou,historically_calibrated,1.332657,0.226552,9.6048,10.1694,0.0,0.5645
7953,11,28,9,tou,historically_calibrated,1.332657,0.226552,9.2312,10.3909,0.0026,1.1571
7954,11,28,10,tou,historically_calibrated,1.332657,0.226552,8.6864,10.2899,0.0363,1.5671
7955,11,28,11,tou,historically_calibrated,1.332657,0.226552,8.2892,9.9379,0.0816,1.5671
7956,11,28,12,tou,historically_calibrated,1.332657,0.226552,8.7576,9.6987,0.1153,0.8257
7957,11,28,13,tou,historically_calibrated,1.332657,0.226552,8.2613,9.5896,0.1711,1.1571
7958,11,28,14,tou,historically_calibrated,1.332657,0.226552,8.3961,9.6686,0.1153,1.1571
7959,11,28,15,tou,historically_calibrated,1.332657,0.226552,9.1296,10.037,0.0816,0.8257
7960,11,28,16,tou,historically_calibrated,1.332657,0.226552,10.252,10.6535,0.0363,0.3652
7961,11,28,17,tou,historically_calibrated,1.332657,0.226552,11.8193,12.1897,0.0052,0.3652
7962,11,28,18,tou,historically_calibrated,1.332657,0.226552,11.9816,12.0849,0.0,0.1032
7963,11,28,19,tou,historically_calibrated,1.332657,0.226552,11.777,12.3416,0.0,0.5645
7964,11,28,20,tou,historically_calibrated,1.332657,0.226552,11.438,12.2637,0.0,0.8257
7965,11,28,21,tou,historically_calibrated,1.332657,0.226552,11.7394,12.3039,0.0,0.5645
7966,11,28,22,tou,historically_calibrated,1.332657,0.226552,11.7066,11.9259,0.0,0.2194
7967,11,28,23,tou,historically_calibrated,0.740365,0.125862,11.5629,11.6661,0.0,0.1032
7968,11,28,24,tou,historically_calibrated,0.740365,0.125862,9.4289,9.4746,0.0,0.0457
7969,11,29,1,tou,historically_calibrated,0.740365,0.125862,9.1037,9.1493,0.0,0.0457
7970,11,29,2,tou,historically_calibrated,0.740365,0.125862,9.1103,9.156,0.0,0.0457
7971,11,29,3,tou,historically_calibrated,0.740365,0.125862,9.0936,9.1392,0.0,0.0457
7972,11,29,4,tou,historically_calibrated,0.740365,0.125862,8.9978,9.0435,0.0,0.0457
7973,11,29,5,tou,historically_calibrated,0.740365,0.125862,8.9251,9.0283,0.0,0.1032
7974,11,29,6,tou,historically_calibrated,0.740365,0.125862,9.2418,9.4612,0.0,0.2194
7975,11,29,7,tou,historically_calibrated,0.740365,0.125862,11.8888,11.9344,0.0,0.0457
7976,11,29,8,tou,historically_calibrated,1.332657,0.226552,12.0412,12.1444,0.0,0.1032
7977,11,29,9,tou,historically_calibrated,1.332657,0.226552,12.4241,12.4429,0.0039,0.0148
7978,11,29,10,tou,historically_calibrated,1.332657,0.226552,12.0765,12.1571,0.035,0.0457
7979,11,29,11,tou,historically_calibrated,1.332657,0.226552,11.0474,11.4391,0.1724,0.2194
7980,11,29,12,tou,historically_calibrated,1.332657,0.226552,10.1401,10.4312,0.1879,0.1032
7981,11,29,13,tou,historically_calibrated,1.332657,0.226552,10.1067,10.4173,0.2074,0.1032
7982,11,29,14,tou,historically_calibrated,1.332657,0.226552,10.0224,10.1902,0.1529,0.0148
7983,11,29,15,tou,historically_calibrated,1.332657,0.226552,10.8203,10.9476,0.0816,0.0457
7984,11,29,16,tou,historically_calibrated,1.332657,0.226552,11.675,11.7113,0.0363,0.0
7985,11,29,17,tou,historically_calibrated,1.332657,0.226552,12.3584,12.3636,0.0052,0.0
7986,11,29,18,tou,historically_calibrated,1.332657,0.226552,12.9209,12.9209,0.0,0.0
7987,11,29,19,tou,historically_calibrated,1.332657,0.226552,13.187,13.187,0.0,0.0
7988,11,29,20,tou,historically_calibrated,1.332657,0.226552,13.1595,13.1595,0.0,0.0
7989,11,29,21,tou,historically_calibrated,1.332657,0.226552,13.3468,13.3468,0.0,0.0
7990,11,29,22,tou,historically_calibrated,1.332657,0.226552,13.5393,13.5393,0.0,0.0
7991,11,29,23,tou,historically_calibrated,0.740365,0.125862,12.8949,12.8949,0.0,0.0
7992,11,29,24,tou,historically_calibrated,0.740365,0.125862,10.245,10.245,0.0,0.0
7993,11,30,1,tou,historically_calibrated,0.740365,0.125862,9.6365,9.6365,0.0,0.0
7994,11,30,2,tou,historically_calibrated,0.740365,0.125862,9.7654,9.7654,0.0,0.0
7995,11,30,3,tou,historically_calibrated,0.740365,0.125862,9.8317,9.8317,0.0,0.0
7996,11,30,4,tou,historically_calibrated,0.740365,0.125862,9.7822,9.7822,0.0,0.0
7997,11,30,5,tou,historically_calibrated,0.740365,0.125862,9.988,9.9881,0.0,0.0
7998,11,30,6,tou,historically_calibrated,0.740365,0.125862,10.2745,10.2769,0.0,0.0024
7999,11,30,7,tou,historically_calibrated,0.740365,0.125862,13.1099,13.1099,0.0,0.0
8000,11,30,8,tou,historically_calibrated,1.332657,0.226552,14.0097,14.0097,0.0,0.0
8001,11,30,9,tou,historically_calibrated,1.332657,0.226552,13.7687,13.7739,0.0052,0.0
8002,11,30,10,tou,historically_calibrated,1.332657,0.226552,12.9997,13.0358,0.0337,0.0024
8003,11,30,11,tou,historically_calibrated,1.332657,0.226552,12.467,12.6186,0.1516,0.0
8004,11,30,12,tou,historically_calibrated,1.332657,0.226552,11.8143,12.0009,0.1866,0.0
8005,11,30,13,tou,historically_calibrated,1.332657,0.226552,11.5239,11.7624,0.2385,0.0
8006,11,30,14,tou,historically_calibrated,1.332657,0.226552,11.1145,11.3898,0.2605,0.0148
8007,11,30,15,tou,historically_calibrated,1.332657,0.226552,11.3906,11.5905,0.1542,0.0457
8008,11,30,16,tou,historically_calibrated,1.332657,0.226552,12.0835,12.1567,0.0583,0.0148
8009,11,30,17,tou,historically_calibrated,1.332657,0.226552,13.5261,13.6384,0.0091,0.1032
8010,11,30,18,tou,historically_calibrated,1.332657,0.226552,14.9514,14.9514,0.0,0.0
8011,11,30,19,tou,historically_calibrated,1.332657,0.226552,15.3007,15.3007,0.0,0.0
8012,11,30,20,tou,historically_calibrated,1.332657,0.226552,15.5482,15.5482,0.0,0.0
8013,11,30,21,tou,historically_calibrated,1.332657,0.226552,15.4326,15.4326,0.0,0.0
8014,11,30,22,tou,historically_calibrated,1.332657,0.226552,15.1503,15.1527,0.0,0.0024
8015,11,30,23,tou,historically_calibrated,0.740365,0.125862,14.8158,14.8182,0.0,0.0024
8016,11,30,24,tou,historically_calibrated,0.740365,0.125862,11.957,11.9571,0.0,0.0
8017,12,1,1,tou,historically_calibrated,0.740365,0.125862,10.4343,10.4343,0.0,0.0
8018,12,1,2,tou,historically_calibrated,0.740365,0.125862,10.3934,10.4045,0.0,0.0111
8019,12,1,3,tou,historically_calibrated,0.740365,0.125862,10.3832,10.3943,0.0,0.0111
8020,12,1,4,tou,historically_calibrated,0.740365,0.125862,10.4609,10.4721,0.0,0.0111
8021,12,1,5,tou,historically_calibrated,0.740365,0.125862,10.7134,10.7246,0.0,0.0111
8022,12,1,6,tou,historically_calibrated,0.740365,0.125862,10.9851,11.0743,0.0,0.0892
8023,12,1,7,tou,historically_calibrated,0.740365,0.125862,13.8687,13.8799,0.0,0.0111
8024,12,1,8,tou,historically_calibrated,0.740365,0.125862,14.392,14.4031,0.0,0.0111
8025,12,1,9,tou,historically_calibrated,0.740365,0.125862,14.6481,14.6618,0.0026,0.0111
8026,12,1,10,tou,historically_calibrated,0.740365,0.125862,14.534,14.5698,0.0246,0.0111
8027,12,1,11,tou,historically_calibrated,0.740365,0.125862,13.9811,14.1246,0.0544,0.0892
8028,12,1,12,tou,historically_calibrated,0.740365,0.125862,13.5722,13.7365,0.0752,0.0892
8029,12,1,13,tou,historically_calibrated,0.740365,0.125862,13.436,13.5819,0.1348,0.0111
8030,12,1,14,tou,historically_calibrated,0.740365,0.125862,13.4635,13.5978,0.1231,0.0111
8031,12,1,15,tou,historically_calibrated,0.740365,0.125862,13.9345,14.1131,0.0894,0.0892
8032,12,1,16,tou,historically_calibrated,0.740365,0.125862,14.6543,14.7694,0.0259,0.0892
8033,12,1,17,tou,historically_calibrated,0.740365,0.125862,15.3863,15.4794,0.0039,0.0892
8034,12,1,18,tou,historically_calibrated,0.740365,0.125862,15.9736,16.0628,0.0,0.0892
8035,12,1,19,tou,historically_calibrated,0.740365,0.125862,16.1543,16.2434,0.0,0.0892
8036,12,1,20,tou,historically_calibrated,0.740365,0.125862,16.1062,16.1173,0.0,0.0111
8037,12,1,21,tou,historically_calibrated,0.740365,0.125862,15.7079,15.7971,0.0,0.0892
8038,12,1,22,tou,historically_calibrated,0.740365,0.125862,15.2713,15.2713,0.0,0.0
8039,12,1,23,tou,historically_calibrated,0.740365,0.125862,14.7724,14.8616,0.0,0.0892
8040,12,1,24,tou,historically_calibrated,0.740365,0.125862,11.9344,11.9455,0.0,0.0111
8041,12,2,1,tou,historically_calibrated,0.740365,0.125862,11.4316,11.4427,0.0,0.0111
8042,12,2,2,tou,historically_calibrated,0.740365,0.125862,11.3619,11.4511,0.0,0.0892
8043,12,2,3,tou,historically_calibrated,0.740365,0.125862,11.1802,11.4811,0.0,0.3009
8044,12,2,4,tou,historically_calibrated,0.740365,0.125862,11.4401,11.5292,0.0,0.0892
8045,12,2,5,tou,historically_calibrated,0.740365,0.125862,11.5753,11.8763,0.0,0.3009
8046,12,2,6,tou,historically_calibrated,0.740365,0.125862,12.2096,12.2988,0.0,0.0892
8047,12,2,7,tou,historically_calibrated,0.740365,0.125862,15.2654,15.3546,0.0,0.0892
8048,12,2,8,tou,historically_calibrated,0.740365,0.125862,15.8557,15.8668,0.0,0.0111
8049,12,2,9,tou,historically_calibrated,0.740365,0.125862,15.8966,15.9884,0.0026,0.0892
8050,12,2,10,tou,historically_calibrated,0.740365,0.125862,15.8489,15.8834,0.0233,0.0111
8051,12,2,11,tou,historically_calibrated,0.740365,0.125862,15.2311,15.4071,0.0868,0.0892
8052,12,2,12,tou,historically_calibrated,0.740365,0.125862,14.8663,14.9881,0.1218,0.0
8053,12,2,13,tou,historically_calibrated,0.740365,0.125862,14.4831,14.629,0.1348,0.0111
8054,12,2,14,tou,historically_calibrated,0.740365,0.125862,14.6152,14.7495,0.1231,0.0111
8055,12,2,15,tou,historically_calibrated,0.740365,0.125862,14.9601,15.0495,0.0894,0.0
8056,12,2,16,tou,historically_calibrated,0.740365,0.125862,15.7011,15.7425,0.0415,0.0
8057,12,2,17,tou,historically_calibrated,0.740365,0.125862,16.2738,16.279,0.0052,0.0
8058,12,2,18,tou,historically_calibrated,0.740365,0.125862,16.8319,16.8319,0.0,0.0
8059,12,2,19,tou,historically_calibrated,0.740365,0.125862,16.9657,16.9657,0.0,0.0
8060,12,2,20,tou,historically_calibrated,0.740365,0.125862,16.7766,16.7766,0.0,0.0
8061,12,2,21,tou,historically_calibrated,0.740365,0.125862,16.2235,16.2235,0.0,0.0
8062,12,2,22,tou,historically_calibrated,0.740365,0.125862,15.5272,15.5272,0.0,0.0
8063,12,2,23,tou,historically_calibrated,0.740365,0.125862,14.8616,14.8616,0.0,0.0
8064,12,2,24,tou,historically_calibrated,0.740365,0.125862,11.9455,11.9455,0.0,0.0
8065,12,3,1,tou,historically_calibrated,0.740365,0.125862,12.2754,12.2754,0.0,0.0
8066,12,3,2,tou,historically_calibrated,0.740365,0.125862,12.2843,12.2843,0.0,0.0
8067,12,3,3,tou,historically_calibrated,0.740365,0.125862,12.3165,12.3165,0.0,0.0
8068,12,3,4,tou,historically_calibrated,0.740365,0.125862,12.4087,12.4087,0.0,0.0
8069,12,3,5,tou,historically_calibrated,0.740365,0.125862,12.7003,12.7003,0.0,0.0
8070,12,3,6,tou,historically_calibrated,0.740365,0.125862,13.0248,13.0248,0.0,0.0
8071,12,3,7,tou,historically_calibrated,0.740365,0.125862,16.2623,16.2623,0.0,0.0
8072,12,3,8,tou,historically_calibrated,1.332657,0.226552,16.698,16.698,0.0,0.0
8073,12,3,9,tou,historically_calibrated,1.332657,0.226552,16.8215,16.8241,0.0026,0.0
8074,12,3,10,tou,historically_calibrated,1.332657,0.226552,16.6371,16.6605,0.0233,0.0
8075,12,3,11,tou,historically_calibrated,1.332657,0.226552,16.1052,16.1571,0.0518,0.0
8076,12,3,12,tou,historically_calibrated,1.332657,0.226552,15.5373,15.6112,0.0739,0.0
8077,12,3,13,tou,historically_calibrated,1.332657,0.226552,15.2504,15.332,0.0816,0.0
8078,12,3,14,tou,historically_calibrated,1.332657,0.226552,15.3844,15.4583,0.0739,0.0
8079,12,3,15,tou,historically_calibrated,1.332657,0.226552,15.768,15.8224,0.0544,0.0
8080,12,3,16,tou,historically_calibrated,1.332657,0.226552,16.4188,16.4434,0.0246,0.0
8081,12,3,17,tou,historically_calibrated,1.332657,0.226552,17.0546,17.0572,0.0026,0.0
8082,12,3,18,tou,historically_calibrated,1.332657,0.226552,17.6387,17.6387,0.0,0.0
8083,12,3,19,tou,historically_calibrated,1.332657,0.226552,18.0182,18.0182,0.0,0.0
8084,12,3,20,tou,historically_calibrated,1.332657,0.226552,17.9369,17.9369,0.0,0.0
8085,12,3,21,tou,historically_calibrated,1.332657,0.226552,17.4025,17.4025,0.0,0.0
8086,12,3,22,tou,historically_calibrated,1.332657,0.226552,16.7661,16.7661,0.0,0.0
8087,12,3,23,tou,historically_calibrated,0.740365,0.125862,15.9936,15.9936,0.0,0.0
8088,12,3,24,tou,historically_calibrated,0.740365,0.125862,12.7275,12.7275,0.0,0.0
8089,12,4,1,tou,historically_calibrated,0.740365,0.125862,12.113,12.113,0.0,0.0
8090,12,4,2,tou,historically_calibrated,0.740365,0.125862,12.1218,12.1218,0.0,0.0
8091,12,4,3,tou,historically_calibrated,0.740365,0.125862,12.235,12.235,0.0,0.0
8092,12,4,4,tou,historically_calibrated,0.740365,0.125862,12.3266,12.3266,0.0,0.0
8093,12,4,5,tou,historically_calibrated,0.740365,0.125862,12.5752,12.5752,0.0,0.0
8094,12,4,6,tou,historically_calibrated,0.740365,0.125862,12.9389,12.9389,0.0,0.0
8095,12,4,7,tou,historically_calibrated,0.740365,0.125862,16.102,16.102,0.0,0.0
8096,12,4,8,tou,historically_calibrated,1.332657,0.226552,16.4785,16.4785,0.0,0.0
8097,12,4,9,tou,historically_calibrated,1.332657,0.226552,16.4221,16.4359,0.0026,0.0111
8098,12,4,10,tou,historically_calibrated,1.332657,0.226552,15.9683,16.0014,0.022,0.0111
8099,12,4,11,tou,historically_calibrated,1.332657,0.226552,15.3191,15.4601,0.0518,0.0892
8100,12,4,12,tou,historically_calibrated,1.332657,0.226552,14.3053,14.5124,0.1179,0.0892
8101,12,4,13,tou,historically_calibrated,1.332657,0.226552,13.3468,13.5731,0.2151,0.0111
8102,12,4,14,tou,historically_calibrated,1.332657,0.226552,12.924,13.1633,0.2281,0.0111
8103,12,4,15,tou,historically_calibrated,1.332657,0.226552,13.2754,13.4654,0.1788,0.0111
8104,12,4,16,tou,historically_calibrated,1.332657,0.226552,13.8402,13.9382,0.0868,0.0111
8105,12,4,17,tou,historically_calibrated,1.332657,0.226552,14.8324,14.8552,0.0117,0.0111
8106,12,4,18,tou,historically_calibrated,1.332657,0.226552,15.4777,15.4888,0.0,0.0111
8107,12,4,19,tou,historically_calibrated,1.332657,0.226552,15.6026,15.6026,0.0,0.0
8108,12,4,20,tou,historically_calibrated,1.332657,0.226552,15.7759,15.7871,0.0,0.0111
8109,12,4,21,tou,historically_calibrated,1.332657,0.226552,15.6643,15.6643,0.0,0.0
8110,12,4,22,tou,historically_calibrated,1.332657,0.226552,14.7297,14.8189,0.0,0.0892
8111,12,4,23,tou,historically_calibrated,0.740365,0.125862,14.4865,14.4977,0.0,0.0111
8112,12,4,24,tou,historically_calibrated,0.740365,0.125862,11.8603,11.8714,0.0,0.0111
8113,12,5,1,tou,historically_calibrated,0.740365,0.125862,11.0089,11.098,0.0,0.0892
8114,12,5,2,tou,historically_calibrated,0.740365,0.125862,11.42,11.4311,0.0,0.0111
8115,12,5,3,tou,historically_calibrated,0.740365,0.125862,11.2824,11.5833,0.0,0.3009
8116,12,5,4,tou,historically_calibrated,0.740365,0.125862,11.328,11.6289,0.0,0.3009
8117,12,5,5,tou,historically_calibrated,0.740365,0.125862,11.8601,11.9492,0.0,0.0892
8118,12,5,6,tou,historically_calibrated,0.740365,0.125862,12.2408,12.2519,0.0,0.0111
8119,12,5,7,tou,historically_calibrated,0.740365,0.125862,15.236,15.2471,0.0,0.0111
8120,12,5,8,tou,historically_calibrated,1.332657,0.226552,14.2075,15.6007,0.0,1.3932
8121,12,5,9,tou,historically_calibrated,1.332657,0.226552,15.5677,15.6595,0.0026,0.0892
8122,12,5,10,tou,historically_calibrated,1.332657,0.226552,15.0614,15.3973,0.035,0.3009
8123,12,5,11,tou,historically_calibrated,1.332657,0.226552,13.9682,14.7631,0.0816,0.7133
8124,12,5,12,tou,historically_calibrated,1.332657,0.226552,13.2119,14.7217,0.1166,1.3932
8125,12,5,13,tou,historically_calibrated,1.332657,0.226552,14.5705,14.7112,0.1296,0.0111
8126,12,5,14,tou,historically_calibrated,1.332657,0.226552,13.5255,13.9457,0.1192,0.3009
8127,12,5,15,tou,historically_calibrated,1.332657,0.226552,15.0049,15.1796,0.0855,0.0892
8128,12,5,16,tou,historically_calibrated,1.332657,0.226552,15.5026,15.5527,0.0389,0.0111
8129,12,5,17,tou,historically_calibrated,1.332657,0.226552,16.2296,16.2459,0.0052,0.0111
8130,12,5,18,tou,historically_calibrated,1.332657,0.226552,16.5614,16.8623,0.0,0.3009
8131,12,5,19,tou,historically_calibrated,1.332657,0.226552,17.2824,17.2936,0.0,0.0111
8132,12,5,20,tou,historically_calibrated,1.332657,0.226552,16.7999,17.1008,0.0,0.3009
8133,12,5,21,tou,historically_calibrated,1.332657,0.226552,16.1166,16.4175,0.0,0.3009
8134,12,5,22,tou,historically_calibrated,1.332657,0.226552,15.8424,15.9316,0.0,0.0892
8135,12,5,23,tou,historically_calibrated,0.740365,0.125862,15.1565,15.2456,0.0,0.0892
8136,12,5,24,tou,historically_calibrated,0.740365,0.125862,12.2103,12.2995,0.0,0.0892
8137,12,6,1,tou,historically_calibrated,0.740365,0.125862,11.496,11.5852,0.0,0.0892
8138,12,6,2,tou,historically_calibrated,0.740365,0.125862,11.553,11.553,0.0,0.0
8139,12,6,3,tou,historically_calibrated,0.740365,0.125862,11.8166,11.8277,0.0,0.0111
8140,12,6,4,tou,historically_calibrated,0.740365,0.125862,11.6178,11.6289,0.0,0.0111
8141,12,6,5,tou,historically_calibrated,0.740365,0.125862,11.7823,11.7823,0.0,0.0
8142,12,6,6,tou,historically_calibrated,0.740365,0.125862,12.2408,12.2519,0.0,0.0111
8143,12,6,7,tou,historically_calibrated,0.740365,0.125862,15.1403,15.1403,0.0,0.0
8144,12,6,8,tou,historically_calibrated,1.332657,0.226552,15.1824,15.2715,0.0,0.0892
8145,12,6,9,tou,historically_calibrated,1.332657,0.226552,15.3534,15.6595,0.0052,0.3009
8146,12,6,10,tou,historically_calibrated,1.332657,0.226552,15.2304,15.3973,0.0778,0.0892
8147,12,6,11,tou,historically_calibrated,1.332657,0.226552,14.7262,14.924,0.1866,0.0111
8148,12,6,12,tou,historically_calibrated,1.332657,0.226552,13.974,14.2508,0.2657,0.0111
8149,12,6,13,tou,historically_calibrated,1.332657,0.226552,13.4845,13.78,0.2955,0.0
8150,12,6,14,tou,historically_calibrated,1.332657,0.226552,13.2985,13.5806,0.2709,0.0111
8151,12,6,15,tou,historically_calibrated,1.332657,0.226552,13.2889,13.7868,0.197,0.3009
8152,12,6,16,tou,historically_calibrated,1.332657,0.226552,15.04,15.2186,0.0894,0.0892
8153,12,6,17,tou,historically_calibrated,1.332657,0.226552,15.4131,15.7244,0.0104,0.3009
8154,12,6,18,tou,historically_calibrated,1.332657,0.226552,16.4746,16.5638,0.0,0.0892
8155,12,6,19,tou,historically_calibrated,1.332657,0.226552,16.5085,16.5085,0.0,0.0
8156,12,6,20,tou,historically_calibrated,1.332657,0.226552,16.5936,16.6828,0.0,0.0892
8157,12,6,21,tou,historically_calibrated,1.332657,0.226552,15.8649,15.954,0.0,0.0892
8158,12,6,22,tou,historically_calibrated,1.332657,0.226552,15.3196,15.3196,0.0,0.0
8159,12,6,23,tou,historically_calibrated,0.740365,0.125862,14.8182,14.8182,0.0,0.0
8160,12,6,24,tou,historically_calibrated,0.740365,0.125862,11.6463,11.6574,0.0,0.0111
8161,12,7,1,tou,historically_calibrated,0.740365,0.125862,11.2118,11.301,0.0,0.0892
8162,12,7,2,tou,historically_calibrated,0.740365,0.125862,11.228,11.228,0.0,0.0
8163,12,7,3,tou,historically_calibrated,0.740365,0.125862,11.3389,11.3389,0.0,0.0
8164,12,7,4,tou,historically_calibrated,0.740365,0.125862,11.2596,11.2596,0.0,0.0
8165,12,7,5,tou,historically_calibrated,0.740365,0.125862,10.7352,11.4485,0.0,0.7133
8166,12,7,6,tou,historically_calibrated,0.740365,0.125862,11.6826,11.6938,0.0,0.0111
8167,12,7,7,tou,historically_calibrated,0.740365,0.125862,14.6482,14.6594,0.0,0.0111
8168,12,7,8,tou,historically_calibrated,1.332657,0.226552,15.1507,15.1618,0.0,0.0111
8169,12,7,9,tou,historically_calibrated,1.332657,0.226552,15.1466,15.1603,0.0026,0.0111
8170,12,7,10,tou,historically_calibrated,1.332657,0.226552,14.9694,15.0129,0.0324,0.0111
8171,12,7,11,tou,historically_calibrated,1.332657,0.226552,14.5108,14.6023,0.0804,0.0111
8172,12,7,12,tou,historically_calibrated,1.332657,0.226552,13.864,13.9892,0.114,0.0111
8173,12,7,13,tou,historically_calibrated,1.332657,0.226552,13.5901,13.7283,0.127,0.0111
8174,12,7,14,tou,historically_calibrated,1.332657,0.226552,13.7136,13.8414,0.1166,0.0111
8175,12,7,15,tou,historically_calibrated,1.332657,0.226552,14.12,14.2154,0.0842,0.0111
8176,12,7,16,tou,historically_calibrated,1.332657,0.226552,14.7543,14.8289,0.0635,0.0111
8177,12,7,17,tou,historically_calibrated,1.332657,0.226552,15.4836,15.4926,0.0091,0.0
8178,12,7,18,tou,historically_calibrated,1.332657,0.226552,16.2054,16.2054,0.0,0.0
8179,12,7,19,tou,historically_calibrated,1.332657,0.226552,16.5689,16.5689,0.0,0.0
8180,12,7,20,tou,historically_calibrated,1.332657,0.226552,16.2648,16.2648,0.0,0.0
8181,12,7,21,tou,historically_calibrated,1.332657,0.226552,15.7802,15.7802,0.0,0.0
8182,12,7,22,tou,historically_calibrated,1.332657,0.226552,16.4211,16.4323,0.0,0.0111
8183,12,7,23,tou,historically_calibrated,0.740365,0.125862,15.2991,15.2991,0.0,0.0
8184,12,7,24,tou,historically_calibrated,0.740365,0.125862,12.2995,12.2995,0.0,0.0
8185,12,8,1,tou,historically_calibrated,0.740365,0.125862,11.1813,11.1813,0.0,0.0
8186,12,8,2,tou,historically_calibrated,0.740365,0.125862,11.0773,11.0773,0.0,0.0
8187,12,8,3,tou,historically_calibrated,0.740365,0.125862,10.9564,10.9564,0.0,0.0
8188,12,8,4,tou,historically_calibrated,0.740365,0.125862,11.1517,11.1517,0.0,0.0
8189,12,8,5,tou,historically_calibrated,0.740365,0.125862,11.7883,11.7995,0.0,0.0111
8190,12,8,6,tou,historically_calibrated,0.740365,0.125862,12.1394,12.1408,0.0,0.0014
8191,12,8,7,tou,historically_calibrated,0.740365,0.125862,15.1088,15.1088,0.0,0.0
8192,12,8,8,tou,historically_calibrated,0.740365,0.125862,15.4014,15.4126,0.0,0.0111
8193,12,8,9,tou,historically_calibrated,0.740365,0.125862,15.6299,15.6312,0.0013,0.0
8194,12,8,10,tou,historically_calibrated,0.740365,0.125862,14.9939,15.0245,0.0194,0.0111
8195,12,8,11,tou,historically_calibrated,0.740365,0.125862,14.2342,14.3713,0.048,0.0892
8196,12,8,12,tou,historically_calibrated,0.740365,0.125862,13.6554,13.7365,0.07,0.0111
8197,12,8,13,tou,historically_calibrated,0.740365,0.125862,13.1598,13.2487,0.0778,0.0111
8198,12,8,14,tou,historically_calibrated,0.740365,0.125862,13.1315,13.2139,0.0713,0.0111
8199,12,8,15,tou,historically_calibrated,0.740365,0.125862,13.322,13.3738,0.0518,0.0
8200,12,8,16,tou,historically_calibrated,0.740365,0.125862,13.8754,13.8987,0.0233,0.0
8201,12,8,17,tou,historically_calibrated,0.740365,0.125862,14.4106,14.4132,0.0026,0.0
8202,12,8,18,tou,historically_calibrated,0.740365,0.125862,14.8541,14.8541,0.0,0.0
8203,12,8,19,tou,historically_calibrated,0.740365,0.125862,15.0655,15.0767,0.0,0.0111
8204,12,8,20,tou,historically_calibrated,0.740365,0.125862,14.8426,14.8537,0.0,0.0111
8205,12,8,21,tou,historically_calibrated,0.740365,0.125862,14.3753,14.4645,0.0,0.0892
8206,12,8,22,tou,historically_calibrated,0.740365,0.125862,13.749,13.8381,0.0,0.0892
8207,12,8,23,tou,historically_calibrated,0.740365,0.125862,13.2487,13.3379,0.0,0.0892
8208,12,8,24,tou,historically_calibrated,0.740365,0.125862,10.5963,10.6855,0.0,0.0892
8209,12,9,1,tou,historically_calibrated,0.740365,0.125862,9.924,10.0981,0.0,0.1741
8210,12,9,2,tou,historically_calibrated,0.740365,0.125862,9.7298,10.0307,0.0,0.3009
8211,12,9,3,tou,historically_calibrated,0.740365,0.125862,9.9304,10.0196,0.0,0.0892
8212,12,9,4,tou,historically_calibrated,0.740365,0.125862,9.9676,10.0568,0.0,0.0892
8213,12,9,5,tou,historically_calibrated,0.740365,0.125862,9.8862,10.1871,0.0,0.3009
8214,12,9,6,tou,historically_calibrated,0.740365,0.125862,10.3136,10.4028,0.0,0.0892
8215,12,9,7,tou,historically_calibrated,0.740365,0.125862,12.6601,12.7493,0.0,0.0892
8216,12,9,8,tou,historically_calibrated,0.740365,0.125862,12.9007,12.9899,0.0,0.0892
8217,12,9,9,tou,historically_calibrated,0.740365,0.125862,13.0407,13.1312,0.0013,0.0892
8218,12,9,10,tou,historically_calibrated,0.740365,0.125862,12.9742,13.0035,0.0181,0.0111
8219,12,9,11,tou,historically_calibrated,0.740365,0.125862,12.4585,12.5956,0.048,0.0892
8220,12,9,12,tou,historically_calibrated,0.740365,0.125862,11.9901,12.148,0.0687,0.0892
8221,12,9,13,tou,historically_calibrated,0.740365,0.125862,11.9237,12.0113,0.0765,0.0111
8222,12,9,14,tou,historically_calibrated,0.740365,0.125862,11.9331,12.0142,0.07,0.0111
8223,12,9,15,tou,historically_calibrated,0.740365,0.125862,12.2883,12.3389,0.0505,0.0
8224,12,9,16,tou,historically_calibrated,0.740365,0.125862,12.6974,12.7207,0.0233,0.0
8225,12,9,17,tou,historically_calibrated,0.740365,0.125862,13.3977,13.4003,0.0026,0.0
8226,12,9,18,tou,historically_calibrated,0.740365,0.125862,13.8651,13.8651,0.0,0.0
8227,12,9,19,tou,historically_calibrated,0.740365,0.125862,14.0655,14.0766,0.0,0.0111
8228,12,9,20,tou,historically_calibrated,0.740365,0.125862,13.9747,13.9747,0.0,0.0
8229,12,9,21,tou,historically_calibrated,0.740365,0.125862,13.6649,13.6649,0.0,0.0
8230,12,9,22,tou,historically_calibrated,0.740365,0.125862,13.1727,13.1727,0.0,0.0
8231,12,9,23,tou,historically_calibrated,0.740365,0.125862,12.6006,12.6006,0.0,0.0
8232,12,9,24,tou,historically_calibrated,0.740365,0.125862,10.1736,10.1736,0.0,0.0
8233,12,10,1,tou,historically_calibrated,0.740365,0.125862,10.489,10.489,0.0,0.0
8234,12,10,2,tou,historically_calibrated,0.740365,0.125862,10.4075,10.4967,0.0,0.0892
8235,12,10,3,tou,historically_calibrated,0.740365,0.125862,10.5242,10.5242,0.0,0.0
8236,12,10,4,tou,historically_calibrated,0.740365,0.125862,10.644,10.644,0.0,0.0
8237,12,10,5,tou,historically_calibrated,0.740365,0.125862,10.8226,10.8226,0.0,0.0
8238,12,10,6,tou,historically_calibrated,0.740365,0.125862,11.0927,11.0927,0.0,0.0
8239,12,10,7,tou,historically_calibrated,0.740365,0.125862,13.7511,13.7511,0.0,0.0
8240,12,10,8,tou,historically_calibrated,1.332657,0.226552,6.0493,14.1743,0.0,8.125
8241,12,10,9,tou,historically_calibrated,1.332657,0.226552,14.2717,14.273,0.0013,0.0
8242,12,10,10,tou,historically_calibrated,1.332657,0.226552,13.8964,13.9145,0.0181,0.0
8243,12,10,11,tou,historically_calibrated,1.332657,0.226552,13.1081,13.1547,0.0467,0.0
8244,12,10,12,tou,historically_calibrated,1.332657,0.226552,12.823,12.8904,0.0674,0.0
8245,12,10,13,tou,historically_calibrated,1.332657,0.226552,12.6171,12.6936,0.0765,0.0
8246,12,10,14,tou,historically_calibrated,1.332657,0.226552,12.6238,12.6938,0.07,0.0
8247,12,10,15,tou,historically_calibrated,1.332657,0.226552,13.0399,13.0904,0.0505,0.0
8248,12,10,16,tou,historically_calibrated,1.332657,0.226552,13.5808,13.6041,0.0233,0.0
8249,12,10,17,tou,historically_calibrated,1.332657,0.226552,14.0414,14.044,0.0026,0.0
8250,12,10,18,tou,historically_calibrated,1.332657,0.226552,14.4736,14.4736,0.0,0.0
8251,12,10,19,tou,historically_calibrated,1.332657,0.226552,14.6364,14.6364,0.0,0.0
8252,12,10,20,tou,historically_calibrated,1.332657,0.226552,14.4024,14.4136,0.0,0.0111
8253,12,10,21,tou,historically_calibrated,1.332657,0.226552,13.915,13.9262,0.0,0.0111
8254,12,10,22,tou,historically_calibrated,1.332657,0.226552,13.1164,13.2055,0.0,0.0892
8255,12,10,23,tou,historically_calibrated,0.740365,0.125862,12.697,12.7346,0.0,0.0376
8256,12,10,24,tou,historically_calibrated,0.740365,0.125862,10.2339,10.245,0.0,0.0111
8257,12,11,1,tou,historically_calibrated,0.740365,0.125862,9.6365,9.6365,0.0,0.0
8258,12,11,2,tou,historically_calibrated,0.740365,0.125862,9.6015,9.6029,0.0,0.0014
8259,12,11,3,tou,historically_calibrated,0.740365,0.125862,9.5762,9.5873,0.0,0.0111
8260,12,11,4,tou,historically_calibrated,0.740365,0.125862,9.7001,9.7001,0.0,0.0
8261,12,11,5,tou,historically_calibrated,0.740365,0.125862,9.8629,9.8629,0.0,0.0
8262,12,11,6,tou,historically_calibrated,0.740365,0.125862,10.0623,10.0623,0.0,0.0
8263,12,11,7,tou,historically_calibrated,0.740365,0.125862,12.255,12.255,0.0,0.0
8264,12,11,8,tou,historically_calibrated,1.332657,0.226552,12.309,12.309,0.0,0.0
8265,12,11,9,tou,historically_calibrated,1.332657,0.226552,12.2752,12.2765,0.0013,0.0
8266,12,11,10,tou,historically_calibrated,1.332657,0.226552,11.6654,11.7727,0.0181,0.0892
8267,12,11,11,tou,historically_calibrated,1.332657,0.226552,11.1383,11.2247,0.0752,0.0111
8268,12,11,12,tou,historically_calibrated,1.332657,0.226552,10.5472,10.7452,0.1089,0.0892
8269,12,11,13,tou,historically_calibrated,1.332657,0.226552,10.465,10.676,0.1218,0.0892
8270,12,11,14,tou,historically_calibrated,1.332657,0.226552,10.4546,10.8682,0.1128,0.3009
8271,12,11,15,tou,historically_calibrated,1.332657,0.226552,11.0447,11.2155,0.0816,0.0892
8272,12,11,16,tou,historically_calibrated,1.332657,0.226552,11.4412,11.4886,0.0363,0.0111
8273,12,11,17,tou,historically_calibrated,1.332657,0.226552,11.9744,12.0159,0.0039,0.0376
8274,12,11,18,tou,historically_calibrated,1.332657,0.226552,12.2943,12.3835,0.0,0.0892
8275,12,11,19,tou,historically_calibrated,1.332657,0.226552,12.7039,12.7039,0.0,0.0
8276,12,11,20,tou,historically_calibrated,1.332657,0.226552,12.5512,12.5623,0.0,0.0111
8277,12,11,21,tou,historically_calibrated,1.332657,0.226552,12.6515,12.6515,0.0,0.0
8278,12,11,22,tou,historically_calibrated,1.332657,0.226552,12.0372,12.0372,0.0,0.0
8279,12,11,23,tou,historically_calibrated,0.740365,0.125862,11.6127,11.6127,0.0,0.0
8280,12,11,24,tou,historically_calibrated,0.740365,0.125862,9.0354,9.0466,0.0,0.0111
8281,12,12,1,tou,historically_calibrated,0.740365,0.125862,8.651,8.6621,0.0,0.0111
8282,12,12,2,tou,historically_calibrated,0.740365,0.125862,8.5354,8.5466,0.0,0.0111
8283,12,12,3,tou,historically_calibrated,0.740365,0.125862,8.4798,8.569,0.0,0.0892
8284,12,12,4,tou,historically_calibrated,0.740365,0.125862,8.663,8.6741,0.0,0.0111
8285,12,12,5,tou,historically_calibrated,0.740365,0.125862,8.6471,8.7362,0.0,0.0892
8286,12,12,6,tou,historically_calibrated,0.740365,0.125862,8.6021,8.903,0.0,0.3009
8287,12,12,7,tou,historically_calibrated,0.740365,0.125862,10.9904,11.0795,0.0,0.0892
8288,12,12,8,tou,historically_calibrated,1.332657,0.226552,10.3339,11.0472,0.0,0.7133
8289,12,12,9,tou,historically_calibrated,1.332657,0.226552,10.3973,11.1119,0.0013,0.7133
8290,12,12,10,tou,historically_calibrated,1.332657,0.226552,10.3835,11.1136,0.0168,0.7133
8291,12,12,11,tou,historically_calibrated,1.332657,0.226552,9.8226,10.5813,0.0454,0.7133
8292,12,12,12,tou,historically_calibrated,1.332657,0.226552,9.2856,10.065,0.0661,0.7133
8293,12,12,13,tou,historically_calibrated,1.332657,0.226552,9.4734,9.8482,0.0739,0.3009
8294,12,12,14,tou,historically_calibrated,1.332657,0.226552,9.2989,9.6686,0.0687,0.3009
8295,12,12,15,tou,historically_calibrated,1.332657,0.226552,9.6307,9.7691,0.0492,0.0892
8296,12,12,16,tou,historically_calibrated,1.332657,0.226552,9.3842,9.7071,0.022,0.3009
8297,12,12,17,tou,historically_calibrated,1.332657,0.226552,9.6642,9.756,0.0026,0.0892
8298,12,12,18,tou,historically_calibrated,1.332657,0.226552,9.9653,10.0544,0.0,0.0892
8299,12,12,19,tou,historically_calibrated,1.332657,0.226552,9.9576,10.0467,0.0,0.0892
8300,12,12,20,tou,historically_calibrated,1.332657,0.226552,8.6243,9.3376,0.0,0.7133
8301,12,12,21,tou,historically_calibrated,1.332657,0.226552,7.4924,8.8856,0.0,1.3932
8302,12,12,22,tou,historically_calibrated,1.332657,0.226552,6.9722,8.3653,0.0,1.3932
8303,12,12,23,tou,historically_calibrated,0.740365,0.125862,5.6258,8.0332,0.0,2.4074
8304,12,12,24,tou,historically_calibrated,0.740365,0.125862,2.5272,6.3501,0.0,3.8229
8305,12,13,1,tou,historically_calibrated,0.740365,0.125862,-2.2641,5.8609,0.0,8.125
8306,12,13,2,tou,historically_calibrated,0.740365,0.125862,0.5244,6.2308,0.0,5.7064
8307,12,13,3,tou,historically_calibrated,0.740365,0.125862,-1.552,6.573,0.0,8.125
8308,12,13,4,tou,historically_calibrated,0.740365,0.125862,-1.0103,7.1147,0.0,8.125
8309,12,13,5,tou,historically_calibrated,0.740365,0.125862,3.8284,7.6513,0.0,3.8229
8310,12,13,6,tou,historically_calibrated,0.740365,0.125862,4.2644,8.0873,0.0,3.8229
8311,12,13,7,tou,historically_calibrated,0.740365,0.125862,7.7638,10.1712,0.0,2.4074
8312,12,13,8,tou,historically_calibrated,1.332657,0.226552,8.2009,10.6083,0.0,2.4074
8313,12,13,9,tou,historically_calibrated,1.332657,0.226552,9.6593,11.0564,0.0039,1.3932
8314,12,13,10,tou,historically_calibrated,1.332657,0.226552,8.3327,10.7841,0.0441,2.4074
8315,12,13,11,tou,historically_calibrated,1.332657,0.226552,8.0754,10.5813,0.0985,2.4074
8316,12,13,12,tou,historically_calibrated,1.332657,0.226552,7.707,10.222,0.1076,2.4074
8317,12,13,13,tou,historically_calibrated,1.332657,0.226552,8.4367,9.9517,0.1218,1.3932
8318,12,13,14,tou,historically_calibrated,1.332657,0.226552,8.3521,9.9294,0.184,1.3932
8319,12,13,15,tou,historically_calibrated,1.332657,0.226552,9.2956,10.0905,0.0816,0.7133
8320,12,13,16,tou,historically_calibrated,1.332657,0.226552,10.5838,10.7092,0.0363,0.0892
8321,12,13,17,tou,historically_calibrated,1.332657,0.226552,11.3634,11.3785,0.0039,0.0111
8322,12,13,18,tou,historically_calibrated,1.332657,0.226552,12.1334,12.1446,0.0,0.0111
8323,12,13,19,tou,historically_calibrated,1.332657,0.226552,12.3908,12.4019,0.0,0.0111
8324,12,13,20,tou,historically_calibrated,1.332657,0.226552,11.9954,12.0846,0.0,0.0892
8325,12,13,21,tou,historically_calibrated,1.332657,0.226552,11.5195,11.6087,0.0,0.0892
8326,12,13,22,tou,historically_calibrated,1.332657,0.226552,11.0803,11.0914,0.0,0.0111
8327,12,13,23,tou,historically_calibrated,0.740365,0.125862,10.2967,10.5976,0.0,0.3009
8328,12,13,24,tou,historically_calibrated,0.740365,0.125862,8.2732,8.4474,0.0,0.1741
8329,12,14,1,tou,historically_calibrated,0.740365,0.125862,7.9234,8.0126,0.0,0.0892
8330,12,14,2,tou,historically_calibrated,0.740365,0.125862,7.3864,8.0997,0.0,0.7133
8331,12,14,3,tou,historically_calibrated,0.740365,0.125862,7.82,8.1209,0.0,0.3009
8332,12,14,4,tou,historically_calibrated,0.740365,0.125862,7.5504,8.2637,0.0,0.7133
8333,12,14,5,tou,historically_calibrated,0.740365,0.125862,8.1432,8.4441,0.0,0.3009
8334,12,14,6,tou,historically_calibrated,0.740365,0.125862,7.8033,8.5166,0.0,0.7133
8335,12,14,7,tou,historically_calibrated,0.740365,0.125862,9.9388,10.6521,0.0,0.7133
8336,12,14,8,tou,historically_calibrated,1.332657,0.226552,10.5268,10.8277,0.0,0.3009
8337,12,14,9,tou,historically_calibrated,1.332657,0.226552,10.366,10.6682,0.0013,0.3009
8338,12,14,10,tou,historically_calibrated,1.332657,0.226552,9.561,10.2899,0.0156,0.7133
8339,12,14,11,tou,historically_calibrated,1.332657,0.226552,9.4321,9.7771,0.0441,0.3009
8340,12,14,12,tou,historically_calibrated,1.332657,0.226552,9.0714,9.4371,0.0648,0.3009
8341,12,14,13,tou,historically_calibrated,1.332657,0.226552,8.5422,8.917,0.0739,0.3009
8342,12,14,14,tou,historically_calibrated,1.332657,0.226552,8.5178,8.8862,0.0674,0.3009
8343,12,14,15,tou,historically_calibrated,1.332657,0.226552,8.8807,9.0191,0.0492,0.0892
8344,12,14,16,tou,historically_calibrated,1.332657,0.226552,9.0392,9.1504,0.022,0.0892
8345,12,14,17,tou,historically_calibrated,1.332657,0.226552,9.6063,9.698,0.0026,0.0892
8346,12,14,18,tou,historically_calibrated,1.332657,0.226552,9.8458,9.935,0.0,0.0892
8347,12,14,19,tou,historically_calibrated,1.332657,0.226552,9.625,9.926,0.0,0.3009
8348,12,14,20,tou,historically_calibrated,1.332657,0.226552,9.5144,9.8153,0.0,0.3009
8349,12,14,21,tou,historically_calibrated,1.332657,0.226552,9.222,9.5229,0.0,0.3009
8350,12,14,22,tou,historically_calibrated,1.332657,0.226552,8.8433,9.1442,0.0,0.3009
8351,12,14,23,tou,historically_calibrated,0.740365,0.125862,8.692,8.7812,0.0,0.0892
8352,12,14,24,tou,historically_calibrated,0.740365,0.125862,7.1598,7.2489,0.0,0.0892
8353,12,15,1,tou,historically_calibrated,0.740365,0.125862,6.1742,6.4752,0.0,0.3009
8354,12,15,2,tou,historically_calibrated,0.740365,0.125862,6.1416,6.4425,0.0,0.3009
8355,12,15,3,tou,historically_calibrated,0.740365,0.125862,6.1959,6.4969,0.0,0.3009
8356,12,15,4,tou,historically_calibrated,0.740365,0.125862,6.3201,6.621,0.0,0.3009
8357,12,15,5,tou,historically_calibrated,0.740365,0.125862,6.4696,6.7705,0.0,0.3009
8358,12,15,6,tou,historically_calibrated,0.740365,0.125862,7.0351,7.1243,0.0,0.0892
8359,12,15,7,tou,historically_calibrated,0.740365,0.125862,8.826,8.9151,0.0,0.0892
8360,12,15,8,tou,historically_calibrated,0.740365,0.125862,9.2667,9.3558,0.0,0.0892
8361,12,15,9,tou,historically_calibrated,0.740365,0.125862,9.4962,9.5086,0.0013,0.0111
8362,12,15,10,tou,historically_calibrated,0.740365,0.125862,9.3114,9.4161,0.0156,0.0892
8363,12,15,11,tou,historically_calibrated,0.740365,0.125862,9.122,9.3402,0.0441,0.1741
8364,12,15,12,tou,historically_calibrated,0.740365,0.125862,8.8941,9.2598,0.0648,0.3009
8365,12,15,13,tou,historically_calibrated,0.740365,0.125862,8.5601,9.3459,0.0726,0.7133
8366,12,15,14,tou,historically_calibrated,0.740365,0.125862,9.2184,9.3749,0.0674,0.0892
8367,12,15,15,tou,historically_calibrated,0.740365,0.125862,9.1795,9.5297,0.0492,0.3009
8368,12,15,16,tou,historically_calibrated,0.740365,0.125862,9.322,10.0574,0.022,0.7133
8369,12,15,17,tou,historically_calibrated,0.740365,0.125862,10.3764,10.4682,0.0026,0.0892
8370,12,15,18,tou,historically_calibrated,0.740365,0.125862,10.6993,10.7884,0.0,0.0892
8371,12,15,19,tou,historically_calibrated,0.740365,0.125862,10.6088,10.9098,0.0,0.3009
8372,12,15,20,tou,historically_calibrated,0.740365,0.125862,10.3774,10.6783,0.0,0.3009
8373,12,15,21,tou,historically_calibrated,0.740365,0.125862,9.8993,10.2002,0.0,0.3009
8374,12,15,22,tou,historically_calibrated,0.740365,0.125862,1.4649,9.5899,0.0,8.125
8375,12,15,23,tou,historically_calibrated,0.740365,0.125862,8.1518,8.8651,0.0,0.7133
8376,12,15,24,tou,historically_calibrated,0.740365,0.125862,6.3889,7.1022,0.0,0.7133
8377,12,16,1,tou,historically_calibrated,0.740365,0.125862,7.1601,7.3342,0.0,0.1741
8378,12,16,2,tou,historically_calibrated,0.740365,0.125862,7.8891,7.9002,0.0,0.0111
8379,12,16,3,tou,historically_calibrated,0.740365,0.125862,8.1458,8.1458,0.0,0.0
8380,12,16,4,tou,historically_calibrated,0.740365,0.125862,8.2445,8.2445,0.0,0.0
8381,12,16,5,tou,historically_calibrated,0.740365,0.125862,8.1909,8.1909,0.0,0.0
8382,12,16,6,tou,historically_calibrated,0.740365,0.125862,8.7833,8.7833,0.0,0.0
8383,12,16,7,tou,historically_calibrated,0.740365,0.125862,10.8814,10.8814,0.0,0.0
8384,12,16,8,tou,historically_calibrated,0.740365,0.125862,11.4252,11.4252,0.0,0.0
8385,12,16,9,tou,historically_calibrated,0.740365,0.125862,11.3951,11.3964,0.0013,0.0
8386,12,16,10,tou,historically_calibrated,0.740365,0.125862,11.1949,11.2351,0.0402,0.0
8387,12,16,11,tou,historically_calibrated,0.740365,0.125862,10.2607,10.376,0.1153,0.0
8388,12,16,12,tou,historically_calibrated,0.740365,0.125862,9.5278,9.7893,0.1724,0.0892
8389,12,16,13,tou,historically_calibrated,0.740365,0.125862,9.9482,10.1551,0.1957,0.0111
8390,12,16,14,tou,historically_calibrated,0.740365,0.125862,9.6254,9.8068,0.1814,0.0
8391,12,16,15,tou,historically_calibrated,0.740365,0.125862,9.7519,9.9733,0.1322,0.0892
8392,12,16,16,tou,historically_calibrated,0.740365,0.125862,10.4923,10.5695,0.0661,0.0111
8393,12,16,17,tou,historically_calibrated,0.740365,0.125862,11.2068,11.2145,0.0078,0.0
8394,12,16,18,tou,historically_calibrated,0.740365,0.125862,11.908,11.9971,0.0,0.0892
8395,12,16,19,tou,historically_calibrated,0.740365,0.125862,12.244,12.2987,0.0,0.0548
8396,12,16,20,tou,historically_calibrated,0.740365,0.125862,12.2889,12.3265,0.0,0.0376
8397,12,16,21,tou,historically_calibrated,0.740365,0.125862,12.0466,12.0658,0.0,0.0193
8398,12,16,22,tou,historically_calibrated,0.740365,0.125862,11.7285,11.7396,0.0,0.0111
8399,12,16,23,tou,historically_calibrated,0.740365,0.125862,11.3607,11.3718,0.0,0.0111
8400,12,16,24,tou,historically_calibrated,0.740365,0.125862,9.0599,9.071,0.0,0.0111
8401,12,17,1,tou,historically_calibrated,0.740365,0.125862,9.5035,9.5147,0.0,0.0111
8402,12,17,2,tou,historically_calibrated,0.740365,0.125862,9.5216,9.5216,0.0,0.0
8403,12,17,3,tou,historically_calibrated,0.740365,0.125862,9.8613,9.8725,0.0,0.0111
8404,12,17,4,tou,historically_calibrated,0.740365,0.125862,10.3978,10.3978,0.0,0.0
8405,12,17,5,tou,historically_calibrated,0.740365,0.125862,10.9061,10.9061,0.0,0.0
8406,12,17,6,tou,historically_calibrated,0.740365,0.125862,11.3074,11.3074,0.0,0.0
8407,12,17,7,tou,historically_calibrated,0.740365,0.125862,14.3388,14.3388,0.0,0.0
8408,12,17,8,tou,historically_calibrated,1.332657,0.226552,14.218,14.2292,0.0,0.0111
8409,12,17,9,tou,historically_calibrated,1.332657,0.226552,14.215,14.2175,0.0026,0.0
8410,12,17,10,tou,historically_calibrated,1.332657,0.226552,13.1487,13.2006,0.0518,0.0
8411,12,17,11,tou,historically_calibrated,1.332657,0.226552,11.2789,11.4391,0.149,0.0111
8412,12,17,12,tou,historically_calibrated,1.332657,0.226552,9.7773,10.0127,0.2242,0.0111
8413,12,17,13,tou,historically_calibrated,1.332657,0.226552,9.0251,9.2792,0.254,0.0
8414,12,17,14,tou,historically_calibrated,1.332657,0.226552,9.1068,9.3556,0.2488,0.0
8415,12,17,15,tou,historically_calibrated,1.332657,0.226552,9.4728,9.662,0.1892,0.0
8416,12,17,16,tou,historically_calibrated,1.332657,0.226552,9.9543,10.0412,0.0868,0.0
8417,12,17,17,tou,historically_calibrated,1.332657,0.226552,10.4407,10.4513,0.0104,0.0003
8418,12,17,18,tou,historically_calibrated,1.332657,0.226552,10.7163,10.7711,0.0,0.0548
8419,12,17,19,tou,historically_calibrated,1.332657,0.226552,10.5913,10.8922,0.0,0.3009
8420,12,17,20,tou,historically_calibrated,1.332657,0.226552,11.3518,11.4874,0.0,0.1356
8421,12,17,21,tou,historically_calibrated,1.332657,0.226552,11.7277,11.7825,0.0,0.0548
8422,12,17,22,tou,historically_calibrated,1.332657,0.226552,11.9704,11.9816,0.0,0.0111
8423,12,17,23,tou,historically_calibrated,0.740365,0.125862,11.0447,11.3456,0.0,0.3009
8424,12,17,24,tou,historically_calibrated,0.740365,0.125862,9.2593,9.5602,0.0,0.3009
8425,12,18,1,tou,historically_calibrated,0.740365,0.125862,8.9232,9.6365,0.0,0.7133
8426,12,18,2,tou,historically_calibrated,0.740365,0.125862,9.2959,10.0092,0.0,0.7133
8427,12,18,3,tou,historically_calibrated,0.740365,0.125862,10.1092,10.1983,0.0,0.0892
8428,12,18,4,tou,historically_calibrated,0.740365,0.125862,10.2676,10.3567,0.0,0.0892
8429,12,18,5,tou,historically_calibrated,0.740365,0.125862,10.1044,10.4053,0.0,0.3009
8430,12,18,6,tou,historically_calibrated,0.740365,0.125862,10.4454,10.5346,0.0,0.0892
8431,12,18,7,tou,historically_calibrated,0.740365,0.125862,12.6487,12.9496,0.0,0.3009
8432,12,18,8,tou,historically_calibrated,1.332657,0.226552,12.7761,13.0771,0.0,0.3009
8433,12,18,9,tou,historically_calibrated,1.332657,0.226552,12.2287,12.942,0.0,0.7133
8434,12,18,10,tou,historically_calibrated,1.332657,0.226552,12.3911,12.7063,0.0143,0.3009
8435,12,18,11,tou,historically_calibrated,1.332657,0.226552,11.4336,12.1897,0.0428,0.7133
8436,12,18,12,tou,historically_calibrated,1.332657,0.226552,11.5866,11.7393,0.0635,0.0892
8437,12,18,13,tou,historically_calibrated,1.332657,0.226552,11.2902,11.452,0.0726,0.0892
8438,12,18,14,tou,historically_calibrated,1.332657,0.226552,11.2333,11.3898,0.0674,0.0892
8439,12,18,15,tou,historically_calibrated,1.332657,0.226552,11.4521,11.5905,0.0492,0.0892
8440,12,18,16,tou,historically_calibrated,1.332657,0.226552,11.9341,12.0453,0.022,0.0892
8441,12,18,17,tou,historically_calibrated,1.332657,0.226552,12.3298,12.4215,0.0026,0.0892
8442,12,18,18,tou,historically_calibrated,1.332657,0.226552,12.7903,12.8015,0.0,0.0111
8443,12,18,19,tou,historically_calibrated,1.332657,0.226552,12.8739,12.8851,0.0,0.0111
8444,12,18,20,tou,historically_calibrated,1.332657,0.226552,12.5329,12.622,0.0,0.0892
8445,12,18,21,tou,historically_calibrated,1.332657,0.226552,12.0409,12.1301,0.0,0.0892
8446,12,18,22,tou,historically_calibrated,1.332657,0.226552,11.3361,11.4252,0.0,0.0892
8447,12,18,23,tou,historically_calibrated,0.740365,0.125862,10.7222,10.8113,0.0,0.0892
8448,12,18,24,tou,historically_calibrated,0.740365,0.125862,7.0542,8.4474,0.0,1.3932
8449,12,19,1,tou,historically_calibrated,0.740365,0.125862,6.66,8.0532,0.0,1.3932
8450,12,19,2,tou,historically_calibrated,0.740365,0.125862,5.8548,8.2622,0.0,2.4074
8451,12,19,3,tou,historically_calibrated,0.740365,0.125862,7.2573,8.6504,0.0,1.3932
8452,12,19,4,tou,historically_calibrated,0.740365,0.125862,8.5374,8.8383,0.0,0.3009
8453,12,19,5,tou,historically_calibrated,0.740365,0.125862,8.2316,8.9449,0.0,0.7133
8454,12,19,6,tou,historically_calibrated,0.740365,0.125862,7.1397,9.5471,0.0,2.4074
8455,12,19,7,tou,historically_calibrated,0.740365,0.125862,11.2211,11.9344,0.0,0.7133
8456,12,19,8,tou,historically_calibrated,1.332657,0.226552,11.4311,12.1444,0.0,0.7133
8457,12,19,9,tou,historically_calibrated,1.332657,0.226552,11.451,12.1656,0.0013,0.7133
8458,12,19,10,tou,historically_calibrated,1.332657,0.226552,10.7406,12.1571,0.0233,1.3932
8459,12,19,11,tou,historically_calibrated,1.332657,0.226552,11.0956,11.9216,0.1128,0.7133
8460,12,19,12,tou,historically_calibrated,1.332657,0.226552,10.7654,11.5823,0.1037,0.7133
8461,12,19,13,tou,historically_calibrated,1.332657,0.226552,9.8374,11.3485,0.1179,1.3932
8462,12,19,14,tou,historically_calibrated,1.332657,0.226552,9.8551,11.3377,0.0894,1.3932
8463,12,19,15,tou,historically_calibrated,1.332657,0.226552,10.0409,11.4833,0.0492,1.3932
8464,12,19,16,tou,historically_calibrated,1.332657,0.226552,10.5045,11.934,0.0363,1.3932
8465,12,19,17,tou,historically_calibrated,1.332657,0.226552,11.1416,12.5374,0.0026,1.3932
8466,12,19,18,tou,historically_calibrated,1.332657,0.226552,12.5659,13.2792,0.0,0.7133
8467,12,19,19,tou,historically_calibrated,1.332657,0.226552,13.2484,13.5494,0.0,0.3009
8468,12,19,20,tou,historically_calibrated,1.332657,0.226552,13.0974,13.3984,0.0,0.3009
8469,12,19,21,tou,historically_calibrated,1.332657,0.226552,12.7562,13.0571,0.0,0.3009
8470,12,19,22,tou,historically_calibrated,1.332657,0.226552,12.1813,12.4823,0.0,0.3009
8471,12,19,23,tou,historically_calibrated,0.740365,0.125862,12.0578,12.147,0.0,0.0892
8472,12,19,24,tou,historically_calibrated,0.740365,0.125862,9.8487,9.8598,0.0,0.0111
8473,12,20,1,tou,historically_calibrated,0.740365,0.125862,9.7065,9.7177,0.0,0.0111
8474,12,20,2,tou,historically_calibrated,0.740365,0.125862,9.806,9.806,0.0,0.0
8475,12,20,3,tou,historically_calibrated,0.740365,0.125862,10.1169,10.1169,0.0,0.0
8476,12,20,4,tou,historically_calibrated,0.740365,0.125862,10.603,10.603,0.0,0.0
8477,12,20,5,tou,historically_calibrated,0.740365,0.125862,10.8226,10.8226,0.0,0.0
8478,12,20,6,tou,historically_calibrated,0.740365,0.125862,11.565,11.565,0.0,0.0
8479,12,20,7,tou,historically_calibrated,0.740365,0.125862,14.4457,14.4457,0.0,0.0
8480,12,20,8,tou,historically_calibrated,1.332657,0.226552,14.6132,14.6132,0.0,0.0
8481,12,20,9,tou,historically_calibrated,1.332657,0.226552,14.1066,14.1066,0.0,0.0
8482,12,20,10,tou,historically_calibrated,1.332657,0.226552,14.1593,14.1891,0.0298,0.0
8483,12,20,11,tou,historically_calibrated,1.332657,0.226552,13.3113,13.4228,0.1115,0.0
8484,12,20,12,tou,historically_calibrated,1.332657,0.226552,12.2243,12.4195,0.184,0.0111
8485,12,20,13,tou,historically_calibrated,1.332657,0.226552,11.7831,12.021,0.2268,0.0111
8486,12,20,14,tou,historically_calibrated,1.332657,0.226552,11.6695,12.2244,0.254,0.3009
8487,12,20,15,tou,historically_calibrated,1.332657,0.226552,12.3468,12.6083,0.1724,0.0892
8488,12,20,16,tou,historically_calibrated,1.332657,0.226552,13.3037,13.3815,0.0778,0.0
8489,12,20,17,tou,historically_calibrated,1.332657,0.226552,14.2667,14.2758,0.0091,0.0
8490,12,20,18,tou,historically_calibrated,1.332657,0.226552,15.1305,15.1305,0.0,0.0
8491,12,20,19,tou,historically_calibrated,1.332657,0.226552,15.3611,15.3611,0.0,0.0
8492,12,20,20,tou,historically_calibrated,1.332657,0.226552,15.4885,15.4885,0.0,0.0
8493,12,20,21,tou,historically_calibrated,1.332657,0.226552,15.3746,15.3746,0.0,0.0
8494,12,20,22,tou,historically_calibrated,1.332657,0.226552,15.2083,15.2083,0.0,0.0
8495,12,20,23,tou,historically_calibrated,0.740365,0.125862,14.5511,14.5511,0.0,0.0
8496,12,20,24,tou,historically_calibrated,0.740365,0.125862,11.6146,11.6146,0.0,0.0
8497,12,21,1,tou,historically_calibrated,0.740365,0.125862,11.0168,11.0168,0.0,0.0
8498,12,21,2,tou,historically_calibrated,0.740365,0.125862,10.9842,10.9842,0.0,0.0
8499,12,21,3,tou,historically_calibrated,0.740365,0.125862,11.0945,11.0945,0.0,0.0
8500,12,21,4,tou,historically_calibrated,0.740365,0.125862,11.2596,11.2596,0.0,0.0
8501,12,21,5,tou,historically_calibrated,0.740365,0.125862,11.4902,11.4902,0.0,0.0
8502,12,21,6,tou,historically_calibrated,0.740365,0.125862,11.9085,11.9085,0.0,0.0
8503,12,21,7,tou,historically_calibrated,0.740365,0.125862,14.8731,14.8731,0.0,0.0
8504,12,21,8,tou,historically_calibrated,1.332657,0.226552,15.2167,15.2167,0.0,0.0
8505,12,21,9,tou,historically_calibrated,1.332657,0.226552,15.6027,15.604,0.0013,0.0
8506,12,21,10,tou,historically_calibrated,1.332657,0.226552,15.0709,15.1227,0.0518,0.0
8507,12,21,11,tou,historically_calibrated,1.332657,0.226552,14.1787,14.3342,0.1555,0.0
8508,12,21,12,tou,historically_calibrated,1.332657,0.226552,13.3897,13.5706,0.1698,0.0111
8509,12,21,13,tou,historically_calibrated,1.332657,0.226552,12.7156,12.9523,0.2255,0.0111
8510,12,21,14,tou,historically_calibrated,1.332657,0.226552,11.5556,13.059,0.1102,1.3932
8511,12,21,15,tou,historically_calibrated,1.332657,0.226552,13.3315,13.4118,0.0804,0.0
8512,12,21,16,tou,historically_calibrated,1.332657,0.226552,14.0132,14.0495,0.0363,0.0
8513,12,21,17,tou,historically_calibrated,1.332657,0.226552,14.6196,14.6235,0.0039,0.0
8514,12,21,18,tou,historically_calibrated,1.332657,0.226552,15.1791,15.1902,0.0,0.0111
8515,12,21,19,tou,historically_calibrated,1.332657,0.226552,15.2895,15.3007,0.0,0.0111
8516,12,21,20,tou,historically_calibrated,1.332657,0.226552,15.1899,15.1899,0.0,0.0
8517,12,21,21,tou,historically_calibrated,1.332657,0.226552,14.8799,14.9691,0.0,0.0892
8518,12,21,22,tou,historically_calibrated,1.332657,0.226552,14.8634,14.8745,0.0,0.0111
8519,12,21,23,tou,historically_calibrated,0.740365,0.125862,14.8182,14.8182,0.0,0.0
8520,12,21,24,tou,historically_calibrated,0.740365,0.125862,11.9142,11.9142,0.0,0.0
8521,12,22,1,tou,historically_calibrated,0.740365,0.125862,10.2475,10.2475,0.0,0.0
8522,12,22,2,tou,historically_calibrated,0.740365,0.125862,10.0943,10.1055,0.0,0.0111
8523,12,22,3,tou,historically_calibrated,0.740365,0.125862,9.8554,9.9446,0.0,0.0892
8524,12,22,4,tou,historically_calibrated,0.740365,0.125862,9.9299,10.019,0.0,0.0892
8525,12,22,5,tou,historically_calibrated,0.740365,0.125862,10.0596,10.1487,0.0,0.0892
8526,12,22,6,tou,historically_calibrated,0.740365,0.125862,10.5496,10.5608,0.0,0.0111
8527,12,22,7,tou,historically_calibrated,0.740365,0.125862,12.4975,12.7985,0.0,0.3009
8528,12,22,8,tou,historically_calibrated,0.740365,0.125862,12.7394,13.0404,0.0,0.3009
8529,12,22,9,tou,historically_calibrated,0.740365,0.125862,12.7792,13.0801,0.0,0.3009
8530,12,22,10,tou,historically_calibrated,0.740365,0.125862,12.6992,12.8014,0.013,0.0892
8531,12,22,11,tou,historically_calibrated,0.740365,0.125862,12.317,12.4476,0.0415,0.0892
8532,12,22,12,tou,historically_calibrated,0.740365,0.125862,12.0734,12.148,0.0635,0.0111
8533,12,22,13,tou,historically_calibrated,0.740365,0.125862,11.8324,11.9161,0.0726,0.0111
8534,12,22,14,tou,historically_calibrated,0.740365,0.125862,11.5998,11.6783,0.0674,0.0111
8535,12,22,15,tou,historically_calibrated,0.740365,0.125862,11.8349,11.8953,0.0492,0.0111
8536,12,22,16,tou,historically_calibrated,0.740365,0.125862,12.3789,12.4134,0.0233,0.0111
8537,12,22,17,tou,historically_calibrated,0.740365,0.125862,12.9067,12.9205,0.0026,0.0111
8538,12,22,18,tou,historically_calibrated,0.740365,0.125862,13.3595,13.3707,0.0,0.0111
8539,12,22,19,tou,historically_calibrated,0.740365,0.125862,13.621,13.6322,0.0,0.0111
8540,12,22,20,tou,historically_calibrated,0.740365,0.125862,13.4141,13.4253,0.0,0.0111
8541,12,22,21,tou,historically_calibrated,0.740365,0.125862,12.972,12.972,0.0,0.0
8542,12,22,22,tou,historically_calibrated,0.740365,0.125862,12.6498,12.6609,0.0,0.0111
8543,12,22,23,tou,historically_calibrated,0.740365,0.125862,11.9708,12.0599,0.0,0.0892
8544,12,22,24,tou,historically_calibrated,0.740365,0.125862,9.6505,9.6617,0.0,0.0111
8545,12,23,1,tou,historically_calibrated,0.740365,0.125862,9.1126,9.2017,0.0,0.0892
8546,12,23,2,tou,historically_calibrated,0.740365,0.125862,9.3468,9.3579,0.0,0.0111
8547,12,23,3,tou,historically_calibrated,0.740365,0.125862,9.2589,9.27,0.0,0.0111
8548,12,23,4,tou,historically_calibrated,0.740365,0.125862,9.2528,9.2639,0.0,0.0111
8549,12,23,5,tou,historically_calibrated,0.740365,0.125862,9.3042,9.3042,0.0,0.0
8550,12,23,6,tou,historically_calibrated,0.740365,0.125862,9.5236,9.6128,0.0,0.0892
8551,12,23,7,tou,historically_calibrated,0.740365,0.125862,11.8245,11.9136,0.0,0.0892
8552,12,23,8,tou,historically_calibrated,0.740365,0.125862,12.1436,12.2328,0.0,0.0892
8553,12,23,9,tou,historically_calibrated,0.740365,0.125862,12.2244,12.3148,0.0013,0.0892
8554,12,23,10,tou,historically_calibrated,0.740365,0.125862,12.2551,12.2961,0.0298,0.0111
8555,12,23,11,tou,historically_calibrated,0.740365,0.125862,11.9731,12.1517,0.0894,0.0892
8556,12,23,12,tou,historically_calibrated,0.740365,0.125862,11.1189,11.5222,0.1024,0.3009
8557,12,23,13,tou,historically_calibrated,0.740365,0.125862,10.8999,11.107,0.1179,0.0892
8558,12,23,14,tou,historically_calibrated,0.740365,0.125862,10.7892,10.9105,0.1102,0.0111
8559,12,23,15,tou,historically_calibrated,0.740365,0.125862,10.7196,10.8111,0.0804,0.0111
8560,12,23,16,tou,historically_calibrated,0.740365,0.125862,10.9818,11.0305,0.0376,0.0111
8561,12,23,17,tou,historically_calibrated,0.740365,0.125862,11.7945,11.801,0.0065,0.0
8562,12,23,18,tou,historically_calibrated,0.740365,0.125862,12.4916,12.4916,0.0,0.0
8563,12,23,19,tou,historically_calibrated,0.740365,0.125862,12.9654,12.9654,0.0,0.0
8564,12,23,20,tou,historically_calibrated,0.740365,0.125862,13.4802,13.4802,0.0,0.0
8565,12,23,21,tou,historically_calibrated,0.740365,0.125862,13.3451,13.3451,0.0,0.0
8566,12,23,22,tou,historically_calibrated,0.740365,0.125862,12.9532,12.968,0.0,0.0148
8567,12,23,23,tou,historically_calibrated,0.740365,0.125862,12.2373,12.2565,0.0,0.0193
8568,12,23,24,tou,historically_calibrated,0.740365,0.125862,9.776,9.7798,0.0,0.0038
8569,12,24,1,tou,historically_calibrated,0.740365,0.125862,9.8557,9.9207,0.0,0.065
8570,12,24,2,tou,historically_calibrated,0.740365,0.125862,10.0598,10.0904,0.0,0.0306
8571,12,24,3,tou,historically_calibrated,0.740365,0.125862,10.034,10.0354,0.0,0.0014
8572,12,24,4,tou,historically_calibrated,0.740365,0.125862,10.0957,10.1105,0.0,0.0148
8573,12,24,5,tou,historically_calibrated,0.740365,0.125862,10.2346,10.2384,0.0,0.0038
8574,12,24,6,tou,historically_calibrated,0.740365,0.125862,10.5345,10.5346,0.0,0.0001
8575,12,24,7,tou,historically_calibrated,0.740365,0.125862,13.163,13.1633,0.0,0.0003
8576,12,24,8,tou,historically_calibrated,1.332657,0.226552,13.5708,13.5708,0.0,0.0
8577,12,24,9,tou,historically_calibrated,1.332657,0.226552,13.7171,13.7184,0.0013,0.0
8578,12,24,10,tou,historically_calibrated,1.332657,0.226552,13.4311,13.4752,0.0441,0.0
8579,12,24,11,tou,historically_calibrated,1.332657,0.226552,12.8773,12.9939,0.1166,0.0
8580,12,24,12,tou,historically_calibrated,1.332657,0.226552,12.4992,12.6288,0.1296,0.0
8581,12,24,13,tou,historically_calibrated,1.332657,0.226552,11.8689,12.021,0.1464,0.0057
8582,12,24,14,tou,historically_calibrated,1.332657,0.226552,11.6729,11.8071,0.1335,0.0007
8583,12,24,15,tou,historically_calibrated,1.332657,0.226552,11.8669,11.9654,0.0972,0.0014
8584,12,24,16,tou,historically_calibrated,1.332657,0.226552,12.285,12.3237,0.0363,0.0024
8585,12,24,17,tou,historically_calibrated,1.332657,0.226552,13.1672,13.1748,0.0052,0.0024
8586,12,24,18,tou,historically_calibrated,1.332657,0.226552,13.574,13.5778,0.0,0.0038
8587,12,24,19,tou,historically_calibrated,1.332657,0.226552,13.6457,13.6701,0.0,0.0245
8588,12,24,20,tou,historically_calibrated,1.332657,0.226552,13.4414,13.5178,0.0,0.0764
8589,12,24,21,tou,historically_calibrated,1.332657,0.226552,12.4054,12.8833,0.0,0.4779
8590,12,24,22,tou,historically_calibrated,1.332657,0.226552,11.4666,12.4823,0.0,1.0156
8591,12,24,23,tou,historically_calibrated,0.740365,0.125862,10.7416,11.8264,0.0,1.0848
8592,12,24,24,tou,historically_calibrated,0.740365,0.125862,8.5632,9.389,0.0,0.8257
8593,12,25,1,tou,historically_calibrated,0.740365,0.125862,7.084,8.7433,0.0,1.6593
8594,12,25,2,tou,historically_calibrated,0.740365,0.125862,7.6416,8.9528,0.0,1.3112
8595,12,25,3,tou,historically_calibrated,0.740365,0.125862,8.2337,8.8948,0.0,0.6611
8596,12,25,4,tou,historically_calibrated,0.740365,0.125862,7.9458,8.9614,0.0,1.0156
8597,12,25,5,tou,historically_calibrated,0.740365,0.125862,8.3019,9.07,0.0,0.7682
8598,12,25,6,tou,historically_calibrated,0.740365,0.125862,8.7678,9.3324,0.0,0.5645
8599,12,25,7,tou,historically_calibrated,0.740365,0.125862,11.0023,11.6139,0.0,0.6116
8600,12,25,8,tou,historically_calibrated,0.740365,0.125862,11.5966,12.0347,0.0,0.4381
8601,12,25,9,tou,historically_calibrated,0.740365,0.125862,11.6708,12.1101,0.0013,0.4381
8602,12,25,10,tou,historically_calibrated,0.740365,0.125862,11.5989,11.9374,0.0376,0.3009
8603,12,25,11,tou,historically_calibrated,0.740365,0.125862,11.0099,11.4391,0.0972,0.332
8604,12,25,12,tou,historically_calibrated,0.740365,0.125862,10.8498,11.1638,0.0946,0.2194
8605,12,25,13,tou,historically_calibrated,0.740365,0.125862,9.5814,10.5725,0.105,0.8861
8606,12,25,14,tou,historically_calibrated,0.740365,0.125862,9.6392,10.3466,0.0959,0.6116
8607,12,25,15,tou,historically_calibrated,0.740365,0.125862,9.7357,10.4655,0.0687,0.6611
8608,12,25,16,tou,historically_calibrated,0.740365,0.125862,10.0283,10.7649,0.0233,0.7133
8609,12,25,17,tou,historically_calibrated,0.740365,0.125862,10.7223,11.4944,0.0039,0.7682
8610,12,25,18,tou,historically_calibrated,0.740365,0.125862,11.08,11.9057,0.0,0.8257
8611,12,25,19,tou,historically_calibrated,0.740365,0.125862,10.7466,11.9792,0.0,1.2326
8612,12,25,20,tou,historically_calibrated,0.740365,0.125862,10.1864,11.8457,0.0,1.6593
8613,12,25,21,tou,historically_calibrated,0.740365,0.125862,7.5417,11.2031,0.0,3.6614
8614,12,25,22,tou,historically_calibrated,0.740365,0.125862,5.2181,10.9245,0.0,5.7064
8615,12,25,23,tou,historically_calibrated,0.740365,0.125862,6.5076,10.3305,0.0,3.8229
8616,12,25,24,tou,historically_calibrated,0.740365,0.125862,4.4105,8.2334,0.0,3.8229
8617,12,26,1,tou,historically_calibrated,0.740365,0.125862,1.8189,7.5254,0.0,5.7064
8618,12,26,2,tou,historically_calibrated,0.740365,0.125862,2.1088,7.8153,0.0,5.7064
8619,12,26,3,tou,historically_calibrated,0.740365,0.125862,5.4284,7.8358,0.0,2.4074
8620,12,26,4,tou,historically_calibrated,0.740365,0.125862,4.2767,8.0996,0.0,3.8229
8621,12,26,5,tou,historically_calibrated,0.740365,0.125862,4.5378,8.3607,0.0,3.8229
8622,12,26,6,tou,historically_calibrated,0.740365,0.125862,7.9321,8.6454,0.0,0.7133
8623,12,26,7,tou,historically_calibrated,0.740365,0.125862,10.2059,10.9193,0.0,0.7133
8624,12,26,8,tou,historically_calibrated,1.332657,0.226552,11.24,11.5409,0.0,0.3009
8625,12,26,9,tou,historically_calibrated,1.332657,0.226552,11.4197,11.7219,0.0013,0.3009
8626,12,26,10,tou,historically_calibrated,1.332657,0.226552,11.0969,11.4432,0.0454,0.3009
8627,12,26,11,tou,historically_calibrated,1.332657,0.226552,10.5441,10.7421,0.1089,0.0892
8628,12,26,12,tou,historically_calibrated,1.332657,0.226552,10.8011,10.9021,0.1011,0.0
8629,12,26,13,tou,historically_calibrated,1.332657,0.226552,9.3804,10.2104,0.1166,0.7133
8630,12,26,14,tou,historically_calibrated,1.332657,0.226552,9.2624,10.0858,0.1102,0.7133
8631,12,26,15,tou,historically_calibrated,1.332657,0.226552,9.7777,10.5726,0.0816,0.7133
8632,12,26,16,tou,historically_calibrated,1.332657,0.226552,10.418,11.1546,0.0233,0.7133
8633,12,26,17,tou,historically_calibrated,1.332657,0.226552,10.5622,11.9579,0.0026,1.3932
8634,12,26,18,tou,historically_calibrated,1.332657,0.226552,10.7514,12.1446,0.0,1.3932
8635,12,26,19,tou,historically_calibrated,1.332657,0.226552,9.5114,11.9188,0.0,2.4074
8636,12,26,20,tou,historically_calibrated,1.332657,0.226552,5.4824,11.1888,0.0,5.7064
8637,12,26,21,tou,historically_calibrated,1.332657,0.226552,2.0352,10.1602,0.0,8.125
8638,12,26,22,tou,historically_calibrated,1.332657,0.226552,1.7981,9.9231,0.0,8.125
8639,12,26,23,tou,historically_calibrated,0.740365,0.125862,1.8315,9.9565,0.0,8.125
8640,12,26,24,tou,historically_calibrated,0.740365,0.125862,-0.234,7.891,0.0,8.125
8641,12,27,1,tou,historically_calibrated,0.740365,0.125862,1.6971,7.4036,0.0,5.7064
8642,12,27,2,tou,historically_calibrated,0.740365,0.125862,3.5049,7.3277,0.0,3.8229
8643,12,27,3,tou,historically_calibrated,0.740365,0.125862,4.8173,7.2247,0.0,2.4074
8644,12,27,4,tou,historically_calibrated,0.740365,0.125862,5.8446,7.2378,0.0,1.3932
8645,12,27,5,tou,historically_calibrated,0.740365,0.125862,6.0495,7.4427,0.0,1.3932
8646,12,27,6,tou,historically_calibrated,0.740365,0.125862,6.5224,7.9156,0.0,1.3932
8647,12,27,7,tou,historically_calibrated,0.740365,0.125862,8.7246,10.1178,0.0,1.3932
8648,12,27,8,tou,historically_calibrated,1.332657,0.226552,10.958,11.0472,0.0,0.0892
8649,12,27,9,tou,historically_calibrated,1.332657,0.226552,11.9437,11.9437,0.0,0.0
8650,12,27,10,tou,historically_calibrated,1.332657,0.226552,12.1441,12.1571,0.013,0.0
8651,12,27,11,tou,historically_calibrated,1.332657,0.226552,11.7206,11.7608,0.0402,0.0
8652,12,27,12,tou,historically_calibrated,1.332657,0.226552,11.3632,11.4254,0.0622,0.0
8653,12,27,13,tou,historically_calibrated,1.332657,0.226552,10.7992,10.8829,0.0726,0.0111
8654,12,27,14,tou,historically_calibrated,1.332657,0.226552,5.7261,9.6164,0.0674,3.8229
8655,12,27,15,tou,historically_calibrated,1.332657,0.226552,1.2186,9.3941,0.0505,8.125
8656,12,27,16,tou,historically_calibrated,1.332657,0.226552,1.5031,9.6515,0.0233,8.125
8657,12,27,17,tou,historically_calibrated,1.332657,0.226552,4.2182,9.9298,0.0052,5.7064
8658,12,27,18,tou,historically_calibrated,1.332657,0.226552,4.5869,10.2933,0.0,5.7064
8659,12,27,19,tou,historically_calibrated,1.332657,0.226552,8.0017,10.4091,0.0,2.4074
8660,12,27,20,tou,historically_calibrated,1.332657,0.226552,7.8259,10.2334,0.0,2.4074
8661,12,27,21,tou,historically_calibrated,1.332657,0.226552,5.9318,9.7546,0.0,3.8229
8662,12,27,22,tou,historically_calibrated,1.332657,0.226552,7.015,9.4224,0.0,2.4074
8663,12,27,23,tou,historically_calibrated,0.740365,0.125862,5.3857,9.2086,0.0,3.8229
8664,12,27,24,tou,historically_calibrated,0.740365,0.125862,7.5044,7.8054,0.0,0.3009
8665,12,28,1,tou,historically_calibrated,0.740365,0.125862,7.5548,7.566,0.0,0.0111
8666,12,28,2,tou,historically_calibrated,0.740365,0.125862,7.6042,7.6934,0.0,0.0892
8667,12,28,3,tou,historically_calibrated,0.740365,0.125862,7.6651,7.7543,0.0,0.0892
8668,12,28,4,tou,historically_calibrated,0.740365,0.125862,7.7191,7.7302,0.0,0.0111
8669,12,28,5,tou,historically_calibrated,0.740365,0.125862,7.8542,7.9434,0.0,0.0892
8670,12,28,6,tou,historically_calibrated,0.740365,0.125862,7.9981,8.0873,0.0,0.0892
8671,12,28,7,tou,historically_calibrated,0.740365,0.125862,10.4272,10.4384,0.0,0.0111
8672,12,28,8,tou,historically_calibrated,1.332657,0.226552,10.9812,10.9923,0.0,0.0111
8673,12,28,9,tou,historically_calibrated,1.332657,0.226552,10.8563,10.9455,0.0,0.0892
8674,12,28,10,tou,historically_calibrated,1.332657,0.226552,10.7998,11.1136,0.013,0.3009
8675,12,28,11,tou,historically_calibrated,1.332657,0.226552,10.9345,11.0638,0.0402,0.0892
8676,12,28,12,tou,historically_calibrated,1.332657,0.226552,10.8031,10.9545,0.0622,0.0892
8677,12,28,13,tou,historically_calibrated,1.332657,0.226552,10.5611,10.9346,0.0726,0.3009
8678,12,28,14,tou,historically_calibrated,1.332657,0.226552,10.5508,10.9204,0.0687,0.3009
8679,12,28,15,tou,historically_calibrated,1.332657,0.226552,11.4752,11.5369,0.0505,0.0111
8680,12,28,16,tou,historically_calibrated,1.332657,0.226552,11.6199,11.6556,0.0246,0.0111
8681,12,28,17,tou,historically_calibrated,1.332657,0.226552,12.0008,12.3056,0.0039,0.3009
8682,12,28,18,tou,historically_calibrated,1.332657,0.226552,13.0292,13.0404,0.0,0.0111
8683,12,28,19,tou,historically_calibrated,1.332657,0.226552,13.0551,13.0662,0.0,0.0111
8684,12,28,20,tou,historically_calibrated,1.332657,0.226552,12.5003,12.8012,0.0,0.3009
8685,12,28,21,tou,historically_calibrated,1.332657,0.226552,12.6783,12.7674,0.0,0.0892
8686,12,28,22,tou,historically_calibrated,1.332657,0.226552,12.1706,12.2597,0.0,0.0892
8687,12,28,23,tou,historically_calibrated,0.740365,0.125862,12.0044,12.0935,0.0,0.0892
8688,12,28,24,tou,historically_calibrated,0.740365,0.125862,9.8562,9.9454,0.0,0.0892
8689,12,29,1,tou,historically_calibrated,0.740365,0.125862,8.7906,8.8282,0.0,0.0376
8690,12,29,2,tou,historically_calibrated,0.740365,0.125862,8.973,8.9842,0.0,0.0111
8691,12,29,3,tou,historically_calibrated,0.740365,0.125862,8.8841,8.8953,0.0,0.0111
8692,12,29,4,tou,historically_calibrated,0.740365,0.125862,9.1506,9.1506,0.0,0.0
8693,12,29,5,tou,historically_calibrated,0.740365,0.125862,9.189,9.189,0.0,0.0
8694,12,29,6,tou,historically_calibrated,0.740365,0.125862,9.4548,9.4548,0.0,0.0
8695,12,29,7,tou,historically_calibrated,0.740365,0.125862,11.8645,11.8645,0.0,0.0
8696,12,29,8,tou,historically_calibrated,0.740365,0.125862,12.7375,12.7375,0.0,0.0
8697,12,29,9,tou,historically_calibrated,0.740365,0.125862,13.0788,13.0801,0.0013,0.0
8698,12,29,10,tou,historically_calibrated,0.740365,0.125862,13.0838,13.1045,0.0207,0.0
8699,12,29,11,tou,historically_calibrated,0.740365,0.125862,12.4309,12.4969,0.0661,0.0
8700,12,29,12,tou,historically_calibrated,0.740365,0.125862,11.4198,11.5222,0.1024,0.0
8701,12,29,13,tou,historically_calibrated,0.740365,0.125862,10.7573,10.9642,0.1957,0.0111
8702,12,29,14,tou,historically_calibrated,0.740365,0.125862,10.7018,10.8146,0.1128,0.0
8703,12,29,15,tou,historically_calibrated,0.740365,0.125862,10.8747,10.9589,0.0842,0.0
8704,12,29,16,tou,historically_calibrated,0.740365,0.125862,11.1952,11.2354,0.0402,0.0
8705,12,29,17,tou,historically_calibrated,0.740365,0.125862,11.8998,11.9076,0.0078,0.0
8706,12,29,18,tou,historically_calibrated,0.740365,0.125862,12.4367,12.4367,0.0,0.0
8707,12,29,19,tou,historically_calibrated,0.740365,0.125862,12.4543,12.4654,0.0,0.0111
8708,12,29,20,tou,historically_calibrated,0.740365,0.125862,12.3703,12.3814,0.0,0.0111
8709,12,29,21,tou,historically_calibrated,0.740365,0.125862,12.2679,12.2791,0.0,0.0111
8710,12,29,22,tou,historically_calibrated,0.740365,0.125862,11.8406,11.842,0.0,0.0014
8711,12,29,23,tou,historically_calibrated,0.740365,0.125862,11.459,11.4701,0.0,0.0111
8712,12,29,24,tou,historically_calibrated,0.740365,0.125862,9.2697,9.3073,0.0,0.0376
8713,12,30,1,tou,historically_calibrated,0.740365,0.125862,8.9364,8.9403,0.0,0.0038
8714,12,30,2,tou,historically_calibrated,0.740365,0.125862,8.9835,8.9842,0.0,0.0007
8715,12,30,3,tou,historically_calibrated,0.740365,0.125862,8.8647,8.8953,0.0,0.0306
8716,12,30,4,tou,historically_calibrated,0.740365,0.125862,8.8935,8.9241,0.0,0.0306
8717,12,30,5,tou,historically_calibrated,0.740365,0.125862,9.0273,9.0355,0.0,0.0081
8718,12,30,6,tou,historically_calibrated,0.740365,0.125862,9.3363,9.3363,0.0,0.0
8719,12,30,7,tou,historically_calibrated,0.740365,0.125862,11.6597,11.6679,0.0,0.0081
8720,12,30,8,tou,historically_calibrated,0.740365,0.125862,12.3842,12.3842,0.0,0.0
8721,12,30,9,tou,historically_calibrated,0.740365,0.125862,12.4099,12.4169,0.0013,0.0057
8722,12,30,10,tou,historically_calibrated,0.740365,0.125862,12.2232,12.2456,0.022,0.0003
8723,12,30,11,tou,historically_calibrated,0.740365,0.125862,11.5427,11.6091,0.0661,0.0003
8724,12,30,12,tou,historically_calibrated,0.740365,0.125862,10.608,10.7039,0.0959,0.0
8725,12,30,13,tou,historically_calibrated,0.740365,0.125862,9.6497,9.8219,0.1477,0.0245
8726,12,30,14,tou,historically_calibrated,0.740365,0.125862,9.5859,9.6629,0.0713,0.0057
8727,12,30,15,tou,historically_calibrated,0.740365,0.125862,9.8541,9.924,0.0661,0.0038
8728,12,30,16,tou,historically_calibrated,0.740365,0.125862,10.1262,10.1598,0.0298,0.0038
8729,12,30,17,tou,historically_calibrated,0.740365,0.125862,10.9441,10.948,0.0039,0.0
8730,12,30,18,tou,historically_calibrated,0.740365,0.125862,11.118,11.1181,0.0,0.0001
8731,12,30,19,tou,historically_calibrated,0.740365,0.125862,11.1837,11.1876,0.0,0.0038
8732,12,30,20,tou,historically_calibrated,0.740365,0.125862,11.2788,11.2826,0.0,0.0038
8733,12,30,21,tou,historically_calibrated,0.740365,0.125862,11.2625,11.2663,0.0,0.0038
8734,12,30,22,tou,historically_calibrated,0.740365,0.125862,10.9207,10.9207,0.0,0.0
8735,12,30,23,tou,historically_calibrated,0.740365,0.125862,10.583,10.5854,0.0,0.0024
8736,12,30,24,tou,historically_calibrated,0.740365,0.125862,8.5443,8.5591,0.0,0.0148
8737,12,31,1,tou,historically_calibrated,0.740365,0.125862,8.9866,8.9869,0.0,0.0003
8738,12,31,2,tou,historically_calibrated,0.740365,0.125862,9.0341,9.0341,0.0,0.0
8739,12,31,3,tou,historically_calibrated,0.740365,0.125862,8.88,8.8948,0.0,0.0148
8740,12,31,4,tou,historically_calibrated,0.740365,0.125862,8.9466,8.9614,0.0,0.0148
8741,12,31,5,tou,historically_calibrated,0.740365,0.125862,9.0269,9.0283,0.0,0.0014
8742,12,31,6,tou,historically_calibrated,0.740365,0.125862,9.3324,9.3324,0.0,0.0
8743,12,31,7,tou,historically_calibrated,0.740365,0.125862,11.6659,11.6673,0.0,0.0014
8744,12,31,8,tou,historically_calibrated,1.332657,0.226552,12.4187,12.4187,0.0,0.0
8745,12,31,9,tou,historically_calibrated,1.332657,0.226552,12.4969,12.4983,0.0,0.0014
8746,12,31,10,tou,historically_calibrated,1.332657,0.226552,12.3089,12.3219,0.013,0.0
8747,12,31,11,tou,historically_calibrated,1.332657,0.226552,11.5598,11.6,0.0402,0.0
8748,12,31,12,tou,historically_calibrated,1.332657,0.226552,10.577,10.6405,0.0635,0.0
8749,12,31,13,tou,historically_calibrated,1.332657,0.226552,9.6524,9.7448,0.0842,0.0081
8750,12,31,14,tou,historically_calibrated,1.332657,0.226552,9.4935,9.5642,0.07,0.0007
8751,12,31,15,tou,historically_calibrated,1.332657,0.226552,9.7688,9.8227,0.0531,0.0007
8752,12,31,16,tou,historically_calibrated,1.332657,0.226552,10.0145,10.0412,0.0259,0.0007
8753,12,31,17,tou,historically_calibrated,1.332657,0.226552,10.7951,10.799,0.0039,0.0
8754,12,31,18,tou,historically_calibrated,1.332657,0.226552,11.0099,11.0099,0.0,0.0
8755,12,31,19,tou,historically_calibrated,1.332657,0.226552,10.8919,10.8922,0.0,0.0003
8756,12,31,20,tou,historically_calibrated,1.332657,0.226552,11.0691,11.0694,0.0,0.0003
8757,12,31,21,tou,historically_calibrated,1.332657,0.226552,11.0869,11.0872,0.0,0.0003
8758,12,31,22,tou,historically_calibrated,1.332657,0.226552,11.2583,11.2583,0.0,0.0
8759,12,31,23,tou,historically_calibrated,0.740365,0.125862,11.8795,11.8798,0.0,0.0003
8760,12,31,24,tou,historically_calibrated,0.740365,0.125862,10.6245,10.6302,0.0,0.0057
